school_name,team_id,event,rank,time,swimmer,year,meet
Adams State,627,100 Back,1,51.63,Kenny Rupp,,Trinity University Tiger Invitational -
Adams State,627,100 Back,2,52.34,Devin Walters,,Trinity University Tiger Invitational -
Adams State,627,100 Back,3,53.43,Ben Brewer,,Trinity University Tiger Invitational -
Adams State,627,100 Back,4,58.79,Eric Branco,,Trinity University Tiger Invitational -
Adams State,627,100 Back,5,59.53,Quintin Cummings,,Intermountain Shootout -
Adams State,627,100 Back,6,1:03.01,Ollie MacIntosh,,Trinity University Tiger Invitational -
Adams State,627,100 Back,7,1:03.47,Quenten Madrid,,2026 Colorado College Classic
Adams State,627,100 Back,8,1:03.91,Duncan Cumby,,Intermountain Shootout -
Adams State,627,100 Breast,1,1:00.70,Keenan Johnson,,Trinity University Tiger Invitational -
Adams State,627,100 Breast,2,1:02.57,Victor Lebsock,,Trinity University Tiger Invitational -
Adams State,627,100 Breast,3,1:04.41,Ben Brewer,,2026 Colorado College Classic
Adams State,627,100 Breast,4,1:09.10,Oliver Mcintosh,,2025 Dan France Contl Divide-Day 1
Adams State,627,100 Breast,5,1:09.69,Quintin Cummings,,2026 Colorado College Classic
Adams State,627,100 Fly,1,51.32,Quintin Cummings,,Trinity University Tiger Invitational -
Adams State,627,100 Fly,2,51.56,Devin Walters,,Trinity University Tiger Invitational -
Adams State,627,100 Fly,3,54.34,Dillon Brown,,Trinity University Tiger Invitational -
Adams State,627,100 Fly,4,55.49,Kenny Rupp,,2026 Colorado College Classic
Adams State,627,100 Fly,5,57.45,Quenten Madrid,,Trinity University Tiger Invitational -
Adams State,627,100 Fly,6,58.39,Victor Lebsock,,Trinity University Tiger Invitational -
Adams State,627,100 Fly,7,58.97,Finn McFarland,,Trinity University Tiger Invitational -
Adams State,627,100 Fly,8,59.04,Zane Spears,,Colorado Mines vs. Adams State
Adams State,627,100 Fly,9,1:07.36,Garret Gabor,,Intermountain Shootout-Day 2 (Saturday)
Adams State,627,100 Free,1,47.41,Kenny Rupp,,2026 Colorado College Classic
Adams State,627,100 Free,2,48.22,Landon Brewer,,2026 Colorado College Classic
Adams State,627,100 Free,3,48.48,Quintin Cummings,,Trinity University Tiger Invitational -
Adams State,627,100 Free,4,49.43,Dillon Brown,,Trinity University Tiger Invitational -
Adams State,627,100 Free,5,50.22,Ben Brewer,,Trinity University Tiger Invitational -
Adams State,627,100 Free,6,50.48,Michael Eckley,,Trinity University Tiger Invitational -
Adams State,627,100 Free,7,50.57,Jess Baker,,Trinity University Tiger Invitational -
Adams State,627,100 Free,8,51.00,Victor Lebsock,,Intermountain Shootout-Day 2 (Saturday)
Adams State,627,100 Free,9,51.06,Devin Walters,,Intermountain Shootout-Day 2 (Saturday)
Adams State,627,100 Free,10,51.20,Zane Spears,,Trinity University Tiger Invitational -
Adams State,627,1000 Free,1,10:39.35,Finn McFarland,,2025 Dan France Contl Divide-Day 1
Adams State,627,1650 Free,1,17:03.38,Finn McFarland,,Trinity University Tiger Invitational -
Adams State,627,200 Back,1,1:52.97,Kenny Rupp,,Trinity University Tiger Invitational -
Adams State,627,200 Back,2,1:54.04,Devin Walters,,Trinity University Tiger Invitational -
Adams State,627,200 Back,3,1:55.00,Ben Brewer,,Trinity University Tiger Invitational -
Adams State,627,200 Back,4,2:16.08,Ollie MacIntosh,,Trinity University Tiger Invitational -
Adams State,627,200 Back,5,2:16.69,Oliver Mcintosh,,Dan France Contl Divide-Day 2
Adams State,627,200 Back,6,2:17.62,Duncan Cumby,,Dan France Contl Divide-Day 2
Adams State,627,200 Breast,1,2:16.43,Keenan Johnson,,Trinity University Tiger Invitational -
Adams State,627,200 Breast,2,2:19.32,Victor Lebsock,,Trinity University Tiger Invitational -
Adams State,627,200 Fly,1,2:06.36,Finn McFarland,,Trinity University Tiger Invitational -
Adams State,627,200 Fly,2,2:10.24,Devin Walters,,Colorado Mines vs. Adams State vs. CSU Pueblo
Adams State,627,200 Fly,3,2:12.23,Dillon Brown,,Colorado Mines vs. Adams State
Adams State,627,200 Free,1,1:42.59,Kenny Rupp,,Trinity University Tiger Invitational -
Adams State,627,200 Free,2,1:47.07,Quintin Cummings,,Intermountain Shootout -
Adams State,627,200 Free,3,1:49.97,Dillon Brown,,Trinity University Tiger Invitational -
Adams State,627,200 Free,4,1:50.22,Finn McFarland,,Trinity University Tiger Invitational -
Adams State,627,200 Free,5,1:51.58,Zane Spears,,Trinity University Tiger Invitational -
Adams State,627,200 Free,6,1:51.95,Devin Walters,,Colorado Mines vs. Adams State vs. CSU Pueblo
Adams State,627,200 Free,7,1:54.18,Jess Baker,,Trinity University Tiger Invitational -
Adams State,627,200 Free,8,1:55.89,Landon Brewer,,2026 Colorado College Classic
Adams State,627,200 Free,9,1:56.30,Michael Eckley,,Trinity University Tiger Invitational -
Adams State,627,200 Free,10,2:14.52,Garret Gabor,,Intermountain Shootout -
Adams State,627,200 Im,1,1:59.36,Ben Brewer,,Trinity University Tiger Invitational -
Adams State,627,200 Im,2,2:02.72,Victor Lebsock,,Trinity University Tiger Invitational -
Adams State,627,200 Im,3,2:03.70,Kenny Rupp,,2025 Dan France Contl Divide-Day 1
Adams State,627,200 Im,4,2:05.88,Keenan Johnson,,Trinity University Tiger Invitational -
Adams State,627,200 Im,5,2:09.70,Quintin Cummings,,2026 Colorado College Classic
Adams State,627,200 Im,6,2:10.56,Zane Spears,,2025 Dan France Contl Divide-Day 1
Adams State,627,200 Im,7,2:17.44,Finn McFarland,,Colorado Mines vs. Adams State vs. CSU Pueblo
Adams State,627,400 Im,1,4:19.92,Finn McFarland,,Trinity University Tiger Invitational -
Adams State,627,400 Im,2,4:25.80,Victor Lebsock,,Trinity University Tiger Invitational -
Adams State,627,50 Free,1,22.05,Kenny Rupp,,2026 Colorado College Classic
Adams State,627,50 Free,2,22.26,Landon Brewer,,2026 Colorado College Classic
Adams State,627,50 Free,3,22.33,Quintin Cummings,,2025 Dan France Contl Divide-Day 1
Adams State,627,50 Free,4,22.72,Devin Walters,,2026 Colorado College Classic
Adams State,627,50 Free,5,22.76,Michael Eckley,,Trinity University Tiger Invitational -
Adams State,627,50 Free,6,22.84,Dillon Brown,,Trinity University Tiger Invitational -
Adams State,627,50 Free,7,22.85,Jess Baker,,Trinity University Tiger Invitational -
Adams State,627,50 Free,8,22.99,Quenten Madrid,,Trinity University Tiger Invitational -
Adams State,627,50 Free,9,23.19,Keenan Johnson,,2025 Dan France Contl Divide-Day 1
Adams State,627,50 Free,10,23.45,Eric Branco,,Trinity University Tiger Invitational -
Adams State,627,500 Free,1,4:41.21,Kenny Rupp,,Trinity University Tiger Invitational -
Adams State,627,500 Free,2,4:47.29,Devin Walters,,Trinity University Tiger Invitational -
Adams State,627,500 Free,3,4:56.90,Finn McFarland,,Trinity University Tiger Invitational -
Adams State,627,500 Free,4,5:10.03,Zane Spears,,Trinity University Tiger Invitational -
Adams State,627,500 Free,5,5:38.74,Jess Baker,,Colorado Mines vs. Adams State vs. CSU Pueblo
Adelphi,442,100 Back,1,48.75,Ryan Kakimseit,,ECAC Winter Championship
Adelphi,442,100 Back,2,51.60,Tyler Thompson,,ECAC Winter Championship
Adelphi,442,100 Back,3,53.63,Thomas Koeppel,,ECAC Winter Championship
Adelphi,442,100 Back,4,54.90,Santiago Souberbielle,,Adelphi VS SUNY New Paltz
Adelphi,442,100 Back,5,56.45,Eric Slavin,,Bridgeport vs. Adelphi
Adelphi,442,100 Back,6,58.42,Zachary Taylor,,St. Joseph's vs. Adelphi
Adelphi,442,100 Back,7,58.77,Donte Mathelier,,ECAC Winter Championship
Adelphi,442,100 Breast,1,54.77,Connor Singer,,ECAC Winter Championship
Adelphi,442,100 Breast,2,55.83,Andrew Kravtsov,,ECAC Winter Championship
Adelphi,442,100 Breast,3,58.14,Francesco Brillante,,ECAC Winter Championship
Adelphi,442,100 Breast,4,59.36,Zachary Taylor,,ECAC Winter Championship
Adelphi,442,100 Breast,5,1:00.58,Tristan Weingarten,,Staten Island vs. Adelphi vs. Felician
Adelphi,442,100 Breast,6,1:03.03,Nils Forster,,Adelphi vs Assumption
Adelphi,442,100 Breast,7,1:04.83,Tyler Thompson,,St. Joseph's vs. Adelphi
Adelphi,442,100 Fly,1,49.79,Valerii Pidhoretskyy,,ECAC Winter Championship
Adelphi,442,100 Fly,2,49.99,Ryan Kakimseit,,ECAC Winter Championship
Adelphi,442,100 Fly,3,50.11,Jake Chee-A-Tow,,ECAC Winter Championship
Adelphi,442,100 Fly,4,53.20,Tyler Thompson,,Pace vs. Adelphi
Adelphi,442,100 Fly,5,53.36,Peter Gentilini,,ECAC Winter Championship
Adelphi,442,100 Fly,6,53.38,Eric Slavin,,ECAC Winter Championship
Adelphi,442,100 Fly,7,53.93,Francesco Brillante,,Staten Island vs. Adelphi vs. Felician
Adelphi,442,100 Fly,8,54.37,Luke Paragas,,ECAC Winter Championship
Adelphi,442,100 Fly,9,56.29,Donte Mathelier,,ECAC Winter Championship
Adelphi,442,100 Fly,10,57.68,Santiago Souberbielle,,ECAC Winter Championship
Adelphi,442,100 Free,1,45.24,Valerii Pidhoretskyy,,ECAC Winter Championship
Adelphi,442,100 Free,2,45.62,Tristan Weingarten,,ECAC Winter Championship
Adelphi,442,100 Free,3,47.93,Nils Forster,,ECAC Winter Championship
Adelphi,442,100 Free,4,48.17,Eric Slavin,,ECAC Winter Championship
Adelphi,442,100 Free,5,49.14,Ryan Kakimseit,,"WPI,Bentley, Adelphi, Felician"
Adelphi,442,100 Free,6,49.42,Jake Chee-A-Tow,,"WPI,Bentley, Adelphi, Felician"
Adelphi,442,100 Free,7,50.05,Francesco Brillante,,Pace vs. Adelphi
Adelphi,442,100 Free,8,50.29,Andrew Kravtsov,,ECAC Winter Championship
Adelphi,442,100 Free,9,50.51,Peter Gentilini,,ECAC Winter Championship
Adelphi,442,100 Free,10,50.53,Zachary Taylor,,Pace vs. Adelphi
Adelphi,442,1000 Free,1,10:07.53,Santiago Souberbielle,,ECAC Winter Championship
Adelphi,442,1000 Free,2,10:21.77,Gus Upchurch,,Staten Island vs. Adelphi vs. Felician
Adelphi,442,1000 Free,3,10:26.90,Tyler Thompson,,USMMA vs Adelphi
Adelphi,442,1000 Free,4,10:42.21,Nils Forster,,Adelphi VS SUNY New Paltz
Adelphi,442,1000 Free,5,10:47.13,Connor Singer,,St. Joseph's vs. Adelphi
Adelphi,442,1000 Free,6,10:58.19,Andrew Kravtsov,,Pace vs. Adelphi
Adelphi,442,1000 Free,7,11:08.92,Donte Mathelier,,ECAC Winter Championship
Adelphi,442,1000 Free,8,11:18.21,Justin Rivers,,ECAC Winter Championship
Adelphi,442,1000 Free,9,11:35.35,Luke Paragas,,USMMA vs Adelphi
Adelphi,442,1650 Free,1,16:40.32,Santiago Souberbielle,,ECAC Winter Championship
Adelphi,442,1650 Free,2,18:37.14,Donte Mathelier,,ECAC Winter Championship
Adelphi,442,1650 Free,3,19:06.89,Justin Rivers,,ECAC Winter Championship
Adelphi,442,200 Back,1,1:50.17,Ryan Kakimseit,,ECAC Winter Championship
Adelphi,442,200 Back,2,1:56.12,Santiago Souberbielle,,ECAC Winter Championship
Adelphi,442,200 Back,3,1:57.84,Thomas Koeppel,,ECAC Winter Championship
Adelphi,442,200 Breast,1,2:06.07,Connor Singer,,ECAC Winter Championship
Adelphi,442,200 Breast,2,2:10.13,Andrew Kravtsov,,ECAC Winter Championship
Adelphi,442,200 Breast,3,2:11.24,Francesco Brillante,,ECAC Winter Championship
Adelphi,442,200 Breast,4,2:12.81,Zachary Taylor,,ECAC Winter Championship
Adelphi,442,200 Fly,1,1:52.44,Tyler Thompson,,ECAC Winter Championship
Adelphi,442,200 Fly,2,1:53.35,Jake Chee-A-Tow,,ECAC Winter Championship
Adelphi,442,200 Fly,3,2:02.28,Luke Paragas,,ECAC Winter Championship
Adelphi,442,200 Fly,4,2:17.30,Justin Rivers,,ECAC Winter Championship
Adelphi,442,200 Free,1,1:41.41,Tristan Weingarten,,ECAC Winter Championship
Adelphi,442,200 Free,2,1:42.42,Valerii Pidhoretskyy,,ECAC Winter Championship
Adelphi,442,200 Free,3,1:47.57,Nils Forster,,ECAC Winter Championship
Adelphi,442,200 Free,4,1:48.48,Connor Singer,,ECAC Winter Championship
Adelphi,442,200 Free,5,1:48.81,Tyler Thompson,,St. Joseph's vs. Adelphi
Adelphi,442,200 Free,6,1:48.89,Jake Chee-A-Tow,,Staten Island vs. Adelphi vs. Felician
Adelphi,442,200 Free,7,1:52.62,Zachary Taylor,,Adelphi VS SUNY New Paltz
Adelphi,442,200 Free,8,1:54.04,Peter Gentilini,,Adelphi VS SUNY New Paltz
Adelphi,442,200 Free,9,1:54.72,Donte Mathelier,,Adelphi vs Assumption
Adelphi,442,200 Free,10,1:57.60,Luke Paragas,,Pace vs. Adelphi
Adelphi,442,200 Im,1,1:54.97,Ryan Kakimseit,,ECAC Winter Championship
Adelphi,442,200 Im,2,1:59.36,Francesco Brillante,,ECAC Winter Championship
Adelphi,442,200 Im,3,1:59.49,Tyler Thompson,,"WPI,Bentley, Adelphi, Felician"
Adelphi,442,200 Im,4,2:00.70,Tristan Weingarten,,"WPI,Bentley, Adelphi, Felician"
Adelphi,442,200 Im,5,2:04.24,Valerii Pidhoretskyy,,Adelphi VS SUNY New Paltz
Adelphi,442,200 Im,6,2:06.06,Thomas Koeppel,,ECAC Winter Championship
Adelphi,442,200 Im,7,2:10.61,Santiago Souberbielle,,USMMA vs Adelphi
Adelphi,442,200 Im,8,2:12.03,Zachary Taylor,,Adelphi vs Assumption
Adelphi,442,400 Im,1,4:07.74,Tyler Thompson,,ECAC Winter Championship
Adelphi,442,400 Im,2,4:14.91,Santiago Souberbielle,,ECAC Winter Championship
Adelphi,442,400 Im,3,4:21.74,Tristan Weingarten,,Staten Island vs. Adelphi vs. Felician
Adelphi,442,400 Im,4,4:39.34,Thomas Koeppel,,ECAC Winter Championship
Adelphi,442,400 Im,5,4:42.21,Connor Singer,,St. Joseph's vs. Adelphi
Adelphi,442,50 Free,1,20.21,Valerii Pidhoretskyy,,ECAC Winter Championship
Adelphi,442,50 Free,2,20.63,Tristan Weingarten,,ECAC Winter Championship
Adelphi,442,50 Free,3,21.62,Eric Slavin,,ECAC Winter Championship
Adelphi,442,50 Free,4,22.08,Nils Forster,,ECAC Winter Championship
Adelphi,442,50 Free,5,22.24,Peter Gentilini,,ECAC Winter Championship
Adelphi,442,50 Free,6,22.42,Andrew Kravtsov,,ECAC Winter Championship
Adelphi,442,50 Free,7,22.60,Zachary Taylor,,ECAC Winter Championship
Adelphi,442,50 Free,8,22.61,Donte Mathelier,,ECAC Winter Championship
Adelphi,442,50 Free,9,22.90,Francesco Brillante,,Adelphi VS SUNY New Paltz
Adelphi,442,50 Free,10,23.02,Elijah West,,Staten Island vs. Adelphi vs. Felician
Adelphi,442,500 Free,1,4:41.12,Tristan Weingarten,,ECAC Winter Championship
Adelphi,442,500 Free,2,4:45.02,Tyler Thompson,,ECAC Winter Championship
Adelphi,442,500 Free,3,4:49.04,Santiago Souberbielle,,ECAC Winter Championship
Adelphi,442,500 Free,4,4:54.23,Connor Singer,,ECAC Winter Championship
Adelphi,442,500 Free,5,4:59.40,Jake Chee-A-Tow,,ECAC Winter Championship
Adelphi,442,500 Free,6,5:02.35,Gus Upchurch,,Staten Island vs. Adelphi vs. Felician
Adelphi,442,500 Free,7,5:08.98,Nils Forster,,ECAC Winter Championship
Adelphi,442,500 Free,8,5:19.72,Luke Paragas,,Adelphi vs Assumption
Adelphi,442,500 Free,9,5:26.01,Donte Mathelier,,USMMA vs Adelphi
Adelphi,442,500 Free,10,5:26.08,Justin Rivers,,ECAC Winter Championship
Ashland,217,100 Back,1,50.48,Colin Pham,,Don Kimble Invitational
Ashland,217,100 Back,2,52.31,William Collins,,Don Kimble Invitational
Ashland,217,100 Back,3,55.16,Evan Kemp,,Ashland vs. Malone
Ashland,217,100 Back,4,55.73,Daniel Hammer,,Don Kimble Invitational
Ashland,217,100 Back,5,56.82,Granthem Brown,,Oberlin Early Invite
Ashland,217,100 Back,6,57.67,Trei Durstine,,Ashland vs. Malone
Ashland,217,100 Back,7,58.80,Lucas Leibrand,,Ashland vs. Malone
Ashland,217,100 Back,8,1:04.79,Nick Carcelli,,Findlay vs. Ashland
Ashland,217,100 Breast,1,57.57,Nicklaus Girz,,Don Kimble Invitational
Ashland,217,100 Breast,2,58.33,Jack Elliott,,Don Kimble Invitational
Ashland,217,100 Breast,3,58.45,Andrew Oates,,Don Kimble Invitational
Ashland,217,100 Breast,4,59.38,Cooper Young,,Don Kimble Invitational
Ashland,217,100 Breast,5,59.48,Ayden Mason,,Don Kimble Invitational
Ashland,217,100 Breast,6,1:00.56,Ethan Baker,,Don Kimble Invitational
Ashland,217,100 Breast,7,1:03.78,Alex Reynolds,,"Saginaw Valley vs Ashland, Hillsdale, & LSSU"
Ashland,217,100 Breast,8,1:07.89,Ryan Mohler,,"Saginaw Valley vs Ashland, Hillsdale, & LSSU"
Ashland,217,100 Breast,9,1:13.73,Josh Bachinsky,,"Saginaw Valley vs Ashland, Hillsdale, & LSSU"
Ashland,217,100 Fly,1,49.12,Evan Kemp,,Don Kimble Invitational
Ashland,217,100 Fly,2,51.72,Daniel Hammer,,Don Kimble Invitational
Ashland,217,100 Fly,3,51.72,Ryan McEvilly,,Don Kimble Invitational
Ashland,217,100 Fly,4,51.75,Cole Huebner,,Don Kimble Invitational
Ashland,217,100 Fly,5,52.31,Robin Falk,,Bluffton vs. Ohio Northern vs. Ashland
Ashland,217,100 Fly,6,52.62,Jack Elliott,,Don Kimble Invitational
Ashland,217,100 Fly,7,54.88,William Collins,,Ashland vs. Baldwin Wallace
Ashland,217,100 Fly,8,55.32,Nick Olquin,,"Saginaw Valley vs Ashland, Hillsdale, & LSSU"
Ashland,217,100 Fly,9,55.62,Ryan Mohler,,Ashland University vs Grove City
Ashland,217,100 Fly,10,57.03,Lucas Leibrand,,Don Kimble Invitational
Ashland,217,100 Free,1,46.03,Evan Kemp,,Don Kimble Invitational
Ashland,217,100 Free,2,46.12,Robin Falk,,Don Kimble Invitational
Ashland,217,100 Free,3,46.51,Nicklaus Girz,,Don Kimble Invitational
Ashland,217,100 Free,4,47.11,Cole Huebner,,Don Kimble Invitational
Ashland,217,100 Free,5,47.86,Trei Durstine,,Oberlin Early Invite
Ashland,217,100 Free,6,48.21,Andrew Oates,,Don Kimble Invitational
Ashland,217,100 Free,7,48.24,Ryan McEvilly,,Don Kimble Invitational
Ashland,217,100 Free,8,48.54,William Collins,,Oberlin Early Invite
Ashland,217,100 Free,9,49.06,Lincoln Shirley,,Don Kimble Invitational
Ashland,217,100 Free,10,50.34,Ayden Mason,,Ashland University vs. Mount Union
Ashland,217,1000 Free,1,10:01.87,Jason Basile,,Don Kimble Invitational
Ashland,217,1000 Free,2,10:19.70,Ryan Mohler,,Don Kimble Invitational
Ashland,217,1000 Free,3,10:20.04,Granthem Brown,,Ashland vs. Baldwin Wallace
Ashland,217,1000 Free,4,10:21.82,Nick Olquin,,Don Kimble Invitational
Ashland,217,1000 Free,5,10:24.13,Lincoln Shirley,,Don Kimble Invitational
Ashland,217,1000 Free,6,10:38.44,Jason Lenczyk,,Don Kimble Invitational
Ashland,217,1000 Free,7,10:54.22,Cesar Gabriel Quinto,,Ashland vs. Malone
Ashland,217,1000 Free,8,11:26.37,Grant Wallery,,Ashland vs. W&J
Ashland,217,1000 Free,9,11:50.23,Kaleb Pena,,"Saginaw Valley vs Ashland, Hillsdale, & LSSU"
Ashland,217,1650 Free,1,16:29.60,Jason Basile,,Don Kimble Invitational
Ashland,217,1650 Free,2,17:11.67,Ryan Mohler,,Don Kimble Invitational
Ashland,217,1650 Free,3,17:20.97,Granthem Brown,,Don Kimble Invitational
Ashland,217,1650 Free,4,17:21.83,Lincoln Shirley,,Don Kimble Invitational
Ashland,217,1650 Free,5,17:31.38,Nick Olquin,,Don Kimble Invitational
Ashland,217,1650 Free,6,18:07.95,Cesar Gabriel Quinto,,Ashland vs. Malone
Ashland,217,1650 Free,7,18:55.17,Jason Lenczyk,,Ashland vs. Malone
Ashland,217,1650 Free,8,20:18.74,Kaleb Pena,,Ashland vs. Malone
Ashland,217,200 Back,1,1:55.97,Colin Pham,,Don Kimble Invitational
Ashland,217,200 Back,2,1:56.96,William Collins,,Don Kimble Invitational
Ashland,217,200 Back,3,2:05.58,Granthem Brown,,Oberlin Early Invite
Ashland,217,200 Back,4,2:12.74,Trei Durstine,,Ashland University vs. Mount Union
Ashland,217,200 Back,5,2:13.31,Daniel Hammer,,Ashland University vs. Mount Union
Ashland,217,200 Back,6,2:17.90,Nick Carcelli,,Edinboro vs Ashland
Ashland,217,200 Breast,1,2:09.79,Cooper Young,,Don Kimble Invitational
Ashland,217,200 Breast,2,2:14.57,Ayden Mason,,Don Kimble Invitational
Ashland,217,200 Breast,3,2:16.42,Ethan Baker,,Don Kimble Invitational
Ashland,217,200 Breast,4,2:21.03,Nicklaus Girz,,Oberlin Early Invite
Ashland,217,200 Breast,5,2:24.63,Alex Reynolds,,Ashland University vs. Mount Union
Ashland,217,200 Fly,1,1:51.79,Evan Kemp,,Don Kimble Invitational
Ashland,217,200 Fly,2,1:55.82,Nick Olquin,,Don Kimble Invitational
Ashland,217,200 Fly,3,1:57.08,Daniel Hammer,,Don Kimble Invitational
Ashland,217,200 Fly,4,1:57.52,Ryan Mohler,,Don Kimble Invitational
Ashland,217,200 Fly,5,1:57.61,Cole Huebner,,Don Kimble Invitational
Ashland,217,200 Fly,6,2:06.53,Ryan McEvilly,,Ashland University vs. Mount Union
Ashland,217,200 Fly,7,2:08.05,Lucas Leibrand,,Ashland University vs Grove City
Ashland,217,200 Fly,8,2:10.35,Josh Bachinsky,,Don Kimble Invitational
Ashland,217,200 Free,1,1:41.36,Robin Falk,,Don Kimble Invitational
Ashland,217,200 Free,2,1:44.79,Nicklaus Girz,,Ashland University vs. Mount Union
Ashland,217,200 Free,3,1:45.54,Ryan Mohler,,Don Kimble Invitational
Ashland,217,200 Free,4,1:45.95,Nick Olquin,,Don Kimble Invitational
Ashland,217,200 Free,5,1:46.75,Lincoln Shirley,,Don Kimble Invitational
Ashland,217,200 Free,6,1:47.05,Granthem Brown,,Don Kimble Invitational
Ashland,217,200 Free,7,1:47.06,Evan Kemp,,Ashland vs. Baldwin Wallace
Ashland,217,200 Free,8,1:47.98,Jason Basile,,Don Kimble Invitational
Ashland,217,200 Free,9,1:48.23,Lucas Leibrand,,Don Kimble Invitational
Ashland,217,200 Free,10,1:49.29,Colin Pham,,Ashland vs. Baldwin Wallace
Ashland,217,200 Im,1,1:53.07,Evan Kemp,,Don Kimble Invitational
Ashland,217,200 Im,2,1:57.21,Robin Falk,,Ashland University vs. Mount Union
Ashland,217,200 Im,3,1:57.45,Nick Olquin,,Don Kimble Invitational
Ashland,217,200 Im,4,1:58.13,Colin Pham,,Don Kimble Invitational
Ashland,217,200 Im,5,1:58.83,Lucas Leibrand,,Don Kimble Invitational
Ashland,217,200 Im,6,1:59.44,Cooper Young,,Don Kimble Invitational
Ashland,217,200 Im,7,1:59.89,Ryan Mohler,,Don Kimble Invitational
Ashland,217,200 Im,8,2:01.36,William Collins,,Oberlin Early Invite
Ashland,217,200 Im,9,2:03.11,Daniel Hammer,,Don Kimble Invitational
Ashland,217,200 Im,10,2:03.51,Andrew Oates,,Ashland University vs. Mount Union
Ashland,217,400 Im,1,4:14.58,Ryan Mohler,,Don Kimble Invitational
Ashland,217,400 Im,2,4:15.24,Lucas Leibrand,,Don Kimble Invitational
Ashland,217,400 Im,3,4:15.58,Nick Olquin,,Don Kimble Invitational
Ashland,217,400 Im,4,4:34.27,Ayden Mason,,Don Kimble Invitational
Ashland,217,400 Im,5,4:37.80,Josh Bachinsky,,Don Kimble Invitational
Ashland,217,400 Im,6,5:05.18,Alex Reynolds,,Ashland vs. Baldwin Wallace
Ashland,217,50 Free,1,21.25,Nicklaus Girz,,Don Kimble Invitational
Ashland,217,50 Free,2,21.35,Trei Durstine,,Don Kimble Invitational
Ashland,217,50 Free,3,21.37,Cole Huebner,,Don Kimble Invitational
Ashland,217,50 Free,4,21.59,Andrew Oates,,Don Kimble Invitational
Ashland,217,50 Free,5,21.79,Jack Elliott,,Don Kimble Invitational
Ashland,217,50 Free,6,21.96,Robin Falk,,Ashland University vs. Mount Union
Ashland,217,50 Free,7,22.08,Evan Kemp,,Don Kimble Invitational
Ashland,217,50 Free,8,22.10,Colin Pham,,Ashland University vs Grove City
Ashland,217,50 Free,9,22.13,Ryan McEvilly,,Don Kimble Invitational
Ashland,217,50 Free,10,22.40,William Collins,,Edinboro vs Ashland
Ashland,217,500 Free,1,4:46.24,Jason Basile,,Don Kimble Invitational
Ashland,217,500 Free,2,4:48.30,Robin Falk,,Bluffton vs. Ohio Northern vs. Ashland
Ashland,217,500 Free,3,4:49.22,Granthem Brown,,Don Kimble Invitational
Ashland,217,500 Free,4,5:00.33,Jason Lenczyk,,Don Kimble Invitational
Ashland,217,500 Free,5,5:00.37,Lincoln Shirley,,Don Kimble Invitational
Ashland,217,500 Free,6,5:01.25,Colin Pham,,Oberlin Early Invite
Ashland,217,500 Free,7,5:12.27,Ryan McEvilly,,Oberlin Early Invite
Ashland,217,500 Free,8,5:21.88,Cesar Gabriel Quinto,,Ashland University vs Grove City
Ashland,217,500 Free,9,5:35.22,Grant Wallery,,Oberlin Early Invite
Ashland,217,500 Free,10,5:44.61,Kaleb Pena,,Ashland University vs. Mount Union
Assumption,564,100 Back,1,59.91,Kenny Guan,,Pace vs. Assumption vs. Mount Saint Mary (NY)
Assumption,564,100 Back,2,1:00.24,Sean Leary,,Harold Anderson Invitational
Assumption,564,100 Back,3,1:06.88,Xavier Tula,,Bentley vs. Assumption
Assumption,564,100 Back,4,1:06.88,Austin Hyer,,Worcester City Championships
Assumption,564,100 Back,5,1:41.76,Matt Williamson,,Pace vs. Assumption vs. Mount Saint Mary (NY)
Assumption,564,100 Breast,1,59.37,Kenny Guan,,Harold Anderson Invitational
Assumption,564,100 Breast,2,1:01.20,Sean Leary,,Harold Anderson Invitational
Assumption,564,100 Breast,3,1:03.47,Aidan Curry,,Harold Anderson Invitational
Assumption,564,100 Breast,4,1:05.84,Austin Hyer,,Worcester City Championships
Assumption,564,100 Breast,5,1:18.26,Gabriel Paiva,,Assumption vs Bridgeport
Assumption,564,100 Fly,1,56.19,Alex Morales,,Harold Anderson Invitational
Assumption,564,100 Fly,2,56.32,Kenny Guan,,Adelphi vs Assumption
Assumption,564,100 Fly,3,57.27,Austin Hyer,,Harold Anderson Invitational
Assumption,564,100 Fly,4,58.56,Xavier Tula,,Harold Anderson Invitational
Assumption,564,100 Fly,5,59.17,Sean Leary,,Worcester City Championships
Assumption,564,100 Free,1,49.09,Kenny Guan,,Harold Anderson Invitational
Assumption,564,100 Free,2,49.54,Alex Morales,,Harold Anderson Invitational
Assumption,564,100 Free,3,52.17,Aidan Curry,,Bentley vs. Assumption
Assumption,564,100 Free,4,53.06,Austin Hyer,,Worcester City Championships
Assumption,564,100 Free,5,1:01.16,Gabriel Paiva,,Assumption vs Bridgeport
Assumption,564,100 Free,6,1:07.81,Matt Williamson,,Harold Anderson Invitational
Assumption,564,1000 Free,1,11:49.95,Xavier Tula,,Pace vs. Assumption vs. Mount Saint Mary (NY)
Assumption,564,200 Back,1,2:13.62,Sean Leary,,Worcester City Championships
Assumption,564,200 Back,2,2:42.95,Xavier Tula,,Worcester City Championships
Assumption,564,200 Breast,1,2:14.29,Sean Leary,,Harold Anderson Invitational
Assumption,564,200 Breast,2,2:15.51,Austin Hyer,,Harold Anderson Invitational
Assumption,564,200 Breast,3,2:19.47,Kenny Guan,,Harold Anderson Invitational
Assumption,564,200 Fly,1,2:05.89,Sean Leary,,Pace vs. Assumption vs. Mount Saint Mary (NY)
Assumption,564,200 Fly,2,2:16.82,Xavier Tula,,Harold Anderson Invitational
Assumption,564,200 Fly,3,2:46.05,Kenny Guan,,Assumption vs Bridgeport
Assumption,564,200 Free,1,1:54.11,Sean Leary,,Adelphi vs Assumption
Assumption,564,200 Free,2,2:03.79,Aidan Curry,,Pace vs. Assumption vs. Mount Saint Mary (NY)
Assumption,564,200 Free,3,2:08.45,Xavier Tula,,Adelphi vs Assumption
Assumption,564,200 Free,4,2:20.71,Gabriel Paiva,,Bentley vs. Assumption
Assumption,564,200 Im,1,2:02.43,Sean Leary,,Harold Anderson Invitational
Assumption,564,200 Im,2,2:08.22,Austin Hyer,,Harold Anderson Invitational
Assumption,564,200 Im,3,2:22.00,Kenny Guan,,Assumption vs Bridgeport
Assumption,564,200 Im,4,2:29.36,Xavier Tula,,Worcester City Championships
Assumption,564,200 Im,5,2:32.37,Alex Morales,,Pace vs. Assumption vs. Mount Saint Mary (NY)
Assumption,564,400 Im,1,4:31.72,Sean Leary,,Worcester City Championships
Assumption,564,50 Free,1,21.59,Kenny Guan,,Harold Anderson Invitational
Assumption,564,50 Free,2,22.75,Alex Morales,,Harold Anderson Invitational
Assumption,564,50 Free,3,22.97,Aidan Curry,,Harold Anderson Invitational
Assumption,564,50 Free,4,24.55,Austin Hyer,,Pace vs. Assumption vs. Mount Saint Mary (NY)
Assumption,564,50 Free,5,24.66,Ronan Keenan,,Assumption vs Bridgeport
Assumption,564,50 Free,6,26.63,Gabriel Paiva,,Adelphi vs Assumption
Assumption,564,50 Free,7,27.94,Matt Williamson,,Harold Anderson Invitational
Assumption,564,500 Free,1,5:28.51,Xavier Tula,,Harold Anderson Invitational
Augustana (SD),10007690,100 Back,1,50.81,Peyton Bartsch,,Augie Winter Invitational
Augustana (SD),10007690,100 Back,2,50.87,Noah Mooney,,Augie Winter Invitational
Augustana (SD),10007690,100 Back,3,51.23,Mason Ward-Zeller,,Augie Winter Invitational
Augustana (SD),10007690,100 Back,4,51.32,Ethan Kinney,,Augie Winter Invitational
Augustana (SD),10007690,100 Back,5,52.34,Lincoln Ahrendt,,Augie Winter Invitational
Augustana (SD),10007690,100 Back,6,52.72,Braxton Steele,,Augustana vs. Omaha
Augustana (SD),10007690,100 Back,7,53.65,Isaac Rokusek,,Coyote Extravaganza
Augustana (SD),10007690,100 Back,8,55.06,Brad Infield,,Augustana vs. Saint Cloud Stat
Augustana (SD),10007690,100 Back,9,56.40,Owen Bartee,,Augie Winter Invitational
Augustana (SD),10007690,100 Back,10,56.90,Caden Sergeant,,Augie Winter Invitational
Augustana (SD),10007690,100 Breast,1,55.79,Simeon Stanoev,,Augie Winter Invitational
Augustana (SD),10007690,100 Breast,2,56.07,Noah Mayer,,Augie Winter Invitational
Augustana (SD),10007690,100 Breast,3,56.28,Mason Ward-Zeller,,Augustana vs. Omaha
Augustana (SD),10007690,100 Breast,4,57.03,Owen Bartee,,Augie Winter Invitational
Augustana (SD),10007690,100 Breast,5,58.06,YZ Yeap,,Augustana vs. Omaha
Augustana (SD),10007690,100 Breast,6,58.43,Yong Jie Yap,,Augie Winter Invitational
Augustana (SD),10007690,100 Breast,7,59.63,Dominic Hogin Serrato,,Augie Winter Invitational
Augustana (SD),10007690,100 Breast,8,1:01.92,Nathan Ainslie,,Augie Winter Invitational
Augustana (SD),10007690,100 Breast,9,1:02.28,Caden Sergeant,,Augie Winter Invitational
Augustana (SD),10007690,100 Breast,10,1:09.96,Gavin Macfarlane,,Coyote Extravaganza
Augustana (SD),10007690,100 Fly,1,49.85,Mason Ward-Zeller,,Augie Winter Invitational
Augustana (SD),10007690,100 Fly,2,50.14,Noah Mooney,,Augie Winter Invitational
Augustana (SD),10007690,100 Fly,3,50.49,Brad Infield,,Augie Winter Invitational
Augustana (SD),10007690,100 Fly,4,50.88,Peyton Bartsch,,Augie Winter Invitational
Augustana (SD),10007690,100 Fly,5,51.05,Braxton Steele,,Augie Winter Invitational
Augustana (SD),10007690,100 Fly,6,52.01,Noah Mayer,,Augie Winter Invitational
Augustana (SD),10007690,100 Fly,7,52.25,Ethan Kinney,,Augie Winter Invitational
Augustana (SD),10007690,100 Fly,8,52.69,Collin Wilcynski,,Augie Winter Invitational
Augustana (SD),10007690,100 Fly,9,52.89,Juan Moncada,,Augie Winter Invitational
Augustana (SD),10007690,100 Fly,10,54.14,Theo Tuunelis,,Augustana vs. Omaha
Augustana (SD),10007690,100 Free,1,45.14,Isaac Rokusek,,Augie Winter Invitational
Augustana (SD),10007690,100 Free,2,45.30,Peyton Bartsch,,Augie Winter Invitational
Augustana (SD),10007690,100 Free,3,46.19,Theo Tuunelis,,Augie Winter Invitational
Augustana (SD),10007690,100 Free,4,46.36,Collin Wilcynski,,Augie Winter Invitational
Augustana (SD),10007690,100 Free,5,46.78,Juan Moncada,,Augie Winter Invitational
Augustana (SD),10007690,100 Free,6,47.78,Henry Lasher,,Augie Winter Invitational
Augustana (SD),10007690,100 Free,7,48.35,Ethan Kinney,,Augie Winter Invitational
Augustana (SD),10007690,100 Free,8,48.38,Sy Pizzolato,,Augie Winter Invitational
Augustana (SD),10007690,100 Free,9,48.54,Yong Jie Yap,,Augie Winter Invitational
Augustana (SD),10007690,100 Free,10,50.26,Braxton Steele,,South Dakota vs. Minnesota State vs. Augustana
Augustana (SD),10007690,1000 Free,1,9:37.41,Sy Pizzolato,,Augustana vs. Omaha
Augustana (SD),10007690,1000 Free,2,10:05.16,Will Kotalik,,Augie Winter Invitational
Augustana (SD),10007690,1000 Free,3,10:23.41,Brady Snetselaar,,South Dakota State vs. Augustana (SD)
Augustana (SD),10007690,1000 Free,4,10:32.73,Juan Moncada,,South Dakota vs. Minnesota State vs. Augustana
Augustana (SD),10007690,1000 Free,5,10:48.32,Nathan Ainslie,,Augie Winter Invitational
Augustana (SD),10007690,1650 Free,1,16:06.90,Sy Pizzolato,,Augie Winter Invitational
Augustana (SD),10007690,1650 Free,2,17:51.15,Nathan Ainslie,,Augie Winter Invitational
Augustana (SD),10007690,1650 Free,3,18:02.25,Will Kotalik,,Augie Winter Invitational
Augustana (SD),10007690,200 Back,1,1:51.94,Noah Mooney,,Augie Winter Invitational
Augustana (SD),10007690,200 Back,2,1:52.99,Lincoln Ahrendt,,Augie Winter Invitational
Augustana (SD),10007690,200 Back,3,1:59.54,Brady Snetselaar,,Augie Winter Invitational
Augustana (SD),10007690,200 Back,4,2:02.18,Theo Tuunelis,,South Dakota vs. Minnesota State vs. Augustana
Augustana (SD),10007690,200 Back,5,2:06.03,Caden Sergeant,,Augustana vs. Saint Cloud Stat
Augustana (SD),10007690,200 Back,6,2:08.04,Braxton Steele,,Augustana vs. Saint Cloud Stat
Augustana (SD),10007690,200 Back,7,2:08.29,Ethan Kinney,,South Dakota vs. Minnesota State vs. Augustana
Augustana (SD),10007690,200 Breast,1,2:04.99,Simeon Stanoev,,Augie Winter Invitational
Augustana (SD),10007690,200 Breast,2,2:05.29,Noah Mayer,,Augie Winter Invitational
Augustana (SD),10007690,200 Breast,3,2:06.71,Yong Jie Yap,,Augie Winter Invitational
Augustana (SD),10007690,200 Breast,4,2:07.03,Mason Ward-Zeller,,Augustana vs. Saint Cloud Stat
Augustana (SD),10007690,200 Breast,5,2:09.51,Owen Bartee,,Augie Winter Invitational
Augustana (SD),10007690,200 Breast,6,2:11.82,Dominic Hogin Serrato,,Augie Winter Invitational
Augustana (SD),10007690,200 Breast,7,2:13.38,YZ Yeap,,South Dakota vs. Minnesota State vs. Augustana
Augustana (SD),10007690,200 Breast,8,2:16.25,Nathan Ainslie,,Augustana vs. Saint Cloud Stat
Augustana (SD),10007690,200 Breast,9,2:17.47,Juan Moncada,,South Dakota vs. Minnesota State vs. Augustana
Augustana (SD),10007690,200 Breast,10,2:17.88,Caden Sergeant,,Augie Winter Invitational
Augustana (SD),10007690,200 Fly,1,1:52.51,Juan Moncada,,Augie Winter Invitational
Augustana (SD),10007690,200 Fly,2,1:53.31,Brad Infield,,Augie Winter Invitational
Augustana (SD),10007690,200 Fly,3,1:53.62,Sy Pizzolato,,Augie Winter Invitational
Augustana (SD),10007690,200 Fly,4,1:55.40,Mason Ward-Zeller,,Augie Winter Invitational
Augustana (SD),10007690,200 Fly,5,1:58.72,Braxton Steele,,Augie Winter Invitational
Augustana (SD),10007690,200 Fly,6,2:00.78,Brady Snetselaar,,Augustana vs. Omaha
Augustana (SD),10007690,200 Free,1,1:40.03,Theo Tuunelis,,Augie Winter Invitational
Augustana (SD),10007690,200 Free,2,1:41.29,Isaac Rokusek,,Augie Winter Invitational
Augustana (SD),10007690,200 Free,3,1:44.15,Will Kotalik,,Augustana vs. Omaha
Augustana (SD),10007690,200 Free,4,1:45.13,Collin Wilcynski,,Augustana vs. Omaha
Augustana (SD),10007690,200 Free,5,1:47.65,Henry Lasher,,Augustana vs. Omaha
Augustana (SD),10007690,200 Free,6,1:48.33,YZ Yeap,,South Dakota vs. Minnesota State vs. Augustana
Augustana (SD),10007690,200 Free,7,1:49.21,Brady Snetselaar,,Augustana vs. Saint Cloud Stat
Augustana (SD),10007690,200 Free,8,1:50.47,Sy Pizzolato,,Beagle Bunch versus The World
Augustana (SD),10007690,200 Free,9,1:54.90,Nathan Ainslie,,Beagle Bunch versus The World
Augustana (SD),10007690,200 Free,10,1:57.32,Lincoln Ahrendt,,Coyote Extravaganza
Augustana (SD),10007690,200 Im,1,1:50.68,Mason Ward-Zeller,,Augie Winter Invitational
Augustana (SD),10007690,200 Im,2,1:51.07,Isaac Rokusek,,Augie Winter Invitational
Augustana (SD),10007690,200 Im,3,1:51.88,Juan Moncada,,Augie Winter Invitational
Augustana (SD),10007690,200 Im,4,1:52.47,Noah Mooney,,Augie Winter Invitational
Augustana (SD),10007690,200 Im,5,1:55.00,Theo Tuunelis,,Augie Winter Invitational
Augustana (SD),10007690,200 Im,6,1:55.50,Brad Infield,,Augie Winter Invitational
Augustana (SD),10007690,200 Im,7,1:57.72,YZ Yeap,,Augustana vs. Saint Cloud Stat
Augustana (SD),10007690,200 Im,8,1:58.33,Lincoln Ahrendt,,Augie Winter Invitational
Augustana (SD),10007690,200 Im,9,1:59.07,Simeon Stanoev,,Augie Winter Invitational
Augustana (SD),10007690,200 Im,10,2:00.20,Braxton Steele,,Augie Winter Invitational
Augustana (SD),10007690,400 Im,1,4:02.38,Juan Moncada,,Augie Winter Invitational
Augustana (SD),10007690,400 Im,2,4:06.91,Sy Pizzolato,,Augie Winter Invitational
Augustana (SD),10007690,400 Im,3,4:15.36,Brad Infield,,Augie Winter Invitational
Augustana (SD),10007690,400 Im,4,4:19.00,YZ Yeap,,Coyote Extravaganza
Augustana (SD),10007690,400 Im,5,4:23.02,Will Kotalik,,Coyote Extravaganza
Augustana (SD),10007690,50 Free,1,20.25,Peyton Bartsch,,Augie Winter Invitational
Augustana (SD),10007690,50 Free,2,21.03,Noah Mooney,,Augustana vs. Saint Cloud Stat
Augustana (SD),10007690,50 Free,3,21.24,Collin Wilcynski,,Augie Winter Invitational
Augustana (SD),10007690,50 Free,4,21.26,Theo Tuunelis,,Augie Winter Invitational
Augustana (SD),10007690,50 Free,5,21.34,Isaac Rokusek,,Augustana vs. Omaha
Augustana (SD),10007690,50 Free,6,21.60,Ethan Kinney,,Augustana vs. Omaha
Augustana (SD),10007690,50 Free,7,21.97,Owen Bartee,,Augie Winter Invitational
Augustana (SD),10007690,50 Free,8,22.12,Noah Mayer,,Augie Winter Invitational
Augustana (SD),10007690,50 Free,9,22.14,Dominic Hogin Serrato,,Augie Winter Invitational
Augustana (SD),10007690,50 Free,10,22.23,Braxton Steele,,Augie Winter Invitational
Augustana (SD),10007690,500 Free,1,4:39.44,Sy Pizzolato,,Augie Winter Invitational
Augustana (SD),10007690,500 Free,2,4:41.70,Juan Moncada,,Augie Winter Invitational
Augustana (SD),10007690,500 Free,3,4:47.29,Will Kotalik,,Augie Winter Invitational
Augustana (SD),10007690,500 Free,4,4:50.90,Brady Snetselaar,,Augie Winter Invitational
Augustana (SD),10007690,500 Free,5,5:09.35,Nathan Ainslie,,Augie Winter Invitational
Augustana (SD),10007690,500 Free,6,5:12.97,Henry Lasher,,Coyote Extravaganza
Barry,10034633,100 Back,1,50.72,Gabriel Vidotti,,Nova Southeastern vs Barry vs Florida Southern vs Miami
Barry,10034633,100 Back,2,55.09,Efe Ertuzun,,Nova Southeastern vs. St. Thomas (FL) vs. Barry
Barry,10034633,100 Back,3,55.77,Kaemon Fagley,,IRSC vs Barry
Barry,10034633,100 Back,4,58.25,Balazs Meszaros,,Florida Tech Classic
Barry,10034633,100 Back,5,1:01.55,Diego Diaz,,IRSC vs Barry
Barry,10034633,100 Breast,1,56.24,Wiktor Wisniewski,,Nova Southeastern vs Barry vs Florida Southern vs Miami
Barry,10034633,100 Breast,2,58.77,Balazs Meszaros,,IRSC vs Barry
Barry,10034633,100 Breast,3,58.80,Efe Ertuzun,,IRSC vs Barry
Barry,10034633,100 Breast,4,1:00.24,Jacob McElroy,,NSU Shark Invite
Barry,10034633,100 Breast,5,1:01.18,Griffin Garnot,,NSU Shark Invite
Barry,10034633,100 Fly,1,49.11,Samuel Guerra,,Nova Southeastern vs Barry vs Florida Southern vs Miami
Barry,10034633,100 Fly,2,51.11,Robin Tatar,,IRSC vs Barry
Barry,10034633,100 Fly,3,51.76,Balazs Meszaros,,IRSC vs Barry
Barry,10034633,100 Fly,4,52.91,Efe Ertuzun,,Florida Tech Classic
Barry,10034633,100 Fly,5,53.30,Sebastian Greisen,,Nova Southeastern vs. St. Thomas (FL) vs. Barry
Barry,10034633,100 Fly,6,55.24,Matthew McLean,,BarryU vs. Bowling Green vs Simon Fraser
Barry,10034633,100 Fly,7,56.30,Wiktor Wisniewski,,IRSC vs Barry
Barry,10034633,100 Fly,8,57.95,Collin Perri,,IRSC vs Barry
Barry,10034633,100 Fly,9,59.47,Kaemon Fagley,,Lynn vs. Barry
Barry,10034633,100 Free,1,45.67,Sebastian Greisen,,Nova Southeastern vs Barry vs Florida Southern vs Miami
Barry,10034633,100 Free,2,46.57,Gabriel Vidotti,,AMU vs. Barry vs. Life vs. New College
Barry,10034633,100 Free,3,46.83,Samuel Guerra,,Nova Southeastern vs Barry vs Florida Southern vs Miami
Barry,10034633,100 Free,4,48.28,Mitchell Cullen,,IRSC vs Barry
Barry,10034633,100 Free,5,49.52,Matthew McLean,,IRSC vs Barry
Barry,10034633,100 Free,6,50.25,Collin Perri,,IRSC vs Barry
Barry,10034633,100 Free,7,50.55,Kaemon Fagley,,NSU Shark Invite
Barry,10034633,100 Free,8,50.65,Griffin Garnot,,NSU Shark Invite
Barry,10034633,100 Free,9,50.80,Cris Vien,,IRSC vs Barry
Barry,10034633,100 Free,10,52.11,Diego Diaz,,NSU Shark Invite
Barry,10034633,1000 Free,1,9:23.44,Teo Puig,,Nova Southeastern vs Barry vs Florida Southern vs Miami
Barry,10034633,1000 Free,2,9:54.71,Matthew McLean,,IRSC vs Barry
Barry,10034633,1000 Free,3,10:11.86,Mitchell Cullen,,Nova Southeastern vs Barry vs Florida Southern vs Miami
Barry,10034633,1000 Free,4,11:01.70,Cris Vien,,Rollins Vs Barry
Barry,10034633,1650 Free,1,16:45.67,Matthew McLean,,NSU Shark Invite
Barry,10034633,1650 Free,2,17:01.76,Mitchell Cullen,,NSU Shark Invite
Barry,10034633,1650 Free,3,18:30.35,Cris Vien,,NSU Shark Invite
Barry,10034633,200 Back,1,1:50.85,Gabriel Vidotti,,Nova Southeastern vs Barry vs Florida Southern vs Miami
Barry,10034633,200 Back,2,2:04.71,Mitchell Cullen,,Rollins Vs Barry
Barry,10034633,200 Back,3,2:06.59,Balazs Meszaros,,Rollins Vs Barry
Barry,10034633,200 Breast,1,1:59.23,Wiktor Wisniewski,,Nova Southeastern vs Barry vs Florida Southern vs Miami
Barry,10034633,200 Breast,2,2:05.89,Jacob McElroy,,NSU Shark Invite
Barry,10034633,200 Breast,3,2:07.68,Balazs Meszaros,,NSU Shark Invite
Barry,10034633,200 Breast,4,2:10.29,Efe Ertuzun,,NSU Shark Invite
Barry,10034633,200 Fly,1,1:54.20,Robin Tatar,,IRSC vs Barry
Barry,10034633,200 Fly,2,1:55.54,Matthew McLean,,IRSC vs Barry
Barry,10034633,200 Fly,3,2:04.82,Efe Ertuzun,,St. Thomas (FL) vs. Barry
Barry,10034633,200 Free,1,1:39.27,Sebastian Greisen,,Nova Southeastern vs Barry vs Florida Southern vs Miami
Barry,10034633,200 Free,2,1:44.97,Matthew McLean,,IRSC vs Barry
Barry,10034633,200 Free,3,1:45.33,Mitchell Cullen,,NSU Shark Invite
Barry,10034633,200 Free,4,1:45.40,Balazs Meszaros,,Nova Southeastern vs Barry vs Florida Southern vs Miami
Barry,10034633,200 Free,5,1:45.75,Robin Tatar,,NSU Shark Invite
Barry,10034633,200 Free,6,1:48.74,Wiktor Wisniewski,,St. Thomas (FL) vs. Barry
Barry,10034633,200 Free,7,1:49.98,Collin Perri,,IRSC vs Barry
Barry,10034633,200 Free,8,1:50.83,Efe Ertuzun,,AMU vs. Barry vs. Life vs. New College
Barry,10034633,200 Free,9,1:52.35,Cris Vien,,IRSC vs Barry
Barry,10034633,200 Free,10,1:53.29,Jacob McElroy,,IRSC vs Barry
Barry,10034633,200 Im,1,1:53.41,Efe Ertuzun,,IRSC vs Barry
Barry,10034633,200 Im,2,1:54.40,Wiktor Wisniewski,,Nova Southeastern vs Barry vs Florida Southern vs Miami
Barry,10034633,200 Im,3,1:55.13,Balazs Meszaros,,NSU Shark Invite
Barry,10034633,200 Im,4,2:00.94,Robin Tatar,,NSU Shark Invite
Barry,10034633,200 Im,5,2:01.40,Jacob McElroy,,NSU Shark Invite
Barry,10034633,200 Im,6,2:10.70,Griffin Garnot,,IRSC vs Barry
Barry,10034633,400 Im,1,4:04.93,Efe Ertuzun,,IRSC vs Barry
Barry,10034633,400 Im,2,4:09.48,Wiktor Wisniewski,,IRSC vs Barry
Barry,10034633,50 Free,1,21.14,Sebastian Greisen,,IRSC vs Barry
Barry,10034633,50 Free,2,21.58,Gabriel Vidotti,,St. Thomas (FL) vs. Barry
Barry,10034633,50 Free,3,21.62,Samuel Guerra,,Nova Southeastern vs Barry vs Florida Southern vs Miami
Barry,10034633,50 Free,4,21.83,Kaemon Fagley,,IRSC vs Barry
Barry,10034633,50 Free,5,22.20,Griffin Garnot,,IRSC vs Barry
Barry,10034633,50 Free,6,22.31,Balazs Meszaros,,Nova Southeastern vs. St. Thomas (FL) vs. Barry
Barry,10034633,50 Free,7,22.38,Matthew McLean,,NSU Shark Invite
Barry,10034633,50 Free,8,22.45,Robin Tatar,,IRSC vs Barry
Barry,10034633,50 Free,9,23.16,Mitchell Cullen,,IRSC vs Barry
Barry,10034633,50 Free,10,23.49,Collin Perri,,Nova Southeastern vs Barry vs Florida Southern vs Miami
Barry,10034633,500 Free,1,4:35.50,Teo Puig,,Nova Southeastern vs Barry vs Florida Southern vs Miami
Barry,10034633,500 Free,2,4:37.98,Sebastian Greisen,,IRSC vs Barry
Barry,10034633,500 Free,3,4:41.89,Matthew McLean,,NSU Shark Invite
Barry,10034633,500 Free,4,4:50.19,Mitchell Cullen,,IRSC vs Barry
Barry,10034633,500 Free,5,4:58.96,Collin Perri,,IRSC vs Barry
Barry,10034633,500 Free,6,5:16.21,Cris Vien,,AMU vs. Barry vs. Life vs. New College
Barton,10008686,100 Back,1,52.15,Ethan Koekemoer,,King Invitational
Barton,10008686,100 Back,2,1:06.77,Chase Anderson,,East Carolina vs. Lynchburg vs. Barton
Barton,10008686,100 Breast,1,55.96,Natan Mometto,,King Invitational
Barton,10008686,100 Breast,2,1:00.08,Dominic Edl,,King Invitational
Barton,10008686,100 Breast,3,1:03.50,Morgan Cassell,,King Invitational
Barton,10008686,100 Fly,1,56.39,Morgan Cassell,,King Invitational
Barton,10008686,100 Fly,2,59.38,Dominic Edl,,East Carolina vs. Lynchburg vs. Barton
Barton,10008686,100 Fly,3,59.83,Chris Kafitz,,King Invitational
Barton,10008686,100 Free,1,46.66,Ethan Robinson,,King Invitational
Barton,10008686,100 Free,2,55.85,Chase Anderson,,East Carolina vs. Lynchburg vs. Barton
Barton,10008686,100 Free,3,56.81,Kasey Barcroft,,King Invitational
Barton,10008686,100 Free,4,1:02.12,Taylen Avant,,Converse vs. UNCP/Barton/Chowan
Barton,10008686,1000 Free,1,11:07.25,Chris Kafitz,,Barton vs. Chowan
Barton,10008686,1650 Free,1,19:01.54,Chris Kafitz,,Converse vs. UNCP/Barton/Chowan
Barton,10008686,200 Back,1,1:57.34,Ethan Koekemoer,,King Invitational
Barton,10008686,200 Breast,1,2:06.13,Natan Mometto,,King Invitational
Barton,10008686,200 Breast,2,2:15.70,Chris Kafitz,,King Invitational
Barton,10008686,200 Breast,3,2:16.69,Dominic Edl,,Barton vs. Chowan
Barton,10008686,200 Breast,4,2:30.93,Morgan Cassell,,King Invitational
Barton,10008686,200 Free,1,1:44.14,Ethan Robinson,,King Invitational
Barton,10008686,200 Free,2,1:55.96,Chris Kafitz,,VWU vs Chowan Univ vs Barton College
Barton,10008686,200 Free,3,2:07.59,Chase Anderson,,Converse vs. UNCP/Barton/Chowan
Barton,10008686,200 Im,1,1:57.09,Natan Mometto,,King Invitational
Barton,10008686,200 Im,2,2:01.38,Dominic Edl,,King Invitational
Barton,10008686,200 Im,3,2:22.28,Morgan Cassell,,Barton vs. Chowan
Barton,10008686,400 Im,1,4:26.51,Chris Kafitz,,King Invitational
Barton,10008686,400 Im,2,4:31.22,Dominic Edl,,East Carolina vs. Lynchburg vs. Barton
Barton,10008686,50 Free,1,21.38,Ethan Robinson,,King Invitational
Barton,10008686,50 Free,2,22.28,Ethan Koekemoer,,King Invitational
Barton,10008686,50 Free,3,25.02,Chase Anderson,,East Carolina vs. Lynchburg vs. Barton
Barton,10008686,50 Free,4,25.08,Taylen Avant,,Barton vs. Chowan
Barton,10008686,50 Free,5,25.08,Kasey Barcroft,,Barton vs. Chowan
Barton,10008686,50 Free,6,27.80,Aaron Mowatt,,Converse vs. UNCP/Barton/Chowan
Barton,10008686,500 Free,1,5:06.43,Chris Kafitz,,King Invitational
Bentley,225,100 Back,1,50.77,Matt Walden,,Gompei Invitational
Bentley,225,100 Back,2,53.20,Daniel Ivanchikov,,Bentley vs. Assumption
Bentley,225,100 Back,3,54.83,Jakub Zukowski,,Gompei Invitational
Bentley,225,100 Back,4,55.02,Danny Lehr,,"WPI,Bentley, Adelphi, Felician"
Bentley,225,100 Back,5,55.41,Alex Yurkewicz,,Gompei Invitational
Bentley,225,100 Back,6,55.97,Leighton Wielgoszinski,,Gompei Invitational
Bentley,225,100 Back,7,56.66,Moose Keliher,,"WPI,Bentley, Adelphi, Felician"
Bentley,225,100 Back,8,57.67,Ryan Fogel,,Gompei Invitational
Bentley,225,100 Back,9,1:02.46,Sawyer Lisowski,,Gompei Invitational
Bentley,225,100 Back,10,1:04.50,Chris Fahlman,,Bentley vs Keene State
Bentley,225,100 Breast,1,59.45,Thomas Miele,,Gompei Invitational
Bentley,225,100 Breast,2,1:01.75,Alex Yurkewicz,,Gompei Invitational
Bentley,225,100 Breast,3,1:02.81,Anders Savage,,Gompei Invitational
Bentley,225,100 Breast,4,1:03.16,Samuel White,,Gompei Invitational
Bentley,225,100 Breast,5,1:04.28,Chris Fahlman,,Gompei Invitational
Bentley,225,100 Breast,6,1:05.27,Rayan Anvari,,Gompei Invitational
Bentley,225,100 Breast,7,1:08.30,Jake Bender,,"WPI,Bentley, Adelphi, Felician"
Bentley,225,100 Breast,8,1:10.01,CJ Eaton,,Gompei Invitational
Bentley,225,100 Breast,9,1:13.87,Jack Coscia,,Bentley vs Keene State
Bentley,225,100 Fly,1,51.52,Ethan Rehkopf,,Gompei Invitational
Bentley,225,100 Fly,2,51.64,Daniel Ivanchikov,,"WPI,Bentley, Adelphi, Felician"
Bentley,225,100 Fly,3,51.66,Zach Ellis,,Gompei Invitational
Bentley,225,100 Fly,4,52.55,Jake Bender,,Gompei Invitational
Bentley,225,100 Fly,5,52.79,Jack Meekins,,Gompei Invitational
Bentley,225,100 Fly,6,53.58,Brian Garvey,,Gompei Invitational
Bentley,225,100 Fly,7,54.43,Jack Coscia,,Gompei Invitational
Bentley,225,100 Fly,8,55.00,Matt Walden,,Bentley vs Keene State
Bentley,225,100 Fly,9,55.59,Danny Lehr,,Saint Michael's vs. Bentley
Bentley,225,100 Fly,10,56.11,Ryan Fogel,,Gompei Invitational
Bentley,225,100 Free,1,46.93,Daniel Ivanchikov,,Gompei Invitational
Bentley,225,100 Free,2,47.10,Jack Meekins,,Gompei Invitational
Bentley,225,100 Free,3,47.37,Ethan Rehkopf,,Gompei Invitational
Bentley,225,100 Free,4,47.65,Jakub Zukowski,,Gompei Invitational
Bentley,225,100 Free,5,48.14,Alex Kosel,,Gompei Invitational
Bentley,225,100 Free,6,48.16,Zach Ellis,,Gompei Invitational
Bentley,225,100 Free,7,48.25,Thomas Miele,,Gompei Invitational
Bentley,225,100 Free,8,48.40,Leighton Wielgoszinski,,Gompei Invitational
Bentley,225,100 Free,9,48.90,Jules Rouyer,,Gompei Invitational
Bentley,225,100 Free,10,48.98,Chris Fahlman,,Gompei Invitational
Bentley,225,1000 Free,1,9:47.69,Leighton Wielgoszinski,,Gompei Invitational
Bentley,225,1000 Free,2,10:19.85,Chris Fahlman,,"WPI,Bentley, Adelphi, Felician"
Bentley,225,1000 Free,3,10:23.30,Alex Kosel,,Babson College v Bentley University
Bentley,225,1000 Free,4,10:42.04,CJ Eaton,,Gompei Invitational
Bentley,225,1000 Free,5,11:00.05,Scott Kessel,,Gompei Invitational
Bentley,225,1000 Free,6,11:10.35,Stephen Calabro,,"Wheaton vs. Bentley, Wellesley"
Bentley,225,1000 Free,7,11:25.92,Sawyer Lisowski,,Gompei Invitational
Bentley,225,1650 Free,1,16:22.87,Leighton Wielgoszinski,,Gompei Invitational
Bentley,225,1650 Free,2,17:58.52,CJ Eaton,,Gompei Invitational
Bentley,225,1650 Free,3,18:08.67,Scott Kessel,,Gompei Invitational
Bentley,225,1650 Free,4,18:47.42,Sawyer Lisowski,,Gompei Invitational
Bentley,225,200 Back,1,1:50.38,Matt Walden,,Gompei Invitational
Bentley,225,200 Back,2,1:57.10,Alex Yurkewicz,,Gompei Invitational
Bentley,225,200 Back,3,1:58.78,Daniel Ivanchikov,,Saint Michael's vs. Bentley
Bentley,225,200 Back,4,2:03.67,Moose Keliher,,"WPI,Bentley, Adelphi, Felician"
Bentley,225,200 Back,5,2:03.71,Jakub Zukowski,,Gompei Invitational
Bentley,225,200 Back,6,2:07.26,Ryan Fogel,,Gompei Invitational
Bentley,225,200 Back,7,2:20.46,Chris Fahlman,,"Wheaton vs. Bentley, Wellesley"
Bentley,225,200 Breast,1,2:17.26,Thomas Miele,,Gompei Invitational
Bentley,225,200 Breast,2,2:19.91,Samuel White,,Gompei Invitational
Bentley,225,200 Breast,3,2:20.14,Anders Savage,,Gompei Invitational
Bentley,225,200 Breast,4,2:21.75,Scott Kessel,,"WPI,Bentley, Adelphi, Felician"
Bentley,225,200 Breast,5,2:23.96,Alex Yurkewicz,,"Wheaton vs. Bentley, Wellesley"
Bentley,225,200 Breast,6,2:24.65,Casey Whittaker,,"WPI,Bentley, Adelphi, Felician"
Bentley,225,200 Breast,7,2:30.81,Jake Bender,,"WPI,Bentley, Adelphi, Felician"
Bentley,225,200 Breast,8,2:36.40,Rayan Anvari,,"Wheaton vs. Bentley, Wellesley"
Bentley,225,200 Fly,1,1:53.06,Daniel Ivanchikov,,Gompei Invitational
Bentley,225,200 Fly,2,1:58.06,Zach Ellis,,Gompei Invitational
Bentley,225,200 Fly,3,2:00.50,Brian Garvey,,Gompei Invitational
Bentley,225,200 Fly,4,2:01.01,Leighton Wielgoszinski,,Babson College v Bentley University
Bentley,225,200 Fly,5,2:01.44,Scott Kessel,,Gompei Invitational
Bentley,225,200 Fly,6,2:03.77,Jack Meekins,,Saint Michael's vs. Bentley
Bentley,225,200 Fly,7,2:14.81,Jake Bender,,Saint Michael's vs. Bentley
Bentley,225,200 Fly,8,2:15.65,Sawyer Lisowski,,Gompei Invitational
Bentley,225,200 Free,1,1:43.60,Alex Kosel,,Gompei Invitational
Bentley,225,200 Free,2,1:43.81,Daniel Ivanchikov,,Gompei Invitational
Bentley,225,200 Free,3,1:44.10,Leighton Wielgoszinski,,Gompei Invitational
Bentley,225,200 Free,4,1:45.60,Jakub Zukowski,,Gompei Invitational
Bentley,225,200 Free,5,1:46.54,Chris Fahlman,,Gompei Invitational
Bentley,225,200 Free,6,1:46.90,Zach Ellis,,Gompei Invitational
Bentley,225,200 Free,7,1:47.01,Jack Coscia,,Gompei Invitational
Bentley,225,200 Free,8,1:47.15,Jack Meekins,,Gompei Invitational
Bentley,225,200 Free,9,1:47.32,Ethan Rehkopf,,Gompei Invitational
Bentley,225,200 Free,10,1:48.88,Jules Rouyer,,Gompei Invitational
Bentley,225,200 Im,1,1:53.03,Matt Walden,,Gompei Invitational
Bentley,225,200 Im,2,1:58.05,Jack Meekins,,Gompei Invitational
Bentley,225,200 Im,3,1:59.45,Daniel Ivanchikov,,Gompei Invitational
Bentley,225,200 Im,4,2:00.84,Chris Fahlman,,Gompei Invitational
Bentley,225,200 Im,5,2:02.30,Scott Kessel,,Gompei Invitational
Bentley,225,200 Im,6,2:04.23,Zach Ellis,,Saint Michael's vs. Bentley
Bentley,225,200 Im,7,2:07.00,Alex Yurkewicz,,"Wheaton vs. Bentley, Wellesley"
Bentley,225,200 Im,8,2:16.30,Anders Savage,,Babson College v Bentley University
Bentley,225,400 Im,1,4:05.03,Matt Walden,,Gompei Invitational
Bentley,225,400 Im,2,4:15.79,Alex Yurkewicz,,Gompei Invitational
Bentley,225,400 Im,3,4:18.65,Jack Meekins,,Gompei Invitational
Bentley,225,400 Im,4,4:26.09,Scott Kessel,,Gompei Invitational
Bentley,225,50 Free,1,21.27,Ethan Rehkopf,,Gompei Invitational
Bentley,225,50 Free,2,21.60,Daniel Ivanchikov,,Gompei Invitational
Bentley,225,50 Free,3,21.94,Jakub Zukowski,,Gompei Invitational
Bentley,225,50 Free,4,22.09,Jack Meekins,,"WPI,Bentley, Adelphi, Felician"
Bentley,225,50 Free,5,22.19,Alex Kosel,,Gompei Invitational
Bentley,225,50 Free,6,22.26,Jules Rouyer,,Gompei Invitational
Bentley,225,50 Free,7,22.41,Zach Ellis,,Bentley vs. Assumption
Bentley,225,50 Free,8,22.64,Chris Fahlman,,Gompei Invitational
Bentley,225,50 Free,9,22.78,Thomas Miele,,Gompei Invitational
Bentley,225,50 Free,10,22.85,Danny Lehr,,Saint Michael's vs. Bentley
Bentley,225,500 Free,1,4:39.35,Leighton Wielgoszinski,,Gompei Invitational
Bentley,225,500 Free,2,4:42.74,Alex Kosel,,Gompei Invitational
Bentley,225,500 Free,3,4:48.44,Daniel Ivanchikov,,Gompei Invitational
Bentley,225,500 Free,4,4:51.17,Chris Fahlman,,Gompei Invitational
Bentley,225,500 Free,5,4:57.94,Jack Coscia,,Gompei Invitational
Bentley,225,500 Free,6,4:58.16,Brian Garvey,,Gompei Invitational
Bentley,225,500 Free,7,5:05.78,Jack Meekins,,Bentley vs. Assumption
Bentley,225,500 Free,8,5:10.13,CJ Eaton,,Gompei Invitational
Bentley,225,500 Free,9,5:21.58,Sawyer Lisowski,,Gompei Invitational
Bentley,225,500 Free,10,5:23.30,Stephen Calabro,,"Wheaton vs. Bentley, Wellesley"
Biola,384,100 Back,1,48.43,Nathan Griffin,,La Verne Invitational
Biola,384,100 Back,2,50.23,Alejandro Marchesini,,Azusa Pacific vs. C-M-S vs. Biola
Biola,384,100 Back,3,54.56,Jack Reardon,,Azusa Pacific vs. C-M-S vs. Biola
Biola,384,100 Back,4,55.05,Ronan Watts,,Biola University Intrasquad
Biola,384,100 Back,5,55.39,Garrett Dillon,,Biola University Intrasquad
Biola,384,100 Back,6,55.65,Eli Houseman,,Azusa Pacific vs. C-M-S vs. Biola
Biola,384,100 Back,7,56.23,Andrew Hanson,,Bulldog Pentathlon 2025
Biola,384,100 Back,8,56.38,Tate Fitzgerald,,Bulldog Pentathlon 2025
Biola,384,100 Back,9,58.39,Wyatt Miller,,Bulldog Pentathlon 2025
Biola,384,100 Back,10,59.29,Noah Hall,,Bulldog Pentathlon 2025
Biola,384,100 Breast,1,58.12,Jack Snyder,,La Verne Invitational
Biola,384,100 Breast,2,58.53,Karter McNutt,,Biola University Intrasquad
Biola,384,100 Breast,3,59.26,Mark Shalhoub,,La Verne Invitational
Biola,384,100 Breast,4,59.46,Zach Montiel,,La Verne Invitational
Biola,384,100 Breast,5,1:00.40,Henry Bokma,,La Verne Invitational
Biola,384,100 Breast,6,1:04.58,Wyatt Miller,,Bulldog Pentathlon 2025
Biola,384,100 Breast,7,1:04.91,Ronan Watts,,Bulldog Pentathlon 2025
Biola,384,100 Breast,8,1:05.60,Andrew Hanson,,Bulldog Pentathlon 2025
Biola,384,100 Breast,9,1:06.01,Jack Reardon,,Bulldog Pentathlon 2025
Biola,384,100 Breast,10,1:06.07,Adam Hagan,,Bulldog Pentathlon 2025
Biola,384,100 Fly,1,50.73,Andrew Hanson,,Biola University Intrasquad
Biola,384,100 Fly,2,51.46,Ronan Watts,,La Verne Invitational
Biola,384,100 Fly,3,52.20,Wyatt Miller,,La Verne Invitational
Biola,384,100 Fly,4,52.33,Eli Houseman,,Biola University Intrasquad
Biola,384,100 Fly,5,52.61,Adam Hagan,,La Verne Invitational
Biola,384,100 Fly,6,53.12,Noah Hall,,Biola University Intrasquad
Biola,384,100 Fly,7,53.64,Nathan Griffin,,Bulldog Pentathlon 2025
Biola,384,100 Fly,8,53.93,Anthony Ramirez,,La Verne Invitational
Biola,384,100 Fly,9,54.44,Henry Bokma,,La Verne Invitational
Biola,384,100 Fly,10,55.03,Alejandro Marchesini,,Bulldog Pentathlon 2025
Biola,384,100 Free,1,46.14,Nathan Griffin,,La Verne Invitational
Biola,384,100 Free,2,46.56,Koen Vos,,Azusa Pacific vs. C-M-S vs. Biola
Biola,384,100 Free,3,47.25,Ronan Watts,,La Verne Invitational
Biola,384,100 Free,4,47.31,Andrew Hanson,,La Verne Invitational
Biola,384,100 Free,5,47.54,Ben Smith,,La Verne Invitational
Biola,384,100 Free,6,47.90,Eli Houseman,,La Verne Invitational
Biola,384,100 Free,7,48.07,Henry Bokma,,La Verne Invitational
Biola,384,100 Free,8,48.16,Mark Shalhoub,,La Verne Invitational
Biola,384,100 Free,9,48.51,Alejandro Marchesini,,Bulldog Pentathlon 2025
Biola,384,100 Free,10,49.49,Mason Davis,,La Verne Invitational
Biola,384,1000 Free,1,9:19.66,Josh Peace,,La Verne Invitational
Biola,384,1000 Free,2,9:43.86,Noah Hall,,Azusa Pacific vs. C-M-S vs. Biola
Biola,384,1000 Free,3,9:49.90,Samuel Slezak,,La Verne Invitational
Biola,384,1000 Free,4,9:59.20,Jonathan De Dios,,Azusa Pacific vs. C-M-S vs. Biola
Biola,384,1000 Free,5,10:02.15,Anthony Ramirez,,La Verne Invitational
Biola,384,1000 Free,6,10:16.46,Jack Reardon,,Azusa Pacific vs. C-M-S vs. Biola
Biola,384,1000 Free,7,11:07.28,Mark Shalhoub,,Biola vs. Westmont vs. Masters vs. Concordia
Biola,384,1650 Free,1,15:36.87,Josh Peace,,La Verne Invitational
Biola,384,1650 Free,2,16:04.46,Samuel Slezak,,La Verne Invitational
Biola,384,1650 Free,3,16:17.96,Noah Hall,,La Verne Invitational
Biola,384,1650 Free,4,16:41.37,Anthony Ramirez,,La Verne Invitational
Biola,384,1650 Free,5,16:46.06,Jonathan De Dios,,La Verne Invitational
Biola,384,200 Back,1,1:46.25,Nathan Griffin,,La Verne Invitational
Biola,384,200 Back,2,1:52.48,Alejandro Marchesini,,Azusa Pacific vs. C-M-S vs. Biola
Biola,384,200 Back,3,1:57.38,Jack Reardon,,La Verne Invitational
Biola,384,200 Back,4,1:58.29,Tate Fitzgerald,,Biola University Intrasquad
Biola,384,200 Back,5,1:58.64,Garrett Dillon,,La Verne Invitational
Biola,384,200 Breast,1,2:08.94,Zach Montiel,,La Verne Invitational
Biola,384,200 Breast,2,2:09.65,Jack Snyder,,La Verne Invitational
Biola,384,200 Breast,3,2:11.99,Karter McNutt,,La Verne Invitational
Biola,384,200 Breast,4,2:13.44,Mark Shalhoub,,La Verne Invitational
Biola,384,200 Breast,5,2:44.63,Beau Gendron,,Triple Distance Invitational
Biola,384,200 Fly,1,1:55.52,Wyatt Miller,,La Verne Invitational
Biola,384,200 Fly,2,1:56.03,Eli Houseman,,La Verne Invitational
Biola,384,200 Fly,3,1:59.61,Andrew Hanson,,Azusa Pacific vs. C-M-S vs. Biola
Biola,384,200 Fly,4,2:00.44,Adam Hagan,,La Verne Invitational
Biola,384,200 Fly,5,2:01.20,Anthony Ramirez,,Biola University Intrasquad
Biola,384,200 Free,1,1:43.37,Samuel Slezak,,La Verne Invitational
Biola,384,200 Free,2,1:43.62,Josh Peace,,La Verne Invitational
Biola,384,200 Free,3,1:45.03,Ronan Watts,,La Verne Invitational
Biola,384,200 Free,4,1:46.06,Koen Vos,,Triple Distance Invitational
Biola,384,200 Free,5,1:46.76,Jonathan De Dios,,La Verne Invitational
Biola,384,200 Free,6,1:47.57,Alejandro Marchesini,,Biola vs SFU Day 2
Biola,384,200 Free,7,1:47.64,Ben Smith,,La Verne Invitational
Biola,384,200 Free,8,1:48.11,Garrett Dillon,,La Verne Invitational
Biola,384,200 Free,9,1:48.89,Noah Hall,,Triple Distance Invitational
Biola,384,200 Free,10,1:51.88,Adam Hagan,,Azusa Pacific vs. C-M-S vs. Biola
Biola,384,200 Im,1,1:55.90,Karter McNutt,,La Verne Invitational
Biola,384,200 Im,2,1:57.48,Anthony Ramirez,,Biola University Intrasquad
Biola,384,200 Im,3,1:59.13,Jack Reardon,,La Verne Invitational
Biola,384,200 Im,4,2:01.80,Garrett Dillon,,La Verne Invitational
Biola,384,200 Im,5,2:02.15,Eli Houseman,,Biola University Intrasquad
Biola,384,200 Im,6,2:02.43,Jack Snyder,,La Verne Invitational
Biola,384,200 Im,7,2:02.47,Zach Montiel,,La Verne Invitational
Biola,384,200 Im,8,2:02.49,Tate Fitzgerald,,Biola vs SFU Day 2
Biola,384,200 Im,9,2:03.67,Wyatt Miller,,La Verne Invitational
Biola,384,200 Im,10,2:04.90,Noah Hall,,Biola vs. Whittier
Biola,384,400 Im,1,4:06.77,Anthony Ramirez,,La Verne Invitational
Biola,384,400 Im,2,4:13.63,Noah Hall,,La Verne Invitational
Biola,384,400 Im,3,4:13.65,Karter McNutt,,La Verne Invitational
Biola,384,400 Im,4,4:13.99,Jack Reardon,,La Verne Invitational
Biola,384,400 Im,5,4:38.37,Zach Montiel,,Azusa Pacific vs. C-M-S vs. Biola
Biola,384,50 Free,1,20.85,Nathan Griffin,,La Verne Invitational
Biola,384,50 Free,2,21.17,Ben Smith,,La Verne Invitational
Biola,384,50 Free,3,21.32,Koen Vos,,Azusa Pacific vs. C-M-S vs. Biola
Biola,384,50 Free,4,21.43,Ronan Watts,,La Verne Invitational
Biola,384,50 Free,5,21.47,Andrew Hanson,,La Verne Invitational
Biola,384,50 Free,6,21.50,Alejandro Marchesini,,La Verne Invitational
Biola,384,50 Free,7,21.91,Henry Bokma,,La Verne Invitational
Biola,384,50 Free,8,22.02,Mark Shalhoub,,La Verne Invitational
Biola,384,50 Free,9,22.21,Mason Davis,,Biola University Intrasquad
Biola,384,50 Free,10,22.81,Adam Hagan,,La Verne Invitational
Biola,384,500 Free,1,4:29.69,Josh Peace,,La Verne Invitational
Biola,384,500 Free,2,4:36.10,Samuel Slezak,,La Verne Invitational
Biola,384,500 Free,3,4:42.16,Noah Hall,,La Verne Invitational
Biola,384,500 Free,4,4:43.82,Jonathan De Dios,,La Verne Invitational
Biola,384,500 Free,5,4:57.55,Anthony Ramirez,,Azusa Pacific vs. C-M-S vs. Biola
Biola,384,500 Free,6,5:11.61,Eli Houseman,,Azusa Pacific vs. C-M-S vs. Biola
Bloomsburg,227,100 Back,1,52.22,Ian Hamilton,,F&M Invitational
Bloomsburg,227,100 Back,2,52.36,Colin Nash,,F&M Invitational
Bloomsburg,227,100 Back,3,53.15,Drew Holmes,,John A Pidgeon Memorial Invitational
Bloomsburg,227,100 Back,4,53.17,Cole Verga,,F&M Invitational
Bloomsburg,227,100 Back,5,53.33,Chad Jones,,F&M Invitational
Bloomsburg,227,100 Back,6,53.78,Jack Drake,,John A Pidgeon Memorial Invitational
Bloomsburg,227,100 Back,7,54.06,Tommy Houck,,F&M Invitational
Bloomsburg,227,100 Back,8,54.23,Matthew Boehme,,Bloomsburg vs. ESU vs. Shippen
Bloomsburg,227,100 Back,9,55.44,Michael Huegel,,John A Pidgeon Memorial Invitational
Bloomsburg,227,100 Back,10,58.86,Nick Zaffiro,,"Kutztown vs.. Bloomsburg, Edinboro"
Bloomsburg,227,100 Breast,1,56.13,Connor McClurkin,,F&M Invitational
Bloomsburg,227,100 Breast,2,57.14,Drew Holmes,,"Kutztown vs.. Bloomsburg, Edinboro"
Bloomsburg,227,100 Breast,3,57.79,Sean Witmer,,F&M Invitational
Bloomsburg,227,100 Breast,4,58.97,Daryn Ginter,,F&M Invitational
Bloomsburg,227,100 Breast,5,59.07,Constantine Buga,,F&M Invitational
Bloomsburg,227,100 Breast,6,1:01.58,Brayden Kemezis,,John A Pidgeon Memorial Invitational
Bloomsburg,227,100 Breast,7,1:01.61,Nick Zaffiro,,"Kutztown vs.. Bloomsburg, Edinboro"
Bloomsburg,227,100 Breast,8,1:02.68,Tommy Houck,,John A Pidgeon Memorial Invitational
Bloomsburg,227,100 Breast,9,1:03.07,Nick Lennon,,F&M Invitational
Bloomsburg,227,100 Fly,1,49.50,Jack Drake,,F&M Invitational
Bloomsburg,227,100 Fly,2,50.59,Drew Holmes,,F&M Invitational
Bloomsburg,227,100 Fly,3,50.98,Adler Zawodny,,F&M Invitational
Bloomsburg,227,100 Fly,4,51.08,Nick Lennon,,F&M Invitational
Bloomsburg,227,100 Fly,5,52.25,Connor McClurkin,,F&M Invitational
Bloomsburg,227,100 Fly,6,52.53,Michael Huegel,,F&M Invitational
Bloomsburg,227,100 Fly,7,52.93,Tyler Tinsley,,F&M Invitational
Bloomsburg,227,100 Fly,8,53.92,Daryn Ginter,,IUP Last Chance Invitational
Bloomsburg,227,100 Fly,9,54.16,Sean Witmer,,F&M Invitational
Bloomsburg,227,100 Fly,10,54.16,Brayden Kemezis,,IUP Last Chance Invitational
Bloomsburg,227,100 Free,1,45.05,Jack Drake,,F&M Invitational
Bloomsburg,227,100 Free,2,45.54,Ian Hamilton,,F&M Invitational
Bloomsburg,227,100 Free,3,45.87,Drew Holmes,,F&M Invitational
Bloomsburg,227,100 Free,4,46.26,Tommy Houck,,F&M Invitational
Bloomsburg,227,100 Free,5,46.31,Daryn Ginter,,F&M Invitational
Bloomsburg,227,100 Free,6,46.79,Matthew Boehme,,F&M Invitational
Bloomsburg,227,100 Free,7,47.16,Ethan Coffman,,F&M Invitational
Bloomsburg,227,100 Free,8,47.55,Tyler Tinsley,,F&M Invitational
Bloomsburg,227,100 Free,9,48.00,Adler Zawodny,,F&M Invitational
Bloomsburg,227,100 Free,10,48.11,Nick Lennon,,F&M Invitational
Bloomsburg,227,1000 Free,1,10:00.68,Michael Huegel,,F&M Invitational
Bloomsburg,227,1000 Free,2,10:19.05,Max McCloskey,,F&M Invitational
Bloomsburg,227,1000 Free,3,10:19.30,Ethan Coffman,,"Kutztown vs.. Bloomsburg, Edinboro"
Bloomsburg,227,1000 Free,4,10:32.28,Luke Willard,,Bloomsburg vs. West Chester
Bloomsburg,227,1000 Free,5,10:58.98,Ethan Robertson,,"Kutztown vs.. Bloomsburg, Edinboro"
Bloomsburg,227,1650 Free,1,16:36.12,Michael Huegel,,F&M Invitational
Bloomsburg,227,1650 Free,2,16:59.62,Max McCloskey,,F&M Invitational
Bloomsburg,227,1650 Free,3,17:44.31,Luke Willard,,F&M Invitational
Bloomsburg,227,200 Back,1,1:57.41,Ian Hamilton,,IUP Last Chance Invitational
Bloomsburg,227,200 Back,2,1:58.55,Cole Verga,,F&M Invitational
Bloomsburg,227,200 Back,3,1:58.95,Tommy Houck,,F&M Invitational
Bloomsburg,227,200 Back,4,1:59.00,Colin Nash,,F&M Invitational
Bloomsburg,227,200 Back,5,1:59.75,Chad Jones,,F&M Invitational
Bloomsburg,227,200 Back,6,2:02.38,Ethan Coffman,,IUP Last Chance Invitational
Bloomsburg,227,200 Back,7,2:02.42,Matthew Boehme,,Bloomsburg vs. West Chester
Bloomsburg,227,200 Back,8,2:07.71,Michael Huegel,,IUP Last Chance Invitational
Bloomsburg,227,200 Breast,1,2:05.29,Connor McClurkin,,F&M Invitational
Bloomsburg,227,200 Breast,2,2:05.73,Nick Zaffiro,,F&M Invitational
Bloomsburg,227,200 Breast,3,2:07.61,Constantine Buga,,F&M Invitational
Bloomsburg,227,200 Breast,4,2:08.47,Brayden Kemezis,,F&M Invitational
Bloomsburg,227,200 Breast,5,2:08.68,Sean Witmer,,F&M Invitational
Bloomsburg,227,200 Breast,6,2:10.26,Drew Holmes,,IUP Last Chance Invitational
Bloomsburg,227,200 Breast,7,2:16.98,Daryn Ginter,,IUP Last Chance Invitational
Bloomsburg,227,200 Breast,8,2:21.45,Ethan Robertson,,Bloomsburg vs Clarion
Bloomsburg,227,200 Fly,1,1:50.94,Jack Drake,,F&M Invitational
Bloomsburg,227,200 Fly,2,1:55.97,Matthew Boehme,,F&M Invitational
Bloomsburg,227,200 Fly,3,1:57.40,Adler Zawodny,,F&M Invitational
Bloomsburg,227,200 Fly,4,1:57.91,Nick Lennon,,F&M Invitational
Bloomsburg,227,200 Fly,5,1:58.62,Nick Zaffiro,,Bloomsburg vs. West Chester
Bloomsburg,227,200 Fly,6,2:02.78,Max McCloskey,,F&M Invitational
Bloomsburg,227,200 Fly,7,2:03.22,Michael Huegel,,Bloomsburg vs Clarion
Bloomsburg,227,200 Fly,8,2:09.25,Tyler Tinsley,,F&M Invitational
Bloomsburg,227,200 Free,1,1:40.52,Jack Drake,,F&M Invitational
Bloomsburg,227,200 Free,2,1:41.96,Tommy Houck,,F&M Invitational
Bloomsburg,227,200 Free,3,1:42.24,Ethan Coffman,,F&M Invitational
Bloomsburg,227,200 Free,4,1:42.83,Ian Hamilton,,F&M Invitational
Bloomsburg,227,200 Free,5,1:43.74,Daryn Ginter,,F&M Invitational
Bloomsburg,227,200 Free,6,1:45.16,Brayden Kemezis,,F&M Invitational
Bloomsburg,227,200 Free,7,1:45.73,Drew Holmes,,Bloomsburg vs. West Chester
Bloomsburg,227,200 Free,8,1:47.59,Matthew Boehme,,"Kutztown vs.. Bloomsburg, Edinboro"
Bloomsburg,227,200 Free,9,1:48.39,Michael Huegel,,F&M Invitational
Bloomsburg,227,200 Free,10,1:48.40,Luke Willard,,F&M Invitational
Bloomsburg,227,200 Im,1,1:52.87,Nick Zaffiro,,F&M Invitational
Bloomsburg,227,200 Im,2,1:53.22,Drew Holmes,,F&M Invitational
Bloomsburg,227,200 Im,3,1:55.08,Tommy Houck,,F&M Invitational
Bloomsburg,227,200 Im,4,1:55.91,Matthew Boehme,,F&M Invitational
Bloomsburg,227,200 Im,5,1:56.04,Chad Jones,,F&M Invitational
Bloomsburg,227,200 Im,6,1:56.06,Connor McClurkin,,F&M Invitational
Bloomsburg,227,200 Im,7,1:56.21,Brayden Kemezis,,John A Pidgeon Memorial Invitational
Bloomsburg,227,200 Im,8,1:56.35,Ethan Coffman,,John A Pidgeon Memorial Invitational
Bloomsburg,227,200 Im,9,1:57.63,Constantine Buga,,F&M Invitational
Bloomsburg,227,200 Im,10,1:59.27,Sean Witmer,,F&M Invitational
Bloomsburg,227,400 Im,1,4:01.55,Nick Zaffiro,,F&M Invitational
Bloomsburg,227,400 Im,2,4:11.41,Matthew Boehme,,Bloomsburg vs Clarion
Bloomsburg,227,400 Im,3,4:11.79,Constantine Buga,,F&M Invitational
Bloomsburg,227,400 Im,4,4:17.08,Chad Jones,,F&M Invitational
Bloomsburg,227,400 Im,5,4:26.61,Max McCloskey,,F&M Invitational
Bloomsburg,227,50 Free,1,20.48,Jack Drake,,Bloomsburg vs. ESU vs. Shippen
Bloomsburg,227,50 Free,2,20.91,Ian Hamilton,,F&M Invitational
Bloomsburg,227,50 Free,3,21.03,Drew Holmes,,F&M Invitational
Bloomsburg,227,50 Free,4,21.18,Tommy Houck,,F&M Invitational
Bloomsburg,227,50 Free,5,21.35,Adler Zawodny,,F&M Invitational
Bloomsburg,227,50 Free,6,21.35,Daryn Ginter,,F&M Invitational
Bloomsburg,227,50 Free,7,21.70,Tyler Tinsley,,F&M Invitational
Bloomsburg,227,50 Free,8,21.86,Nick Lennon,,F&M Invitational
Bloomsburg,227,50 Free,9,21.92,Cole Verga,,F&M Invitational
Bloomsburg,227,50 Free,10,22.27,Michael Huegel,,F&M Invitational
Bloomsburg,227,500 Free,1,4:39.65,Brayden Kemezis,,F&M Invitational
Bloomsburg,227,500 Free,2,4:43.86,Ethan Coffman,,F&M Invitational
Bloomsburg,227,500 Free,3,4:48.66,Michael Huegel,,F&M Invitational
Bloomsburg,227,500 Free,4,4:53.73,Max McCloskey,,F&M Invitational
Bloomsburg,227,500 Free,5,4:56.05,Ian Hamilton,,John A Pidgeon Memorial Invitational
Bloomsburg,227,500 Free,6,4:59.77,Luke Willard,,F&M Invitational
Bloomsburg,227,500 Free,7,5:02.74,Ethan Robertson,,F&M Invitational
Bloomsburg,227,500 Free,8,5:03.00,Sean Witmer,,John A Pidgeon Memorial Invitational
Carson-Newman,10003343,100 Back,1,46.95,Gabriel Morales,,Gamecock Invitational
Carson-Newman,10003343,100 Back,2,48.49,Will Humphreys,,Gamecock Invitational
Carson-Newman,10003343,100 Back,3,49.51,Arthur Gluzman,,Gamecock Invitational
Carson-Newman,10003343,100 Back,4,51.48,Andrew Groves,,Gamecock Invitational
Carson-Newman,10003343,100 Back,5,52.52,Hayden Wright,,2025 UINDY Quad Meet
Carson-Newman,10003343,100 Back,6,52.53,Ryan Teuton,,Gamecock Invitational
Carson-Newman,10003343,100 Back,7,54.00,connor wilkes,,Mars Hill vs Carson-Newman
Carson-Newman,10003343,100 Back,8,55.83,Jakov Igrec,,Emory Fall Invitational
Carson-Newman,10003343,100 Back,9,58.93,Joey Moos,,Wingate vs. Carson-Newman
Carson-Newman,10003343,100 Breast,1,56.90,Ryan Berry,,Gamecock Invitational
Carson-Newman,10003343,100 Breast,2,57.43,Eli Conard,,Gamecock Invitational
Carson-Newman,10003343,100 Breast,3,57.79,Justin Duke,,Gamecock Invitational
Carson-Newman,10003343,100 Breast,4,57.80,Andrew Groves,,Gamecock Invitational
Carson-Newman,10003343,100 Breast,5,58.06,EDUARDO SOARES DA SILVA,,Carson-Newman vs Lenoir-Rhyne and Milligan
Carson-Newman,10003343,100 Breast,6,59.08,Griffin Fisher,,Gamecock Invitational
Carson-Newman,10003343,100 Breast,7,59.87,Brayden Sims,,Mars Hill vs Carson-Newman
Carson-Newman,10003343,100 Breast,8,1:00.57,Miles Humphreys,,Gamecock Invitational
Carson-Newman,10003343,100 Breast,9,1:01.50,Cody Hart,,Emory Fall Invitational
Carson-Newman,10003343,100 Breast,10,1:02.21,Ryan Teuton,,Wingate vs. Carson-Newman
Carson-Newman,10003343,100 Fly,1,47.22,Gabriel Morales,,Gamecock Invitational
Carson-Newman,10003343,100 Fly,2,47.75,Will Humphreys,,Gamecock Invitational
Carson-Newman,10003343,100 Fly,3,48.08,Arthur Gluzman,,Gamecock Invitational
Carson-Newman,10003343,100 Fly,4,50.30,Jake Sell,,Gamecock Invitational
Carson-Newman,10003343,100 Fly,5,50.64,Andrew Groves,,Gamecock Invitational
Carson-Newman,10003343,100 Fly,6,51.10,Eli Conard,,Gamecock Invitational
Carson-Newman,10003343,100 Fly,7,51.51,Noah Day,,Gamecock Invitational
Carson-Newman,10003343,100 Fly,8,52.00,Ryan Berry,,Gamecock Invitational
Carson-Newman,10003343,100 Fly,9,52.14,Ryan Teuton,,Gamecock Invitational
Carson-Newman,10003343,100 Fly,10,52.53,connor wilkes,,Gamecock Invitational
Carson-Newman,10003343,100 Free,1,43.66,Gabriel Catapano,,Gamecock Invitational
Carson-Newman,10003343,100 Free,2,44.30,Gabriel Morales,,Gamecock Invitational
Carson-Newman,10003343,100 Free,3,44.98,Arthur Gluzman,,Gamecock Invitational
Carson-Newman,10003343,100 Free,4,45.25,Will Humphreys,,Gamecock Invitational
Carson-Newman,10003343,100 Free,5,45.97,Cody Hart,,Gamecock Invitational
Carson-Newman,10003343,100 Free,6,46.57,Eli Conard,,Gamecock Invitational
Carson-Newman,10003343,100 Free,7,46.65,Bozzolo Bozzolo,,Gamecock Invitational
Carson-Newman,10003343,100 Free,8,47.71,connor wilkes,,Gamecock Invitational
Carson-Newman,10003343,100 Free,9,47.73,Cameron Nichols,,Gamecock Invitational
Carson-Newman,10003343,100 Free,10,47.77,Andrew Groves,,Emory Fall Invitational
Carson-Newman,10003343,1000 Free,1,9:42.21,Jack Hebert,,Carson-Newman vs Lenoir-Rhyne and Milligan
Carson-Newman,10003343,1000 Free,2,9:45.79,Mikael Soederberg,,Gamecock Invitational
Carson-Newman,10003343,1000 Free,3,10:01.64,Bozzolo Bozzolo,,Emory Fall Invitational
Carson-Newman,10003343,1000 Free,4,10:13.10,Noah Day,,Mars Hill vs Carson-Newman
Carson-Newman,10003343,1000 Free,5,10:16.78,Cameron Nichols,,Mars Hill vs Carson-Newman
Carson-Newman,10003343,1000 Free,6,10:20.95,Jakov Igrec,,Wingate vs. Carson-Newman
Carson-Newman,10003343,1000 Free,7,10:26.32,Jake Sell,,Wingate vs. Carson-Newman
Carson-Newman,10003343,1000 Free,8,10:30.37,Chase Baker,,Gamecock Invitational
Carson-Newman,10003343,1000 Free,9,10:31.49,Joey Moos,,Mars Hill vs Carson-Newman
Carson-Newman,10003343,1000 Free,10,10:33.38,Riley Mortenson,,Catawba vs. Carson-Newman
Carson-Newman,10003343,1650 Free,1,16:17.64,Mikael Soederberg,,Gamecock Invitational
Carson-Newman,10003343,1650 Free,2,16:18.36,Jack Hebert,,Gamecock Invitational
Carson-Newman,10003343,1650 Free,3,16:41.19,Bozzolo Bozzolo,,Emory Fall Invitational
Carson-Newman,10003343,1650 Free,4,17:22.07,Chase Baker,,Gamecock Invitational
Carson-Newman,10003343,1650 Free,5,17:40.80,Riley Mortenson,,Emory Fall Invitational
Carson-Newman,10003343,1650 Free,6,17:53.18,Joey Moos,,Gamecock Invitational
Carson-Newman,10003343,200 Back,1,1:46.75,Gabriel Morales,,Carson-Newman vs Lenoir-Rhyne and Milligan
Carson-Newman,10003343,200 Back,2,1:47.34,Will Humphreys,,Gamecock Invitational
Carson-Newman,10003343,200 Back,3,1:55.18,Andrew Groves,,2025 UINDY Quad Meet
Carson-Newman,10003343,200 Back,4,1:57.08,Ryan Teuton,,Catawba vs. Carson-Newman
Carson-Newman,10003343,200 Back,5,1:57.18,Hayden Wright,,Wingate vs. Carson-Newman
Carson-Newman,10003343,200 Back,6,1:57.29,Jakov Igrec,,Carson-Newman vs Lenoir-Rhyne and Milligan
Carson-Newman,10003343,200 Back,7,1:59.64,Jack Hebert,,Wingate vs. Carson-Newman
Carson-Newman,10003343,200 Back,8,2:00.53,connor wilkes,,Carson-Newman vs Lenoir-Rhyne and Milligan
Carson-Newman,10003343,200 Back,9,2:09.55,Brayden Sims,,Gamecock Invitational
Carson-Newman,10003343,200 Back,10,2:17.66,Chase Baker,,Wingate vs. Carson-Newman
Carson-Newman,10003343,200 Breast,1,2:04.97,Ryan Berry,,Gamecock Invitational
Carson-Newman,10003343,200 Breast,2,2:06.02,Mikael Soederberg,,Gamecock Invitational
Carson-Newman,10003343,200 Breast,3,2:10.09,EDUARDO SOARES DA SILVA,,Carson-Newman vs Lenoir-Rhyne and Milligan
Carson-Newman,10003343,200 Breast,4,2:10.30,Griffin Fisher,,Gamecock Invitational
Carson-Newman,10003343,200 Breast,5,2:10.38,Jack Hebert,,Carson-Newman vs Lenoir-Rhyne and Milligan
Carson-Newman,10003343,200 Breast,6,2:11.67,Justin Duke,,Gamecock Invitational
Carson-Newman,10003343,200 Breast,7,2:13.81,Miles Humphreys,,Gamecock Invitational
Carson-Newman,10003343,200 Breast,8,2:14.67,Ryan Teuton,,Wingate vs. Carson-Newman
Carson-Newman,10003343,200 Breast,9,2:17.85,Brayden Sims,,Gamecock Invitational
Carson-Newman,10003343,200 Fly,1,1:45.51,Gabriel Morales,,Gamecock Invitational
Carson-Newman,10003343,200 Fly,2,1:52.07,Arthur Gluzman,,Carson-Newman vs Lenoir-Rhyne and Milligan
Carson-Newman,10003343,200 Fly,3,1:53.41,Noah Day,,Gamecock Invitational
Carson-Newman,10003343,200 Fly,4,1:53.55,Jake Sell,,Gamecock Invitational
Carson-Newman,10003343,200 Fly,5,1:58.86,Mikael Soederberg,,Wingate vs. Carson-Newman
Carson-Newman,10003343,200 Fly,6,1:58.89,Jack Hebert,,Emory Fall Invitational
Carson-Newman,10003343,200 Fly,7,2:02.00,Jakov Igrec,,2025 UINDY Quad Meet
Carson-Newman,10003343,200 Fly,8,2:17.64,Chase Baker,,Wingate vs. Carson-Newman
Carson-Newman,10003343,200 Free,1,1:37.62,Gabriel Catapano,,Gamecock Invitational
Carson-Newman,10003343,200 Free,2,1:39.47,Jake Sell,,Gamecock Invitational
Carson-Newman,10003343,200 Free,3,1:40.06,Cody Hart,,Gamecock Invitational
Carson-Newman,10003343,200 Free,4,1:40.09,Gabriel Morales,,Mars Hill vs Carson-Newman
Carson-Newman,10003343,200 Free,5,1:40.14,Bozzolo Bozzolo,,Gamecock Invitational
Carson-Newman,10003343,200 Free,6,1:43.75,Cameron Nichols,,Gamecock Invitational
Carson-Newman,10003343,200 Free,7,1:43.92,Andrew Groves,,Gamecock Invitational
Carson-Newman,10003343,200 Free,8,1:44.09,Noah Day,,Gamecock Invitational
Carson-Newman,10003343,200 Free,9,1:45.88,connor wilkes,,Gamecock Invitational
Carson-Newman,10003343,200 Free,10,1:45.94,Jack Hebert,,2025 UINDY Quad Meet
Carson-Newman,10003343,200 Im,1,1:51.34,Gabriel Morales,,Emory Fall Invitational
Carson-Newman,10003343,200 Im,2,1:54.06,Ryan Berry,,Gamecock Invitational
Carson-Newman,10003343,200 Im,3,1:54.59,Justin Duke,,Gamecock Invitational
Carson-Newman,10003343,200 Im,4,1:54.97,Andrew Groves,,Gamecock Invitational
Carson-Newman,10003343,200 Im,5,1:55.50,Jack Hebert,,Gamecock Invitational
Carson-Newman,10003343,200 Im,6,1:56.64,Mikael Soederberg,,Gamecock Invitational
Carson-Newman,10003343,200 Im,7,1:59.22,Jakov Igrec,,Gamecock Invitational
Carson-Newman,10003343,200 Im,8,1:59.32,Ryan Teuton,,Emory Fall Invitational
Carson-Newman,10003343,200 Im,9,2:04.04,Miles Humphreys,,Gamecock Invitational
Carson-Newman,10003343,200 Im,10,2:04.27,Griffin Fisher,,Wingate vs. Carson-Newman
Carson-Newman,10003343,400 Im,1,4:03.24,Mikael Soederberg,,Gamecock Invitational
Carson-Newman,10003343,400 Im,2,4:03.33,Jack Hebert,,Gamecock Invitational
Carson-Newman,10003343,400 Im,3,4:08.59,Jakov Igrec,,Gamecock Invitational
Carson-Newman,10003343,400 Im,4,4:19.16,Justin Duke,,Wingate vs. Carson-Newman
Carson-Newman,10003343,400 Im,5,4:23.24,Ryan Berry,,Emory Fall Invitational
Carson-Newman,10003343,400 Im,6,4:26.77,Ryan Teuton,,Gamecock Invitational
Carson-Newman,10003343,400 Im,7,4:35.55,Miles Humphreys,,Emory Fall Invitational
Carson-Newman,10003343,400 Im,8,4:49.37,Brayden Sims,,Emory Fall Invitational
Carson-Newman,10003343,50 Free,1,20.39,Arthur Gluzman,,Gamecock Invitational
Carson-Newman,10003343,50 Free,2,20.46,Gabriel Morales,,Gamecock Invitational
Carson-Newman,10003343,50 Free,3,20.46,Gabriel Catapano,,Gamecock Invitational
Carson-Newman,10003343,50 Free,4,20.81,Cody Hart,,Gamecock Invitational
Carson-Newman,10003343,50 Free,5,21.32,Eli Conard,,Gamecock Invitational
Carson-Newman,10003343,50 Free,6,21.49,Noah Day,,Gamecock Invitational
Carson-Newman,10003343,50 Free,7,21.67,connor wilkes,,Gamecock Invitational
Carson-Newman,10003343,50 Free,8,21.75,Will Humphreys,,Catawba vs. Carson-Newman
Carson-Newman,10003343,50 Free,9,22.03,Cameron Nichols,,Emory Fall Invitational
Carson-Newman,10003343,50 Free,10,22.12,Justin Duke,,Emory Fall Invitational
Carson-Newman,10003343,500 Free,1,4:33.60,Bozzolo Bozzolo,,Gamecock Invitational
Carson-Newman,10003343,500 Free,2,4:35.78,Gabriel Catapano,,Carson-Newman vs Lenoir-Rhyne and Milligan
Carson-Newman,10003343,500 Free,3,4:38.74,Jack Hebert,,Gamecock Invitational
Carson-Newman,10003343,500 Free,4,4:49.16,Mikael Soederberg,,Emory Fall Invitational
Carson-Newman,10003343,500 Free,5,4:49.47,Cameron Nichols,,Gamecock Invitational
Carson-Newman,10003343,500 Free,6,4:50.21,Jakov Igrec,,Gamecock Invitational
Carson-Newman,10003343,500 Free,7,4:50.49,Jake Sell,,Gamecock Invitational
Carson-Newman,10003343,500 Free,8,4:53.56,Riley Mortenson,,Gamecock Invitational
Carson-Newman,10003343,500 Free,9,4:56.36,Joey Moos,,Gamecock Invitational
Carson-Newman,10003343,500 Free,10,5:00.90,Chase Baker,,Gamecock Invitational
Catawba,201,100 Back,1,48.66,George Fykatas,,Kellianne Nagy Fall Frenzy Invite
Catawba,201,100 Back,2,51.33,Matt Howard,,Catawba vs. Lenoir-Rhyne
Catawba,201,100 Back,3,51.69,Jules Remy,,Catawba vs. Lenoir-Rhyne
Catawba,201,100 Back,4,51.88,Alejandro Alvarez Fernandez,,Catawba vs. Carson-Newman
Catawba,201,100 Back,5,52.87,Nolan Lacjak,,Kellianne Nagy Fall Frenzy Invite
Catawba,201,100 Back,6,53.10,Evan Stroud,,Kellianne Nagy Fall Frenzy Invite
Catawba,201,100 Breast,1,53.20,Maks Minichowski,,Kellianne Nagy Fall Frenzy Invite
Catawba,201,100 Breast,2,55.21,Greg Kisshauer,,Kellianne Nagy Fall Frenzy Invite
Catawba,201,100 Breast,3,55.91,Rowan Viles,,Kellianne Nagy Fall Frenzy Invite
Catawba,201,100 Breast,4,56.08,Jules Remy,,Catawba vs. Wingate
Catawba,201,100 Breast,5,56.18,Ryan Case,,Catawba vs. Lenoir-Rhyne
Catawba,201,100 Breast,6,56.50,Marshall Wells,,Kellianne Nagy Fall Frenzy Invite
Catawba,201,100 Breast,7,58.19,João Vitor Oliveira,,Catawba vs. Lenoir-Rhyne
Catawba,201,100 Fly,1,48.68,Lassi Niemi,,Kellianne Nagy Fall Frenzy Invite
Catawba,201,100 Fly,2,48.88,Ryan Case,,Kellianne Nagy Fall Frenzy Invite
Catawba,201,100 Fly,3,48.95,Cameron Watson,,Catawba vs. Lenoir-Rhyne
Catawba,201,100 Fly,4,51.11,Peyton Ponce-de-Leon,,Kellianne Nagy Fall Frenzy Invite
Catawba,201,100 Fly,5,51.38,Sammer Abdallah,,Catawba vs. Gardner-Webb
Catawba,201,100 Fly,6,51.42,Ivo Cruz,,Kellianne Nagy Fall Frenzy Invite
Catawba,201,100 Fly,7,52.26,Greg Kisshauer,,Milligan vs. Catawba vs. Roanoke
Catawba,201,100 Fly,8,52.41,Jules Remy,,Kellianne Nagy Fall Frenzy Invite
Catawba,201,100 Fly,9,53.24,João Vitor Oliveira,,Kellianne Nagy Fall Frenzy Invite
Catawba,201,100 Fly,10,53.75,Nolan Lacjak,,Queens (NC) vs. Catawba
Catawba,201,100 Free,1,43.72,Maks Minichowski,,Kellianne Nagy Fall Frenzy Invite
Catawba,201,100 Free,2,43.88,Matt Howard,,Kellianne Nagy Fall Frenzy Invite
Catawba,201,100 Free,3,45.88,Jules Remy,,Kellianne Nagy Fall Frenzy Invite
Catawba,201,100 Free,4,46.01,Sammer Abdallah,,Kellianne Nagy Fall Frenzy Invite
Catawba,201,100 Free,5,46.06,Lassi Niemi,,Catawba vs. Lenoir-Rhyne
Catawba,201,100 Free,6,46.16,Ivo Cruz,,Kellianne Nagy Fall Frenzy Invite
Catawba,201,100 Free,7,46.30,Ryan Case,,Milligan vs. Catawba vs. Roanoke
Catawba,201,100 Free,8,46.87,Cameron Watson,,Queens (NC) vs. Catawba
Catawba,201,100 Free,9,47.17,Alejandro Alvarez Fernandez,,Milligan vs. Catawba vs. Roanoke
Catawba,201,100 Free,10,47.90,Peyton Ponce-de-Leon,,Milligan vs. Catawba vs. Roanoke
Catawba,201,1000 Free,1,9:14.29,Nazar Herashchenko,,Kellianne Nagy Fall Frenzy Invite
Catawba,201,1000 Free,2,9:28.90,Lincoln Council,,Catawba vs. Lenoir-Rhyne
Catawba,201,1000 Free,3,9:36.42,Jerzy Larys,,Kellianne Nagy Fall Frenzy Invite
Catawba,201,1000 Free,4,10:04.48,Lewis Mikesell,,Kellianne Nagy Fall Frenzy Invite
Catawba,201,1000 Free,5,10:05.39,Peyton Ponce-de-Leon,,Catawba vs. Lenoir-Rhyne
Catawba,201,1650 Free,1,15:19.76,Nazar Herashchenko,,Kellianne Nagy Fall Frenzy Invite
Catawba,201,1650 Free,2,15:53.94,Lincoln Council,,Kellianne Nagy Fall Frenzy Invite
Catawba,201,1650 Free,3,16:01.53,Jerzy Larys,,Kellianne Nagy Fall Frenzy Invite
Catawba,201,1650 Free,4,16:47.71,Lewis Mikesell,,Kellianne Nagy Fall Frenzy Invite
Catawba,201,200 Back,1,1:47.14,George Fykatas,,Kellianne Nagy Fall Frenzy Invite
Catawba,201,200 Back,2,1:48.27,Alejandro Alvarez Fernandez,,Kellianne Nagy Fall Frenzy Invite
Catawba,201,200 Back,3,1:56.95,João Vitor Oliveira,,Catawba vs. Carson-Newman
Catawba,201,200 Back,4,1:57.32,Peyton Ponce-de-Leon,,Catawba vs. Carson-Newman
Catawba,201,200 Back,5,1:57.67,Nolan Lacjak,,Kellianne Nagy Fall Frenzy Invite
Catawba,201,200 Back,6,1:58.06,Evan Stroud,,Kellianne Nagy Fall Frenzy Invite
Catawba,201,200 Breast,1,1:58.39,Rowan Viles,,Kellianne Nagy Fall Frenzy Invite
Catawba,201,200 Breast,2,1:59.97,Jules Remy,,Kellianne Nagy Fall Frenzy Invite
Catawba,201,200 Breast,3,2:01.09,Ryan Case,,Kellianne Nagy Fall Frenzy Invite
Catawba,201,200 Breast,4,2:05.49,Greg Kisshauer,,Catawba vs. Gardner-Webb
Catawba,201,200 Breast,5,2:08.40,Marshall Wells,,Kellianne Nagy Fall Frenzy Invite
Catawba,201,200 Breast,6,2:08.77,João Vitor Oliveira,,Catawba vs. Lenoir-Rhyne
Catawba,201,200 Fly,1,1:46.77,Cameron Watson,,Kellianne Nagy Fall Frenzy Invite
Catawba,201,200 Fly,2,1:48.17,Lassi Niemi,,Kellianne Nagy Fall Frenzy Invite
Catawba,201,200 Fly,3,1:50.31,Nazar Herashchenko,,Catawba vs. Lenoir-Rhyne
Catawba,201,200 Fly,4,1:51.18,Greg Kisshauer,,Catawba vs. Carson-Newman
Catawba,201,200 Fly,5,1:52.02,Alejandro Alvarez Fernandez,,Catawba vs. Lenoir-Rhyne
Catawba,201,200 Fly,6,1:52.54,Peyton Ponce-de-Leon,,Kellianne Nagy Fall Frenzy Invite
Catawba,201,200 Fly,7,1:53.55,João Vitor Oliveira,,Kellianne Nagy Fall Frenzy Invite
Catawba,201,200 Fly,8,1:54.16,Sammer Abdallah,,Catawba vs. Lenoir-Rhyne
Catawba,201,200 Fly,9,1:59.80,Lewis Mikesell,,Catawba vs. Carson-Newman
Catawba,201,200 Free,1,1:37.19,Maks Minichowski,,Catawba vs. Wingate
Catawba,201,200 Free,2,1:37.96,Nazar Herashchenko,,Kellianne Nagy Fall Frenzy Invite
Catawba,201,200 Free,3,1:39.66,Sammer Abdallah,,Kellianne Nagy Fall Frenzy Invite
Catawba,201,200 Free,4,1:40.35,Jules Remy,,Catawba vs. Carson-Newman
Catawba,201,200 Free,5,1:40.56,Cameron Watson,,Kellianne Nagy Fall Frenzy Invite
Catawba,201,200 Free,6,1:41.10,Matt Howard,,Kellianne Nagy Fall Frenzy Invite
Catawba,201,200 Free,7,1:42.21,Lassi Niemi,,Catawba vs. Lenoir-Rhyne
Catawba,201,200 Free,8,1:42.60,George Fykatas,,Catawba vs. Lenoir-Rhyne
Catawba,201,200 Free,9,1:43.50,Lincoln Council,,Kellianne Nagy Fall Frenzy Invite
Catawba,201,200 Free,10,1:44.08,Alejandro Alvarez Fernandez,,Catawba vs. Wingate
Catawba,201,200 Im,1,1:48.59,Jules Remy,,Kellianne Nagy Fall Frenzy Invite
Catawba,201,200 Im,2,1:49.93,Greg Kisshauer,,Kellianne Nagy Fall Frenzy Invite
Catawba,201,200 Im,3,1:51.38,Cameron Watson,,Kellianne Nagy Fall Frenzy Invite
Catawba,201,200 Im,4,1:51.65,Alejandro Alvarez Fernandez,,Kellianne Nagy Fall Frenzy Invite
Catawba,201,200 Im,5,1:52.06,João Vitor Oliveira,,Kellianne Nagy Fall Frenzy Invite
Catawba,201,200 Im,6,1:52.64,George Fykatas,,Kellianne Nagy Fall Frenzy Invite
Catawba,201,200 Im,7,1:53.37,Ryan Case,,Catawba vs. Lenoir-Rhyne
Catawba,201,200 Im,8,1:57.64,Rowan Viles,,Kellianne Nagy Fall Frenzy Invite
Catawba,201,200 Im,9,1:58.94,Jerzy Larys,,Catawba vs. Lenoir-Rhyne
Catawba,201,200 Im,10,1:59.55,Nolan Lacjak,,Kellianne Nagy Fall Frenzy Invite
Catawba,201,400 Im,1,3:51.67,Jules Remy,,Kellianne Nagy Fall Frenzy Invite
Catawba,201,400 Im,2,4:01.09,João Vitor Oliveira,,Kellianne Nagy Fall Frenzy Invite
Catawba,201,400 Im,3,4:04.64,Alejandro Alvarez Fernandez,,Kellianne Nagy Fall Frenzy Invite
Catawba,201,400 Im,4,4:07.14,Jerzy Larys,,Kellianne Nagy Fall Frenzy Invite
Catawba,201,50 Free,1,19.86,Matt Howard,,Kellianne Nagy Fall Frenzy Invite
Catawba,201,50 Free,2,19.88,Maks Minichowski,,Kellianne Nagy Fall Frenzy Invite
Catawba,201,50 Free,3,20.41,Ryan Case,,Kellianne Nagy Fall Frenzy Invite
Catawba,201,50 Free,4,20.80,Ivo Cruz,,Kellianne Nagy Fall Frenzy Invite
Catawba,201,50 Free,5,20.86,Lassi Niemi,,Kellianne Nagy Fall Frenzy Invite
Catawba,201,50 Free,6,21.41,Sammer Abdallah,,Kellianne Nagy Fall Frenzy Invite
Catawba,201,50 Free,7,21.54,Marshall Wells,,Kellianne Nagy Fall Frenzy Invite
Catawba,201,50 Free,8,21.64,Peyton Ponce-de-Leon,,Kellianne Nagy Fall Frenzy Invite
Catawba,201,50 Free,9,22.46,Jules Remy,,Kellianne Nagy Fall Frenzy Invite
Catawba,201,50 Free,10,22.62,Alejandro Alvarez Fernandez,,Milligan vs. Catawba vs. Roanoke
Catawba,201,500 Free,1,4:21.99,Nazar Herashchenko,,Kellianne Nagy Fall Frenzy Invite
Catawba,201,500 Free,2,4:31.73,Jules Remy,,Catawba vs. Lenoir-Rhyne
Catawba,201,500 Free,3,4:34.08,Lincoln Council,,Kellianne Nagy Fall Frenzy Invite
Catawba,201,500 Free,4,4:34.65,Jerzy Larys,,Kellianne Nagy Fall Frenzy Invite
Catawba,201,500 Free,5,4:45.90,Lewis Mikesell,,Kellianne Nagy Fall Frenzy Invite
Chowan,10007086,100 Back,1,55.59,Robert Liz Cabrera,,King Invitational
Chowan,10007086,100 Back,2,57.99,Stefan Reedy,,King Invitational
Chowan,10007086,100 Back,3,1:04.56,Quintin Mitchell,,Chowan vs. William Peace
Chowan,10007086,100 Breast,1,57.77,Aleksei Belolipetskii,,King Invitational
Chowan,10007086,100 Breast,2,1:00.22,Michael Grenier,,King Invitational
Chowan,10007086,100 Breast,3,1:03.83,Robert Liz Cabrera,,W&L Senior Meet - RMC.Chowan
Chowan,10007086,100 Fly,1,53.24,Aleksei Belolipetskii,,VWU vs Chowan
Chowan,10007086,100 Fly,2,56.00,Quintin Mitchell,,King Invitational
Chowan,10007086,100 Fly,3,1:02.32,Michael Grenier,,King Invitational
Chowan,10007086,100 Fly,4,1:04.33,Christopher Goode,,King Invitational
Chowan,10007086,100 Free,1,46.29,Robert Liz Cabrera,,King Invitational
Chowan,10007086,100 Free,2,46.57,Aleksei Belolipetskii,,King Invitational
Chowan,10007086,100 Free,3,46.96,Dimitrije Markovic,,King Invitational
Chowan,10007086,100 Free,4,50.97,Quintin Mitchell,,King Invitational
Chowan,10007086,100 Free,5,51.59,Stefan Reedy,,King Invitational
Chowan,10007086,100 Free,6,55.79,Christopher Goode,,King Invitational
Chowan,10007086,100 Free,7,1:17.59,Nasir Nelson,,King Invitational
Chowan,10007086,1000 Free,1,10:19.86,Michael Grenier,,King Invitational
Chowan,10007086,1650 Free,1,17:13.99,Michael Grenier,,King Invitational
Chowan,10007086,200 Back,1,2:08.08,Stefan Reedy,,King Invitational
Chowan,10007086,200 Breast,1,2:12.54,Michael Grenier,,King Invitational
Chowan,10007086,200 Breast,2,2:18.31,Aleksei Belolipetskii,,Chowan vs. William Peace
Chowan,10007086,200 Free,1,1:42.54,Dimitrije Markovic,,King Invitational
Chowan,10007086,200 Free,2,1:51.61,Michael Grenier,,King Invitational
Chowan,10007086,200 Free,3,2:03.20,Quintin Mitchell,,W&L Senior Meet - RMC.Chowan
Chowan,10007086,200 Free,4,2:05.66,Stefan Reedy,,Chowan vs. William Peace
Chowan,10007086,200 Free,5,2:28.92,Christopher Goode,,W&L Senior Meet - RMC.Chowan
Chowan,10007086,200 Im,1,1:53.75,Aleksei Belolipetskii,,King Invitational
Chowan,10007086,200 Im,2,2:02.04,Dimitrije Markovic,,W&L Senior Meet - RMC.Chowan
Chowan,10007086,200 Im,3,2:53.51,Quintin Mitchell,,Chowan vs. William Peace
Chowan,10007086,400 Im,1,4:24.94,Michael Grenier,,King Invitational
Chowan,10007086,50 Free,1,20.98,Robert Liz Cabrera,,King Invitational
Chowan,10007086,50 Free,2,22.05,Aleksei Belolipetskii,,W&L Senior Meet - RMC.Chowan
Chowan,10007086,50 Free,3,22.20,Dimitrije Markovic,,VWU vs Chowan
Chowan,10007086,50 Free,4,22.50,Stefan Reedy,,King Invitational
Chowan,10007086,50 Free,5,22.90,Quintin Mitchell,,King Invitational
Chowan,10007086,50 Free,6,24.13,Christopher Goode,,King Invitational
Chowan,10007086,50 Free,7,32.03,Julius Riley,,Barton vs. Chowan
Chowan,10007086,50 Free,8,33.04,Seth McKenzie,,VWU vs Chowan Univ vs Barton College
Chowan,10007086,50 Free,9,33.68,Nasir Nelson,,King Invitational
Chowan,10007086,50 Free,10,33.77,Isaiah Gill,,W&L Senior Meet - RMC.Chowan
Chowan,10007086,500 Free,1,4:39.90,Dimitrije Markovic,,King Invitational
Chowan,10007086,500 Free,2,5:07.69,Michael Grenier,,Converse vs. UNCP/Barton/Chowan
Clarion,114,100 Back,1,49.54,Jacob Rider,,Zippy Invitational
Clarion,114,100 Back,2,52.51,Logan Curtis,,Zippy Invitational
Clarion,114,100 Back,3,52.59,Mason Peck,,Zippy Invitational
Clarion,114,100 Back,4,52.93,Kevin Santos,,Zippy Invitational
Clarion,114,100 Back,5,54.33,RJ Schaffer,,Zippy Invitational
Clarion,114,100 Back,6,54.37,Landon Seman,,Zippy Invitational
Clarion,114,100 Breast,1,54.78,Dom Cortopassi,,Zippy Invitational
Clarion,114,100 Breast,2,54.99,Gavin Guckavan,,Zippy Invitational
Clarion,114,100 Breast,3,57.26,Rich Scholer,,Zippy Invitational
Clarion,114,100 Breast,4,58.44,Stewart Messer,,Zippy Invitational
Clarion,114,100 Breast,5,58.88,Ryan Ehlers,,Zippy Invitational
Clarion,114,100 Breast,6,1:03.75,Connor Hoy,,PennWest Duals
Clarion,114,100 Fly,1,47.99,Dom Cortopassi,,Zippy Invitational
Clarion,114,100 Fly,2,49.52,Mason Peck,,Zippy Invitational
Clarion,114,100 Fly,3,50.67,Joey Margita,,Zippy Invitational
Clarion,114,100 Fly,4,51.32,Dylan Chaky,,Zippy Invitational
Clarion,114,100 Fly,5,51.37,Rich Scholer,,Zippy Invitational
Clarion,114,100 Fly,6,52.33,RJ Schaffer,,Zippy Invitational
Clarion,114,100 Fly,7,52.45,Frankie DiMartini,,Zippy Invitational
Clarion,114,100 Fly,8,53.15,Gavin Guckavan,,Ralph Johnson Invitational
Clarion,114,100 Fly,9,53.74,Henry Miller,,PennWest Duals
Clarion,114,100 Fly,10,54.54,George Horey,,Zippy Invitational
Clarion,114,100 Free,1,45.83,Mason Peck,,Zippy Invitational
Clarion,114,100 Free,2,46.09,Gavin Guckavan,,Zippy Invitational
Clarion,114,100 Free,3,46.77,Dom Cortopassi,,Gannon vs Clarion
Clarion,114,100 Free,4,47.34,Dylan Chaky,,Zippy Invitational
Clarion,114,100 Free,5,47.95,Connor Hoy,,Zippy Invitational
Clarion,114,100 Free,6,48.05,Mason Irwin,,PennWest Duals
Clarion,114,100 Free,7,48.48,Logan Curtis,,Zippy Invitational
Clarion,114,100 Free,8,48.54,Ryan Ehlers,,Zippy Invitational
Clarion,114,100 Free,9,49.05,Jacob Rider,,Crimson Hawk Fall Invitational
Clarion,114,100 Free,10,49.40,Frankie DiMartini,,Zippy Invitational
Clarion,114,1000 Free,1,9:54.34,Connor Hoy,,Zippy Invitational
Clarion,114,1000 Free,2,10:11.76,Kevin Santos,,Zippy Invitational
Clarion,114,1000 Free,3,10:15.97,George Horey,,PennWest Duals
Clarion,114,1000 Free,4,10:45.44,Frankie DiMartini,,Shippensburg vs Clarion
Clarion,114,1650 Free,1,16:25.40,Connor Hoy,,Zippy Invitational
Clarion,114,1650 Free,2,16:49.08,Kevin Santos,,Zippy Invitational
Clarion,114,200 Back,1,1:48.87,Jacob Rider,,Zippy Invitational
Clarion,114,200 Back,2,1:54.64,Kevin Santos,,Zippy Invitational
Clarion,114,200 Back,3,1:55.99,Landon Seman,,Zippy Invitational
Clarion,114,200 Back,4,2:03.81,Logan Curtis,,Shippensburg vs Clarion
Clarion,114,200 Back,5,2:03.91,RJ Schaffer,,Zippy Invitational
Clarion,114,200 Breast,1,1:59.62,Dom Cortopassi,,Zippy Invitational
Clarion,114,200 Breast,2,2:01.45,Gavin Guckavan,,Zippy Invitational
Clarion,114,200 Breast,3,2:06.34,Rich Scholer,,Zippy Invitational
Clarion,114,200 Breast,4,2:09.32,Stewart Messer,,Zippy Invitational
Clarion,114,200 Breast,5,2:10.80,Ryan Ehlers,,Zippy Invitational
Clarion,114,200 Fly,1,1:57.66,Kevin Santos,,Zippy Invitational
Clarion,114,200 Fly,2,1:58.72,Mason Irwin,,Shippensburg vs Clarion
Clarion,114,200 Fly,3,1:59.09,Joey Margita,,Zippy Invitational
Clarion,114,200 Fly,4,2:08.23,Frankie DiMartini,,Bloomsburg vs Clarion
Clarion,114,200 Free,1,1:38.85,Dom Cortopassi,,Zippy Invitational
Clarion,114,200 Free,2,1:40.34,Jacob Rider,,Zippy Invitational
Clarion,114,200 Free,3,1:41.16,Mason Irwin,,Zippy Invitational
Clarion,114,200 Free,4,1:45.17,Stewart Messer,,Zippy Invitational
Clarion,114,200 Free,5,1:45.24,Logan Curtis,,Zippy Invitational
Clarion,114,200 Free,6,1:45.40,Ryan Ehlers,,Zippy Invitational
Clarion,114,200 Free,7,1:45.56,Connor Hoy,,Ralph Johnson Invitational
Clarion,114,200 Free,8,1:46.94,Landon Seman,,Zippy Invitational
Clarion,114,200 Free,9,1:47.34,RJ Schaffer,,Zippy Invitational
Clarion,114,200 Free,10,1:50.41,Dylan Chaky,,PennWest Duals
Clarion,114,200 Im,1,1:53.63,Mason Irwin,,Zippy Invitational
Clarion,114,200 Im,2,1:54.46,Rich Scholer,,Zippy Invitational
Clarion,114,200 Im,3,1:56.61,Dom Cortopassi,,Ralph Johnson Invitational
Clarion,114,200 Im,4,1:59.21,Connor Hoy,,Crimson Hawk Fall Invitational
Clarion,114,200 Im,5,1:59.52,Landon Seman,,Zippy Invitational
Clarion,114,200 Im,6,2:05.71,Kevin Santos,,PennWest Duals
Clarion,114,400 Im,1,4:06.75,Connor Hoy,,Zippy Invitational
Clarion,114,400 Im,2,4:13.46,Ryan Ehlers,,Zippy Invitational
Clarion,114,400 Im,3,4:15.73,Kevin Santos,,Zippy Invitational
Clarion,114,50 Free,1,20.46,Gavin Guckavan,,Zippy Invitational
Clarion,114,50 Free,2,20.95,Dom Cortopassi,,Zippy Invitational
Clarion,114,50 Free,3,21.19,Jacob Rider,,Zippy Invitational
Clarion,114,50 Free,4,21.34,Mason Peck,,Zippy Invitational
Clarion,114,50 Free,5,21.56,Ryan Ehlers,,Zippy Invitational
Clarion,114,50 Free,6,21.64,Stewart Messer,,Zippy Invitational
Clarion,114,50 Free,7,21.65,Rich Scholer,,Zippy Invitational
Clarion,114,50 Free,8,21.72,RJ Schaffer,,Zippy Invitational
Clarion,114,50 Free,9,21.73,Dylan Chaky,,Zippy Invitational
Clarion,114,50 Free,10,22.04,Joey Margita,,Zippy Invitational
Clarion,114,500 Free,1,4:39.73,Connor Hoy,,Zippy Invitational
Clarion,114,500 Free,2,4:49.36,George Horey,,Zippy Invitational
Clarion,114,500 Free,3,4:50.46,Kevin Santos,,Zippy Invitational
Clarion,114,500 Free,4,4:51.20,Logan Curtis,,Zippy Invitational
Clarion,114,500 Free,5,4:53.15,Frankie DiMartini,,Zippy Invitational
Clarion,114,500 Free,6,5:22.34,Landon Seman,,Gannon vs Clarion
Colorado Mesa,517,100 Back,1,47.40,Luka Samsonov,,TYR/CMU Invitational
Colorado Mesa,517,100 Back,2,48.24,Richard Schmiedefeld,,TYR/CMU Invitational
Colorado Mesa,517,100 Back,3,49.47,Ethan Viescas,,TYR/CMU Invitational
Colorado Mesa,517,100 Back,4,49.47,Jackson Moe,,TYR/CMU Invitational
Colorado Mesa,517,100 Back,5,49.69,Alix Perras,,TYR/CMU Invitational
Colorado Mesa,517,100 Back,6,50.53,Evan Higgins,,TYR/CMU Invitational
Colorado Mesa,517,100 Back,7,50.77,Jacob Sampson,,TYR/CMU Invitational
Colorado Mesa,517,100 Back,8,51.10,Marcus Pineiro,,TYR/CMU Invitational
Colorado Mesa,517,100 Back,9,51.40,Ian Spooner,,TYR/CMU Invitational
Colorado Mesa,517,100 Breast,1,53.89,Aron Jonsson,,UNLV Invite
Colorado Mesa,517,100 Breast,2,54.07,Marcos Otero,,TYR/CMU Invitational
Colorado Mesa,517,100 Breast,3,55.01,Brodie Khajuria,,TYR/CMU Invitational
Colorado Mesa,517,100 Breast,4,55.38,Alix Perras,,TYR/CMU Invitational
Colorado Mesa,517,100 Breast,5,55.98,Miles Moran,,TYR/CMU Invitational
Colorado Mesa,517,100 Breast,6,56.57,Lucas Motley,,TYR/CMU Invitational
Colorado Mesa,517,100 Fly,1,46.68,Guillaume GUTH,,TYR/CMU Invitational
Colorado Mesa,517,100 Fly,2,46.76,Oskar Sawicki,,TYR/CMU Invitational
Colorado Mesa,517,100 Fly,3,47.88,Micah Moore,,TYR/CMU Invitational
Colorado Mesa,517,100 Fly,4,49.25,Braden Felio,,TYR/CMU Invitational
Colorado Mesa,517,100 Fly,5,49.27,Ethan Viescas,,TYR/CMU Invitational
Colorado Mesa,517,100 Fly,6,49.65,Caleb Dutton,,TYR/CMU Invitational
Colorado Mesa,517,100 Fly,7,49.70,Marcus Pineiro,,TYR/CMU Invitational
Colorado Mesa,517,100 Fly,8,49.79,Matt Stelmaszak,,TYR/CMU Invitational
Colorado Mesa,517,100 Fly,9,49.80,Nathan Knobelspiesse,,TYR/CMU Invitational
Colorado Mesa,517,100 Fly,10,50.27,Grant Browne,,TYR/CMU Invitational
Colorado Mesa,517,100 Free,1,42.66,Guillaume GUTH,,TYR/CMU Invitational
Colorado Mesa,517,100 Free,2,44.24,Holden Convertino,,TYR/CMU Invitational
Colorado Mesa,517,100 Free,3,44.26,Ben Vester,,TYR/CMU Invitational
Colorado Mesa,517,100 Free,4,44.64,Oskar Sawicki,,TYR/CMU Invitational
Colorado Mesa,517,100 Free,5,44.84,Marcus Pineiro,,TYR/CMU Invitational
Colorado Mesa,517,100 Free,6,45.22,Richard Schmiedefeld,,TYR/CMU Invitational
Colorado Mesa,517,100 Free,7,45.26,Jonas Friess,,UNLV Invite
Colorado Mesa,517,100 Free,8,45.28,Braden Felio,,TYR/CMU Invitational
Colorado Mesa,517,100 Free,9,45.33,Torsten Hokanson,,TYR/CMU Invitational
Colorado Mesa,517,100 Free,10,45.84,Jacob Sampson,,TYR/CMU Invitational
Colorado Mesa,517,1000 Free,1,9:12.61,Gavyn Tatge,,TYR/CMU Invitational
Colorado Mesa,517,1000 Free,2,9:15.86,Conrad Fawcett,,TYR/CMU Invitational
Colorado Mesa,517,1000 Free,3,9:21.44,Ethan Gluck,,TYR/CMU Invitational
Colorado Mesa,517,1000 Free,4,9:24.96,Jonas Friess,,TYR/CMU Invitational
Colorado Mesa,517,1000 Free,5,9:37.80,Ben Vester,,Intermountain Shootout -
Colorado Mesa,517,1000 Free,6,9:47.34,Braden Felio,,Intermountain Shootout -
Colorado Mesa,517,1000 Free,7,10:03.24,Micah Moore,,Colorado Mines vs. Colorado Mesa
Colorado Mesa,517,1650 Free,1,15:24.87,Gavyn Tatge,,TYR/CMU Invitational
Colorado Mesa,517,1650 Free,2,15:44.09,Ethan Gluck,,TYR/CMU Invitational
Colorado Mesa,517,1650 Free,3,16:02.33,Conrad Fawcett,,BYU v AFA v CMU
Colorado Mesa,517,200 Back,1,1:44.34,Luka Samsonov,,TYR/CMU Invitational
Colorado Mesa,517,200 Back,2,1:45.02,Richard Schmiedefeld,,TYR/CMU Invitational
Colorado Mesa,517,200 Back,3,1:48.13,Ethan Viescas,,TYR/CMU Invitational
Colorado Mesa,517,200 Back,4,1:49.34,Jackson Moe,,TYR/CMU Invitational
Colorado Mesa,517,200 Back,5,1:50.78,Evan Higgins,,TYR/CMU Invitational
Colorado Mesa,517,200 Back,6,1:53.24,Nathan Knobelspiesse,,Intermountain Shootout-Day 2 (Saturday)
Colorado Mesa,517,200 Breast,1,1:55.56,Aron Jonsson,,TYR/CMU Invitational
Colorado Mesa,517,200 Breast,2,1:58.02,Marcos Otero,,TYR/CMU Invitational
Colorado Mesa,517,200 Breast,3,1:58.58,Brodie Khajuria,,TYR/CMU Invitational
Colorado Mesa,517,200 Breast,4,1:58.86,Miles Moran,,TYR/CMU Invitational
Colorado Mesa,517,200 Breast,5,2:00.36,Lucas Motley,,TYR/CMU Invitational
Colorado Mesa,517,200 Fly,1,1:45.83,Micah Moore,,Denver vs. Wyoming vs. Colorado Mesa
Colorado Mesa,517,200 Fly,2,1:46.60,Ethan Gluck,,TYR/CMU Invitational
Colorado Mesa,517,200 Fly,3,1:47.25,Nathan Knobelspiesse,,TYR/CMU Invitational
Colorado Mesa,517,200 Fly,4,1:51.19,Caleb Dutton,,TYR/CMU Invitational
Colorado Mesa,517,200 Fly,5,1:52.34,Conrad Fawcett,,TYR/CMU Invitational
Colorado Mesa,517,200 Fly,6,1:59.98,Gavyn Tatge,,UNLV Invite
Colorado Mesa,517,200 Free,1,1:34.31,Guillaume GUTH,,TYR/CMU Invitational
Colorado Mesa,517,200 Free,2,1:35.57,Ben Vester,,TYR/CMU Invitational
Colorado Mesa,517,200 Free,3,1:36.80,Jonas Friess,,TYR/CMU Invitational
Colorado Mesa,517,200 Free,4,1:38.32,Conrad Fawcett,,TYR/CMU Invitational
Colorado Mesa,517,200 Free,5,1:38.38,Braden Felio,,TYR/CMU Invitational
Colorado Mesa,517,200 Free,6,1:39.12,Torsten Hokanson,,TYR/CMU Invitational
Colorado Mesa,517,200 Free,7,1:39.73,Matt Stelmaszak,,TYR/CMU Invitational
Colorado Mesa,517,200 Free,8,1:39.83,Caleb Dutton,,TYR/CMU Invitational
Colorado Mesa,517,200 Free,9,1:39.84,Jackson Moe,,TYR/CMU Invitational
Colorado Mesa,517,200 Free,10,1:40.83,Ian Spooner,,TYR/CMU Invitational
Colorado Mesa,517,200 Im,1,1:47.53,Micah Moore,,TYR/CMU Invitational
Colorado Mesa,517,200 Im,2,1:47.88,Marcos Otero,,TYR/CMU Invitational
Colorado Mesa,517,200 Im,3,1:47.98,Luka Samsonov,,TYR/CMU Invitational
Colorado Mesa,517,200 Im,4,1:49.09,Ben Vester,,BYU v AFA v CMU
Colorado Mesa,517,200 Im,5,1:49.32,Aron Jonsson,,TYR/CMU Invitational
Colorado Mesa,517,200 Im,6,1:50.28,Miles Moran,,TYR/CMU Invitational
Colorado Mesa,517,200 Im,7,1:51.52,Nathan Knobelspiesse,,TYR/CMU Invitational
Colorado Mesa,517,200 Im,8,1:54.53,Brodie Khajuria,,TYR/CMU Invitational
Colorado Mesa,517,200 Im,9,1:55.47,Lucas Motley,,Intermountain Shootout -
Colorado Mesa,517,400 Im,1,3:49.59,Luka Samsonov,,TYR/CMU Invitational
Colorado Mesa,517,400 Im,2,3:51.04,Micah Moore,,TYR/CMU Invitational
Colorado Mesa,517,400 Im,3,3:52.99,Ben Vester,,Denver vs. Wyoming vs. Colorado Mesa
Colorado Mesa,517,400 Im,4,3:53.40,Aron Jonsson,,TYR/CMU Invitational
Colorado Mesa,517,400 Im,5,3:54.07,Gavyn Tatge,,TYR/CMU Invitational
Colorado Mesa,517,400 Im,6,3:55.12,Ethan Gluck,,TYR/CMU Invitational
Colorado Mesa,517,400 Im,7,3:57.43,Miles Moran,,UNLV Invite
Colorado Mesa,517,400 Im,8,4:00.65,Lucas Motley,,TYR/CMU Invitational
Colorado Mesa,517,50 Free,1,19.59,Guillaume GUTH,,TYR/CMU Invitational
Colorado Mesa,517,50 Free,2,20.04,Holden Convertino,,TYR/CMU Invitational
Colorado Mesa,517,50 Free,3,20.05,Richard Schmiedefeld,,TYR/CMU Invitational
Colorado Mesa,517,50 Free,4,20.07,Oskar Sawicki,,UNLV Invite
Colorado Mesa,517,50 Free,5,20.25,Marcos Otero,,TYR/CMU Invitational
Colorado Mesa,517,50 Free,6,20.57,Marcus Pineiro,,TYR/CMU Invitational
Colorado Mesa,517,50 Free,7,20.74,Torsten Hokanson,,TYR/CMU Invitational
Colorado Mesa,517,50 Free,8,20.75,Grant Browne,,TYR/CMU Invitational
Colorado Mesa,517,50 Free,9,20.91,Jacob Sampson,,TYR/CMU Invitational
Colorado Mesa,517,50 Free,10,20.97,Matt Stelmaszak,,UNLV Invite
Colorado Mesa,517,500 Free,1,4:24.05,Ben Vester,,TYR/CMU Invitational
Colorado Mesa,517,500 Free,2,4:25.30,Jonas Friess,,TYR/CMU Invitational
Colorado Mesa,517,500 Free,3,4:26.65,Braden Felio,,TYR/CMU Invitational
Colorado Mesa,517,500 Free,4,4:27.34,Conrad Fawcett,,TYR/CMU Invitational
Colorado Mesa,517,500 Free,5,4:28.87,Ethan Gluck,,TYR/CMU Invitational
Colorado Mesa,517,500 Free,6,4:30.02,Gavyn Tatge,,TYR/CMU Invitational
Colorado Mesa,517,500 Free,7,4:35.27,Lucas Motley,,TYR/CMU Invitational
Colorado Mesa,517,500 Free,8,4:40.00,Ian Spooner,,TYR/CMU Invitational
Colorado Mines,50,100 Back,1,47.75,Jakson Winn,,TYR/CMU Invitational
Colorado Mines,50,100 Back,2,50.04,Jack Fulham,,TYR/CMU Invitational
Colorado Mines,50,100 Back,3,50.31,Reid Wilkerson,,TYR/CMU Invitational
Colorado Mines,50,100 Back,4,52.31,Vlad Kazakin,,Colorado School of Mines Intrasquad
Colorado Mines,50,100 Back,5,53.78,Brenden Cook,,Colorado Mines vs. Colorado College
Colorado Mines,50,100 Back,6,56.00,Nathan Moss,,"UNC, School of Mines vs Wyomin"
Colorado Mines,50,100 Back,7,56.47,Charlie Krone,,Colorado School of Mines Intrasquad
Colorado Mines,50,100 Back,8,56.89,Jackson Steider,,Colorado School of Mines Intrasquad
Colorado Mines,50,100 Back,9,58.27,Joseph Lev-Tov,,Colorado School of Mines Intrasquad
Colorado Mines,50,100 Back,10,58.63,Evan Angeline,,Colorado School of Mines Intrasquad
Colorado Mines,50,100 Breast,1,56.58,Joe Hutchinson,,TYR/CMU Invitational
Colorado Mines,50,100 Breast,2,57.10,Fausto Angelone Lopez,,TYR/CMU Invitational
Colorado Mines,50,100 Breast,3,58.52,Evan Angeline,,TYR/CMU Invitational
Colorado Mines,50,100 Breast,4,58.69,Kevin Burns,,TYR/CMU Invitational
Colorado Mines,50,100 Breast,5,1:01.92,Jack Fulham,,Colorado School of Mines Intrasquad
Colorado Mines,50,100 Breast,6,1:03.28,Dan Berke,,Colorado School of Mines Intrasquad
Colorado Mines,50,100 Breast,7,1:05.85,Jackson Steider,,Colorado School of Mines Intrasquad
Colorado Mines,50,100 Breast,8,1:06.28,Nathan Moss,,Colorado School of Mines Intrasquad
Colorado Mines,50,100 Breast,9,1:06.72,Vlad Kazakin,,Colorado School of Mines Intrasquad
Colorado Mines,50,100 Breast,10,1:06.76,Lucas Hoke,,Colorado School of Mines Intrasquad
Colorado Mines,50,100 Fly,1,47.96,Charlie Krone,,TYR/CMU Invitational
Colorado Mines,50,100 Fly,2,48.70,Jack Fulham,,TYR/CMU Invitational
Colorado Mines,50,100 Fly,3,49.16,Dan Berke,,TYR/CMU Invitational
Colorado Mines,50,100 Fly,4,50.54,Lucas Waasdorp,,TYR/CMU Invitational
Colorado Mines,50,100 Fly,5,51.21,Reid Wilkerson,,TYR/CMU Invitational
Colorado Mines,50,100 Fly,6,51.87,Mattie Oberley,,TYR/CMU Invitational
Colorado Mines,50,100 Fly,7,53.35,Vlad Kazakin,,Colorado School of Mines Intrasquad
Colorado Mines,50,100 Fly,8,53.92,Jackson Steider,,Colorado School of Mines Intrasquad
Colorado Mines,50,100 Fly,9,54.88,Brenden Cook,,Colorado School of Mines Intrasquad
Colorado Mines,50,100 Fly,10,54.90,Kevin Burns,,Colorado School of Mines Intrasquad
Colorado Mines,50,100 Free,1,45.14,Brenden Cook,,TYR/CMU Invitational
Colorado Mines,50,100 Free,2,45.16,Jakson Winn,,TYR/CMU Invitational
Colorado Mines,50,100 Free,3,45.27,Dan Berke,,TYR/CMU Invitational
Colorado Mines,50,100 Free,4,45.30,Jack Fulham,,TYR/CMU Invitational
Colorado Mines,50,100 Free,5,45.51,Charlie Krone,,TYR/CMU Invitational
Colorado Mines,50,100 Free,6,45.73,Vlad Kazakin,,TYR/CMU Invitational
Colorado Mines,50,100 Free,7,46.44,Cameron MacMillan,,TYR/CMU Invitational
Colorado Mines,50,100 Free,8,46.57,Kevin Burns,,TYR/CMU Invitational
Colorado Mines,50,100 Free,9,47.23,Lucas Waasdorp,,TYR/CMU Invitational
Colorado Mines,50,100 Free,10,48.62,Aidan Bailey,,TYR/CMU Invitational
Colorado Mines,50,1000 Free,1,9:11.52,Vlad Kazakin,,TYR/CMU Invitational
Colorado Mines,50,1000 Free,2,9:20.18,Lucas Hoke,,TYR/CMU Invitational
Colorado Mines,50,1000 Free,3,9:23.76,Jackson Steider,,TYR/CMU Invitational
Colorado Mines,50,1000 Free,4,9:26.92,Nathan Moss,,TYR/CMU Invitational
Colorado Mines,50,1000 Free,5,9:29.29,Jake Sherman,,TYR/CMU Invitational
Colorado Mines,50,1000 Free,6,9:29.36,Joseph Lev-Tov,,TYR/CMU Invitational
Colorado Mines,50,1000 Free,7,9:43.45,Cameron MacMillan,,TYR/CMU Invitational
Colorado Mines,50,1650 Free,1,15:22.17,Vlad Kazakin,,TYR/CMU Invitational
Colorado Mines,50,1650 Free,2,15:45.57,Jake Sherman,,TYR/CMU Invitational
Colorado Mines,50,1650 Free,3,15:51.15,Lucas Hoke,,TYR/CMU Invitational
Colorado Mines,50,1650 Free,4,15:53.14,Nathan Moss,,TYR/CMU Invitational
Colorado Mines,50,1650 Free,5,16:03.00,Joseph Lev-Tov,,TYR/CMU Invitational
Colorado Mines,50,200 Back,1,1:50.71,Reid Wilkerson,,TYR/CMU Invitational
Colorado Mines,50,200 Back,2,1:59.73,Evan Angeline,,Denver vs. Colorado Mines
Colorado Mines,50,200 Back,3,2:02.49,Aidan Bailey,,Denver vs. Colorado Mines
Colorado Mines,50,200 Back,4,2:04.20,Jackson Steider,,"UNC, School of Mines vs Wyomin"
Colorado Mines,50,200 Back,5,2:04.27,Vlad Kazakin,,Colorado Mines vs. Adams State
Colorado Mines,50,200 Back,6,2:11.64,Lucas Hoke,,Colorado Mines vs. Colorado College
Colorado Mines,50,200 Breast,1,2:03.76,Fausto Angelone Lopez,,TYR/CMU Invitational
Colorado Mines,50,200 Breast,2,2:04.92,Joe Hutchinson,,TYR/CMU Invitational
Colorado Mines,50,200 Breast,3,2:05.19,Evan Angeline,,TYR/CMU Invitational
Colorado Mines,50,200 Breast,4,2:15.20,Kevin Burns,,TYR/CMU Invitational
Colorado Mines,50,200 Breast,5,2:15.71,Lucas Hoke,,Denver vs. Colorado Mines
Colorado Mines,50,200 Breast,6,2:33.33,Mattie Oberley,,Colorado Mines vs. Colorado Mesa
Colorado Mines,50,200 Fly,1,1:50.85,Lucas Hoke,,TYR/CMU Invitational
Colorado Mines,50,200 Fly,2,1:52.15,Jackson Steider,,TYR/CMU Invitational
Colorado Mines,50,200 Fly,3,1:55.07,Mattie Oberley,,TYR/CMU Invitational
Colorado Mines,50,200 Fly,4,1:56.25,Lucas Waasdorp,,TYR/CMU Invitational
Colorado Mines,50,200 Fly,5,1:57.96,Charlie Krone,,Colorado Mines vs. Adams State
Colorado Mines,50,200 Fly,6,1:58.44,Nathan Moss,,Denver vs. Colorado Mines
Colorado Mines,50,200 Free,1,1:38.02,Charlie Krone,,TYR/CMU Invitational
Colorado Mines,50,200 Free,2,1:39.75,Vlad Kazakin,,TYR/CMU Invitational
Colorado Mines,50,200 Free,3,1:40.03,Brenden Cook,,TYR/CMU Invitational
Colorado Mines,50,200 Free,4,1:40.43,Cameron MacMillan,,TYR/CMU Invitational
Colorado Mines,50,200 Free,5,1:41.32,Jack Fulham,,Denver vs. Colorado Mines
Colorado Mines,50,200 Free,6,1:42.12,Jake Sherman,,TYR/CMU Invitational
Colorado Mines,50,200 Free,7,1:42.16,Joseph Lev-Tov,,TYR/CMU Invitational
Colorado Mines,50,200 Free,8,1:44.79,Aidan Bailey,,TYR/CMU Invitational
Colorado Mines,50,200 Free,9,1:46.28,Lucas Hoke,,TYR/CMU Invitational
Colorado Mines,50,200 Free,10,1:46.38,Jackson Steider,,Colorado Mines vs. Colorado College
Colorado Mines,50,200 Im,1,1:50.44,Fausto Angelone Lopez,,TYR/CMU Invitational
Colorado Mines,50,200 Im,2,1:53.83,Evan Angeline,,TYR/CMU Invitational
Colorado Mines,50,200 Im,3,1:56.74,Joe Hutchinson,,TYR/CMU Invitational
Colorado Mines,50,200 Im,4,1:58.13,Vlad Kazakin,,Colorado School of Mines Intrasquad
Colorado Mines,50,200 Im,5,1:58.66,Jackson Steider,,Denver vs. Colorado Mines
Colorado Mines,50,200 Im,6,2:01.99,Nathan Moss,,"UNC, School of Mines vs Wyomin"
Colorado Mines,50,200 Im,7,2:05.54,Jack Fulham,,Colorado School of Mines Intrasquad
Colorado Mines,50,200 Im,8,2:05.55,Lucas Hoke,,Colorado School of Mines Intrasquad
Colorado Mines,50,200 Im,9,2:05.78,Reid Wilkerson,,Colorado School of Mines Intrasquad
Colorado Mines,50,200 Im,10,2:05.80,Charlie Krone,,Colorado School of Mines Intrasquad
Colorado Mines,50,400 Im,1,3:56.64,Fausto Angelone Lopez,,TYR/CMU Invitational
Colorado Mines,50,400 Im,2,3:58.24,Lucas Hoke,,TYR/CMU Invitational
Colorado Mines,50,400 Im,3,3:59.67,Evan Angeline,,TYR/CMU Invitational
Colorado Mines,50,400 Im,4,4:02.02,Nathan Moss,,TYR/CMU Invitational
Colorado Mines,50,400 Im,5,4:14.73,Jackson Steider,,Colorado Mines vs. Colorado Mesa
Colorado Mines,50,50 Free,1,20.50,Brenden Cook,,TYR/CMU Invitational
Colorado Mines,50,50 Free,2,20.60,Dan Berke,,TYR/CMU Invitational
Colorado Mines,50,50 Free,3,20.62,Jack Fulham,,TYR/CMU Invitational
Colorado Mines,50,50 Free,4,20.91,Jakson Winn,,TYR/CMU Invitational
Colorado Mines,50,50 Free,5,21.00,Kevin Burns,,TYR/CMU Invitational
Colorado Mines,50,50 Free,6,21.41,Reid Wilkerson,,TYR/CMU Invitational
Colorado Mines,50,50 Free,7,21.45,Lucas Waasdorp,,TYR/CMU Invitational
Colorado Mines,50,50 Free,8,21.63,Vlad Kazakin,,TYR/CMU Invitational
Colorado Mines,50,50 Free,9,21.90,Charlie Krone,,TYR/CMU Invitational
Colorado Mines,50,50 Free,10,22.22,Cameron MacMillan,,TYR/CMU Invitational
Colorado Mines,50,500 Free,1,4:22.89,Vlad Kazakin,,TYR/CMU Invitational
Colorado Mines,50,500 Free,2,4:27.16,Charlie Krone,,TYR/CMU Invitational
Colorado Mines,50,500 Free,3,4:32.11,Lucas Hoke,,TYR/CMU Invitational
Colorado Mines,50,500 Free,4,4:35.19,Nathan Moss,,TYR/CMU Invitational
Colorado Mines,50,500 Free,5,4:35.57,Cameron MacMillan,,TYR/CMU Invitational
Colorado Mines,50,500 Free,6,4:35.74,Jake Sherman,,TYR/CMU Invitational
Colorado Mines,50,500 Free,7,4:36.25,Jackson Steider,,TYR/CMU Invitational
Colorado Mines,50,500 Free,8,4:36.48,Joseph Lev-Tov,,TYR/CMU Invitational
Colorado Mines,50,500 Free,9,4:47.78,Aidan Bailey,,TYR/CMU Invitational
Colorado Mines,50,500 Free,10,4:58.20,Evan Angeline,,Colorado Mines vs. Air Force vs. Western Colorado
Converse,8475,100 Back,1,50.89,Joey Lilley,,Centre Invitational
Converse,8475,100 Back,2,51.19,Jay Owens,,Centre Invitational
Converse,8475,100 Back,3,52.71,Alexander Nichols,,Centre Invitational
Converse,8475,100 Back,4,54.84,Micah Lesley,,King vs. Converse
Converse,8475,100 Back,5,56.34,Alexander Kuznetsov,,Centre Invitational
Converse,8475,100 Back,6,57.31,Kir Lyzhin,,Centre Invitational
Converse,8475,100 Back,7,58.34,Davis Dial,,Converse vs. Emmanuel
Converse,8475,100 Back,8,1:00.39,Luigi Ballivian,,Converse vs. Emmanuel
Converse,8475,100 Back,9,1:01.71,Coleman Smith,,Centre Invitational
Converse,8475,100 Breast,1,56.64,Louis MILCZYNSKI,,Centre Invitational
Converse,8475,100 Breast,2,58.02,Tyler Leal,,Centre Invitational
Converse,8475,100 Breast,3,1:00.62,Chris olcott,,Centre Invitational
Converse,8475,100 Breast,4,1:01.32,Jaxon Tschikof,,Centre Invitational
Converse,8475,100 Breast,5,1:02.98,Gavin Gordy,,Centre Invitational
Converse,8475,100 Breast,6,1:03.04,Daniel Merzthal,,Converse vs. UNCP/Barton/Chowan
Converse,8475,100 Breast,7,1:04.14,Manny Schlichtmann,,Centre Invitational
Converse,8475,100 Fly,1,51.27,Alexander Kuznetsov,,Centre Invitational
Converse,8475,100 Fly,2,51.62,Tyler Leal,,Centre Invitational
Converse,8475,100 Fly,3,51.68,Louis MILCZYNSKI,,Converse vs. Lenoir-Rhyne
Converse,8475,100 Fly,4,54.11,Mason Reed,,Converse vs. Emmanuel
Converse,8475,100 Fly,5,54.68,Jay Owens,,Centre Invitational
Converse,8475,100 Fly,6,54.94,Coleman Smith,,Centre Invitational
Converse,8475,100 Fly,7,57.04,Micah Lesley,,Converse vs. UNCP/Barton/Chowan
Converse,8475,100 Fly,8,57.16,Chris olcott,,Converse vs. UNCP/Barton/Chowan
Converse,8475,100 Fly,9,57.21,Luigi Ballivian,,Centre Invitational
Converse,8475,100 Fly,10,58.54,Davis Dial,,Converse vs. Lenoir-Rhyne
Converse,8475,100 Free,1,46.20,Joey Lilley,,Centre Invitational
Converse,8475,100 Free,2,46.48,Louis MILCZYNSKI,,Centre Invitational
Converse,8475,100 Free,3,47.30,Henry Stockton,,King vs. Converse
Converse,8475,100 Free,4,47.39,Keith Rogers,,Centre Invitational
Converse,8475,100 Free,5,47.48,Daniel Merzthal,,Centre Invitational
Converse,8475,100 Free,6,48.07,Alexander Nichols,,Centre Invitational
Converse,8475,100 Free,7,48.78,Micah Lesley,,King vs. Converse
Converse,8475,100 Free,8,49.18,Tyler Leal,,Centre Invitational
Converse,8475,100 Free,9,49.71,Mason Reed,,Converse vs. UNCP/Barton/Chowan
Converse,8475,100 Free,10,50.72,Chris olcott,,Converse vs. King
Converse,8475,1000 Free,1,9:40.41,Henry Stockton,,Centre Invitational
Converse,8475,1000 Free,2,10:02.74,Mason Reed,,Converse vs. Emmanuel
Converse,8475,1000 Free,3,10:10.45,Micah Lesley,,Centre Invitational
Converse,8475,1000 Free,4,10:32.26,Davis Dial,,Converse vs. Emmanuel
Converse,8475,1000 Free,5,10:42.61,Kir Lyzhin,,Centre Invitational
Converse,8475,1000 Free,6,11:25.59,Luigi Ballivian,,Converse vs. Lenoir-Rhyne
Converse,8475,1650 Free,1,15:54.89,Henry Stockton,,Centre Invitational
Converse,8475,1650 Free,2,16:41.12,Mason Reed,,Centre Invitational
Converse,8475,1650 Free,3,16:57.97,Micah Lesley,,Centre Invitational
Converse,8475,1650 Free,4,17:41.10,Kir Lyzhin,,Centre Invitational
Converse,8475,200 Back,1,1:50.35,Jay Owens,,Centre Invitational
Converse,8475,200 Back,2,1:55.88,Alexander Nichols,,Centre Invitational
Converse,8475,200 Back,3,1:59.28,Micah Lesley,,Centre Invitational
Converse,8475,200 Back,4,2:03.80,Kir Lyzhin,,Centre Invitational
Converse,8475,200 Back,5,2:06.05,Davis Dial,,Centre Invitational
Converse,8475,200 Back,6,2:10.20,Alexander Kuznetsov,,Emmanuel Fall Invite
Converse,8475,200 Back,7,2:10.75,Luigi Ballivian,,Emmanuel Fall Invite
Converse,8475,200 Breast,1,2:07.05,Louis MILCZYNSKI,,Centre Invitational
Converse,8475,200 Breast,2,2:08.44,Tyler Leal,,Centre Invitational
Converse,8475,200 Breast,3,2:14.31,Gavin Gordy,,Centre Invitational
Converse,8475,200 Breast,4,2:16.13,Chris olcott,,Centre Invitational
Converse,8475,200 Breast,5,2:18.04,Jaxon Tschikof,,Centre Invitational
Converse,8475,200 Breast,6,2:21.29,Davis Dial,,Centre Invitational
Converse,8475,200 Breast,7,2:23.92,Manny Schlichtmann,,Centre Invitational
Converse,8475,200 Fly,1,1:55.75,Mason Reed,,Centre Invitational
Converse,8475,200 Fly,2,1:57.08,Alexander Kuznetsov,,Centre Invitational
Converse,8475,200 Fly,3,2:05.31,Luigi Ballivian,,Centre Invitational
Converse,8475,200 Fly,4,2:06.87,Davis Dial,,Centre Invitational
Converse,8475,200 Fly,5,2:08.50,Micah Lesley,,Emmanuel Fall Invite
Converse,8475,200 Fly,6,2:08.80,Coleman Smith,,Centre Invitational
Converse,8475,200 Fly,7,2:13.89,Henry Winstead,,Centre Invitational
Converse,8475,200 Free,1,1:39.74,Henry Stockton,,Centre Invitational
Converse,8475,200 Free,2,1:44.98,Micah Lesley,,Centre Invitational
Converse,8475,200 Free,3,1:45.10,Mason Reed,,Centre Invitational
Converse,8475,200 Free,4,1:45.62,Louis MILCZYNSKI,,Centre Invitational
Converse,8475,200 Free,5,1:45.76,Daniel Merzthal,,Centre Invitational
Converse,8475,200 Free,6,1:47.09,Alexander Nichols,,Converse vs. Emmanuel
Converse,8475,200 Free,7,1:47.41,Keith Rogers,,Centre Invitational
Converse,8475,200 Free,8,1:50.88,Chris olcott,,Converse vs. Emmanuel
Converse,8475,200 Free,9,1:52.54,Davis Dial,,Centre Invitational
Converse,8475,200 Free,10,1:53.07,Henry Winstead,,Converse vs. Emmanuel
Converse,8475,200 Im,1,1:54.24,Jay Owens,,Centre Invitational
Converse,8475,200 Im,2,1:58.81,Tyler Leal,,Centre Invitational
Converse,8475,200 Im,3,2:00.19,Louis MILCZYNSKI,,Converse vs. UNCP/Barton/Chowan
Converse,8475,200 Im,4,2:01.41,Chris olcott,,Centre Invitational
Converse,8475,200 Im,5,2:01.66,Gavin Gordy,,Centre Invitational
Converse,8475,200 Im,6,2:09.98,Davis Dial,,Converse vs Lenoir-Rhyne
Converse,8475,200 Im,7,2:10.34,Luigi Ballivian,,Emmanuel Fall Invite
Converse,8475,200 Im,8,2:11.41,Jaxon Tschikof,,Centre Invitational
Converse,8475,200 Im,9,2:13.44,Henry Winstead,,Converse vs. UNCP/Barton/Chowan
Converse,8475,200 Im,10,2:17.76,Kir Lyzhin,,Converse vs. Lenoir-Rhyne
Converse,8475,400 Im,1,4:03.47,Jay Owens,,Centre Invitational
Converse,8475,400 Im,2,4:22.00,Luigi Ballivian,,Centre Invitational
Converse,8475,400 Im,3,4:22.27,Gavin Gordy,,Centre Invitational
Converse,8475,400 Im,4,4:29.18,Davis Dial,,Centre Invitational
Converse,8475,400 Im,5,4:33.83,Henry Winstead,,Centre Invitational
Converse,8475,400 Im,6,4:38.57,Kir Lyzhin,,Centre Invitational
Converse,8475,50 Free,1,20.81,Henry Stockton,,Centre Invitational
Converse,8475,50 Free,2,20.89,Louis MILCZYNSKI,,Centre Invitational
Converse,8475,50 Free,3,20.98,Joey Lilley,,Centre Invitational
Converse,8475,50 Free,4,21.42,Keith Rogers,,Centre Invitational
Converse,8475,50 Free,5,21.85,Daniel Merzthal,,Centre Invitational
Converse,8475,50 Free,6,22.02,Alexander Nichols,,Centre Invitational
Converse,8475,50 Free,7,22.27,Alexander Kuznetsov,,Converse vs. Emmanuel
Converse,8475,50 Free,8,22.36,Jay Owens,,Centre Invitational
Converse,8475,50 Free,9,22.47,Micah Lesley,,Centre Invitational
Converse,8475,50 Free,10,23.17,Chris olcott,,Emmanuel Fall Invite
Converse,8475,500 Free,1,4:33.36,Henry Stockton,,Centre Invitational
Converse,8475,500 Free,2,4:47.11,Mason Reed,,Centre Invitational
Converse,8475,500 Free,3,4:49.54,Micah Lesley,,Centre Invitational
Converse,8475,500 Free,4,4:57.48,Jay Owens,,King vs. Converse
Converse,8475,500 Free,5,4:58.96,Davis Dial,,Centre Invitational
Converse,8475,500 Free,6,5:02.27,Luigi Ballivian,,Centre Invitational
Converse,8475,500 Free,7,5:03.75,Henry Winstead,,Centre Invitational
Converse,8475,500 Free,8,5:05.67,Kir Lyzhin,,Centre Invitational
Converse,8475,500 Free,9,5:17.00,Gavin Gordy,,Converse vs. UNCP/Barton/Chowan
Davenport,10012529,100 Back,1,51.57,Nikita Sobchuk,,GVSU vs. Davenport
Davenport,10012529,100 Back,2,52.09,Agustin Gongora Mendez,,Wayne State vs. Davenport
Davenport,10012529,100 Back,3,52.36,Nolan Breckon,,Don Kimble Invitational
Davenport,10012529,100 Back,4,53.04,Maciej Konarski,,Wayne State vs. Davenport
Davenport,10012529,100 Back,5,54.42,Kenneil Tucker,,Don Kimble Invitational
Davenport,10012529,100 Back,6,54.81,Grant Sandstedt,,"Hillsdale vs. Albion, Davenport"
Davenport,10012529,100 Back,7,56.17,Jakub Karpinski,,"2025 MN, LP, & UP Showdown - Day 1"
Davenport,10012529,100 Back,8,56.28,Hunter Tietz,,Don Kimble Invitational
Davenport,10012529,100 Breast,1,55.05,Micah Sholl,,Don Kimble Invitational
Davenport,10012529,100 Breast,2,55.97,Maciej Konarski,,Don Kimble Invitational
Davenport,10012529,100 Breast,3,58.26,Robert Hall,,Don Kimble Invitational
Davenport,10012529,100 Breast,4,1:01.66,Rowen Vaara,,Wayne State vs. Davenport
Davenport,10012529,100 Breast,5,1:08.09,Kenneil Tucker,,"Hillsdale vs. Albion, Davenport"
Davenport,10012529,100 Breast,6,1:09.52,Gage Pompileo,,"Hillsdale vs. Albion, Davenport"
Davenport,10012529,100 Fly,1,50.24,Micah Sholl,,Don Kimble Invitational
Davenport,10012529,100 Fly,2,50.63,Grant Sandstedt,,Don Kimble Invitational
Davenport,10012529,100 Fly,3,52.70,Nolan Breckon,,Don Kimble Invitational
Davenport,10012529,100 Fly,4,53.36,Kenneil Tucker,,Don Kimble Invitational
Davenport,10012529,100 Fly,5,53.66,Jakub Karpinski,,"2025 MN, LP, & UP Showdown - Day 1"
Davenport,10012529,100 Fly,6,54.15,Martino GUADAGNOLI,,Don Kimble Invitational
Davenport,10012529,100 Fly,7,54.63,Maciej Konarski,,Don Kimble Invitational
Davenport,10012529,100 Fly,8,55.34,David Smith,,Don Kimble Invitational
Davenport,10012529,100 Fly,9,55.81,Michal Niedzialek,,Wayne State vs. Davenport
Davenport,10012529,100 Fly,10,56.83,Robert Hall,,Wayne State vs. Davenport
Davenport,10012529,100 Free,1,45.40,Grant Sandstedt,,Don Kimble Invitational
Davenport,10012529,100 Free,2,47.30,Agustin Gongora Mendez,,Davenport vs. Saginaw Valley
Davenport,10012529,100 Free,3,48.12,Rowen Vaara,,Davenport vs. Saginaw Valley
Davenport,10012529,100 Free,4,48.31,Micah Sholl,,Davenport October Invite
Davenport,10012529,100 Free,5,48.87,Nolan Breckon,,Davenport October Invite
Davenport,10012529,100 Free,6,49.33,Kenneil Tucker,,Don Kimble Invitational
Davenport,10012529,100 Free,7,50.52,Gage Pompileo,,Wayne State vs. Davenport
Davenport,10012529,100 Free,8,50.93,Hunter Tietz,,Davenport October Invite
Davenport,10012529,100 Free,9,51.00,Michal Niedzialek,,GVSU vs. Davenport
Davenport,10012529,100 Free,10,52.22,David Smith,,GVSU vs. Davenport
Davenport,10012529,1000 Free,1,9:38.97,Martino GUADAGNOLI,,Davenport vs. Saginaw Valley
Davenport,10012529,1000 Free,2,9:47.80,Nikita Sobchuk,,Wayne State vs. Davenport
Davenport,10012529,1000 Free,3,10:16.79,Maciej Konarski,,"Hillsdale vs. Albion, Davenport"
Davenport,10012529,1000 Free,4,10:20.16,Gage Pompileo,,Wayne State vs. Davenport
Davenport,10012529,1000 Free,5,10:22.91,Michal Niedzialek,,Davenport vs. Saginaw Valley
Davenport,10012529,1650 Free,1,16:07.96,Martino GUADAGNOLI,,Aquinas vs Davenport
Davenport,10012529,1650 Free,2,17:25.05,Gage Pompileo,,Don Kimble Invitational
Davenport,10012529,200 Back,1,1:51.44,Nikita Sobchuk,,GVSU vs. Davenport
Davenport,10012529,200 Back,2,1:56.70,Agustin Gongora Mendez,,GVSU vs. Davenport
Davenport,10012529,200 Back,3,1:56.94,Maciej Konarski,,Davenport vs. Saginaw Valley
Davenport,10012529,200 Back,4,1:58.33,Nolan Breckon,,Davenport vs. Saginaw Valley
Davenport,10012529,200 Back,5,1:59.66,Kenneil Tucker,,Don Kimble Invitational
Davenport,10012529,200 Back,6,2:09.35,Hunter Tietz,,Don Kimble Invitational
Davenport,10012529,200 Breast,1,2:02.17,Maciej Konarski,,Don Kimble Invitational
Davenport,10012529,200 Breast,2,2:03.55,Micah Sholl,,Don Kimble Invitational
Davenport,10012529,200 Breast,3,2:07.40,Robert Hall,,Don Kimble Invitational
Davenport,10012529,200 Breast,4,2:25.28,Rowen Vaara,,"2025 MN, LP, & UP Showdown - Day 2"
Davenport,10012529,200 Fly,1,1:50.22,Martino GUADAGNOLI,,GVSU vs. Davenport
Davenport,10012529,200 Fly,2,1:54.36,Agustin Gongora Mendez,,Davenport vs. Saginaw Valley
Davenport,10012529,200 Fly,3,2:04.21,Jakub Karpinski,,"2025 MN, LP, & UP Showdown - Day 2"
Davenport,10012529,200 Fly,4,2:05.99,Gage Pompileo,,Davenport October Invite
Davenport,10012529,200 Fly,5,2:06.85,David Smith,,Davenport vs. Saginaw Valley
Davenport,10012529,200 Fly,6,2:10.54,Kenneil Tucker,,Davenport October Invite
Davenport,10012529,200 Free,1,1:39.17,Nikita Sobchuk,,Davenport vs. Saginaw Valley
Davenport,10012529,200 Free,2,1:43.63,Grant Sandstedt,,GVSU vs. Davenport
Davenport,10012529,200 Free,3,1:44.91,Martino GUADAGNOLI,,Wayne State vs. Davenport
Davenport,10012529,200 Free,4,1:45.37,Maciej Konarski,,Aquinas vs Davenport
Davenport,10012529,200 Free,5,1:46.96,Rowen Vaara,,Don Kimble Invitational
Davenport,10012529,200 Free,6,1:47.53,Gage Pompileo,,Don Kimble Invitational
Davenport,10012529,200 Free,7,1:50.61,Michal Niedzialek,,Wayne State vs. Davenport
Davenport,10012529,200 Free,8,1:56.25,Kenneil Tucker,,"Hillsdale vs. Albion, Davenport"
Davenport,10012529,200 Free,9,1:57.86,Robert Hall,,"Hillsdale vs. Albion, Davenport"
Davenport,10012529,200 Im,1,1:51.01,Maciej Konarski,,Don Kimble Invitational
Davenport,10012529,200 Im,2,1:56.47,Agustin Gongora Mendez,,Wayne State vs. Davenport
Davenport,10012529,200 Im,3,1:59.96,Martino GUADAGNOLI,,GVSU vs. Davenport
Davenport,10012529,200 Im,4,2:00.91,Grant Sandstedt,,"Hillsdale vs. Albion, Davenport"
Davenport,10012529,200 Im,5,2:01.00,Micah Sholl,,"Hillsdale vs. Albion, Davenport"
Davenport,10012529,200 Im,6,2:01.33,Robert Hall,,Don Kimble Invitational
Davenport,10012529,200 Im,7,2:04.78,Kenneil Tucker,,Davenport October Invite
Davenport,10012529,400 Im,1,3:59.62,Maciej Konarski,,Don Kimble Invitational
Davenport,10012529,400 Im,2,4:09.66,Martino GUADAGNOLI,,Don Kimble Invitational
Davenport,10012529,400 Im,3,4:25.91,Robert Hall,,Don Kimble Invitational
Davenport,10012529,50 Free,1,20.71,Grant Sandstedt,,Don Kimble Invitational
Davenport,10012529,50 Free,2,21.09,Micah Sholl,,Davenport October Invite
Davenport,10012529,50 Free,3,21.71,Nikita Sobchuk,,GVSU vs. Davenport
Davenport,10012529,50 Free,4,22.08,Nolan Breckon,,Davenport October Invite
Davenport,10012529,50 Free,5,22.20,Rowen Vaara,,Wayne State vs. Davenport
Davenport,10012529,50 Free,6,22.47,Kenneil Tucker,,Don Kimble Invitational
Davenport,10012529,50 Free,7,22.69,Jakub Karpinski,,"2025 MN, LP, & UP Showdown - Day 1"
Davenport,10012529,50 Free,8,23.08,David Smith,,Davenport October Invite
Davenport,10012529,50 Free,9,23.32,Gage Pompileo,,Aquinas vs Davenport
Davenport,10012529,50 Free,10,23.39,Hunter Tietz,,Davenport October Invite
Davenport,10012529,500 Free,1,4:33.94,Nikita Sobchuk,,Davenport vs. Saginaw Valley
Davenport,10012529,500 Free,2,4:37.71,Martino GUADAGNOLI,,GVSU vs. Davenport
Davenport,10012529,500 Free,3,4:53.44,Gage Pompileo,,Don Kimble Invitational
Davenport,10012529,500 Free,4,5:03.07,Michal Niedzialek,,Davenport vs. Saginaw Valley
Davenport,10012529,500 Free,5,5:06.84,Rowen Vaara,,Davenport October Invite
Davenport,10012529,500 Free,6,5:19.17,Robert Hall,,"Hillsdale vs. Albion, Davenport"
Davenport,10012529,500 Free,7,5:44.21,Hunter Tietz,,"Hillsdale vs. Albion, Davenport"
Davis and Elkins,628,100 Back,1,50.85,Jan Spehar,,Corbiere-Merion Invitational
Davis and Elkins,628,100 Back,2,52.81,Payton Williamson,,Corbiere-Merion Invitational
Davis and Elkins,628,100 Back,3,56.13,Leonardo Oshiro,,Salem Relays
Davis and Elkins,628,100 Back,4,58.59,Spencer Willey,,Corbiere-Merion Invitational
Davis and Elkins,628,100 Back,5,1:03.54,Gabriel Machala,,Corbiere-Merion Invitational
Davis and Elkins,628,100 Back,6,1:05.81,Josiah Church-Corley,,Corbiere-Merion Invitational
Davis and Elkins,628,100 Breast,1,56.50,Charlie Whitsed,,Corbiere-Merion Invitational
Davis and Elkins,628,100 Breast,2,56.70,Leonardo Oshiro,,Corbiere-Merion Invitational
Davis and Elkins,628,100 Breast,3,1:00.53,Lasse Schrieken,,WV State Games
Davis and Elkins,628,100 Breast,4,1:02.62,Tommaso TOFANI,,Corbiere-Merion Invitational
Davis and Elkins,628,100 Fly,1,51.73,Payton Williamson,,Corbiere-Merion Invitational
Davis and Elkins,628,100 Fly,2,51.92,Lasse Schrieken,,Corbiere-Merion Invitational
Davis and Elkins,628,100 Fly,3,52.19,Gustavo Queiroz,,Corbiere-Merion Invitational
Davis and Elkins,628,100 Fly,4,57.95,Leonardo Oshiro,,Corbiere-Merion Invitational
Davis and Elkins,628,100 Fly,5,57.97,Tommaso TOFANI,,IUP New Year's Kick Off Invitational
Davis and Elkins,628,100 Fly,6,1:01.86,Charlie Whitsed,,Davis and Elkins vs. Wheeling
Davis and Elkins,628,100 Fly,7,1:02.12,Gabriel Machala,,Corbiere-Merion Invitational
Davis and Elkins,628,100 Fly,8,1:06.14,Josiah Church-Corley,,Battle of the Hills
Davis and Elkins,628,100 Free,1,45.54,Jan Spehar,,Corbiere-Merion Invitational
Davis and Elkins,628,100 Free,2,47.45,Lasse Schrieken,,Corbiere-Merion Invitational
Davis and Elkins,628,100 Free,3,47.58,Leonardo Vallerini,,Corbiere-Merion Invitational
Davis and Elkins,628,100 Free,4,48.59,Gustavo Queiroz,,Corbiere-Merion Invitational
Davis and Elkins,628,100 Free,5,49.90,Payton Williamson,,Davis and Elkins vs. Wheeling
Davis and Elkins,628,100 Free,6,51.69,Spencer Willey,,Corbiere-Merion Invitational
Davis and Elkins,628,100 Free,7,52.20,Charlie Whitsed,,WV State Games
Davis and Elkins,628,100 Free,8,52.41,Leonardo Oshiro,,WV State Games
Davis and Elkins,628,100 Free,9,59.29,Gabriel Machala,,Salem Relays
Davis and Elkins,628,100 Free,10,1:06.25,Josiah Church-Corley,,IUP New Year's Kick Off Invitational
Davis and Elkins,628,1000 Free,1,10:19.05,Leonardo Vallerini,,Corbiere-Merion Invitational
Davis and Elkins,628,1000 Free,2,12:14.58,Gabriel Machala,,Davis and Elkins vs. Wheeling
Davis and Elkins,628,1000 Free,3,12:59.24,Josiah Church-Corley,,Corbiere-Merion Invitational
Davis and Elkins,628,1650 Free,1,16:59.76,Leonardo Vallerini,,Corbiere-Merion Invitational
Davis and Elkins,628,1650 Free,2,21:21.79,Josiah Church-Corley,,Corbiere-Merion Invitational
Davis and Elkins,628,200 Back,1,1:53.77,Payton Williamson,,Corbiere-Merion Invitational
Davis and Elkins,628,200 Back,2,1:58.63,Jan Spehar,,Corbiere-Merion Invitational
Davis and Elkins,628,200 Back,3,2:11.99,Spencer Willey,,Corbiere-Merion Invitational
Davis and Elkins,628,200 Back,4,2:16.13,Gabriel Machala,,Corbiere-Merion Invitational
Davis and Elkins,628,200 Back,5,2:22.04,Josiah Church-Corley,,Corbiere-Merion Invitational
Davis and Elkins,628,200 Breast,1,2:05.04,Leonardo Oshiro,,Corbiere-Merion Invitational
Davis and Elkins,628,200 Breast,2,2:08.52,Lasse Schrieken,,Corbiere-Merion Invitational
Davis and Elkins,628,200 Breast,3,2:09.65,Charlie Whitsed,,Corbiere-Merion Invitational
Davis and Elkins,628,200 Breast,4,2:13.30,Tommaso TOFANI,,Corbiere-Merion Invitational
Davis and Elkins,628,200 Fly,1,2:01.80,Payton Williamson,,WV State Games
Davis and Elkins,628,200 Fly,2,2:04.52,Gustavo Queiroz,,Corbiere-Merion Invitational
Davis and Elkins,628,200 Fly,3,2:13.84,Tommaso TOFANI,,WV State Games
Davis and Elkins,628,200 Fly,4,2:32.00,Gabriel Machala,,Davis and Elkins vs. Wheeling
Davis and Elkins,628,200 Fly,5,2:39.14,Josiah Church-Corley,,Davis and Elkins vs. Wheeling
Davis and Elkins,628,200 Free,1,1:41.03,Jan Spehar,,Corbiere-Merion Invitational
Davis and Elkins,628,200 Free,2,1:45.45,Leonardo Vallerini,,Corbiere-Merion Invitational
Davis and Elkins,628,200 Free,3,1:48.36,Payton Williamson,,D&E vs. Fairmont
Davis and Elkins,628,200 Free,4,1:48.86,Leonardo Oshiro,,Corbiere-Merion Invitational
Davis and Elkins,628,200 Free,5,1:50.10,Lasse Schrieken,,California vs. D&E and WVWC
Davis and Elkins,628,200 Free,6,1:57.25,Gustavo Queiroz,,WV State Games
Davis and Elkins,628,200 Free,7,2:05.79,Gabriel Machala,,Corbiere-Merion Invitational
Davis and Elkins,628,200 Free,8,2:24.67,Josiah Church-Corley,,IUP New Year's Kick Off Invitational
Davis and Elkins,628,200 Im,1,1:55.54,Lasse Schrieken,,Corbiere-Merion Invitational
Davis and Elkins,628,200 Im,2,2:00.03,Leonardo Oshiro,,D&E vs. Fairmont
Davis and Elkins,628,200 Im,3,2:02.83,Leonardo Vallerini,,Battle of the Hills
Davis and Elkins,628,200 Im,4,2:04.17,Payton Williamson,,California vs. D&E and WVWC
Davis and Elkins,628,200 Im,5,2:07.00,Charlie Whitsed,,Corbiere-Merion Invitational
Davis and Elkins,628,200 Im,6,2:08.34,Tommaso TOFANI,,Davis and Elkins vs. Wheeling
Davis and Elkins,628,200 Im,7,2:39.63,Josiah Church-Corley,,California vs. D&E and WVWC
Davis and Elkins,628,400 Im,1,4:10.97,Lasse Schrieken,,Corbiere-Merion Invitational
Davis and Elkins,628,400 Im,2,4:16.56,Leonardo Oshiro,,Corbiere-Merion Invitational
Davis and Elkins,628,400 Im,3,4:19.57,Payton Williamson,,Corbiere-Merion Invitational
Davis and Elkins,628,400 Im,4,4:25.04,Tommaso TOFANI,,Corbiere-Merion Invitational
Davis and Elkins,628,400 Im,5,4:46.32,Charlie Whitsed,,Corbiere-Merion Invitational
Davis and Elkins,628,50 Free,1,21.49,Gustavo Queiroz,,Corbiere-Merion Invitational
Davis and Elkins,628,50 Free,2,21.63,Jan Spehar,,Corbiere-Merion Invitational
Davis and Elkins,628,50 Free,3,22.65,Lasse Schrieken,,Battle of the Hill WVWC
Davis and Elkins,628,50 Free,4,22.74,Leonardo Vallerini,,IUP New Year's Kick Off Invitational
Davis and Elkins,628,50 Free,5,22.80,Payton Williamson,,Battle of the Hill WVWC
Davis and Elkins,628,50 Free,6,23.51,Spencer Willey,,Corbiere-Merion Invitational
Davis and Elkins,628,50 Free,7,23.92,Charlie Whitsed,,IUP New Year's Kick Off Invitational
Davis and Elkins,628,50 Free,8,24.16,Tommaso TOFANI,,Battle of the Hill WVWC
Davis and Elkins,628,50 Free,9,24.32,Leonardo Oshiro,,WV State Games
Davis and Elkins,628,50 Free,10,25.75,Gabriel Machala,,Corbiere-Merion Invitational
Davis and Elkins,628,500 Free,1,4:45.31,Leonardo Vallerini,,Corbiere-Merion Invitational
Davis and Elkins,628,500 Free,2,6:08.50,Josiah Church-Corley,,Corbiere-Merion Invitational
Staten Island,312,100 Back,1,51.25,Vladislav Sinyagovskiy,,Ranger Invitational
Staten Island,312,100 Back,2,54.78,Andi Bajollari,,Ranger Invitational
Staten Island,312,100 Back,3,56.59,Julian Lopez Bernal,,Ranger Invitational
Staten Island,312,100 Back,4,1:00.63,Elliot Radov,,Ranger Invitational
Staten Island,312,100 Back,5,1:06.04,James Curran,,SCSU v CSI
Staten Island,312,100 Back,6,1:06.14,Robert Yost,,Staten Island vs Saint Michaels
Staten Island,312,100 Breast,1,1:02.28,William Kwan,,Ranger Invitational
Staten Island,312,100 Breast,2,1:03.23,Tiki Keats,,Ranger Invitational
Staten Island,312,100 Breast,3,1:03.42,Hassan Matar,,Ranger Invitational
Staten Island,312,100 Breast,4,1:05.17,Julian Lopez Bernal,,Staten Island vs FDU
Staten Island,312,100 Breast,5,1:05.19,Elliot Radov,,Ranger Invitational
Staten Island,312,100 Breast,6,1:05.22,ADRIA Garcia Fuentes,,Ranger Invitational
Staten Island,312,100 Breast,7,1:23.68,John Kapp,,Staten Island vs. Pace vs. Hunter
Staten Island,312,100 Fly,1,55.02,Julian Lopez Bernal,,Staten Island vs. Pace vs. Hunter
Staten Island,312,100 Fly,2,55.10,William Kwan,,Staten Island vs. Baruch
Staten Island,312,100 Fly,3,56.76,Dylan Martinson,,Ranger Invitational
Staten Island,312,100 Fly,4,56.97,Yassin Hussein,,Ranger Invitational
Staten Island,312,100 Fly,5,1:00.83,Tiki Keats,,Staten Island vs. Brooklyn
Staten Island,312,100 Fly,6,1:04.36,Andi Bajollari,,Staten Island vs Sarah Lawrence vs MSMC
Staten Island,312,100 Fly,7,1:04.47,John Kapp,,Ranger Invitational
Staten Island,312,100 Fly,8,1:05.18,Hassan Matar,,Staten Island vs. Adelphi vs. Felician
Staten Island,312,100 Fly,9,1:09.85,Eslam Hussein,,Ranger Invitational
Staten Island,312,100 Free,1,48.82,Andi Bajollari,,Ranger Invitational
Staten Island,312,100 Free,2,50.48,ADRIA Garcia Fuentes,,Ranger Invitational
Staten Island,312,100 Free,3,51.22,Julian Lopez Bernal,,Staten Island vs. Adelphi vs. Felician
Staten Island,312,100 Free,4,51.77,Elliot Radov,,Ranger Invitational
Staten Island,312,100 Free,5,53.56,Yassin Hussein,,Ranger Invitational
Staten Island,312,100 Free,6,54.15,Robert Yost,,Ranger Invitational
Staten Island,312,100 Free,7,54.21,Tiki Keats,,Staten Island vs FDU
Staten Island,312,100 Free,8,55.34,James Curran,,Dolphin Kick Off Invite
Staten Island,312,100 Free,9,55.62,Dylan Martinson,,Staten Island vs Saint Michaels
Staten Island,312,100 Free,10,56.75,Hassan Matar,,Dolphin Kick Off Invite
Staten Island,312,1000 Free,1,10:36.50,William Kwan,,Staten Island vs Saint Michaels
Staten Island,312,1000 Free,2,11:01.49,Julian Lopez Bernal,,Staten Island vs Sarah Lawrence vs MSMC
Staten Island,312,1000 Free,3,11:39.48,John Kapp,,Ranger Invitational
Staten Island,312,1000 Free,4,11:41.09,James Curran,,Ranger Invitational
Staten Island,312,1000 Free,5,12:32.94,Hassan Matar,,Staten Island vs Sarah Lawrence vs MSMC
Staten Island,312,1000 Free,6,12:43.62,Eslam Hussein,,Staten Island vs. Baruch
Staten Island,312,1650 Free,1,19:09.63,John Kapp,,Ranger Invitational
Staten Island,312,1650 Free,2,19:10.29,James Curran,,Ranger Invitational
Staten Island,312,200 Back,1,1:53.40,Vladislav Sinyagovskiy,,Ranger Invitational
Staten Island,312,200 Back,2,2:02.83,Andi Bajollari,,Ranger Invitational
Staten Island,312,200 Back,3,2:03.33,Julian Lopez Bernal,,Ranger Invitational
Staten Island,312,200 Back,4,2:08.65,William Kwan,,Staten Island vs Sarah Lawrence vs MSMC
Staten Island,312,200 Back,5,2:23.37,James Curran,,Staten Island vs. Pace vs. Hunter
Staten Island,312,200 Back,6,2:25.19,Robert Yost,,Dolphin Kick Off Invite
Staten Island,312,200 Breast,1,2:15.08,William Kwan,,Dolphin Kick Off Invite
Staten Island,312,200 Breast,2,2:17.14,Hassan Matar,,Ranger Invitational
Staten Island,312,200 Breast,3,2:24.83,Tiki Keats,,Ranger Invitational
Staten Island,312,200 Breast,4,2:25.08,Julian Lopez Bernal,,Staten Island vs Sarah Lawrence vs MSMC
Staten Island,312,200 Fly,1,2:05.53,William Kwan,,Staten Island vs Saint Michaels
Staten Island,312,200 Fly,2,2:12.24,Dylan Martinson,,Dolphin Kick Off Invite
Staten Island,312,200 Fly,3,2:16.95,Yassin Hussein,,Dolphin Kick Off Invite
Staten Island,312,200 Fly,4,2:33.08,John Kapp,,Staten Island vs Sarah Lawrence vs MSMC
Staten Island,312,200 Free,1,1:50.17,Julian Lopez Bernal,,Staten Island vs FDU
Staten Island,312,200 Free,2,1:51.10,William Kwan,,Staten Island vs FDU
Staten Island,312,200 Free,3,1:53.43,ADRIA Garcia Fuentes,,Dolphin Kick Off Invite
Staten Island,312,200 Free,4,1:54.50,James Curran,,Ranger Invitational
Staten Island,312,200 Free,5,1:55.16,Andi Bajollari,,Staten Island vs. Adelphi vs. Felician
Staten Island,312,200 Free,6,1:59.04,Elliot Radov,,Ranger Invitational
Staten Island,312,200 Free,7,2:00.57,Robert Yost,,Staten Island vs. Brooklyn
Staten Island,312,200 Free,8,2:01.87,Tiki Keats,,Staten Island vs FDU
Staten Island,312,200 Free,9,2:03.33,Yassin Hussein,,Staten Island vs. Adelphi vs. Felician
Staten Island,312,200 Free,10,2:03.91,John Kapp,,Ranger Invitational
Staten Island,312,200 Im,1,1:59.61,Julian Lopez Bernal,,Ranger Invitational
Staten Island,312,200 Im,2,2:01.92,William Kwan,,Ranger Invitational
Staten Island,312,200 Im,3,2:17.40,Tiki Keats,,Staten Island vs Saint Michaels
Staten Island,312,200 Im,4,2:19.51,James Curran,,Staten Island vs FDU
Staten Island,312,200 Im,5,2:20.44,Hassan Matar,,SCSU v CSI
Staten Island,312,200 Im,6,2:23.07,Elliot Radov,,Staten Island vs FDU
Staten Island,312,200 Im,7,2:26.45,Yassin Hussein,,Staten Island vs. Pace vs. Hunter
Staten Island,312,200 Im,8,2:29.47,John Kapp,,Staten Island vs FDU
Staten Island,312,400 Im,1,4:19.54,William Kwan,,Ranger Invitational
Staten Island,312,400 Im,2,4:22.16,Julian Lopez Bernal,,Ranger Invitational
Staten Island,312,400 Im,3,4:51.28,Andi Bajollari,,Staten Island vs Sarah Lawrence vs MSMC
Staten Island,312,400 Im,4,5:13.78,John Kapp,,Staten Island vs. Baruch
Staten Island,312,50 Free,1,21.47,Vladislav Sinyagovskiy,,Ranger Invitational
Staten Island,312,50 Free,2,22.34,Andi Bajollari,,Ranger Invitational
Staten Island,312,50 Free,3,22.88,Elliot Radov,,Ranger Invitational
Staten Island,312,50 Free,4,23.31,ADRIA Garcia Fuentes,,Ranger Invitational
Staten Island,312,50 Free,5,23.82,Tiki Keats,,Dolphin Kick Off Invite
Staten Island,312,50 Free,6,24.11,Dylan Martinson,,Ranger Invitational
Staten Island,312,50 Free,7,24.23,Julian Lopez Bernal,,Staten Island vs. Adelphi vs. Felician
Staten Island,312,50 Free,8,24.30,Yassin Hussein,,Ranger Invitational
Staten Island,312,50 Free,9,24.52,Hassan Matar,,Ranger Invitational
Staten Island,312,50 Free,10,24.93,Robert Yost,,Ranger Invitational
Staten Island,312,500 Free,1,4:58.73,Julian Lopez Bernal,,Dolphin Kick Off Invite
Staten Island,312,500 Free,2,5:04.05,William Kwan,,Staten Island vs. Adelphi vs. Felician
Staten Island,312,500 Free,3,5:08.33,ADRIA Garcia Fuentes,,Ranger Invitational
Staten Island,312,500 Free,4,5:15.59,James Curran,,Ranger Invitational
Staten Island,312,500 Free,5,5:28.71,John Kapp,,Ranger Invitational
Staten Island,312,500 Free,6,5:37.16,Elliot Radov,,Staten Island vs. Brooklyn
Staten Island,312,500 Free,7,5:41.37,Yassin Hussein,,Staten Island vs Sarah Lawrence vs MSMC
Staten Island,312,500 Free,8,5:59.99,Eslam Hussein,,Ranger Invitational
