school_name,team_id,event,rank,time,swimmer,year,meet
Incarnate Word,154,100 Back,1,49.86,Logan Graham,,Kellianne Nagy Fall Frenzy Invite
Incarnate Word,154,100 Back,2,49.98,Tristan Clark,,Kellianne Nagy Fall Frenzy Invite
Incarnate Word,154,100 Back,3,50.06,Caleb Rojas,,Kellianne Nagy Fall Frenzy Invite
Incarnate Word,154,100 Back,4,50.33,Domantas Trota,,Kellianne Nagy Fall Frenzy Invite
Incarnate Word,154,100 Back,5,51.34,Armando Apigna Castellanos,,Kellianne Nagy Fall Frenzy Invite
Incarnate Word,154,100 Breast,1,56.51,Yassen El Sherrif,,Trinity v UIW
Incarnate Word,154,100 Breast,2,58.63,Luke Philpot,,UTRGV vs UIW
Incarnate Word,154,100 Breast,3,59.03,Tristan Clark,,UTRGV vs UIW
Incarnate Word,154,100 Breast,4,1:02.06,Seth Lackey,,Trinity v UIW
Incarnate Word,154,100 Fly,1,48.54,Luis de oliveira,,Kellianne Nagy Fall Frenzy Invite
Incarnate Word,154,100 Fly,2,49.12,Ahmed Tork,,TCU vs UIW
Incarnate Word,154,100 Fly,3,49.55,Hatem ElSayed,,Kellianne Nagy Fall Frenzy Invite
Incarnate Word,154,100 Fly,4,49.74,Cheston/Lucas Francis,,Kellianne Nagy Fall Frenzy Invite
Incarnate Word,154,100 Fly,5,49.83,Caleb Rojas,,Kellianne Nagy Fall Frenzy Invite
Incarnate Word,154,100 Fly,6,49.92,Miguel Ribiero,,SMU v OCU v UIW v UNT
Incarnate Word,154,100 Fly,7,51.02,Miguel Ribeiro,,UIW vs. Sothwestern
Incarnate Word,154,100 Fly,8,51.86,Logan Graham,,Kellianne Nagy Fall Frenzy Invite
Incarnate Word,154,100 Fly,9,51.96,Carson Smith,,TCU vs UIW
Incarnate Word,154,100 Fly,10,52.15,Armando Apigna Castellanos,,Kellianne Nagy Fall Frenzy Invite
Incarnate Word,154,100 Free,1,42.91,Luis de oliveira,,Kellianne Nagy Fall Frenzy Invite
Incarnate Word,154,100 Free,2,44.86,Domantas Trota,,Kellianne Nagy Fall Frenzy Invite
Incarnate Word,154,100 Free,3,46.17,Cheston/Lucas Francis,,Kellianne Nagy Fall Frenzy Invite
Incarnate Word,154,100 Free,4,46.55,Derek Montoya,,Kellianne Nagy Fall Frenzy Invite
Incarnate Word,154,100 Free,5,47.00,Logan Graham,,UTRGV vs UIW
Incarnate Word,154,100 Free,6,47.44,Miguel Ribiero,,SMU v OCU v UIW v UNT
Incarnate Word,154,100 Free,7,48.33,Hatem ElSayed,,Kellianne Nagy Fall Frenzy Invite
Incarnate Word,154,100 Free,8,48.77,Carson Smith,,UIW vs. Sothwestern
Incarnate Word,154,100 Free,9,49.28,Armando Apigna Castellanos,,UIW vs. Sothwestern
Incarnate Word,154,100 Free,10,50.32,Miguel Ribeiro,,Trinity v UIW
Incarnate Word,154,1000 Free,1,9:36.34,Max Likins,,Kellianne Nagy Fall Frenzy Invite
Incarnate Word,154,1000 Free,2,10:00.25,Okay Heper Yildiz,,Trinity v UIW
Incarnate Word,154,1650 Free,1,15:58.07,Max Likins,,Kellianne Nagy Fall Frenzy Invite
Incarnate Word,154,1650 Free,2,16:19.73,Okay Heper Yildiz,,Kellianne Nagy Fall Frenzy Invite
Incarnate Word,154,200 Back,1,1:50.46,Max Likins,,Kellianne Nagy Fall Frenzy Invite
Incarnate Word,154,200 Back,2,1:51.22,Tristan Clark,,Kellianne Nagy Fall Frenzy Invite
Incarnate Word,154,200 Back,3,1:51.63,Seth Lackey,,Kellianne Nagy Fall Frenzy Invite
Incarnate Word,154,200 Back,4,1:52.80,Logan Graham,,SMU v OCU v UIW v UNT
Incarnate Word,154,200 Back,5,1:53.11,Caleb Rojas,,Kellianne Nagy Fall Frenzy Invite
Incarnate Word,154,200 Breast,1,2:05.85,Yassen El Sherrif,,Trinity v UIW
Incarnate Word,154,200 Breast,2,2:12.26,Luke Philpot,,SMU v OCU v UIW v UNT
Incarnate Word,154,200 Breast,3,2:16.49,Seth Lackey,,Trinity v UIW
Incarnate Word,154,200 Fly,1,1:50.52,Hatem ElSayed,,Kellianne Nagy Fall Frenzy Invite
Incarnate Word,154,200 Fly,2,1:51.33,Ahmed Tork,,SMU v OCU v UIW v UNT
Incarnate Word,154,200 Fly,3,1:52.80,Miguel Ribeiro,,UTRGV vs UIW
Incarnate Word,154,200 Fly,4,1:54.59,Carson Smith,,Kellianne Nagy Fall Frenzy Invite
Incarnate Word,154,200 Fly,5,1:55.10,Max Likins,,UTRGV vs UIW
Incarnate Word,154,200 Fly,6,1:57.05,Caleb Rojas,,Trinity v UIW
Incarnate Word,154,200 Fly,7,1:59.29,Seth Lackey,,UIW vs. Sothwestern
Incarnate Word,154,200 Free,1,1:41.78,Luis de oliveira,,Trinity v UIW
Incarnate Word,154,200 Free,2,1:41.89,Miguel Ribiero,,SMU v OCU v UIW v UNT
Incarnate Word,154,200 Free,3,1:42.61,Derek Montoya,,Kellianne Nagy Fall Frenzy Invite
Incarnate Word,154,200 Free,4,1:43.13,Domantas Trota,,TCU vs UIW
Incarnate Word,154,200 Free,5,1:43.52,Carson Smith,,Kellianne Nagy Fall Frenzy Invite
Incarnate Word,154,200 Free,6,1:44.24,Max Likins,,TCU vs UIW
Incarnate Word,154,200 Free,7,1:44.42,Hatem ElSayed,,Kellianne Nagy Fall Frenzy Invite
Incarnate Word,154,200 Free,8,1:46.60,Logan Graham,,UIW vs. Sothwestern
Incarnate Word,154,200 Im,1,1:51.54,Seth Lackey,,Kellianne Nagy Fall Frenzy Invite
Incarnate Word,154,200 Im,2,1:53.62,Tristan Clark,,Kellianne Nagy Fall Frenzy Invite
Incarnate Word,154,200 Im,3,1:54.86,Hatem ElSayed,,Kellianne Nagy Fall Frenzy Invite
Incarnate Word,154,200 Im,4,1:57.01,Yassen El Sherrif,,Trinity v UIW
Incarnate Word,154,200 Im,5,2:08.80,Luke Philpot,,Kellianne Nagy Fall Frenzy Invite
Incarnate Word,154,400 Im,1,4:03.68,Seth Lackey,,Kellianne Nagy Fall Frenzy Invite
Incarnate Word,154,400 Im,2,4:18.01,Okay Heper Yildiz,,Kellianne Nagy Fall Frenzy Invite
Incarnate Word,154,50 Free,1,19.57,Luis de oliveira,,Kellianne Nagy Fall Frenzy Invite
Incarnate Word,154,50 Free,2,20.40,Domantas Trota,,Kellianne Nagy Fall Frenzy Invite
Incarnate Word,154,50 Free,3,20.76,Cheston/Lucas Francis,,Kellianne Nagy Fall Frenzy Invite
Incarnate Word,154,50 Free,4,21.27,Derek Montoya,,Kellianne Nagy Fall Frenzy Invite
Incarnate Word,154,50 Free,5,21.83,Armando Apigna Castellanos,,UTRGV vs UIW
Incarnate Word,154,50 Free,6,22.54,Logan Graham,,UTRGV vs UIW
Incarnate Word,154,50 Free,7,22.74,Miguel Ribiero,,SMU v OCU v UIW v UNT
Incarnate Word,154,50 Free,8,22.84,Miguel Ribeiro,,Trinity v UIW
Incarnate Word,154,50 Free,9,22.99,Hatem ElSayed,,Kellianne Nagy Fall Frenzy Invite
Incarnate Word,154,50 Free,10,23.03,Luke Philpot,,UIW vs. Sothwestern
Incarnate Word,154,500 Free,1,4:35.08,Max Likins,,Kellianne Nagy Fall Frenzy Invite
Incarnate Word,154,500 Free,2,4:40.58,Carson Smith,,Kellianne Nagy Fall Frenzy Invite
Incarnate Word,154,500 Free,3,4:47.48,Okay Heper Yildiz,,UTRGV vs UIW
Incarnate Word,154,500 Free,4,4:50.79,Derek Montoya,,Kellianne Nagy Fall Frenzy Invite
Kentucky,176,100 Back,1,45.91,Lysander OSMAN,,Ohio State invitational
Kentucky,176,100 Back,2,46.16,Devin Naoroz,,Vanderbilt vs Texas A&M and Kentucky
Kentucky,176,100 Back,3,47.85,Logan Ingerick,,Ohio State invitational
Kentucky,176,100 Back,4,48.95,Alec Lampen,,Louisville vs Kentucky
Kentucky,176,100 Breast,1,52.35,Adomas Gatulis,,Vanderbilt vs Texas A&M and Kentucky
Kentucky,176,100 Breast,2,53.56,Cayden Pitzer,,Vanderbilt vs Texas A&M and Kentucky
Kentucky,176,100 Breast,3,54.12,Eli Greinke,,Tennessee vs Kentucky
Kentucky,176,100 Breast,4,54.43,JT Broome,,Vanderbilt vs Texas A&M and Kentucky
Kentucky,176,100 Breast,5,55.22,Jonathan Rom,,Ohio State invitational
Kentucky,176,100 Breast,6,55.50,Esteban Nunez Del Prado Pizarro,,Ohio State invitational
Kentucky,176,100 Fly,1,46.76,Esteban Nunez Del Prado Pizarro,,Louisville vs Kentucky
Kentucky,176,100 Fly,2,47.10,Javier lopez guillen,,Vanderbilt vs Texas A&M and Kentucky
Kentucky,176,100 Fly,3,48.05,Devin Naoroz,,Ohio State invitational
Kentucky,176,100 Fly,4,48.37,Falemana Tuufui,,Ohio State invitational
Kentucky,176,100 Fly,5,49.14,Aj Terry,,Ohio State invitational
Kentucky,176,100 Fly,6,51.23,Ryan Merani,,Ohio State invitational
Kentucky,176,100 Fly,7,52.36,Levi Sandidge,,Ohio State invitational
Kentucky,176,100 Fly,8,54.36,Dziugas Miskinis,,Ohio State invitational
Kentucky,176,100 Free,1,42.76,Falemana Tuufui,,Louisiana State vs. Kentucky
Kentucky,176,100 Free,2,43.70,Lysander OSMAN,,Vanderbilt vs Texas A&M and Kentucky
Kentucky,176,100 Free,3,43.96,Aj Terry,,Ohio State invitational
Kentucky,176,100 Free,4,44.10,Justin PERESSE,,Tennessee vs Kentucky
Kentucky,176,100 Free,5,44.20,Logan Ingerick,,Ohio State invitational
Kentucky,176,100 Free,6,44.37,Alec Lampen,,Ohio State invitational
Kentucky,176,100 Free,7,45.11,Caue Gluck,,Vanderbilt vs Texas A&M and Kentucky
Kentucky,176,100 Free,8,45.30,Carson Hick,,Louisiana State vs. Kentucky
Kentucky,176,100 Free,9,45.33,Devin Naoroz,,Ohio State invitational
Kentucky,176,1000 Free,1,8:49.51,Carson Hick,,Vanderbilt vs Texas A&M and Kentucky
Kentucky,176,1000 Free,2,8:52.87,Levi Sandidge,,Vanderbilt vs Texas A&M and Kentucky
Kentucky,176,1000 Free,3,9:01.88,Dziugas Miskinis,,Tennessee vs Kentucky
Kentucky,176,1650 Free,1,14:52.84,Carson Hick,,Ohio State invitational
Kentucky,176,1650 Free,2,15:05.49,Levi Sandidge,,Ohio State invitational
Kentucky,176,1650 Free,3,15:21.69,Dziugas Miskinis,,Ohio State invitational
Kentucky,176,200 Back,1,1:43.13,Devin Naoroz,,Ohio State invitational
Kentucky,176,200 Back,2,1:46.15,Logan Ingerick,,Louisiana State vs. Kentucky
Kentucky,176,200 Back,3,1:47.64,Alec Lampen,,Vanderbilt vs Texas A&M and Kentucky
Kentucky,176,200 Back,4,1:48.08,Ryan Merani,,Louisiana State vs. Kentucky
Kentucky,176,200 Back,5,1:49.00,Lysander OSMAN,,Ohio State invitational
Kentucky,176,200 Breast,1,1:56.77,Adomas Gatulis,,Tennessee vs Kentucky
Kentucky,176,200 Breast,2,1:57.88,Jonathan Rom,,Tennessee vs Kentucky
Kentucky,176,200 Breast,3,1:59.53,Eli Greinke,,Tennessee vs Kentucky
Kentucky,176,200 Breast,4,2:00.50,Cayden Pitzer,,Ohio State invitational
Kentucky,176,200 Breast,5,2:00.99,JT Broome,,Ohio State invitational
Kentucky,176,200 Breast,6,2:06.41,Esteban Nunez Del Prado Pizarro,,Ohio State invitational
Kentucky,176,200 Fly,1,1:44.05,Javier lopez guillen,,Vanderbilt vs Texas A&M and Kentucky
Kentucky,176,200 Fly,2,1:44.38,Ryan Merani,,Ohio State invitational
Kentucky,176,200 Free,1,1:36.05,Carson Hick,,Tennessee vs Kentucky
Kentucky,176,200 Free,2,1:36.72,Caue Gluck,,Tennessee vs Kentucky
Kentucky,176,200 Free,3,1:37.18,Falemana Tuufui,,Ohio State invitational
Kentucky,176,200 Free,4,1:37.35,Justin PERESSE,,Ohio State invitational
Kentucky,176,200 Free,5,1:37.62,Logan Ingerick,,Ohio State invitational
Kentucky,176,200 Free,6,1:38.01,Javier lopez guillen,,Ohio State invitational
Kentucky,176,200 Free,7,1:39.92,Alec Lampen,,Ohio State invitational
Kentucky,176,200 Im,1,1:45.38,Ryan Merani,,Ohio State invitational
Kentucky,176,200 Im,2,1:48.08,Adomas Gatulis,,Ohio State invitational
Kentucky,176,200 Im,3,1:48.42,Logan Ingerick,,Louisiana State vs. Kentucky
Kentucky,176,200 Im,4,1:48.53,Levi Sandidge,,Tennessee vs Kentucky
Kentucky,176,200 Im,5,1:50.81,Jonathan Rom,,Ohio State invitational
Kentucky,176,200 Im,6,1:51.30,Cayden Pitzer,,Louisville vs Kentucky
Kentucky,176,200 Im,7,1:54.16,JT Broome,,Ohio State invitational
Kentucky,176,200 Im,8,1:56.73,Eli Greinke,,Ohio State invitational
Kentucky,176,400 Im,1,3:46.68,Levi Sandidge,,Ohio State invitational
Kentucky,176,400 Im,2,3:49.12,Ryan Merani,,Ohio State invitational
Kentucky,176,400 Im,3,3:58.62,Dziugas Miskinis,,Ohio State invitational
Kentucky,176,50 Free,1,19.19,Falemana Tuufui,,Vanderbilt vs Texas A&M and Kentucky
Kentucky,176,50 Free,2,19.73,Lysander OSMAN,,Ohio State invitational
Kentucky,176,50 Free,3,20.11,Aj Terry,,Ohio State invitational
Kentucky,176,50 Free,4,20.14,Justin PERESSE,,Ohio State invitational
Kentucky,176,50 Free,5,20.24,Logan Ingerick,,Ohio State invitational
Kentucky,176,50 Free,6,20.29,Alec Lampen,,Ohio State invitational
Kentucky,176,50 Free,7,20.45,Devin Naoroz,,Ohio State invitational
Kentucky,176,50 Free,8,20.65,JT Broome,,Ohio State invitational
Kentucky,176,50 Free,9,20.76,Esteban Nunez Del Prado Pizarro,,Ohio State invitational
Kentucky,176,50 Free,10,20.82,Adomas Gatulis,,Louisville vs Kentucky
Kentucky,176,500 Free,1,4:17.94,Levi Sandidge,,Ohio State invitational
Kentucky,176,500 Free,2,4:18.26,Carson Hick,,Louisiana State vs. Kentucky
Kentucky,176,500 Free,3,4:24.17,Dziugas Miskinis,,Ohio State invitational
Kentucky,176,500 Free,4,4:26.73,Caue Gluck,,Louisiana State vs. Kentucky
Louisville,174,100 Back,1,45.67,Rian Graham,,Ohio State invitational
Louisville,174,100 Back,2,45.94,Filip Kosinski,,Ohio State invitational
Louisville,174,100 Back,3,45.94,Jackson millard,,Ohio State invitational
Louisville,174,100 Back,4,47.10,Charlie Crush,,Louisville vs Kentucky
Louisville,174,100 Back,5,47.28,Drew Collins,,Ohio State invitational
Louisville,174,100 Back,6,47.85,Nate Thomas,,Ohio State invitational
Louisville,174,100 Back,7,47.86,Oscar Isberg,,SMU Classic
Louisville,174,100 Back,8,49.87,Aidan Paro,,Louisville vs Xavier
Louisville,174,100 Breast,1,51.92,Jake Eccleston,,Ohio State invitational
Louisville,174,100 Breast,2,52.67,Finnley Conklin,,SMU Classic
Louisville,174,100 Breast,3,53.24,Grant Gooding,,Ohio State invitational
Louisville,174,100 Breast,4,54.14,Ryder Hicks,,Ohio State invitational
Louisville,174,100 Breast,5,57.69,Rob Ehrenborg,,Ohio State invitational
Louisville,174,100 Fly,1,45.48,Rian Graham,,Ohio State invitational
Louisville,174,100 Fly,2,45.69,Aidan Paro,,Ohio State invitational
Louisville,174,100 Fly,3,45.74,Thomas Powers-Hammond,,Ohio State invitational
Louisville,174,100 Fly,4,45.95,Aiden Musso,,Louisville vs Kentucky
Louisville,174,100 Fly,5,45.95,Charlie Crush,,Ohio State invitational
Louisville,174,100 Fly,6,47.36,Bryan Lombardi,,Ohio State invitational
Louisville,174,100 Fly,7,47.69,Gregg Enoch,,SMU Classic
Louisville,174,100 Fly,8,48.97,Guy Brooks,,Louisville vs Xavier
Louisville,174,100 Fly,9,49.68,Jackson millard,,Ohio State invitational
Louisville,174,100 Fly,10,49.98,Tommy Bried,,Ohio State invitational
Louisville,174,100 Free,1,41.87,Guy Brooks,,Ohio State invitational
Louisville,174,100 Free,2,42.04,Nikita Sheremet,,Ohio State invitational
Louisville,174,100 Free,3,43.14,Aiden Musso,,Ohio State invitational
Louisville,174,100 Free,4,43.26,Matias Santiso,,Ohio State invitational
Louisville,174,100 Free,5,43.71,Ethan Chauliaguet,,Louisville vs Notre Dame
Louisville,174,100 Free,6,43.84,Bryan Lombardi,,Ohio State invitational
Louisville,174,100 Free,7,44.05,Charlie Crush,,Ohio State invitational
Louisville,174,100 Free,8,44.10,Ryan Henderson,,Ohio State invitational
Louisville,174,100 Free,9,44.13,Thomas Powers-Hammond,,Ohio State invitational
Louisville,174,100 Free,10,44.36,Kayden Lancaster,,Ohio State invitational
Louisville,174,1000 Free,1,8:57.68,Oscar Isberg,,Louisville vs Notre Dame
Louisville,174,1000 Free,2,8:59.00,Tommy Bried,,Louisville vs Kentucky
Louisville,174,1000 Free,3,9:05.70,Max Hatcher,,"Tennessee vs. Auburn, Lousivlle"
Louisville,174,1000 Free,4,9:11.88,Kayden Lancaster,,Louisville vs Notre Dame
Louisville,174,1000 Free,5,9:23.30,Owen Stevens,,Louisville vs. Missouri
Louisville,174,1650 Free,1,15:11.65,Oscar Isberg,,Ohio State invitational
Louisville,174,1650 Free,2,15:17.07,Kayden Lancaster,,Ohio State invitational
Louisville,174,1650 Free,3,15:17.35,Max Hatcher,,Ohio State invitational
Louisville,174,200 Back,1,1:40.65,Filip Kosinski,,Ohio State invitational
Louisville,174,200 Back,2,1:41.33,Jackson millard,,Louisville vs Kentucky
Louisville,174,200 Back,3,1:43.76,Nate Thomas,,Ohio State invitational
Louisville,174,200 Back,4,1:43.91,Guy Brooks,,SMU Classic
Louisville,174,200 Back,5,1:44.59,Drew Collins,,Ohio State invitational
Louisville,174,200 Back,6,1:47.03,Owen Stevens,,Ohio State invitational
Louisville,174,200 Back,7,1:49.64,Gregg Enoch,,Louisville vs Notre Dame
Louisville,174,200 Back,8,1:56.88,Tommy Bried,,Louisville vs Xavier
Louisville,174,200 Breast,1,1:52.10,Jake Eccleston,,Ohio State invitational
Louisville,174,200 Breast,2,1:54.73,Finnley Conklin,,Ohio State invitational
Louisville,174,200 Breast,3,1:56.87,Ryder Hicks,,Ohio State invitational
Louisville,174,200 Breast,4,1:57.10,Tommy Bried,,Ohio State invitational
Louisville,174,200 Breast,5,1:59.64,Grant Gooding,,Ohio State invitational
Louisville,174,200 Breast,6,2:00.99,Jackson millard,,Louisville vs Xavier
Louisville,174,200 Breast,7,2:04.44,Gregg Enoch,,Louisville vs Xavier
Louisville,174,200 Fly,1,1:42.81,Tommy Bried,,Louisville vs. Missouri
Louisville,174,200 Fly,2,1:43.48,Gregg Enoch,,Ohio State invitational
Louisville,174,200 Fly,3,1:43.79,Aidan Paro,,Ohio State invitational
Louisville,174,200 Fly,4,1:44.02,Thomas Powers-Hammond,,Ohio State invitational
Louisville,174,200 Fly,5,1:44.39,Rian Graham,,Ohio State invitational
Louisville,174,200 Fly,6,1:49.34,Jackson millard,,Louisville vs Xavier
Louisville,174,200 Fly,7,1:49.62,Bryan Lombardi,,Louisville vs Kentucky
Louisville,174,200 Free,1,1:31.95,Guy Brooks,,Ohio State invitational
Louisville,174,200 Free,2,1:34.09,Matias Santiso,,Ohio State invitational
Louisville,174,200 Free,3,1:34.39,Oscar Isberg,,Louisville vs Kentucky
Louisville,174,200 Free,4,1:35.61,Kayden Lancaster,,Ohio State invitational
Louisville,174,200 Free,5,1:36.10,Thomas Powers-Hammond,,Ohio State invitational
Louisville,174,200 Free,6,1:36.30,Gregg Enoch,,Louisville vs Notre Dame
Louisville,174,200 Free,7,1:36.86,Nikita Sheremet,,Ohio State invitational
Louisville,174,200 Free,8,1:38.02,Filip Kosinski,,Ohio State invitational
Louisville,174,200 Free,9,1:38.24,Max Hatcher,,Ohio State invitational
Louisville,174,200 Free,10,1:38.33,Bryan Lombardi,,Louisville vs Notre Dame
Louisville,174,200 Im,1,1:44.08,Jackson millard,,Ohio State invitational
Louisville,174,200 Im,2,1:44.11,Gregg Enoch,,Ohio State invitational
Louisville,174,200 Im,3,1:45.74,Aidan Paro,,Ohio State invitational
Louisville,174,200 Im,4,1:46.57,Tommy Bried,,Louisville vs. Missouri
Louisville,174,200 Im,5,1:46.80,Drew Collins,,Ohio State invitational
Louisville,174,200 Im,6,1:46.90,Jake Eccleston,,Ohio State invitational
Louisville,174,200 Im,7,1:48.40,Ryder Hicks,,Ohio State invitational
Louisville,174,200 Im,8,1:48.45,Nate Thomas,,Ohio State invitational
Louisville,174,200 Im,9,1:49.54,Owen Stevens,,Ohio State invitational
Louisville,174,200 Im,10,1:49.78,Grant Gooding,,Louisville vs Kentucky
Louisville,174,400 Im,1,3:39.11,Jackson millard,,Ohio State invitational
Louisville,174,400 Im,2,3:40.84,Gregg Enoch,,Ohio State invitational
Louisville,174,400 Im,3,3:42.71,Tommy Bried,,Ohio State invitational
Louisville,174,400 Im,4,3:53.05,Owen Stevens,,Ohio State invitational
Louisville,174,50 Free,1,18.92,Nikita Sheremet,,Ohio State invitational
Louisville,174,50 Free,2,19.21,Charlie Crush,,Ohio State invitational
Louisville,174,50 Free,3,19.41,Aiden Musso,,Ohio State invitational
Louisville,174,50 Free,4,19.47,Guy Brooks,,Ohio State invitational
Louisville,174,50 Free,5,19.54,Ethan Chauliaguet,,Ohio State invitational
Louisville,174,50 Free,6,19.64,Rian Graham,,Ohio State invitational
Louisville,174,50 Free,7,19.91,Ryan Henderson,,Ohio State invitational
Louisville,174,50 Free,8,19.99,Matias Santiso,,Ohio State invitational
Louisville,174,50 Free,9,20.07,Aidan Paro,,Ohio State invitational
Louisville,174,50 Free,10,20.22,Bryan Lombardi,,Ohio State invitational
Louisville,174,500 Free,1,4:15.05,Oscar Isberg,,Ohio State invitational
Louisville,174,500 Free,2,4:17.52,Gregg Enoch,,Ohio State invitational
Louisville,174,500 Free,3,4:22.43,Tommy Bried,,Ohio State invitational
Louisville,174,500 Free,4,4:23.83,Kayden Lancaster,,Ohio State invitational
Louisville,174,500 Free,5,4:25.23,Owen Stevens,,Ohio State invitational
Louisville,174,500 Free,6,4:26.28,Max Hatcher,,Ohio State invitational
Maine,169,100 Back,1,51.98,Matthew Bendoraitis,,Harold Anderson Invitational
Maine,169,100 Back,2,53.22,Jackson white,,Harold Anderson Invitational
Maine,169,100 Back,3,54.45,Scott Klein,,Maine Collegiate Invite
Maine,169,100 Back,4,54.66,Ian Mallari,,Maine vs. Bowdoin
Maine,169,100 Back,5,54.79,Connor Peaden,,Harold Anderson Invitational
Maine,169,100 Back,6,55.31,Joey Harrison,,Harold Anderson Invitational
Maine,169,100 Back,7,56.07,Casey Laliberte,,Maine Collegiate Invite
Maine,169,100 Back,8,56.16,Christopher Raymond,,Harold Anderson Invitational
Maine,169,100 Back,9,56.31,Andrew Hoy,,Harold Anderson Invitational
Maine,169,100 Back,10,56.51,Brendan Matos,,Maine vs. New Brunswick
Maine,169,100 Breast,1,54.72,Jesse Lower,,Harold Anderson Invitational
Maine,169,100 Breast,2,56.75,Joey Stauss,,Maine Collegiate Invite
Maine,169,100 Breast,3,57.31,Nate Teerlinck,,Maine Collegiate Invite
Maine,169,100 Breast,4,59.55,Noah Machristie,,Maine Collegiate Invite
Maine,169,100 Breast,5,1:00.66,Cooper Polzin,,Harold Anderson Invitational
Maine,169,100 Breast,6,1:00.92,Ian Mallari,,Maine Collegiate Invite
Maine,169,100 Breast,7,1:01.51,Carter Bartolini,,Maine Collegiate Invite
Maine,169,100 Breast,8,1:04.41,Ryan Albert,,Maine vs. New Brunswick
Maine,169,100 Breast,9,1:05.41,Max Louie,,Maine vs. Maine Maritime
Maine,169,100 Breast,10,1:05.74,Christopher Raymond,,Maine Collegiate Invite
Maine,169,100 Fly,1,47.15,Joey Stauss,,Harold Anderson Invitational
Maine,169,100 Fly,2,51.21,Jesse Lower,,Maine Collegiate Invite
Maine,169,100 Fly,3,51.57,Calvin Comeau,,Harold Anderson Invitational
Maine,169,100 Fly,4,52.20,Jackson white,,Maine Collegiate Invite
Maine,169,100 Fly,5,52.80,Brendan Matos,,Maine Collegiate Invite
Maine,169,100 Fly,6,52.93,Max Louie,,Harold Anderson Invitational
Maine,169,100 Fly,7,53.08,Ian Mallari,,Maine Collegiate Invite
Maine,169,100 Fly,8,53.27,Connor Peaden,,Harold Anderson Invitational
Maine,169,100 Fly,9,53.35,Joey Harrison,,Maine Collegiate Invite
Maine,169,100 Fly,10,53.53,Jon Bird,,Harold Anderson Invitational
Maine,169,100 Free,1,45.40,Joey Stauss,,Maine Collegiate Invite
Maine,169,100 Free,2,45.42,Julian LaPietra,,Maine Collegiate Invite
Maine,169,100 Free,3,47.66,Scott Klein,,Maine Collegiate Invite
Maine,169,100 Free,4,47.81,Jesse Lower,,Maine Collegiate Invite
Maine,169,100 Free,5,48.02,Matthew Bendoraitis,,Maine Collegiate Invite
Maine,169,100 Free,6,48.77,Calvin Comeau,,Maine Collegiate Invite
Maine,169,100 Free,7,49.16,Noah Machristie,,Maine vs. New Brunswick
Maine,169,100 Free,8,49.42,Jon Bird,,Maine Collegiate Invite
Maine,169,100 Free,9,49.57,Casey Laliberte,,Maine Collegiate Invite
Maine,169,100 Free,10,49.98,Brendan Matos,,Maine Collegiate Invite
Maine,169,1000 Free,1,9:54.77,Carter Bartolini,,Maine Collegiate Invite
Maine,169,1000 Free,2,10:10.15,John milner,,Maine Collegiate Invite
Maine,169,1000 Free,3,10:12.38,Ryan Albert,,Maine Collegiate Invite
Maine,169,1000 Free,4,10:46.41,Andrew Hoy,,Maine Collegiate Invite
Maine,169,1650 Free,1,16:24.68,Carter Bartolini,,Maine Collegiate Invite
Maine,169,1650 Free,2,16:44.28,John milner,,Maine Collegiate Invite
Maine,169,1650 Free,3,16:49.90,Ryan Albert,,Harold Anderson Invitational
Maine,169,1650 Free,4,17:12.91,Jackson white,,Harold Anderson Invitational
Maine,169,1650 Free,5,17:53.21,Andrew Hoy,,Maine Collegiate Invite
Maine,169,200 Back,1,1:51.71,Matthew Bendoraitis,,Maine Collegiate Invite
Maine,169,200 Back,2,1:57.88,Jackson white,,Maine Collegiate Invite
Maine,169,200 Back,3,1:58.21,Connor Peaden,,Harold Anderson Invitational
Maine,169,200 Back,4,1:58.62,Joey Harrison,,Harold Anderson Invitational
Maine,169,200 Back,5,1:59.98,Brendan Matos,,Maine Collegiate Invite
Maine,169,200 Back,6,2:00.82,Casey Laliberte,,Harold Anderson Invitational
Maine,169,200 Back,7,2:01.97,Christopher Raymond,,Maine Collegiate Invite
Maine,169,200 Breast,1,2:07.89,Noah Machristie,,Harold Anderson Invitational
Maine,169,200 Breast,2,2:08.71,Jesse Lower,,Harold Anderson Invitational
Maine,169,200 Breast,3,2:10.07,Carter Bartolini,,Harold Anderson Invitational
Maine,169,200 Breast,4,2:12.81,Nate Teerlinck,,Maine Collegiate Invite
Maine,169,200 Breast,5,2:15.77,Ian Mallari,,Maine Collegiate Invite
Maine,169,200 Breast,6,2:17.12,Cooper Polzin,,Harold Anderson Invitational
Maine,169,200 Breast,7,2:21.64,Ryan Albert,,Maine vs. Bowdoin
Maine,169,200 Breast,8,2:22.69,Max Louie,,Maine Collegiate Invite
Maine,169,200 Fly,1,1:48.80,Joey Stauss,,Maine Collegiate Invite
Maine,169,200 Fly,2,1:58.30,Calvin Comeau,,Harold Anderson Invitational
Maine,169,200 Fly,3,1:58.98,Brendan Matos,,Maine vs. Bowdoin
Maine,169,200 Fly,4,1:59.41,Max Louie,,Harold Anderson Invitational
Maine,169,200 Fly,5,1:59.58,Connor Peaden,,Maine Collegiate Invite
Maine,169,200 Fly,6,1:59.69,Ian Mallari,,Harold Anderson Invitational
Maine,169,200 Fly,7,2:00.17,Carter Bartolini,,Maine Collegiate Invite
Maine,169,200 Fly,8,2:00.91,Jon Bird,,Harold Anderson Invitational
Maine,169,200 Fly,9,2:10.54,Jesse Lower,,Maine vs. Bowdoin
Maine,169,200 Fly,10,2:14.73,Andrew Hoy,,Maine Collegiate Invite
Maine,169,200 Free,1,1:43.92,Joey Stauss,,Maine vs. Maine Maritime
Maine,169,200 Free,2,1:44.26,Jackson white,,Harold Anderson Invitational
Maine,169,200 Free,3,1:44.86,Julian LaPietra,,Maine Collegiate Invite
Maine,169,200 Free,4,1:44.87,Scott Klein,,Harold Anderson Invitational
Maine,169,200 Free,5,1:44.89,Calvin Comeau,,Maine Collegiate Invite
Maine,169,200 Free,6,1:45.11,John milner,,Maine Collegiate Invite
Maine,169,200 Free,7,1:45.33,Matthew Bendoraitis,,Maine Collegiate Invite
Maine,169,200 Free,8,1:48.71,Jon Bird,,Maine Collegiate Invite
Maine,169,200 Free,9,1:49.42,Connor Peaden,,Maine Collegiate Invite
Maine,169,200 Free,10,1:49.89,Carter Bartolini,,Maine vs. New Brunswick
Maine,169,200 Im,1,1:49.53,Joey Stauss,,Harold Anderson Invitational
Maine,169,200 Im,2,1:55.30,Noah Machristie,,Harold Anderson Invitational
Maine,169,200 Im,3,1:58.69,Carter Bartolini,,Maine Collegiate Invite
Maine,169,200 Im,4,1:58.71,Ian Mallari,,Harold Anderson Invitational
Maine,169,200 Im,5,1:59.47,Max Louie,,Harold Anderson Invitational
Maine,169,200 Im,6,2:00.41,Scott Klein,,Maine Collegiate Invite
Maine,169,200 Im,7,2:02.25,Brendan Matos,,Maine vs. Bowdoin
Maine,169,200 Im,8,2:02.75,Ryan Albert,,Maine Collegiate Invite
Maine,169,200 Im,9,2:04.73,Joey Harrison,,Maine Collegiate Invite
Maine,169,200 Im,10,2:08.04,Jesse Lower,,Maine vs. Maine Maritime
Maine,169,400 Im,1,4:07.41,Carter Bartolini,,Harold Anderson Invitational
Maine,169,400 Im,2,4:09.77,Noah Machristie,,Harold Anderson Invitational
Maine,169,400 Im,3,4:21.58,Ian Mallari,,Harold Anderson Invitational
Maine,169,400 Im,4,4:24.96,Ryan Albert,,Maine Collegiate Invite
Maine,169,400 Im,5,4:29.47,Max Louie,,Maine Collegiate Invite
Maine,169,50 Free,1,20.81,Joey Stauss,,Maine Collegiate Invite
Maine,169,50 Free,2,20.92,Julian LaPietra,,Harold Anderson Invitational
Maine,169,50 Free,3,21.90,Jesse Lower,,Harold Anderson Invitational
Maine,169,50 Free,4,21.95,Scott Klein,,Maine Collegiate Invite
Maine,169,50 Free,5,22.16,Calvin Comeau,,Maine Collegiate Invite
Maine,169,50 Free,6,22.18,Matthew Bendoraitis,,Harold Anderson Invitational
Maine,169,50 Free,7,22.18,Casey Laliberte,,Maine Collegiate Invite
Maine,169,50 Free,8,22.19,Ian Mallari,,Maine Collegiate Invite
Maine,169,50 Free,9,22.21,Joey Harrison,,Maine Collegiate Invite
Maine,169,50 Free,10,22.28,Jackson white,,Maine Collegiate Invite
Maine,169,500 Free,1,4:44.61,Jackson white,,Harold Anderson Invitational
Maine,169,500 Free,2,4:44.80,Carter Bartolini,,Harold Anderson Invitational
Maine,169,500 Free,3,4:45.93,John milner,,Maine Collegiate Invite
Maine,169,500 Free,4,4:45.95,Noah Machristie,,Maine Collegiate Invite
Maine,169,500 Free,5,4:49.27,Ryan Albert,,Harold Anderson Invitational
Maine,169,500 Free,6,4:49.60,Calvin Comeau,,Harold Anderson Invitational
Maine,169,500 Free,7,4:57.41,Jon Bird,,Harold Anderson Invitational
Maine,169,500 Free,8,5:02.54,Max Louie,,Maine Collegiate Invite
Maine,169,500 Free,9,5:04.26,Christopher Raymond,,Maine Collegiate Invite
Maine,169,500 Free,10,5:07.72,Cooper Polzin,,Maine Collegiate Invite
Massachusetts,421,100 Back,1,48.54,Zach Szabo,,Terrier Invitational
Massachusetts,421,100 Back,2,50.22,Chase Keeler,,Terrier Invitational
Massachusetts,421,100 Back,3,50.55,Liam Hickey,,Terrier Invitational
Massachusetts,421,100 Back,4,50.70,Cole Brooks,,Tate Ramsden Invitational
Massachusetts,421,100 Back,5,52.77,Liam Rayson,,Tate Ramsden Invitational
Massachusetts,421,100 Back,6,52.78,Aidan Shepston,,Terrier Invitational
Massachusetts,421,100 Back,7,52.80,Chase Dai,,Boston College vs. UMass
Massachusetts,421,100 Back,8,52.84,Sammy Quigg,,Colgate Invitational
Massachusetts,421,100 Back,9,53.52,Macek Vandermolen,,Terrier Invitational
Massachusetts,421,100 Back,10,53.70,Alonso Montori,,Tate Ramsden Invitational
Massachusetts,421,100 Breast,1,54.98,Nate Derby,,Terrier Invitational
Massachusetts,421,100 Breast,2,55.52,Hudson Bawduniak,,UMass (Amherst) vs. Bryant
Massachusetts,421,100 Breast,3,55.88,Eli Panachyda,,Terrier Invitational
Massachusetts,421,100 Breast,4,56.70,Chase Dai,,Terrier Invitational
Massachusetts,421,100 Breast,5,57.70,Bode Groh,,Tate Ramsden Invitational
Massachusetts,421,100 Breast,6,58.37,Chase Keeler,,Terrier Invitational
Massachusetts,421,100 Breast,7,59.32,Alonso Montori,,Terrier Invitational
Massachusetts,421,100 Breast,8,1:01.38,Jude Boukarroum,,Tate Ramsden Invitational
Massachusetts,421,100 Breast,9,1:03.14,Aidan Shepston,,Tate Ramsden Invitational
Massachusetts,421,100 Fly,1,49.67,Hudson Bawduniak,,UMass (Amherst) vs. Bryant
Massachusetts,421,100 Fly,2,49.95,Aydin Erkan,,Tate Ramsden Invitational
Massachusetts,421,100 Fly,3,50.11,Cole Brooks,,Tate Ramsden Invitational
Massachusetts,421,100 Fly,4,50.43,Aidan Shepston,,Terrier Invitational
Massachusetts,421,100 Fly,5,50.64,Zach Szabo,,Terrier Invitational
Massachusetts,421,100 Fly,6,51.06,Liam Hickey,,Terrier Invitational
Massachusetts,421,100 Fly,7,51.11,Liam Rayson,,Tate Ramsden Invitational
Massachusetts,421,100 Fly,8,51.13,Alonso Montori,,Tate Ramsden Invitational
Massachusetts,421,100 Fly,9,51.38,Sammy Quigg,,Terrier Invitational
Massachusetts,421,100 Fly,10,51.51,Bode Groh,,Tate Ramsden Invitational
Massachusetts,421,100 Free,1,44.59,Sammy Quigg,,Terrier Invitational
Massachusetts,421,100 Free,2,45.32,Macek Vandermolen,,Terrier Invitational
Massachusetts,421,100 Free,3,46.53,Cole Brooks,,Terrier Invitational
Massachusetts,421,100 Free,4,46.58,Liam Hickey,,Massachusetts vs. Boston University
Massachusetts,421,100 Free,5,46.58,Aidan Shepston,,Terrier Invitational
Massachusetts,421,100 Free,6,46.58,Daniel Strumidlo,,Terrier Invitational
Massachusetts,421,100 Free,7,46.58,Alonso Montori,,Tate Ramsden Invitational
Massachusetts,421,100 Free,8,46.66,Zach Szabo,,Terrier Invitational
Massachusetts,421,100 Free,9,46.92,Liam Rayson,,Terrier Invitational
Massachusetts,421,100 Free,10,47.52,Nate Derby,,Tate Ramsden Invitational
Massachusetts,421,1000 Free,1,9:45.42,Jude Boukarroum,,Massachusetts vs. Boston University
Massachusetts,421,1000 Free,2,9:48.95,Miles Smyczek,,UMass (Amherst) vs. Bryant
Massachusetts,421,1000 Free,3,9:58.20,Sota Kawahata,,Tate Ramsden Invitational
Massachusetts,421,1000 Free,4,10:11.02,Daniel Strumidlo,,Massachusetts vs. Boston University
Massachusetts,421,1000 Free,5,10:35.44,Bode Groh,,Tate Ramsden Invitational
Massachusetts,421,1650 Free,1,16:10.18,Miles Smyczek,,Terrier Invitational
Massachusetts,421,1650 Free,2,16:10.89,Jude Boukarroum,,Terrier Invitational
Massachusetts,421,1650 Free,3,16:26.37,Sota Kawahata,,Tate Ramsden Invitational
Massachusetts,421,1650 Free,4,17:25.83,Bode Groh,,Tate Ramsden Invitational
Massachusetts,421,200 Back,1,1:47.85,Chase Keeler,,Terrier Invitational
Massachusetts,421,200 Back,2,1:49.46,Zach Szabo,,Terrier Invitational
Massachusetts,421,200 Back,3,1:50.57,Liam Hickey,,Terrier Invitational
Massachusetts,421,200 Back,4,1:51.46,Chase Dai,,Terrier Invitational
Massachusetts,421,200 Back,5,1:56.28,Cole Brooks,,Terrier Invitational
Massachusetts,421,200 Back,6,2:06.91,Hudson Bawduniak,,Tate Ramsden Invitational
Massachusetts,421,200 Breast,1,2:00.33,Nate Derby,,Terrier Invitational
Massachusetts,421,200 Breast,2,2:00.50,Eli Panachyda,,Tate Ramsden Invitational
Massachusetts,421,200 Breast,3,2:02.73,Hudson Bawduniak,,Terrier Invitational
Massachusetts,421,200 Breast,4,2:08.58,Chase Dai,,Massachusetts vs. Boston University
Massachusetts,421,200 Breast,5,2:09.30,Bode Groh,,Terrier Invitational
Massachusetts,421,200 Breast,6,2:12.44,Chase Keeler,,Massachusetts vs. Harvard
Massachusetts,421,200 Breast,7,2:12.94,Jude Boukarroum,,Tate Ramsden Invitational
Massachusetts,421,200 Fly,1,1:49.37,Aydin Erkan,,Tate Ramsden Invitational
Massachusetts,421,200 Fly,2,1:52.61,Liam Rayson,,Terrier Invitational
Massachusetts,421,200 Fly,3,1:54.41,Cole Brooks,,Tate Ramsden Invitational
Massachusetts,421,200 Fly,4,1:54.87,Sammy Quigg,,Tate Ramsden Invitational
Massachusetts,421,200 Fly,5,1:55.83,Nate Derby,,Tate Ramsden Invitational
Massachusetts,421,200 Fly,6,1:56.00,Chase Keeler,,Massachusetts vs. Harvard
Massachusetts,421,200 Fly,7,2:01.11,Miles Smyczek,,Boston College vs. UMass
Massachusetts,421,200 Fly,8,2:01.71,Aidan Shepston,,Tate Ramsden Invitational
Massachusetts,421,200 Free,1,1:39.84,Liam Rayson,,Terrier Invitational
Massachusetts,421,200 Free,2,1:40.10,Daniel Strumidlo,,Terrier Invitational
Massachusetts,421,200 Free,3,1:40.44,Sammy Quigg,,Terrier Invitational
Massachusetts,421,200 Free,4,1:41.62,Cole Brooks,,Terrier Invitational
Massachusetts,421,200 Free,5,1:41.78,Alonso Montori,,Terrier Invitational
Massachusetts,421,200 Free,6,1:41.99,Macek Vandermolen,,Terrier Invitational
Massachusetts,421,200 Free,7,1:42.01,Sota Kawahata,,Tate Ramsden Invitational
Massachusetts,421,200 Free,8,1:42.78,Jude Boukarroum,,Terrier Invitational
Massachusetts,421,200 Free,9,1:42.97,Hudson Bawduniak,,Tate Ramsden Invitational
Massachusetts,421,200 Free,10,1:44.38,Nate Derby,,Tate Ramsden Invitational
Massachusetts,421,200 Im,1,1:50.02,Nate Derby,,Terrier Invitational
Massachusetts,421,200 Im,2,1:50.74,Chase Keeler,,Terrier Invitational
Massachusetts,421,200 Im,3,1:52.30,Sammy Quigg,,Terrier Invitational
Massachusetts,421,200 Im,4,1:54.00,Chase Dai,,Terrier Invitational
Massachusetts,421,200 Im,5,1:54.62,Cole Brooks,,Tate Ramsden Invitational
Massachusetts,421,200 Im,6,1:55.60,Alonso Montori,,Terrier Invitational
Massachusetts,421,200 Im,7,1:55.91,Hudson Bawduniak,,Terrier Invitational
Massachusetts,421,200 Im,8,1:56.03,Jude Boukarroum,,Tate Ramsden Invitational
Massachusetts,421,200 Im,9,1:56.49,Bode Groh,,Tate Ramsden Invitational
Massachusetts,421,200 Im,10,1:56.61,Aydin Erkan,,Tate Ramsden Invitational
Massachusetts,421,400 Im,1,3:56.64,Chase Keeler,,Terrier Invitational
Massachusetts,421,400 Im,2,4:04.29,Sammy Quigg,,Tate Ramsden Invitational
Massachusetts,421,400 Im,3,4:04.52,Aydin Erkan,,Terrier Invitational
Massachusetts,421,400 Im,4,4:09.53,Miles Smyczek,,Terrier Invitational
Massachusetts,421,400 Im,5,4:13.36,Chase Dai,,Terrier Invitational
Massachusetts,421,400 Im,6,4:29.40,Eli Panachyda,,Colgate Invitational
Massachusetts,421,50 Free,1,20.66,Sammy Quigg,,Massachusetts vs. Boston University
Massachusetts,421,50 Free,2,21.04,Aidan Shepston,,Terrier Invitational
Massachusetts,421,50 Free,3,21.16,Macek Vandermolen,,Terrier Invitational
Massachusetts,421,50 Free,4,21.16,Liam Hickey,,Massachusetts vs. Harvard
Massachusetts,421,50 Free,5,21.17,Liam Rayson,,Terrier Invitational
Massachusetts,421,50 Free,6,21.22,Zach Szabo,,Terrier Invitational
Massachusetts,421,50 Free,7,21.64,Alonso Montori,,Terrier Invitational
Massachusetts,421,50 Free,8,21.67,Hudson Bawduniak,,Terrier Invitational
Massachusetts,421,50 Free,9,21.75,Daniel Strumidlo,,Tate Ramsden Invitational
Massachusetts,421,50 Free,10,21.78,Bode Groh,,Massachusetts vs. Boston University
Massachusetts,421,500 Free,1,4:34.18,Jude Boukarroum,,Terrier Invitational
Massachusetts,421,500 Free,2,4:35.90,Sota Kawahata,,Terrier Invitational
Massachusetts,421,500 Free,3,4:35.99,Cole Brooks,,Terrier Invitational
Massachusetts,421,500 Free,4,4:36.57,Daniel Strumidlo,,Terrier Invitational
Massachusetts,421,500 Free,5,4:40.40,Miles Smyczek,,Terrier Invitational
Massachusetts,421,500 Free,6,4:43.69,Aydin Erkan,,Terrier Invitational
Massachusetts,421,500 Free,7,4:50.44,Liam Rayson,,Massachusetts vs. Harvard
Massachusetts,421,500 Free,8,4:50.55,Hudson Bawduniak,,Tate Ramsden Invitational
Massachusetts,421,500 Free,9,4:50.57,Nate Derby,,Tate Ramsden Invitational
Massachusetts,421,500 Free,10,4:50.61,Eli Panachyda,,Terrier Invitational
Michigan,89,100 Back,1,46.13,Jack Wilkening,,CSCAA Challenge (Mich vs. Tenn)
Michigan,89,100 Back,2,47.35,Eitan BEN SHITRIT,,"Michigan vs. Northwestern, UCLA"
Michigan,89,100 Back,3,47.50,Inbar Danziger,,CSCAA Challenge (Mich vs. Tenn)
Michigan,89,100 Back,4,48.76,Rian Herrmann,,CSCAA Challenge (Mich vs. Tenn)
Michigan,89,100 Back,5,49.44,Antoine Destang,,Tennessee Invitational
Michigan,89,100 Back,6,49.86,Boldizsar Magda,,Michigan vs. Indiana
Michigan,89,100 Back,7,50.86,Tyler Ray,,Be Better Invitational
Michigan,89,100 Back,8,51.54,Matthew Walsh Hussey,,ND vs UM vs WISC
Michigan,89,100 Breast,1,50.92,Luka Mladenovic,,CSCAA Challenge (Mich vs. Tenn)
Michigan,89,100 Breast,2,52.66,Jaeddan Gamilla,,CSCAA Challenge (Mich vs. Tenn)
Michigan,89,100 Breast,3,53.17,Ozan Kalafat,,CSCAA Challenge (Mich vs. Tenn)
Michigan,89,100 Breast,4,54.76,Matt Kroll,,Tennessee Invitational
Michigan,89,100 Breast,5,55.09,Tyler Tannenberger,,"Michigan vs. Northwestern, UCLA"
Michigan,89,100 Breast,6,56.32,Ryan Healy,,Be Better Invitational
Michigan,89,100 Fly,1,44.78,Tyler Ray,,CSCAA Challenge (Mich vs. Tenn)
Michigan,89,100 Fly,2,45.52,Ole Eidam,,CSCAA Dual Challenge - 3rd Place
Michigan,89,100 Fly,3,46.09,Colin Geer,,Ohio State vs. Michigan
Michigan,89,100 Fly,4,48.72,Jaeddan Gamilla,,"Michigan vs. Northwestern, UCLA"
Michigan,89,100 Fly,5,49.00,Boldizsar Magda,,Ohio State vs. Michigan
Michigan,89,100 Fly,6,49.08,Antoine Destang,,CSCAA Challenge (Mich vs. Tenn)
Michigan,89,100 Fly,7,49.17,Lorne Wigginton,,CSCAA Challenge (Mich vs. Tenn)
Michigan,89,100 Fly,8,49.55,Henry Gray,,CSCAA Challenge (Mich vs. Tenn)
Michigan,89,100 Fly,9,50.01,Logan Zucker,,Be Better Invitational
Michigan,89,100 Fly,10,50.52,Joshua Brown,,Tennessee Invitational
Michigan,89,100 Free,1,42.16,Antoine Sauve,,CSCAA Dual Challenge - 3rd Place
Michigan,89,100 Free,2,42.50,Ole Eidam,,"CSCAA Dual Challenge (Mich vs. UVA Men, UT vs. ASU Women)"
Michigan,89,100 Free,3,43.63,Logan Zucker,,CSCAA Challenge (Mich vs. Tenn)
Michigan,89,100 Free,4,43.79,Ryan Healy,,CSCAA Challenge (Mich vs. Tenn)
Michigan,89,100 Free,5,44.07,Ozan Kalafat,,"CSCAA Dual Challenge (Mich vs. UVA Men, UT vs. ASU Women)"
Michigan,89,100 Free,6,44.10,Tyler Ray,,Michigan vs. Indiana
Michigan,89,100 Free,7,44.18,Yousuf Al-Matrooshi,,CSCAA Challenge (Mich vs. Tenn)
Michigan,89,100 Free,8,44.18,Alex Thiesing,,CSCAA Challenge (Mich vs. Tenn)
Michigan,89,100 Free,9,44.57,Boldizsar Magda,,Ohio State vs. Michigan
Michigan,89,100 Free,10,45.18,Eitan BEN SHITRIT,,ND vs UM vs WISC
Michigan,89,1000 Free,1,8:54.01,Lorne Wigginton,,Ohio State vs. Michigan
Michigan,89,1000 Free,2,9:00.11,Joshua Brown,,"Michigan vs. Northwestern, UCLA"
Michigan,89,1000 Free,3,9:04.14,Jack Luken,,Ohio State vs. Michigan
Michigan,89,1000 Free,4,9:06.95,Will Siegel,,Tennessee Invitational
Michigan,89,1000 Free,5,9:10.89,William Savarese,,Tennessee Invitational
Michigan,89,1000 Free,6,9:11.28,Ryan Hume,,Tennessee Invitational
Michigan,89,1650 Free,1,14:58.82,Joshua Brown,,Tennessee Invitational
Michigan,89,1650 Free,2,15:10.68,Ryan Hume,,Tennessee Invitational
Michigan,89,1650 Free,3,15:11.44,Will Siegel,,Tennessee Invitational
Michigan,89,1650 Free,4,15:16.79,Jack Luken,,Tennessee Invitational
Michigan,89,1650 Free,5,15:19.39,William Savarese,,Tennessee Invitational
Michigan,89,200 Back,1,1:41.88,Eitan BEN SHITRIT,,"CSCAA Dual Challenge (Mich vs. UVA Men, UT vs. ASU Women)"
Michigan,89,200 Back,2,1:45.32,Inbar Danziger,,"CSCAA Dual Challenge (Mich vs. UVA Men, UT vs. ASU Women)"
Michigan,89,200 Back,3,1:45.73,Lorne Wigginton,,CSCAA Dual Challenge (Mich vs. Tenn)
Michigan,89,200 Back,4,1:45.97,Rian Herrmann,,CSCAA Dual Challenge - 3rd Place
Michigan,89,200 Back,5,1:46.13,Jack Wilkening,,Michigan vs. Indiana
Michigan,89,200 Back,6,1:46.96,Ryan Hume,,CSCAA Dual Challenge (Mich vs. Tenn)
Michigan,89,200 Back,7,1:50.41,Logan Zucker,,CSCAA Dual Challenge (Mich vs. Tenn)
Michigan,89,200 Back,8,1:52.41,Jack Luken,,CSCAA Dual Challenge - 3rd Place
Michigan,89,200 Breast,1,1:51.99,Luka Mladenovic,,CSCAA Dual Challenge - 3rd Place
Michigan,89,200 Breast,2,1:55.46,Jaeddan Gamilla,,Ohio State vs. Michigan
Michigan,89,200 Breast,3,1:55.77,William Savarese,,CSCAA Dual Challenge (Mich vs. Tenn)
Michigan,89,200 Breast,4,1:56.45,Ryan Healy,,"CSCAA Dual Challenge (Mich vs. UVA Men, UT vs. ASU Women)"
Michigan,89,200 Breast,5,1:59.87,Matt Kroll,,Tennessee Invitational
Michigan,89,200 Breast,6,2:01.16,Tyler Tannenberger,,Tennessee Invitational
Michigan,89,200 Breast,7,2:01.62,Ozan Kalafat,,"Michigan vs. Northwestern, UCLA"
Michigan,89,200 Fly,1,1:39.60,Tyler Ray,,"CSCAA Dual Challenge (Mich vs. UVA Men, UT vs. ASU Women)"
Michigan,89,200 Fly,2,1:42.78,Lorne Wigginton,,CSCAA Dual Challenge (Mich vs. Tenn)
Michigan,89,200 Fly,3,1:43.08,Colin Geer,,"Michigan vs. Northwestern, UCLA"
Michigan,89,200 Fly,4,1:45.54,Joshua Brown,,"CSCAA Dual Challenge (Mich vs. UVA Men, UT vs. ASU Women)"
Michigan,89,200 Fly,5,1:47.71,Logan Zucker,,Ohio State vs. Michigan
Michigan,89,200 Fly,6,1:48.71,Ryan Hume,,CSCAA Dual Challenge - 3rd Place
Michigan,89,200 Fly,7,1:50.65,Henry Gray,,"CSCAA Dual Challenge (Mich vs. UVA Men, UT vs. ASU Women)"
Michigan,89,200 Fly,8,1:51.48,Antoine Destang,,CSCAA Dual Challenge - 3rd Place
Michigan,89,200 Fly,9,1:51.93,Ryan Healy,,Michigan vs Pitt vs Oakland Univ
Michigan,89,200 Fly,10,1:52.04,William Savarese,,Michigan vs Pitt vs Oakland Univ
Michigan,89,200 Free,1,1:32.26,Antoine Sauve,,CSCAA Dual Challenge - 3rd Place
Michigan,89,200 Free,2,1:33.23,Eitan BEN SHITRIT,,CSCAA Challenge (Mich vs. Tenn)
Michigan,89,200 Free,3,1:35.40,Ryan Healy,,"CSCAA Dual Challenge (Mich vs. UVA Men, UT vs. ASU Women)"
Michigan,89,200 Free,4,1:35.86,Alex Thiesing,,Ohio State vs. Michigan
Michigan,89,200 Free,5,1:35.94,Lorne Wigginton,,CSCAA Dual Challenge - 3rd Place
Michigan,89,200 Free,6,1:36.66,Logan Zucker,,Michigan vs. Indiana
Michigan,89,200 Free,7,1:37.04,William Savarese,,Michigan vs. Indiana
Michigan,89,200 Free,8,1:37.18,Joshua Brown,,CSCAA Dual Challenge (Mich vs. Tenn)
Michigan,89,200 Free,9,1:37.66,Henry Gray,,Tennessee Invitational
Michigan,89,200 Free,10,1:37.78,Jack Luken,,Tennessee Invitational
Michigan,89,200 Im,1,1:43.37,Luka Mladenovic,,"CSCAA Dual Challenge (Mich vs. UVA Men, UT vs. ASU Women)"
Michigan,89,200 Im,2,1:43.77,Lorne Wigginton,,CSCAA Dual Challenge - 3rd Place
Michigan,89,200 Im,3,1:44.10,Eitan BEN SHITRIT,,CSCAA Dual Challenge - 3rd Place
Michigan,89,200 Im,4,1:45.06,Colin Geer,,Michigan vs. Indiana
Michigan,89,200 Im,5,1:45.19,Ryan Healy,,Michigan vs. Indiana
Michigan,89,200 Im,6,1:46.13,Jaeddan Gamilla,,"CSCAA Dual Challenge (Mich vs. UVA Men, UT vs. ASU Women)"
Michigan,89,200 Im,7,1:46.42,William Savarese,,"CSCAA Dual Challenge (Mich vs. UVA Men, UT vs. ASU Women)"
Michigan,89,200 Im,8,1:48.36,Rian Herrmann,,CSCAA Dual Challenge (Mich vs. Tenn)
Michigan,89,200 Im,9,1:51.99,Tyler Tannenberger,,Tennessee Invitational
Michigan,89,200 Im,10,1:53.95,Matt Kroll,,Tennessee Invitational
Michigan,89,400 Im,1,3:40.18,Lorne Wigginton,,CSCAA Challenge (Mich vs. Tenn)
Michigan,89,400 Im,2,3:46.37,Ryan Healy,,CSCAA Challenge (Mich vs. Tenn)
Michigan,89,400 Im,3,3:48.67,Joshua Brown,,Tennessee Invitational
Michigan,89,400 Im,4,3:49.60,William Savarese,,CSCAA Challenge (Mich vs. Tenn)
Michigan,89,400 Im,5,3:51.39,Ryan Hume,,Tennessee Invitational
Michigan,89,400 Im,6,3:59.99,Rian Herrmann,,Tennessee Invitational
Michigan,89,400 Im,7,4:03.11,Will Siegel,,"Michigan vs. Northwestern, UCLA"
Michigan,89,50 Free,1,19.02,Tyler Ray,,"CSCAA Dual Challenge (Mich vs. UVA Men, UT vs. ASU Women)"
Michigan,89,50 Free,2,19.58,Ole Eidam,,CSCAA Challenge (Mich vs. Tenn)
Michigan,89,50 Free,3,19.77,Antoine Sauve,,CSCAA Dual Challenge (Mich vs. Tenn)
Michigan,89,50 Free,4,19.81,Luka Mladenovic,,CSCAA Dual Challenge - 3rd Place
Michigan,89,50 Free,5,19.91,Jack Wilkening,,"CSCAA Dual Challenge (Mich vs. UVA Men, UT vs. ASU Women)"
Michigan,89,50 Free,6,20.15,Yousuf Al-Matrooshi,,Tennessee Invitational
Michigan,89,50 Free,7,20.42,Jaeddan Gamilla,,CSCAA Challenge (Mich vs. Tenn)
Michigan,89,50 Free,8,20.46,Alex Thiesing,,"CSCAA Dual Challenge (Mich vs. UVA Men, UT vs. ASU Women)"
Michigan,89,50 Free,9,20.52,Eitan BEN SHITRIT,,"CSCAA Dual Challenge (Mich vs. UVA Men, UT vs. ASU Women)"
Michigan,89,50 Free,10,20.55,Matthew Walsh Hussey,,Michigan vs Pitt vs Oakland Univ
Michigan,89,500 Free,1,4:14.50,Lorne Wigginton,,"CSCAA Dual Challenge (Mich vs. UVA Men, UT vs. ASU Women)"
Michigan,89,500 Free,2,4:20.74,Antoine Sauve,,"Michigan vs. Northwestern, UCLA"
Michigan,89,500 Free,3,4:21.40,William Savarese,,Tennessee Invitational
Michigan,89,500 Free,4,4:21.94,Will Siegel,,"CSCAA Dual Challenge (Mich vs. UVA Men, UT vs. ASU Women)"
Michigan,89,500 Free,5,4:22.35,Joshua Brown,,CSCAA Dual Challenge - 3rd Place
Michigan,89,500 Free,6,4:23.39,Logan Zucker,,"CSCAA Dual Challenge (Mich vs. UVA Men, UT vs. ASU Women)"
Michigan,89,500 Free,7,4:24.02,Ryan Hume,,Tennessee Invitational
Michigan,89,500 Free,8,4:24.55,Ryan Healy,,Ohio State vs. Michigan
Michigan,89,500 Free,9,4:25.77,Jack Luken,,Ohio State vs. Michigan
Michigan,89,500 Free,10,4:27.78,Jaden Ficklen,,Tennessee Invitational
Milwaukee,369,100 Back,1,45.75,Sam Lorenz,,21st House of Champions Invitational
Milwaukee,369,100 Back,2,49.11,Jean Ducastel,,21st House of Champions Invitational
Milwaukee,369,100 Back,3,50.82,Josh Carroll,,Milwaukee vs. Illinois-Chicago
Milwaukee,369,100 Back,4,51.19,Josh Crook,,21st House of Champions Invitational
Milwaukee,369,100 Back,5,52.41,Etienne Dolezal,,21st House of Champions Invitational
Milwaukee,369,100 Back,6,53.44,Aleks Piljevic,,Milwaukee vs. Wheaton (IL)
Milwaukee,369,100 Back,7,53.60,Jared Bruce,,Wisconsin Showcase
Milwaukee,369,100 Back,8,55.68,Emery Reszka,,Milwaukee Intrasquad/Alumni
Milwaukee,369,100 Breast,1,54.57,Andrew Jones,,21st House of Champions Invitational
Milwaukee,369,100 Breast,2,55.13,Caleb Carlisle,,Milwaukee vs. UW-Green Bay
Milwaukee,369,100 Breast,3,55.39,Alvin Valkki,,21st House of Champions Invitational
Milwaukee,369,100 Breast,4,56.27,Trevor Nicodemus,,21st House of Champions Invitational
Milwaukee,369,100 Breast,5,56.64,Larry Rattler,,21st House of Champions Invitational
Milwaukee,369,100 Breast,6,57.11,Max Dexter,,21st House of Champions Invitational
Milwaukee,369,100 Breast,7,57.49,Nathan Rozeboom,,21st House of Champions Invitational
Milwaukee,369,100 Breast,8,58.09,Yassin Dwidar,,Wisconsin Showcase
Milwaukee,369,100 Breast,9,1:00.40,Nikolas Wheeler,,Milwaukee vs. Wheaton (IL)
Milwaukee,369,100 Breast,10,1:06.84,Dragos Cozma,,Milwaukee Intrasquad/Alumni
Milwaukee,369,100 Fly,1,47.79,Caleb Carlisle,,21st House of Champions Invitational
Milwaukee,369,100 Fly,2,48.77,Nikolas Wheeler,,21st House of Champions Invitational
Milwaukee,369,100 Fly,3,49.63,Aleks Piljevic,,21st House of Champions Invitational
Milwaukee,369,100 Fly,4,49.72,Ricky Beebe,,21st House of Champions Invitational
Milwaukee,369,100 Fly,5,50.66,Gunnar Seversen,,Milwaukee Intrasquad/Alumni
Milwaukee,369,100 Fly,6,50.87,Alvin Valkki,,Milwaukee vs. MSOE
Milwaukee,369,100 Fly,7,51.55,Tanner Stumpenhorst,,21st House of Champions Invitational
Milwaukee,369,100 Fly,8,51.74,Ben Witt,,21st House of Champions Invitational
Milwaukee,369,100 Fly,9,52.52,Andrew Jones,,"IU Indianapolis vs. Cleveland State, UWGB, Milwaukee"
Milwaukee,369,100 Fly,10,53.64,Emre Arican,,21st House of Champions Invitational
Milwaukee,369,100 Free,1,44.97,Charlie House,,21st House of Champions Invitational
Milwaukee,369,100 Free,2,45.02,Sam Lorenz,,Milwaukee vs. Illinois-Chicago
Milwaukee,369,100 Free,3,45.21,Caleb Carlisle,,21st House of Champions Invitational
Milwaukee,369,100 Free,4,45.23,Gunnar Seversen,,21st House of Champions Invitational
Milwaukee,369,100 Free,5,45.92,Max Dexter,,21st House of Champions Invitational
Milwaukee,369,100 Free,6,45.93,Andrew Jones,,21st House of Champions Invitational
Milwaukee,369,100 Free,7,46.00,Aleks Piljevic,,21st House of Champions Invitational
Milwaukee,369,100 Free,8,46.33,Larry Rattler,,21st House of Champions Invitational
Milwaukee,369,100 Free,9,46.78,Etienne Dolezal,,21st House of Champions Invitational
Milwaukee,369,100 Free,10,47.24,Jared Bruce,,Milwaukee vs. MSOE
Milwaukee,369,1000 Free,1,9:25.23,Gunnar Seversen,,Milwaukee vs. Illinois-Chicago
Milwaukee,369,1000 Free,2,9:39.47,Jackson Hodek,,21st House of Champions Invitational
Milwaukee,369,1000 Free,3,9:42.95,Josh Crook,,21st House of Champions Invitational
Milwaukee,369,1000 Free,4,9:44.00,Konnor Pilger,,Milwaukee vs. Illinois-Chicago
Milwaukee,369,1000 Free,5,10:17.90,Marko Vucelic,,"IU Indianapolis vs. Cleveland State, UWGB, Milwaukee"
Milwaukee,369,1650 Free,1,15:47.37,Gunnar Seversen,,Milwaukee vs. MSOE
Milwaukee,369,1650 Free,2,16:03.17,Josh Crook,,21st House of Champions Invitational
Milwaukee,369,1650 Free,3,16:10.60,Jackson Hodek,,21st House of Champions Invitational
Milwaukee,369,1650 Free,4,16:16.42,Konnor Pilger,,21st House of Champions Invitational
Milwaukee,369,1650 Free,5,17:08.57,Marko Vucelic,,21st House of Champions Invitational
Milwaukee,369,200 Back,1,1:43.49,Sam Lorenz,,21st House of Champions Invitational
Milwaukee,369,200 Back,2,1:48.32,Jean Ducastel,,21st House of Champions Invitational
Milwaukee,369,200 Back,3,1:51.43,Josh Carroll,,"IU Indianapolis vs. Cleveland State, UWGB, Milwaukee"
Milwaukee,369,200 Back,4,1:54.32,Josh Crook,,21st House of Champions Invitational
Milwaukee,369,200 Back,5,1:54.59,Emery Reszka,,21st House of Champions Invitational
Milwaukee,369,200 Back,6,1:59.64,Emre Arican,,"IU Indianapolis vs. Cleveland State, UWGB, Milwaukee"
Milwaukee,369,200 Back,7,2:01.04,Jackson Hodek,,"IU Indianapolis vs. Cleveland State, UWGB, Milwaukee"
Milwaukee,369,200 Breast,1,2:03.98,Yassin Dwidar,,21st House of Champions Invitational
Milwaukee,369,200 Breast,2,2:04.92,Trevor Nicodemus,,21st House of Champions Invitational
Milwaukee,369,200 Breast,3,2:05.11,Alvin Valkki,,Wisconsin Showcase
Milwaukee,369,200 Breast,4,2:07.87,Larry Rattler,,21st House of Champions Invitational
Milwaukee,369,200 Breast,5,2:10.30,Marko Vucelic,,Milwaukee vs. UW-Green Bay
Milwaukee,369,200 Breast,6,2:10.65,Nathan Rozeboom,,21st House of Champions Invitational
Milwaukee,369,200 Fly,1,1:47.38,Caleb Carlisle,,21st House of Champions Invitational
Milwaukee,369,200 Fly,2,1:48.61,Ricky Beebe,,21st House of Champions Invitational
Milwaukee,369,200 Fly,3,1:51.60,Nikolas Wheeler,,21st House of Champions Invitational
Milwaukee,369,200 Fly,4,1:56.51,Tanner Stumpenhorst,,21st House of Champions Invitational
Milwaukee,369,200 Fly,5,1:57.13,Marko Vucelic,,Milwaukee vs. UW-Green Bay
Milwaukee,369,200 Fly,6,2:01.96,Ben Witt,,21st House of Champions Invitational
Milwaukee,369,200 Fly,7,2:02.14,Yassin Dwidar,,Milwaukee vs. UW-Green Bay
Milwaukee,369,200 Free,1,1:37.05,Gunnar Seversen,,Milwaukee vs. Wheaton (IL)
Milwaukee,369,200 Free,2,1:40.48,Charlie House,,21st House of Champions Invitational
Milwaukee,369,200 Free,3,1:41.99,Josh Crook,,21st House of Champions Invitational
Milwaukee,369,200 Free,4,1:42.08,Jean Ducastel,,Milwaukee vs. MSOE
Milwaukee,369,200 Free,5,1:42.86,Andrew Jones,,21st House of Champions Invitational
Milwaukee,369,200 Free,6,1:43.71,Larry Rattler,,21st House of Champions Invitational
Milwaukee,369,200 Free,7,1:43.86,Josh Carroll,,Milwaukee vs. UW-Green Bay
Milwaukee,369,200 Free,8,1:44.05,Emery Reszka,,21st House of Champions Invitational
Milwaukee,369,200 Free,9,1:44.45,Konnor Pilger,,21st House of Champions Invitational
Milwaukee,369,200 Free,10,1:44.46,Marko Vucelic,,Wisconsin Showcase
Milwaukee,369,200 Im,1,1:51.17,Emre Arican,,21st House of Champions Invitational
Milwaukee,369,200 Im,2,1:51.65,Gunnar Seversen,,Milwaukee vs. Illinois-Chicago
Milwaukee,369,200 Im,3,1:52.94,Andrew Jones,,21st House of Champions Invitational
Milwaukee,369,200 Im,4,1:53.88,Trevor Nicodemus,,21st House of Champions Invitational
Milwaukee,369,200 Im,5,1:54.10,Nikolas Wheeler,,21st House of Champions Invitational
Milwaukee,369,200 Im,6,1:54.21,Alvin Valkki,,21st House of Champions Invitational
Milwaukee,369,200 Im,7,1:55.45,Jean Ducastel,,21st House of Champions Invitational
Milwaukee,369,200 Im,8,1:55.94,Caleb Carlisle,,Wisconsin Showcase
Milwaukee,369,200 Im,9,1:55.95,Yassin Dwidar,,21st House of Champions Invitational
Milwaukee,369,200 Im,10,1:56.01,Ricky Beebe,,21st House of Champions Invitational
Milwaukee,369,400 Im,1,3:56.59,Gunnar Seversen,,21st House of Champions Invitational
Milwaukee,369,400 Im,2,4:01.25,Emre Arican,,21st House of Champions Invitational
Milwaukee,369,400 Im,3,4:07.66,Jackson Hodek,,21st House of Champions Invitational
Milwaukee,369,400 Im,4,4:08.58,Yassin Dwidar,,21st House of Champions Invitational
Milwaukee,369,400 Im,5,4:10.50,Marko Vucelic,,21st House of Champions Invitational
Milwaukee,369,400 Im,6,4:13.13,Ricky Beebe,,Milwaukee vs. Wheaton (IL)
Milwaukee,369,400 Im,7,4:29.82,Konnor Pilger,,Wisconsin Showcase
Milwaukee,369,50 Free,1,19.68,Sam Lorenz,,21st House of Champions Invitational
Milwaukee,369,50 Free,2,20.19,Caleb Carlisle,,21st House of Champions Invitational
Milwaukee,369,50 Free,3,20.36,Charlie House,,21st House of Champions Invitational
Milwaukee,369,50 Free,4,20.63,Aleks Piljevic,,21st House of Champions Invitational
Milwaukee,369,50 Free,5,20.84,Max Dexter,,21st House of Champions Invitational
Milwaukee,369,50 Free,6,20.85,Gunnar Seversen,,21st House of Champions Invitational
Milwaukee,369,50 Free,7,21.37,Etienne Dolezal,,21st House of Champions Invitational
Milwaukee,369,50 Free,8,21.48,Jared Bruce,,Milwaukee vs. MSOE
Milwaukee,369,50 Free,9,21.49,Alvin Valkki,,Milwaukee vs. MSOE
Milwaukee,369,50 Free,10,21.52,Larry Rattler,,Milwaukee vs. MSOE
Milwaukee,369,500 Free,1,4:26.84,Gunnar Seversen,,Milwaukee vs. MSOE
Milwaukee,369,500 Free,2,4:34.17,Josh Crook,,21st House of Champions Invitational
Milwaukee,369,500 Free,3,4:36.66,Jackson Hodek,,21st House of Champions Invitational
Milwaukee,369,500 Free,4,4:39.24,Konnor Pilger,,21st House of Champions Invitational
Milwaukee,369,500 Free,5,4:47.08,Marko Vucelic,,21st House of Champions Invitational
Milwaukee,369,500 Free,6,4:47.16,Emery Reszka,,21st House of Champions Invitational
Milwaukee,369,500 Free,7,4:57.17,Emre Arican,,Milwaukee Intrasquad/Alumni
Milwaukee,369,500 Free,8,5:04.55,Ben Witt,,"IU Indianapolis vs. Cleveland State, UWGB, Milwaukee"
Milwaukee,369,500 Free,9,5:09.47,Yassin Dwidar,,Milwaukee vs. Wheaton (IL)
Minnesota,31,100 Back,1,46.84,Davide Harabagiu,,Minnesota vs Wisconsin
Minnesota,31,100 Back,2,47.19,Ian Steffen,,Minnesota vs Wisconsin
Minnesota,31,100 Back,3,47.78,Ethan Kosin,,Minnesota Invitational
Minnesota,31,100 Back,4,47.84,Ryan Slonac,,Minnesota Invitational
Minnesota,31,100 Back,5,48.98,Oliver Schimberg,,Minnesota Invitational
Minnesota,31,100 Back,6,49.83,John Watson,,"Minnesota vs. St Thomas, South Dakota"
Minnesota,31,100 Back,7,50.79,Jaden Heinlein,,"Tampa vs. Minnesota, Notre Dame"
Minnesota,31,100 Back,8,52.22,Alberto Hernández García,,"Minnesota vs. St Thomas, South Dakota"
Minnesota,31,100 Breast,1,54.16,Max Scheurer,,Minnesota vs Wisconsin
Minnesota,31,100 Breast,2,54.53,Jack Hackler,,Minnesota Invitational
Minnesota,31,100 Breast,3,54.68,John Watson,,Minnesota vs Wisconsin
Minnesota,31,100 Breast,4,55.10,Luke Mychalowych,,Minnesota Invitational
Minnesota,31,100 Breast,5,55.17,Joe Polyak,,"Minnesota vs. St Thomas, South Dakota"
Minnesota,31,100 Breast,6,55.81,Isidore Warain,,Minnesota vs Wisconsin
Minnesota,31,100 Breast,7,57.30,Tyler Hansen,,"Minnesota vs. St Thomas, South Dakota"
Minnesota,31,100 Breast,8,59.53,Jack Ballard,,"Minnesota vs. St Thomas, South Dakota"
Minnesota,31,100 Fly,1,45.69,Jacob Johnson,,Minnesota Invitational
Minnesota,31,100 Fly,2,46.94,Davide Harabagiu,,Minnesota Invitational
Minnesota,31,100 Fly,3,47.55,Connor Groya,,Minnesota Invitational
Minnesota,31,100 Fly,4,47.63,Ian Steffen,,Minnesota vs Wisconsin
Minnesota,31,100 Fly,5,48.08,Ethan Kosin,,Minnesota Invitational
Minnesota,31,100 Fly,6,48.82,Oliver Schimberg,,Minnesota Invitational
Minnesota,31,100 Fly,7,50.38,Jack Ballard,,"Minnesota vs. St Thomas, South Dakota"
Minnesota,31,100 Fly,8,51.98,Alberto Hernández García,,Minnesota Invitational
Minnesota,31,100 Fly,9,52.86,John Watson,,Minnesota vs Wisconsin
Minnesota,31,100 Fly,10,53.58,Ryan Slonac,,Minnesota vs Wisconsin
Minnesota,31,100 Free,1,44.09,Davide Harabagiu,,Minnesota Invitational
Minnesota,31,100 Free,2,44.15,Jacob Johnson,,Minnesota vs Wisconsin
Minnesota,31,100 Free,3,44.52,Omar Abdelwahab,,GT DMT: Minnesota vs. Georgia Tech
Minnesota,31,100 Free,4,44.55,Jayden Edmonson,,Minnesota Invitational
Minnesota,31,100 Free,5,44.56,Connor Groya,,Minnesota Invitational
Minnesota,31,100 Free,6,44.95,Daniel Eichel,,Minnesota vs Wisconsin
Minnesota,31,100 Free,7,45.05,Ian Steffen,,"Minnesota vs Nebraska, South Dakota"
Minnesota,31,100 Free,8,45.40,Ethan Kosin,,Minnesota vs Wisconsin
Minnesota,31,100 Free,9,45.41,Joe Polyak,,GT DMT: Minnesota vs. Georgia Tech
Minnesota,31,100 Free,10,45.80,Ethan Schutten,,GT DMT: Minnesota vs. Georgia Tech
Minnesota,31,1000 Free,1,9:07.30,Joe Polyak,,Minnesota vs Wisconsin
Minnesota,31,1000 Free,2,9:08.53,Luke Brennan,,"Tampa vs. Minnesota, Notre Dame"
Minnesota,31,1000 Free,3,9:16.90,Jackson Scheiber,,Minnesota vs Wisconsin
Minnesota,31,1000 Free,4,9:47.83,Ethan Kosin,,"Minnesota vs. St Thomas, South Dakota"
Minnesota,31,1650 Free,1,15:21.48,Luke Brennan,,Minnesota Invitational
Minnesota,31,1650 Free,2,15:24.38,Jackson Scheiber,,Minnesota Invitational
Minnesota,31,200 Back,1,1:43.74,Alberto Hernández García,,Minnesota Invitational
Minnesota,31,200 Back,2,1:43.75,Ryan Slonac,,Minnesota Invitational
Minnesota,31,200 Back,3,1:45.06,Ethan Kosin,,Minnesota Invitational
Minnesota,31,200 Back,4,1:45.16,Ian Steffen,,Minnesota Invitational
Minnesota,31,200 Back,5,1:47.30,Jaden Heinlein,,Minnesota vs Wisconsin
Minnesota,31,200 Back,6,1:47.82,Oliver Schimberg,,Minnesota Invitational
Minnesota,31,200 Breast,1,1:56.88,Joe Polyak,,Minnesota Invitational
Minnesota,31,200 Breast,2,1:58.35,John Watson,,GT DMT: Minnesota vs. Georgia Tech
Minnesota,31,200 Breast,3,1:58.52,Max Scheurer,,Minnesota Invitational
Minnesota,31,200 Breast,4,1:59.57,Tyler Hansen,,Minnesota Invitational
Minnesota,31,200 Breast,5,2:01.11,Jack Hackler,,Minnesota Invitational
Minnesota,31,200 Breast,6,2:02.05,Isidore Warain,,Minnesota Invitational
Minnesota,31,200 Breast,7,2:02.76,Jack Ballard,,Minnesota Invitational
Minnesota,31,200 Breast,8,2:04.97,Luke Mychalowych,,"Minnesota vs Nebraska, South Dakota"
Minnesota,31,200 Fly,1,1:41.10,Jacob Johnson,,Minnesota Invitational
Minnesota,31,200 Fly,2,1:46.32,Daniel Eichel,,Minnesota Invitational
Minnesota,31,200 Fly,3,1:46.98,Alberto Hernández García,,GT DMT: Minnesota vs. Georgia Tech
Minnesota,31,200 Fly,4,1:49.05,Oliver Schimberg,,Minnesota vs Wisconsin
Minnesota,31,200 Fly,5,1:50.14,Jack Ballard,,Minnesota vs Wisconsin
Minnesota,31,200 Fly,6,1:50.35,Ethan Kosin,,"Tampa vs. Minnesota, Notre Dame"
Minnesota,31,200 Fly,7,1:50.43,Jayden Edmonson,,Minnesota Invitational
Minnesota,31,200 Fly,8,1:52.17,Joe Polyak,,GT DMT: Minnesota vs. Georgia Tech
Minnesota,31,200 Free,1,1:36.23,Daniel Eichel,,GT DMT: Auburn vs. Minnesota
Minnesota,31,200 Free,2,1:37.29,Joe Polyak,,Minnesota Invitational
Minnesota,31,200 Free,3,1:37.41,Jayden Edmonson,,Minnesota vs Wisconsin
Minnesota,31,200 Free,4,1:37.89,Tyler Hansen,,GT DMT: Auburn vs. Minnesota
Minnesota,31,200 Free,5,1:38.20,Jacob Johnson,,"Minnesota vs. St Thomas, South Dakota"
Minnesota,31,200 Free,6,1:39.01,Jackson Scheiber,,Minnesota Invitational
Minnesota,31,200 Free,7,1:39.90,Luke Brennan,,"Minnesota vs. St Thomas, South Dakota"
Minnesota,31,200 Free,8,1:40.15,Ian Steffen,,GT DMT: Auburn vs. Minnesota
Minnesota,31,200 Free,9,1:40.22,Jack Ballard,,"Tampa vs. Minnesota, Notre Dame"
Minnesota,31,200 Free,10,1:40.26,Ethan Schutten,,Minnesota vs Wisconsin
Minnesota,31,200 Im,1,1:46.65,Joe Polyak,,Minnesota Invitational
Minnesota,31,200 Im,2,1:47.19,John Watson,,Minnesota Invitational
Minnesota,31,200 Im,3,1:47.30,Ryan Slonac,,Minnesota Invitational
Minnesota,31,200 Im,4,1:47.31,Alberto Hernández García,,GT DMT: Minnesota vs. Georgia Tech
Minnesota,31,200 Im,5,1:48.43,Jack Ballard,,Minnesota Invitational
Minnesota,31,200 Im,6,1:50.25,Tyler Hansen,,GT DMT: Auburn vs. Minnesota
Minnesota,31,200 Im,7,1:50.50,Jaden Heinlein,,Minnesota Invitational
Minnesota,31,200 Im,8,1:51.62,Oliver Schimberg,,Minnesota Invitational
Minnesota,31,200 Im,9,1:51.62,Isidore Warain,,Minnesota Invitational
Minnesota,31,200 Im,10,1:52.40,Daniel Eichel,,"Minnesota vs. St Thomas, South Dakota"
Minnesota,31,400 Im,1,3:47.80,Alberto Hernández García,,Minnesota Invitational
Minnesota,31,400 Im,2,3:52.42,Joe Polyak,,Minnesota Invitational
Minnesota,31,400 Im,3,3:53.89,Jack Ballard,,Minnesota Invitational
Minnesota,31,400 Im,4,3:55.02,John Watson,,Minnesota Invitational
Minnesota,31,400 Im,5,3:58.04,Luke Brennan,,Minnesota Invitational
Minnesota,31,400 Im,6,3:59.40,Ryan Slonac,,Minnesota vs Wisconsin
Minnesota,31,400 Im,7,4:01.13,Jaden Heinlein,,Minnesota Invitational
Minnesota,31,50 Free,1,19.88,Jacob Johnson,,Minnesota Invitational
Minnesota,31,50 Free,2,20.12,Davide Harabagiu,,Minnesota Invitational
Minnesota,31,50 Free,3,20.17,Connor Groya,,Minnesota Invitational
Minnesota,31,50 Free,4,20.29,Omar Abdelwahab,,GT DMT: Auburn vs. Minnesota
Minnesota,31,50 Free,5,20.38,Ethan Kosin,,Minnesota Invitational
Minnesota,31,50 Free,6,20.39,Ryan Slonac,,"Minnesota vs Nebraska, South Dakota"
Minnesota,31,50 Free,7,20.50,Ian Steffen,,GT DMT: Auburn vs. Minnesota
Minnesota,31,50 Free,8,20.63,Luke Mychalowych,,Minnesota Invitational
Minnesota,31,50 Free,9,21.36,John Watson,,"Minnesota vs. St Thomas, South Dakota"
Minnesota,31,50 Free,10,21.46,Jayden Edmonson,,Minnesota Invitational
Minnesota,31,500 Free,1,4:21.36,Daniel Eichel,,Minnesota Invitational
Minnesota,31,500 Free,2,4:21.46,Luke Brennan,,Minnesota Invitational
Minnesota,31,500 Free,3,4:23.21,Joe Polyak,,Minnesota vs Wisconsin
Minnesota,31,500 Free,4,4:27.16,Ethan Schutten,,Minnesota Invitational
Minnesota,31,500 Free,5,4:28.38,Jackson Scheiber,,Minnesota Invitational
Minnesota,31,500 Free,6,4:28.88,Jayden Edmonson,,Minnesota Invitational
Minnesota,31,500 Free,7,4:30.99,Ethan Kosin,,GT DMT: Minnesota vs. Georgia Tech
Minnesota,31,500 Free,8,4:35.01,Alberto Hernández García,,"Minnesota vs Nebraska, South Dakota"
Minnesota,31,500 Free,9,4:41.35,Tyler Hansen,,"Minnesota vs. St Thomas, South Dakota"
Missouri,431,100 Back,1,45.97,Quinlan Gould,,Mizzou Invitational
Missouri,431,100 Back,2,46.18,Jan Zubik,,Mizzou Invitational
Missouri,431,100 Back,3,47.55,Brady Johnson,,Mizzou Invitational
Missouri,431,100 Back,4,48.48,Matthew Judkins,,Mizzou Invitational
Missouri,431,100 Back,5,48.66,Griffin Craig,,Mizzou Invitational
Missouri,431,100 Breast,1,52.37,Brady Johnson,,Mizzou Invitational
Missouri,431,100 Breast,2,52.47,Logan Ottke,,Mizzou Invitational
Missouri,431,100 Breast,3,53.45,Darden Tate,,Mizzou Invitational
Missouri,431,100 Fly,1,46.53,Jan Zubik,,Mizzou Invitational
Missouri,431,100 Fly,2,46.59,Luke Nebrich,,Mizzou Invitational
Missouri,431,100 Fly,3,47.02,Matthew Judkins,,Mizzou Invitational
Missouri,431,100 Fly,4,47.15,Jaden Pospishil,,Mizzou Invitational
Missouri,431,100 Fly,5,47.23,Logan Ottke,,Mizzou Invitational
Missouri,431,100 Fly,6,47.29,Drew Ploof,,Mizzou Invitational
Missouri,431,100 Fly,7,47.29,Darden Tate,,Mizzou Invitational
Missouri,431,100 Fly,8,47.77,Griffin Craig,,Mizzou Invitational
Missouri,431,100 Fly,9,48.55,Francois Malherbe,,Louisville vs. Missouri
Missouri,431,100 Fly,10,48.72,Ian Everett,,Mizzou Invitational
Missouri,431,100 Free,1,41.63,Luke Nebrich,,Mizzou Invitational
Missouri,431,100 Free,2,42.88,Francois Malherbe,,Mizzou Invitational
Missouri,431,100 Free,3,43.63,Darden Tate,,Mizzou Invitational
Missouri,431,100 Free,4,43.65,Ethan Vance,,Mizzou Invitational
Missouri,431,100 Free,5,43.69,Brady Johnson,,Mizzou Invitational
Missouri,431,100 Free,6,44.01,Oliver Millán de Miguel,,Louisville vs. Missouri
Missouri,431,100 Free,7,44.11,Jaden Pospishil,,Mizzou Invitational
Missouri,431,100 Free,8,44.25,Ian Everett,,Mizzou Invitational
Missouri,431,100 Free,9,45.05,Griffin Craig,,Mizzou Invitational
Missouri,431,100 Free,10,45.29,Quinlan Gould,,World Aquatics World Cup - Carmel
Missouri,431,1000 Free,1,9:09.88,Matthew Mortenson,,Louisville vs. Missouri
Missouri,431,1000 Free,2,9:17.12,Conner Boatright,,Louisville vs. Missouri
Missouri,431,1000 Free,3,9:31.23,Sebastian Gonzalez Barboza,,"Missouri vs. Vanderbilt, McKendree"
Missouri,431,1650 Free,1,15:17.76,Matthew Mortenson,,Mizzou Invitational
Missouri,431,1650 Free,2,15:18.66,Conner Boatright,,Mizzou Invitational
Missouri,431,1650 Free,3,15:49.58,Sebastian Gonzalez Barboza,,Mizzou Invitational
Missouri,431,200 Back,1,1:42.96,Jan Zubik,,Mizzou Invitational
Missouri,431,200 Back,2,1:43.32,Quinlan Gould,,Mizzou Invitational
Missouri,431,200 Back,3,1:47.33,Brady Johnson,,"Missouri vs. Vanderbilt, McKendree"
Missouri,431,200 Back,4,1:49.17,Griffin Craig,,Purdue vs. Missouri
Missouri,431,200 Back,5,1:49.72,Matthew Judkins,,Louisville vs. Missouri
Missouri,431,200 Back,6,1:50.35,Matthew Mortenson,,World Aquatics World Cup - Carmel
Missouri,431,200 Breast,1,1:54.98,Matthew Mortenson,,Mizzou Invitational
Missouri,431,200 Breast,2,1:56.54,Logan Ottke,,Mizzou Invitational
Missouri,431,200 Breast,3,2:05.44,Sebastian Gonzalez Barboza,,Mizzou Invitational
Missouri,431,200 Fly,1,1:41.54,Jan Zubik,,Mizzou Invitational
Missouri,431,200 Fly,2,1:42.84,Matthew Judkins,,Mizzou Invitational
Missouri,431,200 Fly,3,1:45.37,Drew Ploof,,Mizzou Invitational
Missouri,431,200 Fly,4,1:47.77,Griffin Craig,,Mizzou Invitational
Missouri,431,200 Fly,5,1:49.96,Sebastian Gonzalez Barboza,,Mizzou Invitational
Missouri,431,200 Free,1,1:36.02,Oliver Millán de Miguel,,Louisville vs. Missouri
Missouri,431,200 Free,2,1:36.06,Francois Malherbe,,Mizzou Invitational
Missouri,431,200 Free,3,1:37.65,Jan Zubik,,Purdue vs. Missouri
Missouri,431,200 Free,4,1:37.69,Quinlan Gould,,Mizzou Invitational
Missouri,431,200 Free,5,1:38.65,Brady Johnson,,Louisville vs. Missouri
Missouri,431,200 Free,6,1:38.71,Drew Ploof,,Mizzou Invitational
Missouri,431,200 Free,7,1:39.43,Matthew Mortenson,,"Missouri vs. Vanderbilt, McKendree"
Missouri,431,200 Free,8,1:39.66,Griffin Craig,,Purdue vs. Missouri
Missouri,431,200 Free,9,1:43.71,Conner Boatright,,World Aquatics World Cup - Carmel
Missouri,431,200 Im,1,1:47.07,Jan Zubik,,Purdue vs. Missouri
Missouri,431,200 Im,2,1:47.95,Matthew Mortenson,,Mizzou Invitational
Missouri,431,200 Im,3,1:55.42,Sebastian Gonzalez Barboza,,Purdue vs. Missouri
Missouri,431,50 Free,1,18.75,Luke Nebrich,,Mizzou Invitational
Missouri,431,50 Free,2,19.43,Francois Malherbe,,Mizzou Invitational
Missouri,431,50 Free,3,19.66,Ethan Vance,,Mizzou Invitational
Missouri,431,50 Free,4,19.68,Darden Tate,,Mizzou Invitational
Missouri,431,50 Free,5,19.92,Jaden Pospishil,,Mizzou Invitational
Missouri,431,50 Free,6,19.96,Ian Everett,,Mizzou Invitational
Missouri,431,50 Free,7,20.20,Brady Johnson,,Mizzou Invitational
Missouri,431,50 Free,8,20.34,Logan Ottke,,Mizzou Invitational
Missouri,431,50 Free,9,20.51,Oliver Millán de Miguel,,Louisville vs. Missouri
Missouri,431,50 Free,10,20.80,Drew Ploof,,Mizzou Invitational
Missouri,431,500 Free,1,4:24.36,Conner Boatright,,Mizzou Invitational
Missouri,431,500 Free,2,4:29.93,Sebastian Gonzalez Barboza,,Mizzou Invitational
Nebraska-Omaha,97,100 Back,1,48.69,Stefan Varga,,SIU A3 Performance Invite
Nebraska-Omaha,97,100 Back,2,50.55,Aidin Kolb,,Nebraska-Omaha vs. Missouri State
Nebraska-Omaha,97,100 Back,3,51.32,Jace Walker,,Nebraska-Omaha vs. Missouri State
Nebraska-Omaha,97,100 Back,4,51.55,Adam Kamel,,SIU A3 Performance Invite
Nebraska-Omaha,97,100 Back,5,51.59,Ben Bryzelak,,Augustana vs. Omaha
Nebraska-Omaha,97,100 Back,6,52.03,Jackson Burrus,,SIU A3 Performance Invite
Nebraska-Omaha,97,100 Back,7,52.66,Kyle Kulow,,"Omaha vs. Iowa Western, College of Saint Mary"
Nebraska-Omaha,97,100 Back,8,52.97,Jadeon Carter,,"University of Nebraska, Omaha Intrasquad"
Nebraska-Omaha,97,100 Back,9,54.43,Matt Uehling,,Nebraska-Omaha vs. Missouri State
Nebraska-Omaha,97,100 Back,10,54.76,Adnan KABUYE,,Saint Thomas vs. Omaha
Nebraska-Omaha,97,100 Breast,1,54.70,Brady Wainionpaa,,SIU A3 Performance Invite
Nebraska-Omaha,97,100 Breast,2,55.54,Carson Agnew,,SIU A3 Performance Invite
Nebraska-Omaha,97,100 Breast,3,55.89,Gabe Cusanelli,,Nebraska-Omaha vs. Missouri State
Nebraska-Omaha,97,100 Breast,4,56.55,Jonathan Sgouros,,SIU A3 Performance Invite
Nebraska-Omaha,97,100 Breast,5,57.68,Will McCabe,,Augustana vs. Omaha
Nebraska-Omaha,97,100 Breast,6,1:00.16,Jadeon Carter,,Augustana vs. Omaha
Nebraska-Omaha,97,100 Breast,7,1:00.33,Caden Murphy,,Augustana vs. Omaha
Nebraska-Omaha,97,100 Breast,8,1:00.90,Mason Zadina,,"Omaha vs. Iowa Western, College of Saint Mary"
Nebraska-Omaha,97,100 Fly,1,48.23,Jace Walker,,SIU A3 Performance Invite
Nebraska-Omaha,97,100 Fly,2,48.73,Mason Zadina,,SIU A3 Performance Invite
Nebraska-Omaha,97,100 Fly,3,49.07,Will McCabe,,SIU A3 Performance Invite
Nebraska-Omaha,97,100 Fly,4,49.50,Trevor Vocasek,,SIU A3 Performance Invite
Nebraska-Omaha,97,100 Fly,5,50.36,Ben Bryzelak,,Augustana vs. Omaha
Nebraska-Omaha,97,100 Fly,6,51.28,Aidin Kolb,,Augustana vs. Omaha
Nebraska-Omaha,97,100 Fly,7,51.32,Michael Johnson,,"Omaha vs. Iowa Western, College of Saint Mary"
Nebraska-Omaha,97,100 Fly,8,51.43,Adnan KABUYE,,Saint Thomas vs. Omaha
Nebraska-Omaha,97,100 Fly,9,51.58,Thomas Neil,,SIU A3 Performance Invite
Nebraska-Omaha,97,100 Fly,10,51.80,Brady Wainionpaa,,"Omaha vs. Iowa Western, College of Saint Mary"
Nebraska-Omaha,97,100 Free,1,44.99,Stefan Varga,,SIU A3 Performance Invite
Nebraska-Omaha,97,100 Free,2,45.07,Grant Schaeffer,,SIU A3 Performance Invite
Nebraska-Omaha,97,100 Free,3,45.09,Mason Zadina,,SIU A3 Performance Invite
Nebraska-Omaha,97,100 Free,4,45.29,Jace Walker,,Nebraska-Omaha vs. Missouri State
Nebraska-Omaha,97,100 Free,5,45.43,Aidin Kolb,,Nebraska-Omaha vs. Missouri State
Nebraska-Omaha,97,100 Free,6,45.73,Will McCabe,,Nebraska-Omaha vs. Missouri State
Nebraska-Omaha,97,100 Free,7,45.75,Kyle Kulow,,SIU A3 Performance Invite
Nebraska-Omaha,97,100 Free,8,45.89,Michael Johnson,,Nebraska-Omaha vs. Missouri State
Nebraska-Omaha,97,100 Free,9,46.27,Brady Wainionpaa,,SIU A3 Performance Invite
Nebraska-Omaha,97,100 Free,10,46.33,Gabe Cusanelli,,Nebraska-Omaha vs. Missouri State
Nebraska-Omaha,97,1000 Free,1,9:37.27,Jadeon Carter,,Saint Thomas vs. Omaha
Nebraska-Omaha,97,1000 Free,2,9:43.99,Kyle Kulow,,Saint Thomas vs. Omaha
Nebraska-Omaha,97,1000 Free,3,9:54.42,Jace Walker,,Augustana vs. Omaha
Nebraska-Omaha,97,1000 Free,4,9:58.83,Will Christie,,Saint Thomas vs. Omaha
Nebraska-Omaha,97,1000 Free,5,10:10.46,Matt Uehling,,Saint Thomas vs. Omaha
Nebraska-Omaha,97,1000 Free,6,10:11.54,Michael Johnson,,Augustana vs. Omaha
Nebraska-Omaha,97,1000 Free,7,10:18.89,Thomas Neil,,Augustana vs. Omaha
Nebraska-Omaha,97,1000 Free,8,10:29.27,Grant Inman,,Nebraska-Omaha vs. Rockhurst
Nebraska-Omaha,97,1000 Free,9,10:29.78,Reese Haycraft,,SIU A3 Performance Invite
Nebraska-Omaha,97,1650 Free,1,16:03.10,Jadeon Carter,,SIU A3 Performance Invite
Nebraska-Omaha,97,1650 Free,2,16:29.72,Will Christie,,SIU A3 Performance Invite
Nebraska-Omaha,97,1650 Free,3,16:52.56,Matt Uehling,,SIU A3 Performance Invite
Nebraska-Omaha,97,1650 Free,4,17:27.25,Reese Haycraft,,SIU A3 Performance Invite
Nebraska-Omaha,97,200 Back,1,1:48.22,Stefan Varga,,SIU A3 Performance Invite
Nebraska-Omaha,97,200 Back,2,1:51.52,Jadeon Carter,,Augustana vs. Omaha
Nebraska-Omaha,97,200 Back,3,1:53.38,Adam Kamel,,Nebraska-Omaha vs. Missouri State
Nebraska-Omaha,97,200 Back,4,1:53.82,Ben Bryzelak,,Saint Thomas vs. Omaha
Nebraska-Omaha,97,200 Back,5,1:53.93,Kyle Kulow,,Nebraska-Omaha vs. Missouri State
Nebraska-Omaha,97,200 Back,6,1:54.97,Jackson Burrus,,SIU A3 Performance Invite
Nebraska-Omaha,97,200 Back,7,1:58.62,Will Christie,,Nebraska-Omaha vs. Missouri State
Nebraska-Omaha,97,200 Back,8,1:58.92,Reese Haycraft,,SIU A3 Performance Invite
Nebraska-Omaha,97,200 Breast,1,1:59.55,Brady Wainionpaa,,Nebraska-Omaha vs. Missouri State
Nebraska-Omaha,97,200 Breast,2,2:04.65,Gabe Cusanelli,,SIU A3 Performance Invite
Nebraska-Omaha,97,200 Breast,3,2:05.21,Carson Agnew,,Nebraska-Omaha vs. Missouri State
Nebraska-Omaha,97,200 Breast,4,2:06.72,Jonathan Sgouros,,SIU A3 Performance Invite
Nebraska-Omaha,97,200 Breast,5,2:10.67,Caden Murphy,,Saint Thomas vs. Omaha
Nebraska-Omaha,97,200 Breast,6,2:21.52,Jackson Burrus,,"Omaha vs. Iowa Western, College of Saint Mary"
Nebraska-Omaha,97,200 Fly,1,1:51.37,Ben Bryzelak,,Nebraska-Omaha vs. Missouri State
Nebraska-Omaha,97,200 Fly,2,1:53.78,Thomas Neil,,SIU A3 Performance Invite
Nebraska-Omaha,97,200 Fly,3,1:55.76,Caden Murphy,,SIU A3 Performance Invite
Nebraska-Omaha,97,200 Fly,4,1:55.86,Stefan Varga,,"Omaha vs. Iowa Western, College of Saint Mary"
Nebraska-Omaha,97,200 Fly,5,1:56.11,Jace Walker,,"Omaha vs. Iowa Western, College of Saint Mary"
Nebraska-Omaha,97,200 Fly,6,2:01.90,Grant Inman,,Augustana vs. Omaha
Nebraska-Omaha,97,200 Fly,7,2:05.69,Mason Zadina,,Augustana vs. Omaha
Nebraska-Omaha,97,200 Fly,8,2:07.84,Trevor Vocasek,,"Nebraska vs. Omaha, South Dakota State"
Nebraska-Omaha,97,200 Fly,9,2:13.52,Matt Uehling,,Augustana vs. Omaha
Nebraska-Omaha,97,200 Free,1,1:39.10,Kyle Kulow,,Nebraska-Omaha vs. Missouri State
Nebraska-Omaha,97,200 Free,2,1:39.73,Aidin Kolb,,SIU A3 Performance Invite
Nebraska-Omaha,97,200 Free,3,1:41.01,Michael Johnson,,SIU A3 Performance Invite
Nebraska-Omaha,97,200 Free,4,1:41.70,Grant Schaeffer,,SIU A3 Performance Invite
Nebraska-Omaha,97,200 Free,5,1:42.73,Jace Walker,,Saint Thomas vs. Omaha
Nebraska-Omaha,97,200 Free,6,1:43.12,Jadeon Carter,,Saint Thomas vs. Omaha
Nebraska-Omaha,97,200 Free,7,1:44.81,Mason Ramsower,,"University of Nebraska, Omaha Intrasquad"
Nebraska-Omaha,97,200 Free,8,1:44.94,Matt Uehling,,"University of Nebraska, Omaha Intrasquad"
Nebraska-Omaha,97,200 Free,9,1:45.14,Will Christie,,SIU A3 Performance Invite
Nebraska-Omaha,97,200 Free,10,1:45.15,Adam Kamel,,Nebraska-Omaha vs. Missouri State
Nebraska-Omaha,97,200 Im,1,1:49.57,Brady Wainionpaa,,SIU A3 Performance Invite
Nebraska-Omaha,97,200 Im,2,1:51.74,Stefan Varga,,SIU A3 Performance Invite
Nebraska-Omaha,97,200 Im,3,1:52.78,Ben Bryzelak,,SIU A3 Performance Invite
Nebraska-Omaha,97,200 Im,4,1:52.87,Will McCabe,,SIU A3 Performance Invite
Nebraska-Omaha,97,200 Im,5,1:55.01,Aidin Kolb,,Augustana vs. Omaha
Nebraska-Omaha,97,200 Im,6,1:55.48,Jonathan Sgouros,,SIU A3 Performance Invite
Nebraska-Omaha,97,200 Im,7,1:55.65,Caden Murphy,,SIU A3 Performance Invite
Nebraska-Omaha,97,200 Im,8,1:56.63,Jadeon Carter,,Augustana vs. Omaha
Nebraska-Omaha,97,200 Im,9,1:56.90,Adam Kamel,,SIU A3 Performance Invite
Nebraska-Omaha,97,200 Im,10,1:57.64,Thomas Neil,,SIU A3 Performance Invite
Nebraska-Omaha,97,400 Im,1,4:02.51,Jadeon Carter,,SIU A3 Performance Invite
Nebraska-Omaha,97,400 Im,2,4:03.62,Ben Bryzelak,,SIU A3 Performance Invite
Nebraska-Omaha,97,400 Im,3,4:12.41,Caden Murphy,,Nebraska-Omaha vs. Missouri State
Nebraska-Omaha,97,400 Im,4,4:12.45,Reese Haycraft,,SIU A3 Performance Invite
Nebraska-Omaha,97,400 Im,5,4:13.12,Brady Wainionpaa,,"Nebraska vs. Omaha, South Dakota State"
Nebraska-Omaha,97,400 Im,6,4:22.21,Grant Inman,,SIU A3 Performance Invite
Nebraska-Omaha,97,400 Im,7,4:22.47,Jonathan Sgouros,,Nebraska-Omaha vs. Missouri State
Nebraska-Omaha,97,50 Free,1,20.43,Mason Zadina,,SIU A3 Performance Invite
Nebraska-Omaha,97,50 Free,2,20.65,Will McCabe,,Saint Thomas vs. Omaha
Nebraska-Omaha,97,50 Free,3,20.71,Grant Schaeffer,,Augustana vs. Omaha
Nebraska-Omaha,97,50 Free,4,20.81,Michael Johnson,,Saint Thomas vs. Omaha
Nebraska-Omaha,97,50 Free,5,20.85,Aidin Kolb,,SIU A3 Performance Invite
Nebraska-Omaha,97,50 Free,6,20.86,Jace Walker,,SIU A3 Performance Invite
Nebraska-Omaha,97,50 Free,7,20.94,Brady Wainionpaa,,SIU A3 Performance Invite
Nebraska-Omaha,97,50 Free,8,20.97,Gabe Cusanelli,,SIU A3 Performance Invite
Nebraska-Omaha,97,50 Free,9,21.04,Trevor Vocasek,,SIU A3 Performance Invite
Nebraska-Omaha,97,50 Free,10,21.23,Adnan KABUYE,,SIU A3 Performance Invite
Nebraska-Omaha,97,500 Free,1,4:29.71,Kyle Kulow,,SIU A3 Performance Invite
Nebraska-Omaha,97,500 Free,2,4:34.19,Jadeon Carter,,SIU A3 Performance Invite
Nebraska-Omaha,97,500 Free,3,4:43.26,Will Christie,,SIU A3 Performance Invite
Nebraska-Omaha,97,500 Free,4,4:48.57,Matt Uehling,,SIU A3 Performance Invite
Nebraska-Omaha,97,500 Free,5,4:52.41,Grant Inman,,SIU A3 Performance Invite
Nebraska-Omaha,97,500 Free,6,4:56.79,Aidin Kolb,,"Omaha vs. Iowa Western, College of Saint Mary"
Nebraska-Omaha,97,500 Free,7,4:57.46,Reese Haycraft,,SIU A3 Performance Invite
Nebraska-Omaha,97,500 Free,8,4:59.82,Will McCabe,,"Omaha vs. Iowa Western, College of Saint Mary"
Nebraska-Omaha,97,500 Free,9,5:06.97,Jonathan Sgouros,,Saint Thomas vs. Omaha
North Carolina,60,100 Back,1,46.48,Colin Whelehan,,Gamecock Invitational
North Carolina,60,100 Back,2,46.84,JT Schmid,,Gamecock Invitational
North Carolina,60,100 Back,3,46.93,David Melnychuk,,Gamecock Invitational
North Carolina,60,100 Back,4,47.06,Louis Dramm,,Gamecock Invitational
North Carolina,60,100 Back,5,48.14,Granger Bartee,,UVA vs UNC
North Carolina,60,100 Back,6,48.24,Adam Maraana,,"UNC vs. Boston College, UNC-Wilmington"
North Carolina,60,100 Back,7,48.37,Seb Lunak,,Gamecock Invitational
North Carolina,60,100 Back,8,48.47,Reid Miller,,Gamecock Invitational
North Carolina,60,100 Breast,1,51.74,Ben Delmar,,Gamecock Invitational
North Carolina,60,100 Breast,2,51.92,Xavier Ruiz,,UVA vs UNC
North Carolina,60,100 Breast,3,53.15,Sean Setzer,,Gamecock Invitational
North Carolina,60,100 Breast,4,53.94,Giulian Martin,,Gamecock Invitational
North Carolina,60,100 Breast,5,54.18,Carter Freudenstein,,Gamecock Invitational
North Carolina,60,100 Fly,1,46.63,Seb Lunak,,Gamecock Invitational
North Carolina,60,100 Fly,2,46.74,Colin Whelehan,,UVA vs UNC
North Carolina,60,100 Fly,3,47.22,JT Schmid,,Gamecock Invitational
North Carolina,60,100 Fly,4,47.27,Louis Dramm,,Duke vs UNC
North Carolina,60,100 Fly,5,47.44,Nate Hohm,,Gamecock Invitational
North Carolina,60,100 Fly,6,47.53,Martin KARTAVI,,Gamecock Invitational
North Carolina,60,100 Fly,7,48.23,Reid Miller,,"UNC vs. Boston College, UNC-Wilmington"
North Carolina,60,100 Fly,8,50.35,Adam Maraana,,Gamecock Invitational
North Carolina,60,100 Fly,9,50.69,Ben Delmar,,Gamecock Invitational
North Carolina,60,100 Fly,10,51.41,Josh Parent,,Gamecock Invitational
North Carolina,60,100 Free,1,42.76,Louis Dramm,,Gamecock Invitational
North Carolina,60,100 Free,2,43.28,Sean Setzer,,Gamecock Invitational
North Carolina,60,100 Free,3,43.30,Martin KARTAVI,,Gamecock Invitational
North Carolina,60,100 Free,4,43.55,David Quaresma,,Gamecock Invitational
North Carolina,60,100 Free,5,43.80,Nate Hohm,,Gamecock Invitational
North Carolina,60,100 Free,6,44.28,Julian Swiderski,,"UNC vs. Boston College, UNC-Wilmington"
North Carolina,60,100 Free,7,44.77,Reid Miller,,Gamecock Invitational
North Carolina,60,100 Free,8,44.79,Sam Huggins,,Gamecock Invitational
North Carolina,60,100 Free,9,45.23,David Melnychuk,,Gamecock Invitational
North Carolina,60,100 Free,10,45.46,Granger Bartee,,Gamecock Invitational
North Carolina,60,1000 Free,1,8:59.17,Josh Parent,,North Carolina vs. NC State
North Carolina,60,1000 Free,2,9:14.43,Brady Begin,,North Carolina vs. NC State
North Carolina,60,1000 Free,3,9:17.94,Hudson DeGroote,,UVA vs UNC
North Carolina,60,1000 Free,4,9:29.45,Sam Huggins,,UVA vs UNC
North Carolina,60,1650 Free,1,15:07.54,Josh Parent,,Gamecock Invitational
North Carolina,60,1650 Free,2,15:32.26,Hudson DeGroote,,Gamecock Invitational
North Carolina,60,200 Back,1,1:41.42,JT Schmid,,Gamecock Invitational
North Carolina,60,200 Back,2,1:42.79,David Melnychuk,,Gamecock Invitational
North Carolina,60,200 Back,3,1:45.29,Colin Whelehan,,"UNC vs. Boston College, UNC-Wilmington"
North Carolina,60,200 Back,4,1:46.12,Adam Maraana,,Gamecock Invitational
North Carolina,60,200 Back,5,1:46.56,Granger Bartee,,North Carolina vs. NC State
North Carolina,60,200 Back,6,1:49.74,Seb Lunak,,Duke vs UNC
North Carolina,60,200 Breast,1,1:49.76,Ben Delmar,,Gamecock Invitational
North Carolina,60,200 Breast,2,1:53.04,Xavier Ruiz,,Gamecock Invitational
North Carolina,60,200 Breast,3,1:55.94,Giulian Martin,,Gamecock Invitational
North Carolina,60,200 Breast,4,1:56.14,Carter Freudenstein,,Gamecock Invitational
North Carolina,60,200 Fly,1,1:42.09,Seb Lunak,,Gamecock Invitational
North Carolina,60,200 Fly,2,1:43.48,Louis Dramm,,Gamecock Invitational
North Carolina,60,200 Fly,3,1:43.76,Colin Whelehan,,Gamecock Invitational
North Carolina,60,200 Fly,4,1:44.30,Ben Delmar,,Gamecock Invitational
North Carolina,60,200 Fly,5,1:45.69,Josh Parent,,Gamecock Invitational
North Carolina,60,200 Fly,6,1:47.06,Carter Freudenstein,,Gamecock Invitational
North Carolina,60,200 Fly,7,1:49.22,Hudson DeGroote,,Gamecock Invitational
North Carolina,60,200 Free,1,1:33.94,David Quaresma,,Gamecock Invitational
North Carolina,60,200 Free,2,1:33.96,Louis Dramm,,Gamecock Invitational
North Carolina,60,200 Free,3,1:36.07,Julian Swiderski,,North Carolina vs. NC State
North Carolina,60,200 Free,4,1:36.39,Sam Huggins,,Gamecock Invitational
North Carolina,60,200 Free,5,1:37.07,David Melnychuk,,Gamecock Invitational
North Carolina,60,200 Free,6,1:38.05,Colin Whelehan,,Duke vs UNC
North Carolina,60,200 Free,7,1:39.02,Granger Bartee,,Gamecock Invitational
North Carolina,60,200 Free,8,1:40.42,Brady Begin,,Gamecock Invitational
North Carolina,60,200 Free,9,1:40.99,Josh Parent,,Duke vs UNC
North Carolina,60,200 Im,1,1:41.92,Louis Dramm,,Gamecock Invitational
North Carolina,60,200 Im,2,1:44.28,Ben Delmar,,Gamecock Invitational
North Carolina,60,200 Im,3,1:44.33,Colin Whelehan,,Gamecock Invitational
North Carolina,60,200 Im,4,1:45.68,JT Schmid,,Gamecock Invitational
North Carolina,60,200 Im,5,1:45.71,Xavier Ruiz,,Gamecock Invitational
North Carolina,60,200 Im,6,1:46.20,Carter Freudenstein,,Gamecock Invitational
North Carolina,60,200 Im,7,1:48.21,Seb Lunak,,Gamecock Invitational
North Carolina,60,200 Im,8,1:50.45,Giulian Martin,,Gamecock Invitational
North Carolina,60,200 Im,9,1:53.79,Hudson DeGroote,,UNC vs. Queens
North Carolina,60,400 Im,1,3:40.54,Louis Dramm,,Gamecock Invitational
North Carolina,60,400 Im,2,3:41.37,Ben Delmar,,Gamecock Invitational
North Carolina,60,400 Im,3,3:44.96,Josh Parent,,Gamecock Invitational
North Carolina,60,400 Im,4,3:47.75,Carter Freudenstein,,Gamecock Invitational
North Carolina,60,400 Im,5,3:49.45,Xavier Ruiz,,Gamecock Invitational
North Carolina,60,400 Im,6,3:49.77,Hudson DeGroote,,Gamecock Invitational
North Carolina,60,400 Im,7,3:57.79,Giulian Martin,,Gamecock Invitational
North Carolina,60,50 Free,1,19.52,Martin KARTAVI,,UVA vs UNC
North Carolina,60,50 Free,2,19.63,Sean Setzer,,Gamecock Invitational
North Carolina,60,50 Free,3,19.75,Louis Dramm,,"UNC vs. Boston College, UNC-Wilmington"
North Carolina,60,50 Free,4,19.94,Nate Hohm,,Gamecock Invitational
North Carolina,60,50 Free,5,20.24,David Quaresma,,Gamecock Invitational
North Carolina,60,50 Free,6,20.30,Reid Miller,,Gamecock Invitational
North Carolina,60,50 Free,7,20.64,Adam Maraana,,Gamecock Invitational
North Carolina,60,50 Free,8,20.73,David Melnychuk,,Gamecock Invitational
North Carolina,60,50 Free,9,20.75,Julian Swiderski,,Gamecock Invitational
North Carolina,60,50 Free,10,20.83,Granger Bartee,,Gamecock Invitational
North Carolina,60,500 Free,1,4:19.19,Josh Parent,,Gamecock Invitational
North Carolina,60,500 Free,2,4:21.57,Sam Huggins,,Gamecock Invitational
North Carolina,60,500 Free,3,4:23.73,Hudson DeGroote,,Gamecock Invitational
North Carolina,60,500 Free,4,4:30.03,Brady Begin,,Gamecock Invitational
North Carolina,60,500 Free,5,4:37.51,Julian Swiderski,,UNC vs. Queens
Notre Dame,53,100 Back,1,46.20,Marcus REYES-GENTRY,,Miami Invitational
Notre Dame,53,100 Back,2,46.49,Zack Oswald,,Miami Invitational
Notre Dame,53,100 Back,3,47.03,Tommy Janton,,Louisville vs Notre Dame
Notre Dame,53,100 Back,4,48.90,Jeremy Kelly,,Louisville vs Notre Dame
Notre Dame,53,100 Back,5,48.92,Brady Calkins,,Miami Invitational
Notre Dame,53,100 Back,6,49.00,Evan Conti,,Miami Invitational
Notre Dame,53,100 Back,7,49.73,Owen Tharrington,,Miami Invitational
Notre Dame,53,100 Back,8,51.20,Jack Sullivan,,Miami Invitational
Notre Dame,53,100 Breast,1,53.19,Jack Armour,,Miami Invitational
Notre Dame,53,100 Breast,2,53.97,Dillon Edge,,Miami Invitational
Notre Dame,53,100 Breast,3,55.08,Angus MacDonald,,Louisville vs Notre Dame
Notre Dame,53,100 Fly,1,46.95,Dillon Edge,,Miami Invitational
Notre Dame,53,100 Fly,2,47.30,Zack Oswald,,Miami Invitational
Notre Dame,53,100 Fly,3,47.90,Marcus REYES-GENTRY,,Miami Invitational
Notre Dame,53,100 Fly,4,50.80,Sammy Sierra,,Louisville vs Notre Dame
Notre Dame,53,100 Fly,5,51.75,John Kroll,,Notre Dame vs Northwestern
Notre Dame,53,100 Fly,6,51.80,Charles Heisig,,Miami Invitational
Notre Dame,53,100 Fly,7,52.19,Angus MacDonald,,Miami Invitational
Notre Dame,53,100 Fly,8,52.59,Evan Conti,,Miami Invitational
Notre Dame,53,100 Fly,9,52.70,Luke Bucaro,,Miami Invitational
Notre Dame,53,100 Fly,10,52.85,Charlie Mayr,,Miami Invitational
Notre Dame,53,100 Free,1,42.39,Shane Eckler,,Miami Invitational
Notre Dame,53,100 Free,2,43.46,Hrvoje Tomic,,Miami Invitational
Notre Dame,53,100 Free,3,43.98,Jeremy Kelly,,Miami Invitational
Notre Dame,53,100 Free,4,43.99,Min-Gyo Jang,,Miami Invitational
Notre Dame,53,100 Free,5,45.36,Patrick Branon,,Notre Dame vs Northwestern
Notre Dame,53,100 Free,6,45.49,Brady Calkins,,Miami Invitational
Notre Dame,53,100 Free,7,45.68,Jack Sullivan,,Miami Invitational
Notre Dame,53,100 Free,8,46.08,Ethan DiFronzo,,Miami Invitational
Notre Dame,53,100 Free,9,46.32,John Kroll,,Notre Dame vs Northwestern
Notre Dame,53,1000 Free,1,9:06.53,Sean Atkinson,,Louisville vs Notre Dame
Notre Dame,53,1000 Free,2,9:19.99,Luke Bucaro,,Notre Dame vs Northwestern
Notre Dame,53,1000 Free,3,9:20.37,Charlie Mayr,,Notre Dame vs Northwestern
Notre Dame,53,1650 Free,1,15:29.36,Sean Atkinson,,Miami Invitational
Notre Dame,53,1650 Free,2,15:37.93,Luke Bucaro,,Miami Invitational
Notre Dame,53,1650 Free,3,15:45.32,Charlie Mayr,,Miami Invitational
Notre Dame,53,200 Back,1,1:42.70,Zack Oswald,,Miami Invitational
Notre Dame,53,200 Back,2,1:42.92,Evan Conti,,Miami Invitational
Notre Dame,53,200 Back,3,1:44.28,Tommy Janton,,Louisville vs Notre Dame
Notre Dame,53,200 Back,4,1:46.62,Brady Calkins,,Miami Invitational
Notre Dame,53,200 Back,5,1:46.77,Owen Tharrington,,Miami Invitational
Notre Dame,53,200 Back,6,1:46.88,Luke Bucaro,,Miami Invitational
Notre Dame,53,200 Back,7,1:48.11,Marcus REYES-GENTRY,,Miami Invitational
Notre Dame,53,200 Back,8,1:48.59,Jeremy Kelly,,ND vs UM vs WISC
Notre Dame,53,200 Back,9,1:50.51,Charles Heisig,,Notre Dame vs Northwestern
Notre Dame,53,200 Breast,1,1:53.80,Jack Armour,,Miami Invitational
Notre Dame,53,200 Breast,2,1:57.53,Angus MacDonald,,Miami Invitational
Notre Dame,53,200 Breast,3,2:03.98,Sammy Sierra,,Notre Dame vs Northwestern
Notre Dame,53,200 Fly,1,1:43.48,Patrick Branon,,Miami Invitational
Notre Dame,53,200 Fly,2,1:44.68,Dillon Edge,,Miami Invitational
Notre Dame,53,200 Fly,3,1:47.82,Sammy Sierra,,Notre Dame vs Northwestern
Notre Dame,53,200 Fly,4,1:48.25,Charles Heisig,,Miami Invitational
Notre Dame,53,200 Fly,5,1:48.73,Charlie Mayr,,Miami Invitational
Notre Dame,53,200 Free,1,1:33.01,Shane Eckler,,Miami Invitational
Notre Dame,53,200 Free,2,1:33.57,Patrick Branon,,Miami Invitational
Notre Dame,53,200 Free,3,1:35.81,Hrvoje Tomic,,Miami Invitational
Notre Dame,53,200 Free,4,1:36.86,Sean Atkinson,,Miami Invitational
Notre Dame,53,200 Free,5,1:37.04,Jeremy Kelly,,Miami Invitational
Notre Dame,53,200 Free,6,1:37.73,Dillon Edge,,ND vs UM vs WISC
Notre Dame,53,200 Free,7,1:38.44,Min-Gyo Jang,,Miami Invitational
Notre Dame,53,200 Free,8,1:39.09,Brady Calkins,,Miami Invitational
Notre Dame,53,200 Free,9,1:40.04,Ethan DiFronzo,,Miami Invitational
Notre Dame,53,200 Free,10,1:40.43,Hvroje Tomic,,"Tampa vs. Minnesota, Notre Dame"
Notre Dame,53,200 Im,1,1:45.27,Dillon Edge,,Miami Invitational
Notre Dame,53,200 Im,2,1:45.63,Jeremy Kelly,,Miami Invitational
Notre Dame,53,200 Im,3,1:46.53,Angus MacDonald,,Miami Invitational
Notre Dame,53,200 Im,4,1:46.92,Jack Armour,,Miami Invitational
Notre Dame,53,200 Im,5,1:48.13,Zack Oswald,,Miami Invitational
Notre Dame,53,200 Im,6,1:48.78,Charles Heisig,,Miami Invitational
Notre Dame,53,200 Im,7,1:48.84,Sammy Sierra,,Miami Invitational
Notre Dame,53,200 Im,8,1:49.10,Evan Conti,,Miami Invitational
Notre Dame,53,200 Im,9,1:49.45,Brady Calkins,,Miami Invitational
Notre Dame,53,200 Im,10,1:51.02,Owen Tharrington,,Miami Invitational
Notre Dame,53,400 Im,1,3:45.67,Angus MacDonald,,Miami Invitational
Notre Dame,53,400 Im,2,3:50.89,Luke Bucaro,,Miami Invitational
Notre Dame,53,400 Im,3,3:51.46,Charles Heisig,,Miami Invitational
Notre Dame,53,400 Im,4,3:53.15,Charlie Mayr,,Miami Invitational
Notre Dame,53,400 Im,5,3:54.83,Evan Conti,,Miami Invitational
Notre Dame,53,400 Im,6,3:57.47,Sammy Sierra,,Miami Invitational
Notre Dame,53,50 Free,1,19.21,Shane Eckler,,Miami Invitational
Notre Dame,53,50 Free,2,19.96,Min-Gyo Jang,,Miami Invitational
Notre Dame,53,50 Free,3,20.02,Hrvoje Tomic,,Miami Invitational
Notre Dame,53,50 Free,4,20.09,Marcus REYES-GENTRY,,Miami Invitational
Notre Dame,53,50 Free,5,20.14,Zack Oswald,,Miami Invitational
Notre Dame,53,50 Free,6,20.91,Jeremy Kelly,,Louisville vs Notre Dame
Notre Dame,53,50 Free,7,21.02,Jack Sullivan,,Miami Invitational
Notre Dame,53,50 Free,8,21.05,John Kroll,,Notre Dame vs Northwestern
Notre Dame,53,50 Free,9,21.07,Ethan DiFronzo,,Miami Invitational
Notre Dame,53,50 Free,10,21.73,Brady Calkins,,Miami Invitational
Notre Dame,53,500 Free,1,4:16.24,Patrick Branon,,Miami Invitational
Notre Dame,53,500 Free,2,4:24.83,Sean Atkinson,,Miami Invitational
Notre Dame,53,500 Free,3,4:27.31,Luke Bucaro,,Miami Invitational
Notre Dame,53,500 Free,4,4:27.48,Hrvoje Tomic,,Miami Invitational
Notre Dame,53,500 Free,5,4:31.34,Charlie Mayr,,Miami Invitational
Notre Dame,53,500 Free,6,4:50.81,Hvroje Tomic,,"Tampa vs. Minnesota, Notre Dame"
Pacific,413,100 Back,1,48.85,Raphael Vanhecke,,UNLV Invite
Pacific,413,100 Back,2,49.95,Alexis Iocavides,,Trailblazer Invitational
Pacific,413,100 Back,3,50.36,Jonah Bergerson,,UNLV Invite
Pacific,413,100 Back,4,50.97,Max Ciciarelli,,Trailblazer Invitational
Pacific,413,100 Back,5,51.12,Kyle Capili,,UCSB vs UOP Dual
Pacific,413,100 Back,6,51.37,Liam Roedling,,Trailblazer Invitational
Pacific,413,100 Back,7,51.40,Jordan Silvestri,,Trailblazer Invitational
Pacific,413,100 Back,8,51.55,Matthew Honeck,,UNLV Invite
Pacific,413,100 Back,9,53.69,Oliver Valdez,,Pacific vs. Fresno Pacific
Pacific,413,100 Breast,1,53.89,Mattia Giurgevich,,Trailblazer Invitational
Pacific,413,100 Breast,2,54.72,Freddie Cumming,,UNLV Invite
Pacific,413,100 Breast,3,54.84,Ethan Cole,,UNLV Invite
Pacific,413,100 Breast,4,55.10,Cruz Lopez,,UNLV Invite
Pacific,413,100 Breast,5,55.20,Bridger Sink,,Trailblazer Invitational
Pacific,413,100 Breast,6,56.75,Dante Dentino,,UNLV Invite
Pacific,413,100 Breast,7,59.02,Aidan Alvarez,,UNLV Invite
Pacific,413,100 Fly,1,49.51,Freddie Cumming,,Trailblazer Invitational
Pacific,413,100 Fly,2,49.91,Jonah Bergerson,,Trailblazer Invitational
Pacific,413,100 Fly,3,49.96,Matthew Honeck,,UNLV Invite
Pacific,413,100 Fly,4,50.63,Gian Carlo Bocchino,,UNLV Invite
Pacific,413,100 Fly,5,50.87,Nate Rasmussen,,PAC Invite
Pacific,413,100 Fly,6,50.90,Kyle Capili,,UCSB vs UOP Dual
Pacific,413,100 Fly,7,51.17,Max Ciciarelli,,Trailblazer Invitational
Pacific,413,100 Fly,8,51.93,Garrett Taylor,,Trailblazer Invitational
Pacific,413,100 Fly,9,52.40,Graham Inman,,Pacific vs. Fresno Pacific
Pacific,413,100 Fly,10,53.66,Casey Lowenborg,,UNLV Invite
Pacific,413,100 Free,1,43.72,Nate Rasmussen,,UNLV Invite
Pacific,413,100 Free,2,45.05,Ethan Cole,,Trailblazer Invitational
Pacific,413,100 Free,3,45.67,Gian Carlo Bocchino,,Trailblazer Invitational
Pacific,413,100 Free,4,46.16,Matthew Dillon,,Trailblazer Invitational
Pacific,413,100 Free,5,46.70,Jonah Bergerson,,UNLV Invite
Pacific,413,100 Free,6,47.43,Freddie Cumming,,UNLV Invite
Pacific,413,100 Free,7,47.51,Bridger Sink,,UNLV Invite
Pacific,413,100 Free,8,47.55,Alexis Iocavides,,UCSB vs UOP Dual
Pacific,413,100 Free,9,47.62,Max Ciciarelli,,Trailblazer Invitational
Pacific,413,100 Free,10,47.69,Mattia Giurgevich,,PAC Invite
Pacific,413,1000 Free,1,9:35.71,Casey Lowenborg,,UCSB vs UOP Dual
Pacific,413,1000 Free,2,9:42.82,Matthew Dillon,,UCSB vs UOP Dual
Pacific,413,1000 Free,3,9:46.58,Garrett Taylor,,UCSB vs UOP Dual
Pacific,413,1000 Free,4,9:48.16,Dante Dentino,,Pacific vs. UC Santa Cruz vs. San Jose State
Pacific,413,1650 Free,1,16:11.74,Garrett Taylor,,PAC Invite
Pacific,413,1650 Free,2,16:15.55,Casey Lowenborg,,Trailblazer Invitational
Pacific,413,1650 Free,3,16:17.58,Dante Dentino,,Trailblazer Invitational
Pacific,413,1650 Free,4,16:33.54,Matthew Dillon,,Trailblazer Invitational
Pacific,413,200 Back,1,1:49.93,Oliver Valdez,,Trailblazer Invitational
Pacific,413,200 Back,2,1:50.94,Alexis Iocavides,,Trailblazer Invitational
Pacific,413,200 Back,3,1:51.81,Liam Roedling,,Trailblazer Invitational
Pacific,413,200 Back,4,1:52.91,Max Ciciarelli,,UCSB vs UOP Dual
Pacific,413,200 Back,5,1:54.76,Kyle Capili,,Pacific vs. UC Santa Cruz vs. San Jose State
Pacific,413,200 Back,6,1:55.32,Jordan Silvestri,,Pacific vs. UC Santa Cruz vs. San Jose State
Pacific,413,200 Back,7,1:56.34,Matthew Honeck,,Trailblazer Invitational
Pacific,413,200 Back,8,1:57.79,Brian Nguyen,,UCSB vs UOP Dual
Pacific,413,200 Breast,1,2:00.21,Freddie Cumming,,UNLV Invite
Pacific,413,200 Breast,2,2:01.31,Cruz Lopez,,UNLV Invite
Pacific,413,200 Breast,3,2:01.85,Ethan Cole,,UNLV Invite
Pacific,413,200 Breast,4,2:02.02,Bridger Sink,,UNLV Invite
Pacific,413,200 Breast,5,2:02.94,Dante Dentino,,UNLV Invite
Pacific,413,200 Breast,6,2:03.21,Mattia Giurgevich,,Trailblazer Invitational
Pacific,413,200 Breast,7,2:04.34,Raphael Vanhecke,,UCSB vs UOP Dual
Pacific,413,200 Breast,8,2:08.68,Aidan Alvarez,,UNLV Invite
Pacific,413,200 Fly,1,1:47.50,Raphael Vanhecke,,UNLV Invite
Pacific,413,200 Fly,2,1:49.93,Graham Inman,,UNLV Invite
Pacific,413,200 Fly,3,1:52.81,Garrett Taylor,,UNLV Invite
Pacific,413,200 Fly,4,1:53.40,Casey Lowenborg,,UNLV Invite
Pacific,413,200 Fly,5,1:53.89,Matthew Honeck,,UNLV Invite
Pacific,413,200 Fly,6,1:54.19,Max Ciciarelli,,Trailblazer Invitational
Pacific,413,200 Fly,7,1:54.68,Matthew Dillon,,UNLV Invite
Pacific,413,200 Fly,8,1:57.99,Brian Nguyen,,Pacific vs. UC Santa Cruz vs. San Jose State
Pacific,413,200 Free,1,1:36.55,Nate Rasmussen,,UNLV Invite
Pacific,413,200 Free,2,1:36.96,Raphael Vanhecke,,UNLV Invite
Pacific,413,200 Free,3,1:40.21,Ethan Cole,,Trailblazer Invitational
Pacific,413,200 Free,4,1:41.24,Gian Carlo Bocchino,,Trailblazer Invitational
Pacific,413,200 Free,5,1:41.60,Matthew Dillon,,Trailblazer Invitational
Pacific,413,200 Free,6,1:42.83,Dante Dentino,,UCSB vs UOP Dual
Pacific,413,200 Free,7,1:43.66,Garrett Taylor,,UNLV Invite
Pacific,413,200 Free,8,1:47.49,Liam Roedling,,Pacific vs. Fresno Pacific
Pacific,413,200 Im,1,1:46.49,Raphael Vanhecke,,UNLV Invite
Pacific,413,200 Im,2,1:50.44,Freddie Cumming,,UNLV Invite
Pacific,413,200 Im,3,1:51.46,Mattia Giurgevich,,Trailblazer Invitational
Pacific,413,200 Im,4,1:52.61,Graham Inman,,UNLV Invite
Pacific,413,200 Im,5,1:52.94,Bridger Sink,,Trailblazer Invitational
Pacific,413,200 Im,6,1:53.83,Oliver Valdez,,Trailblazer Invitational
Pacific,413,200 Im,7,1:54.11,Jonah Bergerson,,UNLV Invite
Pacific,413,200 Im,8,1:54.60,Cruz Lopez,,UNLV Invite
Pacific,413,200 Im,9,1:55.00,Kyle Capili,,Trailblazer Invitational
Pacific,413,200 Im,10,1:55.12,Liam Roedling,,Trailblazer Invitational
Pacific,413,400 Im,1,3:59.11,Oliver Valdez,,Trailblazer Invitational
Pacific,413,400 Im,2,4:03.19,Graham Inman,,Trailblazer Invitational
Pacific,413,400 Im,3,4:08.13,Matthew Dillon,,UNLV Invite
Pacific,413,400 Im,4,4:08.26,Casey Lowenborg,,UNLV Invite
Pacific,413,400 Im,5,4:13.93,Brian Nguyen,,UNLV Invite
Pacific,413,50 Free,1,20.42,Nate Rasmussen,,UNLV Invite
Pacific,413,50 Free,2,20.77,Ethan Cole,,Trailblazer Invitational
Pacific,413,50 Free,3,20.98,Freddie Cumming,,Trailblazer Invitational
Pacific,413,50 Free,4,21.03,Gian Carlo Bocchino,,Trailblazer Invitational
Pacific,413,50 Free,5,21.14,Jonah Bergerson,,Trailblazer Invitational
Pacific,413,50 Free,6,21.21,Alexis Iocavides,,Trailblazer Invitational
Pacific,413,50 Free,7,21.46,Matthew Honeck,,UNLV Invite
Pacific,413,50 Free,8,21.72,Dante Dentino,,UNLV Invite
Pacific,413,50 Free,9,21.90,Kyle Capili,,UNLV Invite
Pacific,413,50 Free,10,21.95,Max Ciciarelli,,UNLV Invite
Pacific,413,500 Free,1,4:36.15,Matthew Dillon,,UNLV Invite
Pacific,413,500 Free,2,4:37.43,Dante Dentino,,Trailblazer Invitational
Pacific,413,500 Free,3,4:39.03,Casey Lowenborg,,Pacific vs. UC Santa Cruz vs. San Jose State
Pacific,413,500 Free,4,4:41.12,Nate Rasmussen,,PAC Invite
Pacific,413,500 Free,5,4:45.36,Ethan Cole,,UNLV Invite
Pacific,413,500 Free,6,4:45.80,Garrett Taylor,,Pacific vs. UC Santa Cruz vs. San Jose State
Penn,416,100 Back,1,47.93,Eddie Jin,,Princeton Big Al Invitational
Penn,416,100 Back,2,48.05,James Curreri,,Princeton Big Al Invitational
Penn,416,100 Back,3,48.96,Jeffrey Hou,,Princeton Big Al Invitational
Penn,416,100 Back,4,49.87,Andrew Xie,,UPENN vs Dartmouth vs Yale
Penn,416,100 Back,5,49.91,Liam Campbell,,Princeton Big Al Invitational
Penn,416,100 Back,6,50.52,Henry Guo,,Penn vs. Delaware
Penn,416,100 Back,7,51.04,Peter Whittington,,Penn at West Chester
Penn,416,100 Back,8,51.62,Cooper Nicholson,,Princeton Big Al Invitational
Penn,416,100 Back,9,51.74,Ryan McGuirk,,Princeton Big Al Invitational
Penn,416,100 Breast,1,52.18,Watson Nguyen,,Princeton Big Al Invitational
Penn,416,100 Breast,2,53.90,Rohan D'Souza Larson,,Princeton Big Al Invitational
Penn,416,100 Breast,3,54.28,Peter Whittington,,"Cornell vs Penn, Princeton"
Penn,416,100 Breast,4,54.59,Jeffrey Hou,,Princeton Big Al Invitational
Penn,416,100 Breast,5,54.91,Pippin Kantakom,,"Cornell vs Penn, Princeton"
Penn,416,100 Breast,6,54.91,Colin Zhang,,UPENN vs Dartmouth vs Yale
Penn,416,100 Breast,7,55.98,Kevin Jiang,,Princeton Big Al Invitational
Penn,416,100 Breast,8,56.10,Neo Matsuyama,,Princeton Big Al Invitational
Penn,416,100 Breast,9,56.90,Aiden Rhee,,Princeton Big Al Invitational
Penn,416,100 Fly,1,47.63,Henry Guo,,Princeton Big Al Invitational
Penn,416,100 Fly,2,47.71,Alex Fu,,Penn at West Chester
Penn,416,100 Fly,3,48.20,Max Malakhovets,,Princeton Big Al Invitational
Penn,416,100 Fly,4,48.30,Jeffrey Hou,,UPENN vs Dartmouth vs Yale
Penn,416,100 Fly,5,48.58,John Lieberman,,Princeton Big Al Invitational
Penn,416,100 Fly,6,48.60,Xavier Hill,,Princeton Big Al Invitational
Penn,416,100 Fly,7,50.12,Peter Whittington,,Penn at West Chester
Penn,416,100 Fly,8,52.36,Watson Nguyen,,Penn at West Chester
Penn,416,100 Fly,9,53.83,Aaron Jia,,Princeton Big Al Invitational
Penn,416,100 Fly,10,54.07,Andrew Xie,,Princeton Big Al Invitational
Penn,416,100 Free,1,43.31,Eddie Jin,,Princeton Big Al Invitational
Penn,416,100 Free,2,43.76,Liam Campbell,,Princeton Big Al Invitational
Penn,416,100 Free,3,43.97,Xavier Hill,,Princeton Big Al Invitational
Penn,416,100 Free,4,44.22,Alex Fu,,Princeton Big Al Invitational
Penn,416,100 Free,5,44.55,James Curreri,,Princeton Big Al Invitational
Penn,416,100 Free,6,44.81,Can Yeniay,,Princeton Big Al Invitational
Penn,416,100 Free,7,44.89,Truman Armstrong,,Princeton Big Al Invitational
Penn,416,100 Free,8,45.27,Ryan McGuirk,,Penn at West Chester
Penn,416,100 Free,9,45.45,John Lieberman,,Princeton Big Al Invitational
Penn,416,100 Free,10,45.47,Vincent Vinciguerra,,Princeton Big Al Invitational
Penn,416,1000 Free,1,9:12.60,Aaron Jia,,UPENN vs Dartmouth vs Yale
Penn,416,1000 Free,2,9:22.00,Robert Melsom,,UPENN vs Dartmouth vs Yale
Penn,416,1000 Free,3,9:27.08,Cooper Nicholson,,Princeton Big Al Invitational
Penn,416,1000 Free,4,9:31.63,Andy Zhou,,Princeton Big Al Invitational
Penn,416,1650 Free,1,15:39.61,Aaron Jia,,Princeton Big Al Invitational
Penn,416,1650 Free,2,15:43.04,Andy Zhou,,Princeton Big Al Invitational
Penn,416,1650 Free,3,15:45.87,Cooper Nicholson,,Princeton Big Al Invitational
Penn,416,1650 Free,4,15:51.97,Robert Melsom,,Princeton Big Al Invitational
Penn,416,200 Back,1,1:44.59,James Curreri,,Princeton Big Al Invitational
Penn,416,200 Back,2,1:47.21,Eddie Jin,,Princeton Big Al Invitational
Penn,416,200 Back,3,1:48.35,Cooper Nicholson,,Princeton Big Al Invitational
Penn,416,200 Back,4,1:48.90,Andrew Xie,,UPENN vs Dartmouth vs Yale
Penn,416,200 Back,5,1:51.50,Truman Armstrong,,UPENN vs Dartmouth vs Yale
Penn,416,200 Breast,1,1:53.72,Peter Whittington,,Princeton Big Al Invitational
Penn,416,200 Breast,2,1:53.89,Watson Nguyen,,Princeton Big Al Invitational
Penn,416,200 Breast,3,1:57.60,Rohan D'Souza Larson,,Princeton Big Al Invitational
Penn,416,200 Breast,4,1:59.05,Colin Zhang,,UPENN vs Dartmouth vs Yale
Penn,416,200 Breast,5,2:00.74,Pippin Kantakom,,Penn at West Chester
Penn,416,200 Breast,6,2:01.53,Jeffrey Hou,,Princeton Big Al Invitational
Penn,416,200 Breast,7,2:01.80,Neo Matsuyama,,Princeton Big Al Invitational
Penn,416,200 Breast,8,2:02.46,Aiden Rhee,,Princeton Big Al Invitational
Penn,416,200 Fly,1,1:45.14,Max Malakhovets,,Princeton Big Al Invitational
Penn,416,200 Fly,2,1:45.81,Peter Whittington,,UPENN vs Dartmouth vs Yale
Penn,416,200 Fly,3,1:46.18,Alex Fu,,Princeton Big Al Invitational
Penn,416,200 Fly,4,1:46.36,Henry Guo,,Princeton Big Al Invitational
Penn,416,200 Fly,5,1:50.61,Andrew Xie,,Princeton Big Al Invitational
Penn,416,200 Fly,6,1:52.63,Can Yeniay,,Penn at West Chester
Penn,416,200 Fly,7,1:54.26,Aiden Rhee,,UPENN vs Dartmouth vs Yale
Penn,416,200 Free,1,1:35.32,Eddie Jin,,Princeton Big Al Invitational
Penn,416,200 Free,2,1:36.31,Can Yeniay,,Princeton Big Al Invitational
Penn,416,200 Free,3,1:37.88,Alex Fu,,Princeton Big Al Invitational
Penn,416,200 Free,4,1:37.95,James Curreri,,Princeton Big Al Invitational
Penn,416,200 Free,5,1:39.31,Vincent Vinciguerra,,Princeton Big Al Invitational
Penn,416,200 Free,6,1:39.44,Truman Armstrong,,Princeton Big Al Invitational
Penn,416,200 Free,7,1:39.81,John Lieberman,,Princeton Big Al Invitational
Penn,416,200 Free,8,1:39.84,Ryan McGuirk,,Princeton Big Al Invitational
Penn,416,200 Free,9,1:47.14,Robert Melsom,,Penn vs. Brown
Penn,416,200 Im,1,1:46.44,Peter Whittington,,Princeton Big Al Invitational
Penn,416,200 Im,2,1:48.71,Henry Guo,,Princeton Big Al Invitational
Penn,416,200 Im,3,1:48.74,Jeffrey Hou,,Princeton Big Al Invitational
Penn,416,200 Im,4,1:52.14,Andrew Xie,,Princeton Big Al Invitational
Penn,416,200 Im,5,1:52.44,Pippin Kantakom,,UPENN vs Dartmouth vs Yale
Penn,416,200 Im,6,1:53.99,Colin Zhang,,Princeton Big Al Invitational
Penn,416,200 Im,7,1:54.26,Aiden Rhee,,Princeton Big Al Invitational
Penn,416,200 Im,8,1:54.73,Rohan D'Souza Larson,,Princeton Big Al Invitational
Penn,416,200 Im,9,1:54.78,Neo Matsuyama,,Princeton Big Al Invitational
Penn,416,400 Im,1,3:48.42,Peter Whittington,,Princeton Big Al Invitational
Penn,416,400 Im,2,3:55.76,Aaron Jia,,Princeton Big Al Invitational
Penn,416,400 Im,3,3:58.10,Henry Guo,,Princeton Big Al Invitational
Penn,416,400 Im,4,3:58.41,Cooper Nicholson,,Princeton Big Al Invitational
Penn,416,400 Im,5,4:00.50,Andrew Xie,,Princeton Big Al Invitational
Penn,416,400 Im,6,4:03.93,Neo Matsuyama,,Princeton Big Al Invitational
Penn,416,400 Im,7,4:04.47,Andy Zhou,,Princeton Big Al Invitational
Penn,416,400 Im,8,4:05.15,Robert Melsom,,Princeton Big Al Invitational
Penn,416,50 Free,1,19.87,Xavier Hill,,Princeton Big Al Invitational
Penn,416,50 Free,2,20.01,Liam Campbell,,Princeton Big Al Invitational
Penn,416,50 Free,3,20.17,Eddie Jin,,Princeton Big Al Invitational
Penn,416,50 Free,4,20.38,Alex Fu,,Princeton Big Al Invitational
Penn,416,50 Free,5,20.45,John Lieberman,,Princeton Big Al Invitational
Penn,416,50 Free,6,20.79,Kevin Jiang,,Princeton Big Al Invitational
Penn,416,50 Free,7,20.99,Vincent Vinciguerra,,Princeton Big Al Invitational
Penn,416,50 Free,8,21.01,Ryan McGuirk,,Princeton Big Al Invitational
Penn,416,50 Free,9,21.13,Truman Armstrong,,Princeton Big Al Invitational
Penn,416,50 Free,10,21.30,Can Yeniay,,Princeton Big Al Invitational
Penn,416,500 Free,1,4:22.89,Can Yeniay,,Princeton Big Al Invitational
Penn,416,500 Free,2,4:23.08,James Curreri,,Princeton Big Al Invitational
Penn,416,500 Free,3,4:28.16,Aaron Jia,,Princeton Big Al Invitational
Penn,416,500 Free,4,4:28.77,Max Malakhovets,,Princeton Big Al Invitational
Penn,416,500 Free,5,4:29.38,Truman Armstrong,,Princeton Big Al Invitational
Penn,416,500 Free,6,4:32.08,Eddie Jin,,Princeton Big Al Invitational
Penn,416,500 Free,7,4:32.16,Robert Melsom,,Princeton Big Al Invitational
Penn,416,500 Free,8,4:33.58,Andy Zhou,,Princeton Big Al Invitational
Penn,416,500 Free,9,4:35.85,Vincent Vinciguerra,,Princeton Big Al Invitational
Penn,416,500 Free,10,4:35.93,Cooper Nicholson,,Princeton Big Al Invitational
Pittsburgh,405,100 Back,1,47.07,Mason Leach,,"Akron vs. Miami, Pittsburgh"
Pittsburgh,405,100 Back,2,49.16,Eric Camden,,Texas Hall of Fame Invitational
Pittsburgh,405,100 Back,3,49.70,Drew Jalbert,,West Virginia vs. Pittsburgh
Pittsburgh,405,100 Back,4,51.06,Eli Hobson,,Pitt-CMU-Duquesne Relays
Pittsburgh,405,100 Back,5,51.50,Julian Koch,,Pitt-CMU-Duquesne Relays
Pittsburgh,405,100 Back,6,54.19,Joseph Gardner,,Pitt-CMU-Duquesne Relays
Pittsburgh,405,100 Breast,1,53.10,Eli Hobson,,Texas Hall of Fame Invitational
Pittsburgh,405,100 Breast,2,54.59,Joseph Gardner,,Texas Hall of Fame Invitational
Pittsburgh,405,100 Breast,3,54.62,Nick Short,,Penn State vs. Pitt
Pittsburgh,405,100 Breast,4,54.75,Donat Fabian,,Texas Hall of Fame Invitational
Pittsburgh,405,100 Breast,5,54.92,Gray Attmore,,Texas Hall of Fame Invitational
Pittsburgh,405,100 Breast,6,55.02,Carson Witte,,"Akron vs. Miami, Pittsburgh"
Pittsburgh,405,100 Fly,1,45.43,Julian Koch,,"Akron vs. Miami, Pittsburgh"
Pittsburgh,405,100 Fly,2,46.72,Alan Vergine,,Penn State vs. Pitt
Pittsburgh,405,100 Fly,3,47.40,Mason Leach,,Texas Hall of Fame Invitational
Pittsburgh,405,100 Fly,4,47.51,Georg Filippov,,Penn State vs. Pitt
Pittsburgh,405,100 Fly,5,48.90,Evan Witte,,Texas Hall of Fame Invitational
Pittsburgh,405,100 Fly,6,48.93,Drew Jalbert,,Texas Hall of Fame Invitational
Pittsburgh,405,100 Fly,7,49.45,Stevie Grud,,Texas Hall of Fame Invitational
Pittsburgh,405,100 Fly,8,49.51,Ryan Nordheim,,Texas Hall of Fame Invitational
Pittsburgh,405,100 Fly,9,50.97,Eric Camden,,Texas Hall of Fame Invitational
Pittsburgh,405,100 Fly,10,52.07,Michael Rine,,West Virginia vs. Pittsburgh
Pittsburgh,405,100 Free,1,41.15,Julian Koch,,Texas Hall of Fame Invitational
Pittsburgh,405,100 Free,2,43.85,James Allison,,Penn State vs. Pitt
Pittsburgh,405,100 Free,3,43.90,Donat Fabian,,Texas Hall of Fame Invitational
Pittsburgh,405,100 Free,4,44.04,Alan Vergine,,Texas Hall of Fame Invitational
Pittsburgh,405,100 Free,5,44.43,Georg Filippov,,Penn State vs. Pitt
Pittsburgh,405,100 Free,6,44.58,Patrizio Costanza,,Texas Hall of Fame Invitational
Pittsburgh,405,100 Free,7,44.69,Ryan Nordheim,,Texas Hall of Fame Invitational
Pittsburgh,405,100 Free,8,44.97,Stevie Grud,,Texas Hall of Fame Invitational
Pittsburgh,405,100 Free,9,45.15,Evan Witte,,Texas Hall of Fame Invitational
Pittsburgh,405,100 Free,10,45.39,Michael Rine,,Texas Hall of Fame Invitational
Pittsburgh,405,1000 Free,1,9:11.14,Cy Zhang,,Penn State vs. Pitt
Pittsburgh,405,1000 Free,2,9:18.45,Drew Henry,,"Akron vs. Miami, Pittsburgh"
Pittsburgh,405,1000 Free,3,9:48.12,Brandon Richter,,West Virginia vs. Pittsburgh
Pittsburgh,405,1650 Free,1,15:36.36,Drew Henry,,Texas Hall of Fame Invitational
Pittsburgh,405,1650 Free,2,15:42.65,Cy Zhang,,Texas Hall of Fame Invitational
Pittsburgh,405,200 Back,1,1:44.47,Mason Leach,,"Akron vs. Miami, Pittsburgh"
Pittsburgh,405,200 Back,2,1:48.91,Eric Camden,,Penn State vs. Pitt
Pittsburgh,405,200 Back,3,1:50.35,Drew Henry,,Texas Hall of Fame Invitational
Pittsburgh,405,200 Back,4,1:51.41,Drew Jalbert,,Texas Hall of Fame Invitational
Pittsburgh,405,200 Breast,1,1:58.18,Max MATTEAZZI,,World Aquatics World Cup - Westmont
Pittsburgh,405,200 Breast,2,1:58.95,Alex Bauer,,Texas Hall of Fame Invitational
Pittsburgh,405,200 Breast,3,1:59.77,Gray Attmore,,Texas Hall of Fame Invitational
Pittsburgh,405,200 Breast,4,1:59.98,Eli Hobson,,Penn State vs. Pitt
Pittsburgh,405,200 Breast,5,2:00.47,Nick Short,,Texas Hall of Fame Invitational
Pittsburgh,405,200 Breast,6,2:01.39,Joseph Gardner,,Texas Hall of Fame Invitational
Pittsburgh,405,200 Breast,7,2:02.83,Carson Witte,,Penn State vs. Pitt
Pittsburgh,405,200 Fly,1,1:42.15,Alan Vergine,,Texas Hall of Fame Invitational
Pittsburgh,405,200 Fly,2,1:44.79,Julian Koch,,West Virginia vs. Pittsburgh
Pittsburgh,405,200 Fly,3,1:48.60,Alex Bauer,,"Akron vs. Miami, Pittsburgh"
Pittsburgh,405,200 Fly,4,1:55.72,Drew Henry,,Penn State vs. Pitt
Pittsburgh,405,200 Free,1,1:33.21,Julian Koch,,Texas Hall of Fame Invitational
Pittsburgh,405,200 Free,2,1:34.02,James Allison,,Texas Hall of Fame Invitational
Pittsburgh,405,200 Free,3,1:35.49,Alan Vergine,,Texas Hall of Fame Invitational
Pittsburgh,405,200 Free,4,1:35.81,Patrizio Costanza,,Texas Hall of Fame Invitational
Pittsburgh,405,200 Free,5,1:37.97,Max MATTEAZZI,,World Aquatics World Cup - Westmont
Pittsburgh,405,200 Free,6,1:38.59,Alex Bauer,,Texas Hall of Fame Invitational
Pittsburgh,405,200 Free,7,1:39.37,Cy Zhang,,Texas Hall of Fame Invitational
Pittsburgh,405,200 Free,8,1:40.78,Michael Rine,,Texas Hall of Fame Invitational
Pittsburgh,405,200 Im,1,1:46.76,Alex Bauer,,Texas Hall of Fame Invitational
Pittsburgh,405,200 Im,2,1:46.80,Alan Vergine,,Penn State vs. Pitt
Pittsburgh,405,200 Im,3,1:46.84,Max MATTEAZZI,,World Aquatics World Cup - Westmont
Pittsburgh,405,200 Im,4,1:50.95,Joseph Gardner,,Texas Hall of Fame Invitational
Pittsburgh,405,200 Im,5,1:51.75,Eli Hobson,,Penn State vs. Pitt
Pittsburgh,405,200 Im,6,1:53.83,Drew Henry,,"Akron vs. Miami, Pittsburgh"
Pittsburgh,405,200 Im,7,1:54.80,Mason Leach,,Penn State vs. Pitt
Pittsburgh,405,200 Im,8,1:59.87,Michael Rine,,Michigan vs Pitt vs Oakland Univ
Pittsburgh,405,400 Im,1,3:50.70,Alex Bauer,,Texas Hall of Fame Invitational
Pittsburgh,405,400 Im,2,3:58.92,Drew Henry,,Texas Hall of Fame Invitational
Pittsburgh,405,50 Free,1,19.20,Julian Koch,,Penn State vs. Pitt
Pittsburgh,405,50 Free,2,19.65,Donat Fabian,,Texas Hall of Fame Invitational
Pittsburgh,405,50 Free,3,20.21,Ryan Nordheim,,Texas Hall of Fame Invitational
Pittsburgh,405,50 Free,4,20.23,Georg Filippov,,Texas Hall of Fame Invitational
Pittsburgh,405,50 Free,5,20.24,Eli Hobson,,Texas Hall of Fame Invitational
Pittsburgh,405,50 Free,6,20.26,Stevie Grud,,Texas Hall of Fame Invitational
Pittsburgh,405,50 Free,7,20.46,Alan Vergine,,Texas Hall of Fame Invitational
Pittsburgh,405,50 Free,8,20.60,Evan Witte,,Texas Hall of Fame Invitational
Pittsburgh,405,50 Free,9,20.91,James Allison,,Texas Hall of Fame Invitational
Pittsburgh,405,50 Free,10,21.13,Michael Rine,,Texas Hall of Fame Invitational
Pittsburgh,405,500 Free,1,4:24.74,Patrizio Costanza,,"Akron vs. Miami, Pittsburgh"
Pittsburgh,405,500 Free,2,4:29.07,Alan Vergine,,West Virginia vs. Pittsburgh
Pittsburgh,405,500 Free,3,4:29.76,Cy Zhang,,"Akron vs. Miami, Pittsburgh"
Pittsburgh,405,500 Free,4,4:32.03,James Allison,,"Akron vs. Miami, Pittsburgh"
Pittsburgh,405,500 Free,5,4:35.10,Drew Henry,,Texas Hall of Fame Invitational
South Carolina,95,100 Back,1,46.59,Ryan Hufford,,Gamecock Invitational
South Carolina,95,100 Back,2,47.37,Merlin Ficher,,Gamecock Invitational
South Carolina,95,100 Back,3,48.43,Sam Brown,,Gamecock Invitational
South Carolina,95,100 Back,4,50.01,Kyle Korvick,,Gamecock Invitational
South Carolina,95,100 Back,5,50.25,Tyler Whitacre,,Gamecock Invitational
South Carolina,95,100 Breast,1,51.78,Einar Ágústsson,,Gamecock Invitational
South Carolina,95,100 Breast,2,53.70,Harvey Freeman,,Gamecock Invitational
South Carolina,95,100 Breast,3,55.69,Jack Carman,,Gamecock Invitational
South Carolina,95,100 Breast,4,55.81,Michael Cooper,,Gamecock Invitational
South Carolina,95,100 Fly,1,46.07,Eldor Usmonov,,South Carolina vs. Georgia
South Carolina,95,100 Fly,2,47.79,Gage Hulbert,,Gamecock Invitational
South Carolina,95,100 Fly,3,48.10,Ryan Hufford,,Queens vs. South Carolina
South Carolina,95,100 Fly,4,49.01,Bexon Harrison,,Gamecock Invitational
South Carolina,95,100 Fly,5,49.49,Anthony Whittall,,Gamecock Invitational
South Carolina,95,100 Fly,6,49.77,Sam Brown,,Queens vs. South Carolina
South Carolina,95,100 Fly,7,52.10,Ray Prosinski,,Gamecock Invitational
South Carolina,95,100 Fly,8,52.21,Harvey Freeman,,South Carolina vs. North Carolina
South Carolina,95,100 Fly,9,53.48,Michael Cooper,,Gamecock Invitational
South Carolina,95,100 Fly,10,55.33,Merlin Ficher,,South Carolina vs. North Carolina
South Carolina,95,100 Free,1,43.47,Ryan Hufford,,Gamecock Invitational
South Carolina,95,100 Free,2,43.88,Quinn Buck,,Gamecock Invitational
South Carolina,95,100 Free,3,43.98,Bexon Harrison,,Gamecock Invitational
South Carolina,95,100 Free,4,44.55,Eldor Usmonov,,Gamecock Invitational
South Carolina,95,100 Free,5,44.61,Pierre Largeron,,Gamecock Invitational
South Carolina,95,100 Free,6,44.89,Kyle Korvick,,Gamecock Invitational
South Carolina,95,100 Free,7,44.96,Einar Ágústsson,,Gamecock Invitational
South Carolina,95,100 Free,8,45.59,Ray Prosinski,,Gamecock Invitational
South Carolina,95,100 Free,9,45.85,Anthony Whittall,,South Carolina vs. Georgia
South Carolina,95,100 Free,10,45.96,Connor Fry,,Gamecock Invitational
South Carolina,95,1000 Free,1,8:59.45,Connor Fry,,Gamecock Invitational
South Carolina,95,1000 Free,2,8:59.71,Pierre Largeron,,Gamecock Invitational
South Carolina,95,1000 Free,3,9:13.59,Ray Prosinski,,South Carolina v. Virginia Tech
South Carolina,95,1000 Free,4,9:16.44,Ryan Turner,,South Carolina v. Virginia Tech
South Carolina,95,1650 Free,1,14:53.97,Connor Fry,,Gamecock Invitational
South Carolina,95,1650 Free,2,15:02.02,Pierre Largeron,,Gamecock Invitational
South Carolina,95,1650 Free,3,15:17.57,Ryan Turner,,Gamecock Invitational
South Carolina,95,1650 Free,4,15:21.11,Ray Prosinski,,Gamecock Invitational
South Carolina,95,200 Back,1,1:41.79,Merlin Ficher,,Gamecock Invitational
South Carolina,95,200 Back,2,1:44.89,Ryan Hufford,,Gamecock Invitational
South Carolina,95,200 Back,3,1:46.81,Pierre Largeron,,South Carolina v. Virginia Tech
South Carolina,95,200 Back,4,1:47.30,Sam Brown,,South Carolina v. Virginia Tech
South Carolina,95,200 Back,5,1:48.82,Tyler Whitacre,,Gamecock Invitational
South Carolina,95,200 Breast,1,1:52.58,Einar Ágústsson,,Gamecock Invitational
South Carolina,95,200 Breast,2,1:56.76,Harvey Freeman,,Gamecock Invitational
South Carolina,95,200 Breast,3,1:59.74,Michael Cooper,,Gamecock Invitational
South Carolina,95,200 Breast,4,2:04.56,Jack Carman,,Gamecock Invitational
South Carolina,95,200 Fly,1,1:44.63,Gage Hulbert,,Gamecock Invitational
South Carolina,95,200 Fly,2,1:45.37,Eldor Usmonov,,Gamecock Invitational
South Carolina,95,200 Fly,3,1:49.65,Ryan Turner,,Gamecock Invitational
South Carolina,95,200 Fly,4,1:55.57,Ray Prosinski,,Gamecock Invitational
South Carolina,95,200 Free,1,1:33.92,Pierre Largeron,,Gamecock Invitational
South Carolina,95,200 Free,2,1:34.86,Ryan Hufford,,Gamecock Invitational
South Carolina,95,200 Free,3,1:36.07,Bexon Harrison,,Gamecock Invitational
South Carolina,95,200 Free,4,1:37.74,Kyle Korvick,,Gamecock Invitational
South Carolina,95,200 Free,5,1:38.04,Anthony Whittall,,Gamecock Invitational
South Carolina,95,200 Free,6,1:38.50,Connor Fry,,Gamecock Invitational
South Carolina,95,200 Free,7,1:39.32,Quinn Buck,,Gamecock Invitational
South Carolina,95,200 Free,8,1:40.26,Merlin Ficher,,Gamecock Invitational
South Carolina,95,200 Free,9,1:40.70,Ryan Turner,,Gamecock Invitational
South Carolina,95,200 Free,10,1:41.97,Tyler Whitacre,,Gamecock Invitational
South Carolina,95,200 Im,1,1:48.30,Ray Prosinski,,Gamecock Invitational
South Carolina,95,200 Im,2,1:49.43,Harvey Freeman,,Gamecock Invitational
South Carolina,95,200 Im,3,1:49.62,Michael Cooper,,Gamecock Invitational
South Carolina,95,200 Im,4,1:51.04,Pierre Largeron,,Gamecock Invitational
South Carolina,95,200 Im,5,1:53.05,Merlin Ficher,,Queens vs. South Carolina
South Carolina,95,200 Im,6,1:55.54,Jack Carman,,Gamecock Invitational
South Carolina,95,400 Im,1,3:49.34,Ray Prosinski,,Gamecock Invitational
South Carolina,95,400 Im,2,3:56.54,Michael Cooper,,Gamecock Invitational
South Carolina,95,400 Im,3,4:00.81,Merlin Ficher,,South Carolina vs. North Carolina
South Carolina,95,400 Im,4,4:08.23,Harvey Freeman,,South Carolina vs. North Carolina
South Carolina,95,50 Free,1,20.09,Eldor Usmonov,,South Carolina vs. Georgia
South Carolina,95,50 Free,2,20.27,Ryan Hufford,,Gamecock Invitational
South Carolina,95,50 Free,3,20.37,Quinn Buck,,Gamecock Invitational
South Carolina,95,50 Free,4,20.38,Einar Ágústsson,,Gamecock Invitational
South Carolina,95,50 Free,5,20.56,Bexon Harrison,,Gamecock Invitational
South Carolina,95,50 Free,6,20.67,Anthony Whittall,,Gamecock Invitational
South Carolina,95,50 Free,7,20.75,Kyle Korvick,,Gamecock Invitational
South Carolina,95,50 Free,8,21.06,Gage Hulbert,,Gamecock Invitational
South Carolina,95,50 Free,9,21.41,Pierre Largeron,,Gamecock Invitational
South Carolina,95,50 Free,10,21.52,Sam Brown,,Queens vs. South Carolina
South Carolina,95,500 Free,1,4:13.93,Pierre Largeron,,Gamecock Invitational
South Carolina,95,500 Free,2,4:20.69,Connor Fry,,Gamecock Invitational
South Carolina,95,500 Free,3,4:24.08,Ray Prosinski,,Gamecock Invitational
South Carolina,95,500 Free,4,4:25.06,Ryan Turner,,Gamecock Invitational
South Carolina,95,500 Free,5,4:29.81,Tyler Whitacre,,Gamecock Invitational
South Carolina,95,500 Free,6,4:40.51,Kyle Korvick,,Queens vs. South Carolina
South Dakota,83,100 Back,1,46.33,Nick Rounds,,UST Tommie Invitational
South Dakota,83,100 Back,2,47.94,Joaquin Contreras-fallico,,UST Tommie Invitational
South Dakota,83,100 Back,3,48.63,Xander Taylor,,UST Tommie Invitational
South Dakota,83,100 Back,4,48.98,Dylan Alt,,UST Tommie Invitational
South Dakota,83,100 Back,5,49.57,Jordan Hogue,,UST Tommie Invitational
South Dakota,83,100 Back,6,49.61,Trey Smith,,UST Tommie Invitational
South Dakota,83,100 Back,7,56.07,James Coffey,,Coyote Extravaganza
South Dakota,83,100 Back,8,1:02.02,Tanner Reed,,South Dakota vs. St. Thomas
South Dakota,83,100 Breast,1,55.49,Tommy Wonka,,UST Tommie Invitational
South Dakota,83,100 Breast,2,55.62,Brock Russell,,UST Tommie Invitational
South Dakota,83,100 Breast,3,55.72,Ethan LaBounty,,UST Tommie Invitational
South Dakota,83,100 Breast,4,55.79,David Mayer,,UST Tommie Invitational
South Dakota,83,100 Breast,5,57.19,Jack Nedved,,UST Tommie Invitational
South Dakota,83,100 Breast,6,59.64,Luke Kelley,,Coyote Extravaganza
South Dakota,83,100 Breast,7,1:01.60,Jackson Heinlein-Preseault,,Coyote Extravaganza
South Dakota,83,100 Fly,1,47.31,Nick Rounds,,UST Tommie Invitational
South Dakota,83,100 Fly,2,47.49,Dylan Alt,,UST Tommie Invitational
South Dakota,83,100 Fly,3,48.93,Joaquin Contreras-fallico,,UST Tommie Invitational
South Dakota,83,100 Fly,4,49.16,Xander Taylor,,UST Tommie Invitational
South Dakota,83,100 Fly,5,50.19,Cooper Running,,UST Tommie Invitational
South Dakota,83,100 Fly,6,51.06,James Schreiber,,Coyote Extravaganza
South Dakota,83,100 Fly,7,51.74,Dean Wall,,UST Tommie Invitational
South Dakota,83,100 Fly,8,52.09,Tanner Reed,,UST Tommie Invitational
South Dakota,83,100 Fly,9,53.24,Will Barth,,Coyote Extravaganza
South Dakota,83,100 Fly,10,53.81,Brock Russell,,Nebraska-Omaha vs. South Dakota
South Dakota,83,100 Free,1,43.83,Nick Rounds,,UST Tommie Invitational
South Dakota,83,100 Free,2,45.13,Matthew Sorbe,,UST Tommie Invitational
South Dakota,83,100 Free,3,45.16,David Mayer,,UST Tommie Invitational
South Dakota,83,100 Free,4,45.41,Jordan Hogue,,UST Tommie Invitational
South Dakota,83,100 Free,5,46.15,James Schreiber,,"Minnesota vs Nebraska, South Dakota"
South Dakota,83,100 Free,6,46.21,Jackson Heinlein-Preseault,,UST Tommie Invitational
South Dakota,83,100 Free,7,46.53,Brock Russell,,UST Tommie Invitational
South Dakota,83,100 Free,8,46.96,Dean Wall,,UST Tommie Invitational
South Dakota,83,100 Free,9,47.02,Nathan Langstraat,,UST Tommie Invitational
South Dakota,83,100 Free,10,48.96,Trey Smith,,UST Tommie Invitational
South Dakota,83,1000 Free,1,9:20.71,Alex Parkinson,,UST Tommie Invitational
South Dakota,83,1000 Free,2,9:47.24,Luke Kelley,,UST Tommie Invitational
South Dakota,83,1000 Free,3,9:48.08,Will Barth,,South Dakota vs. St. Thomas
South Dakota,83,1000 Free,4,9:55.54,Mason Turner,,South Dakota vs. St. Thomas
South Dakota,83,1000 Free,5,9:59.61,Matthew Sorbe,,South Dakota vs. St. Thomas
South Dakota,83,1000 Free,6,10:02.00,James Coffey,,UST Tommie Invitational
South Dakota,83,1000 Free,7,10:23.13,Cooper Running,,South Dakota vs. St. Thomas
South Dakota,83,1650 Free,1,15:18.41,Alex Parkinson,,UST Tommie Invitational
South Dakota,83,1650 Free,2,16:13.12,Luke Kelley,,UST Tommie Invitational
South Dakota,83,1650 Free,3,16:38.33,James Coffey,,UST Tommie Invitational
South Dakota,83,200 Back,1,1:44.20,Joaquin Contreras-fallico,,UST Tommie Invitational
South Dakota,83,200 Back,2,1:47.01,Xander Taylor,,UST Tommie Invitational
South Dakota,83,200 Back,3,1:47.51,Trey Smith,,UST Tommie Invitational
South Dakota,83,200 Back,4,1:49.21,Dylan Alt,,UST Tommie Invitational
South Dakota,83,200 Back,5,2:00.61,James Coffey,,Coyote Extravaganza
South Dakota,83,200 Breast,1,1:59.51,Brock Russell,,UST Tommie Invitational
South Dakota,83,200 Breast,2,2:02.66,Ethan LaBounty,,UST Tommie Invitational
South Dakota,83,200 Breast,3,2:08.59,Tommy Wonka,,UST Tommie Invitational
South Dakota,83,200 Breast,4,2:09.40,Jack Nedved,,UST Tommie Invitational
South Dakota,83,200 Breast,5,2:18.93,Luke Kelley,,Coyote Extravaganza
South Dakota,83,200 Fly,1,1:51.27,Cooper Running,,UST Tommie Invitational
South Dakota,83,200 Fly,2,1:51.76,Will Barth,,UST Tommie Invitational
South Dakota,83,200 Fly,3,1:53.43,Mason Turner,,UST Tommie Invitational
South Dakota,83,200 Fly,4,1:56.15,Tanner Reed,,UST Tommie Invitational
South Dakota,83,200 Fly,5,2:01.00,Dylan Alt,,Coyote Extravaganza
South Dakota,83,200 Free,1,1:39.25,Matthew Sorbe,,UST Tommie Invitational
South Dakota,83,200 Free,2,1:39.64,David Mayer,,UST Tommie Invitational
South Dakota,83,200 Free,3,1:40.91,Will Barth,,UST Tommie Invitational
South Dakota,83,200 Free,4,1:41.49,Cooper Running,,UST Tommie Invitational
South Dakota,83,200 Free,5,1:41.54,Alex Parkinson,,UST Tommie Invitational
South Dakota,83,200 Free,6,1:41.79,James Schreiber,,Nebraska-Omaha vs. South Dakota
South Dakota,83,200 Free,7,1:41.96,Jackson Heinlein-Preseault,,UST Tommie Invitational
South Dakota,83,200 Free,8,1:42.94,Nathan Langstraat,,UST Tommie Invitational
South Dakota,83,200 Free,9,1:43.40,Nick Rounds,,South Dakota vs. St. Thomas
South Dakota,83,200 Free,10,1:44.56,Luke Kelley,,UST Tommie Invitational
South Dakota,83,200 Im,1,1:49.27,Brock Russell,,UST Tommie Invitational
South Dakota,83,200 Im,2,1:51.44,Joaquin Contreras-fallico,,UST Tommie Invitational
South Dakota,83,200 Im,3,1:52.45,Ethan LaBounty,,UST Tommie Invitational
South Dakota,83,200 Im,4,1:52.97,Xander Taylor,,UST Tommie Invitational
South Dakota,83,200 Im,5,1:53.21,Trey Smith,,UST Tommie Invitational
South Dakota,83,200 Im,6,1:54.06,Jack Nedved,,UST Tommie Invitational
South Dakota,83,200 Im,7,1:56.29,Tanner Reed,,UST Tommie Invitational
South Dakota,83,200 Im,8,1:57.76,Nathan Langstraat,,UST Tommie Invitational
South Dakota,83,200 Im,9,1:59.15,Tommy Wonka,,UST Tommie Invitational
South Dakota,83,200 Im,10,2:00.70,Alex Parkinson,,Coyote Extravaganza
South Dakota,83,400 Im,1,3:54.94,Alex Parkinson,,UST Tommie Invitational
South Dakota,83,400 Im,2,3:59.93,Brock Russell,,UST Tommie Invitational
South Dakota,83,400 Im,3,4:04.93,Mason Turner,,UST Tommie Invitational
South Dakota,83,400 Im,4,4:06.21,James Coffey,,UST Tommie Invitational
South Dakota,83,400 Im,5,4:14.04,Jack Nedved,,UST Tommie Invitational
South Dakota,83,400 Im,6,4:15.17,Ethan LaBounty,,Coyote Extravaganza
South Dakota,83,400 Im,7,4:17.89,Tanner Reed,,UST Tommie Invitational
South Dakota,83,50 Free,1,19.43,Nick Rounds,,UST Tommie Invitational
South Dakota,83,50 Free,2,20.53,David Mayer,,UST Tommie Invitational
South Dakota,83,50 Free,3,20.69,Matthew Sorbe,,UST Tommie Invitational
South Dakota,83,50 Free,4,20.78,Jordan Hogue,,UST Tommie Invitational
South Dakota,83,50 Free,5,21.05,Dylan Alt,,UST Tommie Invitational
South Dakota,83,50 Free,6,21.11,Dean Wall,,UST Tommie Invitational
South Dakota,83,50 Free,7,21.22,James Schreiber,,Coyote Extravaganza
South Dakota,83,50 Free,8,21.33,Jackson Heinlein-Preseault,,UST Tommie Invitational
South Dakota,83,50 Free,9,22.27,Brock Russell,,UST Tommie Invitational
South Dakota,83,50 Free,10,22.32,Xander Taylor,,"Minnesota vs Nebraska, South Dakota"
South Dakota,83,500 Free,1,4:22.87,Alex Parkinson,,UST Tommie Invitational
South Dakota,83,500 Free,2,4:34.26,Matthew Sorbe,,UST Tommie Invitational
South Dakota,83,500 Free,3,4:34.94,Will Barth,,UST Tommie Invitational
South Dakota,83,500 Free,4,4:36.15,Luke Kelley,,UST Tommie Invitational
South Dakota,83,500 Free,5,4:37.36,Mason Turner,,UST Tommie Invitational
South Dakota,83,500 Free,6,4:40.06,Cooper Running,,UST Tommie Invitational
South Dakota,83,500 Free,7,4:41.94,James Coffey,,UST Tommie Invitational
South Dakota,83,500 Free,8,4:57.32,James Schreiber,,South Dakota vs. St. Thomas
South Dakota,83,500 Free,9,5:01.26,Nathan Langstraat,,South Dakota vs. St. Thomas
Southern Indiana,10028295,100 Back,1,50.60,Jarrett Watkins,,21st House of Champions Invitational
Southern Indiana,10028295,100 Back,2,50.94,Garrett Gabhart,,21st House of Champions Invitational
Southern Indiana,10028295,100 Back,3,52.06,Camden Richardson,,21st House of Champions Invitational
Southern Indiana,10028295,100 Back,4,53.02,Gabe Groves,,21st House of Champions Invitational
Southern Indiana,10028295,100 Back,5,56.61,Liam Murray,,"IU-Indianapolis vs. Evansville, Southern Indiana, Valpo"
Southern Indiana,10028295,100 Breast,1,55.45,Jerrin ⛄️🦅 Dale,,21st House of Champions Invitational
Southern Indiana,10028295,100 Breast,2,57.23,Isaiah Martin,,21st House of Champions Invitational
Southern Indiana,10028295,100 Breast,3,57.98,Caleb Davis,,21st House of Champions Invitational
Southern Indiana,10028295,100 Breast,4,58.20,Caleb Beaven,,21st House of Champions Invitational
Southern Indiana,10028295,100 Breast,5,1:00.65,Derek Henry,,Dan Ross Invitational
Southern Indiana,10028295,100 Breast,6,1:00.69,Liam Murray,,21st House of Champions Invitational
Southern Indiana,10028295,100 Breast,7,1:02.23,Alex Navarro,,21st House of Champions Invitational
Southern Indiana,10028295,100 Breast,8,1:06.77,Cameron James,,Dan Ross Invitational
Southern Indiana,10028295,100 Fly,1,49.39,Sam Smith,,21st House of Champions Invitational
Southern Indiana,10028295,100 Fly,2,49.88,Garrett Gabhart,,21st House of Champions Invitational
Southern Indiana,10028295,100 Fly,3,50.14,Jarrett Watkins,,21st House of Champions Invitational
Southern Indiana,10028295,100 Fly,4,51.08,Jude Winnington,,USI vs. UIC
Southern Indiana,10028295,100 Fly,5,52.05,Connor Harden,,21st House of Champions Invitational
Southern Indiana,10028295,100 Fly,6,52.18,Nolan Meyers,,21st House of Champions Invitational
Southern Indiana,10028295,100 Fly,7,53.04,Justin Knauf,,USI vs. UIC
Southern Indiana,10028295,100 Fly,8,53.18,Joey Smith,,"IU-Indianapolis vs. Evansville, Southern Indiana, Valpo"
Southern Indiana,10028295,100 Fly,9,56.84,Isaiah Martin,,"IU-Indianapolis vs. Evansville, Southern Indiana, Valpo"
Southern Indiana,10028295,100 Fly,10,58.23,Derek Henry,,"IU-Indianapolis vs. Evansville, Southern Indiana, Valpo"
Southern Indiana,10028295,100 Free,1,45.18,Joey Smith,,21st House of Champions Invitational
Southern Indiana,10028295,100 Free,2,46.77,Garrett Gabhart,,21st House of Champions Invitational
Southern Indiana,10028295,100 Free,3,46.92,Jack Hannon,,21st House of Champions Invitational
Southern Indiana,10028295,100 Free,4,46.93,Derek Henry,,21st House of Champions Invitational
Southern Indiana,10028295,100 Free,5,47.33,Stokes Knight,,21st House of Champions Invitational
Southern Indiana,10028295,100 Free,6,47.79,Connor Harden,,21st House of Champions Invitational
Southern Indiana,10028295,100 Free,7,47.80,Jude Winnington,,UE Double Dual 2025
Southern Indiana,10028295,100 Free,8,47.97,Gabe Groves,,21st House of Champions Invitational
Southern Indiana,10028295,100 Free,9,48.34,Nolan Meyers,,21st House of Champions Invitational
Southern Indiana,10028295,100 Free,10,48.69,Creed Loy,,"Bellarmine vs. Butler, Southern Indiana"
Southern Indiana,10028295,1000 Free,1,9:59.25,Sam Smith,,"IU-Indianapolis vs. Evansville, Southern Indiana, Valpo"
Southern Indiana,10028295,1000 Free,2,10:05.33,Alek Bandy,,21st House of Champions Invitational
Southern Indiana,10028295,1000 Free,3,10:10.56,Nolan Meyers,,UE Double Dual 2025
Southern Indiana,10028295,1000 Free,4,10:24.93,Grant VanWanzeele,,21st House of Champions Invitational
Southern Indiana,10028295,1000 Free,5,10:26.74,Jerrin ⛄️🦅 Dale,,UE Double Dual 2025
Southern Indiana,10028295,1000 Free,6,10:36.92,Jude Winnington,,"IU-Indianapolis vs. Evansville, Southern Indiana, Valpo"
Southern Indiana,10028295,1000 Free,7,10:38.11,Cameron James,,USI vs. UIC
Southern Indiana,10028295,1650 Free,1,16:47.82,Alek Bandy,,21st House of Champions Invitational
Southern Indiana,10028295,1650 Free,2,17:03.72,Nolan Meyers,,21st House of Champions Invitational
Southern Indiana,10028295,1650 Free,3,17:37.21,Grant VanWanzeele,,21st House of Champions Invitational
Southern Indiana,10028295,200 Back,1,1:53.21,Jarrett Watkins,,21st House of Champions Invitational
Southern Indiana,10028295,200 Back,2,1:55.24,Camden Richardson,,21st House of Champions Invitational
Southern Indiana,10028295,200 Back,3,2:05.31,Liam Murray,,UE Double Dual 2025
Southern Indiana,10028295,200 Breast,1,2:03.45,Jerrin ⛄️🦅 Dale,,21st House of Champions Invitational
Southern Indiana,10028295,200 Breast,2,2:07.99,Isaiah Martin,,21st House of Champions Invitational
Southern Indiana,10028295,200 Breast,3,2:08.26,Caleb Beaven,,21st House of Champions Invitational
Southern Indiana,10028295,200 Breast,4,2:09.56,Caleb Davis,,21st House of Champions Invitational
Southern Indiana,10028295,200 Breast,5,2:16.90,Alex Navarro,,21st House of Champions Invitational
Southern Indiana,10028295,200 Fly,1,1:48.91,Sam Smith,,21st House of Champions Invitational
Southern Indiana,10028295,200 Fly,2,1:52.62,Jude Winnington,,21st House of Champions Invitational
Southern Indiana,10028295,200 Fly,3,1:53.31,Justin Knauf,,21st House of Champions Invitational
Southern Indiana,10028295,200 Fly,4,2:16.33,Connor Harden,,"IU-Indianapolis vs. Evansville, Southern Indiana, Valpo"
Southern Indiana,10028295,200 Free,1,1:40.62,Joey Smith,,21st House of Champions Invitational
Southern Indiana,10028295,200 Free,2,1:41.97,Jack Hannon,,21st House of Champions Invitational
Southern Indiana,10028295,200 Free,3,1:42.60,Derek Henry,,21st House of Champions Invitational
Southern Indiana,10028295,200 Free,4,1:44.17,Jude Winnington,,21st House of Champions Invitational
Southern Indiana,10028295,200 Free,5,1:45.75,Connor Harden,,21st House of Champions Invitational
Southern Indiana,10028295,200 Free,6,1:46.06,Nolan Meyers,,21st House of Champions Invitational
Southern Indiana,10028295,200 Free,7,1:46.87,Sam Smith,,Dan Ross Invitational
Southern Indiana,10028295,200 Free,8,1:47.20,Jarrett Watkins,,"Bellarmine vs. Butler, Southern Indiana"
Southern Indiana,10028295,200 Free,9,1:48.05,Jerrin ⛄️🦅 Dale,,Dan Ross Invitational
Southern Indiana,10028295,200 Free,10,1:48.91,Grant VanWanzeele,,21st House of Champions Invitational
Southern Indiana,10028295,200 Im,1,1:51.21,Jude Winnington,,21st House of Champions Invitational
Southern Indiana,10028295,200 Im,2,1:56.28,Derek Henry,,21st House of Champions Invitational
Southern Indiana,10028295,200 Im,3,1:56.80,Justin Knauf,,21st House of Champions Invitational
Southern Indiana,10028295,200 Im,4,1:57.85,Camden Richardson,,21st House of Champions Invitational
Southern Indiana,10028295,200 Im,5,1:59.30,Caleb Beaven,,21st House of Champions Invitational
Southern Indiana,10028295,200 Im,6,1:59.49,Isaiah Martin,,21st House of Champions Invitational
Southern Indiana,10028295,200 Im,7,2:03.44,Liam Murray,,21st House of Champions Invitational
Southern Indiana,10028295,400 Im,1,4:03.96,Justin Knauf,,21st House of Champions Invitational
Southern Indiana,10028295,400 Im,2,4:12.71,Jude Winnington,,21st House of Champions Invitational
Southern Indiana,10028295,400 Im,3,4:21.71,Alek Bandy,,21st House of Champions Invitational
Southern Indiana,10028295,400 Im,4,4:26.82,Derek Henry,,"IU-Indianapolis vs. Evansville, Southern Indiana, Valpo"
Southern Indiana,10028295,400 Im,5,4:35.16,Liam Murray,,"Bellarmine vs. Butler, Southern Indiana"
Southern Indiana,10028295,50 Free,1,20.53,Joey Smith,,21st House of Champions Invitational
Southern Indiana,10028295,50 Free,2,20.59,Stokes Knight,,UE Double Dual 2025
Southern Indiana,10028295,50 Free,3,21.28,Jerrin ⛄️🦅 Dale,,21st House of Champions Invitational
Southern Indiana,10028295,50 Free,4,21.57,Gabe Groves,,21st House of Champions Invitational
Southern Indiana,10028295,50 Free,5,21.62,Garrett Gabhart,,21st House of Champions Invitational
Southern Indiana,10028295,50 Free,6,21.75,Jack Hannon,,21st House of Champions Invitational
Southern Indiana,10028295,50 Free,7,21.81,Caleb Davis,,21st House of Champions Invitational
Southern Indiana,10028295,50 Free,8,21.81,Jarrett Watkins,,21st House of Champions Invitational
Southern Indiana,10028295,50 Free,9,21.86,Jude Winnington,,"IU-Indianapolis vs. Evansville, Southern Indiana, Valpo"
Southern Indiana,10028295,50 Free,10,22.26,Nolan Meyers,,UE Double Dual 2025
Southern Indiana,10028295,500 Free,1,4:37.84,Sam Smith,,21st House of Champions Invitational
Southern Indiana,10028295,500 Free,2,4:40.79,Jack Hannon,,21st House of Champions Invitational
Southern Indiana,10028295,500 Free,3,4:46.57,Nolan Meyers,,21st House of Champions Invitational
Southern Indiana,10028295,500 Free,4,4:54.54,Alek Bandy,,21st House of Champions Invitational
Southern Indiana,10028295,500 Free,5,4:55.61,Grant VanWanzeele,,21st House of Champions Invitational
Southern Indiana,10028295,500 Free,6,4:59.99,Jude Winnington,,"Bellarmine vs. Butler, Southern Indiana"
Southern Indiana,10028295,500 Free,7,5:03.60,Alex Navarro,,21st House of Champions Invitational
Southern Indiana,10028295,500 Free,8,5:04.31,Cameron James,,21st House of Champions Invitational
St Thomas (MN),469,100 Back,1,49.55,Philip Jensen,,UST Tommie Invitational
St Thomas (MN),469,100 Back,2,49.69,Luke Becker,,UST Tommie Invitational
St Thomas (MN),469,100 Back,3,52.32,Tony Newton,,UST Tommie Invitational
St Thomas (MN),469,100 Back,4,52.74,Josh Kraby,,UST Purple & Gray Intrasquad
St Thomas (MN),469,100 Back,5,52.98,Miggy San Jose,,Saint Thomas (MN) vs. Saint Cloud
St Thomas (MN),469,100 Back,6,53.10,Carter Fask,,UST Tommie Invitational
St Thomas (MN),469,100 Breast,1,55.20,Ian Leonard,,UST Tommie Invitational
St Thomas (MN),469,100 Breast,2,55.85,Joseph Sandhoefner,,UST Purple & Gray Intrasquad
St Thomas (MN),469,100 Breast,3,56.22,Jensen Richard,,UST Tommie Invitational
St Thomas (MN),469,100 Breast,4,56.50,Sean Bannon,,UST Tommie Invitational
St Thomas (MN),469,100 Breast,5,56.99,Sam Sacor,,UST Tommie Invitational
St Thomas (MN),469,100 Breast,6,59.78,Nick Welle,,UST Tommie Invitational
St Thomas (MN),469,100 Fly,1,48.90,Nick Salido,,UST Tommie Invitational
St Thomas (MN),469,100 Fly,2,49.57,John Trosper,,UST Tommie Invitational
St Thomas (MN),469,100 Fly,3,49.68,Philip Jensen,,UST Tommie Invitational
St Thomas (MN),469,100 Fly,4,51.26,Morgan Gillard,,UST Tommie Invitational
St Thomas (MN),469,100 Fly,5,51.77,Josh Kraby,,UST Purple & Gray Intrasquad
St Thomas (MN),469,100 Fly,6,52.49,Thomson Yatso,,Saint Thomas (MN) vs. Saint Cloud
St Thomas (MN),469,100 Fly,7,52.82,Dani Mauri,,UST Tommie Invitational
St Thomas (MN),469,100 Fly,8,53.13,Joseph Sandhoefner,,UST Purple & Gray Intrasquad
St Thomas (MN),469,100 Fly,9,53.14,Matt Glenna,,Saint Thomas (MN) vs. Saint Cloud
St Thomas (MN),469,100 Fly,10,53.46,Willy Coborn,,UST Tommie Invitational
St Thomas (MN),469,100 Free,1,45.71,Nick Salido,,UST Tommie Invitational
St Thomas (MN),469,100 Free,2,46.27,John Trosper,,UST Purple & Gray Intrasquad
St Thomas (MN),469,100 Free,3,46.53,Cole Johnson,,UST Tommie Invitational
St Thomas (MN),469,100 Free,4,46.60,Morgan Gillard,,UST Tommie Invitational
St Thomas (MN),469,100 Free,5,46.60,Matt Glenna,,UST Tommie Invitational
St Thomas (MN),469,100 Free,6,46.93,Willy Coborn,,Saint Thomas (MN) vs. Saint Cloud
St Thomas (MN),469,100 Free,7,47.34,Ian Leonard,,Saint Thomas (MN) vs. Saint Cloud
St Thomas (MN),469,100 Free,8,47.35,Philip Jensen,,UST Tommie Invitational
St Thomas (MN),469,100 Free,9,47.78,Dani Mauri,,UST Tommie Invitational
St Thomas (MN),469,100 Free,10,47.85,Luke Becker,,Saint Thomas vs. Omaha
St Thomas (MN),469,1000 Free,1,9:43.72,Charlie Folks,,Saint Thomas vs. Omaha
St Thomas (MN),469,1000 Free,2,9:44.16,Tucker Holmes,,Saint Thomas vs. Omaha
St Thomas (MN),469,1000 Free,3,9:49.54,Tommy Seiler,,Saint Thomas vs. Omaha
St Thomas (MN),469,1650 Free,1,16:10.49,Tommy Seiler,,UST Tommie Invitational
St Thomas (MN),469,1650 Free,2,16:13.48,Charlie Folks,,UST Tommie Invitational
St Thomas (MN),469,1650 Free,3,16:13.73,Tucker Holmes,,UST Tommie Invitational
St Thomas (MN),469,200 Back,1,1:48.48,Luke Becker,,UST Tommie Invitational
St Thomas (MN),469,200 Back,2,1:49.45,Tucker Holmes,,UST Tommie Invitational
St Thomas (MN),469,200 Back,3,1:54.05,Miggy San Jose,,Saint Thomas (MN) vs. Saint Cloud
St Thomas (MN),469,200 Back,4,1:55.02,Tony Newton,,UST Tommie Invitational
St Thomas (MN),469,200 Back,5,2:00.16,Josh Kraby,,UW-Green Bay vs. St Thomas (MN)
St Thomas (MN),469,200 Breast,1,2:02.52,Sam Sacor,,UST Tommie Invitational
St Thomas (MN),469,200 Breast,2,2:04.16,Sean Bannon,,UST Tommie Invitational
St Thomas (MN),469,200 Breast,3,2:04.61,Ian Leonard,,UST Tommie Invitational
St Thomas (MN),469,200 Breast,4,2:09.98,Jensen Richard,,UST Tommie Invitational
St Thomas (MN),469,200 Breast,5,2:10.23,Joseph Sandhoefner,,UST Tommie Invitational
St Thomas (MN),469,200 Fly,1,1:50.05,John Trosper,,UST Tommie Invitational
St Thomas (MN),469,200 Fly,2,1:53.69,Tommy Seiler,,Saint Thomas (MN) vs. Saint Cloud
St Thomas (MN),469,200 Fly,3,1:56.44,Thomson Yatso,,UST Tommie Invitational
St Thomas (MN),469,200 Free,1,1:41.83,Tucker Holmes,,UST Tommie Invitational
St Thomas (MN),469,200 Free,2,1:42.15,Matt Glenna,,UST Tommie Invitational
St Thomas (MN),469,200 Free,3,1:43.14,Cole Johnson,,UST Tommie Invitational
St Thomas (MN),469,200 Free,4,1:43.52,Tommy Seiler,,UST Tommie Invitational
St Thomas (MN),469,200 Free,5,1:44.35,Charlie Folks,,Saint Thomas vs. Omaha
St Thomas (MN),469,200 Free,6,1:44.37,Morgan Gillard,,UST Tommie Invitational
St Thomas (MN),469,200 Free,7,1:48.45,Willy Coborn,,Saint Thomas vs. Omaha
St Thomas (MN),469,200 Im,1,1:52.08,Ian Leonard,,UST Tommie Invitational
St Thomas (MN),469,200 Im,2,1:52.40,John Trosper,,UST Tommie Invitational
St Thomas (MN),469,200 Im,3,1:53.06,Sean Bannon,,UST Tommie Invitational
St Thomas (MN),469,200 Im,4,1:54.35,Sam Sacor,,UST Tommie Invitational
St Thomas (MN),469,200 Im,5,1:56.12,Charlie Folks,,Saint Thomas (MN) vs. Saint Cloud
St Thomas (MN),469,200 Im,6,1:56.16,Miggy San Jose,,Saint Thomas vs. Omaha
St Thomas (MN),469,200 Im,7,1:56.77,Thomson Yatso,,UST Tommie Invitational
St Thomas (MN),469,200 Im,8,1:57.63,Jensen Richard,,Saint Thomas vs. Omaha
St Thomas (MN),469,400 Im,1,4:00.63,Charlie Folks,,UST Tommie Invitational
St Thomas (MN),469,400 Im,2,4:11.84,Thomson Yatso,,UST Tommie Invitational
St Thomas (MN),469,400 Im,3,4:14.84,Miggy San Jose,,Saint Thomas vs. Omaha
St Thomas (MN),469,50 Free,1,20.44,Carter Fask,,UST Tommie Invitational
St Thomas (MN),469,50 Free,2,20.59,Nick Salido,,UST Tommie Invitational
St Thomas (MN),469,50 Free,3,21.00,Cole Johnson,,UST Tommie Invitational
St Thomas (MN),469,50 Free,4,21.12,Philip Jensen,,UST Tommie Invitational
St Thomas (MN),469,50 Free,5,21.34,Luke Becker,,UST Tommie Invitational
St Thomas (MN),469,50 Free,6,21.49,Willy Coborn,,UST Tommie Invitational
St Thomas (MN),469,50 Free,7,21.49,Ian Leonard,,UST Tommie Invitational
St Thomas (MN),469,50 Free,8,21.50,Nick Welle,,Saint Thomas (MN) vs. Saint Cloud
St Thomas (MN),469,50 Free,9,21.62,Dani Mauri,,South Dakota vs. St. Thomas
St Thomas (MN),469,50 Free,10,21.80,Morgan Gillard,,UST Tommie Invitational
St Thomas (MN),469,500 Free,1,4:34.99,Charlie Folks,,UST Tommie Invitational
St Thomas (MN),469,500 Free,2,4:38.10,Tucker Holmes,,UST Tommie Invitational
St Thomas (MN),469,500 Free,3,4:38.60,Tommy Seiler,,UST Tommie Invitational
St Thomas (MN),469,500 Free,4,4:44.67,Matt Glenna,,UST Tommie Invitational
St Thomas (MN),469,500 Free,5,4:57.02,Morgan Gillard,,UST Purple & Gray Intrasquad
Tennessee,44,100 Back,1,45.52,Ulises Saravia,,Tennessee Invitational
Tennessee,44,100 Back,2,46.17,Ben Bricca,,CSCAA Challenge (Mich vs. Tenn)
Tennessee,44,100 Back,3,46.73,Nick Simons,,CSCAA Dual Challenge - Championship
Tennessee,44,100 Back,4,48.75,Aidan Hill,,Texas vs. Tennessee
Tennessee,44,100 Back,5,49.36,Jake McCoy,,"Tennessee vs. Auburn, Lousivlle"
Tennessee,44,100 Breast,1,52.31,Gabe Nunziata,,CSCAA Challenge (Mich vs. Tenn)
Tennessee,44,100 Breast,2,53.50,Grayson Nye,,CSCAA Challenge (Mich vs. Tenn)
Tennessee,44,100 Breast,3,53.88,Kamal Muhammad,,"Tennessee vs. Auburn, Lousivlle"
Tennessee,44,100 Breast,4,57.05,Tony Laurito,,Texas vs. Tennessee
Tennessee,44,100 Fly,1,45.70,Guilherme Caribé,,CSCAA Challenge (Mich vs. Tenn)
Tennessee,44,100 Fly,2,46.10,Kamal Muhammad,,"Tennessee vs. Auburn, Lousivlle"
Tennessee,44,100 Fly,3,46.97,Martin Espernberger,,CSCAA Challenge (Mich vs. Tenn)
Tennessee,44,100 Fly,4,47.37,Pedro Sansone Teixeira DE,,Tennessee Invitational
Tennessee,44,100 Fly,5,48.12,Aidan Hill,,CSCAA Dual Challenge - Championship
Tennessee,44,100 Fly,6,50.22,Tony Laurito,,CSCAA Challenge (Mich vs. Tenn)
Tennessee,44,100 Fly,7,51.04,Jake McCoy,,CSCAA Challenge (Mich vs. Tenn)
Tennessee,44,100 Fly,8,53.73,Mac Clark,,CSCAA Challenge (Mich vs. Tenn)
Tennessee,44,100 Free,1,40.91,Guilherme Caribé,,"CSCAA Dual (UVA vs. Mich Women, UT vs. ASU Men)"
Tennessee,44,100 Free,2,41.83,Pedro Sansone Teixeira DE,,CSCAA Dual Challenge - Championship
Tennessee,44,100 Free,3,41.89,Nikoli Blackman,,CSCAA Dual Challenge - Championship
Tennessee,44,100 Free,4,42.26,Koby Bujak-upton,,Tennessee Invitational
Tennessee,44,100 Free,5,43.40,Ulises Saravia,,CSCAA Dual Challenge - Championship
Tennessee,44,100 Free,6,44.35,Ben Bricca,,Tennessee vs Kentucky
Tennessee,44,100 Free,7,44.67,Aidan Hill,,Tennessee Invitational
Tennessee,44,100 Free,8,44.97,Nick Simons,,CSCAA Challenge (Mich vs. Tenn)
Tennessee,44,1000 Free,1,9:04.99,Mac Clark,,Tennessee vs Kentucky
Tennessee,44,1650 Free,1,15:16.62,Mac Clark,,Tennessee Invitational
Tennessee,44,200 Back,1,1:40.14,Nick Simons,,Tennessee Invitational
Tennessee,44,200 Back,2,1:40.82,Ben Bricca,,CSCAA Dual Challenge (Mich vs. Tenn)
Tennessee,44,200 Back,3,1:42.42,Tony Laurito,,CSCAA Dual Challenge - Championship
Tennessee,44,200 Back,4,1:42.42,Ulises Saravia,,Tennessee vs Kentucky
Tennessee,44,200 Back,5,1:42.99,Jake McCoy,,Tennessee Invitational
Tennessee,44,200 Breast,1,1:53.08,Gabe Nunziata,,Tennessee Invitational
Tennessee,44,200 Breast,2,1:56.54,Grayson Nye,,Tennessee Invitational
Tennessee,44,200 Breast,3,1:56.57,Kamal Muhammad,,Texas vs. Tennessee
Tennessee,44,200 Breast,4,1:59.08,Jake McCoy,,Tennessee vs Kentucky
Tennessee,44,200 Fly,1,1:41.22,Martin Espernberger,,CSCAA Dual Challenge (Mich vs. Tenn)
Tennessee,44,200 Fly,2,1:44.55,Aidan Hill,,CSCAA Dual Challenge - Championship
Tennessee,44,200 Fly,3,1:47.21,Tony Laurito,,"Tennessee vs. Auburn, Lousivlle"
Tennessee,44,200 Fly,4,1:50.36,Jake McCoy,,Tennessee vs Kentucky
Tennessee,44,200 Free,1,1:31.30,Koby Bujak-upton,,CSCAA Challenge (Mich vs. Tenn)
Tennessee,44,200 Free,2,1:31.41,Nikoli Blackman,,CSCAA Dual Challenge - Championship
Tennessee,44,200 Free,3,1:35.00,Ben Bricca,,Tennessee vs Kentucky
Tennessee,44,200 Free,4,1:35.99,Jake McCoy,,CSCAA Dual Challenge - Championship
Tennessee,44,200 Free,5,1:36.46,Martin Espernberger,,Tennessee Invitational
Tennessee,44,200 Free,6,1:36.81,Nick Simons,,CSCAA Challenge (Mich vs. Tenn)
Tennessee,44,200 Free,7,1:38.58,Tony Laurito,,Tennessee vs Kentucky
Tennessee,44,200 Im,1,1:44.87,Tony Laurito,,CSCAA Dual Challenge (Mich vs. Tenn)
Tennessee,44,200 Im,2,1:45.42,Jake McCoy,,CSCAA Dual Challenge (Mich vs. Tenn)
Tennessee,44,200 Im,3,1:46.72,Gabe Nunziata,,Tennessee vs Kentucky
Tennessee,44,200 Im,4,1:47.50,Nick Simons,,Tennessee vs Kentucky
Tennessee,44,200 Im,5,1:53.14,Grayson Nye,,"Tennessee vs. Auburn, Lousivlle"
Tennessee,44,400 Im,1,3:42.91,Tony Laurito,,CSCAA Challenge (Mich vs. Tenn)
Tennessee,44,400 Im,2,3:45.02,Jake McCoy,,CSCAA Challenge (Mich vs. Tenn)
Tennessee,44,400 Im,3,3:55.89,Mac Clark,,CSCAA Challenge (Mich vs. Tenn)
Tennessee,44,50 Free,1,18.47,Guilherme Caribé,,"CSCAA Dual (UVA vs. Mich Women, UT vs. ASU Men)"
Tennessee,44,50 Free,2,19.01,Pedro Sansone Teixeira DE,,CSCAA Dual Challenge (Mich vs. Tenn)
Tennessee,44,50 Free,3,19.23,Nikoli Blackman,,Tennessee Invitational
Tennessee,44,50 Free,4,19.61,Kamal Muhammad,,CSCAA Dual Challenge (Mich vs. Tenn)
Tennessee,44,50 Free,5,19.86,Koby Bujak-upton,,CSCAA Dual Challenge - Championship
Tennessee,44,50 Free,6,20.06,Ulises Saravia,,CSCAA Dual Challenge (Mich vs. Tenn)
Tennessee,44,50 Free,7,20.32,Gabe Nunziata,,Texas vs. Tennessee
Tennessee,44,50 Free,8,21.33,Ben Bricca,,Tennessee vs Kentucky
Tennessee,44,50 Free,9,21.54,Aidan Hill,,Tennessee Invitational
Tennessee,44,50 Free,10,21.69,Nick Simons,,CSCAA Challenge (Mich vs. Tenn)
Tennessee,44,500 Free,1,4:16.21,Koby Bujak-upton,,CSCAA Dual Challenge (Mich vs. Tenn)
Tennessee,44,500 Free,2,4:24.55,Tony Laurito,,Tennessee Invitational
Tennessee,44,500 Free,3,4:25.12,Mac Clark,,CSCAA Dual Challenge (Mich vs. Tenn)
Tennessee,44,500 Free,4,4:31.28,Martin Espernberger,,CSCAA Dual Challenge - Championship
Texas,105,100 Back,1,43.26,Will Modglin,,Texas Hall of Fame Invitational
Texas,105,100 Back,2,45.53,Baylor Nelson,,Texas Hall of Fame Invitational
Texas,105,100 Back,3,46.48,Kyle Peck,,Texas Hall of Fame Invitational
Texas,105,100 Back,4,47.55,Nate Germonprez,,Texas vs. Tennessee
Texas,105,100 Breast,1,49.71,Nate Germonprez,,Texas Hall of Fame Invitational
Texas,105,100 Breast,2,50.37,Campbell McKean,,Texas Hall of Fame Invitational
Texas,105,100 Breast,3,50.91,Will Modglin,,Texas Hall of Fame Invitational
Texas,105,100 Breast,4,50.95,Will Scholtz,,Texas Hall of Fame Invitational
Texas,105,100 Fly,1,45.40,Garrett Gould,,Texas Hall of Fame Invitational
Texas,105,100 Fly,2,45.74,Will Modglin,,Texas vs. Tennessee
Texas,105,100 Fly,3,45.75,Kyle Peck,,Texas vs. Tennessee
Texas,105,100 Fly,4,46.33,Ryan BRANON,,Alabama vs Texas
Texas,105,100 Fly,5,46.36,Jacob Wimberly,,Texas vs. Tennessee
Texas,105,100 Fly,6,46.50,Alec Filipovic,,Texas Hall of Fame Invitational
Texas,105,100 Fly,7,47.07,Holden Smith,,Texas vs. Tennessee
Texas,105,100 Fly,8,48.67,Cooper Lucas,,Texas Hall of Fame Invitational
Texas,105,100 Fly,9,48.70,Baylor Nelson,,Texas Hall of Fame Invitational
Texas,105,100 Fly,10,49.60,Rex Maurer,,Texas Hall of Fame Invitational
Texas,105,100 Free,1,42.02,Garrett Gould,,Texas Hall of Fame Invitational
Texas,105,100 Free,2,42.31,Nate Germonprez,,Texas Hall of Fame Invitational
Texas,105,100 Free,3,42.40,Rafael Fente Damers,,Alabama vs Texas
Texas,105,100 Free,4,42.43,Will Modglin,,Texas Hall of Fame Invitational
Texas,105,100 Free,5,42.49,Calvin Fry,,Texas Hall of Fame Invitational
Texas,105,100 Free,6,42.97,Camden Taylor,,Texas vs. Tennessee
Texas,105,100 Free,7,43.03,Alec Filipovic,,Texas Hall of Fame Invitational
Texas,105,100 Free,8,43.39,Kobe Ndebele,,Texas Hall of Fame Invitational
Texas,105,100 Free,9,43.71,Manning Haskal,,Texas Hall of Fame Invitational
Texas,105,100 Free,10,43.89,Cooper Lucas,,Alabama vs Texas
Texas,105,1000 Free,1,8:42.30,Rex Maurer,,Texas vs. Tennessee
Texas,105,1000 Free,2,8:43.95,David Johnston,,Alabama vs Texas
Texas,105,1000 Free,3,8:57.82,Manning Haskal,,Texas vs. Tennessee
Texas,105,1000 Free,4,8:58.05,Aiden Hammer,,Alabama vs Texas
Texas,105,1000 Free,5,9:01.69,Sasha Lyubavskiy,,Alabama vs Texas
Texas,105,1000 Free,6,9:01.91,Alec Enyeart,,Texas Hall of Fame Invitational
Texas,105,1650 Free,1,14:53.38,Alec Enyeart,,Texas Hall of Fame Invitational
Texas,105,1650 Free,2,14:53.58,Aiden Hammer,,Texas Hall of Fame Invitational
Texas,105,1650 Free,3,14:59.05,Manning Haskal,,Texas Hall of Fame Invitational
Texas,105,1650 Free,4,15:04.49,Sasha Lyubavskiy,,Texas Hall of Fame Invitational
Texas,105,200 Back,1,1:39.41,Will Modglin,,Texas vs. Tennessee
Texas,105,200 Back,2,1:40.80,Kyle Peck,,Texas Hall of Fame Invitational
Texas,105,200 Back,3,1:41.03,Rex Maurer,,Alabama vs Texas
Texas,105,200 Back,4,1:41.26,Baylor Nelson,,Texas vs. Tennessee
Texas,105,200 Breast,1,1:49.59,Will Scholtz,,Texas Hall of Fame Invitational
Texas,105,200 Breast,2,1:49.80,Nate Germonprez,,Texas Hall of Fame Invitational
Texas,105,200 Breast,3,1:50.71,Baylor Nelson,,Texas Hall of Fame Invitational
Texas,105,200 Breast,4,1:51.51,Campbell McKean,,Texas Hall of Fame Invitational
Texas,105,200 Fly,1,1:40.40,Cooper Lucas,,Texas Hall of Fame Invitational
Texas,105,200 Fly,2,1:42.81,Ryan BRANON,,Alabama vs Texas
Texas,105,200 Fly,3,1:43.76,Jacob Wimberly,,Texas vs. Tennessee
Texas,105,200 Fly,4,1:43.81,Alec Filipovic,,Texas Hall of Fame Invitational
Texas,105,200 Fly,5,1:44.22,Holden Smith,,Texas Hall of Fame Invitational
Texas,105,200 Fly,6,1:45.50,Alec Enyeart,,Texas Hall of Fame Invitational
Texas,105,200 Fly,7,1:49.94,Sasha Lyubavskiy,,Texas Hall of Fame Invitational
Texas,105,200 Free,1,1:31.51,Jacob Wimberly,,Texas Hall of Fame Invitational
Texas,105,200 Free,2,1:32.38,Camden Taylor,,Texas Hall of Fame Invitational
Texas,105,200 Free,3,1:32.53,Rex Maurer,,Texas vs. Tennessee
Texas,105,200 Free,4,1:33.07,Baylor Nelson,,Texas vs. Tennessee
Texas,105,200 Free,5,1:33.71,Calvin Fry,,Texas Hall of Fame Invitational
Texas,105,200 Free,6,1:34.30,Manning Haskal,,Texas Hall of Fame Invitational
Texas,105,200 Free,7,1:36.91,Aiden Hammer,,Texas Hall of Fame Invitational
Texas,105,200 Free,8,1:37.01,Kobe Ndebele,,Texas Hall of Fame Invitational
Texas,105,200 Free,9,1:39.85,Sasha Lyubavskiy,,Texas vs. Tennessee
Texas,105,200 Im,1,1:40.29,Baylor Nelson,,Texas Hall of Fame Invitational
Texas,105,200 Im,2,1:40.58,Will Modglin,,Texas Hall of Fame Invitational
Texas,105,200 Im,3,1:41.06,Campbell McKean,,Texas Hall of Fame Invitational
Texas,105,200 Im,4,1:41.62,Nate Germonprez,,Texas Hall of Fame Invitational
Texas,105,200 Im,5,1:42.78,Rex Maurer,,Alabama vs Texas
Texas,105,200 Im,6,1:43.21,Will Scholtz,,Texas Hall of Fame Invitational
Texas,105,200 Im,7,1:43.40,Camden Taylor,,Texas Hall of Fame Invitational
Texas,105,200 Im,8,1:44.20,Spencer Aurnou-Rhees,,Texas Hall of Fame Invitational
Texas,105,200 Im,9,1:45.98,Alec Filipovic,,Texas Hall of Fame Invitational
Texas,105,200 Im,10,1:46.43,Holden Smith,,Texas Hall of Fame Invitational
Texas,105,400 Im,1,3:34.83,Baylor Nelson,,Texas Hall of Fame Invitational
Texas,105,400 Im,2,3:35.28,Cooper Lucas,,Texas Hall of Fame Invitational
Texas,105,400 Im,3,3:40.58,Rex Maurer,,Texas Hall of Fame Invitational
Texas,105,400 Im,4,3:44.42,Spencer Aurnou-Rhees,,Texas Hall of Fame Invitational
Texas,105,400 Im,5,3:45.48,Alec Enyeart,,Texas Hall of Fame Invitational
Texas,105,400 Im,6,3:53.15,Sasha Lyubavskiy,,Texas Hall of Fame Invitational
Texas,105,50 Free,1,18.94,Garrett Gould,,Texas Hall of Fame Invitational
Texas,105,50 Free,2,19.25,Calvin Fry,,Texas Hall of Fame Invitational
Texas,105,50 Free,3,19.26,Rafael Fente Damers,,Texas vs. Tennessee
Texas,105,50 Free,4,19.44,Nate Germonprez,,Texas Hall of Fame Invitational
Texas,105,50 Free,5,19.70,Camden Taylor,,Texas Hall of Fame Invitational
Texas,105,50 Free,6,19.73,Jacob Wimberly,,Texas Hall of Fame Invitational
Texas,105,50 Free,7,19.77,Kobe Ndebele,,Texas Hall of Fame Invitational
Texas,105,50 Free,8,19.93,Will Modglin,,Texas Hall of Fame Invitational
Texas,105,50 Free,9,20.10,Alec Filipovic,,Texas vs. Tennessee
Texas,105,50 Free,10,21.13,Cooper Lucas,,Texas vs. Tennessee
Texas,105,500 Free,1,4:10.75,Rex Maurer,,Texas vs. Tennessee
Texas,105,500 Free,2,4:11.59,Cooper Lucas,,Texas Hall of Fame Invitational
Texas,105,500 Free,3,4:14.08,David Johnston,,Alabama vs Texas
Texas,105,500 Free,4,4:14.93,Jacob Wimberly,,Texas Hall of Fame Invitational
Texas,105,500 Free,5,4:15.91,Manning Haskal,,Texas Hall of Fame Invitational
Texas,105,500 Free,6,4:16.25,Alec Enyeart,,Texas Hall of Fame Invitational
Texas,105,500 Free,7,4:19.27,Aiden Hammer,,Texas Hall of Fame Invitational
Texas,105,500 Free,8,4:21.95,Spencer Aurnou-Rhees,,Texas Hall of Fame Invitational
Texas,105,500 Free,9,4:23.79,Sasha Lyubavskiy,,Texas Hall of Fame Invitational
UNC-Wilmington,395,100 Back,1,47.40,Jack VanHowe,,"UNCW vs. Queens (NC), William & Mary"
UNC-Wilmington,395,100 Back,2,48.01,Paddy Morris,,Kellianne Nagy Fall Frenzy Invite
UNC-Wilmington,395,100 Back,3,49.35,Joseph Busic,,Kellianne Nagy Fall Frenzy Invite
UNC-Wilmington,395,100 Back,4,49.87,Will Spencer,,Kellianne Nagy Fall Frenzy Invite
UNC-Wilmington,395,100 Breast,1,54.33,William Carrico,,"UNC vs. Boston College, UNC-Wilmington"
UNC-Wilmington,395,100 Breast,2,54.86,Mason Hetzell,,Kellianne Nagy Fall Frenzy Invite
UNC-Wilmington,395,100 Breast,3,55.76,Jordan Kelly,,Kellianne Nagy Fall Frenzy Invite
UNC-Wilmington,395,100 Breast,4,55.94,Dane Hogan,,"UNC vs. Boston College, UNC-Wilmington"
UNC-Wilmington,395,100 Breast,5,58.80,Simon Russell,,"UNCW vs. Queens (NC), William & Mary"
UNC-Wilmington,395,100 Breast,6,1:00.87,Christian Losh,,UNC-Wilmington vs. Gardner-Webb
UNC-Wilmington,395,100 Fly,1,47.94,Andy Commins,,Kellianne Nagy Fall Frenzy Invite
UNC-Wilmington,395,100 Fly,2,48.56,Hil Lindsay,,Kellianne Nagy Fall Frenzy Invite
UNC-Wilmington,395,100 Fly,3,48.84,Joseph Busic,,"UNC vs. Boston College, UNC-Wilmington"
UNC-Wilmington,395,100 Fly,4,49.07,Caleb Dulin,,Kellianne Nagy Fall Frenzy Invite
UNC-Wilmington,395,100 Fly,5,49.31,Mason Hetzell,,Kellianne Nagy Fall Frenzy Invite
UNC-Wilmington,395,100 Fly,6,49.49,Simon Russell,,Kellianne Nagy Fall Frenzy Invite
UNC-Wilmington,395,100 Fly,7,50.10,Kris Lawson,,"UNC vs. Boston College, UNC-Wilmington"
UNC-Wilmington,395,100 Fly,8,52.26,William Carrico,,Kellianne Nagy Fall Frenzy Invite
UNC-Wilmington,395,100 Fly,9,53.01,Ian Frazer,,Kellianne Nagy Fall Frenzy Invite
UNC-Wilmington,395,100 Fly,10,53.38,Will Spencer,,Kellianne Nagy Fall Frenzy Invite
UNC-Wilmington,395,100 Free,1,44.05,Nathan Jao,,Kellianne Nagy Fall Frenzy Invite
UNC-Wilmington,395,100 Free,2,44.62,Hil Lindsay,,"UNC vs. Boston College, UNC-Wilmington"
UNC-Wilmington,395,100 Free,3,46.31,Simon Russell,,Kellianne Nagy Fall Frenzy Invite
UNC-Wilmington,395,100 Free,4,46.60,Kris Lawson,,"UNC vs. Boston College, UNC-Wilmington"
UNC-Wilmington,395,100 Free,5,46.64,Jack Haywood,,"UNC vs. Boston College, UNC-Wilmington"
UNC-Wilmington,395,100 Free,6,47.90,Mitchell Payne,,UNC Wilmington vs UGA
UNC-Wilmington,395,100 Free,7,52.41,Will Spencer,,UNC Wilmington vs UGA
UNC-Wilmington,395,1000 Free,1,9:11.74,Wilson Tuttle,,"UNC vs. Boston College, UNC-Wilmington"
UNC-Wilmington,395,1000 Free,2,9:20.77,Mike McCarthy,,"UNC vs. Boston College, UNC-Wilmington"
UNC-Wilmington,395,1000 Free,3,9:45.29,Jack Rutledge,,UNC-Wilmington vs. Gardner-Webb
UNC-Wilmington,395,1650 Free,1,15:33.98,Wilson Tuttle,,Kellianne Nagy Fall Frenzy Invite
UNC-Wilmington,395,1650 Free,2,16:00.30,Mike McCarthy,,Kellianne Nagy Fall Frenzy Invite
UNC-Wilmington,395,1650 Free,3,16:25.22,Jack Rutledge,,Kellianne Nagy Fall Frenzy Invite
UNC-Wilmington,395,200 Back,1,1:43.51,William Carrico,,Kellianne Nagy Fall Frenzy Invite
UNC-Wilmington,395,200 Back,2,1:46.94,Jack VanHowe,,"UNC vs. Boston College, UNC-Wilmington"
UNC-Wilmington,395,200 Back,3,1:47.12,Ian Frazer,,"UNC vs. Boston College, UNC-Wilmington"
UNC-Wilmington,395,200 Back,4,1:47.80,Paddy Morris,,Kellianne Nagy Fall Frenzy Invite
UNC-Wilmington,395,200 Back,5,1:49.73,Will Spencer,,Kellianne Nagy Fall Frenzy Invite
UNC-Wilmington,395,200 Breast,1,1:56.95,William Carrico,,Kellianne Nagy Fall Frenzy Invite
UNC-Wilmington,395,200 Breast,2,2:00.09,Jordan Kelly,,Kellianne Nagy Fall Frenzy Invite
UNC-Wilmington,395,200 Breast,3,2:01.05,Mason Hetzell,,"UNCW vs. Queens (NC), William & Mary"
UNC-Wilmington,395,200 Breast,4,2:03.76,Gavin McCarter,,Kellianne Nagy Fall Frenzy Invite
UNC-Wilmington,395,200 Breast,5,2:03.90,Dane Hogan,,"UNC vs. Boston College, UNC-Wilmington"
UNC-Wilmington,395,200 Breast,6,2:08.24,Jack Haywood,,Kellianne Nagy Fall Frenzy Invite
UNC-Wilmington,395,200 Breast,7,2:12.38,Christian Losh,,Kellianne Nagy Fall Frenzy Invite
UNC-Wilmington,395,200 Fly,1,1:45.63,Andy Commins,,Kellianne Nagy Fall Frenzy Invite
UNC-Wilmington,395,200 Fly,2,1:46.12,Joseph Busic,,"UNC vs. Boston College, UNC-Wilmington"
UNC-Wilmington,395,200 Fly,3,1:48.50,William Carrico,,UNC-Wilmington vs. Gardner-Webb
UNC-Wilmington,395,200 Fly,4,1:50.79,Mike McCarthy,,Kellianne Nagy Fall Frenzy Invite
UNC-Wilmington,395,200 Fly,5,1:50.86,Gavin McCarter,,"UNCW vs. Queens (NC), William & Mary"
UNC-Wilmington,395,200 Fly,6,1:52.36,Mitchell Payne,,Kellianne Nagy Fall Frenzy Invite
UNC-Wilmington,395,200 Fly,7,1:52.63,Caleb Dulin,,Kellianne Nagy Fall Frenzy Invite
UNC-Wilmington,395,200 Free,1,1:36.66,Nathan Jao,,Kellianne Nagy Fall Frenzy Invite
UNC-Wilmington,395,200 Free,2,1:37.33,William Carrico,,"UNCW vs. Queens (NC), William & Mary"
UNC-Wilmington,395,200 Free,3,1:39.57,Will Spencer,,"UNC vs. Boston College, UNC-Wilmington"
UNC-Wilmington,395,200 Free,4,1:39.61,Wilson Tuttle,,UNC-Wilmington vs. Gardner-Webb
UNC-Wilmington,395,200 Free,5,1:39.65,Jack Haywood,,Kellianne Nagy Fall Frenzy Invite
UNC-Wilmington,395,200 Free,6,1:40.80,Mitchell Payne,,Kellianne Nagy Fall Frenzy Invite
UNC-Wilmington,395,200 Free,7,1:42.13,Mike McCarthy,,Kellianne Nagy Fall Frenzy Invite
UNC-Wilmington,395,200 Free,8,1:42.48,Andy Commins,,Kellianne Nagy Fall Frenzy Invite
UNC-Wilmington,395,200 Free,9,1:43.13,Hil Lindsay,,UNC-Wilmington vs. Gardner-Webb
UNC-Wilmington,395,200 Free,10,1:43.78,Jack Rutledge,,Kellianne Nagy Fall Frenzy Invite
UNC-Wilmington,395,200 Im,1,1:44.69,William Carrico,,Kellianne Nagy Fall Frenzy Invite
UNC-Wilmington,395,200 Im,2,1:48.72,Nathan Jao,,Kellianne Nagy Fall Frenzy Invite
UNC-Wilmington,395,200 Im,3,1:48.74,Will Spencer,,Kellianne Nagy Fall Frenzy Invite
UNC-Wilmington,395,200 Im,4,1:50.25,Jordan Kelly,,Kellianne Nagy Fall Frenzy Invite
UNC-Wilmington,395,200 Im,5,1:50.48,Ian Frazer,,"UNC vs. Boston College, UNC-Wilmington"
UNC-Wilmington,395,200 Im,6,1:50.75,Mason Hetzell,,Kellianne Nagy Fall Frenzy Invite
UNC-Wilmington,395,200 Im,7,1:51.20,Paddy Morris,,Kellianne Nagy Fall Frenzy Invite
UNC-Wilmington,395,200 Im,8,1:58.60,Christian Losh,,Kellianne Nagy Fall Frenzy Invite
UNC-Wilmington,395,200 Im,9,2:02.06,Gavin McCarter,,UNC Wilmington vs UGA
UNC-Wilmington,395,400 Im,1,3:46.90,William Carrico,,Kellianne Nagy Fall Frenzy Invite
UNC-Wilmington,395,400 Im,2,3:55.88,Wilson Tuttle,,Kellianne Nagy Fall Frenzy Invite
UNC-Wilmington,395,400 Im,3,3:58.92,Ian Frazer,,Kellianne Nagy Fall Frenzy Invite
UNC-Wilmington,395,400 Im,4,3:59.71,Jordan Kelly,,Kellianne Nagy Fall Frenzy Invite
UNC-Wilmington,395,400 Im,5,4:00.07,Will Spencer,,Kellianne Nagy Fall Frenzy Invite
UNC-Wilmington,395,400 Im,6,4:00.21,Gavin McCarter,,Kellianne Nagy Fall Frenzy Invite
UNC-Wilmington,395,400 Im,7,4:00.40,Jack Haywood,,Kellianne Nagy Fall Frenzy Invite
UNC-Wilmington,395,50 Free,1,20.01,Hil Lindsay,,Kellianne Nagy Fall Frenzy Invite
UNC-Wilmington,395,50 Free,2,20.58,Kris Lawson,,"UNCW vs. Queens (NC), William & Mary"
UNC-Wilmington,395,50 Free,3,20.59,Nathan Jao,,Kellianne Nagy Fall Frenzy Invite
UNC-Wilmington,395,50 Free,4,20.83,Joseph Busic,,Kellianne Nagy Fall Frenzy Invite
UNC-Wilmington,395,50 Free,5,20.97,Simon Russell,,Kellianne Nagy Fall Frenzy Invite
UNC-Wilmington,395,50 Free,6,21.06,Jack VanHowe,,Kellianne Nagy Fall Frenzy Invite
UNC-Wilmington,395,50 Free,7,21.62,Caleb Dulin,,"UNCW vs. Queens (NC), William & Mary"
UNC-Wilmington,395,50 Free,8,22.12,Mitchell Payne,,UNC-Wilmington vs. Gardner-Webb
UNC-Wilmington,395,50 Free,9,22.18,Jack Haywood,,UNC-Wilmington vs. Gardner-Webb
UNC-Wilmington,395,50 Free,10,22.45,Jack Rutledge,,UNC-Wilmington vs. Gardner-Webb
UNC-Wilmington,395,500 Free,1,4:28.27,Wilson Tuttle,,"UNC vs. Boston College, UNC-Wilmington"
UNC-Wilmington,395,500 Free,2,4:32.46,Jack Haywood,,Kellianne Nagy Fall Frenzy Invite
UNC-Wilmington,395,500 Free,3,4:32.58,Mike McCarthy,,Kellianne Nagy Fall Frenzy Invite
UNC-Wilmington,395,500 Free,4,4:33.26,Andy Commins,,Kellianne Nagy Fall Frenzy Invite
UNC-Wilmington,395,500 Free,5,4:33.41,Jack Rutledge,,"UNCW vs. Queens (NC), William & Mary"
UNC-Wilmington,395,500 Free,6,4:41.05,Gavin McCarter,,Kellianne Nagy Fall Frenzy Invite
UNC-Wilmington,395,500 Free,7,4:42.85,Mitchell Payne,,Kellianne Nagy Fall Frenzy Invite
UNLV,440,100 Back,1,46.82,Tatsuki Inoue,,UNLV Invite
UNLV,440,100 Back,2,47.15,Wikus Potgieter,,UNLV vs. BYU
UNLV,440,100 Back,3,48.71,Wes Mank,,UNLV vs. BYU
UNLV,440,100 Breast,1,53.80,Yamato Lucero,,UNLV Invite
UNLV,440,100 Breast,2,53.93,Ty Schneider,,Minnesota Invitational
UNLV,440,100 Breast,3,54.91,Nate Thomason,,UNLV vs. BYU
UNLV,440,100 Breast,4,56.73,ian Belflower,,UNLV Invite
UNLV,440,100 Breast,5,57.19,Bronson Smothers,,UNLV Invite
UNLV,440,100 Fly,1,46.89,ian Belflower,,Minnesota Invitational
UNLV,440,100 Fly,2,46.93,Bryson Huey,,ASU vs UNLV
UNLV,440,100 Fly,3,47.09,Wikus Potgieter,,UNLV Invite
UNLV,440,100 Fly,4,47.48,Emil Perez,,Minnesota Invitational
UNLV,440,100 Fly,5,48.41,Lucas Diermayr,,UNLV Invite
UNLV,440,100 Fly,6,49.02,Tatsuki Inoue,,UNLV Invite
UNLV,440,100 Fly,7,50.26,Bronson Smothers,,UNLV Invite
UNLV,440,100 Fly,8,53.06,Colby Raffel,,UNLV vs. BYU
UNLV,440,100 Fly,9,53.87,Logan Calhoun,,UNLV Invite
UNLV,440,100 Fly,10,54.44,Ty Schneider,,UNLV Invite
UNLV,440,100 Free,1,43.58,Ambrus Barcsak,,UNLV Invite
UNLV,440,100 Free,2,43.65,Bryson Huey,,UNLV vs. BYU
UNLV,440,100 Free,3,43.91,Emil Perez,,Minnesota Invitational
UNLV,440,100 Free,4,44.48,Wikus Potgieter,,Minnesota Invitational
UNLV,440,100 Free,5,44.79,Lucas Diermayr,,UNLV Invite
UNLV,440,100 Free,6,44.92,Gabriel Schreiber,,UNLV Invite
UNLV,440,100 Free,7,45.65,Wes Mank,,UNLV Invite
UNLV,440,100 Free,8,45.82,Bronson Smothers,,UNLV Invite
UNLV,440,100 Free,9,46.26,ian Belflower,,UNLV Invite
UNLV,440,100 Free,10,47.02,Ty Schneider,,UNLV Invite
UNLV,440,1000 Free,1,9:16.53,Logan Calhoun,,"USC vs. UNLV, UC San Diego"
UNLV,440,1000 Free,2,9:20.73,Luke Leon Guerrero,,UNLV vs. BYU
UNLV,440,1000 Free,3,9:32.31,Evan Sproul,,ASU vs UNLV
UNLV,440,1650 Free,1,15:36.10,Logan Calhoun,,UNLV Invite
UNLV,440,1650 Free,2,16:13.95,Luke Leon Guerrero,,UNLV vs. Fresno
UNLV,440,1650 Free,3,16:16.65,Evan Sproul,,UNLV Invite
UNLV,440,200 Back,1,1:43.74,Tatsuki Inoue,,UNLV Invite
UNLV,440,200 Back,2,1:46.28,Wikus Potgieter,,Minnesota Invitational
UNLV,440,200 Back,3,1:49.05,Logan Calhoun,,UNLV Invite
UNLV,440,200 Back,4,1:50.24,Evan Sproul,,UNLV vs. Utah
UNLV,440,200 Back,5,1:51.79,Wes Mank,,ASU vs UNLV
UNLV,440,200 Breast,1,1:57.79,Nate Thomason,,UNLV Invite
UNLV,440,200 Breast,2,2:00.62,Ty Schneider,,Minnesota Invitational
UNLV,440,200 Breast,3,2:01.17,Yamato Lucero,,UNLV Invite
UNLV,440,200 Breast,4,2:02.80,Kian Keylock,,"USC vs. UNLV, UC San Diego"
UNLV,440,200 Fly,1,1:43.94,ian Belflower,,Minnesota Invitational
UNLV,440,200 Fly,2,1:44.23,Colby Raffel,,Minnesota Invitational
UNLV,440,200 Fly,3,1:48.04,Emil Perez,,UNLV vs. Utah
UNLV,440,200 Free,1,1:35.74,Ambrus Barcsak,,UNLV Invite
UNLV,440,200 Free,2,1:36.86,Colby Raffel,,Minnesota Invitational
UNLV,440,200 Free,3,1:37.62,Kiril Stepanov,,"USC vs. UNLV, UC San Diego"
UNLV,440,200 Free,4,1:38.47,Gabriel Schreiber,,UNLV Invite
UNLV,440,200 Free,5,1:40.25,Luke Leon Guerrero,,UNLV Invite
UNLV,440,200 Free,6,1:42.93,Logan Calhoun,,UNLV Invite
UNLV,440,200 Free,7,1:43.75,Kian Keylock,,"USC vs. UNLV, UC San Diego"
UNLV,440,200 Im,1,1:47.27,ian Belflower,,Minnesota Invitational
UNLV,440,200 Im,2,1:49.24,Colby Raffel,,UNLV Invite
UNLV,440,200 Im,3,1:50.98,Wikus Potgieter,,UNLV Invite
UNLV,440,200 Im,4,1:51.47,Ty Schneider,,Minnesota Invitational
UNLV,440,200 Im,5,1:52.81,Kian Keylock,,"USC vs. UNLV, UC San Diego"
UNLV,440,200 Im,6,1:53.05,Gabriel Schreiber,,UNLV Invite
UNLV,440,200 Im,7,1:54.63,Nate Thomason,,UNLV Invite
UNLV,440,200 Im,8,1:56.21,Evan Sproul,,ASU vs UNLV
UNLV,440,200 Im,9,1:56.63,Luke Leon Guerrero,,ASU vs UNLV
UNLV,440,400 Im,1,3:58.72,Logan Calhoun,,UNLV Invite
UNLV,440,400 Im,2,4:04.01,Evan Sproul,,UNLV Invite
UNLV,440,400 Im,3,4:04.10,Colby Raffel,,UNLV vs. BYU
UNLV,440,400 Im,4,4:04.17,Ty Schneider,,UNLV Invite
UNLV,440,400 Im,5,4:08.12,Luke Leon Guerrero,,UNLV Invite
UNLV,440,50 Free,1,19.02,Bryson Huey,,Minnesota Invitational
UNLV,440,50 Free,2,20.02,Emil Perez,,Minnesota Invitational
UNLV,440,50 Free,3,20.23,Wikus Potgieter,,Minnesota Invitational
UNLV,440,50 Free,4,20.27,Lucas Diermayr,,UNLV Invite
UNLV,440,50 Free,5,20.42,Wes Mank,,UNLV Invite
UNLV,440,50 Free,6,20.47,Tatsuki Inoue,,UNLV Invite
UNLV,440,50 Free,7,20.49,Yamato Lucero,,UNLV Invite
UNLV,440,50 Free,8,20.53,ian Belflower,,Minnesota Invitational
UNLV,440,50 Free,9,20.75,Ambrus Barcsak,,UNLV Invite
UNLV,440,50 Free,10,20.78,Bronson Smothers,,UNLV vs. BYU
UNLV,440,500 Free,1,4:23.82,Colby Raffel,,Minnesota Invitational
UNLV,440,500 Free,2,4:27.23,Logan Calhoun,,UNLV Invite
UNLV,440,500 Free,3,4:28.78,Luke Leon Guerrero,,UNLV Invite
UNLV,440,500 Free,4,4:29.80,Ambrus Barcsak,,UNLV Invite
UNLV,440,500 Free,5,4:38.35,Evan Sproul,,UNLV Invite
UNLV,440,500 Free,6,4:41.73,Kiril Stepanov,,UNLV vs. Fresno
UNLV,440,500 Free,7,4:54.07,Gabriel Schreiber,,UNLV vs. BYU
USC,102,100 Back,1,45.63,Michal Chmielewski,,Texas Hall of Fame Invitational
USC,102,100 Back,2,45.96,vaggelis MAKRYGIANNIS,,USC vs. California
USC,102,100 Back,3,46.62,Drew Huston,,Texas Hall of Fame Invitational
USC,102,100 Back,4,47.06,Derek Zhang,,Texas Hall of Fame Invitational
USC,102,100 Back,5,47.29,Griffin O'Leary,,Texas Hall of Fame Invitational
USC,102,100 Back,6,47.40,Emi Zamudio,,Texas Hall of Fame Invitational
USC,102,100 Back,7,49.44,Riccardo Osio,,Texas Hall of Fame Invitational
USC,102,100 Back,8,50.12,Diego Balbi,,"USC vs. UNLV, UC San Diego"
USC,102,100 Breast,1,52.16,Junhao Chan,,Texas Hall of Fame Invitational
USC,102,100 Breast,2,53.24,Sanberk Oktar,,USC vs. California
USC,102,100 Breast,3,53.43,Keller Morgan,,Texas Hall of Fame Invitational
USC,102,100 Breast,4,54.11,Stuart Timmerman,,USC vs. Stanford
USC,102,100 Breast,5,54.53,Filip Mujan,,USC vs. California
USC,102,100 Breast,6,55.72,Nathan Wu,,Texas Hall of Fame Invitational
USC,102,100 Breast,7,58.32,Charlie Bufton,,World Aquatics World Cup - Westmont
USC,102,100 Fly,1,45.08,Michal Chmielewski,,USC vs. California
USC,102,100 Fly,2,46.86,Krzysztof Chmielewski,,"USC vs. UNLV, UC San Diego"
USC,102,100 Fly,3,46.90,Diego Balbi,,Texas Hall of Fame Invitational
USC,102,100 Fly,4,47.32,Drew Huston,,Texas Hall of Fame Invitational
USC,102,100 Fly,5,47.37,Stuart Timmerman,,Texas Hall of Fame Invitational
USC,102,100 Fly,6,47.40,Jan Białecki,,Texas Hall of Fame Invitational
USC,102,100 Fly,7,47.60,Emi Zamudio,,Texas Hall of Fame Invitational
USC,102,100 Fly,8,47.68,Derek Zhang,,Texas Hall of Fame Invitational
USC,102,100 Fly,9,48.08,Griffin O'Leary,,Texas Hall of Fame Invitational
USC,102,100 Fly,10,48.14,Riccardo Osio,,Texas Hall of Fame Invitational
USC,102,100 Free,1,42.51,Oliver Sogaard-Andersen,,Texas Hall of Fame Invitational
USC,102,100 Free,2,43.41,Ian Pickles,,Texas Hall of Fame Invitational
USC,102,100 Free,3,43.67,Jan Białecki,,Texas Hall of Fame Invitational
USC,102,100 Free,4,43.89,Sanberk Oktar,,Texas Hall of Fame Invitational
USC,102,100 Free,5,44.03,Krzysztof Chmielewski,,"USC vs. UNLV, UC San Diego"
USC,102,100 Free,6,44.37,Derek Zhang,,USC vs. Stanford
USC,102,100 Free,7,44.50,Raphael Sibuet,,Texas Hall of Fame Invitational
USC,102,100 Free,8,44.53,Stuart Timmerman,,Texas Hall of Fame Invitational
USC,102,100 Free,9,44.76,Filip Mujan,,USC vs. California
USC,102,100 Free,10,45.08,vaggelis MAKRYGIANNIS,,World Aquatics World Cup - Westmont
USC,102,1000 Free,1,8:56.33,Krzysztof Chmielewski,,USC vs. California
USC,102,1000 Free,2,9:08.69,Thomas Olsen,,USC vs. California
USC,102,1000 Free,3,9:15.42,Ian Pickles,,"USC vs. UNLV, UC San Diego"
USC,102,1000 Free,4,9:19.91,Francisco Goya,,USC vs. California
USC,102,1000 Free,5,9:46.53,Cole Ballard,,Arizona vs. USC
USC,102,1650 Free,1,15:12.90,Thomas Olsen,,Texas Hall of Fame Invitational
USC,102,1650 Free,2,15:36.50,Francisco Goya,,Texas Hall of Fame Invitational
USC,102,200 Back,1,1:40.54,vaggelis MAKRYGIANNIS,,USC vs. Stanford
USC,102,200 Back,2,1:42.06,Drew Huston,,Texas Hall of Fame Invitational
USC,102,200 Back,3,1:42.66,Griffin O'Leary,,Texas Hall of Fame Invitational
USC,102,200 Back,4,1:42.85,Emi Zamudio,,Texas Hall of Fame Invitational
USC,102,200 Back,5,1:45.39,Michal Chmielewski,,"USC vs. UNLV, UC San Diego"
USC,102,200 Back,6,1:46.69,Charlie Bufton,,"USC vs. UNLV, UC San Diego"
USC,102,200 Back,7,1:48.09,Derek Zhang,,Texas Hall of Fame Invitational
USC,102,200 Breast,1,1:53.03,Junhao Chan,,Texas Hall of Fame Invitational
USC,102,200 Breast,2,1:55.57,Sanberk Oktar,,Texas Hall of Fame Invitational
USC,102,200 Breast,3,1:56.15,Keller Morgan,,Texas Hall of Fame Invitational
USC,102,200 Breast,4,1:56.58,Filip Mujan,,USC vs. California
USC,102,200 Breast,5,1:59.31,Nathan Wu,,Texas Hall of Fame Invitational
USC,102,200 Breast,6,2:00.14,Charlie Bufton,,Texas Hall of Fame Invitational
USC,102,200 Breast,7,2:01.22,Stuart Timmerman,,"USC vs. UNLV, UC San Diego"
USC,102,200 Fly,1,1:39.81,Krzysztof Chmielewski,,Texas Hall of Fame Invitational
USC,102,200 Fly,2,1:40.91,Michal Chmielewski,,Texas Hall of Fame Invitational
USC,102,200 Fly,3,1:43.82,Diego Balbi,,USC vs. California
USC,102,200 Fly,4,1:44.11,Charlie Bufton,,Texas Hall of Fame Invitational
USC,102,200 Fly,5,1:45.68,Pierce O'Grady,,Texas Hall of Fame Invitational
USC,102,200 Fly,6,1:45.69,Salvador Goya,,Texas Hall of Fame Invitational
USC,102,200 Fly,7,1:47.22,Emi Zamudio,,USC vs. Stanford
USC,102,200 Fly,8,1:47.50,Cole Ballard,,Texas Hall of Fame Invitational
USC,102,200 Fly,9,1:48.48,Riccardo Osio,,Texas Hall of Fame Invitational
USC,102,200 Fly,10,1:50.19,Francisco Goya,,Texas Hall of Fame Invitational
USC,102,200 Free,1,1:32.89,Oliver Sogaard-Andersen,,Texas Hall of Fame Invitational
USC,102,200 Free,2,1:33.98,Ian Pickles,,Texas Hall of Fame Invitational
USC,102,200 Free,3,1:34.48,Sanberk Oktar,,Texas Hall of Fame Invitational
USC,102,200 Free,4,1:35.23,Krzysztof Chmielewski,,"USC vs. UNLV, UC San Diego"
USC,102,200 Free,5,1:36.33,Cole Ballard,,Texas Hall of Fame Invitational
USC,102,200 Free,6,1:37.03,Raphael Sibuet,,Texas Hall of Fame Invitational
USC,102,200 Free,7,1:37.22,Salvador Goya,,Texas Hall of Fame Invitational
USC,102,200 Free,8,1:37.31,vaggelis MAKRYGIANNIS,,USC Invite
USC,102,200 Free,9,1:37.32,Pierce O'Grady,,Texas Hall of Fame Invitational
USC,102,200 Free,10,1:37.44,Filip Mujan,,"USC vs. UNLV, UC San Diego"
USC,102,200 Im,1,1:42.87,Sanberk Oktar,,Texas Hall of Fame Invitational
USC,102,200 Im,2,1:45.60,Keller Morgan,,Texas Hall of Fame Invitational
USC,102,200 Im,3,1:47.99,Filip Mujan,,USC vs. Stanford
USC,102,200 Im,4,1:48.15,Charlie Bufton,,USC Invite
USC,102,200 Im,5,1:48.66,Junhao Chan,,Texas Hall of Fame Invitational
USC,102,200 Im,6,1:49.30,Stuart Timmerman,,USC vs. Stanford
USC,102,200 Im,7,1:49.91,Nathan Wu,,Texas Hall of Fame Invitational
USC,102,200 Im,8,1:50.76,vaggelis MAKRYGIANNIS,,USC Invite
USC,102,200 Im,9,1:50.77,Drew Huston,,"USC vs. UNLV, UC San Diego"
USC,102,200 Im,10,1:57.72,Cole Ballard,,World Aquatics World Cup - Westmont
USC,102,400 Im,1,3:44.11,Sanberk Oktar,,Texas Hall of Fame Invitational
USC,102,400 Im,2,3:44.45,Krzysztof Chmielewski,,Texas Hall of Fame Invitational
USC,102,400 Im,3,3:48.78,Keller Morgan,,Texas Hall of Fame Invitational
USC,102,400 Im,4,3:48.99,Charlie Bufton,,Texas Hall of Fame Invitational
USC,102,400 Im,5,3:58.35,Thomas Olsen,,Texas Hall of Fame Invitational
USC,102,400 Im,6,3:58.91,Nathan Wu,,Texas Hall of Fame Invitational
USC,102,50 Free,1,19.88,Oliver Sogaard-Andersen,,USC vs. Stanford
USC,102,50 Free,2,19.98,Jan Białecki,,Texas Hall of Fame Invitational
USC,102,50 Free,3,20.14,Stuart Timmerman,,Texas Hall of Fame Invitational
USC,102,50 Free,4,20.17,Raphael Sibuet,,Texas Hall of Fame Invitational
USC,102,50 Free,5,20.24,Krzysztof Chmielewski,,Arizona vs. USC
USC,102,50 Free,6,20.45,Derek Zhang,,Texas Hall of Fame Invitational
USC,102,50 Free,7,20.55,vaggelis MAKRYGIANNIS,,USC Invite
USC,102,50 Free,8,20.62,Ian Pickles,,Arizona vs. USC
USC,102,50 Free,9,20.62,Drew Huston,,Arizona State vs. USC
USC,102,50 Free,10,20.76,Sanberk Oktar,,Texas Hall of Fame Invitational
USC,102,500 Free,1,4:12.24,Krzysztof Chmielewski,,Texas Hall of Fame Invitational
USC,102,500 Free,2,4:16.98,Oliver Sogaard-Andersen,,Texas Hall of Fame Invitational
USC,102,500 Free,3,4:23.18,Ian Pickles,,Arizona State vs. USC
USC,102,500 Free,4,4:24.59,Thomas Olsen,,Texas Hall of Fame Invitational
USC,102,500 Free,5,4:24.75,Raphael Sibuet,,Texas Hall of Fame Invitational
USC,102,500 Free,6,4:24.88,Salvador Goya,,Texas Hall of Fame Invitational
USC,102,500 Free,7,4:27.04,Pierce O'Grady,,Texas Hall of Fame Invitational
USC,102,500 Free,8,4:27.34,Francisco Goya,,Texas Hall of Fame Invitational
USC,102,500 Free,9,4:31.55,Cole Ballard,,USC vs. California
USC,102,500 Free,10,4:31.80,Reid Caswell,,Texas Hall of Fame Invitational
UW-Green Bay,368,100 Back,1,49.34,Zacha King,,UST Tommie Invitational
UW-Green Bay,368,100 Back,2,51.03,Chris Aristondo,,UST Tommie Invitational
UW-Green Bay,368,100 Back,3,52.76,Kaleb Lombard,,UST Tommie Invitational
UW-Green Bay,368,100 Back,4,55.09,Kooper Johnson,,UW-Green Bay vs. St Norbert College
UW-Green Bay,368,100 Back,5,55.31,Nate Halbach,,UW-Green Bay vs. St Norbert College
UW-Green Bay,368,100 Back,6,55.82,Mariano Palacian,,UW-Green Bay vs. St Norbert College
UW-Green Bay,368,100 Breast,1,55.72,Quinlan Schroeder,,UST Tommie Invitational
UW-Green Bay,368,100 Breast,2,57.49,eli zimmerman,,UW-Madison vs. UW Green Bay
UW-Green Bay,368,100 Breast,3,57.81,ramiro Diaz,,UST Tommie Invitational
UW-Green Bay,368,100 Breast,4,58.97,Owen Mehring,,UST Tommie Invitational
UW-Green Bay,368,100 Breast,5,59.43,James Lemus,,"IU Indianapolis vs. Cleveland State, UWGB, Milwaukee"
UW-Green Bay,368,100 Breast,6,1:00.51,Jordan Denyer,,UST Tommie Invitational
UW-Green Bay,368,100 Breast,7,1:01.42,Adlai Ferguson,,UST Tommie Invitational
UW-Green Bay,368,100 Breast,8,1:02.83,Zacha King,,UW-Green Bay vs. St Norbert College
UW-Green Bay,368,100 Breast,9,1:04.45,Ty Zarbock,,UW-Green Bay vs. St Norbert College
UW-Green Bay,368,100 Fly,1,50.96,Jordan Denyer,,"IU Indianapolis vs. Cleveland State, UWGB, Milwaukee"
UW-Green Bay,368,100 Fly,2,51.16,Kaleb Lombard,,UST Tommie Invitational
UW-Green Bay,368,100 Fly,3,52.07,Nate Halbach,,Milwaukee vs. UW-Green Bay
UW-Green Bay,368,100 Fly,4,52.49,Owen Kearns,,UST Tommie Invitational
UW-Green Bay,368,100 Fly,5,52.58,Zacha King,,UST Tommie Invitational
UW-Green Bay,368,100 Fly,6,52.60,Kyle Rychlik,,UW-Green Bay vs. St Norbert College
UW-Green Bay,368,100 Fly,7,52.97,Octavio Gouveia,,UST Tommie Invitational
UW-Green Bay,368,100 Fly,8,52.97,Mariano Palacian,,UST Tommie Invitational
UW-Green Bay,368,100 Fly,9,55.14,Ty Zarbock,,UST Tommie Invitational
UW-Green Bay,368,100 Fly,10,58.40,Kooper Johnson,,"IU Indianapolis vs. Cleveland State, UWGB, Milwaukee"
UW-Green Bay,368,100 Free,1,45.54,Octavio Gouveia,,UST Tommie Invitational
UW-Green Bay,368,100 Free,2,45.66,James Lemus,,UST Tommie Invitational
UW-Green Bay,368,100 Free,3,46.09,Kyle Rychlik,,UST Tommie Invitational
UW-Green Bay,368,100 Free,4,46.19,Chris Aristondo,,UST Tommie Invitational
UW-Green Bay,368,100 Free,5,46.51,Ethan Braatz,,UST Tommie Invitational
UW-Green Bay,368,100 Free,6,46.57,Owen Mehring,,UST Tommie Invitational
UW-Green Bay,368,100 Free,7,47.29,Mariano Palacian,,UST Tommie Invitational
UW-Green Bay,368,100 Free,8,47.39,eli zimmerman,,"IU Indianapolis vs. Cleveland State, UWGB, Milwaukee"
UW-Green Bay,368,100 Free,9,47.90,Stefan Tica,,"IU Indianapolis vs. Cleveland State, UWGB, Milwaukee"
UW-Green Bay,368,100 Free,10,48.77,Nate Halbach,,UST Tommie Invitational
UW-Green Bay,368,1000 Free,1,9:37.96,Stefan Tica,,Milwaukee vs. UW-Green Bay
UW-Green Bay,368,1000 Free,2,9:53.44,Ty Zarbock,,UST Tommie Invitational
UW-Green Bay,368,1000 Free,3,9:56.57,Owen Kearns,,Milwaukee vs. UW-Green Bay
UW-Green Bay,368,1000 Free,4,10:04.84,Kooper Johnson,,UST Tommie Invitational
UW-Green Bay,368,1650 Free,1,15:56.36,Stefan Tica,,UST Tommie Invitational
UW-Green Bay,368,1650 Free,2,16:20.72,Ty Zarbock,,UST Tommie Invitational
UW-Green Bay,368,1650 Free,3,16:33.45,Owen Kearns,,UST Tommie Invitational
UW-Green Bay,368,1650 Free,4,16:40.81,Kooper Johnson,,UST Tommie Invitational
UW-Green Bay,368,200 Back,1,1:53.53,Chris Aristondo,,UST Tommie Invitational
UW-Green Bay,368,200 Back,2,1:53.97,Zacha King,,UST Tommie Invitational
UW-Green Bay,368,200 Back,3,1:55.77,Kooper Johnson,,"IU Indianapolis vs. Cleveland State, UWGB, Milwaukee"
UW-Green Bay,368,200 Back,4,1:55.82,eli zimmerman,,UW-Green Bay vs. St Thomas (MN)
UW-Green Bay,368,200 Back,5,2:01.91,Kaleb Lombard,,UW-Madison vs. UW Green Bay
UW-Green Bay,368,200 Breast,1,2:03.59,ramiro Diaz,,UST Tommie Invitational
UW-Green Bay,368,200 Breast,2,2:07.04,Quinlan Schroeder,,UST Tommie Invitational
UW-Green Bay,368,200 Breast,3,2:11.79,eli zimmerman,,UW-Madison vs. UW Green Bay
UW-Green Bay,368,200 Breast,4,2:16.67,Adlai Ferguson,,UST Tommie Invitational
UW-Green Bay,368,200 Breast,5,2:18.38,Jordan Denyer,,UW-Madison vs. UW Green Bay
UW-Green Bay,368,200 Breast,6,2:22.06,Ty Zarbock,,UW-Green Bay vs. St Thomas (MN)
UW-Green Bay,368,200 Fly,1,1:54.58,Kaleb Lombard,,UST Tommie Invitational
UW-Green Bay,368,200 Fly,2,1:54.94,Ty Zarbock,,UST Tommie Invitational
UW-Green Bay,368,200 Fly,3,1:55.24,Jordan Denyer,,Milwaukee vs. UW-Green Bay
UW-Green Bay,368,200 Fly,4,1:56.85,Owen Kearns,,UST Tommie Invitational
UW-Green Bay,368,200 Free,1,1:40.84,James Lemus,,UST Tommie Invitational
UW-Green Bay,368,200 Free,2,1:40.98,Kyle Rychlik,,UST Tommie Invitational
UW-Green Bay,368,200 Free,3,1:42.94,Chris Aristondo,,UST Tommie Invitational
UW-Green Bay,368,200 Free,4,1:43.02,Stefan Tica,,"IU Indianapolis vs. Cleveland State, UWGB, Milwaukee"
UW-Green Bay,368,200 Free,5,1:43.34,Octavio Gouveia,,UST Tommie Invitational
UW-Green Bay,368,200 Free,6,1:46.72,ramiro Diaz,,UW-Madison vs. UW Green Bay
UW-Green Bay,368,200 Free,7,1:47.15,Kooper Johnson,,UW-Madison vs. UW Green Bay
UW-Green Bay,368,200 Free,8,1:47.93,Ethan Braatz,,UW-Green Bay vs. St Norbert College
UW-Green Bay,368,200 Free,9,1:50.68,Mariano Palacian,,UW-Green Bay vs. St Thomas (MN)
UW-Green Bay,368,200 Free,10,1:53.59,Nolan Schultz,,"IU Indianapolis vs. Cleveland State, UWGB, Milwaukee"
UW-Green Bay,368,200 Im,1,1:53.75,Chris Aristondo,,UST Tommie Invitational
UW-Green Bay,368,200 Im,2,1:55.60,Jordan Denyer,,UST Tommie Invitational
UW-Green Bay,368,200 Im,3,1:55.70,ramiro Diaz,,UST Tommie Invitational
UW-Green Bay,368,200 Im,4,1:59.35,Quinlan Schroeder,,UST Tommie Invitational
UW-Green Bay,368,200 Im,5,2:00.62,Ty Zarbock,,"IU Indianapolis vs. Cleveland State, UWGB, Milwaukee"
UW-Green Bay,368,200 Im,6,2:01.20,Kooper Johnson,,UW-Green Bay vs. St Thomas (MN)
UW-Green Bay,368,400 Im,1,4:06.51,Ty Zarbock,,UST Tommie Invitational
UW-Green Bay,368,400 Im,2,4:13.78,Kooper Johnson,,"IU Indianapolis vs. Cleveland State, UWGB, Milwaukee"
UW-Green Bay,368,50 Free,1,20.78,Octavio Gouveia,,UST Tommie Invitational
UW-Green Bay,368,50 Free,2,21.06,Ethan Braatz,,UST Tommie Invitational
UW-Green Bay,368,50 Free,3,21.16,Kyle Rychlik,,UST Tommie Invitational
UW-Green Bay,368,50 Free,4,21.25,Mariano Palacian,,UST Tommie Invitational
UW-Green Bay,368,50 Free,5,21.26,Owen Mehring,,UST Tommie Invitational
UW-Green Bay,368,50 Free,6,21.55,James Lemus,,UST Tommie Invitational
UW-Green Bay,368,50 Free,7,21.60,Zacha King,,UST Tommie Invitational
UW-Green Bay,368,50 Free,8,21.75,eli zimmerman,,UW-Green Bay vs. St Thomas (MN)
UW-Green Bay,368,50 Free,9,21.89,Chris Aristondo,,UW-Green Bay vs. St Norbert College
UW-Green Bay,368,50 Free,10,21.97,Nate Halbach,,UST Tommie Invitational
UW-Green Bay,368,500 Free,1,4:33.92,Stefan Tica,,UST Tommie Invitational
UW-Green Bay,368,500 Free,2,4:45.97,Owen Kearns,,UST Tommie Invitational
UW-Green Bay,368,500 Free,3,4:47.74,Kooper Johnson,,"IU Indianapolis vs. Cleveland State, UWGB, Milwaukee"
Utah,330,100 Back,1,46.33,Nash Hale,,SMU Invitational
Utah,330,100 Back,2,46.45,Nolan Dunkel,,SMU Invitational
Utah,330,100 Back,3,46.47,Finn Winkler,,SMU Invitational
Utah,330,100 Back,4,47.58,Winston Sundeen,,SMU Invitational
Utah,330,100 Back,5,47.73,Brandon Miller,,SMU Invitational
Utah,330,100 Back,6,47.77,Sebastian Wrona,,SMU Invitational
Utah,330,100 Back,7,47.83,Jackson Kehler,,SMU Invitational
Utah,330,100 Back,8,48.80,Matthew Sexton,,SMU Invitational
Utah,330,100 Back,9,51.72,Nicholas Kjaerulff,,Big 12 West Championship
Utah,330,100 Breast,1,53.23,Caleb Gallagher,,SMU Invitational
Utah,330,100 Breast,2,53.85,Durgan McKean,,SMU Invitational
Utah,330,100 Breast,3,54.97,Daniel Yi,,SMU Invitational
Utah,330,100 Breast,4,55.72,Cole Bettis,,Big 12 West Championship
Utah,330,100 Breast,5,56.96,Strahinja Maslo,,Wyoming vs. Utah
Utah,330,100 Fly,1,46.50,Finn Winkler,,SMU Invitational
Utah,330,100 Fly,2,46.60,Evan VanBrocklin,,SMU Invitational
Utah,330,100 Fly,3,46.87,Nolan Dunkel,,SMU Invitational
Utah,330,100 Fly,4,47.33,Jackson Kehler,,SMU Invitational
Utah,330,100 Fly,5,47.48,Durgan McKean,,SMU Invitational
Utah,330,100 Fly,6,47.70,Nash Hale,,SMU Invitational
Utah,330,100 Fly,7,48.30,Sebastian Wrona,,SMU Invitational
Utah,330,100 Fly,8,48.84,Nicholas Kjaerulff,,SMU Invitational
Utah,330,100 Fly,9,48.95,Ethan Moore,,SMU Invitational
Utah,330,100 Fly,10,49.14,Kelson Flynn,,SMU Invitational
Utah,330,100 Free,1,43.34,Tim Rogersson,,SMU Invitational
Utah,330,100 Free,2,43.56,Finn Winkler,,SMU Invitational
Utah,330,100 Free,3,43.77,Davis Stachelek,,SMU Invitational
Utah,330,100 Free,4,44.21,Evan VanBrocklin,,Big 12 West Championship
Utah,330,100 Free,5,44.24,Ethan Moore,,SMU Invitational
Utah,330,100 Free,6,44.26,Jackson Kehler,,SMU Invitational
Utah,330,100 Free,7,44.46,Oskar Farkas,,SMU Invitational
Utah,330,100 Free,8,44.57,Strahinja Maslo,,SMU Invitational
Utah,330,100 Free,9,44.71,Nolan Arnholt,,SMU Invitational
Utah,330,100 Free,10,44.78,Sebastian Wrona,,SMU Invitational
Utah,330,1000 Free,1,9:10.47,Nick Chirafisi,,SMU Invitational
Utah,330,1000 Free,2,9:15.14,Nolan Arnholt,,UNLV vs. Utah
Utah,330,1000 Free,3,9:17.13,Owen Carlsen,,UNLV vs. Utah
Utah,330,1000 Free,4,9:17.70,Jones Lambert,,SMU Invitational
Utah,330,1000 Free,5,9:20.36,Quinn Jones,,UNLV vs. Utah
Utah,330,1000 Free,6,9:28.50,Oskar Farkas,,SMU Invitational
Utah,330,1650 Free,1,15:00.54,Nick Chirafisi,,SMU Invitational
Utah,330,1650 Free,2,15:10.19,Jones Lambert,,SMU Invitational
Utah,330,1650 Free,3,15:21.46,Owen Carlsen,,SMU Invitational
Utah,330,1650 Free,4,15:33.45,Nolan Arnholt,,SMU Invitational
Utah,330,1650 Free,5,15:37.98,Oskar Farkas,,SMU Invitational
Utah,330,1650 Free,6,15:39.92,Quinn Jones,,Big 12 West Championship
Utah,330,200 Back,1,1:42.44,Brandon Miller,,SMU Invitational
Utah,330,200 Back,2,1:43.72,Nash Hale,,SMU Invitational
Utah,330,200 Back,3,1:44.63,Winston Sundeen,,SMU Invitational
Utah,330,200 Back,4,1:44.92,Matthew Sexton,,SMU Invitational
Utah,330,200 Back,5,1:48.18,Nolan Dunkel,,Big 12 West Championship
Utah,330,200 Back,6,1:49.06,Strahinja Maslo,,UNLV vs. Utah
Utah,330,200 Back,7,1:50.81,Nicholas Kjaerulff,,SMU Invitational
Utah,330,200 Back,8,1:54.90,Nolan Arnholt,,Utah vs. Colorado Mesa
Utah,330,200 Breast,1,1:56.11,Caleb Gallagher,,SMU Invitational
Utah,330,200 Breast,2,1:56.87,Cole Bettis,,SMU Invitational
Utah,330,200 Breast,3,1:58.29,Strahinja Maslo,,SMU Invitational
Utah,330,200 Breast,4,1:59.12,Evan VanBrocklin,,Big 12 West Championship
Utah,330,200 Breast,5,2:00.66,Daniel Yi,,SMU Invitational
Utah,330,200 Fly,1,1:43.60,Evan VanBrocklin,,SMU Invitational
Utah,330,200 Fly,2,1:43.96,Jakub Walter,,SMU Invitational
Utah,330,200 Fly,3,1:46.52,Kelson Flynn,,SMU Invitational
Utah,330,200 Fly,4,1:47.18,Nicholas Kjaerulff,,SMU Invitational
Utah,330,200 Fly,5,1:49.62,Sebastian Wrona,,Big 12 West Championship
Utah,330,200 Fly,6,1:55.31,Nolan Dunkel,,Utah vs. Colorado Mesa
Utah,330,200 Fly,7,1:56.02,Strahinja Maslo,,Denver v. New Mexico (W) v. Utah (M)
Utah,330,200 Fly,8,2:00.47,Matthew Sexton,,Wyoming vs. Utah
Utah,330,200 Free,1,1:33.75,Nick Chirafisi,,SMU Invitational
Utah,330,200 Free,2,1:34.40,Tim Rogersson,,SMU Invitational
Utah,330,200 Free,3,1:35.16,Finn Winkler,,SMU Invitational
Utah,330,200 Free,4,1:35.22,Jones Lambert,,SMU Invitational
Utah,330,200 Free,5,1:35.98,Oskar Farkas,,SMU Invitational
Utah,330,200 Free,6,1:36.32,Nolan Arnholt,,SMU Invitational
Utah,330,200 Free,7,1:36.39,Davis Stachelek,,SMU Invitational
Utah,330,200 Free,8,1:36.44,Jakub Walter,,SMU Invitational
Utah,330,200 Free,9,1:37.52,Evan VanBrocklin,,Utah vs. Colorado Mesa
Utah,330,200 Free,10,1:38.60,Strahinja Maslo,,UNLV vs. Utah
Utah,330,200 Im,1,1:43.93,Finn Winkler,,SMU Invitational
Utah,330,200 Im,2,1:44.23,Evan VanBrocklin,,SMU Invitational
Utah,330,200 Im,3,1:45.78,Strahinja Maslo,,SMU Invitational
Utah,330,200 Im,4,1:45.80,Durgan McKean,,SMU Invitational
Utah,330,200 Im,5,1:46.70,Cole Bettis,,SMU Invitational
Utah,330,200 Im,6,1:46.71,Matthew Sexton,,SMU Invitational
Utah,330,200 Im,7,1:47.28,Caleb Gallagher,,SMU Invitational
Utah,330,200 Im,8,1:47.89,Kelson Flynn,,SMU Invitational
Utah,330,200 Im,9,1:49.95,Brandon Miller,,Big 12 West Championship
Utah,330,200 Im,10,1:50.26,Daniel Yi,,SMU Invitational
Utah,330,400 Im,1,3:43.91,Strahinja Maslo,,SMU Invitational
Utah,330,400 Im,2,3:47.18,Brandon Miller,,SMU Invitational
Utah,330,400 Im,3,3:49.23,Matthew Sexton,,SMU Invitational
Utah,330,400 Im,4,3:50.28,Cole Bettis,,SMU Invitational
Utah,330,400 Im,5,3:54.04,Kelson Flynn,,SMU Invitational
Utah,330,400 Im,6,4:03.27,Quinn Jones,,Big 12 West Championship
Utah,330,50 Free,1,20.11,Davis Stachelek,,SMU Invitational
Utah,330,50 Free,2,20.13,Evan VanBrocklin,,Big 12 West Championship
Utah,330,50 Free,3,20.16,Tim Rogersson,,SMU Invitational
Utah,330,50 Free,4,20.17,Nolan Dunkel,,SMU Invitational
Utah,330,50 Free,5,20.17,Finn Winkler,,Big 12 West Championship
Utah,330,50 Free,6,20.37,Jackson Kehler,,SMU Invitational
Utah,330,50 Free,7,20.38,Ethan Moore,,SMU Invitational
Utah,330,50 Free,8,20.46,Durgan McKean,,SMU Invitational
Utah,330,50 Free,9,20.68,Caleb Gallagher,,SMU Invitational
Utah,330,50 Free,10,20.77,Sebastian Wrona,,SMU Invitational
Utah,330,500 Free,1,4:16.63,Nick Chirafisi,,SMU Invitational
Utah,330,500 Free,2,4:19.32,Jones Lambert,,SMU Invitational
Utah,330,500 Free,3,4:19.76,Nolan Arnholt,,SMU Invitational
Utah,330,500 Free,4,4:24.27,Owen Carlsen,,SMU Invitational
Utah,330,500 Free,5,4:24.67,Jakub Walter,,SMU Invitational
Utah,330,500 Free,6,4:27.75,Brandon Miller,,SMU Invitational
Utah,330,500 Free,7,4:28.00,Oskar Farkas,,SMU Invitational
Utah,330,500 Free,8,4:28.75,Quinn Jones,,Big 12 West Championship
Utah,330,500 Free,9,4:33.21,Nicholas Kjaerulff,,SMU Invitational
Utah,330,500 Free,10,4:41.29,Tim Rogersson,,Utah vs. Colorado Mesa
Valparaiso,332,100 Back,1,49.69,Caleb Smesko,,Miami Invitational
Valparaiso,332,100 Back,2,50.33,Jackson Oostman,,Miami Invitational
Valparaiso,332,100 Back,3,51.01,Isaac Dinari,,Miami Invitational
Valparaiso,332,100 Back,4,51.28,Dustyn Starkey,,Miami Invitational
Valparaiso,332,100 Back,5,54.66,Asa Sadowsky,,Dan Ross Invitational
Valparaiso,332,100 Back,6,56.20,Connor Benoit,,Valpo vs Bethel
Valparaiso,332,100 Back,7,57.22,Logan Walliker,,Miami Invitational
Valparaiso,332,100 Back,8,59.94,Eli Liebmann,,Wabash vs. Illinois Wesleyan vs. Valparaiso
Valparaiso,332,100 Back,9,1:02.52,Landon McLeod,,Valpo vs Bethel
Valparaiso,332,100 Back,10,1:04.67,Cole Kennedy,,Dan Ross Invitational
Valparaiso,332,100 Breast,1,56.07,Carson Parker,,Miami Invitational
Valparaiso,332,100 Breast,2,56.62,Gabe Vasquez,,Miami Invitational
Valparaiso,332,100 Breast,3,56.74,Ben Mettler,,Miami Invitational
Valparaiso,332,100 Breast,4,56.85,Luke Snider,,Miami Invitational
Valparaiso,332,100 Breast,5,59.22,Jackson Oostman,,Valpo vs Bethel
Valparaiso,332,100 Breast,6,59.80,Eli Liebmann,,Miami Invitational
Valparaiso,332,100 Breast,7,1:00.58,Braden McCormick,,Miami Invitational
Valparaiso,332,100 Breast,8,1:00.99,Will Schenk,,Valpo vs Bethel
Valparaiso,332,100 Breast,9,1:03.30,Ian Muffett,,Dan Ross Invitational
Valparaiso,332,100 Breast,10,1:04.51,Dustyn Starkey,,Valpo vs Bethel
Valparaiso,332,100 Fly,1,50.24,Garrett Hoppman,,Miami Invitational
Valparaiso,332,100 Fly,2,50.25,Timothy Mai,,Miami Invitational
Valparaiso,332,100 Fly,3,50.31,Asa Sadowsky,,Miami Invitational
Valparaiso,332,100 Fly,4,51.12,Luke Snider,,Miami Invitational
Valparaiso,332,100 Fly,5,51.13,Isaac Dinari,,Miami Invitational
Valparaiso,332,100 Fly,6,51.33,Anthony Martin,,Miami Invitational
Valparaiso,332,100 Fly,7,51.47,Connor Benoit,,Miami Invitational
Valparaiso,332,100 Fly,8,51.60,Gabe Vasquez,,Miami Invitational
Valparaiso,332,100 Fly,9,51.98,Landon McLeod,,Miami Invitational
Valparaiso,332,100 Fly,10,52.30,Gabriel Corkran,,Valpo vs Bethel
Valparaiso,332,100 Free,1,46.05,Anthony Martin,,Miami Invitational
Valparaiso,332,100 Free,2,46.05,Evan curran,,Miami Invitational
Valparaiso,332,100 Free,3,46.73,Jackson Oostman,,Miami Invitational
Valparaiso,332,100 Free,4,46.95,Gabriel Corkran,,"IU-Indianapolis vs. Evansville, Southern Indiana, Valpo"
Valparaiso,332,100 Free,5,47.28,Luke Snider,,Miami Invitational
Valparaiso,332,100 Free,6,47.30,Carson Parker,,Miami Invitational
Valparaiso,332,100 Free,7,47.52,Landon McLeod,,Miami Invitational
Valparaiso,332,100 Free,8,47.54,Will Schenk,,Miami Invitational
Valparaiso,332,100 Free,9,47.73,Owen Cullinan,,Miami Invitational
Valparaiso,332,100 Free,10,47.75,Isaac Dinari,,"IU-Indianapolis vs. Evansville, Southern Indiana, Valpo"
Valparaiso,332,1000 Free,1,9:58.53,Matthew Mantz,,"IU-Indianapolis vs. Evansville, Southern Indiana, Valpo"
Valparaiso,332,1000 Free,2,10:00.84,Logan Walliker,,Valpo UWGB Butler
Valparaiso,332,1000 Free,3,10:03.84,Will Schenk,,Miami Invitational
Valparaiso,332,1000 Free,4,10:08.68,Ricky Helmboldt,,"IU-Indianapolis vs. Evansville, Southern Indiana, Valpo"
Valparaiso,332,1000 Free,5,10:15.18,Cole Kennedy,,Miami Invitational
Valparaiso,332,1000 Free,6,10:28.74,Mason Burns,,Valpo UWGB Butler
Valparaiso,332,1000 Free,7,10:47.86,Nate Bolinger,,Valpo vs Bethel
Valparaiso,332,1650 Free,1,16:35.87,Will Schenk,,Miami Invitational
Valparaiso,332,1650 Free,2,16:36.81,Logan Walliker,,Miami Invitational
Valparaiso,332,1650 Free,3,16:48.66,Ricky Helmboldt,,Miami Invitational
Valparaiso,332,1650 Free,4,16:52.05,Matthew Mantz,,Miami Invitational
Valparaiso,332,1650 Free,5,16:56.02,Cole Kennedy,,Miami Invitational
Valparaiso,332,1650 Free,6,17:20.68,Mason Burns,,Miami Invitational
Valparaiso,332,200 Back,1,1:51.47,Caleb Smesko,,Miami Invitational
Valparaiso,332,200 Back,2,1:51.83,Jackson Oostman,,Miami Invitational
Valparaiso,332,200 Back,3,2:00.45,Dustyn Starkey,,Valpo UWGB Butler
Valparaiso,332,200 Back,4,2:02.30,Owen Cullinan,,"IU-Indianapolis vs. Evansville, Southern Indiana, Valpo"
Valparaiso,332,200 Back,5,2:06.70,Asa Sadowsky,,Valpo vs Bethel
Valparaiso,332,200 Back,6,2:09.35,Logan Walliker,,Valparaiso vs. Saginaw Valley
Valparaiso,332,200 Back,7,2:12.20,Connor Benoit,,Valpo vs Bethel
Valparaiso,332,200 Back,8,2:12.80,Braden McCormick,,Valpo vs Bethel
Valparaiso,332,200 Back,9,2:15.05,Cole Kennedy,,"IU-Indianapolis vs. Evansville, Southern Indiana, Valpo"
Valparaiso,332,200 Breast,1,2:02.44,Carson Parker,,Miami Invitational
Valparaiso,332,200 Breast,2,2:02.99,Gabe Vasquez,,Miami Invitational
Valparaiso,332,200 Breast,3,2:09.81,Eli Liebmann,,Miami Invitational
Valparaiso,332,200 Breast,4,2:11.85,Braden McCormick,,Miami Invitational
Valparaiso,332,200 Breast,5,2:15.15,Ben Mettler,,Valpo vs Bethel
Valparaiso,332,200 Breast,6,2:20.11,Ricky Helmboldt,,Valparaiso vs. Saginaw Valley
Valparaiso,332,200 Fly,1,1:53.07,Anthony Martin,,Miami Invitational
Valparaiso,332,200 Fly,2,1:53.84,Nate Bolinger,,Miami Invitational
Valparaiso,332,200 Fly,3,1:53.84,Gabriel Corkran,,Miami Invitational
Valparaiso,332,200 Fly,4,1:54.25,Garrett Hoppman,,Miami Invitational
Valparaiso,332,200 Fly,5,1:54.82,Asa Sadowsky,,Miami Invitational
Valparaiso,332,200 Fly,6,1:55.08,Timothy Mai,,Valpo UWGB Butler
Valparaiso,332,200 Fly,7,1:55.21,Matthew Mantz,,Miami Invitational
Valparaiso,332,200 Fly,8,1:55.66,Connor Benoit,,Miami Invitational
Valparaiso,332,200 Fly,9,1:57.09,Logan Walliker,,Valpo vs Bethel
Valparaiso,332,200 Fly,10,2:02.78,Gabe Vasquez,,Wabash vs. Illinois Wesleyan vs. Valparaiso
Valparaiso,332,200 Free,1,1:39.12,Evan curran,,Miami Invitational
Valparaiso,332,200 Free,2,1:41.09,Anthony Martin,,Miami Invitational
Valparaiso,332,200 Free,3,1:41.35,Gabriel Corkran,,Miami Invitational
Valparaiso,332,200 Free,4,1:44.04,Will Schenk,,Miami Invitational
Valparaiso,332,200 Free,5,1:44.10,Nate Bolinger,,Miami Invitational
Valparaiso,332,200 Free,6,1:45.77,Garrett Hoppman,,Miami Invitational
Valparaiso,332,200 Free,7,1:45.94,Owen Cullinan,,Miami Invitational
Valparaiso,332,200 Free,8,1:46.44,Connor Benoit,,Miami Invitational
Valparaiso,332,200 Free,9,1:46.50,Isaac Dinari,,Valpo UWGB Butler
Valparaiso,332,200 Free,10,1:47.70,Matthew Mantz,,Dan Ross Invitational
Valparaiso,332,200 Im,1,1:51.31,Jackson Oostman,,Miami Invitational
Valparaiso,332,200 Im,2,1:53.42,Gabe Vasquez,,Miami Invitational
Valparaiso,332,200 Im,3,1:57.50,Asa Sadowsky,,Miami Invitational
Valparaiso,332,200 Im,4,1:58.12,Anthony Martin,,Valpo vs Bethel
Valparaiso,332,200 Im,5,1:58.76,Dustyn Starkey,,Miami Invitational
Valparaiso,332,200 Im,6,1:58.89,Nate Bolinger,,Miami Invitational
Valparaiso,332,200 Im,7,1:59.47,Braden McCormick,,Miami Invitational
Valparaiso,332,200 Im,8,1:59.76,Eli Liebmann,,Miami Invitational
Valparaiso,332,200 Im,9,2:01.59,Timothy Mai,,Valpo vs Bethel
Valparaiso,332,200 Im,10,2:02.05,Carson Parker,,Valpo vs Bethel
Valparaiso,332,400 Im,1,4:02.37,Jackson Oostman,,Miami Invitational
Valparaiso,332,400 Im,2,4:13.86,Braden McCormick,,Miami Invitational
Valparaiso,332,400 Im,3,4:15.52,Ricky Helmboldt,,Miami Invitational
Valparaiso,332,400 Im,4,4:23.93,Logan Walliker,,Miami Invitational
Valparaiso,332,400 Im,5,4:52.91,Cole Kennedy,,"IU-Indianapolis vs. Evansville, Southern Indiana, Valpo"
Valparaiso,332,50 Free,1,20.97,Isaac Dinari,,Miami Invitational
Valparaiso,332,50 Free,2,21.40,Anthony Martin,,Miami Invitational
Valparaiso,332,50 Free,3,21.40,Carson Parker,,Miami Invitational
Valparaiso,332,50 Free,4,21.52,Ben Mettler,,Miami Invitational
Valparaiso,332,50 Free,5,21.55,Luke Snider,,Miami Invitational
Valparaiso,332,50 Free,6,21.57,Landon McLeod,,Miami Invitational
Valparaiso,332,50 Free,7,21.71,Owen Cullinan,,Miami Invitational
Valparaiso,332,50 Free,8,21.72,Evan curran,,Dan Ross Invitational
Valparaiso,332,50 Free,9,21.85,Gabriel Corkran,,Dan Ross Invitational
Valparaiso,332,50 Free,10,22.04,Gabe Vasquez,,Miami Invitational
Valparaiso,332,500 Free,1,4:33.40,Evan curran,,Miami Invitational
Valparaiso,332,500 Free,2,4:33.97,Gabriel Corkran,,Miami Invitational
Valparaiso,332,500 Free,3,4:42.20,Nate Bolinger,,Miami Invitational
Valparaiso,332,500 Free,4,4:47.37,Timothy Mai,,Miami Invitational
Valparaiso,332,500 Free,5,4:47.90,Will Schenk,,Miami Invitational
Valparaiso,332,500 Free,6,4:48.63,Logan Walliker,,Miami Invitational
Valparaiso,332,500 Free,7,4:49.32,Ricky Helmboldt,,Miami Invitational
Valparaiso,332,500 Free,8,4:51.83,Anthony Martin,,Valpo vs Bethel
Valparaiso,332,500 Free,9,4:53.18,Matthew Mantz,,Miami Invitational
Valparaiso,332,500 Free,10,4:54.89,Mason Burns,,Miami Invitational
Villanova,32,100 Back,1,48.89,Cole Gorsuch,,Navy Fall Invitational
Villanova,32,100 Back,2,50.32,Josh Seidman,,Navy Fall Invitational
Villanova,32,100 Back,3,50.54,Max Christensen,,Navy Fall Invitational
Villanova,32,100 Back,4,51.82,Quinn OMara,,Navy Fall Invitational
Villanova,32,100 Back,5,51.85,Melson Jayven Arquillano,,Navy Fall Invitational
Villanova,32,100 Back,6,52.10,Kaden Elkovitch,,Navy Fall Invitational
Villanova,32,100 Back,7,52.27,Brian Farrell,,Navy Fall Invitational
Villanova,32,100 Breast,1,55.71,Hugh Boris,,Villanova vs Rider
Villanova,32,100 Breast,2,56.77,Aiden Bunker,,Navy Fall Invitational
Villanova,32,100 Breast,3,56.95,Carter Gray,,Florida State vs. Villanova
Villanova,32,100 Breast,4,57.05,Wade Weston,,NJIT Invitational
Villanova,32,100 Breast,5,57.95,Max Christensen,,Villanova Vs UNF
Villanova,32,100 Fly,1,48.53,Zach Sutter,,Navy Fall Invitational
Villanova,32,100 Fly,2,48.77,Sam Randall,,Navy Fall Invitational
Villanova,32,100 Fly,3,49.46,Cole Gorsuch,,Navy Fall Invitational
Villanova,32,100 Fly,4,49.53,Justin Nowicki,,Navy Fall Invitational
Villanova,32,100 Fly,5,49.77,Michael Anderson,,Navy Fall Invitational
Villanova,32,100 Fly,6,49.86,Melson Jayven Arquillano,,Navy Fall Invitational
Villanova,32,100 Fly,7,50.92,Henry Gingrich,,Navy Fall Invitational
Villanova,32,100 Fly,8,51.00,Aiden Bunker,,Villanova Vs UNF
Villanova,32,100 Fly,9,51.22,Josh Seidman,,Navy Fall Invitational
Villanova,32,100 Fly,10,51.23,Max Kunisaki,,Villanova at Providence College
Villanova,32,100 Free,1,44.88,Sam Randall,,Navy Fall Invitational
Villanova,32,100 Free,2,45.28,Zach Sutter,,Navy Fall Invitational
Villanova,32,100 Free,3,45.61,Gavin Jones,,Navy Fall Invitational
Villanova,32,100 Free,4,45.98,Gavin Peck,,Navy Fall Invitational
Villanova,32,100 Free,5,46.24,Max Kunisaki,,Georgetown vs. Villanova
Villanova,32,100 Free,6,46.59,Henry Gingrich,,Navy Fall Invitational
Villanova,32,100 Free,7,46.69,Kaden Elkovitch,,Navy Fall Invitational
Villanova,32,100 Free,8,47.21,Cole Gorsuch,,Navy Fall Invitational
Villanova,32,100 Free,9,47.48,Max Christensen,,Navy Fall Invitational
Villanova,32,100 Free,10,47.53,Owen Nye,,Navy Fall Invitational
Villanova,32,1000 Free,1,9:30.69,Owen Nye,,Villanova vs Lasalle
Villanova,32,1000 Free,2,9:34.90,Patrick Casey,,Florida State vs. Villanova
Villanova,32,1000 Free,3,9:36.25,Brady Tierney,,Navy Fall Invitational
Villanova,32,1000 Free,4,9:47.96,Carter Gray,,Georgetown vs. Villanova
Villanova,32,1650 Free,1,15:55.57,Brady Tierney,,Navy Fall Invitational
Villanova,32,1650 Free,2,15:55.79,Owen Nye,,Navy Fall Invitational
Villanova,32,1650 Free,3,16:04.65,Patrick Casey,,Navy Fall Invitational
Villanova,32,200 Back,1,1:48.43,Cole Gorsuch,,Navy Fall Invitational
Villanova,32,200 Back,2,1:49.33,Josh Seidman,,Navy Fall Invitational
Villanova,32,200 Back,3,1:50.59,Brian Farrell,,Navy Fall Invitational
Villanova,32,200 Back,4,1:51.04,Quinn OMara,,Navy Fall Invitational
Villanova,32,200 Back,5,1:53.24,Justin Nowicki,,Villanova Vs UNF
Villanova,32,200 Back,6,1:53.37,Max Christensen,,NJIT Invitational
Villanova,32,200 Breast,1,1:59.66,Hugh Boris,,Navy Fall Invitational
Villanova,32,200 Breast,2,2:02.05,Carter Gray,,Navy Fall Invitational
Villanova,32,200 Breast,3,2:04.19,Max Christensen,,Navy Fall Invitational
Villanova,32,200 Breast,4,2:10.26,Aiden Bunker,,Navy Fall Invitational
Villanova,32,200 Breast,5,2:10.70,Wade Weston,,Georgetown vs. Villanova
Villanova,32,200 Fly,1,1:46.43,Justin Nowicki,,Navy Fall Invitational
Villanova,32,200 Fly,2,1:49.95,Michael Anderson,,Navy Fall Invitational
Villanova,32,200 Fly,3,1:51.86,Melson Jayven Arquillano,,Navy Fall Invitational
Villanova,32,200 Fly,4,1:51.96,Aiden Bunker,,Navy Fall Invitational
Villanova,32,200 Fly,5,1:53.21,Brady Tierney,,Navy Fall Invitational
Villanova,32,200 Fly,6,1:57.05,Patrick Casey,,Navy Fall Invitational
Villanova,32,200 Free,1,1:39.36,Sam Randall,,Navy Fall Invitational
Villanova,32,200 Free,2,1:40.52,Justin Nowicki,,Navy Fall Invitational
Villanova,32,200 Free,3,1:41.13,Gavin Jones,,Navy Fall Invitational
Villanova,32,200 Free,4,1:41.60,Zach Sutter,,Navy Fall Invitational
Villanova,32,200 Free,5,1:41.72,Brian Farrell,,Navy Fall Invitational
Villanova,32,200 Free,6,1:42.25,Gavin Peck,,Navy Fall Invitational
Villanova,32,200 Free,7,1:42.51,Owen Nye,,Navy Fall Invitational
Villanova,32,200 Free,8,1:43.00,Michael Anderson,,Navy Fall Invitational
Villanova,32,200 Free,9,1:43.01,Patrick Casey,,Navy Fall Invitational
Villanova,32,200 Free,10,1:43.11,Max Kunisaki,,Navy Fall Invitational
Villanova,32,200 Im,1,1:49.16,Justin Nowicki,,Navy Fall Invitational
Villanova,32,200 Im,2,1:50.77,Carter Gray,,Navy Fall Invitational
Villanova,32,200 Im,3,1:50.90,Aiden Bunker,,Navy Fall Invitational
Villanova,32,200 Im,4,1:51.70,Max Christensen,,Navy Fall Invitational
Villanova,32,200 Im,5,1:52.00,Hugh Boris,,Navy Fall Invitational
Villanova,32,200 Im,6,1:52.11,Melson Jayven Arquillano,,Navy Fall Invitational
Villanova,32,200 Im,7,1:53.20,Max Kunisaki,,Villanova vs Lasalle
Villanova,32,200 Im,8,1:54.59,Quinn OMara,,Navy Fall Invitational
Villanova,32,400 Im,1,3:53.22,Justin Nowicki,,Navy Fall Invitational
Villanova,32,400 Im,2,3:57.65,Max Christensen,,Navy Fall Invitational
Villanova,32,400 Im,3,3:59.65,Carter Gray,,Navy Fall Invitational
Villanova,32,400 Im,4,4:00.10,Max Kunisaki,,NJIT Invitational
Villanova,32,400 Im,5,4:03.60,Quinn OMara,,Navy Fall Invitational
Villanova,32,400 Im,6,4:03.73,Brady Tierney,,Navy Fall Invitational
Villanova,32,400 Im,7,4:05.16,Patrick Casey,,Navy Fall Invitational
Villanova,32,400 Im,8,4:07.17,Aiden Bunker,,Navy Fall Invitational
Villanova,32,50 Free,1,20.41,Sam Randall,,Navy Fall Invitational
Villanova,32,50 Free,2,20.51,Zach Sutter,,Villanova Vs UNF
Villanova,32,50 Free,3,20.81,Gavin Jones,,Navy Fall Invitational
Villanova,32,50 Free,4,20.82,Max Kunisaki,,Navy Fall Invitational
Villanova,32,50 Free,5,21.21,Cole Gorsuch,,Navy Fall Invitational
Villanova,32,50 Free,6,21.25,Henry Gingrich,,Navy Fall Invitational
Villanova,32,50 Free,7,21.35,Gavin Peck,,Navy Fall Invitational
Villanova,32,50 Free,8,21.40,Kaden Elkovitch,,Navy Fall Invitational
Villanova,32,50 Free,9,22.24,Melson Jayven Arquillano,,NJIT Invitational
Villanova,32,50 Free,10,22.88,Max Christensen,,Navy Fall Invitational
Villanova,32,500 Free,1,4:30.47,Justin Nowicki,,Navy Fall Invitational
Villanova,32,500 Free,2,4:34.54,Owen Nye,,Navy Fall Invitational
Villanova,32,500 Free,3,4:35.24,Brady Tierney,,Navy Fall Invitational
Villanova,32,500 Free,4,4:36.15,Carter Gray,,Navy Fall Invitational
Villanova,32,500 Free,5,4:36.65,Patrick Casey,,Navy Fall Invitational
Villanova,32,500 Free,6,4:37.21,Max Kunisaki,,Navy Fall Invitational
Villanova,32,500 Free,7,4:37.43,Brian Farrell,,Navy Fall Invitational
Villanova,32,500 Free,8,4:37.56,Michael Anderson,,Navy Fall Invitational
Villanova,32,500 Free,9,4:42.32,Josh Seidman,,Navy Fall Invitational
Virginia,73,100 Back,1,45.59,David King,,CSCAA Dual Challenge - 3rd Place
Virginia,73,100 Back,2,45.75,Spencer Nicholas,,CSCAA Dual Challenge (ASU vs UVA)
Virginia,73,100 Back,3,46.52,Jack Aikins,,NC State vs UVA
Virginia,73,100 Back,4,47.17,Thomas Mercer,,Virginia vs. Penn State
Virginia,73,100 Back,5,47.45,Will Thompson,,NC State vs UVA
Virginia,73,100 Back,6,47.78,Grant Murphy,,Tennessee Invitational
Virginia,73,100 Back,7,48.46,Blake Amlicke,,CSCAA Dual Challenge (ASU vs UVA)
Virginia,73,100 Back,8,49.49,Noah Dyer,,Virginia Tech vs Virginia
Virginia,73,100 Back,9,50.23,Jackson Tishler,,Virginia Tech vs Virginia
Virginia,73,100 Breast,1,52.88,Maximus Williamson,,Virginia Tech vs Virginia
Virginia,73,100 Breast,2,53.24,Matthew Heilman,,UVA vs UNC
Virginia,73,100 Breast,3,53.47,Jay Gerloff,,Tennessee Invitational
Virginia,73,100 Breast,4,54.15,Davin LINDHOLM,,CSCAA Dual Challenge - 3rd Place
Virginia,73,100 Breast,5,55.50,Noah Dyer,,Tennessee Invitational
Virginia,73,100 Fly,1,44.54,Thomas Heilman,,Tennessee Invitational
Virginia,73,100 Fly,2,45.73,Spencer Nicholas,,Tennessee Invitational
Virginia,73,100 Fly,3,46.30,Hayden Bellotti,,UVA vs UNC
Virginia,73,100 Fly,4,47.90,Thomas Mercer,,CSCAA Dual Challenge (ASU vs UVA)
Virginia,73,100 Fly,5,48.16,Simon Lins,,UVA vs UNC
Virginia,73,100 Fly,6,48.87,Noah Dyer,,Tennessee Invitational
Virginia,73,100 Fly,7,49.56,Jay Gerloff,,Tennessee Invitational
Virginia,73,100 Fly,8,52.08,Dillon Wright,,CSCAA Dual Challenge (ASU vs UVA)
Virginia,73,100 Fly,9,52.50,Grant Murphy,,CSCAA Dual Challenge (ASU vs UVA)
Virginia,73,100 Fly,10,54.24,Matthew Heilman,,CSCAA Dual Challenge (ASU vs UVA)
Virginia,73,100 Free,1,41.88,Maximus Williamson,,"CSCAA Dual Challenge (Mich vs. UVA Men, UT vs. ASU Women)"
Virginia,73,100 Free,2,42.84,Thomas Heilman,,Florida vs. Virginia
Virginia,73,100 Free,3,42.87,David King,,Tennessee Invitational
Virginia,73,100 Free,4,43.87,Noah Powers,,NC State vs UVA
Virginia,73,100 Free,5,43.90,Jack Aikins,,Florida vs. Virginia
Virginia,73,100 Free,6,43.93,Josh Howat,,Virginia Tech vs Virginia
Virginia,73,100 Free,7,43.99,Sebastien Sergile,,Tennessee Invitational
Virginia,73,100 Free,8,44.07,Will Thompson,,Tennessee Invitational
Virginia,73,100 Free,9,44.70,Hayden Bellotti,,Florida vs. Virginia
Virginia,73,100 Free,10,45.23,Noah Dyer,,CSCAA Dual Challenge - 3rd Place
Virginia,73,1000 Free,1,9:08.14,Nathan Szobota,,Florida vs. Virginia
Virginia,73,1000 Free,2,9:11.02,Dillon Wright,,UVA vs UNC
Virginia,73,1650 Free,1,15:14.90,Dillon Wright,,Tennessee Invitational
Virginia,73,1650 Free,2,15:37.83,Nathan Szobota,,Virginia Tech vs Virginia
Virginia,73,200 Back,1,1:39.37,David King,,"CSCAA Dual Challenge (Mich vs. UVA Men, UT vs. ASU Women)"
Virginia,73,200 Back,2,1:40.84,Jack Aikins,,CSCAA Dual Challenge - 3rd Place
Virginia,73,200 Back,3,1:42.82,Grant Murphy,,Tennessee Invitational
Virginia,73,200 Back,4,1:43.24,Will Thompson,,UVA vs UNC
Virginia,73,200 Back,5,1:43.40,Maximus Williamson,,Virginia Tech vs Virginia
Virginia,73,200 Back,6,1:45.18,Nathan Szobota,,CSCAA Dual Challenge - 3rd Place
Virginia,73,200 Back,7,1:46.82,Tristen Davin,,UVA vs UNC
Virginia,73,200 Back,8,1:47.15,Thomas Mercer,,CSCAA Dual Challenge - 3rd Place
Virginia,73,200 Back,9,1:50.12,Jackson Tishler,,Virginia vs. Penn State
Virginia,73,200 Back,10,1:50.42,Blake Amlicke,,UVA vs UNC
Virginia,73,200 Breast,1,1:57.05,Matthew Heilman,,UVA vs UNC
Virginia,73,200 Breast,2,1:58.84,Jay Gerloff,,"CSCAA Dual Challenge (Mich vs. UVA Men, UT vs. ASU Women)"
Virginia,73,200 Breast,3,2:00.27,Grant Murphy,,CSCAA Dual Challenge - 3rd Place
Virginia,73,200 Breast,4,2:02.23,Davin LINDHOLM,,"CSCAA Dual Challenge (Mich vs. UVA Men, UT vs. ASU Women)"
Virginia,73,200 Fly,1,1:39.09,Thomas Heilman,,"CSCAA Dual Challenge (Mich vs. UVA Men, UT vs. ASU Women)"
Virginia,73,200 Fly,2,1:43.39,Hayden Bellotti,,UVA vs UNC
Virginia,73,200 Fly,3,1:45.58,Thomas Mercer,,Florida vs. Virginia
Virginia,73,200 Fly,4,1:46.54,Sebastien Sergile,,UVA vs UNC
Virginia,73,200 Fly,5,1:47.49,Dillon Wright,,CSCAA Dual Challenge - 3rd Place
Virginia,73,200 Fly,6,1:48.16,Spencer Nicholas,,Virginia vs. Penn State
Virginia,73,200 Free,1,1:32.10,David King,,"CSCAA Dual Challenge (Mich vs. UVA Men, UT vs. ASU Women)"
Virginia,73,200 Free,2,1:32.18,Maximus Williamson,,NC State vs UVA
Virginia,73,200 Free,3,1:34.43,Sebastien Sergile,,CSCAA Dual Challenge (ASU vs UVA)
Virginia,73,200 Free,4,1:36.07,Hayden Bellotti,,Tennessee Invitational
Virginia,73,200 Free,5,1:36.51,Will Thompson,,UVA vs UNC
Virginia,73,200 Free,6,1:37.85,Noah Dyer,,CSCAA Dual Challenge - 3rd Place
Virginia,73,200 Free,7,1:38.18,Tristen Davin,,Virginia vs. Penn State
Virginia,73,200 Free,8,1:38.72,Nathan Szobota,,CSCAA Dual Challenge (ASU vs UVA)
Virginia,73,200 Free,9,1:41.90,Jackson Tishler,,Tennessee Invitational
Virginia,73,200 Im,1,1:41.61,Maximus Williamson,,"CSCAA Dual Challenge (Mich vs. UVA Men, UT vs. ASU Women)"
Virginia,73,200 Im,2,1:43.74,Thomas Heilman,,CSCAA Dual Challenge - 3rd Place
Virginia,73,200 Im,3,1:44.93,Spencer Nicholas,,UVA vs UNC
Virginia,73,200 Im,4,1:45.87,Sebastien Sergile,,Tennessee Invitational
Virginia,73,200 Im,5,1:46.00,Thomas Mercer,,"CSCAA Dual Challenge (Mich vs. UVA Men, UT vs. ASU Women)"
Virginia,73,200 Im,6,1:48.09,Grant Murphy,,Virginia vs. Penn State
Virginia,73,200 Im,7,1:49.43,Noah Dyer,,Virginia vs. Penn State
Virginia,73,200 Im,8,1:54.43,Dillon Wright,,Navy vs. UVA
Virginia,73,200 Im,9,1:54.82,Matthew Heilman,,Navy vs. UVA
Virginia,73,200 Im,10,1:54.89,Davin LINDHOLM,,Navy vs. UVA
Virginia,73,400 Im,1,3:46.04,Grant Murphy,,CSCAA Dual Challenge (ASU vs UVA)
Virginia,73,400 Im,2,3:53.54,Dillon Wright,,CSCAA Dual Challenge (ASU vs UVA)
Virginia,73,400 Im,3,3:56.69,Matthew Heilman,,CSCAA Dual Challenge (ASU vs UVA)
Virginia,73,50 Free,1,19.21,Maximus Williamson,,"CSCAA Dual Challenge (Mich vs. UVA Men, UT vs. ASU Women)"
Virginia,73,50 Free,2,19.31,Jack Aikins,,"CSCAA Dual Challenge (Mich vs. UVA Men, UT vs. ASU Women)"
Virginia,73,50 Free,3,19.68,Noah Powers,,"CSCAA Dual Challenge (Mich vs. UVA Men, UT vs. ASU Women)"
Virginia,73,50 Free,4,19.72,Thomas Heilman,,Virginia vs. Penn State
Virginia,73,50 Free,5,19.79,Spencer Nicholas,,"CSCAA Dual Challenge (Mich vs. UVA Men, UT vs. ASU Women)"
Virginia,73,50 Free,6,19.96,Josh Howat,,Virginia Tech vs Virginia
Virginia,73,50 Free,7,20.12,Simon Lins,,UVA vs UNC
Virginia,73,50 Free,8,20.16,David King,,Florida vs. Virginia
Virginia,73,50 Free,9,20.49,Blake Amlicke,,Tennessee Invitational
Virginia,73,50 Free,10,20.56,Hayden Bellotti,,CSCAA Dual Challenge - 3rd Place
Virginia,73,500 Free,1,4:19.69,Maximus Williamson,,UVA vs UNC
Virginia,73,500 Free,2,4:22.84,Nathan Szobota,,Virginia vs. Penn State
Virginia,73,500 Free,3,4:24.51,David King,,CSCAA Dual Challenge - 3rd Place
Virginia,73,500 Free,4,4:24.87,Dillon Wright,,Virginia vs. Penn State
Virginia,73,500 Free,5,4:25.46,Sebastien Sergile,,CSCAA Dual Challenge - 3rd Place
Virginia,73,500 Free,6,4:28.58,Thomas Mercer,,Navy vs. UVA
Virginia,73,500 Free,7,4:33.55,Will Thompson,,Navy vs. UVA
Virginia,73,500 Free,8,4:40.14,Hayden Bellotti,,Navy vs. UVA
Virginia,73,500 Free,9,4:40.30,Jackson Tishler,,"CSCAA Dual Challenge (Mich vs. UVA Men, UT vs. ASU Women)"
Virginia,73,500 Free,10,4:40.90,Tristen Davin,,UVA vs UNC
Virginia Military Institute,335,100 Back,1,49.34,Sam Castle,,Keydet Invitational
Virginia Military Institute,335,100 Back,2,51.30,Josh Wolf,,Keydet Invitational
Virginia Military Institute,335,100 Back,3,53.45,Adi Pattada,,Keydet Invitational
Virginia Military Institute,335,100 Back,4,55.89,Mike Ryfa,,Army vs. VMI
Virginia Military Institute,335,100 Breast,1,56.47,Austin Reeder,,Keydet Invitational
Virginia Military Institute,335,100 Breast,2,56.54,Layne Tucker,,Keydet Invitational
Virginia Military Institute,335,100 Breast,3,1:00.03,Zach Richardson,,Keydet Invitational
Virginia Military Institute,335,100 Breast,4,1:00.15,Kaleb Kashinejad,,"Howard, Saint Francis & VMI"
Virginia Military Institute,335,100 Breast,5,1:00.40,Grady Roman,,Keydet Invitational
Virginia Military Institute,335,100 Breast,6,1:01.30,Tee Bowles,,Keydet Invitational
Virginia Military Institute,335,100 Breast,7,1:02.66,Hayden Rose,,Keydet Invitational
Virginia Military Institute,335,100 Breast,8,1:02.92,Jackson McFarlane,,"Howard, Saint Francis & VMI"
Virginia Military Institute,335,100 Breast,9,1:03.71,Nathan Gilley,,Keydet Invitational
Virginia Military Institute,335,100 Breast,10,1:03.99,Andrew Kulak,,W&L vs VMI
Virginia Military Institute,335,100 Fly,1,48.76,Ian Lutz,,Keydet Invitational
Virginia Military Institute,335,100 Fly,2,48.99,Matthew Picard,,Keydet Invitational
Virginia Military Institute,335,100 Fly,3,50.37,Maximus Brunner,,"Howard, Saint Francis & VMI"
Virginia Military Institute,335,100 Fly,4,50.43,Caleb Wolf,,Keydet Invitational
Virginia Military Institute,335,100 Fly,5,50.45,Jack Mills,,Army vs. VMI
Virginia Military Institute,335,100 Fly,6,50.62,Kayleb Eldridge,,Keydet Invitational
Virginia Military Institute,335,100 Fly,7,50.89,William Loftin,,Keydet Invitational
Virginia Military Institute,335,100 Fly,8,51.94,Josh Wolf,,2025 UMBC vs Howard vs VMI
Virginia Military Institute,335,100 Fly,9,53.08,Christian Thornton,,Keydet Invitational
Virginia Military Institute,335,100 Fly,10,53.16,Stephen Russell,,Keydet Invitational
Virginia Military Institute,335,100 Free,1,44.77,Ian Lutz,,Keydet Invitational
Virginia Military Institute,335,100 Free,2,44.82,Matthew Picard,,Keydet Invitational
Virginia Military Institute,335,100 Free,3,45.56,Jack Mills,,"Howard, Saint Francis & VMI"
Virginia Military Institute,335,100 Free,4,45.85,Josh Wolf,,Keydet Invitational
Virginia Military Institute,335,100 Free,5,46.53,Sam Calder,,Army vs. VMI
Virginia Military Institute,335,100 Free,6,46.57,John Shoffner,,Keydet Invitational
Virginia Military Institute,335,100 Free,7,47.93,Will Calder,,Keydet Invitational
Virginia Military Institute,335,100 Free,8,48.10,Caleb Wolf,,Keydet Invitational
Virginia Military Institute,335,100 Free,9,48.12,Christian Thornton,,Keydet Invitational
Virginia Military Institute,335,100 Free,10,48.46,Maximus Brunner,,Keydet Invitational
Virginia Military Institute,335,1000 Free,1,9:28.99,Stephen Russell,,Army vs. VMI
Virginia Military Institute,335,1000 Free,2,9:47.32,Caleb Wolf,,"Howard, Saint Francis & VMI"
Virginia Military Institute,335,1000 Free,3,9:47.73,Aubrey Struder,,"Howard, Saint Francis & VMI"
Virginia Military Institute,335,1000 Free,4,10:09.57,Brayden Green,,"Howard, Saint Francis & VMI"
Virginia Military Institute,335,1000 Free,5,10:18.46,Pedro Robertson,,Army vs. VMI
Virginia Military Institute,335,1650 Free,1,16:18.43,Stephen Russell,,Keydet Invitational
Virginia Military Institute,335,1650 Free,2,17:12.35,Aubrey Struder,,Keydet Invitational
Virginia Military Institute,335,1650 Free,3,17:14.81,Pedro Robertson,,Keydet Invitational
Virginia Military Institute,335,200 Back,1,1:50.52,Sam Castle,,Keydet Invitational
Virginia Military Institute,335,200 Back,2,1:53.56,Josh Wolf,,Keydet Invitational
Virginia Military Institute,335,200 Back,3,1:53.97,Sam Calder,,Keydet Invitational
Virginia Military Institute,335,200 Back,4,1:55.12,Adi Pattada,,Keydet Invitational
Virginia Military Institute,335,200 Breast,1,2:05.46,Austin Reeder,,Keydet Invitational
Virginia Military Institute,335,200 Breast,2,2:09.17,Layne Tucker,,W&L vs VMI
Virginia Military Institute,335,200 Breast,3,2:10.51,Zach Richardson,,Keydet Invitational
Virginia Military Institute,335,200 Breast,4,2:17.34,Grady Roman,,Keydet Invitational
Virginia Military Institute,335,200 Breast,5,2:20.26,Nathan Gilley,,Keydet Invitational
Virginia Military Institute,335,200 Breast,6,2:21.72,Hayden Rose,,Keydet Invitational
Virginia Military Institute,335,200 Breast,7,2:26.99,Jackson McFarlane,,Keydet Invitational
Virginia Military Institute,335,200 Fly,1,1:51.91,Kayleb Eldridge,,Keydet Invitational
Virginia Military Institute,335,200 Fly,2,1:52.30,Jack Mills,,Virginia Military Institute vs. Davidson
Virginia Military Institute,335,200 Fly,3,1:53.42,Caleb Wolf,,Keydet Invitational
Virginia Military Institute,335,200 Fly,4,1:57.82,William Loftin,,Keydet Invitational
Virginia Military Institute,335,200 Fly,5,1:58.75,Brayden Green,,W&L vs VMI
Virginia Military Institute,335,200 Fly,6,2:05.21,RJ Mendoza,,MSMU vs. VMI
Virginia Military Institute,335,200 Free,1,1:40.43,Jack Mills,,"Howard, Saint Francis & VMI"
Virginia Military Institute,335,200 Free,2,1:40.48,Josh Wolf,,"Howard, Saint Francis & VMI"
Virginia Military Institute,335,200 Free,3,1:41.43,Sam Calder,,Keydet Invitational
Virginia Military Institute,335,200 Free,4,1:41.76,Stephen Russell,,Keydet Invitational
Virginia Military Institute,335,200 Free,5,1:42.05,John Shoffner,,Keydet Invitational
Virginia Military Institute,335,200 Free,6,1:46.16,Aubrey Struder,,Keydet Invitational
Virginia Military Institute,335,200 Free,7,1:47.38,Will Calder,,Keydet Invitational
Virginia Military Institute,335,200 Free,8,1:48.65,Pedro Robertson,,Keydet Invitational
Virginia Military Institute,335,200 Free,9,1:50.92,Luke Burnell,,Army vs. VMI
Virginia Military Institute,335,200 Free,10,1:51.82,Luke Grisso,,Keydet Invitational
Virginia Military Institute,335,200 Im,1,1:53.27,Jack Mills,,"Howard, Saint Francis & VMI"
Virginia Military Institute,335,200 Im,2,1:53.38,Stephen Russell,,Army vs. VMI
Virginia Military Institute,335,200 Im,3,1:55.92,Layne Tucker,,Keydet Invitational
Virginia Military Institute,335,200 Im,4,1:56.32,John Shoffner,,Keydet Invitational
Virginia Military Institute,335,200 Im,5,1:57.25,Austin Reeder,,Keydet Invitational
Virginia Military Institute,335,200 Im,6,1:57.46,Kayleb Eldridge,,"Howard, Saint Francis & VMI"
Virginia Military Institute,335,200 Im,7,1:58.56,Brayden Green,,Army vs. VMI
Virginia Military Institute,335,200 Im,8,2:00.45,Zach Richardson,,Keydet Invitational
Virginia Military Institute,335,200 Im,9,2:03.64,Nathan Gilley,,Keydet Invitational
Virginia Military Institute,335,200 Im,10,2:03.65,RJ Mendoza,,Army vs. VMI
Virginia Military Institute,335,400 Im,1,4:00.29,Stephen Russell,,Keydet Invitational
Virginia Military Institute,335,50 Free,1,20.21,Ian Lutz,,Keydet Invitational
Virginia Military Institute,335,50 Free,2,20.59,Matthew Picard,,Keydet Invitational
Virginia Military Institute,335,50 Free,3,20.66,Sam Calder,,Keydet Invitational
Virginia Military Institute,335,50 Free,4,21.00,Josh Wolf,,Keydet Invitational
Virginia Military Institute,335,50 Free,5,21.14,Sam Castle,,Keydet Invitational
Virginia Military Institute,335,50 Free,6,21.71,Maximus Brunner,,Keydet Invitational
Virginia Military Institute,335,50 Free,7,21.73,Will Calder,,Army vs. VMI
Virginia Military Institute,335,50 Free,8,21.87,Jack Mills,,"Howard, Saint Francis & VMI"
Virginia Military Institute,335,50 Free,9,21.98,William Loftin,,Keydet Invitational
Virginia Military Institute,335,50 Free,10,22.06,Tristan Jordan,,Army vs. VMI
Virginia Military Institute,335,500 Free,1,4:31.98,Stephen Russell,,Keydet Invitational
Virginia Military Institute,335,500 Free,2,4:43.55,Caleb Wolf,,"Howard, Saint Francis & VMI"
Virginia Military Institute,335,500 Free,3,4:50.94,Aubrey Struder,,"Howard, Saint Francis & VMI"
Virginia Military Institute,335,500 Free,4,4:54.14,Pedro Robertson,,Keydet Invitational
Virginia Military Institute,335,500 Free,5,5:36.95,Riley Houtz,,2025 UMBC vs Howard vs VMI
Virginia Tech,336,100 Back,1,46.54,Brendan Whitfield,,NCSU Invitational
Virginia Tech,336,100 Back,2,46.88,Connor Johnson,,Virginia Tech vs Virginia
Virginia Tech,336,100 Back,3,46.98,Levente Balogh,,Virginia Tech vs Virginia
Virginia Tech,336,100 Back,4,47.32,Andy Roose,,Virginia Tech vs Queens
Virginia Tech,336,100 Back,5,48.76,Benedek Toth,,NCSU Invitational
Virginia Tech,336,100 Back,6,49.87,Carl Bloebaum,,NC State Raleigh Rumble
Virginia Tech,336,100 Breast,1,51.93,Eli Martin,,Virginia Tech vs Virginia
Virginia Tech,336,100 Breast,2,53.47,Ethan Maloney,,South Carolina v. Virginia Tech
Virginia Tech,336,100 Breast,3,53.66,Oscar Bilbao,,NCSU Invitational
Virginia Tech,336,100 Breast,4,56.44,Jack Mainville,,NCSU Invitational
Virginia Tech,336,100 Fly,1,46.14,Will Hayon,,NCSU Invitational
Virginia Tech,336,100 Fly,2,46.81,Tanish George Mathew,,NCSU Invitational
Virginia Tech,336,100 Fly,3,47.21,Landon Gentry,,NCSU Invitational
Virginia Tech,336,100 Fly,4,47.23,Carl Bloebaum,,Virginia Tech vs Virginia
Virginia Tech,336,100 Fly,5,47.42,Levente Balogh,,NCSU Invitational
Virginia Tech,336,100 Fly,6,48.26,Javier Nunez,,NC State Raleigh Rumble
Virginia Tech,336,100 Fly,7,48.30,Benedek Toth,,Virginia Tech vs Duke
Virginia Tech,336,100 Fly,8,48.55,Clem Camacho,,NCSU Invitational
Virginia Tech,336,100 Fly,9,48.76,Tristan Dorville,,NCSU Invitational
Virginia Tech,336,100 Fly,10,48.81,Ethan Maloney,,Virginia Tech vs Duke
Virginia Tech,336,100 Free,1,41.62,Brendan Whitfield,,NCSU Invitational
Virginia Tech,336,100 Free,2,43.52,Will Hayon,,NCSU Invitational
Virginia Tech,336,100 Free,3,43.61,Javier Nunez,,NCSU Invitational
Virginia Tech,336,100 Free,4,43.74,Tanish George Mathew,,NCSU Invitational
Virginia Tech,336,100 Free,5,44.60,Hayden Annan,,NCSU Invitational
Virginia Tech,336,100 Free,6,44.78,Diego Aranda,,NCSU Invitational
Virginia Tech,336,100 Free,7,45.00,Jakub Poliacik,,South Carolina v. Virginia Tech
Virginia Tech,336,100 Free,8,45.24,Lee Naber,,NCSU Invitational
Virginia Tech,336,100 Free,9,45.51,Tristan Dorville,,South Carolina v. Virginia Tech
Virginia Tech,336,100 Free,10,45.72,Andy Roose,,NCSU Invitational
Virginia Tech,336,1000 Free,1,9:04.16,Lee Naber,,South Carolina v. Virginia Tech
Virginia Tech,336,1000 Free,2,9:05.12,Jakub Poliacik,,NC State Raleigh Rumble
Virginia Tech,336,1000 Free,3,9:11.16,Lucas Humling,,Virginia Tech vs Duke
Virginia Tech,336,1000 Free,4,9:16.49,Hayden Annan,,NC State Raleigh Rumble
Virginia Tech,336,1650 Free,1,15:11.06,Lee Naber,,NCSU Invitational
Virginia Tech,336,1650 Free,2,15:25.00,Jakub Poliacik,,NCSU Invitational
Virginia Tech,336,1650 Free,3,15:30.70,Hayden Annan,,NCSU Invitational
Virginia Tech,336,1650 Free,4,15:39.67,Lucas Humling,,NCSU Invitational
Virginia Tech,336,200 Back,1,1:42.01,Levente Balogh,,NCSU Invitational
Virginia Tech,336,200 Back,2,1:42.52,Andy Roose,,Virginia Tech vs Virginia
Virginia Tech,336,200 Back,3,1:44.02,Brendan Whitfield,,NC State Raleigh Rumble
Virginia Tech,336,200 Back,4,1:45.08,Connor Johnson,,NCSU Invitational
Virginia Tech,336,200 Back,5,1:51.53,Benedek Toth,,South Carolina v. Virginia Tech
Virginia Tech,336,200 Breast,1,1:52.53,Eli Martin,,NCSU Invitational
Virginia Tech,336,200 Breast,2,1:57.58,Oscar Bilbao,,NCSU Invitational
Virginia Tech,336,200 Breast,3,1:58.66,Ethan Maloney,,Virginia Tech vs Virginia
Virginia Tech,336,200 Breast,4,2:05.20,Jack Mainville,,South Carolina v. Virginia Tech
Virginia Tech,336,200 Fly,1,1:44.35,Carl Bloebaum,,Virginia Tech vs Virginia
Virginia Tech,336,200 Fly,2,1:45.69,Landon Gentry,,Virginia Tech vs Virginia
Virginia Tech,336,200 Fly,3,1:46.49,Benedek Toth,,NCSU Invitational
Virginia Tech,336,200 Fly,4,1:47.97,Clem Camacho,,NCSU Invitational
Virginia Tech,336,200 Fly,5,1:49.66,Lucas Humling,,NCSU Invitational
Virginia Tech,336,200 Fly,6,1:50.68,Will Hayon,,Virginia Tech vs Queens
Virginia Tech,336,200 Free,1,1:33.27,Brendan Whitfield,,NCSU Invitational
Virginia Tech,336,200 Free,2,1:34.92,Jakub Poliacik,,Virginia Tech vs Virginia
Virginia Tech,336,200 Free,3,1:35.89,Hayden Annan,,NCSU Invitational
Virginia Tech,336,200 Free,4,1:37.52,Lee Naber,,NCSU Invitational
Virginia Tech,336,200 Free,5,1:37.89,Clem Camacho,,NCSU Invitational
Virginia Tech,336,200 Free,6,1:38.32,Tanish George Mathew,,South Carolina v. Virginia Tech
Virginia Tech,336,200 Free,7,1:38.48,Benedek Toth,,Virginia Tech vs Duke
Virginia Tech,336,200 Free,8,1:38.53,Andy Roose,,Virginia Tech vs Duke
Virginia Tech,336,200 Free,9,1:38.56,Levente Balogh,,Virginia Tech vs Duke
Virginia Tech,336,200 Free,10,1:38.72,Javier Nunez,,Virginia Tech vs Queens
Virginia Tech,336,200 Im,1,1:46.65,Eli Martin,,NC State Raleigh Rumble
Virginia Tech,336,200 Im,2,1:46.76,Clem Camacho,,South Carolina v. Virginia Tech
Virginia Tech,336,200 Im,3,1:48.23,Oscar Bilbao,,NCSU Invitational
Virginia Tech,336,200 Im,4,1:48.92,Connor Johnson,,South Carolina v. Virginia Tech
Virginia Tech,336,200 Im,5,1:50.93,Jakub Poliacik,,NCSU Invitational
Virginia Tech,336,200 Im,6,1:51.80,Andy Roose,,Virginia Tech vs Virginia
Virginia Tech,336,400 Im,1,3:48.37,Eli Martin,,NCSU Invitational
Virginia Tech,336,400 Im,2,3:51.58,Andy Roose,,NCSU Invitational
Virginia Tech,336,400 Im,3,3:54.76,Clem Camacho,,NC State Raleigh Rumble
Virginia Tech,336,400 Im,4,3:56.51,Jakub Poliacik,,NC State Raleigh Rumble
Virginia Tech,336,400 Im,5,3:58.35,Connor Johnson,,NCSU Invitational
Virginia Tech,336,400 Im,6,4:02.11,Lee Naber,,NC State Raleigh Rumble
Virginia Tech,336,50 Free,1,18.94,Brendan Whitfield,,NCSU Invitational
Virginia Tech,336,50 Free,2,19.49,Javier Nunez,,NCSU Invitational
Virginia Tech,336,50 Free,3,19.75,Tanish George Mathew,,NCSU Invitational
Virginia Tech,336,50 Free,4,19.82,Will Hayon,,NCSU Invitational
Virginia Tech,336,50 Free,5,19.86,Diego Aranda,,NCSU Invitational
Virginia Tech,336,50 Free,6,20.38,Tristan Dorville,,NCSU Invitational
Virginia Tech,336,50 Free,7,20.38,Andy Roose,,NCSU Invitational
Virginia Tech,336,50 Free,8,20.53,Landon Gentry,,NCSU Invitational
Virginia Tech,336,50 Free,9,21.07,Hayden Annan,,Virginia Tech vs Queens
Virginia Tech,336,50 Free,10,21.18,Jack Mainville,,NCSU Invitational
Virginia Tech,336,500 Free,1,4:18.69,Jakub Poliacik,,Virginia Tech vs Virginia
Virginia Tech,336,500 Free,2,4:23.54,Lee Naber,,NCSU Invitational
Virginia Tech,336,500 Free,3,4:28.50,Lucas Humling,,NC State Raleigh Rumble
Virginia Tech,336,500 Free,4,4:28.62,Hayden Annan,,Virginia Tech vs Duke
Virginia Tech,336,500 Free,5,4:47.05,Benedek Toth,,GW vs VT
Wagner,296,100 Back,1,48.89,Nikko Carrillo,,Iona vs. Wagner vs. Sacred Heart
Wagner,296,100 Back,2,48.97,Florian Schumich,,Iona vs. Wagner vs. Sacred Heart
Wagner,296,100 Back,3,50.57,Senan Noonan,,Harold Anderson Invitational
Wagner,296,100 Back,4,51.74,Andrew Ehret,,Iona vs. Wagner vs. Sacred Heart
Wagner,296,100 Back,5,54.24,Andrey Ishchenko,,Harold Anderson Invitational
Wagner,296,100 Back,6,58.72,Spencer Swanholm,,Wagner vs LIU
Wagner,296,100 Back,7,59.08,Jack Bellettiere,,Harold Anderson Invitational
Wagner,296,100 Breast,1,55.49,Max Wameling,,Harold Anderson Invitational
Wagner,296,100 Breast,2,57.94,joel Knaapi,,Harold Anderson Invitational
Wagner,296,100 Breast,3,59.49,Caristhon De Azevedo Junior,,Harold Anderson Invitational
Wagner,296,100 Breast,4,1:00.23,Ranger Gavino,,"SCSU vs. CCSU, Wagner"
Wagner,296,100 Breast,5,1:03.41,Ivan Vitko,,Harold Anderson Invitational
Wagner,296,100 Breast,6,1:03.62,Ryan Zamora,,"SCSU vs. CCSU, Wagner"
Wagner,296,100 Breast,7,1:05.59,Drew Strickland,,Harold Anderson Invitational
Wagner,296,100 Breast,8,1:05.90,Klevis Dauti,,Harold Anderson Invitational
Wagner,296,100 Fly,1,49.69,Manuel Chavez Villalpando,,Harold Anderson Invitational
Wagner,296,100 Fly,2,51.42,Jose Antonio Mancera,,Harold Anderson Invitational
Wagner,296,100 Fly,3,52.64,Ranger Gavino,,Harold Anderson Invitational
Wagner,296,100 Fly,4,52.86,Andrey Ishchenko,,Harold Anderson Invitational
Wagner,296,100 Fly,5,53.25,Nikko Carrillo,,"SCSU vs. CCSU, Wagner"
Wagner,296,100 Fly,6,53.87,Andrew Ehret,,Harold Anderson Invitational
Wagner,296,100 Fly,7,54.14,Florian Schumich,,Harold Anderson Invitational
Wagner,296,100 Fly,8,54.62,Alex Magditch,,Harold Anderson Invitational
Wagner,296,100 Fly,9,55.86,Spencer Swanholm,,"SCSU vs. CCSU, Wagner"
Wagner,296,100 Fly,10,56.28,Ryan Zamora,,Harold Anderson Invitational
Wagner,296,100 Free,1,46.00,Senan Noonan,,Harold Anderson Invitational
Wagner,296,100 Free,2,46.69,Alex Magditch,,Harold Anderson Invitational
Wagner,296,100 Free,3,46.88,joel Knaapi,,Harold Anderson Invitational
Wagner,296,100 Free,4,46.96,Santiago Ochoa Abril,,Harold Anderson Invitational
Wagner,296,100 Free,5,47.21,Jose Antonio Mancera,,Harold Anderson Invitational
Wagner,296,100 Free,6,47.28,Max Wameling,,"SCSU vs. CCSU, Wagner"
Wagner,296,100 Free,7,48.38,Ivan Vitko,,Harold Anderson Invitational
Wagner,296,100 Free,8,48.83,Florian Schumich,,Seton Hall vs. Wagner
Wagner,296,100 Free,9,48.92,Drew Strickland,,Harold Anderson Invitational
Wagner,296,100 Free,10,50.34,Ben McLaughlin,,Seton Hall vs. Wagner
Wagner,296,1000 Free,1,9:54.23,Florian Schumich,,"SCSU vs. CCSU, Wagner"
Wagner,296,1000 Free,2,9:54.43,Santiago Ochoa Abril,,"SCSU vs. CCSU, Wagner"
Wagner,296,1000 Free,3,9:58.36,Ben McLaughlin,,Florida Atlantic vs. Wagner & UNT
Wagner,296,1000 Free,4,10:00.03,Karson Leavitt,,Iona vs. Wagner vs. Sacred Heart
Wagner,296,1000 Free,5,10:09.49,Ruben Van Gool Fernandez,,Wagner vs LIU
Wagner,296,1000 Free,6,10:24.40,Ryan Zamora,,Seton Hall vs. Wagner
Wagner,296,1000 Free,7,10:24.92,Brayden Schaeffer,,Iona vs. Wagner vs. Sacred Heart
Wagner,296,1000 Free,8,10:25.85,Spencer Swanholm,,"SCSU vs. CCSU, Wagner"
Wagner,296,1650 Free,1,15:51.47,Ben McLaughlin,,Harold Anderson Invitational
Wagner,296,1650 Free,2,16:22.77,Santiago Ochoa Abril,,Harold Anderson Invitational
Wagner,296,1650 Free,3,16:35.16,Ruben Van Gool Fernandez,,Harold Anderson Invitational
Wagner,296,1650 Free,4,16:48.07,Brayden Schaeffer,,Harold Anderson Invitational
Wagner,296,1650 Free,5,17:01.35,Ryan Zamora,,Harold Anderson Invitational
Wagner,296,200 Back,1,1:51.70,Florian Schumich,,Harold Anderson Invitational
Wagner,296,200 Back,2,1:52.80,Nikko Carrillo,,Harold Anderson Invitational
Wagner,296,200 Back,3,1:58.86,Andrew Ehret,,Harold Anderson Invitational
Wagner,296,200 Back,4,2:01.94,Gabe Johnson,,Seton Hall vs. Wagner
Wagner,296,200 Back,5,2:02.00,Andrey Ishchenko,,"SCSU vs. CCSU, Wagner"
Wagner,296,200 Back,6,2:07.38,Spencer Swanholm,,Harold Anderson Invitational
Wagner,296,200 Breast,1,2:05.59,Max Wameling,,Harold Anderson Invitational
Wagner,296,200 Breast,2,2:05.90,Ranger Gavino,,Harold Anderson Invitational
Wagner,296,200 Breast,3,2:09.72,Caristhon De Azevedo Junior,,Harold Anderson Invitational
Wagner,296,200 Breast,4,2:11.09,Karson Leavitt,,Harold Anderson Invitational
Wagner,296,200 Breast,5,2:11.49,Florian Schumich,,"SCSU vs. CCSU, Wagner"
Wagner,296,200 Breast,6,2:21.47,Klevis Dauti,,Harold Anderson Invitational
Wagner,296,200 Breast,7,2:21.93,Ryan Zamora,,Wagner vs LIU
Wagner,296,200 Fly,1,1:52.36,Manuel Chavez Villalpando,,Harold Anderson Invitational
Wagner,296,200 Fly,2,1:52.75,Florian Schumich,,Harold Anderson Invitational
Wagner,296,200 Fly,3,1:53.46,Nikko Carrillo,,Harold Anderson Invitational
Wagner,296,200 Fly,4,1:57.84,Ranger Gavino,,Florida Atlantic vs. Wagner & UNT
Wagner,296,200 Fly,5,2:00.16,Ryan Zamora,,Harold Anderson Invitational
Wagner,296,200 Fly,6,2:00.23,Ben McLaughlin,,"SCSU vs. CCSU, Wagner"
Wagner,296,200 Fly,7,2:01.18,Karson Leavitt,,"SCSU vs. CCSU, Wagner"
Wagner,296,200 Fly,8,2:04.94,Gabe Johnson,,Seton Hall vs. Wagner
Wagner,296,200 Fly,9,2:10.49,Spencer Swanholm,,Iona vs. Wagner vs. Sacred Heart
Wagner,296,200 Free,1,1:42.80,Santiago Ochoa Abril,,Harold Anderson Invitational
Wagner,296,200 Free,2,1:42.89,Ruben Van Gool Fernandez,,Harold Anderson Invitational
Wagner,296,200 Free,3,1:43.57,Ben McLaughlin,,Harold Anderson Invitational
Wagner,296,200 Free,4,1:44.10,Florian Schumich,,Wagner vs LIU
Wagner,296,200 Free,5,1:44.67,Brayden Schaeffer,,Harold Anderson Invitational
Wagner,296,200 Free,6,1:49.08,Karson Leavitt,,"SCSU vs. CCSU, Wagner"
Wagner,296,200 Free,7,1:53.54,Ivan Vitko,,Iona vs. Wagner vs. Sacred Heart
Wagner,296,200 Free,8,1:54.03,Caristhon De Azevedo Junior,,Wagner vs LIU
Wagner,296,200 Free,9,1:56.74,Spencer Swanholm,,Iona vs. Wagner vs. Sacred Heart
Wagner,296,200 Im,1,1:50.76,Florian Schumich,,Harold Anderson Invitational
Wagner,296,200 Im,2,1:54.83,Ranger Gavino,,Harold Anderson Invitational
Wagner,296,200 Im,3,1:55.05,Nikko Carrillo,,Harold Anderson Invitational
Wagner,296,200 Im,4,1:59.68,Caristhon De Azevedo Junior,,Harold Anderson Invitational
Wagner,296,200 Im,5,1:59.79,Andrey Ishchenko,,Harold Anderson Invitational
Wagner,296,200 Im,6,2:02.26,Gabe Johnson,,Seton Hall vs. Wagner
Wagner,296,200 Im,7,2:06.67,Ryan Zamora,,Wagner vs LIU
Wagner,296,200 Im,8,2:12.61,Jack Bellettiere,,Harold Anderson Invitational
Wagner,296,200 Im,9,2:16.59,Klevis Dauti,,"SCSU vs. CCSU, Wagner"
Wagner,296,400 Im,1,4:01.47,Florian Schumich,,Harold Anderson Invitational
Wagner,296,400 Im,2,4:06.88,Ranger Gavino,,Harold Anderson Invitational
Wagner,296,400 Im,3,4:16.39,Ryan Zamora,,Harold Anderson Invitational
Wagner,296,400 Im,4,4:21.66,Caristhon De Azevedo Junior,,Harold Anderson Invitational
Wagner,296,400 Im,5,4:25.76,Spencer Swanholm,,Harold Anderson Invitational
Wagner,296,50 Free,1,21.05,Alex Magditch,,Harold Anderson Invitational
Wagner,296,50 Free,2,21.08,Senan Noonan,,Harold Anderson Invitational
Wagner,296,50 Free,3,21.17,Max Wameling,,Iona vs. Wagner vs. Sacred Heart
Wagner,296,50 Free,4,21.28,Manuel Chavez Villalpando,,Harold Anderson Invitational
Wagner,296,50 Free,5,21.36,Jose Antonio Mancera,,Harold Anderson Invitational
Wagner,296,50 Free,6,21.40,joel Knaapi,,Iona vs. Wagner vs. Sacred Heart
Wagner,296,50 Free,7,21.67,Santiago Ochoa Abril,,"SCSU vs. CCSU, Wagner"
Wagner,296,50 Free,8,21.99,Ivan Vitko,,Harold Anderson Invitational
Wagner,296,50 Free,9,22.19,Drew Strickland,,Harold Anderson Invitational
Wagner,296,50 Free,10,23.79,Florian Schumich,,Seton Hall vs. Wagner
Wagner,296,500 Free,1,4:35.47,Ben McLaughlin,,Harold Anderson Invitational
Wagner,296,500 Free,2,4:39.70,Santiago Ochoa Abril,,Harold Anderson Invitational
Wagner,296,500 Free,3,4:43.68,Brayden Schaeffer,,Harold Anderson Invitational
Wagner,296,500 Free,4,4:44.90,Ruben Van Gool Fernandez,,Harold Anderson Invitational
Wagner,296,500 Free,5,4:45.90,Karson Leavitt,,Harold Anderson Invitational
Wagner,296,500 Free,6,4:55.90,Ryan Zamora,,Harold Anderson Invitational
Wagner,296,500 Free,7,5:02.30,Spencer Swanholm,,Harold Anderson Invitational
West Virginia,294,100 Back,1,46.44,Szymon Mieczkowski,,WVU Invitational
West Virginia,294,100 Back,2,48.24,PATTON Graziano,,WVU Invitational
West Virginia,294,100 Back,3,49.22,Joey Stebbins,,West Virginia vs. Pittsburgh
West Virginia,294,100 Back,4,49.57,Jamin Harlan,,West Virginia vs. Duquesne vs. Villanova
West Virginia,294,100 Back,5,49.84,Christian Simpson,,WVU Invitational
West Virginia,294,100 Back,6,51.74,Oliver Stull,,Big 12 East Championship
West Virginia,294,100 Back,7,56.07,Jake Salcedo,,WVU Blue & Gold
West Virginia,294,100 Breast,1,54.13,Cas Verstegen,,WVU Invitational
West Virginia,294,100 Breast,2,54.34,Caden Oprandy,,WVU Invitational
West Virginia,294,100 Breast,3,54.46,Erik Petruzzi,,Loyola vs West Virginia
West Virginia,294,100 Breast,4,54.85,Rafael Miguel Mimoso,,Big 12 East Championship
West Virginia,294,100 Breast,5,55.32,Adam McDonald,,WVU Invitational
West Virginia,294,100 Breast,6,56.07,Liam Aleman,,West Virginia vs. Duquesne vs. Villanova
West Virginia,294,100 Breast,7,56.43,Zsombor Bujdoso,,WVU Invitational
West Virginia,294,100 Breast,8,57.34,Joey Stebbins,,WVU Invitational
West Virginia,294,100 Breast,9,58.03,Dragos Ghile,,WV State Games
West Virginia,294,100 Breast,10,1:01.58,Brayden Franklin,,WVU Blue & Gold
West Virginia,294,100 Fly,1,47.98,Dragos Ghile,,WVU Invitational
West Virginia,294,100 Fly,2,48.44,Felix Vicknair,,Big 12 East Championship
West Virginia,294,100 Fly,3,48.48,Jamin Harlan,,West Virginia vs. Duquesne vs. Villanova
West Virginia,294,100 Fly,4,48.57,Nick Lugo,,WVU Invitational
West Virginia,294,100 Fly,5,48.80,Max Nielsen,,WVU Invitational
West Virginia,294,100 Fly,6,48.87,Noah Ott,,West Virginia vs. Duquesne vs. Villanova
West Virginia,294,100 Fly,7,50.07,Ian Mckinney,,WVU Invitational
West Virginia,294,100 Fly,8,50.36,Cas Verstegen,,WVU Invitational
West Virginia,294,100 Fly,9,50.78,Gabriel Tortola,,WVU Invitational
West Virginia,294,100 Fly,10,51.57,PATTON Graziano,,WVU Blue & Gold
West Virginia,294,100 Free,1,44.49,Nick Lugo,,WVU Invitational
West Virginia,294,100 Free,2,44.52,Max Nielsen,,WVU Invitational
West Virginia,294,100 Free,3,44.70,Jameson McEnaney,,Loyola vs West Virginia
West Virginia,294,100 Free,4,45.04,Vedaant Madhavan,,Loyola vs West Virginia
West Virginia,294,100 Free,5,45.08,Jamin Harlan,,WVU Invitational
West Virginia,294,100 Free,6,45.20,Dragos Ghile,,WVU Invitational
West Virginia,294,100 Free,7,45.34,Christian Simpson,,West Virginia vs. Pittsburgh
West Virginia,294,100 Free,8,45.40,PATTON Graziano,,WVU Invitational
West Virginia,294,100 Free,9,46.01,Zach Zornan Ferguson,,WVU Invitational
West Virginia,294,100 Free,10,46.10,Trevor Hudson,,WVU Invitational
West Virginia,294,1000 Free,1,9:14.42,Jake Salcedo,,Delaware vs West Virginia
West Virginia,294,1000 Free,2,9:14.63,Vedaant Madhavan,,Delaware vs West Virginia
West Virginia,294,1000 Free,3,9:27.69,Parker Sterlitz,,Loyola vs West Virginia
West Virginia,294,1000 Free,4,9:28.97,Gabriel Tortola,,Loyola vs West Virginia
West Virginia,294,1000 Free,5,9:30.33,Ian Mckinney,,Big 12 East Championship
West Virginia,294,1000 Free,6,9:37.19,Oliver Stull,,West Virginia vs. Pittsburgh
West Virginia,294,1000 Free,7,9:46.06,Trevor Hudson,,WVU Invitational
West Virginia,294,1650 Free,1,15:19.43,Vedaant Madhavan,,WVU Invitational
West Virginia,294,1650 Free,2,15:32.37,Jake Salcedo,,WVU Invitational
West Virginia,294,1650 Free,3,15:43.53,Parker Sterlitz,,Big 12 East Championship
West Virginia,294,1650 Free,4,15:43.57,Ian Mckinney,,Big 12 East Championship
West Virginia,294,1650 Free,5,16:00.04,Gabriel Tortola,,West Virginia vs. Duquesne vs. Villanova
West Virginia,294,1650 Free,6,16:00.67,Oliver Stull,,WVU Invitational
West Virginia,294,1650 Free,7,16:11.05,Trevor Hudson,,WVU Invitational
West Virginia,294,200 Back,1,1:42.47,Szymon Mieczkowski,,WVU Invitational
West Virginia,294,200 Back,2,1:45.36,Joey Stebbins,,West Virginia vs. Duquesne vs. Villanova
West Virginia,294,200 Back,3,1:47.51,Christian Simpson,,Big 12 East Championship
West Virginia,294,200 Back,4,1:47.81,PATTON Graziano,,WVU Invitational
West Virginia,294,200 Back,5,1:49.57,Oliver Stull,,Big 12 East Championship
West Virginia,294,200 Back,6,1:57.83,Jake Salcedo,,WVU Blue & Gold
West Virginia,294,200 Back,7,1:58.59,Parker Sterlitz,,WVU Blue & Gold
West Virginia,294,200 Back,8,2:02.29,Zsombor Bujdoso,,WV State Games
West Virginia,294,200 Breast,1,1:56.64,Rafael Miguel Mimoso,,WVU Invitational
West Virginia,294,200 Breast,2,1:57.58,Caden Oprandy,,WVU Invitational
West Virginia,294,200 Breast,3,1:57.84,Cas Verstegen,,WVU Invitational
West Virginia,294,200 Breast,4,1:58.15,Liam Aleman,,West Virginia vs. Pittsburgh
West Virginia,294,200 Breast,5,2:00.03,Zsombor Bujdoso,,WVU Invitational
West Virginia,294,200 Breast,6,2:00.41,Adam McDonald,,WVU Invitational
West Virginia,294,200 Breast,7,2:01.86,Erik Petruzzi,,Delaware vs West Virginia
West Virginia,294,200 Breast,8,2:03.83,Brayden Franklin,,WVU Invitational
West Virginia,294,200 Breast,9,2:10.32,Joey Stebbins,,WV State Games
West Virginia,294,200 Breast,10,2:16.20,Trevor Hudson,,WVU Blue & Gold
West Virginia,294,200 Fly,1,1:48.61,Felix Vicknair,,Big 12 East Championship
West Virginia,294,200 Fly,2,1:48.83,Noah Ott,,WVU Invitational
West Virginia,294,200 Fly,3,1:48.95,Ian Mckinney,,Loyola vs West Virginia
West Virginia,294,200 Fly,4,1:49.33,Jamin Harlan,,Loyola vs West Virginia
West Virginia,294,200 Fly,5,1:49.84,Dragos Ghile,,Delaware vs West Virginia
West Virginia,294,200 Fly,6,1:52.74,Nick Lugo,,WV State Games
West Virginia,294,200 Fly,7,1:55.13,Parker Sterlitz,,WVU Blue & Gold
West Virginia,294,200 Fly,8,1:57.92,Brayden Franklin,,WV State Games
West Virginia,294,200 Free,1,1:36.20,Vedaant Madhavan,,WVU Invitational
West Virginia,294,200 Free,2,1:37.48,Christian Simpson,,Big 12 East Championship
West Virginia,294,200 Free,3,1:38.40,Nick Lugo,,WVU Invitational
West Virginia,294,200 Free,4,1:38.57,Max Nielsen,,Loyola vs West Virginia
West Virginia,294,200 Free,5,1:39.21,Jamin Harlan,,WVU Invitational
West Virginia,294,200 Free,6,1:39.50,Jake Salcedo,,WVU Invitational
West Virginia,294,200 Free,7,1:40.03,Oliver Stull,,WVU Invitational
West Virginia,294,200 Free,8,1:40.11,Gabriel Tortola,,WVU Invitational
West Virginia,294,200 Free,9,1:40.13,Jameson McEnaney,,WVU Invitational
West Virginia,294,200 Free,10,1:40.79,Zach Zornan Ferguson,,West Virginia vs. Duquesne vs. Villanova
West Virginia,294,200 Im,1,1:48.72,Szymon Mieczkowski,,WVU Invitational
West Virginia,294,200 Im,2,1:49.03,Zsombor Bujdoso,,WVU Invitational
West Virginia,294,200 Im,3,1:49.30,Joey Stebbins,,WVU Invitational
West Virginia,294,200 Im,4,1:50.19,Brayden Franklin,,WVU Invitational
West Virginia,294,200 Im,5,1:50.26,Jamin Harlan,,WVU Invitational
West Virginia,294,200 Im,6,1:50.30,Christian Simpson,,Delaware vs West Virginia
West Virginia,294,200 Im,7,1:50.69,Liam Aleman,,West Virginia vs. Pittsburgh
West Virginia,294,200 Im,8,1:50.84,Adam McDonald,,WVU Invitational
West Virginia,294,200 Im,9,1:51.57,Caden Oprandy,,WVU Invitational
West Virginia,294,200 Im,10,1:52.10,Felix Vicknair,,WVU Invitational
West Virginia,294,400 Im,1,3:54.69,Zsombor Bujdoso,,WVU Invitational
West Virginia,294,400 Im,2,3:57.57,Joey Stebbins,,Big 12 East Championship
West Virginia,294,400 Im,3,3:58.44,Liam Aleman,,Big 12 East Championship
West Virginia,294,400 Im,4,3:59.51,Brayden Franklin,,WVU Invitational
West Virginia,294,400 Im,5,4:03.39,Trevor Hudson,,WVU Invitational
West Virginia,294,400 Im,6,4:05.61,Cas Verstegen,,Loyola vs West Virginia
West Virginia,294,50 Free,1,20.11,Nick Lugo,,WVU Invitational
West Virginia,294,50 Free,2,20.54,PATTON Graziano,,WVU Invitational
West Virginia,294,50 Free,3,20.55,Jameson McEnaney,,Loyola vs West Virginia
West Virginia,294,50 Free,4,20.61,Dragos Ghile,,WVU Invitational
West Virginia,294,50 Free,5,20.72,Max Nielsen,,WVU Invitational
West Virginia,294,50 Free,6,20.88,Szymon Mieczkowski,,WVU Invitational
West Virginia,294,50 Free,7,20.98,Zach Zornan Ferguson,,WVU Invitational
West Virginia,294,50 Free,8,21.10,Jamin Harlan,,WVU Blue & Gold
West Virginia,294,50 Free,9,21.31,Christian Simpson,,WVU Blue & Gold
West Virginia,294,50 Free,10,21.43,Vedaant Madhavan,,WVU Blue & Gold
West Virginia,294,500 Free,1,4:23.80,Jake Salcedo,,WVU Invitational
West Virginia,294,500 Free,2,4:27.44,Vedaant Madhavan,,WVU Invitational
West Virginia,294,500 Free,3,4:29.76,Oliver Stull,,WVU Invitational
West Virginia,294,500 Free,4,4:29.76,Gabriel Tortola,,WVU Invitational
West Virginia,294,500 Free,5,4:29.80,Ian Mckinney,,Big 12 East Championship
West Virginia,294,500 Free,6,4:30.17,Parker Sterlitz,,West Virginia vs. Duquesne vs. Villanova
West Virginia,294,500 Free,7,4:35.06,Trevor Hudson,,WVU Invitational
West Virginia,294,500 Free,8,4:36.65,Preston Bennett,,WVU Invitational
West Virginia,294,500 Free,9,4:52.45,Zsombor Bujdoso,,WV State Games
William & Mary,350,100 Back,1,48.74,Bryce Rouzie,,WVU Invitational
William & Mary,350,100 Back,2,49.21,Thomas Duncan,,WVU Invitational
William & Mary,350,100 Back,3,49.50,Ethan Hadsell,,GW vs William and Mary
William & Mary,350,100 Back,4,49.59,Leo O'Keefe,,WVU Invitational
William & Mary,350,100 Back,5,49.61,David Yune,,WVU Invitational
William & Mary,350,100 Breast,1,54.81,Logan McDonald,,William & Mary vs. George Mason
William & Mary,350,100 Breast,2,55.03,Brock Rempe,,WM Quad Meet
William & Mary,350,100 Breast,3,55.42,Toby Herzog,,WVU Invitational
William & Mary,350,100 Fly,1,48.93,David Yune,,WVU Invitational
William & Mary,350,100 Fly,2,49.07,Beck Hastings,,WVU Invitational
William & Mary,350,100 Fly,3,50.00,Leo O'Keefe,,William & Mary vs. George Mason
William & Mary,350,100 Fly,4,50.12,Aiden Grendysz,,WM Quad Meet
William & Mary,350,100 Fly,5,50.87,Connor Vargas,,WVU Invitational
William & Mary,350,100 Fly,6,50.91,Blaise VanSlyke,,WVU Invitational
William & Mary,350,100 Fly,7,50.97,Alex Valliere,,WVU Invitational
William & Mary,350,100 Fly,8,52.98,Logan McDonald,,"UMBC vs Navy, William & Mary"
William & Mary,350,100 Fly,9,54.68,Thor Dyke,,WVU Invitational
William & Mary,350,100 Fly,10,55.70,Tyler Barritt,,WVU Invitational
William & Mary,350,100 Free,1,43.55,Aiden Bond,,WVU Invitational
William & Mary,350,100 Free,2,45.59,Connor Vargas,,GW vs William and Mary
William & Mary,350,100 Free,3,45.60,David Yune,,William & Mary vs. George Mason
William & Mary,350,100 Free,4,46.07,Alex Valliere,,WVU Invitational
William & Mary,350,100 Free,5,46.29,Ian Cullicott,,WM Quad Meet
William & Mary,350,100 Free,6,46.62,Leo O'Keefe,,WM Quad Meet
William & Mary,350,100 Free,7,47.07,Colin Mamaril,,WVU Invitational
William & Mary,350,100 Free,8,47.18,Blaise VanSlyke,,WVU Invitational
William & Mary,350,100 Free,9,47.18,Beck Hastings,,Davidson v William and Mary
William & Mary,350,100 Free,10,48.01,Thor Dyke,,William & Mary vs. George Mason
William & Mary,350,1000 Free,1,9:21.72,Tyler Barritt,,WM Quad Meet
William & Mary,350,1000 Free,2,9:31.58,Jackson Esteves,,WM Quad Meet
William & Mary,350,1000 Free,3,9:36.96,Will Glass,,WM Quad Meet
William & Mary,350,1000 Free,4,10:01.36,Jackson Mueller,,William & Mary vs. George Mason
William & Mary,350,1650 Free,1,15:50.14,Tyler Barritt,,WVU Invitational
William & Mary,350,1650 Free,2,16:15.42,Will Glass,,WVU Invitational
William & Mary,350,1650 Free,3,16:17.15,Jackson Esteves,,WVU Invitational
William & Mary,350,200 Back,1,1:46.88,Thomas Duncan,,William & Mary vs. George Mason
William & Mary,350,200 Back,2,1:48.09,Bryce Rouzie,,WVU Invitational
William & Mary,350,200 Back,3,1:50.04,Leo O'Keefe,,WVU Invitational
William & Mary,350,200 Back,4,1:51.08,Ethan Hadsell,,WVU Invitational
William & Mary,350,200 Breast,1,2:03.52,Toby Herzog,,WM Quad Meet
William & Mary,350,200 Breast,2,2:04.14,Brock Rempe,,WM Quad Meet
William & Mary,350,200 Breast,3,2:04.78,Logan McDonald,,William & Mary vs. George Mason
William & Mary,350,200 Breast,4,2:06.19,Zach LeMay,,WM Quad Meet
William & Mary,350,200 Fly,1,1:49.44,Zach LeMay,,Davidson v William and Mary
William & Mary,350,200 Fly,2,1:50.66,Thor Dyke,,William & Mary vs. George Mason
William & Mary,350,200 Fly,3,1:52.41,Aiden Grendysz,,WVU Invitational
William & Mary,350,200 Fly,4,1:52.51,David Yune,,WVU Invitational
William & Mary,350,200 Fly,5,1:53.72,Beck Hastings,,WM Quad Meet
William & Mary,350,200 Free,1,1:36.54,Aiden Bond,,WVU Invitational
William & Mary,350,200 Free,2,1:39.98,David Yune,,WM Quad Meet
William & Mary,350,200 Free,3,1:40.76,Tyler Barritt,,WVU Invitational
William & Mary,350,200 Free,4,1:41.14,Ian Cullicott,,WM Quad Meet
William & Mary,350,200 Free,5,1:41.57,Zach LeMay,,WVU Invitational
William & Mary,350,200 Free,6,1:42.13,Colin Mamaril,,WVU Invitational
William & Mary,350,200 Free,7,1:42.49,Beck Hastings,,GW vs William and Mary
William & Mary,350,200 Free,8,1:43.64,Jackson Esteves,,WVU Invitational
William & Mary,350,200 Im,1,1:50.00,David Yune,,WVU Invitational
William & Mary,350,200 Im,2,1:50.70,Thomas Duncan,,WM Quad Meet
William & Mary,350,200 Im,3,1:52.80,Zach LeMay,,WM Quad Meet
William & Mary,350,200 Im,4,1:54.15,Tyler Barritt,,GW vs William and Mary
William & Mary,350,200 Im,5,1:54.24,Toby Herzog,,WVU Invitational
William & Mary,350,200 Im,6,1:55.70,Leo O'Keefe,,WVU Invitational
William & Mary,350,200 Im,7,1:56.15,Ethan Hadsell,,William & Mary vs. George Mason
William & Mary,350,200 Im,8,1:56.42,Thor Dyke,,WM Quad Meet
William & Mary,350,200 Im,9,1:56.80,Aiden Grendysz,,WVU Invitational
William & Mary,350,400 Im,1,4:00.36,Tyler Barritt,,WVU Invitational
William & Mary,350,400 Im,2,4:03.12,Thor Dyke,,WVU Invitational
William & Mary,350,400 Im,3,4:21.10,Jackson Mueller,,WVU Invitational
William & Mary,350,50 Free,1,19.73,Aiden Bond,,WVU Invitational
William & Mary,350,50 Free,2,20.47,Connor Vargas,,WVU Invitational
William & Mary,350,50 Free,3,20.62,Alex Valliere,,WVU Invitational
William & Mary,350,50 Free,4,21.15,Blaise VanSlyke,,WVU Invitational
William & Mary,350,50 Free,5,21.21,Beck Hastings,,WVU Invitational
William & Mary,350,50 Free,6,21.44,Logan McDonald,,GW vs William and Mary
William & Mary,350,50 Free,7,22.10,David Yune,,William & Mary vs. George Mason
William & Mary,350,50 Free,8,22.13,Brock Rempe,,WVU Invitational
William & Mary,350,50 Free,9,22.18,Ian Cullicott,,WVU Invitational
William & Mary,350,50 Free,10,22.47,Colin Mamaril,,WVU Invitational
William & Mary,350,500 Free,1,4:30.96,Tyler Barritt,,WVU Invitational
William & Mary,350,500 Free,2,4:36.39,Jackson Esteves,,WVU Invitational
William & Mary,350,500 Free,3,4:39.19,Will Glass,,WM Quad Meet
William & Mary,350,500 Free,4,4:39.20,Thor Dyke,,WVU Invitational
William & Mary,350,500 Free,5,4:40.87,Zach LeMay,,WVU Invitational
William & Mary,350,500 Free,6,4:41.48,Bryce Rouzie,,WVU Invitational
William & Mary,350,500 Free,7,4:43.35,Ian Cullicott,,WVU Invitational
William & Mary,350,500 Free,8,4:44.25,Colin Mamaril,,WM Quad Meet
William & Mary,350,500 Free,9,4:49.04,Jackson Mueller,,"UNCW vs. Queens (NC), William & Mary"
Wisconsin,98,100 Back,1,45.79,Nathan Welker,,Texas Hall of Fame Invitational
Wisconsin,98,100 Back,2,46.53,Landon Kyser,,Texas Hall of Fame Invitational
Wisconsin,98,100 Back,3,46.92,Cooper Scharff,,"Wisconsin vs. Illinois, Purdue"
Wisconsin,98,100 Back,4,47.12,Adam Graham,,Texas Hall of Fame Invitational
Wisconsin,98,100 Back,5,47.76,Michael Long,,Texas Hall of Fame Invitational
Wisconsin,98,100 Back,6,48.11,Finn Bacon,,Texas Hall of Fame Invitational
Wisconsin,98,100 Back,7,49.39,Drew Gaerthofner,,"Wisconsin vs. Illinois, Purdue"
Wisconsin,98,100 Breast,1,51.83,Ben Wiegand,,Texas Hall of Fame Invitational
Wisconsin,98,100 Breast,2,52.29,Brayden Henkel,,Texas Hall of Fame Invitational
Wisconsin,98,100 Breast,3,52.97,Nate Harris,,Texas Hall of Fame Invitational
Wisconsin,98,100 Breast,4,53.48,Drew Gaerthofner,,Texas Hall of Fame Invitational
Wisconsin,98,100 Breast,5,53.72,Jack Skarda,,Texas Hall of Fame Invitational
Wisconsin,98,100 Fly,1,45.67,Charlie Jones,,Texas Hall of Fame Invitational
Wisconsin,98,100 Fly,2,46.40,Nathan Welker,,Texas Hall of Fame Invitational
Wisconsin,98,100 Fly,3,47.07,Lance Swanepoel,,Texas Hall of Fame Invitational
Wisconsin,98,100 Fly,4,47.48,Cooper Scharff,,"UC San Diego vs. Tulane, UCLA, Wisconsin"
Wisconsin,98,100 Fly,5,48.45,Finn Bacon,,Texas Hall of Fame Invitational
Wisconsin,98,100 Fly,6,48.97,Dominik Torok,,UW-Madison vs. UW Green Bay
Wisconsin,98,100 Fly,7,49.64,Zach Ward,,"UC San Diego vs. Tulane, UCLA, Wisconsin"
Wisconsin,98,100 Fly,8,51.02,Landon Kyser,,Texas Hall of Fame Invitational
Wisconsin,98,100 Fly,9,54.83,Nate Harris,,Northwestern vs Wisconsin
Wisconsin,98,100 Free,1,43.07,Ben Wiegand,,Texas Hall of Fame Invitational
Wisconsin,98,100 Free,2,43.25,Luukas Vainio,,Northwestern vs Wisconsin
Wisconsin,98,100 Free,3,43.45,Enzo Solitario,,"Wisconsin vs. Illinois, Purdue"
Wisconsin,98,100 Free,4,43.74,Cooper Scharff,,Texas Hall of Fame Invitational
Wisconsin,98,100 Free,5,44.55,Drew Gaerthofner,,Texas Hall of Fame Invitational
Wisconsin,98,100 Free,6,44.65,Carter Jewell,,Texas Hall of Fame Invitational
Wisconsin,98,100 Free,7,44.69,Nathan Welker,,"Wisconsin vs. Illinois, Purdue"
Wisconsin,98,100 Free,8,44.97,Andrew Hanson,,Texas Hall of Fame Invitational
Wisconsin,98,100 Free,9,45.11,Miles Cratsenberg,,Texas Hall of Fame Invitational
Wisconsin,98,100 Free,10,45.62,Charlie Jones,,Minnesota vs Wisconsin
Wisconsin,98,1000 Free,1,8:59.74,Yoav Romano,,Minnesota vs Wisconsin
Wisconsin,98,1000 Free,2,9:08.43,Dominik Torok,,"UC San Diego vs. Tulane, UCLA, Wisconsin"
Wisconsin,98,1000 Free,3,9:10.57,Enzo Solitario,,"Wisconsin vs. Illinois, Purdue"
Wisconsin,98,1000 Free,4,9:12.81,Miles Cratsenberg,,"Wisconsin vs. Illinois, Purdue"
Wisconsin,98,1000 Free,5,9:14.70,Declan Kelly,,Texas Hall of Fame Invitational
Wisconsin,98,1000 Free,6,9:21.87,Andrew Hanson,,Texas Hall of Fame Invitational
Wisconsin,98,1000 Free,7,9:42.67,Zach Ward,,UW-Madison vs. UW Green Bay
Wisconsin,98,1650 Free,1,14:54.42,Yoav Romano,,Texas Hall of Fame Invitational
Wisconsin,98,1650 Free,2,15:23.38,Declan Kelly,,Texas Hall of Fame Invitational
Wisconsin,98,1650 Free,3,15:23.49,Miles Cratsenberg,,Texas Hall of Fame Invitational
Wisconsin,98,1650 Free,4,15:33.31,Andrew Hanson,,Texas Hall of Fame Invitational
Wisconsin,98,200 Back,1,1:41.07,Adam Graham,,Texas Hall of Fame Invitational
Wisconsin,98,200 Back,2,1:42.60,Landon Kyser,,Texas Hall of Fame Invitational
Wisconsin,98,200 Back,3,1:43.08,Michael Long,,Texas Hall of Fame Invitational
Wisconsin,98,200 Back,4,1:43.81,Finn Bacon,,Texas Hall of Fame Invitational
Wisconsin,98,200 Back,5,1:43.83,Nathan Welker,,Texas Hall of Fame Invitational
Wisconsin,98,200 Back,6,1:45.87,Cooper Scharff,,"Wisconsin vs. Illinois, Purdue"
Wisconsin,98,200 Back,7,1:46.25,Dominik Torok,,"UC San Diego vs. Tulane, UCLA, Wisconsin"
Wisconsin,98,200 Breast,1,1:55.57,Dominik Torok,,Minnesota vs Wisconsin
Wisconsin,98,200 Breast,2,1:56.19,Nate Harris,,Texas Hall of Fame Invitational
Wisconsin,98,200 Breast,3,1:56.84,Drew Gaerthofner,,Texas Hall of Fame Invitational
Wisconsin,98,200 Breast,4,1:57.26,Brayden Henkel,,Texas Hall of Fame Invitational
Wisconsin,98,200 Breast,5,1:59.46,Jack Skarda,,Texas Hall of Fame Invitational
Wisconsin,98,200 Fly,1,1:40.07,Dominik Torok,,Texas Hall of Fame Invitational
Wisconsin,98,200 Fly,2,1:41.69,Enzo Solitario,,Texas Hall of Fame Invitational
Wisconsin,98,200 Fly,3,1:42.81,Charlie Jones,,Texas Hall of Fame Invitational
Wisconsin,98,200 Fly,4,1:45.85,Lance Swanepoel,,Texas Hall of Fame Invitational
Wisconsin,98,200 Fly,5,1:48.88,Zach Ward,,Minnesota vs Wisconsin
Wisconsin,98,200 Free,1,1:32.84,Luukas Vainio,,Texas Hall of Fame Invitational
Wisconsin,98,200 Free,2,1:33.16,Enzo Solitario,,Texas Hall of Fame Invitational
Wisconsin,98,200 Free,3,1:33.71,Yoav Romano,,Texas Hall of Fame Invitational
Wisconsin,98,200 Free,4,1:34.58,Adam Graham,,Texas Hall of Fame Invitational
Wisconsin,98,200 Free,5,1:36.36,Carter Jewell,,Texas Hall of Fame Invitational
Wisconsin,98,200 Free,6,1:37.56,Dominik Torok,,Texas Hall of Fame Invitational
Wisconsin,98,200 Free,7,1:37.92,Landon Kyser,,Minnesota vs Wisconsin
Wisconsin,98,200 Free,8,1:38.26,Miles Cratsenberg,,Texas Hall of Fame Invitational
Wisconsin,98,200 Free,9,1:38.79,Zach Ward,,Texas Hall of Fame Invitational
Wisconsin,98,200 Free,10,1:39.28,Andrew Hanson,,Texas Hall of Fame Invitational
Wisconsin,98,200 Im,1,1:46.48,Nate Harris,,Texas Hall of Fame Invitational
Wisconsin,98,200 Im,2,1:46.94,Dominik Torok,,"Wisconsin vs. Illinois, Purdue"
Wisconsin,98,200 Im,3,1:47.91,Zach Ward,,Texas Hall of Fame Invitational
Wisconsin,98,200 Im,4,1:48.29,Enzo Solitario,,"Wisconsin vs. Illinois, Purdue"
Wisconsin,98,200 Im,5,1:49.80,Landon Kyser,,ND vs UM vs WISC
Wisconsin,98,200 Im,6,1:52.46,Adam Graham,,ND vs UM vs WISC
Wisconsin,98,200 Im,7,1:54.85,Charlie Jones,,UW-Madison vs. UW Green Bay
Wisconsin,98,200 Im,8,1:59.72,Jack Skarda,,UW-Madison vs. UW Green Bay
Wisconsin,98,200 Im,9,2:00.10,Andrew Hanson,,UW-Madison vs. UW Green Bay
Wisconsin,98,400 Im,1,3:40.21,Dominik Torok,,Texas Hall of Fame Invitational
Wisconsin,98,400 Im,2,3:46.24,Landon Kyser,,Texas Hall of Fame Invitational
Wisconsin,98,400 Im,3,3:55.21,Zach Ward,,Northwestern vs Wisconsin
Wisconsin,98,400 Im,4,4:01.95,Nate Harris,,Northwestern vs Wisconsin
Wisconsin,98,50 Free,1,19.39,Ben Wiegand,,Texas Hall of Fame Invitational
Wisconsin,98,50 Free,2,19.73,Cooper Scharff,,Texas Hall of Fame Invitational
Wisconsin,98,50 Free,3,20.06,Nathan Welker,,Texas Hall of Fame Invitational
Wisconsin,98,50 Free,4,20.09,Drew Gaerthofner,,Texas Hall of Fame Invitational
Wisconsin,98,50 Free,5,20.23,Tai Torepe-Ormsby,,UW-Madison vs. UW Green Bay
Wisconsin,98,50 Free,6,20.39,Enzo Solitario,,Northwestern vs Wisconsin
Wisconsin,98,50 Free,7,20.42,Lance Swanepoel,,Texas Hall of Fame Invitational
Wisconsin,98,50 Free,8,20.71,Luukas Vainio,,Texas Hall of Fame Invitational
Wisconsin,98,50 Free,9,20.74,Jack Skarda,,Texas Hall of Fame Invitational
Wisconsin,98,50 Free,10,21.09,Miles Cratsenberg,,Northwestern vs Wisconsin
Wisconsin,98,500 Free,1,4:14.00,Yoav Romano,,Texas Hall of Fame Invitational
Wisconsin,98,500 Free,2,4:16.47,Enzo Solitario,,Texas Hall of Fame Invitational
Wisconsin,98,500 Free,3,4:17.22,Charlie Jones,,Texas Hall of Fame Invitational
Wisconsin,98,500 Free,4,4:20.33,Miles Cratsenberg,,Texas Hall of Fame Invitational
Wisconsin,98,500 Free,5,4:21.47,Luukas Vainio,,Texas Hall of Fame Invitational
Wisconsin,98,500 Free,6,4:26.28,Declan Kelly,,Texas Hall of Fame Invitational
Wisconsin,98,500 Free,7,4:27.86,Zach Ward,,Texas Hall of Fame Invitational
Wisconsin,98,500 Free,8,4:29.13,Carter Jewell,,Texas Hall of Fame Invitational
Wisconsin,98,500 Free,9,4:33.09,Andrew Hanson,,Texas Hall of Fame Invitational
Wyoming,374,100 Back,1,47.05,Simon Casey,,Mizzou Invitational
Wyoming,374,100 Back,2,47.06,Jackson Kogler,,Mizzou Invitational
Wyoming,374,100 Back,3,48.84,Cameron Knox,,Mizzou Invitational
Wyoming,374,100 Back,4,49.34,Tsubasa Rhoe,,Mizzou Invitational
Wyoming,374,100 Back,5,49.38,Collin Davis,,UNLV Invite
Wyoming,374,100 Back,6,50.27,Travis Ayers,,UNLV Invite
Wyoming,374,100 Back,7,50.31,Luke O'Connor,,UNLV Invite
Wyoming,374,100 Back,8,50.38,Caleb Ozenne,,UNLV Invite
Wyoming,374,100 Back,9,51.87,Jack Boysen,,UNLV Invite
Wyoming,374,100 Back,10,57.54,Andrew Cooper,,"Air Force vs. Denver, LSU, Wyoming"
Wyoming,374,100 Breast,1,53.79,Joe Morales,,UNLV Invite
Wyoming,374,100 Breast,2,54.00,Griff Orloff,,Mizzou Invitational
Wyoming,374,100 Breast,3,56.15,Christian Louie,,Denver vs. Wyoming vs. Colorado Mesa
Wyoming,374,100 Breast,4,56.60,Jackson Kogler,,University of Wyoming Intrasquad
Wyoming,374,100 Breast,5,1:06.33,Zack Smith,,Front Range Invite
Wyoming,374,100 Fly,1,47.82,Gray Sisco,,Mizzou Invitational
Wyoming,374,100 Fly,2,47.85,Jack Boysen,,Mizzou Invitational
Wyoming,374,100 Fly,3,47.99,Tsubasa Rhoe,,Mizzou Invitational
Wyoming,374,100 Fly,4,48.00,Adam Pannell,,UNLV Invite
Wyoming,374,100 Fly,5,48.37,Jackson Kogler,,UNLV Invite
Wyoming,374,100 Fly,6,48.65,Collin Davis,,UNLV Invite
Wyoming,374,100 Fly,7,49.71,Cade Doherty,,Denver vs. Wyoming vs. Colorado Mesa
Wyoming,374,100 Fly,8,49.76,Travis Ayers,,UNLV Invite
Wyoming,374,100 Fly,9,50.18,Griff Orloff,,UNLV Invite
Wyoming,374,100 Fly,10,50.53,Zack Smith,,UNLV Invite
Wyoming,374,100 Free,1,43.95,Jack Boysen,,Mizzou Invitational
Wyoming,374,100 Free,2,44.08,Luke O'Connor,,Mizzou Invitational
Wyoming,374,100 Free,3,44.76,Jackson Kogler,,UNLV Invite
Wyoming,374,100 Free,4,44.81,Tsubasa Rhoe,,Mizzou Invitational
Wyoming,374,100 Free,5,45.00,Gray Sisco,,Mizzou Invitational
Wyoming,374,100 Free,6,45.22,Simon Casey,,UNLV Invite
Wyoming,374,100 Free,7,45.27,Collin Davis,,UNLV Invite
Wyoming,374,100 Free,8,45.36,Caleb Ozenne,,UNLV Invite
Wyoming,374,100 Free,9,45.39,Adam Pannell,,Denver vs. Wyoming vs. Colorado Mesa
Wyoming,374,100 Free,10,46.09,Griff Orloff,,Mizzou Invitational
Wyoming,374,1000 Free,1,9:06.25,Isaac Lee,,Denver vs. Wyoming vs. Colorado Mesa
Wyoming,374,1000 Free,2,9:07.86,Alex Metzler,,Denver vs. Wyoming vs. Colorado Mesa
Wyoming,374,1000 Free,3,9:22.11,Derek Long,,Denver vs. Wyoming vs. Colorado Mesa
Wyoming,374,1000 Free,4,9:45.57,Andrew Cooper,,"Air Force vs. Denver, LSU, Wyoming"
Wyoming,374,1650 Free,1,15:03.74,Isaac Lee,,Mizzou Invitational
Wyoming,374,1650 Free,2,15:35.71,Derek Long,,Mizzou Invitational
Wyoming,374,1650 Free,3,16:09.92,Andrew Cooper,,UNLV Invite
Wyoming,374,200 Back,1,1:42.46,Simon Casey,,Mizzou Invitational
Wyoming,374,200 Back,2,1:43.44,Jackson Kogler,,UNLV Invite
Wyoming,374,200 Back,3,1:48.43,Caleb Ozenne,,Denver vs. Wyoming vs. Colorado Mesa
Wyoming,374,200 Back,4,1:49.72,Cameron Knox,,Mizzou Invitational
Wyoming,374,200 Back,5,1:49.94,Travis Ayers,,UNLV Invite
Wyoming,374,200 Back,6,1:50.99,Collin Davis,,UNLV Invite
Wyoming,374,200 Back,7,1:51.35,Tsubasa Rhoe,,UNLV Invite
Wyoming,374,200 Back,8,2:15.55,Zack Smith,,University of Wyoming Intrasquad
Wyoming,374,200 Breast,1,1:57.20,Griff Orloff,,Denver vs. Wyoming vs. Colorado Mesa
Wyoming,374,200 Breast,2,1:58.07,Joe Morales,,UNLV Invite
Wyoming,374,200 Breast,3,2:04.15,Jackson Kogler,,Wyoming vs. Utah
Wyoming,374,200 Breast,4,2:06.31,Christian Louie,,Denver vs. Wyoming vs. Colorado Mesa
Wyoming,374,200 Fly,1,1:45.16,Adam Pannell,,Mizzou Invitational
Wyoming,374,200 Fly,2,1:48.51,Isaac Lee,,UNLV Invite
Wyoming,374,200 Fly,3,1:49.53,Travis Ayers,,UNLV Invite
Wyoming,374,200 Fly,4,1:50.12,Collin Davis,,Denver vs. Wyoming vs. Colorado Mesa
Wyoming,374,200 Fly,5,1:54.21,Derek Long,,UNLV Invite
Wyoming,374,200 Fly,6,1:58.09,Cade Doherty,,Front Range Invite
Wyoming,374,200 Fly,7,2:01.13,Zack Smith,,UNLV Invite
Wyoming,374,200 Free,1,1:33.92,Simon Casey,,Mizzou Invitational
Wyoming,374,200 Free,2,1:37.24,Caleb Ozenne,,Mizzou Invitational
Wyoming,374,200 Free,3,1:37.47,Adam Pannell,,Mizzou Invitational
Wyoming,374,200 Free,4,1:38.10,Isaac Lee,,Mizzou Invitational
Wyoming,374,200 Free,5,1:39.19,Jackson Kogler,,Mizzou Invitational
Wyoming,374,200 Free,6,1:39.39,Andrew Cooper,,Denver vs. Wyoming vs. Colorado Mesa
Wyoming,374,200 Free,7,1:39.91,Luke O'Connor,,Mizzou Invitational
Wyoming,374,200 Free,8,1:40.85,Derek Long,,UNLV Invite
Wyoming,374,200 Free,9,1:43.12,Gray Sisco,,"Air Force vs. Denver, LSU, Wyoming"
Wyoming,374,200 Free,10,1:45.97,Jack Boysen,,Wyoming vs. Utah
Wyoming,374,200 Im,1,1:44.46,Jackson Kogler,,Mizzou Invitational
Wyoming,374,200 Im,2,1:50.55,Cameron Knox,,Mizzou Invitational
Wyoming,374,200 Im,3,1:51.52,Collin Davis,,UNLV Invite
Wyoming,374,200 Im,4,1:51.70,Tsubasa Rhoe,,UNLV Invite
Wyoming,374,200 Im,5,1:52.94,Christian Louie,,UNLV Invite
Wyoming,374,200 Im,6,1:59.41,Derek Long,,"UNC, School of Mines vs Wyomin"
Wyoming,374,200 Im,7,1:59.74,Andrew Cooper,,Wyoming vs. Utah
Wyoming,374,200 Im,8,2:16.53,Zack Smith,,University of Wyoming Intrasquad
Wyoming,374,400 Im,1,3:45.39,Jackson Kogler,,Mizzou Invitational
Wyoming,374,400 Im,2,3:53.84,Alex Metzler,,Denver vs. Wyoming vs. Colorado Mesa
Wyoming,374,400 Im,3,3:56.61,Derek Long,,Mizzou Invitational
Wyoming,374,400 Im,4,3:57.29,Cameron Knox,,Mizzou Invitational
Wyoming,374,400 Im,5,4:02.09,Andrew Cooper,,UNLV Invite
Wyoming,374,50 Free,1,19.58,Jack Boysen,,Mizzou Invitational
Wyoming,374,50 Free,2,19.78,Tsubasa Rhoe,,Mizzou Invitational
Wyoming,374,50 Free,3,19.89,Simon Casey,,Mizzou Invitational
Wyoming,374,50 Free,4,19.96,Luke O'Connor,,Mizzou Invitational
Wyoming,374,50 Free,5,20.59,Gray Sisco,,Mizzou Invitational
Wyoming,374,50 Free,6,20.70,Joe Morales,,UNLV Invite
Wyoming,374,50 Free,7,20.74,Adam Pannell,,UNLV Invite
Wyoming,374,50 Free,8,20.81,Caleb Ozenne,,UNLV Invite
Wyoming,374,50 Free,9,20.84,Cade Doherty,,UNLV Invite
Wyoming,374,50 Free,10,21.08,Griff Orloff,,Mizzou Invitational
Wyoming,374,500 Free,1,4:22.40,Isaac Lee,,Mizzou Invitational
Wyoming,374,500 Free,2,4:23.20,Alex Metzler,,Denver vs. Wyoming vs. Colorado Mesa
Wyoming,374,500 Free,3,4:26.35,Caleb Ozenne,,Mizzou Invitational
Wyoming,374,500 Free,4,4:28.48,Derek Long,,Mizzou Invitational
Wyoming,374,500 Free,5,4:31.29,Adam Pannell,,Mizzou Invitational
Wyoming,374,500 Free,6,4:33.24,Andrew Cooper,,UNLV Invite
Wyoming,374,500 Free,7,5:13.03,Travis Ayers,,"UNC, School of Mines vs Wyomin"
Xavier,375,100 Back,1,48.59,Matt Fralic,,Magnus Cup Invitational
Xavier,375,100 Back,2,50.39,Matt Adanin,,Magnus Cup Invitational
Xavier,375,100 Back,3,50.98,Sean McGinley,,Magnus Cup Invitational
Xavier,375,100 Back,4,51.10,Truman Brun,,Magnus Cup Invitational
Xavier,375,100 Back,5,52.47,Nate Finnegan,,Akron Zips Classic
Xavier,375,100 Back,6,52.86,Ryan Knipp,,Akron Zips Classic
Xavier,375,100 Back,7,53.44,Chase Denigan,,Akron Zips Classic
Xavier,375,100 Back,8,53.66,Diego Valdes,,IU Indy Invite
Xavier,375,100 Back,9,53.93,Josh Martin,,Magnus Cup Invitational
Xavier,375,100 Back,10,54.00,Zak Guenther,,IU Indy Invite
Xavier,375,100 Breast,1,56.90,Brayden Mandacina,,Magnus Cup Invitational
Xavier,375,100 Breast,2,59.04,Matthew Scicchitano,,Magnus Cup Invitational
Xavier,375,100 Breast,3,59.46,Diego Valdes,,Louisville vs Xavier
Xavier,375,100 Breast,4,1:00.56,Patrick Benington,,Magnus Cup Invitational
Xavier,375,100 Breast,5,1:00.82,Jon Mason,,NKU vs. Xavier
Xavier,375,100 Breast,6,1:02.11,Ethan Leamer,,NKU vs. Xavier
Xavier,375,100 Breast,7,1:02.89,Chase Denigan,,Denison vs. Xavier
Xavier,375,100 Fly,1,47.75,Aiden Leamer,,Magnus Cup Invitational
Xavier,375,100 Fly,2,49.06,Matt Fralic,,Magnus Cup Invitational
Xavier,375,100 Fly,3,49.19,Josh Martin,,Magnus Cup Invitational
Xavier,375,100 Fly,4,50.56,Owen Schwebach,,Magnus Cup Invitational
Xavier,375,100 Fly,5,50.67,Diego Valdes,,Magnus Cup Invitational
Xavier,375,100 Fly,6,50.74,Luke Peterson,,Magnus Cup Invitational
Xavier,375,100 Fly,7,51.61,Brayden Mandacina,,Magnus Cup Invitational
Xavier,375,100 Fly,8,52.11,Zak Guenther,,Akron Zips Classic
Xavier,375,100 Fly,9,55.22,Matthew Scicchitano,,Akron Zips Classic
Xavier,375,100 Fly,10,55.24,Patrick Benington,,Magnus Cup Invitational
Xavier,375,100 Free,1,44.88,Sean McGinley,,Magnus Cup Invitational
Xavier,375,100 Free,2,45.30,Matt Fralic,,Magnus Cup Invitational
Xavier,375,100 Free,3,45.48,Kyle Hudson,,Magnus Cup Invitational
Xavier,375,100 Free,4,46.54,Matt Adanin,,Magnus Cup Invitational
Xavier,375,100 Free,5,46.67,Luke Peterson,,Magnus Cup Invitational
Xavier,375,100 Free,6,47.59,Colin Jordan,,Akron Zips Classic
Xavier,375,100 Free,7,47.88,Truman Brun,,Akron Zips Classic
Xavier,375,100 Free,8,48.08,Brayden Mandacina,,Magnus Cup Invitational
Xavier,375,100 Free,9,48.28,Ethan Leamer,,Akron Zips Classic
Xavier,375,100 Free,10,48.48,Josh Martin,,Magnus Cup Invitational
Xavier,375,1000 Free,1,9:34.19,Ethan Leamer,,Magnus Cup Invitational
Xavier,375,1000 Free,2,9:41.15,Luke Peterson,,Magnus Cup Invitational
Xavier,375,1000 Free,3,9:45.05,Nick Stroh,,Cincinnati vs. Xavier
Xavier,375,1000 Free,4,9:50.45,Ryan Knipp,,Magnus Cup Invitational
Xavier,375,1000 Free,5,9:54.90,Caz Mikula,,Denison vs. Xavier
Xavier,375,1000 Free,6,9:59.08,Owen Schwebach,,Magnus Cup Invitational
Xavier,375,1000 Free,7,10:04.42,Caz Mikula,,NKU vs. Xavier
Xavier,375,1650 Free,1,15:51.83,Ethan Leamer,,Magnus Cup Invitational
Xavier,375,1650 Free,2,15:56.42,Luke Peterson,,Magnus Cup Invitational
Xavier,375,1650 Free,3,16:16.61,Nick Stroh,,Magnus Cup Invitational
Xavier,375,1650 Free,4,16:20.78,Ryan Knipp,,Magnus Cup Invitational
Xavier,375,1650 Free,5,16:25.80,Owen Schwebach,,Akron Zips Classic
Xavier,375,1650 Free,6,16:46.43,Caz Mikula,,Akron Zips Classic
Xavier,375,200 Back,1,1:49.26,Matt Fralic,,Magnus Cup Invitational
Xavier,375,200 Back,2,1:52.03,Nate Finnegan,,Akron Zips Classic
Xavier,375,200 Back,3,1:52.11,Truman Brun,,Magnus Cup Invitational
Xavier,375,200 Back,4,1:53.97,Ryan Knipp,,Magnus Cup Invitational
Xavier,375,200 Back,5,1:54.06,Zak Guenther,,Akron Zips Classic
Xavier,375,200 Back,6,1:55.74,Chase Denigan,,Magnus Cup Invitational
Xavier,375,200 Back,7,2:05.79,Nick Stroh,,Denison vs. Xavier
Xavier,375,200 Breast,1,2:06.62,Brayden Mandacina,,Akron Zips Classic
Xavier,375,200 Breast,2,2:08.98,Patrick Benington,,Magnus Cup Invitational
Xavier,375,200 Breast,3,2:09.78,Matthew Scicchitano,,Magnus Cup Invitational
Xavier,375,200 Breast,4,2:11.15,Diego Valdes,,Denison vs. Xavier
Xavier,375,200 Breast,5,2:12.53,Chase Denigan,,Magnus Cup Invitational
Xavier,375,200 Breast,6,2:15.20,Jon Mason,,Akron Zips Classic
Xavier,375,200 Breast,7,2:20.38,Nick Stroh,,Louisville vs Xavier
Xavier,375,200 Fly,1,1:45.86,Aiden Leamer,,Magnus Cup Invitational
Xavier,375,200 Fly,2,1:50.69,Josh Martin,,Magnus Cup Invitational
Xavier,375,200 Fly,3,1:53.36,Diego Valdes,,Magnus Cup Invitational
Xavier,375,200 Fly,4,1:54.05,Zak Guenther,,Akron Zips Classic
Xavier,375,200 Fly,5,1:54.87,Owen Schwebach,,Magnus Cup Invitational
Xavier,375,200 Free,1,1:39.73,Luke Peterson,,Magnus Cup Invitational
Xavier,375,200 Free,2,1:39.87,Kyle Hudson,,Magnus Cup Invitational
Xavier,375,200 Free,3,1:41.82,Nate Finnegan,,Magnus Cup Invitational
Xavier,375,200 Free,4,1:42.96,Ryan Knipp,,Magnus Cup Invitational
Xavier,375,200 Free,5,1:44.37,Colin Jordan,,Magnus Cup Invitational
Xavier,375,200 Free,6,1:44.56,Ethan Leamer,,Magnus Cup Invitational
Xavier,375,200 Free,7,1:45.18,Aiden Leamer,,Magnus Cup Invitational
Xavier,375,200 Free,8,1:45.76,Owen Schwebach,,Magnus Cup Invitational
Xavier,375,200 Free,9,1:48.45,Nick Stroh,,Denison vs. Xavier
Xavier,375,200 Free,10,1:49.09,Caz Mikula,,Louisville vs Xavier
Xavier,375,200 Im,1,1:49.92,Aiden Leamer,,Magnus Cup Invitational
Xavier,375,200 Im,2,1:52.98,Nate Finnegan,,Magnus Cup Invitational
Xavier,375,200 Im,3,1:54.22,Zak Guenther,,Magnus Cup Invitational
Xavier,375,200 Im,4,1:54.35,Patrick Benington,,Magnus Cup Invitational
Xavier,375,200 Im,5,1:54.58,Diego Valdes,,Magnus Cup Invitational
Xavier,375,200 Im,6,1:55.08,Chase Denigan,,Magnus Cup Invitational
Xavier,375,200 Im,7,1:55.89,Brayden Mandacina,,Magnus Cup Invitational
Xavier,375,200 Im,8,1:56.37,Matthew Scicchitano,,Magnus Cup Invitational
Xavier,375,200 Im,9,2:00.37,Jon Mason,,Akron Zips Classic
Xavier,375,400 Im,1,4:03.42,Patrick Benington,,Magnus Cup Invitational
Xavier,375,400 Im,2,4:05.40,Ethan Leamer,,Magnus Cup Invitational
Xavier,375,400 Im,3,4:05.94,Zak Guenther,,Magnus Cup Invitational
Xavier,375,400 Im,4,4:09.56,Diego Valdes,,NKU vs. Xavier
Xavier,375,400 Im,5,4:10.38,Chase Denigan,,Magnus Cup Invitational
Xavier,375,400 Im,6,4:13.67,Nick Stroh,,Magnus Cup Invitational
Xavier,375,400 Im,7,4:15.55,Matthew Scicchitano,,Magnus Cup Invitational
Xavier,375,400 Im,8,4:18.12,Jon Mason,,NKU vs. Xavier
Xavier,375,50 Free,1,20.42,Sean McGinley,,Magnus Cup Invitational
Xavier,375,50 Free,2,20.69,Matt Fralic,,Magnus Cup Invitational
Xavier,375,50 Free,3,20.72,Aiden Leamer,,Akron Zips Classic
Xavier,375,50 Free,4,20.89,Matt Adanin,,Magnus Cup Invitational
Xavier,375,50 Free,5,20.92,Truman Brun,,Magnus Cup Invitational
Xavier,375,50 Free,6,20.97,Kyle Hudson,,Akron Zips Classic
Xavier,375,50 Free,7,21.28,Colin Jordan,,Magnus Cup Invitational
Xavier,375,50 Free,8,21.48,Luke Peterson,,Magnus Cup Invitational
Xavier,375,50 Free,9,21.72,Josh Martin,,Magnus Cup Invitational
Xavier,375,50 Free,10,21.86,Owen Schwebach,,Akron Zips Classic
Xavier,375,500 Free,1,4:34.56,Luke Peterson,,Magnus Cup Invitational
Xavier,375,500 Free,2,4:37.62,Ethan Leamer,,Magnus Cup Invitational
Xavier,375,500 Free,3,4:38.65,Owen Schwebach,,Magnus Cup Invitational
Xavier,375,500 Free,4,4:39.64,Nick Stroh,,Magnus Cup Invitational
Xavier,375,500 Free,5,4:40.70,Ryan Knipp,,Magnus Cup Invitational
Xavier,375,500 Free,6,4:46.95,Caz Mikula,,Akron Zips Classic
Xavier,375,500 Free,7,4:47.25,Kyle Hudson,,IU Indy Invite
Xavier,375,500 Free,8,4:51.07,Caz Mikula,,Cincinnati vs. Xavier
Yale,376,100 Back,1,47.23,Jake Wang,,Yale vs. Cornell
Yale,376,100 Back,2,47.60,Manoli Mountantonakis,,Ohio State invitational
Yale,376,100 Back,3,47.80,Lars Kuljus,,Ohio State invitational
Yale,376,100 Back,4,47.84,Ethan Guo,,Ohio State invitational
Yale,376,100 Back,5,48.02,Crash Ackerly,,Yale vs. Cornell
Yale,376,100 Back,6,48.15,Lucius Brown,,Yale vs. Cornell
Yale,376,100 Back,7,48.18,Mackey Nurkic Kacapor,,Ohio State invitational
Yale,376,100 Back,8,48.53,Elliot Lee,,Ohio State invitational
Yale,376,100 Back,9,49.35,Christian Lee,,Ohio State invitational
Yale,376,100 Back,10,50.81,Aedan Conners,,Ohio State invitational
Yale,376,100 Breast,1,52.03,Charlie Egeland,,Ohio State invitational
Yale,376,100 Breast,2,52.56,Jake Wang,,Ohio State invitational
Yale,376,100 Breast,3,52.91,Alex Hazlett,,Ohio State invitational
Yale,376,100 Breast,4,53.01,Nareg Minassian,,Ohio State invitational
Yale,376,100 Breast,5,54.10,Jack Saber,,Ohio State invitational
Yale,376,100 Fly,1,44.62,Nick Finch,,Ohio State invitational
Yale,376,100 Fly,2,47.91,Alex Hazlett,,Ohio State invitational
Yale,376,100 Fly,3,47.92,Lars Kuljus,,Ohio State invitational
Yale,376,100 Fly,4,48.34,Mackey Nurkic Kacapor,,Penn State vs. Yale
Yale,376,100 Fly,5,48.66,Lucius Brown,,Ohio State invitational
Yale,376,100 Fly,6,48.68,Crash Ackerly,,Ohio State invitational
Yale,376,100 Fly,7,49.34,Nareg Minassian,,Ohio State invitational
Yale,376,100 Fly,8,49.56,Henry Webb,,Ohio State invitational
Yale,376,100 Fly,9,49.73,Ethan Guo,,UPENN vs Dartmouth vs Yale
Yale,376,100 Fly,10,50.88,Konstantinos Zachariadis,,Ohio State invitational
Yale,376,100 Free,1,42.24,Nick Finch,,Ohio State invitational
Yale,376,100 Free,2,42.92,Deny Nankov,,Ohio State invitational
Yale,376,100 Free,3,43.93,Lars Kuljus,,Ohio State invitational
Yale,376,100 Free,4,44.05,Henry Webb,,Ohio State invitational
Yale,376,100 Free,5,44.45,Nareg Minassian,,Ohio State invitational
Yale,376,100 Free,6,44.48,Noah Millard,,Brown vs. Yale
Yale,376,100 Free,7,44.51,Mackey Nurkic Kacapor,,Ohio State invitational
Yale,376,100 Free,8,44.63,Jake Wang,,UPENN vs Dartmouth vs Yale
Yale,376,100 Free,9,44.65,Lucius Brown,,Ohio State invitational
Yale,376,100 Free,10,44.73,Alex Hazlett,,Ohio State invitational
Yale,376,1000 Free,1,9:00.00,Noah Millard,,Ohio State invitational
Yale,376,1000 Free,2,9:05.90,Arshak HAMBARDZUMYAN,,Penn State vs. Yale
Yale,376,1000 Free,3,9:21.42,Jose Cano Figueroa,,Penn State vs. Yale
Yale,376,1000 Free,4,9:23.01,Konstantinos Zachariadis,,Ohio State invitational
Yale,376,1000 Free,5,9:27.97,Finn Henry,,Ohio State invitational
Yale,376,1650 Free,1,14:52.11,Noah Millard,,Ohio State invitational
Yale,376,1650 Free,2,15:04.88,Arshak HAMBARDZUMYAN,,Ohio State invitational
Yale,376,1650 Free,3,15:34.93,Konstantinos Zachariadis,,Ohio State invitational
Yale,376,1650 Free,4,15:42.16,Finn Henry,,Ohio State invitational
Yale,376,200 Back,1,1:43.65,Mackey Nurkic Kacapor,,Ohio State invitational
Yale,376,200 Back,2,1:43.89,Manoli Mountantonakis,,Ohio State invitational
Yale,376,200 Back,3,1:44.31,Crash Ackerly,,Yale vs. Cornell
Yale,376,200 Back,4,1:46.31,Ethan Guo,,Ohio State invitational
Yale,376,200 Back,5,1:46.82,Elliot Lee,,Yale vs. Cornell
Yale,376,200 Back,6,1:46.93,Aedan Conners,,Ohio State invitational
Yale,376,200 Back,7,1:48.23,Noah Millard,,Brown vs. Yale
Yale,376,200 Back,8,1:48.67,Christian Lee,,UPENN vs Dartmouth vs Yale
Yale,376,200 Back,9,1:53.74,Peter Michalik,,Ohio State invitational
Yale,376,200 Breast,1,1:55.56,Charlie Egeland,,Ohio State invitational
Yale,376,200 Breast,2,1:58.11,Jake Wang,,Ohio State invitational
Yale,376,200 Breast,3,1:58.80,Jiawen Li,,Ohio State invitational
Yale,376,200 Breast,4,1:58.96,Jack Saber,,Ohio State invitational
Yale,376,200 Breast,5,2:04.57,Nareg Minassian,,UPENN vs Dartmouth vs Yale
Yale,376,200 Breast,6,2:11.28,Christian Lee,,Brown vs. Yale
Yale,376,200 Fly,1,1:46.05,Jiawen Li,,UPENN vs Dartmouth vs Yale
Yale,376,200 Fly,2,1:47.16,Charlie Egeland,,Yale vs. Cornell
Yale,376,200 Fly,3,1:47.87,Nick Finch,,Penn State vs. Yale
Yale,376,200 Fly,4,1:48.38,Christian Lee,,UPENN vs Dartmouth vs Yale
Yale,376,200 Fly,5,1:48.76,Elliot Lee,,Penn State vs. Yale
Yale,376,200 Fly,6,1:50.03,Konstantinos Zachariadis,,Ohio State invitational
Yale,376,200 Fly,7,1:50.33,Jose Cano Figueroa,,Yale vs. Cornell
Yale,376,200 Fly,8,1:53.24,Alex Hazlett,,Brown vs. Yale
Yale,376,200 Fly,9,1:53.95,Henry Webb,,Brown vs. Yale
Yale,376,200 Free,1,1:34.22,Noah Millard,,Ohio State invitational
Yale,376,200 Free,2,1:35.65,Mackey Nurkic Kacapor,,Ohio State invitational
Yale,376,200 Free,3,1:35.67,Lars Kuljus,,Ohio State invitational
Yale,376,200 Free,4,1:35.74,Deny Nankov,,Ohio State invitational
Yale,376,200 Free,5,1:35.88,Jake Wang,,UPENN vs Dartmouth vs Yale
Yale,376,200 Free,6,1:36.18,Henry Webb,,Ohio State invitational
Yale,376,200 Free,7,1:37.34,Jose Cano Figueroa,,Ohio State invitational
Yale,376,200 Free,8,1:38.99,Ethan Guo,,Ohio State invitational
Yale,376,200 Free,9,1:40.18,Finn Henry,,Ohio State invitational
Yale,376,200 Free,10,1:40.67,Aedan Conners,,Ohio State invitational
Yale,376,200 Im,1,1:45.07,Jake Wang,,Ohio State invitational
Yale,376,200 Im,2,1:45.90,Alex Hazlett,,Ohio State invitational
Yale,376,200 Im,3,1:46.63,Jiawen Li,,UPENN vs Dartmouth vs Yale
Yale,376,200 Im,4,1:46.68,Elliot Lee,,Ohio State invitational
Yale,376,200 Im,5,1:49.20,Henry Webb,,Ohio State invitational
Yale,376,200 Im,6,1:49.33,Christian Lee,,Ohio State invitational
Yale,376,200 Im,7,1:49.68,Charlie Egeland,,Ohio State invitational
Yale,376,200 Im,8,1:49.80,Manoli Mountantonakis,,Ohio State invitational
Yale,376,200 Im,9,1:50.45,Crash Ackerly,,Ohio State invitational
Yale,376,400 Im,1,3:49.79,Jiawen Li,,Ohio State invitational
Yale,376,400 Im,2,3:52.84,Arshak HAMBARDZUMYAN,,Ohio State invitational
Yale,376,400 Im,3,3:53.23,Elliot Lee,,Ohio State invitational
Yale,376,400 Im,4,3:54.50,Manoli Mountantonakis,,Ohio State invitational
Yale,376,400 Im,5,3:59.84,Christian Lee,,Ohio State invitational
Yale,376,50 Free,1,18.96,Nick Finch,,Ohio State invitational
Yale,376,50 Free,2,19.84,Jake Wang,,Ohio State invitational
Yale,376,50 Free,3,20.01,Deny Nankov,,Ohio State invitational
Yale,376,50 Free,4,20.11,Nareg Minassian,,Ohio State invitational
Yale,376,50 Free,5,20.12,Mackey Nurkic Kacapor,,Ohio State invitational
Yale,376,50 Free,6,20.27,Alex Hazlett,,Ohio State invitational
Yale,376,50 Free,7,20.34,Lars Kuljus,,Ohio State invitational
Yale,376,50 Free,8,20.46,Lucius Brown,,Yale vs. Cornell
Yale,376,50 Free,9,20.55,Jiawen Li,,Penn State vs. Yale
Yale,376,50 Free,10,20.78,Crash Ackerly,,Ohio State invitational
Yale,376,500 Free,1,4:14.51,Noah Millard,,Ohio State invitational
Yale,376,500 Free,2,4:21.14,Arshak HAMBARDZUMYAN,,Ohio State invitational
Yale,376,500 Free,3,4:27.76,Jose Cano Figueroa,,Ohio State invitational
Yale,376,500 Free,4,4:28.35,Henry Webb,,Ohio State invitational
Yale,376,500 Free,5,4:29.86,Finn Henry,,Ohio State invitational
Yale,376,500 Free,6,4:30.97,Lars Kuljus,,UPENN vs Dartmouth vs Yale
Yale,376,500 Free,7,4:35.13,Konstantinos Zachariadis,,Ohio State invitational
Yale,376,500 Free,8,4:36.67,Aedan Conners,,Ohio State invitational
Youngstown State,378,100 Back,1,47.66,Quinn Cynor,,YSU Invitational
Youngstown State,378,100 Back,2,48.44,Elliot Elmore,,YSU Invitational
Youngstown State,378,100 Back,3,49.00,Pablo Santos,,YSU Invitational
Youngstown State,378,100 Back,4,50.37,Jacob Gramer,,Zippy Invitational
Youngstown State,378,100 Back,5,50.61,Reid Withey,,Zippy Invitational
Youngstown State,378,100 Back,6,52.67,Ethan Ferroni,,YSU Invitational
Youngstown State,378,100 Back,7,52.91,Jameson Cooke,,Zippy Invitational
Youngstown State,378,100 Back,8,54.94,David Grant,,Zippy Invitational
Youngstown State,378,100 Back,9,55.27,Chase Fyffe,,YSU Invitational
Youngstown State,378,100 Back,10,56.17,Trent Wakefield,,YSU Invitational
Youngstown State,378,100 Breast,1,53.42,James Slessor,,Zippy Invitational
Youngstown State,378,100 Breast,2,54.30,Adrian Andres Moreno,,Zippy Invitational
Youngstown State,378,100 Breast,3,55.85,Dom Panozzo,,Youngstown State vs. IU Indy
Youngstown State,378,100 Breast,4,56.27,Jude Carlton,,Zippy Invitational
Youngstown State,378,100 Breast,5,57.01,Moritz Bayer,,Zippy Invitational
Youngstown State,378,100 Breast,6,57.21,Noah Smith,,Zippy Invitational
Youngstown State,378,100 Breast,7,57.55,Seth Thomas,,YSU Invitational
Youngstown State,378,100 Breast,8,1:02.13,Ethan Woycehoski,,Youngstown St vs. Oakland
Youngstown State,378,100 Fly,1,47.45,Lorenz Beck,,Zippy Invitational
Youngstown State,378,100 Fly,2,47.84,Quinn Cynor,,YSU Invitational
Youngstown State,378,100 Fly,3,47.99,Jacob Gramer,,Zippy Invitational
Youngstown State,378,100 Fly,4,48.04,Noah Smith,,Zippy Invitational
Youngstown State,378,100 Fly,5,48.93,Valér Kennedy,,YSU Invitational
Youngstown State,378,100 Fly,6,50.71,Chase Fyffe,,Youngstown State vs. IU Indy - Day 2
Youngstown State,378,100 Fly,7,51.41,Pablo Santos,,Akron Zips Classic
Youngstown State,378,100 Fly,8,52.17,James Slessor,,YSU Invitational
Youngstown State,378,100 Fly,9,52.45,Joey Lundgren,,Zippy Invitational
Youngstown State,378,100 Fly,10,53.06,Jameson Cooke,,Zippy Invitational
Youngstown State,378,100 Free,1,44.08,Quinn Cynor,,Zippy Invitational
Youngstown State,378,100 Free,2,44.26,Noah Smith,,Zippy Invitational
Youngstown State,378,100 Free,3,44.61,Jacob Gramer,,Zippy Invitational
Youngstown State,378,100 Free,4,44.75,Pablo Santos,,Zippy Invitational
Youngstown State,378,100 Free,5,44.77,Lorenz Beck,,YSU Invitational
Youngstown State,378,100 Free,6,45.66,Reid Withey,,YSU Invitational
Youngstown State,378,100 Free,7,46.71,Elliot Elmore,,YSU Invitational
Youngstown State,378,100 Free,8,47.38,Valér Kennedy,,YSU Red vs White Intrasquad
Youngstown State,378,100 Free,9,47.65,Adrian Andres Moreno,,Zippy Invitational
Youngstown State,378,100 Free,10,48.12,Seif Elbatal,,Youngstown St vs. Oakland - Friday
Youngstown State,378,1000 Free,1,9:29.92,Şan Askin,,YSU Invitational
Youngstown State,378,1000 Free,2,9:42.39,Seif Elbatal,,Youngstown State vs. IU Indy
Youngstown State,378,1000 Free,3,10:00.21,Quinn Harman,,YSU Invitational
Youngstown State,378,1000 Free,4,10:01.18,Ethan Woycehoski,,YSU Invitational
Youngstown State,378,1000 Free,5,10:02.20,Trent Wakefield,,Zippy Invitational
Youngstown State,378,1000 Free,6,10:03.96,David Grant,,Zippy Invitational
Youngstown State,378,1000 Free,7,10:20.96,Jameson Cooke,,YSU Red vs White Intrasquad
Youngstown State,378,1650 Free,1,15:44.40,Şan Askin,,Akron Zips Classic
Youngstown State,378,1650 Free,2,16:07.93,Seif Elbatal,,Youngstown State vs. IU Indy
Youngstown State,378,1650 Free,3,16:33.31,Ethan Woycehoski,,YSU Invitational
Youngstown State,378,1650 Free,4,16:36.15,Quinn Harman,,YSU Invitational
Youngstown State,378,1650 Free,5,16:42.56,David Grant,,YSU Invitational
Youngstown State,378,1650 Free,6,16:45.00,Trent Wakefield,,Zippy Invitational
Youngstown State,378,200 Back,1,1:47.27,Pablo Santos,,Zippy Invitational
Youngstown State,378,200 Back,2,1:48.58,Quinn Cynor,,Akron Zips Classic
Youngstown State,378,200 Back,3,1:52.10,Elliot Elmore,,Akron Zips Classic
Youngstown State,378,200 Back,4,1:57.91,Ethan Ferroni,,Youngstown St vs. Oakland - Friday
Youngstown State,378,200 Back,5,2:02.35,Chase Fyffe,,Youngstown St vs. Oakland - Friday
Youngstown State,378,200 Breast,1,2:00.71,Dom Panozzo,,Zippy Invitational
Youngstown State,378,200 Breast,2,2:00.82,Adrian Andres Moreno,,YSU Invitational
Youngstown State,378,200 Breast,3,2:01.47,James Slessor,,Zippy Invitational
Youngstown State,378,200 Breast,4,2:07.10,Jude Carlton,,Zippy Invitational
Youngstown State,378,200 Breast,5,2:09.15,Moritz Bayer,,Zippy Invitational
Youngstown State,378,200 Breast,6,2:11.59,Seth Thomas,,YSU Invitational
Youngstown State,378,200 Fly,1,1:45.86,Quinn Cynor,,Zippy Invitational
Youngstown State,378,200 Fly,2,1:46.61,Valér Kennedy,,YSU Invitational
Youngstown State,378,200 Fly,3,1:49.31,Lorenz Beck,,Zippy Invitational
Youngstown State,378,200 Fly,4,1:54.21,Jameson Cooke,,Zippy Invitational
Youngstown State,378,200 Fly,5,1:55.68,Trent Wakefield,,Akron Zips Classic
Youngstown State,378,200 Fly,6,1:56.15,Chase Fyffe,,Zippy Invitational
Youngstown State,378,200 Fly,7,1:58.51,Seif Elbatal,,Akron Zips Classic
Youngstown State,378,200 Fly,8,2:01.65,Quinn Harman,,YSU Invitational
Youngstown State,378,200 Fly,9,2:25.18,Moritz Bayer,,YSU Red vs White Intrasquad
Youngstown State,378,200 Free,1,1:34.71,Quinn Cynor,,Zippy Invitational
Youngstown State,378,200 Free,2,1:38.18,Pablo Santos,,Zippy Invitational
Youngstown State,378,200 Free,3,1:38.41,Noah Smith,,Zippy Invitational
Youngstown State,378,200 Free,4,1:39.19,Lorenz Beck,,YSU Invitational
Youngstown State,378,200 Free,5,1:40.31,Valér Kennedy,,Zippy Invitational
Youngstown State,378,200 Free,6,1:42.29,Seif Elbatal,,Zippy Invitational
Youngstown State,378,200 Free,7,1:43.61,Ethan Woycehoski,,Zippy Invitational
Youngstown State,378,200 Free,8,1:45.68,David Grant,,YSU Invitational
Youngstown State,378,200 Free,9,1:46.27,Jameson Cooke,,Cleveland State vs. Youngstown State
Youngstown State,378,200 Free,10,1:48.31,Elliot Elmore,,Zippy Invitational
Youngstown State,378,200 Im,1,1:46.97,Quinn Cynor,,Zippy Invitational
Youngstown State,378,200 Im,2,1:51.05,Elliot Elmore,,YSU Invitational
Youngstown State,378,200 Im,3,1:52.76,Jameson Cooke,,Zippy Invitational
Youngstown State,378,200 Im,4,1:52.92,James Slessor,,Zippy Invitational
Youngstown State,378,200 Im,5,1:53.10,Adrian Andres Moreno,,Zippy Invitational
Youngstown State,378,200 Im,6,1:55.60,Trent Wakefield,,Zippy Invitational
Youngstown State,378,200 Im,7,2:03.21,Şan Askin,,Youngstown St vs. Oakland - Friday
Youngstown State,378,200 Im,8,2:03.28,David Grant,,Youngstown St vs. Oakland - Friday
Youngstown State,378,200 Im,9,2:04.16,Ethan Ferroni,,Akron Zips Classic
Youngstown State,378,200 Im,10,2:07.55,Ethan Woycehoski,,Youngstown St vs. Oakland - Friday
Youngstown State,378,400 Im,1,4:02.71,Jameson Cooke,,YSU Invitational
Youngstown State,378,400 Im,2,4:05.94,Trent Wakefield,,YSU Invitational
Youngstown State,378,400 Im,3,4:07.75,Şan Askin,,Zippy Invitational
Youngstown State,378,400 Im,4,4:15.51,David Grant,,YSU Invitational
Youngstown State,378,400 Im,5,4:20.36,Ethan Woycehoski,,YSU Red vs White Intrasquad
Youngstown State,378,400 Im,6,4:24.03,Quinn Harman,,YSU Invitational
Youngstown State,378,400 Im,7,4:28.16,Ethan Ferroni,,Akron Zips Classic
Youngstown State,378,50 Free,1,20.13,Jacob Gramer,,Zippy Invitational
Youngstown State,378,50 Free,2,20.15,Noah Smith,,Zippy Invitational
Youngstown State,378,50 Free,3,20.23,Lorenz Beck,,Zippy Invitational
Youngstown State,378,50 Free,4,20.39,Quinn Cynor,,Zippy Invitational
Youngstown State,378,50 Free,5,20.47,Reid Withey,,Zippy Invitational
Youngstown State,378,50 Free,6,20.71,Pablo Santos,,YSU Invitational
Youngstown State,378,50 Free,7,20.77,Elliot Elmore,,YSU Invitational
Youngstown State,378,50 Free,8,20.92,Valér Kennedy,,Zippy Invitational
Youngstown State,378,50 Free,9,21.21,Adrian Andres Moreno,,YSU Invitational
Youngstown State,378,50 Free,10,21.50,Moritz Bayer,,Zippy Invitational
Youngstown State,378,500 Free,1,4:22.97,Quinn Cynor,,YSU Invitational
Youngstown State,378,500 Free,2,4:33.41,Şan Askin,,Zippy Invitational
Youngstown State,378,500 Free,3,4:36.28,Lorenz Beck,,YSU Invitational
Youngstown State,378,500 Free,4,4:36.47,Seif Elbatal,,Zippy Invitational
Youngstown State,378,500 Free,5,4:41.70,Ethan Woycehoski,,Zippy Invitational
Youngstown State,378,500 Free,6,4:42.61,Valér Kennedy,,Youngstown State vs. IU Indy - Day 2
Youngstown State,378,500 Free,7,4:44.93,David Grant,,Zippy Invitational
Youngstown State,378,500 Free,8,4:46.81,Quinn Harman,,YSU Invitational
Youngstown State,378,500 Free,9,4:56.84,Trent Wakefield,,Youngstown St vs. Oakland
