school_name,team_id,event,rank,time,swimmer,year,meet
Air Force,337,100 Back,1,54.92,Kai-min Tsuei,,Phill Hansel Invitational
Air Force,337,100 Back,2,55.54,Addy Forbes,,Phill Hansel Invitational
Air Force,337,100 Back,3,55.97,Brynn Bond,,Phill Hansel Invitational
Air Force,337,100 Back,4,56.47,Sadie Hartig,,Phill Hansel Invitational
Air Force,337,100 Back,5,56.85,Eliza Black,,Phill Hansel Invitational
Air Force,337,100 Back,6,57.20,Hanah Sistrunk,,"Air Force vs. Colorado State, New Mexico"
Air Force,337,100 Back,7,57.21,Kylie Landry,,Seattle vs. Air Force
Air Force,337,100 Back,8,58.62,Hanani Dona,,"Air Force vs. Denver, LSU, Wyoming"
Air Force,337,100 Back,9,58.63,Amber Martin,,Phill Hansel Invitational
Air Force,337,100 Back,10,58.87,Ella Rose donlin,,Phill Hansel Invitational
Air Force,337,100 Breast,1,1:01.07,Naomi Furman,,Phill Hansel Invitational
Air Force,337,100 Breast,2,1:03.01,Mandy Fleetwood,,Gary Ota Memorial Invite
Air Force,337,100 Breast,3,1:03.01,Maeve Linscott,,Phill Hansel Invitational
Air Force,337,100 Breast,4,1:04.62,Reagan Kampschror,,Gary Ota Memorial Invite
Air Force,337,100 Breast,5,1:06.57,Jessie McNeil,,Phill Hansel Invitational
Air Force,337,100 Breast,6,1:08.34,Jordan Evans,,Front Range Invite
Air Force,337,100 Breast,7,1:10.64,Kat Putchinski,,Front Range Invite
Air Force,337,100 Breast,8,1:11.52,Ella Rudik,,Front Range Invite
Air Force,337,100 Fly,1,55.10,Amber Martin,,Phill Hansel Invitational
Air Force,337,100 Fly,2,55.13,Natalie Doig,,Phill Hansel Invitational
Air Force,337,100 Fly,3,55.35,Ryan Mills,,Phill Hansel Invitational
Air Force,337,100 Fly,4,55.40,Hannah Le,,Phill Hansel Invitational
Air Force,337,100 Fly,5,56.64,Lily Bachl,,Phill Hansel Invitational
Air Force,337,100 Fly,6,56.69,Jena Nowoswiat,,Phill Hansel Invitational
Air Force,337,100 Fly,7,57.00,Abigail Hardy,,Seattle vs. Air Force
Air Force,337,100 Fly,8,57.48,Mandy Fleetwood,,Gary Ota Memorial Invite
Air Force,337,100 Fly,9,57.48,Addison Fuchs,,Phill Hansel Invitational
Air Force,337,100 Fly,10,57.59,Maeve Linscott,,Phill Hansel Invitational
Air Force,337,100 Free,1,49.92,Ryan Mills,,Phill Hansel Invitational
Air Force,337,100 Free,2,50.05,Lily Larson,,Phill Hansel Invitational
Air Force,337,100 Free,3,51.12,Lily Bachl,,Phill Hansel Invitational
Air Force,337,100 Free,4,51.54,Amber Martin,,Phill Hansel Invitational
Air Force,337,100 Free,5,51.72,Hannah Seal,,AIR FORCE
Air Force,337,100 Free,6,51.77,Natalie Doig,,AIR FORCE
Air Force,337,100 Free,7,51.84,Brynn Bond,,AIR FORCE
Air Force,337,100 Free,8,51.86,Ella Rose donlin,,Phill Hansel Invitational
Air Force,337,100 Free,9,51.98,Hannah Le,,Phill Hansel Invitational
Air Force,337,100 Free,10,52.51,Hanah Sistrunk,,Seattle vs. Air Force
Air Force,337,1000 Free,1,10:05.38,Katie Andrist,,Phill Hansel Invitational
Air Force,337,1000 Free,2,10:11.01,Abby Miller,,Seattle vs. Air Force
Air Force,337,1000 Free,3,10:22.36,Grace Nickell,,Seattle vs. Air Force
Air Force,337,1000 Free,4,10:32.25,Sadie Hartig,,Air Force vs. Northern Colorado
Air Force,337,1000 Free,5,10:32.99,Zoe Bresnahan,,AIR FORCE
Air Force,337,1000 Free,6,10:41.97,Yvy La,,Phill Hansel Invitational
Air Force,337,1000 Free,7,11:06.53,Nat Gembicki,,"Air Force vs. Denver, LSU, Wyoming"
Air Force,337,1000 Free,8,11:17.20,Jordan Evans,,Gary Ota Memorial Invite
Air Force,337,1650 Free,1,16:43.29,Katie Andrist,,Phill Hansel Invitational
Air Force,337,1650 Free,2,16:55.32,Abby Miller,,Phill Hansel Invitational
Air Force,337,1650 Free,3,17:29.47,Grace Nickell,,Phill Hansel Invitational
Air Force,337,1650 Free,4,17:32.05,Zoe Bresnahan,,Phill Hansel Invitational
Air Force,337,1650 Free,5,17:36.98,Yvy La,,Phill Hansel Invitational
Air Force,337,1650 Free,6,18:28.14,Nat Gembicki,,Front Range Invite
Air Force,337,1650 Free,7,18:34.63,Jordan Evans,,Gary Ota Memorial Invite
Air Force,337,200 Back,1,1:58.93,Sadie Hartig,,Phill Hansel Invitational
Air Force,337,200 Back,2,1:59.44,Brynn Bond,,Seattle vs. Air Force
Air Force,337,200 Back,3,1:59.68,Addy Forbes,,Phill Hansel Invitational
Air Force,337,200 Back,4,1:59.86,Kai-min Tsuei,,Phill Hansel Invitational
Air Force,337,200 Back,5,2:00.20,Hanah Sistrunk,,Phill Hansel Invitational
Air Force,337,200 Back,6,2:02.28,Hanani Dona,,Phill Hansel Invitational
Air Force,337,200 Back,7,2:03.68,Kylie Landry,,Phill Hansel Invitational
Air Force,337,200 Back,8,2:04.27,Addison Fuchs,,Phill Hansel Invitational
Air Force,337,200 Back,9,2:04.67,Abigail Hardy,,Seattle vs. Air Force
Air Force,337,200 Back,10,2:06.05,Jordan Evans,,Gary Ota Memorial Invite
Air Force,337,200 Breast,1,2:12.74,Naomi Furman,,Phill Hansel Invitational
Air Force,337,200 Breast,2,2:14.86,Maeve Linscott,,Phill Hansel Invitational
Air Force,337,200 Breast,3,2:18.56,Reagan Kampschror,,AIR FORCE
Air Force,337,200 Breast,4,2:19.30,Mandy Fleetwood,,Gary Ota Memorial Invite
Air Force,337,200 Breast,5,2:20.71,Kat Putchinski,,Phill Hansel Invitational
Air Force,337,200 Breast,6,2:21.24,Hanani Dona,,Seattle vs. Air Force
Air Force,337,200 Breast,7,2:25.20,Jessie McNeil,,Gary Ota Memorial Invite
Air Force,337,200 Breast,8,2:25.73,Jordan Evans,,Front Range Invite
Air Force,337,200 Breast,9,2:29.25,Hanah Sistrunk,,AIR FORCE
Air Force,337,200 Breast,10,2:29.58,Ella Rudik,,Seattle vs. Air Force
Air Force,337,200 Fly,1,2:01.41,Natalie Doig,,Phill Hansel Invitational
Air Force,337,200 Fly,2,2:01.99,Jena Nowoswiat,,AIR FORCE
Air Force,337,200 Fly,3,2:03.27,Hannah Le,,Phill Hansel Invitational
Air Force,337,200 Fly,4,2:03.55,Abigail Hardy,,Seattle vs. Air Force
Air Force,337,200 Fly,5,2:04.98,Grace Nickell,,Phill Hansel Invitational
Air Force,337,200 Fly,6,2:05.06,Kat Putchinski,,Phill Hansel Invitational
Air Force,337,200 Fly,7,2:06.47,Ella Rudik,,Phill Hansel Invitational
Air Force,337,200 Fly,8,2:06.66,Hanani Dona,,Seattle vs. Air Force
Air Force,337,200 Fly,9,2:08.45,Amber Martin,,Front Range Invite
Air Force,337,200 Fly,10,2:09.87,Yvy La,,Phill Hansel Invitational
Air Force,337,200 Free,1,1:47.86,Lily Larson,,Phill Hansel Invitational
Air Force,337,200 Free,2,1:49.09,Sadie Hartig,,Phill Hansel Invitational
Air Force,337,200 Free,3,1:49.30,Brynn Bond,,Phill Hansel Invitational
Air Force,337,200 Free,4,1:50.53,Natalie Doig,,Phill Hansel Invitational
Air Force,337,200 Free,5,1:50.67,Ryan Mills,,Phill Hansel Invitational
Air Force,337,200 Free,6,1:50.69,Hannah Seal,,Seattle vs. Air Force
Air Force,337,200 Free,7,1:51.22,Hanah Sistrunk,,Seattle vs. Air Force
Air Force,337,200 Free,8,1:52.98,Kaitlyn Surratt,,AIR FORCE
Air Force,337,200 Free,9,1:53.68,Ella Rose donlin,,Phill Hansel Invitational
Air Force,337,200 Free,10,1:53.81,Hannah Le,,Phill Hansel Invitational
Air Force,337,200 Im,1,2:01.57,Naomi Furman,,Phill Hansel Invitational
Air Force,337,200 Im,2,2:03.58,Sadie Hartig,,AIR FORCE
Air Force,337,200 Im,3,2:04.00,Hanah Sistrunk,,Phill Hansel Invitational
Air Force,337,200 Im,4,2:04.20,Brynn Bond,,Seattle vs. Air Force
Air Force,337,200 Im,5,2:05.26,Maeve Linscott,,Phill Hansel Invitational
Air Force,337,200 Im,6,2:05.43,Jordan Evans,,Front Range Invite
Air Force,337,200 Im,7,2:05.60,Addy Forbes,,Phill Hansel Invitational
Air Force,337,200 Im,8,2:05.86,Hanani Dona,,Seattle vs. Air Force
Air Force,337,200 Im,9,2:06.44,Mandy Fleetwood,,Gary Ota Memorial Invite
Air Force,337,200 Im,10,2:07.03,Ella Rudik,,Phill Hansel Invitational
Air Force,337,400 Im,1,4:21.94,Hanah Sistrunk,,Phill Hansel Invitational
Air Force,337,400 Im,2,4:24.72,Grace Nickell,,Phill Hansel Invitational
Air Force,337,400 Im,3,4:24.86,Abby Miller,,Phill Hansel Invitational
Air Force,337,400 Im,4,4:25.34,Jena Nowoswiat,,AIR FORCE
Air Force,337,400 Im,5,4:26.73,Jordan Evans,,"Air Force vs. Denver, LSU, Wyoming"
Air Force,337,400 Im,6,4:28.21,Ella Rudik,,Phill Hansel Invitational
Air Force,337,400 Im,7,4:30.00,Hanani Dona,,Phill Hansel Invitational
Air Force,337,400 Im,8,4:30.71,Jessie McNeil,,Phill Hansel Invitational
Air Force,337,400 Im,9,4:31.82,Kat Putchinski,,AIR FORCE
Air Force,337,400 Im,10,4:34.03,Naomi Furman,,Front Range Invite
Air Force,337,50 Free,1,23.26,Ryan Mills,,Phill Hansel Invitational
Air Force,337,50 Free,2,23.37,Kai-min Tsuei,,Phill Hansel Invitational
Air Force,337,50 Free,3,23.42,Lily Bachl,,Phill Hansel Invitational
Air Force,337,50 Free,4,23.48,Amber Martin,,Phill Hansel Invitational
Air Force,337,50 Free,5,23.68,Eliza Black,,Phill Hansel Invitational
Air Force,337,50 Free,6,23.85,Ella Rose donlin,,Phill Hansel Invitational
Air Force,337,50 Free,7,23.87,Brynn Bond,,Phill Hansel Invitational
Air Force,337,50 Free,8,23.91,Natalie Doig,,Phill Hansel Invitational
Air Force,337,50 Free,9,23.94,Lily Larson,,Phill Hansel Invitational
Air Force,337,50 Free,10,24.11,Sadie Hartig,,Seattle vs. Air Force
Air Force,337,500 Free,1,4:53.03,Katie Andrist,,AIR FORCE
Air Force,337,500 Free,2,4:53.18,Sadie Hartig,,Phill Hansel Invitational
Air Force,337,500 Free,3,4:53.72,Lily Larson,,Phill Hansel Invitational
Air Force,337,500 Free,4,4:54.14,Brynn Bond,,Phill Hansel Invitational
Air Force,337,500 Free,5,4:55.44,Abby Miller,,Phill Hansel Invitational
Air Force,337,500 Free,6,4:58.61,Hannah Seal,,AIR FORCE
Air Force,337,500 Free,7,4:58.75,Natalie Doig,,Phill Hansel Invitational
Air Force,337,500 Free,8,4:59.79,Kylie Landry,,Phill Hansel Invitational
Air Force,337,500 Free,9,5:04.27,Grace Nickell,,Phill Hansel Invitational
Air Force,337,500 Free,10,5:05.11,Kaitlyn Surratt,,AIR FORCE
Alabama,65,100 Back,1,50.61,Emily Jones,,UGA Fall Invitational
Alabama,65,100 Back,2,52.76,Ella Menear,,Alabama vs Georgia Tech
Alabama,65,100 Back,3,53.44,Gaby Van Brunt,,UGA Fall Invitational
Alabama,65,100 Back,4,54.57,Mazie Paradis,,Alabama vs Georgia Tech
Alabama,65,100 Back,5,54.65,Kate Christian,,UGA Fall Invitational
Alabama,65,100 Breast,1,59.80,Jada Scott,,UGA Fall Invitational
Alabama,65,100 Breast,2,59.92,Charlotte Rosendale,,Alabama vs Georgia Tech
Alabama,65,100 Breast,3,1:01.25,Sydney Blackhurst,,UGA Fall Invitational
Alabama,65,100 Breast,4,1:01.76,Madyson Hartway,,Alabama vs Texas
Alabama,65,100 Breast,5,1:02.49,Nell Cagle,,Alabama vs. Delta State
Alabama,65,100 Fly,1,51.01,Gaby Van Brunt,,UGA Fall Invitational
Alabama,65,100 Fly,2,51.53,Emily Jones,,UGA Fall Invitational
Alabama,65,100 Fly,3,52.19,Tessa Giele,,Alabama vs Georgia Tech
Alabama,65,100 Fly,4,52.68,Victoria Raymond,,Alabama vs Georgia Tech
Alabama,65,100 Fly,5,54.80,Isabella Osborn,,Alabama vs Georgia Tech
Alabama,65,100 Fly,6,55.22,Sarah Parker,,UGA Fall Invitational
Alabama,65,100 Fly,7,55.83,Glenda Abonyi Toth,,UGA Fall Invitational
Alabama,65,100 Fly,8,56.89,Maggie Robbins,,UGA Fall Invitational
Alabama,65,100 Fly,9,56.98,Isabella Chavez-Varela,,UGA Fall Invitational
Alabama,65,100 Fly,10,58.07,Sydney Sanders,,UGA Fall Invitational
Alabama,65,100 Free,1,47.85,Cadence Vincent,,UGA Fall Invitational
Alabama,65,100 Free,2,47.93,Gaby Van Brunt,,UGA Fall Invitational
Alabama,65,100 Free,3,48.79,Jada Scott,,UGA Fall Invitational
Alabama,65,100 Free,4,48.97,Charlotte Rosendale,,UGA Fall Invitational
Alabama,65,100 Free,5,50.35,Emma Sundermeyer,,UGA Fall Invitational
Alabama,65,100 Free,6,50.54,Sarah Parker,,Alabama vs Georgia Tech
Alabama,65,100 Free,7,50.71,Mazie Paradis,,UGA Fall Invitational
Alabama,65,100 Free,8,50.84,Ella Jones,,UGA Fall Invitational
Alabama,65,100 Free,9,51.17,Victoria Raymond,,UGA Fall Invitational
Alabama,65,100 Free,10,51.41,Maggie Robbins,,Alabama vs Texas
Alabama,65,1000 Free,1,9:41.85,Mackenzie Brandt,,Alabama vs Georgia Tech
Alabama,65,1000 Free,2,9:56.95,Stella Grace Watts,,Alabama vs Georgia Tech
Alabama,65,1000 Free,3,10:03.49,Lolly Milbaum,,Alabama vs Georgia Tech
Alabama,65,1650 Free,1,16:35.30,Stella Grace Watts,,UGA Fall Invitational
Alabama,65,200 Back,1,1:53.51,Emily Jones,,UGA Fall Invitational
Alabama,65,200 Back,2,1:56.22,Kate Christian,,Alabama vs Texas
Alabama,65,200 Back,3,1:56.82,Ella Menear,,UGA Fall Invitational
Alabama,65,200 Back,4,1:58.52,Mazie Paradis,,Alabama vs Georgia Tech
Alabama,65,200 Breast,1,2:12.46,Sydney Sanders,,UGA Fall Invitational
Alabama,65,200 Breast,2,2:13.61,Sydney Blackhurst,,UGA Fall Invitational
Alabama,65,200 Breast,3,2:14.24,Madyson Hartway,,Alabama vs Georgia Tech
Alabama,65,200 Breast,4,2:20.24,Nell Cagle,,Alabama vs. Delta State
Alabama,65,200 Fly,1,1:56.36,Gaby Van Brunt,,Alabama vs Georgia Tech
Alabama,65,200 Fly,2,1:56.88,Victoria Raymond,,Alabama vs Texas
Alabama,65,200 Fly,3,1:58.60,Isabella Chavez-Varela,,Alabama vs Texas
Alabama,65,200 Fly,4,2:01.01,Glenda Abonyi Toth,,Alabama vs Georgia Tech
Alabama,65,200 Free,1,1:46.91,Ella Jones,,UGA Fall Invitational
Alabama,65,200 Free,2,1:47.17,Emma Sundermeyer,,Alabama vs Georgia Tech
Alabama,65,200 Free,3,1:47.20,Mackenzie Brandt,,UGA Fall Invitational
Alabama,65,200 Free,4,1:48.05,Victoria Raymond,,Alabama vs Georgia Tech
Alabama,65,200 Free,5,1:48.12,Cadence Vincent,,Alabama vs. Delta State
Alabama,65,200 Free,6,1:48.46,Stella Grace Watts,,UGA Fall Invitational
Alabama,65,200 Free,7,1:50.06,Mazie Paradis,,Alabama vs Georgia Tech
Alabama,65,200 Free,8,1:51.48,Sydney Holfelder,,Alabama vs Georgia Tech
Alabama,65,200 Im,1,2:00.08,Isabella Chavez-Varela,,Alabama vs Texas
Alabama,65,200 Im,2,2:00.61,Sydney Sanders,,UGA Fall Invitational
Alabama,65,200 Im,3,2:00.87,Kate Christian,,Alabama vs Texas
Alabama,65,200 Im,4,2:02.17,Ella Menear,,UGA Fall Invitational
Alabama,65,200 Im,5,2:03.40,Jada Scott,,Alabama vs. Delta State
Alabama,65,200 Im,6,2:05.71,Sydney Blackhurst,,Louisiana State vs. Florida State vs. Alabama
Alabama,65,200 Im,7,2:10.47,Nell Cagle,,Alabama vs Texas
Alabama,65,400 Im,1,4:12.07,Sydney Sanders,,UGA Fall Invitational
Alabama,65,400 Im,2,4:18.30,Kate Christian,,UGA Fall Invitational
Alabama,65,400 Im,3,4:19.63,Isabella Chavez-Varela,,Alabama vs Georgia Tech
Alabama,65,50 Free,1,21.79,Cadence Vincent,,UGA Fall Invitational
Alabama,65,50 Free,2,22.17,Charlotte Rosendale,,UGA Fall Invitational
Alabama,65,50 Free,3,22.21,Tessa Giele,,Alabama vs Georgia Tech
Alabama,65,50 Free,4,22.34,Jada Scott,,UGA Fall Invitational
Alabama,65,50 Free,5,23.05,Gaby Van Brunt,,UGA Fall Invitational
Alabama,65,50 Free,6,23.06,Maggie Robbins,,Alabama vs Georgia Tech
Alabama,65,50 Free,7,23.10,Sarah Parker,,UGA Fall Invitational
Alabama,65,50 Free,8,23.12,Sydney Holfelder,,UGA Fall Invitational
Alabama,65,50 Free,9,23.57,Mazie Paradis,,UGA Fall Invitational
Alabama,65,50 Free,10,24.08,Emma Sundermeyer,,Alabama vs. Delta State
Alabama,65,500 Free,1,4:43.21,Mackenzie Brandt,,Alabama vs Georgia Tech
Alabama,65,500 Free,2,4:47.71,Ella Jones,,Louisiana State vs. Florida State vs. Alabama
Alabama,65,500 Free,3,4:48.47,Emma Sundermeyer,,UGA Fall Invitational
Alabama,65,500 Free,4,4:48.62,Stella Grace Watts,,UGA Fall Invitational
Alabama,65,500 Free,5,4:54.57,Glenda Abonyi Toth,,UGA Fall Invitational
Alabama,65,500 Free,6,4:58.88,Lolly Milbaum,,Louisiana State vs. Florida State vs. Alabama
Arizona,120,100 Back,1,52.82,Kayman Neal,,NCSU Invitational
Arizona,120,100 Back,2,52.91,Lila Lillie,,Arizona vs. UCLA
Arizona,120,100 Back,3,53.15,Julia Smurzyńska,,Big 12 West Championship
Arizona,120,100 Back,4,53.35,Paige Armstrong,,Arizona vs. Texas A&M
Arizona,120,100 Back,5,54.69,Magdalena Hagsten Skarda,,Arizona vs. Texas A&M
Arizona,120,100 Back,6,55.42,Charlie Millard,,All Arizona D1 Invitational
Arizona,120,100 Back,7,56.73,Claire Christie,,"SMU vs Arizona, TCU"
Arizona,120,100 Breast,1,59.32,Eleni Gewalt,,NCSU Invitational
Arizona,120,100 Breast,2,1:00.45,Kelsey Wasikowski,,Arizona vs. Texas A&M
Arizona,120,100 Breast,3,1:01.27,Charlie Millard,,Arizona vs. Texas A&M
Arizona,120,100 Breast,4,1:01.46,Carrie Kramer,,Arizona vs. UCLA
Arizona,120,100 Breast,5,1:01.46,Ellie Fitzgerald,,Big 12 West Championship
Arizona,120,100 Breast,6,1:02.28,Rosalie Abel Thiebaut,,Arizona vs. Texas A&M
Arizona,120,100 Breast,7,1:02.80,Emma Kinsey,,Arizona vs. USC
Arizona,120,100 Fly,1,53.03,Maryam Sheikhalizadehkhanghah,,Arizona vs. UCLA
Arizona,120,100 Fly,2,53.41,Kayman Neal,,Arizona vs. UCLA
Arizona,120,100 Fly,3,53.80,Patricija Kondraskaite,,NCSU Invitational
Arizona,120,100 Fly,4,54.15,Lila Lillie,,NCSU Invitational
Arizona,120,100 Fly,5,54.39,MJ Neilson,,Big 12 West Championship
Arizona,120,100 Fly,6,54.56,Emma Kinsey,,All Arizona D1 Invitational
Arizona,120,100 Fly,7,55.16,Julia Urbanowski,,Arizona vs. USC
Arizona,120,100 Fly,8,55.85,Claire Christie,,Big 12 West Championship
Arizona,120,100 Fly,9,57.10,Ellie Fitzgerald,,Big 12 West Championship
Arizona,120,100 Fly,10,59.23,Rosalie Abel Thiebaut,,NCSU Invitational
Arizona,120,100 Free,1,48.36,Julia Wozniak,,Big 12 West Championship
Arizona,120,100 Free,2,48.69,Riley Botton,,NCSU Invitational
Arizona,120,100 Free,3,48.95,Patricija Kondraskaite,,"SMU vs Arizona, TCU"
Arizona,120,100 Free,4,49.36,Kayman Neal,,"SMU vs Arizona, TCU"
Arizona,120,100 Free,5,49.44,Meric Demirtepe,,Arizona vs. Texas A&M
Arizona,120,100 Free,6,49.90,Maryam Sheikhalizadehkhanghah,,NCSU Invitational
Arizona,120,100 Free,7,50.52,Eleni Gewalt,,NCSU Invitational
Arizona,120,100 Free,8,50.56,Julia Urbanowski,,"SMU vs Arizona, TCU"
Arizona,120,100 Free,9,50.79,Charlie Millard,,Arizona vs. UCLA
Arizona,120,100 Free,10,51.63,Magdalena Hagsten Skarda,,Big 12 West Championship
Arizona,120,1000 Free,1,10:05.97,Elise Clift,,Arizona vs. UCLA
Arizona,120,1000 Free,2,10:06.53,Ava Sutphin,,NCSU Invitational
Arizona,120,1000 Free,3,10:15.41,Malia Rausch,,Arizona vs. Texas A&M
Arizona,120,1650 Free,1,16:37.03,Ava Sutphin,,NCSU Invitational
Arizona,120,1650 Free,2,16:54.46,Malia Rausch,,Arizona vs. Texas A&M
Arizona,120,1650 Free,3,17:00.54,Elise Clift,,Arizona vs. Texas A&M
Arizona,120,200 Back,1,1:53.05,Kayman Neal,,NCSU Invitational
Arizona,120,200 Back,2,1:55.44,Julia Smurzyńska,,NCSU Invitational
Arizona,120,200 Back,3,1:56.62,Paige Armstrong,,NCSU Invitational
Arizona,120,200 Back,4,1:58.49,Magdalena Hagsten Skarda,,Arizona vs. Texas A&M
Arizona,120,200 Back,5,1:59.25,Lila Lillie,,NCSU Invitational
Arizona,120,200 Back,6,2:02.22,Claire Christie,,Arizona vs. UCLA
Arizona,120,200 Back,7,2:04.26,Elise Clift,,Arizona vs. USC
Arizona,120,200 Breast,1,2:10.95,Kelsey Wasikowski,,Big 12 West Championship
Arizona,120,200 Breast,2,2:13.28,Carrie Kramer,,NCSU Invitational
Arizona,120,200 Breast,3,2:13.42,Eleni Gewalt,,Arizona vs. Texas A&M
Arizona,120,200 Breast,4,2:14.28,Rosalie Abel Thiebaut,,Arizona vs. USC
Arizona,120,200 Breast,5,2:17.11,Charlie Millard,,Arizona vs. USC
Arizona,120,200 Breast,6,2:17.71,Ellie Fitzgerald,,Big 12 West Championship
Arizona,120,200 Fly,1,2:00.32,MJ Neilson,,Arizona vs. Texas A&M
Arizona,120,200 Fly,2,2:00.48,Claire Christie,,Arizona vs. Texas A&M
Arizona,120,200 Fly,3,2:01.22,Emma Kinsey,,Big 12 West Championship
Arizona,120,200 Fly,4,2:05.65,Maryam Sheikhalizadehkhanghah,,Big 12 West Championship
Arizona,120,200 Free,1,1:45.84,Kayman Neal,,Big 12 West Championship
Arizona,120,200 Free,2,1:48.25,Malia Rausch,,NCSU Invitational
Arizona,120,200 Free,3,1:48.34,Meric Demirtepe,,Arizona vs. UCLA
Arizona,120,200 Free,4,1:48.75,Riley Botton,,NCSU Invitational
Arizona,120,200 Free,5,1:49.22,Maryam Sheikhalizadehkhanghah,,NCSU Invitational
Arizona,120,200 Free,6,1:49.27,Elise Clift,,Arizona vs. Texas A&M
Arizona,120,200 Free,7,1:49.30,Julia Wozniak,,NCSU Invitational
Arizona,120,200 Free,8,1:50.03,Claire Christie,,All Arizona D1 Invitational
Arizona,120,200 Free,9,1:50.12,Ava Sutphin,,NCSU Invitational
Arizona,120,200 Free,10,1:51.17,Julia Smurzyńska,,Big 12 West Championship
Arizona,120,200 Im,1,2:00.44,Kelsey Wasikowski,,NCSU Invitational
Arizona,120,200 Im,2,2:00.64,Paige Armstrong,,NCSU Invitational
Arizona,120,200 Im,3,2:01.58,Charlie Millard,,Arizona vs. Texas A&M
Arizona,120,200 Im,4,2:01.65,Rosalie Abel Thiebaut,,NCSU Invitational
Arizona,120,200 Im,5,2:03.20,Carrie Kramer,,NCSU Invitational
Arizona,120,200 Im,6,2:03.43,Claire Christie,,Arizona vs. UCLA
Arizona,120,200 Im,7,2:03.67,Malia Rausch,,"SMU vs Arizona, TCU"
Arizona,120,200 Im,8,2:04.66,Julia Smurzyńska,,NCSU Invitational
Arizona,120,200 Im,9,2:08.63,MJ Neilson,,Big 12 West Championship
Arizona,120,400 Im,1,4:20.53,Rosalie Abel Thiebaut,,NCSU Invitational
Arizona,120,400 Im,2,4:23.67,Claire Christie,,Big 12 West Championship
Arizona,120,400 Im,3,4:30.23,Kelsey Wasikowski,,Arizona vs. USC
Arizona,120,400 Im,4,4:32.08,Malia Rausch,,Big 12 West Championship
Arizona,120,50 Free,1,21.97,Riley Botton,,NCSU Invitational
Arizona,120,50 Free,2,22.05,Julia Wozniak,,NCSU Invitational
Arizona,120,50 Free,3,22.42,Patricija Kondraskaite,,Arizona vs. USC
Arizona,120,50 Free,4,22.92,Meric Demirtepe,,Arizona vs. Texas A&M
Arizona,120,50 Free,5,23.08,Maryam Sheikhalizadehkhanghah,,NCSU Invitational
Arizona,120,50 Free,6,23.22,Eleni Gewalt,,"SMU vs Arizona, TCU"
Arizona,120,50 Free,7,23.39,Julia Urbanowski,,Arizona vs. UCLA
Arizona,120,50 Free,8,23.49,Magdalena Hagsten Skarda,,Arizona vs. Texas A&M
Arizona,120,50 Free,9,23.57,Ellie Fitzgerald,,Arizona vs. USC
Arizona,120,50 Free,10,23.60,Lila Lillie,,"SMU vs Arizona, TCU"
Arizona,120,500 Free,1,4:47.23,Malia Rausch,,NCSU Invitational
Arizona,120,500 Free,2,4:50.34,Elise Clift,,Arizona vs. Texas A&M
Arizona,120,500 Free,3,4:51.18,Ava Sutphin,,NCSU Invitational
Arizona,120,500 Free,4,4:59.27,Claire Christie,,Big 12 West Championship
Arizona,120,500 Free,5,5:16.64,Billie Blu Mondonedo,,Arizona vs. USC
Army,326,100 Back,1,52.85,Angie McKane,,Army vs. Navy
Army,326,100 Back,2,54.59,Jenna Hart,,Army vs. Navy
Army,326,100 Back,3,55.31,Layne Peterson,,Army vs. Navy
Army,326,100 Back,4,55.93,Abby Reich,,Army vs. Navy
Army,326,100 Back,5,56.02,Sydney Braeger,,NCSU Invitational
Army,326,100 Back,6,56.97,Avery Lord,,Army vs. Navy
Army,326,100 Back,7,58.11,Morgan Lawler,,NCSU Invitational
Army,326,100 Back,8,58.39,Haasini Prabhakar,,NCSU Invitational
Army,326,100 Back,9,58.83,Kira MACMULLAN,,GT DMT: Army vs. George Washington
Army,326,100 Back,10,59.65,Cora Webber,,NCSU Invitational
Army,326,100 Breast,1,1:00.42,Catriona Gilmore,,Army vs. Navy
Army,326,100 Breast,2,1:02.83,Angie McKane,,"Boston University vs. Army, BC"
Army,326,100 Breast,3,1:04.14,Reagan Graybill,,NCSU Invitational
Army,326,100 Breast,4,1:05.12,Eden Chuang,,Army vs. Penn State
Army,326,100 Breast,5,1:05.50,April Chun,,NCSU Invitational
Army,326,100 Breast,6,1:05.78,Evy Laursen,,NCSU Invitational
Army,326,100 Breast,7,1:06.50,Corrie Dudley,,Army vs. Navy
Army,326,100 Breast,8,1:07.39,Kira MACMULLAN,,Army vs. Bucknell
Army,326,100 Breast,9,1:09.78,Elly Brackin,,Army vs. Navy
Army,326,100 Fly,1,52.10,Angie McKane,,GT DMT: Florida State vs. Army
Army,326,100 Fly,2,53.22,Sydney Braeger,,GT DMT: Florida State vs. Army
Army,326,100 Fly,3,54.73,Jenna Hart,,Army vs. Bucknell
Army,326,100 Fly,4,55.07,Cora Webber,,NCSU Invitational
Army,326,100 Fly,5,56.04,Haasini Prabhakar,,NCSU Invitational
Army,326,100 Fly,6,56.56,Hadley King,,Army vs. Navy
Army,326,100 Fly,7,57.04,Avery Lord,,NCSU Invitational
Army,326,100 Fly,8,57.79,Addie Rice,,Army vs. Navy
Army,326,100 Fly,9,58.34,Amelia Lester,,Army vs. VMI
Army,326,100 Fly,10,58.74,Corrie Dudley,,NCSU Invitational
Army,326,100 Free,1,49.13,Angie McKane,,Army vs. Navy
Army,326,100 Free,2,49.90,Molly Webber,,"Boston University vs. Army, BC"
Army,326,100 Free,3,50.75,Grace Wagner,,Army vs. Penn State
Army,326,100 Free,4,51.12,Sydney Braeger,,Army vs. Penn State
Army,326,100 Free,5,51.58,Tiana Mescher,,Army vs. Navy
Army,326,100 Free,6,52.23,Corrie Dudley,,Army vs. Navy
Army,326,100 Free,7,52.35,Elle Burke,,"Boston University vs. Army, BC"
Army,326,100 Free,8,52.38,Morgan Lawler,,Army vs. Bucknell
Army,326,100 Free,9,52.39,Jenna Hart,,GT DMT: Army vs. George Washington
Army,326,100 Free,10,53.18,Hadley King,,NCSU Invitational
Army,326,1000 Free,1,9:50.35,Molly Webber,,Army vs. Navy
Army,326,1000 Free,2,10:10.88,Amelia Lester,,Army vs. Penn State
Army,326,1000 Free,3,10:20.21,April Chun,,Army vs. Bucknell
Army,326,1000 Free,4,10:21.21,Bridget O'Shaughnessy,,Army vs. Navy
Army,326,1000 Free,5,10:24.12,Marybrooke Chandler,,Army vs. Penn State
Army,326,1000 Free,6,10:56.28,Bethany Slivka,,Army vs. Penn State
Army,326,1650 Free,1,17:22.98,April Chun,,NCSU Invitational
Army,326,1650 Free,2,17:23.14,Marybrooke Chandler,,NCSU Invitational
Army,326,1650 Free,3,17:41.42,Amelia Lester,,NCSU Invitational
Army,326,1650 Free,4,17:41.79,Bridget O'Shaughnessy,,NCSU Invitational
Army,326,200 Back,1,1:57.80,Layne Peterson,,Army vs. Navy
Army,326,200 Back,2,1:59.08,Jenna Hart,,Army vs. Navy
Army,326,200 Back,3,2:01.16,Kira MACMULLAN,,GT DMT: Florida State vs. Army
Army,326,200 Back,4,2:03.36,Abby Reich,,Army vs. Navy
Army,326,200 Back,5,2:05.06,Avery Lord,,NCSU Invitational
Army,326,200 Back,6,2:08.42,Sydney Braeger,,NCSU Invitational
Army,326,200 Breast,1,2:12.30,Catriona Gilmore,,Army vs. Navy
Army,326,200 Breast,2,2:19.77,Eden Chuang,,Army vs. Penn State
Army,326,200 Breast,3,2:20.89,Evy Laursen,,NCSU Invitational
Army,326,200 Breast,4,2:22.96,Reagan Graybill,,NCSU Invitational
Army,326,200 Breast,5,2:23.77,April Chun,,GT DMT: Army vs. George Washington
Army,326,200 Breast,6,2:31.61,Cora Webber,,GT DMT: Georgia Tech vs. Army
Army,326,200 Breast,7,2:33.73,Elly Brackin,,Army vs. Penn State
Army,326,200 Fly,1,1:59.07,Sydney Braeger,,GT DMT: Georgia Tech vs. Army
Army,326,200 Fly,2,2:00.74,Molly Webber,,Army vs. Bucknell
Army,326,200 Fly,3,2:00.99,Cora Webber,,Army vs. Navy
Army,326,200 Fly,4,2:02.86,Amelia Lester,,Army vs. Bucknell
Army,326,200 Fly,5,2:05.05,Evy Laursen,,GT DMT: Georgia Tech vs. Army
Army,326,200 Fly,6,2:07.35,Haasini Prabhakar,,NCSU Invitational
Army,326,200 Free,1,1:45.98,Molly Webber,,Army vs. Penn State
Army,326,200 Free,2,1:51.18,Jenna Hart,,Army vs. Bucknell
Army,326,200 Free,3,1:51.55,Elle Burke,,Army vs. Navy
Army,326,200 Free,4,1:52.26,Sydney Braeger,,"Boston University vs. Army, BC"
Army,326,200 Free,5,1:53.04,Grace Wagner,,GT DMT: Florida State vs. Army
Army,326,200 Free,6,1:53.14,Layne Peterson,,NCSU Invitational
Army,326,200 Free,7,1:53.24,Kira MACMULLAN,,"Boston University vs. Army, BC"
Army,326,200 Free,8,1:54.38,Amelia Lester,,NCSU Invitational
Army,326,200 Free,9,1:54.66,Cambell Payton,,Army vs. Penn State
Army,326,200 Free,10,1:54.87,Tiana Mescher,,Army vs. Bucknell
Army,326,200 Im,1,2:01.10,Catriona Gilmore,,Army vs. Navy
Army,326,200 Im,2,2:02.28,Angie McKane,,GT DMT: Georgia Tech vs. Army
Army,326,200 Im,3,2:04.29,Sydney Braeger,,GT DMT: Army vs. George Washington
Army,326,200 Im,4,2:06.64,Evy Laursen,,GT DMT: Army vs. George Washington
Army,326,200 Im,5,2:06.88,Avery Lord,,Army vs. Penn State
Army,326,200 Im,6,2:07.11,Kira MACMULLAN,,GT DMT: Army vs. George Washington
Army,326,200 Im,7,2:07.18,Jenna Hart,,Army vs. VMI
Army,326,200 Im,8,2:08.88,Eden Chuang,,"Boston University vs. Army, BC"
Army,326,200 Im,9,2:08.95,Reagan Graybill,,Army vs. Navy
Army,326,200 Im,10,2:09.29,April Chun,,GT DMT: Florida State vs. Army
Army,326,400 Im,1,4:23.08,Catriona Gilmore,,NCSU Invitational
Army,326,400 Im,2,4:26.69,Kira MACMULLAN,,Army vs. VMI
Army,326,400 Im,3,4:28.18,Marybrooke Chandler,,Army vs. Bucknell
Army,326,400 Im,4,4:30.35,Eden Chuang,,Army vs. Bucknell
Army,326,400 Im,5,4:35.85,April Chun,,NCSU Invitational
Army,326,50 Free,1,22.75,Angie McKane,,Army vs. Navy
Army,326,50 Free,2,23.61,Tiana Mescher,,Army vs. Navy
Army,326,50 Free,3,23.63,Grace Wagner,,Army vs. VMI
Army,326,50 Free,4,23.67,Hadley King,,Army vs. Navy
Army,326,50 Free,5,23.71,Jenna Hart,,Army vs. Bucknell
Army,326,50 Free,6,23.88,Cora Webber,,Army vs. Bucknell
Army,326,50 Free,7,24.18,Corrie Dudley,,Army vs. VMI
Army,326,50 Free,8,24.23,Molly Webber,,GT DMT: Georgia Tech vs. Army
Army,326,50 Free,9,24.31,Morgan Lawler,,NCSU Invitational
Army,326,50 Free,10,24.60,Elle Burke,,"Boston University vs. Army, BC"
Army,326,500 Free,1,4:48.12,Molly Webber,,GT DMT: Army vs. George Washington
Army,326,500 Free,2,4:59.39,Amelia Lester,,"Boston University vs. Army, BC"
Army,326,500 Free,3,5:01.42,Marybrooke Chandler,,NCSU Invitational
Army,326,500 Free,4,5:02.40,Kira MACMULLAN,,"Boston University vs. Army, BC"
Army,326,500 Free,5,5:03.74,Bridget O'Shaughnessy,,GT DMT: Georgia Tech vs. Army
Army,326,500 Free,6,5:06.83,April Chun,,GT DMT: Army vs. George Washington
Army,326,500 Free,7,5:07.07,Jenna Hart,,GT DMT: Florida State vs. Army
Army,326,500 Free,8,5:11.82,Elle Burke,,Army vs. Bucknell
Army,326,500 Free,9,5:12.75,Bethany Slivka,,Army vs. Navy
Army,326,500 Free,10,5:18.55,Addie Rice,,NCSU Invitational
California,110,100 Back,1,50.61,Mary-Ambre Moluh,,Minnesota Invitational
California,110,100 Back,2,50.78,Mia West,,2026 UCLA vs CAL
California,110,100 Back,3,51.31,Teagan O'Dell,,Minnesota Invitational
California,110,100 Back,4,53.55,Jessica Davis,,USC vs. California
California,110,100 Back,5,54.25,Finley Anderson,,Minnesota Invitational
California,110,100 Back,6,54.82,Ella Cosgrove,,Cal vs. Stanford
California,110,100 Back,7,55.87,Gracyn Aquino,,Triton Invitational
California,110,100 Back,8,57.76,Maggie Petty,,Triton Invitational
California,110,100 Breast,1,58.70,Silje Slyngstadli,,"Stanford vs. Arizona State, California"
California,110,100 Breast,2,59.56,Elle Scott,,"Stanford vs. Arizona State, California"
California,110,100 Breast,3,1:00.06,Arielle Brotman,,Cal vs. Stanford
California,110,100 Breast,4,1:00.74,Abby Herscu,,"Stanford vs. Arizona State, California"
California,110,100 Breast,5,1:04.40,Annie Jia,,Triton Invitational
California,110,100 Breast,6,1:05.17,Claire Weinstein,,Triton Invitational
California,110,100 Fly,1,51.12,Mia West,,Minnesota Invitational
California,110,100 Fly,2,51.23,Annie Jia,,Cal vs. Stanford
California,110,100 Fly,3,52.06,Lilou Ressencourt,,Cal vs. Stanford
California,110,100 Fly,4,52.63,Ava Chavez,,"Stanford vs. Arizona State, California"
California,110,100 Fly,5,53.46,Elle Scott,,Triton Invitational
California,110,100 Fly,6,53.53,Arielle Brotman,,2026 UCLA vs CAL
California,110,100 Fly,7,54.19,AIRI MITSUI,,USC vs. California
California,110,100 Fly,8,55.18,Teagan O'Dell,,Minnesota Invitational
California,110,100 Fly,9,55.63,Camille Henveaux,,Cal vs. Stanford
California,110,100 Fly,10,55.71,Abby Herscu,,Triton Invitational
California,110,100 Free,1,47.43,Mary-Ambre Moluh,,Minnesota Invitational
California,110,100 Free,2,47.51,Mia West,,USC vs. California
California,110,100 Free,3,47.70,Claire Weinstein,,Minnesota Invitational
California,110,100 Free,4,48.83,Lilou Ressencourt,,Minnesota Invitational
California,110,100 Free,5,49.33,Annie Jia,,Minnesota Invitational
California,110,100 Free,6,49.35,Sydney Griscavage,,Minnesota Invitational
California,110,100 Free,7,49.71,Gracyn Aquino,,Minnesota Invitational
California,110,100 Free,8,49.76,Ella Cosgrove,,Minnesota Invitational
California,110,100 Free,9,49.94,Elle Scott,,Triton Invitational
California,110,100 Free,10,49.96,Charlotte Burnham,,Minnesota Invitational
California,110,1000 Free,1,9:35.61,Ella Cosgrove,,"Stanford vs. Arizona State, California"
California,110,1000 Free,2,9:36.90,Claire Weinstein,,Minnesota Invitational
California,110,1000 Free,3,9:38.18,Camille Henveaux,,"Stanford vs. Arizona State, California"
California,110,1000 Free,4,9:43.55,Kathryn Hazle,,USC vs. California
California,110,1000 Free,5,10:21.14,Ava Chavez,,Cal vs. Stanford
California,110,1650 Free,1,15:52.28,Claire Weinstein,,Minnesota Invitational
California,110,1650 Free,2,16:13.97,Ella Cosgrove,,Minnesota Invitational
California,110,1650 Free,3,16:30.20,Camille Henveaux,,Triton Invitational
California,110,200 Back,1,1:51.83,Teagan O'Dell,,"Stanford vs. Arizona State, California"
California,110,200 Back,2,1:53.48,Mary-Ambre Moluh,,USC vs. California
California,110,200 Back,3,1:54.73,Finley Anderson,,Minnesota Invitational
California,110,200 Back,4,1:55.99,Ella Cosgrove,,Cal vs. Stanford
California,110,200 Back,5,1:56.53,Jessica Davis,,USC vs. California
California,110,200 Back,6,2:01.54,Alexa McDevitt,,2026 UCLA vs CAL
California,110,200 Breast,1,2:09.54,Silje Slyngstadli,,"Stanford vs. Arizona State, California"
California,110,200 Breast,2,2:10.96,Abby Herscu,,Minnesota Invitational
California,110,200 Breast,3,2:11.63,Kathryn Hazle,,2026 UCLA vs CAL
California,110,200 Breast,4,2:13.01,Elle Scott,,Cal vs. Stanford
California,110,200 Breast,5,2:13.54,Arielle Brotman,,Cal vs. Stanford
California,110,200 Breast,6,2:15.61,Ava Chavez,,Triton Invitational
California,110,200 Breast,7,2:15.76,Alexa McDevitt,,Minnesota Invitational
California,110,200 Fly,1,1:53.24,Lilou Ressencourt,,Cal vs. Stanford
California,110,200 Fly,2,1:53.94,Mia West,,Minnesota Invitational
California,110,200 Fly,3,1:56.28,Ava Chavez,,Minnesota Invitational
California,110,200 Fly,4,1:57.09,Annie Jia,,2026 UCLA vs CAL
California,110,200 Fly,5,1:58.00,AIRI MITSUI,,2026 UCLA vs CAL
California,110,200 Fly,6,1:58.25,Kathryn Hazle,,Cal vs. Stanford
California,110,200 Fly,7,1:59.08,Camille Henveaux,,Cal vs. Stanford
California,110,200 Fly,8,2:00.38,Arielle Brotman,,2026 UCLA vs CAL
California,110,200 Fly,9,2:00.40,Claire Weinstein,,Triton Invitational
California,110,200 Fly,10,2:01.37,Abby Herscu,,Triton Invitational
California,110,200 Free,1,1:41.74,Mia West,,USC vs. California
California,110,200 Free,2,1:42.52,Claire Weinstein,,"Stanford vs. Arizona State, California"
California,110,200 Free,3,1:45.13,Ella Cosgrove,,Triton Invitational
California,110,200 Free,4,1:45.56,Mary-Ambre Moluh,,Cal vs. Stanford
California,110,200 Free,5,1:45.62,Ava Chavez,,Minnesota Invitational
California,110,200 Free,6,1:45.71,Lilou Ressencourt,,2026 UCLA vs CAL
California,110,200 Free,7,1:46.07,Alexa McDevitt,,"Stanford vs. Arizona State, California"
California,110,200 Free,8,1:47.41,Teagan O'Dell,,Minnesota Invitational
California,110,200 Free,9,1:49.25,Gracyn Aquino,,Minnesota Invitational
California,110,200 Free,10,1:50.80,Charlotte Burnham,,Minnesota Invitational
California,110,200 Im,1,1:54.49,Teagan O'Dell,,Minnesota Invitational
California,110,200 Im,2,1:54.77,Mia West,,Minnesota Invitational
California,110,200 Im,3,1:57.10,Elle Scott,,Minnesota Invitational
California,110,200 Im,4,1:57.79,Ava Chavez,,Minnesota Invitational
California,110,200 Im,5,1:58.39,Kathryn Hazle,,2026 UCLA vs CAL
California,110,200 Im,6,1:59.39,Alexa McDevitt,,Cal vs. Stanford
California,110,200 Im,7,1:59.93,Arielle Brotman,,Minnesota Invitational
California,110,200 Im,8,2:02.22,Abby Herscu,,Minnesota Invitational
California,110,200 Im,9,2:02.95,Claire Weinstein,,Cal vs. Stanford
California,110,200 Im,10,2:04.60,Charlotte Burnham,,Triton Invitational
California,110,400 Im,1,4:04.91,Mia West,,Cal vs. Stanford
California,110,400 Im,2,4:07.94,Teagan O'Dell,,"Stanford vs. Arizona State, California"
California,110,400 Im,3,4:08.21,Alexa McDevitt,,Minnesota Invitational
California,110,400 Im,4,4:08.34,Kathryn Hazle,,USC vs. California
California,110,400 Im,5,4:09.35,Claire Weinstein,,Cal vs. Stanford
California,110,400 Im,6,4:16.82,Camille Henveaux,,"Stanford vs. Arizona State, California"
California,110,400 Im,7,4:28.15,Arielle Brotman,,USC vs. California
California,110,50 Free,1,21.79,Mary-Ambre Moluh,,Minnesota Invitational
California,110,50 Free,2,22.13,Sydney Griscavage,,Minnesota Invitational
California,110,50 Free,3,22.14,Mia West,,Minnesota Invitational
California,110,50 Free,4,22.47,Annie Jia,,Minnesota Invitational
California,110,50 Free,5,22.51,Gracyn Aquino,,Minnesota Invitational
California,110,50 Free,6,22.71,Charlotte Burnham,,Minnesota Invitational
California,110,50 Free,7,22.75,Silje Slyngstadli,,Minnesota Invitational
California,110,50 Free,8,23.05,Lilou Ressencourt,,Triton Invitational
California,110,50 Free,9,23.10,Maggie Petty,,"Stanford vs. Arizona State, California"
California,110,50 Free,10,23.10,Ava Chavez,,"Stanford vs. Arizona State, California"
California,110,500 Free,1,4:34.81,Claire Weinstein,,Minnesota Invitational
California,110,500 Free,2,4:39.26,Ella Cosgrove,,Minnesota Invitational
California,110,500 Free,3,4:39.75,Mia West,,2026 UCLA vs CAL
California,110,500 Free,4,4:41.61,Camille Henveaux,,Minnesota Invitational
California,110,500 Free,5,4:44.45,Alexa McDevitt,,Minnesota Invitational
California,110,500 Free,6,4:44.56,Kathryn Hazle,,Minnesota Invitational
California,110,500 Free,7,4:48.60,Lilou Ressencourt,,Minnesota Invitational
California,110,500 Free,8,4:51.16,Ava Chavez,,Cal vs. Stanford
Cincinnati,260,100 Back,1,54.35,Ellie Schrank,,Oakland v Purdue v Cincinnati
Cincinnati,260,100 Back,2,55.02,Danielle Asiata,,Ohio State invitational
Cincinnati,260,100 Back,3,55.37,Payton Woodring,,Ohio State invitational
Cincinnati,260,100 Back,4,55.68,Lily Jones,,Ohio State invitational
Cincinnati,260,100 Back,5,55.68,Ashley Kara,,Ohio State invitational
Cincinnati,260,100 Back,6,55.83,Mia Hensley,,Ohio State invitational
Cincinnati,260,100 Back,7,56.30,Hampton Gucky,,Ohio State invitational
Cincinnati,260,100 Back,8,56.51,Caroline Wilson,,Ohio State invitational
Cincinnati,260,100 Back,9,57.94,Reese Yauger,,Big 12 East Championship
Cincinnati,260,100 Breast,1,57.99,Joleigh Crye,,Ohio State invitational
Cincinnati,260,100 Breast,2,59.96,Lindi Worrell,,Ohio State invitational
Cincinnati,260,100 Breast,3,1:03.27,Maddie Reed,,Big 12 East Championship
Cincinnati,260,100 Breast,4,1:03.98,Libby Michel,,Big 12 East Championship
Cincinnati,260,100 Fly,1,53.39,Kate Mardis,,Ohio State invitational
Cincinnati,260,100 Fly,2,53.66,Joleigh Crye,,Ohio State invitational
Cincinnati,260,100 Fly,3,54.58,Katie Pain,,Ohio State invitational
Cincinnati,260,100 Fly,4,54.67,Katie Jackovic,,Ohio State invitational
Cincinnati,260,100 Fly,5,55.11,Sophie Schuetze,,Ohio State invitational
Cincinnati,260,100 Fly,6,55.26,Sonja Aarsvold,,Ohio State invitational
Cincinnati,260,100 Fly,7,55.36,Mia Hensley,,Big 12 East Championship
Cincinnati,260,100 Fly,8,55.45,Madison Dampier,,Ohio State invitational
Cincinnati,260,100 Fly,9,55.85,Ellie Schrank,,Indiana vs. Cincinatti
Cincinnati,260,100 Fly,10,56.03,JoAnn Adler,,Big 12 East Championship
Cincinnati,260,100 Free,1,49.82,Taira Vroom,,Ohio State invitational
Cincinnati,260,100 Free,2,49.92,Lindi Worrell,,Ohio State invitational
Cincinnati,260,100 Free,3,50.10,Kate Mardis,,Big 12 East Championship
Cincinnati,260,100 Free,4,50.50,Joleigh Crye,,Big 12 East Championship
Cincinnati,260,100 Free,5,50.58,JoAnn Adler,,Big 12 East Championship
Cincinnati,260,100 Free,6,50.78,Sonja Aarsvold,,Ohio State invitational
Cincinnati,260,100 Free,7,50.86,Katie Jackovic,,Ohio State invitational
Cincinnati,260,100 Free,8,51.28,Michelle Morgan,,Oakland v Purdue v Cincinnati
Cincinnati,260,100 Free,9,52.00,Hannah Johnson,,Oakland v Purdue v Cincinnati
Cincinnati,260,100 Free,10,52.39,Madison Dampier,,Ohio State invitational
Cincinnati,260,1000 Free,1,10:05.36,Taira Vroom,,Oakland v Purdue v Cincinnati
Cincinnati,260,1000 Free,2,10:06.95,Hannah Johnson,,Oakland v Purdue v Cincinnati
Cincinnati,260,1000 Free,3,10:17.28,Michelle Morgan,,Cincinnati vs. NKU
Cincinnati,260,1000 Free,4,10:17.67,Libby Michel,,Cincinnati vs. Miami-OH
Cincinnati,260,1000 Free,5,10:28.75,Ellie Schrank,,Indiana vs. Cincinatti
Cincinnati,260,1000 Free,6,10:29.66,Sophie Schuetze,,Indiana vs. Cincinatti
Cincinnati,260,1000 Free,7,10:43.22,Danielle Asiata,,Cincinnati vs. Miami-OH
Cincinnati,260,1650 Free,1,16:41.25,Hannah Johnson,,Big 12 East Championship
Cincinnati,260,1650 Free,2,16:44.18,Taira Vroom,,Ohio State invitational
Cincinnati,260,1650 Free,3,17:00.83,Libby Michel,,Ohio State invitational
Cincinnati,260,1650 Free,4,17:29.45,Sophie Schuetze,,Big 12 East Championship
Cincinnati,260,200 Back,1,1:58.59,Payton Woodring,,Ohio State invitational
Cincinnati,260,200 Back,2,2:00.09,Ellie Schrank,,Big 12 East Championship
Cincinnati,260,200 Back,3,2:00.69,Michelle Morgan,,Ohio State invitational
Cincinnati,260,200 Back,4,2:01.09,Mia Hensley,,Oakland v Purdue v Cincinnati
Cincinnati,260,200 Back,5,2:01.49,Danielle Asiata,,Ohio State invitational
Cincinnati,260,200 Back,6,2:02.02,Lily Jones,,Ohio State invitational
Cincinnati,260,200 Back,7,2:02.41,Hampton Gucky,,Ohio State invitational
Cincinnati,260,200 Back,8,2:02.77,Caroline Wilson,,Ohio State invitational
Cincinnati,260,200 Back,9,2:04.18,Ashley Kara,,Indiana vs. Cincinatti
Cincinnati,260,200 Back,10,2:09.51,Reese Yauger,,Ohio State invitational
Cincinnati,260,200 Breast,1,2:11.55,Lindi Worrell,,Ohio State invitational
Cincinnati,260,200 Breast,2,2:12.70,Joleigh Crye,,Ohio State invitational
Cincinnati,260,200 Breast,3,2:16.18,Maddie Reed,,Big 12 East Championship
Cincinnati,260,200 Breast,4,2:17.86,Libby Michel,,Ohio State invitational
Cincinnati,260,200 Fly,1,2:01.14,Reese Yauger,,Ohio State invitational
Cincinnati,260,200 Fly,2,2:01.18,Taira Vroom,,Indiana vs. Cincinatti
Cincinnati,260,200 Fly,3,2:01.56,Katie Pain,,Ohio State invitational
Cincinnati,260,200 Fly,4,2:02.60,Mia Hensley,,Ohio State invitational
Cincinnati,260,200 Fly,5,2:02.63,Sophie Schuetze,,Oakland v Purdue v Cincinnati
Cincinnati,260,200 Fly,6,2:03.01,Libby Michel,,Indiana vs. Cincinatti
Cincinnati,260,200 Fly,7,2:06.25,Danielle Asiata,,Oakland v Purdue v Cincinnati
Cincinnati,260,200 Fly,8,2:06.41,Madison Dampier,,Big 12 East Championship
Cincinnati,260,200 Free,1,1:47.09,Michelle Morgan,,Ohio State invitational
Cincinnati,260,200 Free,2,1:47.22,Taira Vroom,,Ohio State invitational
Cincinnati,260,200 Free,3,1:49.91,Lindi Worrell,,Oakland v Purdue v Cincinnati
Cincinnati,260,200 Free,4,1:50.40,Ellie Schrank,,Big 12 East Championship
Cincinnati,260,200 Free,5,1:50.49,Payton Woodring,,Big 12 East Championship
Cincinnati,260,200 Free,6,1:50.88,Hannah Johnson,,Big 12 East Championship
Cincinnati,260,200 Free,7,1:53.84,Katie Pain,,Ohio State invitational
Cincinnati,260,200 Free,8,1:54.32,JoAnn Adler,,Oakland v Purdue v Cincinnati
Cincinnati,260,200 Free,9,1:54.94,Madison Dampier,,Ohio State invitational
Cincinnati,260,200 Free,10,1:57.07,Katie Jackovic,,Cincinnati vs. Miami-OH
Cincinnati,260,200 Im,1,2:02.83,Danielle Asiata,,Ohio State invitational
Cincinnati,260,200 Im,2,2:03.51,Libby Michel,,Big 12 East Championship
Cincinnati,260,200 Im,3,2:04.37,Michelle Morgan,,Big 12 East Championship
Cincinnati,260,200 Im,4,2:04.64,Joleigh Crye,,Indiana vs. Cincinatti
Cincinnati,260,200 Im,5,2:05.13,Maddie Reed,,Ohio State invitational
Cincinnati,260,200 Im,6,2:07.21,Taira Vroom,,Cincinnati vs. NKU
Cincinnati,260,400 Im,1,4:16.81,Libby Michel,,Ohio State invitational
Cincinnati,260,400 Im,2,4:16.84,Michelle Morgan,,Ohio State invitational
Cincinnati,260,400 Im,3,4:18.26,Taira Vroom,,Ohio State invitational
Cincinnati,260,400 Im,4,4:25.28,Maddie Reed,,Big 12 East Championship
Cincinnati,260,400 Im,5,4:28.33,Sophie Schuetze,,Ohio State invitational
Cincinnati,260,400 Im,6,4:29.01,Danielle Asiata,,Ohio State invitational
Cincinnati,260,50 Free,1,22.96,Joleigh Crye,,Ohio State invitational
Cincinnati,260,50 Free,2,22.99,Kate Mardis,,Big 12 East Championship
Cincinnati,260,50 Free,3,23.11,Lindi Worrell,,Ohio State invitational
Cincinnati,260,50 Free,4,23.17,Sonja Aarsvold,,Ohio State invitational
Cincinnati,260,50 Free,5,23.22,JoAnn Adler,,Big 12 East Championship
Cincinnati,260,50 Free,6,23.35,Katie Jackovic,,Ohio State invitational
Cincinnati,260,50 Free,7,23.56,Madison Dampier,,Big 12 East Championship
Cincinnati,260,50 Free,8,23.92,Taira Vroom,,Ohio State invitational
Cincinnati,260,50 Free,9,23.98,Ashley Kara,,Ohio State invitational
Cincinnati,260,50 Free,10,23.99,Lily Jones,,Ohio State invitational
Cincinnati,260,500 Free,1,4:48.16,Michelle Morgan,,Ohio State invitational
Cincinnati,260,500 Free,2,4:53.33,Taira Vroom,,Indiana vs. Cincinatti
Cincinnati,260,500 Free,3,4:54.91,Hannah Johnson,,Ohio State invitational
Cincinnati,260,500 Free,4,4:59.50,Ellie Schrank,,Big 12 East Championship
Cincinnati,260,500 Free,5,5:03.58,Sophie Schuetze,,Ohio State invitational
Cincinnati,260,500 Free,6,5:05.40,Danielle Asiata,,Indiana vs. Cincinatti
Cincinnati,260,500 Free,7,5:05.99,Libby Michel,,Oakland v Purdue v Cincinnati
Cincinnati,260,500 Free,8,5:06.03,Lindi Worrell,,Cincinnati vs. NKU
Cincinnati,260,500 Free,9,5:06.78,Katie Pain,,Ohio State invitational
Connecticut,28,100 Back,1,54.43,Jessica Sheng,,Vermont @ UConn
Connecticut,28,100 Back,2,54.61,Molly Rogers,,Iowa Invitational
Connecticut,28,100 Back,3,54.74,Ryan Russell,,UNH vs. UCONN
Connecticut,28,100 Back,4,55.11,Kiersten O'Connor,,Iowa Invitational
Connecticut,28,100 Back,5,55.35,Zoey Griffin,,Iowa Invitational
Connecticut,28,100 Back,6,55.47,Maggie Rhodes,,Iowa Invitational
Connecticut,28,100 Back,7,55.48,Bella Hoffman,,Iowa Invitational
Connecticut,28,100 Back,8,56.24,Mia Hatzis,,Iowa Invitational
Connecticut,28,100 Back,9,56.82,Claire Lippert,,Iowa Invitational
Connecticut,28,100 Back,10,58.64,Sydney Perkins,,"West Point vs. Marist, UConn, CCSU"
Connecticut,28,100 Breast,1,1:01.23,Sydney Perkins,,Iowa Invitational
Connecticut,28,100 Breast,2,1:03.14,Kylie Kiefer,,Vermont @ UConn
Connecticut,28,100 Breast,3,1:03.42,Kiera Liesinger,,Iowa Invitational
Connecticut,28,100 Breast,4,1:05.98,Emma May,,Iowa Invitational
Connecticut,28,100 Breast,5,1:05.98,Nadine Amin,,Vermont @ UConn
Connecticut,28,100 Breast,6,1:07.59,Olivia Herbert,,Vermont @ UConn
Connecticut,28,100 Fly,1,54.42,Ella Epes,,Iowa Invitational
Connecticut,28,100 Fly,2,55.00,Erika Pasakinskaite,,Iowa Invitational
Connecticut,28,100 Fly,3,55.11,Maggie Rhodes,,Iowa Invitational
Connecticut,28,100 Fly,4,55.54,Ryan Russell,,Iowa Invitational
Connecticut,28,100 Fly,5,55.90,Lydia Gonzales,,Vermont @ UConn
Connecticut,28,100 Fly,6,56.13,Stella McCardie,,Iowa Invitational
Connecticut,28,100 Fly,7,57.19,Julia Fondersmith,,Iowa Invitational
Connecticut,28,100 Fly,8,57.83,Lexi Martino,,Iowa Invitational
Connecticut,28,100 Fly,9,58.80,Jessica Sheng,,URI v UCONN
Connecticut,28,100 Fly,10,59.02,Molly Rogers,,Iowa Invitational
Connecticut,28,100 Free,1,49.82,Jessica Sheng,,Vermont @ UConn
Connecticut,28,100 Free,2,51.39,Maggie Rhodes,,Iowa Invitational
Connecticut,28,100 Free,3,51.70,Nadine Amin,,Vermont @ UConn
Connecticut,28,100 Free,4,51.80,Mia Hatzis,,UConn vs. Northeastern
Connecticut,28,100 Free,5,51.87,Kiersten O'Connor,,UConn vs. Northeastern
Connecticut,28,100 Free,6,52.49,Ella Epes,,Iowa Invitational
Connecticut,28,100 Free,7,52.55,Kylie Kiefer,,Iowa Invitational
Connecticut,28,100 Free,8,52.69,Lydia Gonzales,,UConn vs. Villanova
Connecticut,28,100 Free,9,52.70,Norah Rome,,Iowa Invitational
Connecticut,28,100 Free,10,52.73,Claire Lippert,,UNH vs. UCONN
Connecticut,28,1000 Free,1,10:04.21,Norah Rome,,UNH vs. UCONN
Connecticut,28,1000 Free,2,10:14.43,Zoey Griffin,,UConn vs. Northeastern
Connecticut,28,1000 Free,3,10:19.01,Courtney Phillips,,Iowa Invitational
Connecticut,28,1000 Free,4,10:19.51,Bridget Davis,,Vermont @ UConn
Connecticut,28,1000 Free,5,10:36.71,Jordyn Ricciotti,,Iowa Invitational
Connecticut,28,1650 Free,1,16:48.13,Norah Rome,,Iowa Invitational
Connecticut,28,1650 Free,2,17:02.80,Zoey Griffin,,Iowa Invitational
Connecticut,28,1650 Free,3,17:08.01,Courtney Phillips,,Iowa Invitational
Connecticut,28,1650 Free,4,17:13.25,Bridget Davis,,Iowa Invitational
Connecticut,28,1650 Free,5,17:34.96,Jordyn Ricciotti,,Iowa Invitational
Connecticut,28,200 Back,1,1:56.94,Bella Hoffman,,UNH vs. UCONN
Connecticut,28,200 Back,2,1:59.73,Zoey Griffin,,Iowa Invitational
Connecticut,28,200 Back,3,2:00.68,Ryan Russell,,Iowa Invitational
Connecticut,28,200 Back,4,2:00.77,Mia Hatzis,,Vermont @ UConn
Connecticut,28,200 Back,5,2:01.45,Claire Lippert,,Iowa Invitational
Connecticut,28,200 Back,6,2:01.90,Molly Rogers,,Iowa Invitational
Connecticut,28,200 Back,7,2:08.65,Kiersten O'Connor,,Iowa Invitational
Connecticut,28,200 Back,8,2:09.42,Norah Rome,,URI v UCONN
Connecticut,28,200 Breast,1,2:12.60,Sydney Perkins,,Iowa Invitational
Connecticut,28,200 Breast,2,2:17.91,Kiera Liesinger,,Iowa Invitational
Connecticut,28,200 Breast,3,2:18.59,Kylie Kiefer,,UNH vs. UCONN
Connecticut,28,200 Breast,4,2:21.65,Lydia Gonzales,,UConn vs. Northeastern
Connecticut,28,200 Breast,5,2:28.53,Emma May,,Vermont @ UConn
Connecticut,28,200 Fly,1,2:03.00,Julia Fondersmith,,Iowa Invitational
Connecticut,28,200 Fly,2,2:03.01,Lexi Martino,,UNH vs. UCONN
Connecticut,28,200 Fly,3,2:03.08,Olivia Herbert,,UNH vs. UCONN
Connecticut,28,200 Fly,4,2:03.27,Lydia Gonzales,,Iowa Invitational
Connecticut,28,200 Fly,5,2:05.10,Ella Epes,,Iowa Invitational
Connecticut,28,200 Fly,6,2:06.34,Erika Pasakinskaite,,Iowa Invitational
Connecticut,28,200 Fly,7,2:07.05,Maggie Rhodes,,Iowa Invitational
Connecticut,28,200 Fly,8,2:07.25,Stella McCardie,,Vermont @ UConn
Connecticut,28,200 Free,1,1:49.90,Bella Hoffman,,UNH vs. UCONN
Connecticut,28,200 Free,2,1:50.41,Norah Rome,,Iowa Invitational
Connecticut,28,200 Free,3,1:50.81,Mia Hatzis,,Iowa Invitational
Connecticut,28,200 Free,4,1:51.14,Lydia Gonzales,,Iowa Invitational
Connecticut,28,200 Free,5,1:51.93,Claire Lippert,,Iowa Invitational
Connecticut,28,200 Free,6,1:52.82,Zoey Griffin,,Iowa Invitational
Connecticut,28,200 Free,7,1:52.86,Courtney Phillips,,Iowa Invitational
Connecticut,28,200 Free,8,1:53.65,Bridget Davis,,UConn vs. Northeastern
Connecticut,28,200 Free,9,1:53.82,Julia Fondersmith,,Iowa Invitational
Connecticut,28,200 Free,10,1:54.25,Jessica Sheng,,Connecticut vs. UMASS
Connecticut,28,200 Im,1,2:02.56,Sydney Perkins,,Iowa Invitational
Connecticut,28,200 Im,2,2:03.45,Lydia Gonzales,,Iowa Invitational
Connecticut,28,200 Im,3,2:03.95,Lexi Martino,,Iowa Invitational
Connecticut,28,200 Im,4,2:06.29,Kylie Kiefer,,Iowa Invitational
Connecticut,28,200 Im,5,2:07.21,Nadine Amin,,Iowa Invitational
Connecticut,28,200 Im,6,2:09.36,Kiera Liesinger,,Iowa Invitational
Connecticut,28,200 Im,7,2:10.26,Olivia Herbert,,Connecticut vs. UMASS
Connecticut,28,200 Im,8,2:16.08,Zoey Griffin,,"West Point vs. Marist, UConn, CCSU"
Connecticut,28,400 Im,1,4:22.90,Lexi Martino,,Vermont @ UConn
Connecticut,28,400 Im,2,4:28.47,Olivia Herbert,,Iowa Invitational
Connecticut,28,400 Im,3,4:35.97,Jordyn Ricciotti,,Vermont @ UConn
Connecticut,28,400 Im,4,4:36.28,Lydia Gonzales,,URI v UCONN
Connecticut,28,50 Free,1,22.56,Jessica Sheng,,Iowa Invitational
Connecticut,28,50 Free,2,23.22,Kiersten O'Connor,,Iowa Invitational
Connecticut,28,50 Free,3,23.50,Maggie Rhodes,,Iowa Invitational
Connecticut,28,50 Free,4,23.63,Mia Hatzis,,Iowa Invitational
Connecticut,28,50 Free,5,23.78,Sydney Perkins,,Iowa Invitational
Connecticut,28,50 Free,6,23.90,Ryan Russell,,Iowa Invitational
Connecticut,28,50 Free,7,23.92,Erika Pasakinskaite,,Vermont @ UConn
Connecticut,28,50 Free,8,24.07,Ella Epes,,Iowa Invitational
Connecticut,28,50 Free,9,24.16,Bella Hoffman,,Iowa Invitational
Connecticut,28,50 Free,10,24.41,Claire Lippert,,Iowa Invitational
Connecticut,28,500 Free,1,4:51.93,Norah Rome,,Iowa Invitational
Connecticut,28,500 Free,2,4:55.19,Courtney Phillips,,Iowa Invitational
Connecticut,28,500 Free,3,4:56.18,Julia Fondersmith,,Iowa Invitational
Connecticut,28,500 Free,4,4:57.52,Bridget Davis,,Iowa Invitational
Connecticut,28,500 Free,5,4:59.74,Zoey Griffin,,Iowa Invitational
Connecticut,28,500 Free,6,5:00.36,Lydia Gonzales,,UNH vs. UCONN
Connecticut,28,500 Free,7,5:01.87,Jordyn Ricciotti,,Iowa Invitational
Connecticut,28,500 Free,8,5:06.32,Olivia Herbert,,UNH vs. UCONN
Connecticut,28,500 Free,9,5:06.57,Mia Hatzis,,Connecticut vs. UMASS
Delaware,275,100 Back,1,53.79,Angi Ragazzoni,,Bucknell Invitational
Delaware,275,100 Back,2,54.66,Elishka Hajek,,Bucknell Invitational
Delaware,275,100 Back,3,54.87,Aleksandra Dimitrova,,Bucknell Invitational
Delaware,275,100 Back,4,57.39,Torun McGillis,,Bucknell Invitational
Delaware,275,100 Back,5,57.54,Naia Legarda,,Bucknell Invitational
Delaware,275,100 Breast,1,1:01.91,Bri Cottingham,,Delaware vs George Mason
Delaware,275,100 Breast,2,1:03.20,Piper Price,,Delaware vs George Mason
Delaware,275,100 Breast,3,1:03.90,Simoni Antaki,,Bucknell Invitational
Delaware,275,100 Breast,4,1:04.99,Marisa Schenkenberger,,Delaware vs West Virginia
Delaware,275,100 Fly,1,51.94,Victoria Novinskiy,,Bucknell Invitational
Delaware,275,100 Fly,2,54.95,Aleksandra Dimitrova,,Delaware vs George Mason
Delaware,275,100 Fly,3,56.52,Abby Steinbrook,,Bucknell Invitational
Delaware,275,100 Fly,4,56.61,Erin Richards,,Bucknell Invitational
Delaware,275,100 Fly,5,56.79,Zoe Weker,,Delaware vs George Mason
Delaware,275,100 Fly,6,56.92,Alexandra Mišíková,,Delaware vs West Virginia
Delaware,275,100 Fly,7,58.99,Eli Spera,,Bucknell Invitational
Delaware,275,100 Fly,8,59.59,Piper Price,,"Navy vs. Delaware, Kenyon, Princeton"
Delaware,275,100 Fly,9,1:00.29,Torun McGillis,,"Navy vs. Delaware, Kenyon, Princeton"
Delaware,275,100 Fly,10,1:00.43,Marisa Schenkenberger,,"Navy vs. Delaware, Kenyon, Princeton"
Delaware,275,100 Free,1,50.33,Judy Liu,,Bucknell Invitational
Delaware,275,100 Free,2,50.69,Angi Ragazzoni,,Bucknell Invitational
Delaware,275,100 Free,3,50.85,Liv Willemsen,,Bucknell Invitational
Delaware,275,100 Free,4,50.94,Naia Legarda,,Bucknell Invitational
Delaware,275,100 Free,5,51.22,Elishka Hajek,,Bucknell Invitational
Delaware,275,100 Free,6,51.53,Abby Steinbrook,,Bucknell Invitational
Delaware,275,100 Free,7,51.68,Bella Granetzke,,Bucknell Invitational
Delaware,275,100 Free,8,52.23,Aleksandra Dimitrova,,Delaware vs George Mason
Delaware,275,100 Free,9,52.33,Lauren Hartel,,Delaware vs George Mason
Delaware,275,100 Free,10,54.73,Jani Angelova,,Bucknell Invitational
Delaware,275,1000 Free,1,9:58.55,Lauren Hartel,,Delaware vs George Mason
Delaware,275,1000 Free,2,10:00.16,Eli Spera,,Delaware vs West Virginia
Delaware,275,1000 Free,3,10:19.05,Zoe Weker,,Delaware vs West Virginia
Delaware,275,1000 Free,4,10:28.91,Dylann Eldridge,,Delaware vs West Virginia
Delaware,275,1650 Free,1,16:37.91,Eli Spera,,Bucknell Invitational
Delaware,275,1650 Free,2,16:55.15,Lauren Hartel,,Florida Gulf Coast vs. Delaware
Delaware,275,1650 Free,3,17:36.18,Zoe Weker,,Bucknell Invitational
Delaware,275,200 Back,1,1:56.90,Angi Ragazzoni,,Bucknell Invitational
Delaware,275,200 Back,2,1:58.49,Aleksandra Dimitrova,,"Navy vs. Delaware, Kenyon, Princeton"
Delaware,275,200 Back,3,2:00.29,Torun McGillis,,Delaware vs West Virginia
Delaware,275,200 Back,4,2:02.62,Erin Richards,,Bucknell Invitational
Delaware,275,200 Back,5,2:07.10,Jani Angelova,,Bucknell Invitational
Delaware,275,200 Breast,1,2:15.17,Piper Price,,Delaware vs George Mason
Delaware,275,200 Breast,2,2:16.31,Marisa Schenkenberger,,Delaware vs West Virginia
Delaware,275,200 Breast,3,2:17.29,Bri Cottingham,,"Navy vs. Delaware, Kenyon, Princeton"
Delaware,275,200 Breast,4,2:18.53,Simoni Antaki,,Bucknell Invitational
Delaware,275,200 Fly,1,1:54.65,Victoria Novinskiy,,Bucknell Invitational
Delaware,275,200 Fly,2,2:02.69,Torun McGillis,,Delaware vs West Virginia
Delaware,275,200 Fly,3,2:02.79,Erin Richards,,Bucknell Invitational
Delaware,275,200 Fly,4,2:03.27,Zoe Weker,,"Navy vs. Delaware, Kenyon, Princeton"
Delaware,275,200 Fly,5,2:03.98,Eli Spera,,Bucknell Invitational
Delaware,275,200 Fly,6,2:07.14,Alexandra Mišíková,,Delaware vs West Virginia
Delaware,275,200 Free,1,1:48.27,Angi Ragazzoni,,Bucknell Invitational
Delaware,275,200 Free,2,1:48.58,Lauren Hartel,,Delaware vs West Virginia
Delaware,275,200 Free,3,1:49.97,Judy Liu,,Bucknell Invitational
Delaware,275,200 Free,4,1:50.44,Liv Willemsen,,Bucknell Invitational
Delaware,275,200 Free,5,1:51.02,Bella Granetzke,,Bucknell Invitational
Delaware,275,200 Free,6,1:51.84,Eli Spera,,Bucknell Invitational
Delaware,275,200 Free,7,1:54.06,Jani Angelova,,Delaware vs West Virginia
Delaware,275,200 Free,8,1:55.57,Naia Legarda,,Delaware vs George Mason
Delaware,275,200 Im,1,1:56.73,Victoria Novinskiy,,Bucknell Invitational
Delaware,275,200 Im,2,2:03.79,Piper Price,,Bucknell Invitational
Delaware,275,200 Im,3,2:04.02,Torun McGillis,,Bucknell Invitational
Delaware,275,200 Im,4,2:04.65,Marisa Schenkenberger,,Bucknell Invitational
Delaware,275,200 Im,5,2:09.39,Aleksandra Dimitrova,,Bucknell Invitational
Delaware,275,200 Im,6,2:12.06,Simoni Antaki,,Bucknell Invitational
Delaware,275,400 Im,1,4:20.66,Eli Spera,,Bucknell Invitational
Delaware,275,400 Im,2,4:21.40,Piper Price,,Bucknell Invitational
Delaware,275,400 Im,3,4:21.85,Torun McGillis,,Bucknell Invitational
Delaware,275,400 Im,4,4:22.86,Marisa Schenkenberger,,"Navy vs. Delaware, Kenyon, Princeton"
Delaware,275,400 Im,5,4:25.36,Zoe Weker,,"Navy vs. Delaware, Kenyon, Princeton"
Delaware,275,400 Im,6,4:33.04,Dylann Eldridge,,Bucknell Invitational
Delaware,275,50 Free,1,23.28,Angi Ragazzoni,,Bucknell Invitational
Delaware,275,50 Free,2,23.33,Judy Liu,,Bucknell Invitational
Delaware,275,50 Free,3,23.49,Liv Willemsen,,Delaware vs West Virginia
Delaware,275,50 Free,4,23.58,Elishka Hajek,,Bucknell Invitational
Delaware,275,50 Free,5,23.74,Abby Steinbrook,,Bucknell Invitational
Delaware,275,50 Free,6,23.75,Bella Granetzke,,Bucknell Invitational
Delaware,275,50 Free,7,23.80,Naia Legarda,,Delaware vs West Virginia
Delaware,275,50 Free,8,25.39,Aleksandra Dimitrova,,Delaware vs George Mason
Delaware,275,50 Free,9,25.45,Lauren Hartel,,Delaware vs George Mason
Delaware,275,50 Free,10,25.96,Jani Angelova,,Bucknell Invitational
Delaware,275,500 Free,1,4:50.01,Eli Spera,,Bucknell Invitational
Delaware,275,500 Free,2,4:51.43,Lauren Hartel,,Bucknell Invitational
Delaware,275,500 Free,3,4:59.69,Zoe Weker,,"Navy vs. Delaware, Kenyon, Princeton"
Delaware,275,500 Free,4,4:59.89,Bella Granetzke,,Bucknell Invitational
Delaware,275,500 Free,5,5:01.71,Judy Liu,,Bucknell Invitational
Delaware,275,500 Free,6,5:02.33,Dylann Eldridge,,Bucknell Invitational
Delaware,275,500 Free,7,5:03.06,Erin Richards,,Bucknell Invitational
Delaware,275,500 Free,8,5:06.16,Jani Angelova,,Delaware vs West Virginia
Delaware,275,500 Free,9,5:06.21,Bri Cottingham,,Delaware vs George Mason
Delaware,275,500 Free,10,5:19.69,Simoni Antaki,,Bucknell Invitational
Denver,276,100 Back,1,54.27,Ali Beay,,Minnesota Invitational
Denver,276,100 Back,2,55.40,Darian Koler,,Denver vs. Wyoming vs. Colorado Mesa
Denver,276,100 Back,3,56.68,Lilly Zippel,,Colorado State vs. Colorado Mesa vs. Denver
Denver,276,100 Back,4,56.87,Maria DelMonte,,Minnesota Invitational
Denver,276,100 Back,5,57.83,Mina Ada Solaker,,Idaho vs. Denver
Denver,276,100 Back,6,59.44,Sam Synsvoll,,Front Range Invite
Denver,276,100 Back,7,59.98,Izzy Burton,,Front Range Invite
Denver,276,100 Back,8,1:04.28,Olivia Barbieri,,Front Range Invite
Denver,276,100 Breast,1,1:02.75,Tenaya Winter,,Minnesota Invitational
Denver,276,100 Breast,2,1:03.18,Peyton Mullowney,,Denver vs. Wyoming vs. Colorado Mesa
Denver,276,100 Breast,3,1:05.92,Isabella Cardenas,,Minnesota Invitational
Denver,276,100 Breast,4,1:05.95,Zoe Lynch,,Minnesota Invitational
Denver,276,100 Fly,1,53.66,Julia Saxman,,Denver vs. BYU
Denver,276,100 Fly,2,55.90,Isabella Cardenas,,WSU vs. Denver
Denver,276,100 Fly,3,56.39,Ali Beay,,Denver v. New Mexico (W) v. Utah (M)
Denver,276,100 Fly,4,57.93,Darian Koler,,Idaho vs. Denver
Denver,276,100 Fly,5,58.05,Sabrina Rachjaibun,,Minnesota Invitational
Denver,276,100 Fly,6,59.10,Sam Synsvoll,,Minnesota Invitational
Denver,276,100 Fly,7,59.62,Devon BURNETT,,Denver vs. Wyoming vs. Colorado Mesa
Denver,276,100 Fly,8,59.77,Mina Ada Solaker,,Minnesota Invitational
Denver,276,100 Fly,9,1:01.32,Peyton Mullowney,,Minnesota Invitational
Denver,276,100 Fly,10,1:01.56,Lilly Zippel,,Minnesota Invitational
Denver,276,100 Free,1,50.75,Isabella Cardenas,,Denver vs. Wyoming vs. Colorado Mesa
Denver,276,100 Free,2,50.97,Julia Saxman,,Minnesota Invitational
Denver,276,100 Free,3,51.25,Tenaya Winter,,Denver vs. Colorado Mines
Denver,276,100 Free,4,51.61,Izzy Burton,,Minnesota Invitational
Denver,276,100 Free,5,51.97,Darian Koler,,Denver vs. Wyoming vs. Colorado Mesa
Denver,276,100 Free,6,52.13,Ali Beay,,Minnesota Invitational
Denver,276,100 Free,7,52.27,Anais Montibert,,Idaho vs. Denver
Denver,276,100 Free,8,52.31,Angie Wyand,,Minnesota Invitational
Denver,276,100 Free,9,52.38,Sabrina Rachjaibun,,Denver vs. Colorado Mines
Denver,276,100 Free,10,52.44,Sienna Nitke,,Minnesota Invitational
Denver,276,1000 Free,1,10:06.80,Genevieve Franklin,,Denver vs. Wyoming vs. Colorado Mesa
Denver,276,1000 Free,2,10:07.60,Paige Reilly,,Minnesota Invitational
Denver,276,1000 Free,3,10:10.51,Nika Spehar,,Denver vs. Wyoming vs. Colorado Mesa
Denver,276,1650 Free,1,16:47.68,Paige Reilly,,Minnesota Invitational
Denver,276,1650 Free,2,16:57.26,Genevieve Franklin,,Minnesota Invitational
Denver,276,1650 Free,3,17:06.47,Nika Spehar,,Minnesota Invitational
Denver,276,200 Back,1,1:58.47,Sam Synsvoll,,Denver vs. BYU
Denver,276,200 Back,2,1:58.54,Darian Koler,,Denver vs. Wyoming vs. Colorado Mesa
Denver,276,200 Back,3,2:01.11,Lilly Zippel,,Denver v. New Mexico (W) v. Utah (M)
Denver,276,200 Back,4,2:01.41,Mina Ada Solaker,,Minnesota Invitational
Denver,276,200 Back,5,2:02.16,Nika Spehar,,Minnesota Invitational
Denver,276,200 Back,6,2:02.22,Maria DelMonte,,Minnesota Invitational
Denver,276,200 Breast,1,2:14.80,Peyton Mullowney,,Denver vs. Wyoming vs. Colorado Mesa
Denver,276,200 Breast,2,2:17.41,Tenaya Winter,,Denver vs. Wyoming vs. Colorado Mesa
Denver,276,200 Breast,3,2:21.22,Lilly Zippel,,Colorado State vs. Colorado Mesa vs. Denver
Denver,276,200 Breast,4,2:21.90,Zoe Lynch,,Minnesota Invitational
Denver,276,200 Breast,5,2:22.32,Isabella Cardenas,,Minnesota Invitational
Denver,276,200 Breast,6,2:30.99,Mina Ada Solaker,,"Air Force vs. Denver, LSU, Wyoming"
Denver,276,200 Fly,1,2:00.44,Julia Saxman,,Idaho vs. Denver
Denver,276,200 Fly,2,2:00.45,Sabrina Rachjaibun,,WSU vs. Denver
Denver,276,200 Fly,3,2:04.83,Mina Ada Solaker,,Denver vs. Wyoming vs. Colorado Mesa
Denver,276,200 Fly,4,2:08.25,Devon BURNETT,,Denver vs. BYU
Denver,276,200 Fly,5,2:09.31,Paige Reilly,,Denver vs. Colorado Mines
Denver,276,200 Fly,6,2:12.00,Lilly Zippel,,Front Range Invite
Denver,276,200 Free,1,1:48.91,Sam Synsvoll,,Denver v. New Mexico (W) v. Utah (M)
Denver,276,200 Free,2,1:50.28,Sabrina Rachjaibun,,Denver vs. Colorado Mines
Denver,276,200 Free,3,1:50.68,Tenaya Winter,,Denver vs. Colorado Mines
Denver,276,200 Free,4,1:51.17,Izzy Burton,,Minnesota Invitational
Denver,276,200 Free,5,1:52.07,Lilly Zippel,,Idaho vs. Denver
Denver,276,200 Free,6,1:52.30,Paige Reilly,,Minnesota Invitational
Denver,276,200 Free,7,1:52.32,Sienna Nitke,,Idaho vs. Denver
Denver,276,200 Free,8,1:52.96,Maria DelMonte,,Minnesota Invitational
Denver,276,200 Free,9,1:54.35,Anais Montibert,,Minnesota Invitational
Denver,276,200 Free,10,1:55.42,Genevieve Franklin,,Front Range Invite
Denver,276,200 Im,1,2:01.67,Sam Synsvoll,,Denver vs. BYU
Denver,276,200 Im,2,2:03.08,Lilly Zippel,,Minnesota Invitational
Denver,276,200 Im,3,2:03.40,Isabella Cardenas,,Minnesota Invitational
Denver,276,200 Im,4,2:05.33,Izzy Burton,,Minnesota Invitational
Denver,276,200 Im,5,2:05.55,Mina Ada Solaker,,Minnesota Invitational
Denver,276,200 Im,6,2:05.72,Sabrina Rachjaibun,,Denver vs. BYU
Denver,276,200 Im,7,2:07.09,Peyton Mullowney,,Minnesota Invitational
Denver,276,200 Im,8,2:10.32,Devon BURNETT,,Denver vs. Colorado Mines
Denver,276,400 Im,1,4:14.87,Sabrina Rachjaibun,,Denver vs. Wyoming vs. Colorado Mesa
Denver,276,400 Im,2,4:20.30,Mina Ada Solaker,,Denver vs. Wyoming vs. Colorado Mesa
Denver,276,400 Im,3,4:21.20,Sam Synsvoll,,Minnesota Invitational
Denver,276,400 Im,4,4:21.49,Lilly Zippel,,Denver vs. Wyoming vs. Colorado Mesa
Denver,276,400 Im,5,4:26.52,Peyton Mullowney,,Minnesota Invitational
Denver,276,400 Im,6,4:29.90,Genevieve Franklin,,Denver vs. Wyoming vs. Colorado Mesa
Denver,276,400 Im,7,4:41.39,Devon BURNETT,,"Air Force vs. Denver, LSU, Wyoming"
Denver,276,50 Free,1,22.81,Julia Saxman,,Minnesota Invitational
Denver,276,50 Free,2,23.43,Ali Beay,,Minnesota Invitational
Denver,276,50 Free,3,23.43,Isabella Cardenas,,Denver vs. BYU
Denver,276,50 Free,4,23.46,Angie Wyand,,Minnesota Invitational
Denver,276,50 Free,5,23.78,Tenaya Winter,,Minnesota Invitational
Denver,276,50 Free,6,23.85,Sienna Nitke,,Minnesota Invitational
Denver,276,50 Free,7,24.01,Darian Koler,,Minnesota Invitational
Denver,276,50 Free,8,24.20,Izzy Burton,,Minnesota Invitational
Denver,276,50 Free,9,24.25,Anais Montibert,,Minnesota Invitational
Denver,276,50 Free,10,25.01,Olivia Barbieri,,"Air Force vs. Denver, LSU, Wyoming"
Denver,276,500 Free,1,4:50.03,Sabrina Rachjaibun,,Minnesota Invitational
Denver,276,500 Free,2,4:54.77,Paige Reilly,,Minnesota Invitational
Denver,276,500 Free,3,4:54.79,Genevieve Franklin,,Denver v. New Mexico (W) v. Utah (M)
Denver,276,500 Free,4,4:57.92,Nika Spehar,,Minnesota Invitational
Denver,276,500 Free,5,5:00.24,Sam Synsvoll,,Denver vs. Colorado Mines
Denver,276,500 Free,6,5:09.63,Tenaya Winter,,Front Range Invite
Evansville,240,100 Back,1,57.77,Ane Madina Garate,,SIU A3 Performance Invite
Evansville,240,100 Back,2,58.26,Jillian Giese,,"IU-Indianapolis vs. Evansville, Southern Indiana, Valpo"
Evansville,240,100 Back,3,59.89,Jaley Hamilton,,SIU A3 Performance Invite
Evansville,240,100 Back,4,1:00.57,Jae Dauphinais,,Southern Illinois vs. Evansville vs. Indiana State
Evansville,240,100 Back,5,1:01.46,Luana Carrotta,,SIU A3 Performance Invite
Evansville,240,100 Breast,1,1:05.13,Claire Mewbourne,,SIU A3 Performance Invite
Evansville,240,100 Breast,2,1:07.06,Rafaela Markarewicz,,SIU A3 Performance Invite
Evansville,240,100 Breast,3,1:09.60,Tristen Thomas,,SIU A3 Performance Invite
Evansville,240,100 Breast,4,1:12.44,Jillian Giese,,Dan Ross Invitational
Evansville,240,100 Breast,5,1:16.91,Hannah Krings,,Dan Ross Invitational
Evansville,240,100 Fly,1,55.77,Grace Moody,,SIU A3 Performance Invite
Evansville,240,100 Fly,2,56.04,Evelyn Chin,,SIU A3 Performance Invite
Evansville,240,100 Fly,3,58.49,Mia Pesavento,,SIU A3 Performance Invite
Evansville,240,100 Fly,4,59.16,Jae Dauphinais,,Southern Illinois vs. Evansville vs. Indiana State
Evansville,240,100 Fly,5,1:01.19,Amanda Denny,,SIU A3 Performance Invite
Evansville,240,100 Fly,6,1:03.38,Jillian Giese,,SIU A3 Performance Invite
Evansville,240,100 Free,1,51.56,Grace Moody,,UE Double Dual 2025
Evansville,240,100 Free,2,52.92,Evelyn Chin,,SIU A3 Performance Invite
Evansville,240,100 Free,3,53.68,Mia Pesavento,,SIU A3 Performance Invite
Evansville,240,100 Free,4,54.71,Delaney Miller,,SIU A3 Performance Invite
Evansville,240,100 Free,5,55.33,Jae Dauphinais,,Evanville vs. Illinois-Chicago
Evansville,240,100 Free,6,55.42,Ane Madina Garate,,McKendree vs. Evansville
Evansville,240,100 Free,7,55.74,Jaley Hamilton,,SIU A3 Performance Invite
Evansville,240,100 Free,8,56.52,Jillian Giese,,Evanville vs. Illinois-Chicago
Evansville,240,100 Free,9,56.81,Amanda Denny,,SIU A3 Performance Invite
Evansville,240,100 Free,10,1:00.01,Luana Carrotta,,Southern Illinois vs. Evansville vs. Indiana State
Evansville,240,1000 Free,1,10:59.94,Hannah Krings,,SIU A3 Performance Invite
Evansville,240,1000 Free,2,11:17.88,Audrey Wandling,,McKendree vs. Evansville
Evansville,240,1650 Free,1,18:13.09,Hannah Krings,,SIU A3 Performance Invite
Evansville,240,200 Back,1,2:08.05,Grace Moody,,"IU-Indianapolis vs. Evansville, Southern Indiana, Valpo"
Evansville,240,200 Back,2,2:08.13,Ane Madina Garate,,SIU A3 Performance Invite
Evansville,240,200 Back,3,2:09.20,Jaley Hamilton,,SIU A3 Performance Invite
Evansville,240,200 Back,4,2:10.62,Luana Carrotta,,SIU A3 Performance Invite
Evansville,240,200 Breast,1,2:22.64,Claire Mewbourne,,SIU A3 Performance Invite
Evansville,240,200 Breast,2,2:26.62,Rafaela Markarewicz,,SIU A3 Performance Invite
Evansville,240,200 Breast,3,2:27.27,Jillian Giese,,UE Double Dual 2025
Evansville,240,200 Breast,4,2:37.51,Tristen Thomas,,SIU A3 Performance Invite
Evansville,240,200 Fly,1,2:27.92,Mia Pesavento,,Evansville vs. Eastern Illinois
Evansville,240,200 Fly,2,2:28.58,Evelyn Chin,,Evanville vs. Illinois-Chicago
Evansville,240,200 Fly,3,2:36.85,Hannah Krings,,UE Double Dual 2025
Evansville,240,200 Free,1,2:00.18,Delaney Miller,,SIU A3 Performance Invite
Evansville,240,200 Free,2,2:01.03,Mia Pesavento,,Southern Illinois vs. Evansville vs. Indiana State
Evansville,240,200 Free,3,2:01.32,Jillian Giese,,SIU A3 Performance Invite
Evansville,240,200 Free,4,2:02.13,Jae Dauphinais,,Evanville vs. Illinois-Chicago
Evansville,240,200 Free,5,2:02.68,Hannah Krings,,SIU A3 Performance Invite
Evansville,240,200 Free,6,2:02.74,Evelyn Chin,,McKendree vs. Evansville
Evansville,240,200 Free,7,2:03.88,Luana Carrotta,,UE Double Dual 2025
Evansville,240,200 Free,8,2:03.91,Rafaela Markarewicz,,UE Double Dual 2025
Evansville,240,200 Free,9,2:04.28,Audrey Wandling,,Dan Ross Invitational
Evansville,240,200 Free,10,2:05.02,Ane Madina Garate,,Evanville vs. Illinois-Chicago
Evansville,240,200 Im,1,2:08.43,Jillian Giese,,SIU A3 Performance Invite
Evansville,240,200 Im,2,2:08.94,Claire Mewbourne,,SIU A3 Performance Invite
Evansville,240,200 Im,3,2:31.57,Rafaela Markarewicz,,Evansville vs. Eastern Illinois
Evansville,240,200 Im,4,2:32.29,Tristen Thomas,,McKendree vs. Evansville
Evansville,240,400 Im,1,4:37.82,Jillian Giese,,SIU A3 Performance Invite
Evansville,240,50 Free,1,23.80,Grace Moody,,UE Double Dual 2025
Evansville,240,50 Free,2,24.32,Evelyn Chin,,SIU A3 Performance Invite
Evansville,240,50 Free,3,24.63,Jillian Giese,,UE Double Dual 2025
Evansville,240,50 Free,4,24.71,Ane Madina Garate,,SIU A3 Performance Invite
Evansville,240,50 Free,5,24.75,Claire Mewbourne,,SIU A3 Performance Invite
Evansville,240,50 Free,6,24.87,Mia Pesavento,,SIU A3 Performance Invite
Evansville,240,50 Free,7,25.29,Delaney Miller,,SIU A3 Performance Invite
Evansville,240,50 Free,8,25.41,Jae Dauphinais,,McKendree vs. Evansville
Evansville,240,50 Free,9,25.52,Jaley Hamilton,,SIU A3 Performance Invite
Evansville,240,50 Free,10,26.03,Amanda Denny,,SIU A3 Performance Invite
Evansville,240,500 Free,1,5:13.55,Luana Carrotta,,SIU A3 Performance Invite
Evansville,240,500 Free,2,5:18.13,Hannah Krings,,SIU A3 Performance Invite
Evansville,240,500 Free,3,5:28.57,Rafaela Markarewicz,,SIU A3 Performance Invite
Evansville,240,500 Free,4,5:30.67,Audrey Wandling,,McKendree vs. Evansville
Evansville,240,500 Free,5,5:52.02,Lilly Yancey,,Evansville vs. Eastern Illinois
Florida,117,100 Back,1,50.95,Catie Choate,,Florida vs. Auburn
Florida,117,100 Back,2,52.70,Aspen Gersper,,UGA Fall Invitational
Florida,117,100 Back,3,52.75,Zuri Ferguson,,Florida vs. Auburn
Florida,117,100 Back,4,52.80,Grace Rabb,,Florida vs. Auburn
Florida,117,100 Back,5,53.21,Carly Meeting,,UGA Fall Invitational
Florida,117,100 Back,6,54.24,Zoe Dixon,,Florida vs. Virginia
Florida,117,100 Breast,1,56.87,Anita BOTTAZZO,,Florida vs. Virginia
Florida,117,100 Breast,2,58.88,Molly Mayne,,UGA Fall Invitational
Florida,117,100 Breast,3,59.70,Grace Rabb,,UGA Fall Invitational
Florida,117,100 Breast,4,1:00.40,Grace Rainey,,UGA Fall Invitational
Florida,117,100 Breast,5,1:00.87,Anna Moore,,Florida vs. Auburn
Florida,117,100 Breast,6,1:02.42,Gracie Weyant,,UGA Fall Invitational
Florida,117,100 Breast,7,1:04.21,Sofia Plaza,,UGA Fall Invitational
Florida,117,100 Fly,1,52.07,Grace Rabb,,UGA Fall Invitational
Florida,117,100 Fly,2,52.73,Beatriz Bezerra,,Florida vs. Auburn
Florida,117,100 Fly,3,53.15,Catie Choate,,UGA Fall Invitational
Florida,117,100 Fly,4,53.23,Addison Reese,,UGA Fall Invitational
Florida,117,100 Fly,5,53.56,Carly Meeting,,UGA Fall Invitational
Florida,117,100 Fly,6,53.78,Aspen Gersper,,UGA Fall Invitational
Florida,117,100 Fly,7,54.25,Anita BOTTAZZO,,Florida vs. Virginia
Florida,117,100 Fly,8,54.71,Lainy Kruger,,Florida vs. LSU
Florida,117,100 Fly,9,56.11,Michaela Mattes,,Florida vs. Georgia
Florida,117,100 Fly,10,56.68,Zuri Ferguson,,UGA Fall Invitational
Florida,117,100 Free,1,48.41,Lainy Kruger,,Florida vs. Virginia
Florida,117,100 Free,2,48.78,Beatriz Bezerra,,UGA Fall Invitational
Florida,117,100 Free,3,49.03,Sylvia Statkevicius,,UGA Fall Invitational
Florida,117,100 Free,4,49.47,Addison Reese,,UGA Fall Invitational
Florida,117,100 Free,5,49.53,Carly Meeting,,Florida vs. Virginia
Florida,117,100 Free,6,49.84,Aspen Gersper,,UGA Fall Invitational
Florida,117,100 Free,7,49.93,Anita BOTTAZZO,,UGA Fall Invitational
Florida,117,100 Free,8,50.19,Julie Brousseau,,Florida vs. Georgia
Florida,117,100 Free,9,50.29,JoJo Ramey,,UGA Fall Invitational
Florida,117,100 Free,10,51.82,Anna Moore,,Florida vs. Virginia
Florida,117,1000 Free,1,9:25.20,Julie Brousseau,,Florida vs. Georgia
Florida,117,1000 Free,2,9:32.58,Michaela Mattes,,UGA Fall Invitational
Florida,117,1000 Free,3,9:40.12,Camille DeBoer,,Florida vs. Georgia
Florida,117,1000 Free,4,9:57.51,JoJo Ramey,,Florida vs. Georgia
Florida,117,1000 Free,5,10:06.66,Gracie Weyant,,IU - Florida
Florida,117,1650 Free,1,15:56.85,Michaela Mattes,,UGA Fall Invitational
Florida,117,1650 Free,2,16:12.05,Julie Brousseau,,UGA Fall Invitational
Florida,117,1650 Free,3,16:22.02,Camille DeBoer,,UGA Fall Invitational
Florida,117,200 Back,1,1:50.66,Catie Choate,,Florida vs. Auburn
Florida,117,200 Back,2,1:52.35,JoJo Ramey,,UGA Fall Invitational
Florida,117,200 Back,3,1:55.57,Zoe Dixon,,Florida vs. Georgia
Florida,117,200 Back,4,1:55.98,Grace Rabb,,Florida vs. Virginia
Florida,117,200 Back,5,1:56.10,Zuri Ferguson,,Florida vs. Auburn
Florida,117,200 Breast,1,2:06.97,Anita BOTTAZZO,,UGA Fall Invitational
Florida,117,200 Breast,2,2:08.65,Molly Mayne,,UGA Fall Invitational
Florida,117,200 Breast,3,2:08.89,Grace Rabb,,UGA Fall Invitational
Florida,117,200 Breast,4,2:09.46,Grace Rainey,,Florida vs. Auburn
Florida,117,200 Breast,5,2:10.74,Anna Moore,,Florida vs. Auburn
Florida,117,200 Breast,6,2:12.50,Sofia Plaza,,UGA Fall Invitational
Florida,117,200 Breast,7,2:12.54,Gracie Weyant,,UGA Fall Invitational
Florida,117,200 Fly,1,1:55.71,Lainy Kruger,,Florida vs. Virginia
Florida,117,200 Fly,2,1:56.28,Addison Reese,,UGA Fall Invitational
Florida,117,200 Fly,3,1:56.50,Michaela Mattes,,UGA Fall Invitational
Florida,117,200 Fly,4,1:58.93,Grace Rainey,,Florida vs. Auburn
Florida,117,200 Fly,5,2:03.32,Sofia Plaza,,Florida vs. Virginia
Florida,117,200 Fly,6,2:04.12,Beatriz Bezerra,,Florida vs. Auburn
Florida,117,200 Fly,7,2:04.34,Zoe Dixon,,IU - Florida
Florida,117,200 Free,1,1:43.69,Lainy Kruger,,Florida vs. Virginia
Florida,117,200 Free,2,1:44.60,Julie Brousseau,,Florida vs. Virginia
Florida,117,200 Free,3,1:46.29,Sylvia Statkevicius,,UGA Fall Invitational
Florida,117,200 Free,4,1:46.60,JoJo Ramey,,UGA Fall Invitational
Florida,117,200 Free,5,1:46.71,Michaela Mattes,,Florida vs. Georgia
Florida,117,200 Free,6,1:50.14,Beatriz Bezerra,,UGA Fall Invitational
Florida,117,200 Free,7,1:53.41,Grace Rabb,,IU - Florida
Florida,117,200 Free,8,1:53.70,Sofia Plaza,,Florida vs. Virginia
Florida,117,200 Im,1,1:55.29,Grace Rabb,,UGA Fall Invitational
Florida,117,200 Im,2,1:55.62,Lainy Kruger,,UGA Fall Invitational
Florida,117,200 Im,3,1:59.13,Julie Brousseau,,Florida vs. Auburn
Florida,117,200 Im,4,2:00.13,Anna Moore,,UGA Fall Invitational
Florida,117,200 Im,5,2:00.28,Zoe Dixon,,Florida vs. Virginia
Florida,117,200 Im,6,2:00.37,Molly Mayne,,UGA Fall Invitational
Florida,117,200 Im,7,2:02.12,Sofia Plaza,,UGA Fall Invitational
Florida,117,200 Im,8,2:02.94,Grace Rainey,,UGA Fall Invitational
Florida,117,400 Im,1,4:08.69,Julie Brousseau,,Florida vs. Georgia
Florida,117,400 Im,2,4:14.29,Sofia Plaza,,UGA Fall Invitational
Florida,117,400 Im,3,4:16.66,Camille DeBoer,,UGA Fall Invitational
Florida,117,400 Im,4,4:17.89,Grace Rainey,,Florida vs. Georgia
Florida,117,400 Im,5,4:18.53,Zoe Dixon,,Florida vs. Georgia
Florida,117,50 Free,1,22.42,Beatriz Bezerra,,UGA Fall Invitational
Florida,117,50 Free,2,22.66,Carly Meeting,,UGA Fall Invitational
Florida,117,50 Free,3,22.83,Sylvia Statkevicius,,Florida vs. Georgia
Florida,117,50 Free,4,22.86,Lainy Kruger,,Florida vs. Auburn
Florida,117,50 Free,5,22.91,Addison Reese,,UGA Fall Invitational
Florida,117,50 Free,6,23.04,Aspen Gersper,,UGA Fall Invitational
Florida,117,50 Free,7,23.38,Catie Choate,,Florida vs. LSU
Florida,117,50 Free,8,23.40,Anna Moore,,Florida vs. Georgia
Florida,117,50 Free,9,23.55,Anita BOTTAZZO,,UGA Fall Invitational
Florida,117,50 Free,10,24.23,Michaela Mattes,,Florida vs. Georgia
Florida,117,500 Free,1,4:35.14,Julie Brousseau,,UGA Fall Invitational
Florida,117,500 Free,2,4:40.37,Michaela Mattes,,UGA Fall Invitational
Florida,117,500 Free,3,4:45.74,Camille DeBoer,,Florida vs. Georgia
Florida,117,500 Free,4,4:47.90,JoJo Ramey,,UGA Fall Invitational
Florida,117,500 Free,5,4:51.85,Lainy Kruger,,Florida vs. Georgia
Florida,117,500 Free,6,4:55.68,Gracie Weyant,,Florida vs. Georgia
Georgia,124,100 Back,1,52.76,Katie Belle Sikes,,UGA Fall Invitational
Georgia,124,100 Back,2,53.17,Ieva MALUKA,,UGA Fall Invitational
Georgia,124,100 Back,3,54.13,Emma Norton,,UGA Fall Invitational
Georgia,124,100 Back,4,54.14,Sami Rydzewski,,UGA Fall Invitational
Georgia,124,100 Back,5,54.17,Marin Clem,,UGA Fall Invitational
Georgia,124,100 Back,6,54.65,Maeve Eckerman,,South Carolina vs. Georgia
Georgia,124,100 Back,7,55.13,Clarke Neace,,GT DMT: Auburn vs. Georgia
Georgia,124,100 Back,8,55.36,Hayden Hollingsworth,,UGA Fall Invitational
Georgia,124,100 Back,9,55.61,Hailey Dopson,,UGA Fall Invitational
Georgia,124,100 Back,10,55.98,Elle Noecker,,UGA Fall Invitational
Georgia,124,100 Breast,1,1:00.11,Elizabeth Nawrocki,,UGA Fall Invitational
Georgia,124,100 Breast,2,1:00.50,Charlotte Headland,,"UGA vs. Arkansas, Florida State"
Georgia,124,100 Breast,3,1:01.97,Elizabeth Isakson,,GT DMT: Georgia vs. George Washington
Georgia,124,100 Breast,4,1:02.30,Olivia Della Torre,,UGA Fall Invitational
Georgia,124,100 Breast,5,1:02.46,Mia Jeltema,,"UGA vs. Arkansas, Florida State"
Georgia,124,100 Breast,6,1:02.92,Elle Noecker,,GT DMT: Georgia vs. George Washington
Georgia,124,100 Fly,1,52.84,Izzy Beu,,UGA Fall Invitational
Georgia,124,100 Fly,2,52.89,Katie Belle Sikes,,UGA Fall Invitational
Georgia,124,100 Fly,3,52.95,Olivia Della Torre,,UGA Fall Invitational
Georgia,124,100 Fly,4,53.16,Hayden Hollingsworth,,UGA Fall Invitational
Georgia,124,100 Fly,5,53.42,Emma Norton,,South Carolina vs. Georgia
Georgia,124,100 Fly,6,56.31,Ieva MALUKA,,UGA Fall Invitational
Georgia,124,100 Fly,7,57.37,Elizabeth Tilt,,UGA Fall Invitational
Georgia,124,100 Fly,8,59.24,Mia Jeltema,,UGA Fall Invitational
Georgia,124,100 Fly,9,59.52,Kylie McMurray,,UGA Fall Invitational
Georgia,124,100 Free,1,48.74,Katie Belle Sikes,,UGA Fall Invitational
Georgia,124,100 Free,2,48.75,Kennedi Dobson,,GT DMT: NC State vs. Georgia
Georgia,124,100 Free,3,48.85,Marie Landreneau,,GT DMT: Auburn vs. Georgia
Georgia,124,100 Free,4,49.12,Ieva MALUKA,,GT DMT: NC State vs. Georgia
Georgia,124,100 Free,5,49.20,Emma Norton,,UGA Fall Invitational
Georgia,124,100 Free,6,49.69,Shea Furse,,UGA Fall Invitational
Georgia,124,100 Free,7,49.77,Marin Clem,,UGA Fall Invitational
Georgia,124,100 Free,8,50.47,Maeve Eckerman,,UGA Fall Invitational
Georgia,124,100 Free,9,51.36,Hayden Hollingsworth,,UGA Fall Invitational
Georgia,124,100 Free,10,51.51,Clarke Neace,,South Carolina vs. Georgia
Georgia,124,1000 Free,1,9:29.05,Kennedi Dobson,,"UGA vs. Arkansas, Florida State"
Georgia,124,1000 Free,2,9:40.03,Clarke Neace,,Florida vs. Georgia
Georgia,124,1000 Free,3,9:53.96,Heidi Stalkfleet,,"UGA vs. Arkansas, Florida State"
Georgia,124,1000 Free,4,9:54.06,Elizabeth Tilt,,Florida vs. Georgia
Georgia,124,1000 Free,5,9:59.39,Kylie McMurray,,UGA Fall Invitational
Georgia,124,1650 Free,1,15:47.61,Kennedi Dobson,,UGA Fall Invitational
Georgia,124,1650 Free,2,16:00.95,Clarke Neace,,UGA Fall Invitational
Georgia,124,1650 Free,3,16:24.30,Heidi Stalkfleet,,UGA Fall Invitational
Georgia,124,1650 Free,4,16:35.91,Kylie McMurray,,UGA Fall Invitational
Georgia,124,200 Back,1,1:53.66,Kennedi Dobson,,"UGA vs. Arkansas, Florida State"
Georgia,124,200 Back,2,1:55.68,Clarke Neace,,UGA Fall Invitational
Georgia,124,200 Back,3,1:56.66,Sami Rydzewski,,Florida vs. Georgia
Georgia,124,200 Back,4,1:57.76,Ieva MALUKA,,South Carolina vs. Georgia
Georgia,124,200 Back,5,1:59.71,Elle Noecker,,UGA Fall Invitational
Georgia,124,200 Back,6,2:00.70,Hailey Dopson,,UGA Fall Invitational
Georgia,124,200 Back,7,2:01.66,Maeve Eckerman,,South Carolina vs. Georgia
Georgia,124,200 Breast,1,2:08.44,Elizabeth Nawrocki,,UGA Fall Invitational
Georgia,124,200 Breast,2,2:09.88,Charlotte Headland,,GT DMT: NC State vs. Georgia
Georgia,124,200 Breast,3,2:14.12,Olivia Della Torre,,Florida vs. Georgia
Georgia,124,200 Breast,4,2:14.43,Elizabeth Isakson,,South Carolina vs. Georgia
Georgia,124,200 Breast,5,2:15.32,Mia Jeltema,,"UGA vs. Arkansas, Florida State"
Georgia,124,200 Fly,1,1:56.29,Ieva MALUKA,,"UGA vs. Arkansas, Florida State"
Georgia,124,200 Fly,2,1:57.01,Izzy Beu,,UGA Fall Invitational
Georgia,124,200 Fly,3,1:59.64,Elizabeth Tilt,,South Carolina vs. Georgia
Georgia,124,200 Fly,4,2:00.58,Emma Norton,,GT DMT: Auburn vs. Georgia
Georgia,124,200 Fly,5,2:00.99,Olivia Della Torre,,"UGA vs. Arkansas, Florida State"
Georgia,124,200 Fly,6,2:03.83,Heidi Stalkfleet,,UGA Fall Invitational
Georgia,124,200 Fly,7,2:04.68,Kylie McMurray,,UGA Fall Invitational
Georgia,124,200 Free,1,1:42.19,Kennedi Dobson,,UGA Fall Invitational
Georgia,124,200 Free,2,1:43.47,Marie Landreneau,,UGA Fall Invitational
Georgia,124,200 Free,3,1:44.38,Ieva MALUKA,,UGA Fall Invitational
Georgia,124,200 Free,4,1:44.88,Shea Furse,,UGA Fall Invitational
Georgia,124,200 Free,5,1:45.64,Emma Norton,,UGA Fall Invitational
Georgia,124,200 Free,6,1:46.83,Maeve Eckerman,,UGA Fall Invitational
Georgia,124,200 Free,7,1:47.75,Clarke Neace,,UGA Fall Invitational
Georgia,124,200 Free,8,1:49.29,Heidi Stalkfleet,,UGA Fall Invitational
Georgia,124,200 Free,9,1:49.33,Marin Clem,,UGA Fall Invitational
Georgia,124,200 Free,10,1:50.15,Sami Rydzewski,,UGA Fall Invitational
Georgia,124,200 Im,1,1:56.00,Ieva MALUKA,,UGA Fall Invitational
Georgia,124,200 Im,2,1:58.06,Marie Landreneau,,GT DMT: Auburn vs. Georgia
Georgia,124,200 Im,3,1:58.96,Kennedi Dobson,,GT DMT: Georgia vs. George Washington
Georgia,124,200 Im,4,1:59.32,Olivia Della Torre,,UGA Fall Invitational
Georgia,124,200 Im,5,1:59.36,Izzy Beu,,UGA Fall Invitational
Georgia,124,200 Im,6,2:01.79,Charlotte Headland,,UGA Fall Invitational
Georgia,124,200 Im,7,2:02.17,Elizabeth Nawrocki,,UGA Fall Invitational
Georgia,124,200 Im,8,2:02.28,Elizabeth Tilt,,South Carolina vs. Georgia
Georgia,124,200 Im,9,2:02.50,Elle Noecker,,UGA Fall Invitational
Georgia,124,200 Im,10,2:02.70,Mia Jeltema,,UGA Fall Invitational
Georgia,124,400 Im,1,4:06.20,Ieva MALUKA,,UGA Fall Invitational
Georgia,124,400 Im,2,4:12.17,Elizabeth Tilt,,UGA Fall Invitational
Georgia,124,400 Im,3,4:20.74,Mia Jeltema,,UGA Fall Invitational
Georgia,124,400 Im,4,4:22.37,Kylie McMurray,,UGA Fall Invitational
Georgia,124,400 Im,5,4:22.98,Izzy Beu,,Florida vs. Georgia
Georgia,124,50 Free,1,22.39,Katie Belle Sikes,,UGA Fall Invitational
Georgia,124,50 Free,2,22.75,Marin Clem,,UGA Fall Invitational
Georgia,124,50 Free,3,22.87,Hayden Hollingsworth,,"UGA vs. Arkansas, Florida State"
Georgia,124,50 Free,4,22.90,Marie Landreneau,,UGA Fall Invitational
Georgia,124,50 Free,5,23.28,Maeve Eckerman,,"UGA vs. Arkansas, Florida State"
Georgia,124,50 Free,6,23.53,Izzy Beu,,GT DMT: Auburn vs. Georgia
Georgia,124,50 Free,7,23.60,Olivia Della Torre,,GT DMT: Georgia vs. George Washington
Georgia,124,50 Free,8,23.73,Ieva MALUKA,,GT DMT: NC State vs. Georgia
Georgia,124,50 Free,9,23.75,Kennedi Dobson,,GT DMT: Auburn vs. Georgia
Georgia,124,50 Free,10,23.78,Emma Norton,,UGA Fall Invitational
Georgia,124,500 Free,1,4:33.61,Kennedi Dobson,,GT DMT: NC State vs. Georgia
Georgia,124,500 Free,2,4:39.73,Marie Landreneau,,UGA Fall Invitational
Georgia,124,500 Free,3,4:42.40,Elizabeth Tilt,,UGA Fall Invitational
Georgia,124,500 Free,4,4:42.68,Shea Furse,,UGA Fall Invitational
Georgia,124,500 Free,5,4:43.79,Clarke Neace,,UGA Fall Invitational
Georgia,124,500 Free,6,4:49.74,Heidi Stalkfleet,,UGA Fall Invitational
Georgia,124,500 Free,7,4:55.25,Kylie McMurray,,UGA Fall Invitational
Georgia,124,500 Free,8,4:56.42,Sami Rydzewski,,UGA Fall Invitational
Georgia,124,500 Free,9,4:57.68,Hailey Dopson,,UGA Fall Invitational
Hawaii,51,100 Back,1,54.99,Eva Kovaluk,,SMU Invitational
Hawaii,51,100 Back,2,55.24,Aziza Meyer,,SMU Invitational
Hawaii,51,100 Back,3,55.45,Alexa Ozment,,Hawaii vs. Grand Canyon
Hawaii,51,100 Back,4,55.83,Mia Blazevska Eminova,,SMU Invitational
Hawaii,51,100 Back,5,55.91,Abby Fellinger,,Hawaii vs. Alaska-Fairbanks
Hawaii,51,100 Back,6,56.31,Iz Meraz,,SMU Invitational
Hawaii,51,100 Back,7,1:00.32,Carlotta Ingenerf,,Utah vs Hawaii
Hawaii,51,100 Back,8,1:01.21,Gaby Kelly,,Hawaii vs. Pacific Lutheran
Hawaii,51,100 Breast,1,1:00.41,Zofia Tyminska,,SMU Invitational
Hawaii,51,100 Breast,2,1:04.42,Alexia Kovaluk,,SMU Invitational
Hawaii,51,100 Breast,3,1:04.73,Rebekka Luoto,,Triton Invitational
Hawaii,51,100 Breast,4,1:05.03,Aziza Meyer,,Hawaii vs. Alaska-Fairbanks
Hawaii,51,100 Breast,5,1:07.42,Eva Kovaluk,,Hawaii vs. Pacific Lutheran
Hawaii,51,100 Breast,6,1:12.49,Aoife Harkin,,Hawaii vs. Pacific Lutheran
Hawaii,51,100 Breast,7,1:12.56,Carlotta Ingenerf,,Hawaii vs. Pacific Lutheran
Hawaii,51,100 Fly,1,53.81,Holly Nelson,,SMU Invitational
Hawaii,51,100 Fly,2,53.97,Mia Blazevska Eminova,,SMU Invitational
Hawaii,51,100 Fly,3,54.01,Iz Meraz,,SMU Invitational
Hawaii,51,100 Fly,4,54.57,Aziza Meyer,,Hawaii vs. Grand Canyon
Hawaii,51,100 Fly,5,55.02,Kailee Chow,,Hawaii vs. Grand Canyon
Hawaii,51,100 Fly,6,55.18,Eva Kovaluk,,SMU Invitational
Hawaii,51,100 Fly,7,58.16,Alexa Ozment,,SMU Invitational
Hawaii,51,100 Fly,8,58.52,Carlotta Ingenerf,,SMU Invitational
Hawaii,51,100 Fly,9,58.85,Abby Fellinger,,SMU Invitational
Hawaii,51,100 Fly,10,59.52,Gaby Kelly,,SMU Invitational
Hawaii,51,100 Free,1,48.80,Holly Nelson,,SMU Invitational
Hawaii,51,100 Free,2,49.78,Quincy Key,,SMU Invitational
Hawaii,51,100 Free,3,50.47,Mia Blazevska Eminova,,SMU Invitational
Hawaii,51,100 Free,4,50.55,Brooke Bennett,,SMU Invitational
Hawaii,51,100 Free,5,50.96,Eva Kovaluk,,SMU Invitational
Hawaii,51,100 Free,6,50.98,Alexia Kovaluk,,SMU Invitational
Hawaii,51,100 Free,7,51.34,Aziza Meyer,,SMU Invitational
Hawaii,51,100 Free,8,51.63,Lola Davison,,SMU Invitational
Hawaii,51,100 Free,9,51.70,Rebekka Luoto,,Hawaii vs. Brigham Young
Hawaii,51,100 Free,10,52.13,Alexa Ozment,,SMU Invitational
Hawaii,51,1000 Free,1,10:09.36,Brooke Bennett,,Hawaii vs. Brigham Young
Hawaii,51,1000 Free,2,10:10.03,Gaby Kelly,,Hawaii vs. Grand Canyon
Hawaii,51,1000 Free,3,10:17.45,Esther LE MAIGAT-LECOU,,Hawaii vs. Grand Canyon
Hawaii,51,1000 Free,4,10:20.42,Aoife Harkin,,Hawaii vs. Brigham Young
Hawaii,51,1000 Free,5,10:35.13,Kailee Chow,,Hawaii vs. Grand Canyon
Hawaii,51,1650 Free,1,16:58.99,Brooke Bennett,,SMU Invitational
Hawaii,51,1650 Free,2,17:06.19,Aoife Harkin,,SMU Invitational
Hawaii,51,1650 Free,3,17:07.63,Esther LE MAIGAT-LECOU,,SMU Invitational
Hawaii,51,1650 Free,4,17:21.90,Gaby Kelly,,Triton Invitational
Hawaii,51,200 Back,1,2:00.20,Carlotta Ingenerf,,SMU Invitational
Hawaii,51,200 Back,2,2:01.90,Gaby Kelly,,Hawaii vs. Alaska-Fairbanks
Hawaii,51,200 Back,3,2:04.51,Abby Fellinger,,SMU Invitational
Hawaii,51,200 Back,4,2:05.96,Eva Kovaluk,,SMU Invitational
Hawaii,51,200 Back,5,2:07.85,Aziza Meyer,,SMU Invitational
Hawaii,51,200 Back,6,2:09.25,Alexa Ozment,,Triton Invitational
Hawaii,51,200 Breast,1,2:11.56,Zofia Tyminska,,SMU Invitational
Hawaii,51,200 Breast,2,2:19.42,Carlotta Ingenerf,,SMU Invitational
Hawaii,51,200 Breast,3,2:20.38,Alexia Kovaluk,,SMU Invitational
Hawaii,51,200 Breast,4,2:20.48,Mia Blazevska Eminova,,Hawaii vs. Alaska-Fairbanks
Hawaii,51,200 Breast,5,2:24.36,Aoife Harkin,,Hawaii vs. Brigham Young
Hawaii,51,200 Fly,1,2:01.64,Mia Blazevska Eminova,,SMU Invitational
Hawaii,51,200 Fly,2,2:03.00,Iz Meraz,,SMU Invitational
Hawaii,51,200 Fly,3,2:03.20,Kailee Chow,,Hawaii vs. Alaska-Fairbanks
Hawaii,51,200 Fly,4,2:08.88,Aoife Harkin,,Hawaii vs. Grand Canyon
Hawaii,51,200 Fly,5,2:10.82,Carlotta Ingenerf,,Hawaii vs. Brigham Young
Hawaii,51,200 Free,1,1:48.53,Brooke Bennett,,SMU Invitational
Hawaii,51,200 Free,2,1:49.33,Mia Blazevska Eminova,,SMU Invitational
Hawaii,51,200 Free,3,1:51.68,Esther LE MAIGAT-LECOU,,SMU Invitational
Hawaii,51,200 Free,4,1:51.77,Lola Davison,,SMU Invitational
Hawaii,51,200 Free,5,1:52.62,Gaby Kelly,,SMU Invitational
Hawaii,51,200 Free,6,1:52.78,Alexia Kovaluk,,Hawaii vs. Grand Canyon
Hawaii,51,200 Free,7,1:53.82,Aoife Harkin,,Triton Invitational
Hawaii,51,200 Free,8,1:55.49,Rebekka Luoto,,Hawaii vs. Pacific Lutheran
Hawaii,51,200 Free,9,1:56.12,Quincy Key,,Triton Invitational
Hawaii,51,200 Im,1,1:58.39,Zofia Tyminska,,SMU Invitational
Hawaii,51,200 Im,2,2:02.93,Carlotta Ingenerf,,SMU Invitational
Hawaii,51,200 Im,3,2:03.39,Eva Kovaluk,,SMU Invitational
Hawaii,51,200 Im,4,2:03.48,Mia Blazevska Eminova,,SMU Invitational
Hawaii,51,200 Im,5,2:05.19,Gaby Kelly,,Hawaii vs. Alaska-Fairbanks
Hawaii,51,200 Im,6,2:06.92,Aoife Harkin,,SMU Invitational
Hawaii,51,200 Im,7,2:06.95,Rebekka Luoto,,Triton Invitational
Hawaii,51,200 Im,8,2:14.10,Abby Fellinger,,SMU Invitational
Hawaii,51,400 Im,1,4:18.73,Carlotta Ingenerf,,SMU Invitational
Hawaii,51,400 Im,2,4:22.14,Aoife Harkin,,SMU Invitational
Hawaii,51,400 Im,3,4:27.72,Gaby Kelly,,SMU Invitational
Hawaii,51,50 Free,1,22.43,Holly Nelson,,SMU Invitational
Hawaii,51,50 Free,2,22.81,Quincy Key,,Hawaii vs. Grand Canyon
Hawaii,51,50 Free,3,23.14,Zofia Tyminska,,SMU Invitational
Hawaii,51,50 Free,4,23.56,Aziza Meyer,,Hawaii vs. Grand Canyon
Hawaii,51,50 Free,5,23.68,Alexia Kovaluk,,Hawaii vs. Alaska-Fairbanks
Hawaii,51,50 Free,6,23.72,Rebekka Luoto,,University of Hawaii Intrasquad
Hawaii,51,50 Free,7,23.76,Alexa Ozment,,Hawaii vs. Grand Canyon
Hawaii,51,50 Free,8,23.87,Eva Kovaluk,,SMU Invitational
Hawaii,51,50 Free,9,23.93,Iz Meraz,,SMU Invitational
Hawaii,51,50 Free,10,24.06,Lola Davison,,SMU Invitational
Hawaii,51,500 Free,1,4:54.61,Brooke Bennett,,SMU Invitational
Hawaii,51,500 Free,2,4:56.02,Gaby Kelly,,Triton Invitational
Hawaii,51,500 Free,3,4:57.27,Aoife Harkin,,SMU Invitational
Hawaii,51,500 Free,4,5:00.29,Esther LE MAIGAT-LECOU,,SMU Invitational
Hawaii,51,500 Free,5,5:02.65,Lola Davison,,SMU Invitational
Hawaii,51,500 Free,6,5:09.35,Kailee Chow,,Triton Invitational
Hawaii,51,500 Free,7,5:09.81,Alexia Kovaluk,,Triton Invitational
Illinois-Chicago,158,100 Back,1,55.74,Georgina Bell,,21st House of Champions Invitational
Illinois-Chicago,158,100 Back,2,56.01,Bella Plude,,21st House of Champions Invitational
Illinois-Chicago,158,100 Back,3,56.24,Sophie Stefanac,,21st House of Champions Invitational
Illinois-Chicago,158,100 Back,4,57.73,Bella Drake,,21st House of Champions Invitational
Illinois-Chicago,158,100 Back,5,58.51,Addi Payne,,21st House of Champions Invitational
Illinois-Chicago,158,100 Breast,1,1:04.79,Ruhee Chetan,,21st House of Champions Invitational
Illinois-Chicago,158,100 Breast,2,1:06.82,Maggie Delaney,,UIC vs SIU
Illinois-Chicago,158,100 Breast,3,1:07.11,Ivana Neverman,,21st House of Champions Invitational
Illinois-Chicago,158,100 Fly,1,54.73,Sam Wilson,,21st House of Champions Invitational
Illinois-Chicago,158,100 Fly,2,55.05,Bella Plude,,21st House of Champions Invitational
Illinois-Chicago,158,100 Fly,3,55.55,Maya Arroyo,,21st House of Champions Invitational
Illinois-Chicago,158,100 Fly,4,55.85,Georgina Bell,,21st House of Champions Invitational
Illinois-Chicago,158,100 Fly,5,57.66,alexis naranjo,,21st House of Champions Invitational
Illinois-Chicago,158,100 Fly,6,57.79,Sophie Stefanac,,21st House of Champions Invitational
Illinois-Chicago,158,100 Fly,7,59.99,Ivana Neverman,,21st House of Champions Invitational
Illinois-Chicago,158,100 Fly,8,1:00.57,Coco Roy,,21st House of Champions Invitational
Illinois-Chicago,158,100 Fly,9,1:04.12,Karolena Shaw,,21st House of Champions Invitational
Illinois-Chicago,158,100 Free,1,51.16,Madison Helmick,,University of Chicago vs. University of Illinois at Chicago
Illinois-Chicago,158,100 Free,2,51.46,Zoe Shields,,21st House of Champions Invitational
Illinois-Chicago,158,100 Free,3,51.94,Macie McCurry,,21st House of Champions Invitational
Illinois-Chicago,158,100 Free,4,52.19,Natalie Sanders,,21st House of Champions Invitational
Illinois-Chicago,158,100 Free,5,52.61,Addi Payne,,21st House of Champions Invitational
Illinois-Chicago,158,100 Free,6,53.77,Sam Wilson,,UIC vs IU Indy
Illinois-Chicago,158,100 Free,7,54.11,Maya Arroyo,,21st House of Champions Invitational
Illinois-Chicago,158,100 Free,8,56.17,Ruhee Chetan,,UIC vs SIU
Illinois-Chicago,158,1000 Free,1,10:13.85,Molly Kroeger,,21st House of Champions Invitational
Illinois-Chicago,158,1000 Free,2,10:23.45,Karolena Shaw,,21st House of Champions Invitational
Illinois-Chicago,158,1000 Free,3,10:24.56,Madison Helmick,,UIC vs ISU
Illinois-Chicago,158,1000 Free,4,11:20.46,Brianna Corro,,UIC vs SIU
Illinois-Chicago,158,1650 Free,1,17:00.18,Molly Kroeger,,21st House of Champions Invitational
Illinois-Chicago,158,1650 Free,2,17:13.44,Karolena Shaw,,21st House of Champions Invitational
Illinois-Chicago,158,200 Back,1,2:02.63,Bella Plude,,21st House of Champions Invitational
Illinois-Chicago,158,200 Back,2,2:02.99,Sophie Stefanac,,21st House of Champions Invitational
Illinois-Chicago,158,200 Back,3,2:03.49,Georgina Bell,,UIC vs ISU
Illinois-Chicago,158,200 Back,4,2:03.82,Addi Payne,,21st House of Champions Invitational
Illinois-Chicago,158,200 Back,5,2:05.43,Natalie Sanders,,21st House of Champions Invitational
Illinois-Chicago,158,200 Back,6,2:05.44,Bella Drake,,21st House of Champions Invitational
Illinois-Chicago,158,200 Back,7,2:06.02,Coco Roy,,21st House of Champions Invitational
Illinois-Chicago,158,200 Breast,1,2:22.25,Ivana Neverman,,21st House of Champions Invitational
Illinois-Chicago,158,200 Breast,2,2:28.23,Ruhee Chetan,,21st House of Champions Invitational
Illinois-Chicago,158,200 Breast,3,2:28.32,Maggie Delaney,,Milwaukee vs. Illinois-Chicago
Illinois-Chicago,158,200 Fly,1,2:00.08,Sam Wilson,,21st House of Champions Invitational
Illinois-Chicago,158,200 Fly,2,2:03.83,Bella Plude,,21st House of Champions Invitational
Illinois-Chicago,158,200 Fly,3,2:06.64,alexis naranjo,,University of Chicago vs. University of Illinois at Chicago
Illinois-Chicago,158,200 Fly,4,2:08.52,Coco Roy,,21st House of Champions Invitational
Illinois-Chicago,158,200 Free,1,1:48.72,Madison Helmick,,University of Chicago vs. University of Illinois at Chicago
Illinois-Chicago,158,200 Free,2,1:50.45,Molly Kroeger,,21st House of Champions Invitational
Illinois-Chicago,158,200 Free,3,1:50.59,Zoe Shields,,21st House of Champions Invitational
Illinois-Chicago,158,200 Free,4,1:52.71,Natalie Sanders,,21st House of Champions Invitational
Illinois-Chicago,158,200 Free,5,1:53.80,Macie McCurry,,21st House of Champions Invitational
Illinois-Chicago,158,200 Free,6,1:55.40,alexis naranjo,,UIC vs IU Indy
Illinois-Chicago,158,200 Free,7,1:55.90,Addi Payne,,21st House of Champions Invitational
Illinois-Chicago,158,200 Free,8,2:01.08,Karolena Shaw,,USI vs. UIC
Illinois-Chicago,158,200 Im,1,2:04.74,Sam Wilson,,21st House of Champions Invitational
Illinois-Chicago,158,200 Im,2,2:06.90,Ivana Neverman,,21st House of Champions Invitational
Illinois-Chicago,158,200 Im,3,2:09.02,Coco Roy,,21st House of Champions Invitational
Illinois-Chicago,158,200 Im,4,2:10.31,Ruhee Chetan,,21st House of Champions Invitational
Illinois-Chicago,158,400 Im,1,4:26.04,Ivana Neverman,,21st House of Champions Invitational
Illinois-Chicago,158,400 Im,2,4:31.94,Coco Roy,,21st House of Champions Invitational
Illinois-Chicago,158,400 Im,3,4:51.53,Karolena Shaw,,21st House of Champions Invitational
Illinois-Chicago,158,50 Free,1,23.13,Georgina Bell,,21st House of Champions Invitational
Illinois-Chicago,158,50 Free,2,23.58,Madison Helmick,,21st House of Champions Invitational
Illinois-Chicago,158,50 Free,3,23.68,Zoe Shields,,21st House of Champions Invitational
Illinois-Chicago,158,50 Free,4,23.71,Macie McCurry,,21st House of Champions Invitational
Illinois-Chicago,158,50 Free,5,23.72,Maya Arroyo,,21st House of Champions Invitational
Illinois-Chicago,158,50 Free,6,24.47,Natalie Sanders,,21st House of Champions Invitational
Illinois-Chicago,158,50 Free,7,24.72,Addi Payne,,21st House of Champions Invitational
Illinois-Chicago,158,50 Free,8,24.98,alexis naranjo,,21st House of Champions Invitational
Illinois-Chicago,158,50 Free,9,25.12,Bella Drake,,21st House of Champions Invitational
Illinois-Chicago,158,50 Free,10,25.63,Ruhee Chetan,,Evanville vs. Illinois-Chicago
Illinois-Chicago,158,500 Free,1,4:49.12,Madison Helmick,,21st House of Champions Invitational
Illinois-Chicago,158,500 Free,2,4:51.69,Molly Kroeger,,21st House of Champions Invitational
Illinois-Chicago,158,500 Free,3,5:02.84,Natalie Sanders,,21st House of Champions Invitational
Illinois-Chicago,158,500 Free,4,5:06.30,Karolena Shaw,,21st House of Champions Invitational
Illinois-Chicago,158,500 Free,5,5:29.01,Brianna Corro,,University of Chicago vs. University of Illinois at Chicago
Missouri State,454,100 Back,1,55.92,Olivia Sala,,21st House of Champions Invitational
Missouri State,454,100 Back,2,56.29,Hadleigh Henslee,,21st House of Champions Invitational
Missouri State,454,100 Back,3,1:00.81,Evie Kolb,,Drury vs. Missouri State
Missouri State,454,100 Breast,1,1:02.71,Lana Janson,,Drury vs. Missouri State
Missouri State,454,100 Breast,2,1:04.64,Paige Corbin,,21st House of Champions Invitational
Missouri State,454,100 Breast,3,1:05.96,Aleca Howard,,Nebraska-Omaha vs. Missouri State
Missouri State,454,100 Breast,4,1:08.36,Kennedy Grosklaus,,21st House of Champions Invitational
Missouri State,454,100 Fly,1,53.89,Lillie Freulon,,21st House of Champions Invitational
Missouri State,454,100 Fly,2,54.66,Addie Ludbrook,,21st House of Champions Invitational
Missouri State,454,100 Fly,3,57.91,Aleca Howard,,MO State vs. SIU
Missouri State,454,100 Fly,4,58.05,Olivia Sala,,"Missouri State vs. Indiana State, Ouachita Baptist"
Missouri State,454,100 Fly,5,58.10,Paige Corbin,,Drury vs. Missouri State
Missouri State,454,100 Fly,6,1:00.36,Lindsey Hervey,,"Missouri State vs. Indiana State, Ouachita Baptist"
Missouri State,454,100 Fly,7,1:00.90,Evie Kolb,,21st House of Champions Invitational
Missouri State,454,100 Fly,8,1:01.28,Kennedy Grosklaus,,21st House of Champions Invitational
Missouri State,454,100 Fly,9,1:01.69,Claire Culberson,,"Missouri State vs. Indiana State, Ouachita Baptist"
Missouri State,454,100 Free,1,49.57,Makenzie Kurre,,21st House of Champions Invitational
Missouri State,454,100 Free,2,50.57,Lana Janson,,Nebraska-Omaha vs. Missouri State
Missouri State,454,100 Free,3,51.11,Ainsley Jenkins,,Missouri State vs. Drury
Missouri State,454,100 Free,4,51.78,Ané Meier,,21st House of Champions Invitational
Missouri State,454,100 Free,5,51.80,Cameryn Johnson,,21st House of Champions Invitational
Missouri State,454,100 Free,6,52.62,Lillie Freulon,,21st House of Champions Invitational
Missouri State,454,100 Free,7,53.29,Sophia Dela Coleta,,Nebraska-Omaha vs. Missouri State
Missouri State,454,100 Free,8,54.17,Evie Kolb,,Missouri State vs. Drury
Missouri State,454,100 Free,9,55.83,Lindsey Hervey,,MO State vs. SIU
Missouri State,454,100 Free,10,57.07,Claire Culberson,,MO State vs. SIU
Missouri State,454,1000 Free,1,10:09.76,Sophia Dela Coleta,,21st House of Champions Invitational
Missouri State,454,1000 Free,2,10:16.90,Evie Kolb,,Missouri State vs. Drury
Missouri State,454,1000 Free,3,10:17.35,Ainsley Jenkins,,21st House of Champions Invitational
Missouri State,454,1000 Free,4,10:20.76,Lindsey Hervey,,21st House of Champions Invitational
Missouri State,454,1000 Free,5,10:26.53,Claire Culberson,,Nebraska-Omaha vs. Missouri State
Missouri State,454,1650 Free,1,16:52.44,Sophia Dela Coleta,,21st House of Champions Invitational
Missouri State,454,1650 Free,2,16:55.51,Ainsley Jenkins,,21st House of Champions Invitational
Missouri State,454,1650 Free,3,17:02.49,Evie Kolb,,21st House of Champions Invitational
Missouri State,454,1650 Free,4,17:15.84,Lindsey Hervey,,21st House of Champions Invitational
Missouri State,454,1650 Free,5,17:21.08,Claire Culberson,,Nebraska-Omaha vs. Missouri State
Missouri State,454,200 Back,1,2:05.81,Hadleigh Henslee,,21st House of Champions Invitational
Missouri State,454,200 Back,2,2:08.43,Olivia Sala,,"Missouri State vs. Indiana State, Ouachita Baptist"
Missouri State,454,200 Back,3,2:08.66,Evie Kolb,,Missouri State vs. Drury
Missouri State,454,200 Back,4,2:18.69,Sophia Dela Coleta,,Nebraska-Omaha vs. Missouri State
Missouri State,454,200 Breast,1,2:19.46,Paige Corbin,,21st House of Champions Invitational
Missouri State,454,200 Breast,2,2:21.09,Olivia Sala,,21st House of Champions Invitational
Missouri State,454,200 Breast,3,2:21.71,Aleca Howard,,Nebraska-Omaha vs. Missouri State
Missouri State,454,200 Breast,4,2:30.00,Kennedy Grosklaus,,21st House of Champions Invitational
Missouri State,454,200 Fly,1,2:03.24,Lillie Freulon,,21st House of Champions Invitational
Missouri State,454,200 Fly,2,2:04.18,Addie Ludbrook,,Nebraska-Omaha vs. Missouri State
Missouri State,454,200 Fly,3,2:06.22,Lindsey Hervey,,Nebraska-Omaha vs. Missouri State
Missouri State,454,200 Fly,4,2:13.65,Claire Culberson,,21st House of Champions Invitational
Missouri State,454,200 Free,1,1:49.12,Lana Janson,,Nebraska-Omaha vs. Missouri State
Missouri State,454,200 Free,2,1:49.24,Makenzie Kurre,,21st House of Champions Invitational
Missouri State,454,200 Free,3,1:50.35,Ainsley Jenkins,,21st House of Champions Invitational
Missouri State,454,200 Free,4,1:51.43,Sophia Dela Coleta,,21st House of Champions Invitational
Missouri State,454,200 Free,5,1:52.54,Ané Meier,,21st House of Champions Invitational
Missouri State,454,200 Free,6,1:53.96,Lindsey Hervey,,21st House of Champions Invitational
Missouri State,454,200 Free,7,1:54.64,Claire Culberson,,21st House of Champions Invitational
Missouri State,454,200 Free,8,1:54.65,Cameryn Johnson,,21st House of Champions Invitational
Missouri State,454,200 Free,9,1:54.92,Aleca Howard,,21st House of Champions Invitational
Missouri State,454,200 Free,10,1:58.50,Paige Corbin,,MO State vs. SIU
Missouri State,454,200 Im,1,2:02.80,Lana Janson,,21st House of Champions Invitational
Missouri State,454,200 Im,2,2:02.85,Olivia Sala,,21st House of Champions Invitational
Missouri State,454,200 Im,3,2:03.28,Aleca Howard,,21st House of Champions Invitational
Missouri State,454,200 Im,4,2:04.99,Paige Corbin,,21st House of Champions Invitational
Missouri State,454,200 Im,5,2:05.86,Ané Meier,,21st House of Champions Invitational
Missouri State,454,200 Im,6,2:06.43,Hadleigh Henslee,,21st House of Champions Invitational
Missouri State,454,400 Im,1,4:24.34,Olivia Sala,,Nebraska-Omaha vs. Missouri State
Missouri State,454,400 Im,2,4:24.46,Aleca Howard,,21st House of Champions Invitational
Missouri State,454,400 Im,3,4:32.17,Evie Kolb,,21st House of Champions Invitational
Missouri State,454,50 Free,1,22.92,Makenzie Kurre,,21st House of Champions Invitational
Missouri State,454,50 Free,2,23.67,Lana Janson,,Nebraska-Omaha vs. Missouri State
Missouri State,454,50 Free,3,23.89,Addie Ludbrook,,21st House of Champions Invitational
Missouri State,454,50 Free,4,23.94,Ainsley Jenkins,,Nebraska-Omaha vs. Missouri State
Missouri State,454,50 Free,5,24.04,Cameryn Johnson,,21st House of Champions Invitational
Missouri State,454,50 Free,6,24.19,Ané Meier,,Drury vs. Missouri State
Missouri State,454,50 Free,7,24.30,Lillie Freulon,,21st House of Champions Invitational
Missouri State,454,50 Free,8,24.78,Paige Corbin,,Drury vs. Missouri State
Missouri State,454,50 Free,9,24.82,Aleca Howard,,"Missouri State vs. Indiana State, Ouachita Baptist"
Missouri State,454,50 Free,10,25.41,Kennedy Grosklaus,,21st House of Champions Invitational
Missouri State,454,500 Free,1,4:54.50,Sophia Dela Coleta,,21st House of Champions Invitational
Missouri State,454,500 Free,2,4:55.57,Makenzie Kurre,,21st House of Champions Invitational
Missouri State,454,500 Free,3,4:55.80,Ainsley Jenkins,,21st House of Champions Invitational
Missouri State,454,500 Free,4,4:55.95,Lindsey Hervey,,21st House of Champions Invitational
Missouri State,454,500 Free,5,4:57.64,Evie Kolb,,21st House of Champions Invitational
Missouri State,454,500 Free,6,5:06.18,Claire Culberson,,Drury vs. Missouri State
Monmouth,10007454,100 Back,1,58.30,Jenna Pryne,,Patriot Invitational
Monmouth,10007454,100 Back,2,1:00.28,Anastasia Vasilakis,,Patriot Invitational
Monmouth,10007454,100 Back,3,1:02.49,Edie Ancell,,Monmouth vs. TCNJ
Monmouth,10007454,100 Back,4,1:03.73,Riley Reteneller,,Patriot Invitational
Monmouth,10007454,100 Back,5,1:03.84,Morgan Fredette,,Stony Brook vs. Monmouth
Monmouth,10007454,100 Back,6,1:04.03,Bailey Rynkiewicz,,Monmouth vs. Manhattan
Monmouth,10007454,100 Back,7,1:04.09,Isabella Aguanno,,Monmouth vs. Manhattan
Monmouth,10007454,100 Back,8,1:05.19,Melina Stratigos,,Patriot Invitational
Monmouth,10007454,100 Back,9,1:07.47,Sam Wisentaner,,Patriot Invitational
Monmouth,10007454,100 Breast,1,1:05.71,Isabella Aguanno,,Patriot Invitational
Monmouth,10007454,100 Breast,2,1:08.82,Erin Ware,,Patriot Invitational
Monmouth,10007454,100 Breast,3,1:10.17,Jenna Pryne,,Monmouth vs. TCNJ
Monmouth,10007454,100 Breast,4,1:10.19,Kasey Sles,,Patriot Invitational
Monmouth,10007454,100 Breast,5,1:15.65,Anastasia Vasilakis,,Monmouth vs. TCNJ
Monmouth,10007454,100 Breast,6,1:16.11,Bailey Rynkiewicz,,Monmouth vs. Manhattan
Monmouth,10007454,100 Fly,1,56.45,Katie Ryan,,Patriot Invitational
Monmouth,10007454,100 Fly,2,57.58,Jenna Pryne,,Patriot Invitational
Monmouth,10007454,100 Fly,3,58.36,Isabella Aguanno,,Patriot Invitational
Monmouth,10007454,100 Fly,4,59.18,Hannah Parker,,Patriot Invitational
Monmouth,10007454,100 Fly,5,59.56,Bailey Rynkiewicz,,Stony Brook vs. Monmouth
Monmouth,10007454,100 Fly,6,59.86,Morgan Fredette,,Patriot Invitational
Monmouth,10007454,100 Fly,7,1:00.42,Kasey Sles,,Patriot Invitational
Monmouth,10007454,100 Fly,8,1:02.36,Erin Ware,,Monmouth vs. Manhattan
Monmouth,10007454,100 Free,1,52.49,Edie Ancell,,Patriot Invitational
Monmouth,10007454,100 Free,2,53.37,Katie Ryan,,Patriot Invitational
Monmouth,10007454,100 Free,3,53.70,Riley Reteneller,,Patriot Invitational
Monmouth,10007454,100 Free,4,53.90,Morgan Fredette,,Patriot Invitational
Monmouth,10007454,100 Free,5,54.51,Kasey Sles,,Patriot Invitational
Monmouth,10007454,100 Free,6,54.85,Sam Wisentaner,,Patriot Invitational
Monmouth,10007454,100 Free,7,54.88,Bailey Rynkiewicz,,Monmouth vs. TCNJ
Monmouth,10007454,100 Free,8,55.91,Anastasia Vasilakis,,Patriot Invitational
Monmouth,10007454,100 Free,9,58.79,Hannah Parker,,Monmouth vs. TCNJ
Monmouth,10007454,100 Free,10,59.03,Melina Stratigos,,Patriot Invitational
Monmouth,10007454,1000 Free,1,10:34.85,Hannah Parker,,Patriot Invitational
Monmouth,10007454,1000 Free,2,10:39.09,Bailey Rynkiewicz,,Patriot Invitational
Monmouth,10007454,1000 Free,3,12:01.00,Edie Ancell,,Stony Brook vs. Monmouth
Monmouth,10007454,1650 Free,1,17:33.21,Hannah Parker,,Patriot Invitational
Monmouth,10007454,1650 Free,2,17:37.88,Bailey Rynkiewicz,,Patriot Invitational
Monmouth,10007454,200 Back,1,2:04.78,Jenna Pryne,,Patriot Invitational
Monmouth,10007454,200 Back,2,2:19.78,Anastasia Vasilakis,,Monmouth vs. Iona
Monmouth,10007454,200 Breast,1,2:20.01,Isabella Aguanno,,Patriot Invitational
Monmouth,10007454,200 Breast,2,2:27.69,Erin Ware,,Patriot Invitational
Monmouth,10007454,200 Fly,1,2:06.60,Bailey Rynkiewicz,,Patriot Invitational
Monmouth,10007454,200 Fly,2,2:25.04,Kasey Sles,,Monmouth vs. Iona
Monmouth,10007454,200 Free,1,1:54.32,Bailey Rynkiewicz,,Patriot Invitational
Monmouth,10007454,200 Free,2,1:56.88,Riley Reteneller,,Patriot Invitational
Monmouth,10007454,200 Free,3,1:56.89,Edie Ancell,,Patriot Invitational
Monmouth,10007454,200 Free,4,1:57.68,Katie Ryan,,Patriot Invitational
Monmouth,10007454,200 Free,5,1:57.74,Hannah Parker,,Patriot Invitational
Monmouth,10007454,200 Free,6,1:59.03,Morgan Fredette,,Patriot Invitational
Monmouth,10007454,200 Free,7,2:00.88,Sam Wisentaner,,Patriot Invitational
Monmouth,10007454,200 Free,8,2:05.24,Anastasia Vasilakis,,Seton Hall vs. Monmouth
Monmouth,10007454,200 Im,1,2:07.16,Isabella Aguanno,,Patriot Invitational
Monmouth,10007454,200 Im,2,2:08.01,Jenna Pryne,,Patriot Invitational
Monmouth,10007454,200 Im,3,2:13.18,Bailey Rynkiewicz,,Monmouth vs. TCNJ
Monmouth,10007454,200 Im,4,2:13.54,Katie Ryan,,Monmouth vs. TCNJ
Monmouth,10007454,200 Im,5,2:13.87,Erin Ware,,Patriot Invitational
Monmouth,10007454,200 Im,6,2:17.15,Anastasia Vasilakis,,Patriot Invitational
Monmouth,10007454,200 Im,7,2:21.11,Hannah Parker,,Monmouth vs. TCNJ
Monmouth,10007454,200 Im,8,2:22.18,Kasey Sles,,Monmouth vs. Manhattan
Monmouth,10007454,400 Im,1,4:31.28,Bailey Rynkiewicz,,Patriot Invitational
Monmouth,10007454,400 Im,2,4:49.51,Erin Ware,,Patriot Invitational
Monmouth,10007454,50 Free,1,24.27,Edie Ancell,,Patriot Invitational
Monmouth,10007454,50 Free,2,24.59,Katie Ryan,,Patriot Invitational
Monmouth,10007454,50 Free,3,25.01,Morgan Fredette,,Patriot Invitational
Monmouth,10007454,50 Free,4,25.12,Kasey Sles,,Patriot Invitational
Monmouth,10007454,50 Free,5,25.15,Riley Reteneller,,Patriot Invitational
Monmouth,10007454,50 Free,6,25.21,Jenna Pryne,,Monmouth vs. TCNJ
Monmouth,10007454,50 Free,7,25.38,Sam Wisentaner,,Patriot Invitational
Monmouth,10007454,50 Free,8,25.93,Isabella Aguanno,,Monmouth vs. TCNJ
Monmouth,10007454,50 Free,9,26.07,Anastasia Vasilakis,,Patriot Invitational
Monmouth,10007454,50 Free,10,26.55,Bailey Rynkiewicz,,Monmouth vs. TCNJ
Monmouth,10007454,500 Free,1,5:03.00,Hannah Parker,,Patriot Invitational
Monmouth,10007454,500 Free,2,5:04.15,Bailey Rynkiewicz,,Patriot Invitational
Monmouth,10007454,500 Free,3,5:26.11,Katie Ryan,,Monmouth vs. Manhattan
Monmouth,10007454,500 Free,4,5:36.79,Morgan Fredette,,Monmouth vs. TCNJ
Monmouth,10007454,500 Free,5,5:38.08,Edie Ancell,,Monmouth vs. Manhattan
Monmouth,10007454,500 Free,6,5:41.55,Kasey Sles,,Monmouth vs. TCNJ
Monmouth,10007454,500 Free,7,5:45.13,Jenna Pryne,,Monmouth vs. Manhattan
Mount Saint Mary's (MD),544,100 Back,1,56.42,Hanna Aggen,,ECAC Winter Championship
Mount Saint Mary's (MD),544,100 Back,2,56.56,Theodora KANELLOPOULOU,,ECAC Winter Championship
Mount Saint Mary's (MD),544,100 Back,3,58.58,Lauren Wetzel,,Thomas Murphy  Invitational
Mount Saint Mary's (MD),544,100 Back,4,1:00.12,C. C. Hetzel,,ECAC Winter Championship
Mount Saint Mary's (MD),544,100 Back,5,1:00.35,Carmen Del Aguila Martin,,Lafayette Vs. Mount Saint Mary
Mount Saint Mary's (MD),544,100 Back,6,1:01.80,Ellie Douglas,,ECAC Winter Championship
Mount Saint Mary's (MD),544,100 Back,7,1:02.88,Julia Yates,,Lafayette Vs. Mount Saint Mary
Mount Saint Mary's (MD),544,100 Back,8,1:04.73,Kathryn Fives,,Thomas Murphy  Invitational
Mount Saint Mary's (MD),544,100 Back,9,1:09.64,Camille Shoemaker,,Thomas Murphy  Invitational
Mount Saint Mary's (MD),544,100 Back,10,1:17.40,Tatiana Orsburn,,ECAC Winter Championship
Mount Saint Mary's (MD),544,100 Breast,1,1:02.83,Christina Lazari,,ECAC Winter Championship
Mount Saint Mary's (MD),544,100 Breast,2,1:06.74,Emily Myers,,Thomas Murphy  Invitational
Mount Saint Mary's (MD),544,100 Breast,3,1:08.26,Araceli Skiles,,ECAC Winter Championship
Mount Saint Mary's (MD),544,100 Breast,4,1:09.74,Giselle Yanes,,ECAC Winter Championship
Mount Saint Mary's (MD),544,100 Breast,5,1:15.45,Raegan Vesey,,ECAC Winter Championship
Mount Saint Mary's (MD),544,100 Breast,6,1:21.57,Kathryn Fives,,Lafayette Vs. Mount Saint Mary
Mount Saint Mary's (MD),544,100 Fly,1,57.80,Eve Phillips,,ECAC Winter Championship
Mount Saint Mary's (MD),544,100 Fly,2,57.81,Carmen Del Aguila Martin,,ECAC Winter Championship
Mount Saint Mary's (MD),544,100 Fly,3,57.88,Theodora KANELLOPOULOU,,Thomas Murphy  Invitational
Mount Saint Mary's (MD),544,100 Fly,4,59.21,Abby Steckiel,,ECAC Winter Championship
Mount Saint Mary's (MD),544,100 Fly,5,1:00.96,Lauren Wetzel,,ECAC Winter Championship
Mount Saint Mary's (MD),544,100 Fly,6,1:03.66,Abby Forbes,,Thomas Murphy  Invitational
Mount Saint Mary's (MD),544,100 Fly,7,1:05.38,Nina Devins,,ECAC Winter Championship
Mount Saint Mary's (MD),544,100 Fly,8,1:07.50,Emily Myers,,Johns Hopkins v Mt St Mary's
Mount Saint Mary's (MD),544,100 Free,1,51.21,Christina Lazari,,ECAC Winter Championship
Mount Saint Mary's (MD),544,100 Free,2,51.59,Carmen Del Aguila Martin,,ECAC Winter Championship
Mount Saint Mary's (MD),544,100 Free,3,51.74,Theodora KANELLOPOULOU,,ECAC Winter Championship
Mount Saint Mary's (MD),544,100 Free,4,52.31,Madison Murphy,,ECAC Winter Championship
Mount Saint Mary's (MD),544,100 Free,5,52.93,Eve Phillips,,ECAC Winter Championship
Mount Saint Mary's (MD),544,100 Free,6,54.07,Ellie Douglas,,ECAC Winter Championship
Mount Saint Mary's (MD),544,100 Free,7,54.56,Hanna Aggen,,Thomas Murphy  Invitational
Mount Saint Mary's (MD),544,100 Free,8,54.60,Megan Price,,ECAC Winter Championship
Mount Saint Mary's (MD),544,100 Free,9,55.20,Abby Steckiel,,ECAC Winter Championship
Mount Saint Mary's (MD),544,100 Free,10,56.81,Bridget Kelly,,ECAC Winter Championship
Mount Saint Mary's (MD),544,1000 Free,1,10:59.02,Megan Price,,ECAC Winter Championship
Mount Saint Mary's (MD),544,1650 Free,1,18:19.38,Megan Price,,ECAC Winter Championship
Mount Saint Mary's (MD),544,200 Back,1,2:04.96,Hanna Aggen,,ECAC Winter Championship
Mount Saint Mary's (MD),544,200 Back,2,2:05.14,Carmen Del Aguila Martin,,Thomas Murphy  Invitational
Mount Saint Mary's (MD),544,200 Back,3,2:07.29,Lauren Wetzel,,Thomas Murphy  Invitational
Mount Saint Mary's (MD),544,200 Back,4,2:11.88,C. C. Hetzel,,ECAC Winter Championship
Mount Saint Mary's (MD),544,200 Back,5,2:13.67,Theodora KANELLOPOULOU,,MSMU vs. VMI
Mount Saint Mary's (MD),544,200 Back,6,2:21.24,Nina Devins,,ECAC Winter Championship
Mount Saint Mary's (MD),544,200 Back,7,2:30.13,Bridget Kelly,,Johns Hopkins v Mt St Mary's
Mount Saint Mary's (MD),544,200 Back,8,2:33.47,Camille Shoemaker,,ECAC Winter Championship
Mount Saint Mary's (MD),544,200 Back,9,2:33.84,Kathryn Fives,,Johns Hopkins v Mt St Mary's
Mount Saint Mary's (MD),544,200 Breast,1,2:26.47,Emily Myers,,Thomas Murphy  Invitational
Mount Saint Mary's (MD),544,200 Breast,2,2:28.92,Giselle Yanes,,Thomas Murphy  Invitational
Mount Saint Mary's (MD),544,200 Breast,3,2:32.29,Araceli Skiles,,ECAC Winter Championship
Mount Saint Mary's (MD),544,200 Breast,4,2:40.81,Kathryn Fives,,ECAC Winter Championship
Mount Saint Mary's (MD),544,200 Fly,1,2:12.90,Carmen Del Aguila Martin,,MSMU vs. VMI
Mount Saint Mary's (MD),544,200 Fly,2,2:25.01,Nina Devins,,ECAC Winter Championship
Mount Saint Mary's (MD),544,200 Fly,3,2:29.73,Abby Forbes,,MSMU vs. VMI
Mount Saint Mary's (MD),544,200 Free,1,1:50.88,Carmen Del Aguila Martin,,ECAC Winter Championship
Mount Saint Mary's (MD),544,200 Free,2,1:55.46,Madison Murphy,,ECAC Winter Championship
Mount Saint Mary's (MD),544,200 Free,3,1:58.71,Megan Price,,ECAC Winter Championship
Mount Saint Mary's (MD),544,200 Free,4,2:00.32,C. C. Hetzel,,ECAC Winter Championship
Mount Saint Mary's (MD),544,200 Free,5,2:01.55,Theodora KANELLOPOULOU,,Johns Hopkins v Mt St Mary's
Mount Saint Mary's (MD),544,200 Free,6,2:03.89,Abby Steckiel,,Johns Hopkins v Mt St Mary's
Mount Saint Mary's (MD),544,200 Free,7,2:07.40,Bridget Kelly,,ECAC Winter Championship
Mount Saint Mary's (MD),544,200 Im,1,2:06.69,Carmen Del Aguila Martin,,Lafayette Vs. Mount Saint Mary
Mount Saint Mary's (MD),544,200 Im,2,2:07.51,Theodora KANELLOPOULOU,,Thomas Murphy  Invitational
Mount Saint Mary's (MD),544,200 Im,3,2:10.23,Lauren Wetzel,,ECAC Winter Championship
Mount Saint Mary's (MD),544,200 Im,4,2:17.03,Hanna Aggen,,Thomas Murphy  Invitational
Mount Saint Mary's (MD),544,200 Im,5,2:17.18,Emily Myers,,Thomas Murphy  Invitational
Mount Saint Mary's (MD),544,200 Im,6,2:19.17,Madison Murphy,,Johns Hopkins v Mt St Mary's
Mount Saint Mary's (MD),544,200 Im,7,2:20.31,Giselle Yanes,,ECAC Winter Championship
Mount Saint Mary's (MD),544,200 Im,8,2:24.30,Nina Devins,,ECAC Winter Championship
Mount Saint Mary's (MD),544,200 Im,9,2:26.72,Araceli Skiles,,ECAC Winter Championship
Mount Saint Mary's (MD),544,400 Im,1,4:24.51,Carmen Del Aguila Martin,,ECAC Winter Championship
Mount Saint Mary's (MD),544,400 Im,2,4:40.88,Lauren Wetzel,,ECAC Winter Championship
Mount Saint Mary's (MD),544,50 Free,1,23.40,Christina Lazari,,ECAC Winter Championship
Mount Saint Mary's (MD),544,50 Free,2,23.76,Eve Phillips,,ECAC Winter Championship
Mount Saint Mary's (MD),544,50 Free,3,24.00,Theodora KANELLOPOULOU,,ECAC Winter Championship
Mount Saint Mary's (MD),544,50 Free,4,24.32,Madison Murphy,,ECAC Winter Championship
Mount Saint Mary's (MD),544,50 Free,5,24.45,Hanna Aggen,,ECAC Winter Championship
Mount Saint Mary's (MD),544,50 Free,6,24.68,Ellie Douglas,,ECAC Winter Championship
Mount Saint Mary's (MD),544,50 Free,7,24.72,C. C. Hetzel,,ECAC Winter Championship
Mount Saint Mary's (MD),544,50 Free,8,24.80,Carmen Del Aguila Martin,,ECAC Winter Championship
Mount Saint Mary's (MD),544,50 Free,9,25.28,Abby Steckiel,,ECAC Winter Championship
Mount Saint Mary's (MD),544,50 Free,10,25.68,Bridget Kelly,,Thomas Murphy  Invitational
Mount Saint Mary's (MD),544,500 Free,1,4:51.64,Carmen Del Aguila Martin,,ECAC Winter Championship
Mount Saint Mary's (MD),544,500 Free,2,5:19.03,Megan Price,,ECAC Winter Championship
Mount Saint Mary's (MD),544,500 Free,3,6:08.30,Bridget Kelly,,MSMU vs. VMI
NC State,394,100 Back,1,50.09,Leah Shackley,,NCSU Invitational
NC State,394,100 Back,2,50.44,Erika Pelaez,,NCSU Invitational
NC State,394,100 Back,3,51.52,Kennedy Noble,,North Carolina vs. NC State
NC State,394,100 Back,4,52.62,Teia Salvino,,NCSU Invitational
NC State,394,100 Back,5,52.90,Cassie Moses,,NCSU Invitational
NC State,394,100 Back,6,53.16,Jade Garstang,,North Carolina vs. NC State
NC State,394,100 Back,7,53.28,Meghan Donald,,NC State Raleigh Rumble
NC State,394,100 Back,8,53.98,Gabi Krol,,North Carolina vs. NC State
NC State,394,100 Back,9,54.21,Katie SCHROEDER,,NCSU Invitational
NC State,394,100 Back,10,54.32,Olivia Nel,,GT DMT: Georgia Tech vs. NC State
NC State,394,100 Breast,1,57.67,Eneli Jefimova,,GT DMT: Georgia Tech vs. NC State
NC State,394,100 Breast,2,1:00.29,Aubree Brouwer,,NCSU Invitational
NC State,394,100 Breast,3,1:00.79,Lisa Nystrand,,GT DMT: Georgia Tech vs. NC State
NC State,394,100 Breast,4,1:00.90,Lily Christianson,,NCSU Invitational
NC State,394,100 Breast,5,1:01.04,Julie Rose,,NCSU Invitational
NC State,394,100 Breast,6,1:04.18,Kennedy Noble,,GT DMT: Georgia Tech vs. NC State
NC State,394,100 Breast,7,1:04.71,Katie Lawrence,,NC State Raleigh Rumble
NC State,394,100 Fly,1,50.90,Leah Shackley,,NCSU Invitational
NC State,394,100 Fly,2,51.94,Erika Pelaez,,NCSU Invitational
NC State,394,100 Fly,3,52.19,Tyler Driscoll,,NCSU Invitational
NC State,394,100 Fly,4,52.27,Lily Christianson,,North Carolina vs. NC State
NC State,394,100 Fly,5,52.43,Kennedy Noble,,NCSU Invitational
NC State,394,100 Fly,6,52.90,Teia Salvino,,NCSU Invitational
NC State,394,100 Fly,7,53.48,Jade Garstang,,NCSU Invitational
NC State,394,100 Fly,8,53.49,Gabi Krol,,North Carolina vs. NC State
NC State,394,100 Fly,9,54.10,Aubree Brouwer,,NCSU Invitational
NC State,394,100 Fly,10,54.24,Sophie Scadron,,NCSU Invitational
NC State,394,100 Free,1,47.72,Cassie Moses,,GT DMT: NC State vs. Georgia
NC State,394,100 Free,2,47.96,Erika Pelaez,,North Carolina vs. NC State
NC State,394,100 Free,3,48.05,Olivia Nel,,GT DMT: NC State vs. Georgia
NC State,394,100 Free,4,48.34,Lily Christianson,,North Carolina vs. NC State
NC State,394,100 Free,5,48.37,Lily King,,NCSU Invitational
NC State,394,100 Free,6,48.96,Katie Lawrence,,NCSU Invitational
NC State,394,100 Free,7,49.17,Teia Salvino,,NCSU Invitational
NC State,394,100 Free,8,49.22,Tyler Driscoll,,NCSU Invitational
NC State,394,100 Free,9,50.40,Tam van Selm,,NC State Raleigh Rumble
NC State,394,100 Free,10,51.26,Keelan Cotter,,North Carolina vs. NC State
NC State,394,1000 Free,1,9:41.55,Katherine Helms,,North Carolina vs. NC State
NC State,394,1000 Free,2,9:42.42,Emma Hastings,,North Carolina vs. NC State
NC State,394,1000 Free,3,9:55.52,Tam van Selm,,North Carolina vs. NC State
NC State,394,1000 Free,4,10:06.11,Grace Monahan,,NC State Raleigh Rumble
NC State,394,1650 Free,1,16:26.72,Katherine Helms,,NCSU Invitational
NC State,394,1650 Free,2,16:28.47,Emma Hastings,,NCSU Invitational
NC State,394,1650 Free,3,16:40.80,Kathleen Turano,,NCSU Invitational
NC State,394,1650 Free,4,16:57.92,Grace Monahan,,NCSU Invitational
NC State,394,1650 Free,5,17:04.45,Tam van Selm,,NCSU Invitational
NC State,394,200 Back,1,1:49.18,Erika Pelaez,,NCSU Invitational
NC State,394,200 Back,2,1:49.67,Leah Shackley,,NCSU Invitational
NC State,394,200 Back,3,1:52.13,Kennedy Noble,,North Carolina vs. NC State
NC State,394,200 Back,4,1:55.29,Jade Garstang,,NCSU Invitational
NC State,394,200 Back,5,1:55.94,Meghan Donald,,NCSU Invitational
NC State,394,200 Back,6,1:56.16,Katie SCHROEDER,,NCSU Invitational
NC State,394,200 Back,7,2:06.14,Grace Monahan,,GT DMT: Georgia Tech vs. NC State
NC State,394,200 Breast,1,2:07.15,Eneli Jefimova,,NCSU Invitational
NC State,394,200 Breast,2,2:10.25,Lisa Nystrand,,GT DMT: NC State vs. Florida State
NC State,394,200 Breast,3,2:12.72,Aubree Brouwer,,NCSU Invitational
NC State,394,200 Breast,4,2:13.49,Julie Rose,,NCSU Invitational
NC State,394,200 Fly,1,1:54.86,Leah Shackley,,GT DMT: NC State vs. Florida State
NC State,394,200 Fly,2,1:57.19,Kennedy Noble,,GT DMT: NC State vs. Georgia
NC State,394,200 Fly,3,1:58.63,Grace Monahan,,North Carolina vs. NC State
NC State,394,200 Fly,4,1:59.79,Keelan Cotter,,NCSU Invitational
NC State,394,200 Fly,5,2:01.16,Sophie Scadron,,North Carolina vs. NC State
NC State,394,200 Fly,6,2:07.99,Tam van Selm,,GT DMT: NC State vs. Georgia
NC State,394,200 Free,1,1:44.03,Erika Pelaez,,North Carolina vs. NC State
NC State,394,200 Free,2,1:44.91,Lily King,,North Carolina vs. NC State
NC State,394,200 Free,3,1:46.18,Katherine Helms,,GT DMT: Georgia Tech vs. NC State
NC State,394,200 Free,4,1:46.76,Teia Salvino,,North Carolina vs. NC State
NC State,394,200 Free,5,1:47.75,Tam van Selm,,NCSU Invitational
NC State,394,200 Free,6,1:47.95,Grace Monahan,,NCSU Invitational
NC State,394,200 Free,7,1:48.36,Cassie Moses,,NCSU Invitational
NC State,394,200 Free,8,1:48.44,Emma Hastings,,NCSU Invitational
NC State,394,200 Free,9,1:49.20,Julie Rose,,NC State Raleigh Rumble
NC State,394,200 Free,10,1:49.97,Keelan Cotter,,NC State Raleigh Rumble
NC State,394,200 Im,1,1:56.85,Kennedy Noble,,NC State Raleigh Rumble
NC State,394,200 Im,2,1:57.92,Lisa Nystrand,,GT DMT: NC State vs. Georgia
NC State,394,200 Im,3,1:58.15,Teia Salvino,,NCSU Invitational
NC State,394,200 Im,4,1:58.82,Erika Pelaez,,GT DMT: Georgia Tech vs. NC State
NC State,394,200 Im,5,2:00.03,Katherine Helms,,GT DMT: Georgia Tech vs. NC State
NC State,394,200 Im,6,2:01.52,Aubree Brouwer,,NCSU Invitational
NC State,394,200 Im,7,2:02.49,Julie Rose,,NCSU Invitational
NC State,394,200 Im,8,2:03.71,Katie Lawrence,,NCSU Invitational
NC State,394,200 Im,9,2:04.32,Keelan Cotter,,NC State Raleigh Rumble
NC State,394,400 Im,1,4:08.42,Erika Pelaez,,NC State Raleigh Rumble
NC State,394,400 Im,2,4:08.78,Lisa Nystrand,,NC State Raleigh Rumble
NC State,394,400 Im,3,4:09.98,Katherine Helms,,NCSU Invitational
NC State,394,400 Im,4,4:12.74,Kennedy Noble,,NC State Raleigh Rumble
NC State,394,400 Im,5,4:18.86,Keelan Cotter,,NCSU Invitational
NC State,394,50 Free,1,21.81,Lily Christianson,,NCSU Invitational
NC State,394,50 Free,2,21.83,Cassie Moses,,NCSU Invitational
NC State,394,50 Free,3,22.00,Olivia Nel,,GT DMT: Georgia Tech vs. NC State
NC State,394,50 Free,4,22.05,Tyler Driscoll,,GT DMT: Georgia Tech vs. NC State
NC State,394,50 Free,5,22.38,Lily King,,NCSU Invitational
NC State,394,50 Free,6,22.82,Katie Lawrence,,NCSU Invitational
NC State,394,50 Free,7,22.83,Meghan Donald,,NCSU Invitational
NC State,394,50 Free,8,22.92,Leah Shackley,,GT DMT: NC State vs. Florida State
NC State,394,50 Free,9,23.07,Teia Salvino,,GT DMT: Georgia Tech vs. NC State
NC State,394,50 Free,10,23.22,Erika Pelaez,,North Carolina vs. NC State
NC State,394,500 Free,1,4:42.21,Erika Pelaez,,GT DMT: NC State vs. Georgia
NC State,394,500 Free,2,4:42.96,Katherine Helms,,GT DMT: NC State vs. Georgia
NC State,394,500 Free,3,4:46.52,Tam van Selm,,North Carolina vs. NC State
NC State,394,500 Free,4,4:46.97,Emma Hastings,,NC State Raleigh Rumble
NC State,394,500 Free,5,4:48.58,Keelan Cotter,,NCSU Invitational
NC State,394,500 Free,6,4:48.79,Grace Monahan,,NCSU Invitational
NC State,394,500 Free,7,4:50.92,Kathleen Turano,,NCSU Invitational
NC State,394,500 Free,8,5:07.77,Emily Way,,NCSU Invitational
NC State,394,500 Free,9,5:32.72,Meghan Donald,,GT DMT: NC State vs. Florida State
NC State,394,500 Free,10,5:45.34,Aubree Brouwer,,GT DMT: Georgia Tech vs. NC State
NKU,10039851,100 Back,1,59.08,Ellana Brown,,21st House of Champions Invitational
NKU,10039851,100 Back,2,1:00.21,Pepper Schultz,,21st House of Champions Invitational
NKU,10039851,100 Back,3,1:01.61,Ellie Lindberg,,Cincinnati vs. NKU
NKU,10039851,100 Back,4,1:02.36,Hattie Hessling,,21st House of Champions Invitational
NKU,10039851,100 Breast,1,1:08.79,Kate Motl,,21st House of Champions Invitational
NKU,10039851,100 Breast,2,1:12.21,Haidyn coleman,,21st House of Champions Invitational
NKU,10039851,100 Breast,3,1:13.03,Kacey McDonough,,IUI - NKU - WU
NKU,10039851,100 Fly,1,57.35,Macy Ganshert,,21st House of Champions Invitational
NKU,10039851,100 Fly,2,1:02.58,Ava Hansen,,21st House of Champions Invitational
NKU,10039851,100 Free,1,52.74,Macy Ganshert,,21st House of Champions Invitational
NKU,10039851,100 Free,2,53.72,Hailey Paulick,,21st House of Champions Invitational
NKU,10039851,100 Free,3,53.90,Kacey McDonough,,21st House of Champions Invitational
NKU,10039851,100 Free,4,54.23,Sarah Littrell,,21st House of Champions Invitational
NKU,10039851,100 Free,5,54.37,Brooke Cummings,,21st House of Champions Invitational
NKU,10039851,100 Free,6,54.97,Haidyn coleman,,21st House of Champions Invitational
NKU,10039851,100 Free,7,55.28,Pepper Schultz,,21st House of Champions Invitational
NKU,10039851,100 Free,8,56.59,Isabelle Barton,,21st House of Champions Invitational
NKU,10039851,100 Free,9,59.58,Chloe Loftis,,21st House of Champions Invitational
NKU,10039851,1000 Free,1,10:53.11,Ava Hansen,,21st House of Champions Invitational
NKU,10039851,1000 Free,2,10:58.68,Sabrina Lara,,21st House of Champions Invitational
NKU,10039851,1000 Free,3,11:02.25,Isabelle Barton,,21st House of Champions Invitational
NKU,10039851,1650 Free,1,18:01.56,Ava Hansen,,21st House of Champions Invitational
NKU,10039851,1650 Free,2,18:18.92,Sabrina Lara,,21st House of Champions Invitational
NKU,10039851,1650 Free,3,18:24.60,Isabelle Barton,,21st House of Champions Invitational
NKU,10039851,200 Back,1,2:10.05,Ellana Brown,,21st House of Champions Invitational
NKU,10039851,200 Back,2,2:16.97,Ellie Lindberg,,Cincinnati vs. NKU
NKU,10039851,200 Back,3,2:19.95,Hattie Hessling,,21st House of Champions Invitational
NKU,10039851,200 Breast,1,2:30.35,Kate Motl,,21st House of Champions Invitational
NKU,10039851,200 Free,1,1:55.78,Hailey Paulick,,21st House of Champions Invitational
NKU,10039851,200 Free,2,1:56.82,Ava Hansen,,21st House of Champions Invitational
NKU,10039851,200 Free,3,1:59.32,Sarah Littrell,,21st House of Champions Invitational
NKU,10039851,200 Free,4,2:00.16,Sabrina Lara,,21st House of Champions Invitational
NKU,10039851,200 Free,5,2:00.23,Brooke Cummings,,21st House of Champions Invitational
NKU,10039851,200 Free,6,2:01.35,Kacey McDonough,,21st House of Champions Invitational
NKU,10039851,200 Free,7,2:03.06,Isabelle Barton,,21st House of Champions Invitational
NKU,10039851,200 Im,1,2:11.05,Hailey Paulick,,21st House of Champions Invitational
NKU,10039851,200 Im,2,2:16.00,Kate Motl,,21st House of Champions Invitational
NKU,10039851,200 Im,3,2:18.57,Ellie Lindberg,,Cincinnati vs. NKU
NKU,10039851,200 Im,4,2:19.13,Ava Hansen,,IUI - NKU - WU
NKU,10039851,400 Im,1,4:39.46,Ava Hansen,,21st House of Champions Invitational
NKU,10039851,50 Free,1,23.95,Macy Ganshert,,21st House of Champions Invitational
NKU,10039851,50 Free,2,24.41,Kacey McDonough,,21st House of Champions Invitational
NKU,10039851,50 Free,3,24.54,Haidyn coleman,,21st House of Champions Invitational
NKU,10039851,50 Free,4,25.15,Sarah Littrell,,21st House of Champions Invitational
NKU,10039851,50 Free,5,25.15,Pepper Schultz,,21st House of Champions Invitational
NKU,10039851,50 Free,6,25.20,Brooke Cummings,,21st House of Champions Invitational
NKU,10039851,50 Free,7,25.76,Hailey Paulick,,21st House of Champions Invitational
NKU,10039851,50 Free,8,25.81,Ellana Brown,,21st House of Champions Invitational
NKU,10039851,50 Free,9,26.16,Hattie Hessling,,21st House of Champions Invitational
NKU,10039851,50 Free,10,26.87,Isabelle Barton,,21st House of Champions Invitational
NKU,10039851,500 Free,1,5:13.43,Ava Hansen,,21st House of Champions Invitational
NKU,10039851,500 Free,2,5:20.23,Sabrina Lara,,21st House of Champions Invitational
NKU,10039851,500 Free,3,5:21.74,Isabelle Barton,,NKU vs. Xavier
Navy,327,100 Back,1,54.56,Ela Habjan,,Army vs. Navy
Navy,327,100 Back,2,54.58,Addison Herl,,Army vs. Navy
Navy,327,100 Back,3,55.93,Jackie Scheneman,,Army vs. Navy
Navy,327,100 Back,4,55.95,Allie Maloney,,Navy Fall Invitational
Navy,327,100 Back,5,56.28,Julianne McCranie,,Navy Fall Invitational
Navy,327,100 Back,6,56.38,Georgia Andrew,,Army vs. Navy
Navy,327,100 Back,7,58.52,Lena Syers,,Navy Fall Invitational
Navy,327,100 Back,8,58.86,Aspen Gallaudet,,Navy Fall Invitational
Navy,327,100 Back,9,59.96,Phoebe Yoder,,Navy vs. UVA
Navy,327,100 Breast,1,1:01.00,Lauren Walsh,,Army vs. Navy
Navy,327,100 Breast,2,1:01.63,Corinne Warriner,,Army vs. Navy
Navy,327,100 Breast,3,1:02.34,Marley Barnard,,Army vs. Navy
Navy,327,100 Breast,4,1:02.36,Maddie Koutavas,,Army vs. Navy
Navy,327,100 Breast,5,1:06.17,Elsie delaCruz,,"Navy vs. American, Bucknell, Lafayette"
Navy,327,100 Breast,6,1:06.21,Madi So,,Army vs. Navy
Navy,327,100 Breast,7,1:08.60,Vivi Vergara-Anglim,,Navy Fall Invitational
Navy,327,100 Fly,1,55.25,Julianne McCranie,,Navy Fall Invitational
Navy,327,100 Fly,2,55.43,Lauren Walsh,,Navy Fall Invitational
Navy,327,100 Fly,3,55.51,Addison Herl,,Army vs. Navy
Navy,327,100 Fly,4,55.68,Samantha Aguirre,,Navy Fall Invitational
Navy,327,100 Fly,5,55.99,Clarice Spencer,,Army vs. Navy
Navy,327,100 Fly,6,56.05,Elsie delaCruz,,Navy Fall Invitational
Navy,327,100 Fly,7,56.30,Caroline Powell,,Army vs. Navy
Navy,327,100 Fly,8,56.31,Madi So,,Army vs. Navy
Navy,327,100 Fly,9,56.39,Samantha Clifford,,Navy Fall Invitational
Navy,327,100 Fly,10,56.88,Ana Fleming,,Navy Fall Invitational
Navy,327,100 Free,1,50.30,Kaitlyn Landers,,Army vs. Navy
Navy,327,100 Free,2,51.00,Ana Fleming,,Navy Fall Invitational
Navy,327,100 Free,3,51.01,Erin Miller,,Army vs. Navy
Navy,327,100 Free,4,51.21,Samantha Clifford,,Army vs. Navy
Navy,327,100 Free,5,51.49,Vivi Vergara-Anglim,,Army vs. Navy
Navy,327,100 Free,6,51.75,Julianne McCranie,,Navy Fall Invitational
Navy,327,100 Free,7,51.76,Allie Maloney,,"Navy vs. Delaware, Kenyon, Princeton"
Navy,327,100 Free,8,52.08,Samantha Aguirre,,Navy Fall Invitational
Navy,327,100 Free,9,52.10,Valentina Fraga,,Army vs. Navy
Navy,327,100 Free,10,52.11,Alana Maxey,,Navy Fall Invitational
Navy,327,1000 Free,1,9:53.08,Sarah Eldridge,,Army vs. Navy
Navy,327,1000 Free,2,10:04.73,Brynn Stoneburg,,Army vs. Navy
Navy,327,1000 Free,3,10:05.93,Marin Rose,,Army vs. Navy
Navy,327,1000 Free,4,10:47.16,BLAIR WEHMAN,,George Washington vs. Navy
Navy,327,1000 Free,5,11:06.79,Karly Merriott,,Navy vs. Loyola
Navy,327,1650 Free,1,16:43.41,Sarah Eldridge,,Navy Fall Invitational
Navy,327,1650 Free,2,16:59.58,Marin Rose,,Navy Fall Invitational
Navy,327,1650 Free,3,17:15.60,Brynn Stoneburg,,Navy Fall Invitational
Navy,327,1650 Free,4,18:14.67,BLAIR WEHMAN,,Navy Fall Invitational
Navy,327,200 Back,1,1:58.31,Allie Maloney,,Army vs. Navy
Navy,327,200 Back,2,2:00.29,Ela Habjan,,Army vs. Navy
Navy,327,200 Back,3,2:03.20,Georgia Andrew,,Navy Fall Invitational
Navy,327,200 Back,4,2:04.09,Jackie Scheneman,,Navy Fall Invitational
Navy,327,200 Back,5,2:06.83,Brynn Stoneburg,,Navy Fall Invitational
Navy,327,200 Back,6,2:07.85,Aspen Gallaudet,,Navy Fall Invitational
Navy,327,200 Breast,1,2:12.04,Lauren Walsh,,Army vs. Navy
Navy,327,200 Breast,2,2:13.44,Maddie Koutavas,,Army vs. Navy
Navy,327,200 Breast,3,2:15.23,Corinne Warriner,,Army vs. Navy
Navy,327,200 Breast,4,2:15.47,Marley Barnard,,Navy Fall Invitational
Navy,327,200 Breast,5,2:22.60,Elsie delaCruz,,Navy Fall Invitational
Navy,327,200 Breast,6,2:23.99,Sarah Eldridge,,Navy Fall Invitational
Navy,327,200 Breast,7,2:29.14,Madi So,,George Washington vs. Navy
Navy,327,200 Fly,1,2:00.38,Allie Maloney,,Army vs. Navy
Navy,327,200 Fly,2,2:02.27,Clarice Spencer,,Army vs. Navy
Navy,327,200 Fly,3,2:04.41,Caroline Powell,,Army vs. Navy
Navy,327,200 Fly,4,2:05.20,Georgia Yang,,Army vs. Navy
Navy,327,200 Fly,5,2:06.84,Madi So,,Navy Fall Invitational
Navy,327,200 Fly,6,2:07.01,Samantha Clifford,,"Navy vs. American, Bucknell, Lafayette"
Navy,327,200 Fly,7,2:10.79,Karly Merriott,,Army vs. Navy
Navy,327,200 Free,1,1:49.86,Erin Miller,,Army vs. Navy
Navy,327,200 Free,2,1:49.99,Samantha Clifford,,Army vs. Navy
Navy,327,200 Free,3,1:50.32,Kaitlyn Landers,,Army vs. Navy
Navy,327,200 Free,4,1:50.56,Brynn Stoneburg,,Navy Fall Invitational
Navy,327,200 Free,5,1:50.83,Vivi Vergara-Anglim,,Army vs. Navy
Navy,327,200 Free,6,1:51.22,Sarah Eldridge,,Navy Fall Invitational
Navy,327,200 Free,7,1:51.31,Allie Maloney,,Navy Fall Invitational
Navy,327,200 Free,8,1:51.77,Samantha Aguirre,,Army vs. Navy
Navy,327,200 Free,9,1:51.82,Lauren Walsh,,Navy Fall Invitational
Navy,327,200 Free,10,1:52.98,Marin Rose,,Navy Fall Invitational
Navy,327,200 Im,1,2:02.96,Lauren Walsh,,Army vs. Navy
Navy,327,200 Im,2,2:03.77,Elsie delaCruz,,Army vs. Navy
Navy,327,200 Im,3,2:05.26,Samantha Aguirre,,Navy Fall Invitational
Navy,327,200 Im,4,2:05.61,Corinne Warriner,,Army vs. Navy
Navy,327,200 Im,5,2:05.66,Marley Barnard,,Navy Fall Invitational
Navy,327,200 Im,6,2:07.32,Maddie Koutavas,,Navy Fall Invitational
Navy,327,200 Im,7,2:08.00,Sarah Eldridge,,Navy vs. UVA
Navy,327,200 Im,8,2:08.16,Jackie Scheneman,,Navy Fall Invitational
Navy,327,200 Im,9,2:08.36,Clarice Spencer,,Navy Fall Invitational
Navy,327,200 Im,10,2:09.64,Aspen Gallaudet,,Navy Fall Invitational
Navy,327,400 Im,1,4:21.96,Sarah Eldridge,,"Navy vs. Delaware, Kenyon, Princeton"
Navy,327,400 Im,2,4:26.19,Lauren Walsh,,George Washington vs. Navy
Navy,327,400 Im,3,4:27.41,Elsie delaCruz,,Navy Fall Invitational
Navy,327,400 Im,4,4:27.65,Marley Barnard,,Navy Fall Invitational
Navy,327,400 Im,5,4:29.75,Erin Miller,,Navy Fall Invitational
Navy,327,400 Im,6,4:31.17,Marin Rose,,Navy Fall Invitational
Navy,327,400 Im,7,4:31.43,Georgia Yang,,Navy Fall Invitational
Navy,327,400 Im,8,4:35.19,Jackie Scheneman,,Navy Fall Invitational
Navy,327,400 Im,9,4:40.83,Clarice Spencer,,George Washington vs. Navy
Navy,327,400 Im,10,4:43.16,Lena Syers,,"Navy vs. Delaware, Kenyon, Princeton"
Navy,327,50 Free,1,23.53,Ana Fleming,,Army vs. Navy
Navy,327,50 Free,2,23.53,Elsie delaCruz,,Army vs. Navy
Navy,327,50 Free,3,23.59,Julianne McCranie,,Army vs. Navy
Navy,327,50 Free,4,23.76,Addison Herl,,Army vs. Navy
Navy,327,50 Free,5,23.82,Kaitlyn Landers,,Navy Fall Invitational
Navy,327,50 Free,6,23.97,Ela Habjan,,Navy vs. UVA
Navy,327,50 Free,7,24.10,Georgia Andrew,,Navy Fall Invitational
Navy,327,50 Free,8,24.11,Alana Maxey,,Navy Fall Invitational
Navy,327,50 Free,9,24.21,Allie Maloney,,Navy Fall Invitational
Navy,327,50 Free,10,24.37,Valentina Fraga,,Navy Fall Invitational
Navy,327,500 Free,1,4:51.37,Sarah Eldridge,,Army vs. Navy
Navy,327,500 Free,2,4:52.74,Brynn Stoneburg,,Army vs. Navy
Navy,327,500 Free,3,4:56.27,Marin Rose,,Navy Fall Invitational
Navy,327,500 Free,4,5:01.36,Erin Miller,,George Washington vs. Navy
Navy,327,500 Free,5,5:02.72,Samantha Clifford,,Navy Fall Invitational
Navy,327,500 Free,6,5:02.78,Allie Maloney,,Navy Fall Invitational
Navy,327,500 Free,7,5:03.47,Lena Syers,,Navy Fall Invitational
Navy,327,500 Free,8,5:06.52,Georgia Yang,,"Navy vs. Delaware, Kenyon, Princeton"
Navy,327,500 Free,9,5:10.01,BLAIR WEHMAN,,Navy vs. UVA
Navy,327,500 Free,10,5:16.64,Caroline Powell,,"Navy vs. Delaware, Kenyon, Princeton"
Niagara,434,100 Back,1,54.10,Natalie Killion,,Buffalo Invitational
Niagara,434,100 Back,2,57.50,Megan Jackson,,Niagara vs. Canisius
Niagara,434,100 Back,3,58.12,Ania Bodyl,,Niagara v St Bonaventure
Niagara,434,100 Back,4,58.33,Maddie Norton,,Buffalo Invitational
Niagara,434,100 Back,5,1:00.83,Claire Gorton,,Tri Meet at Buffalo
Niagara,434,100 Back,6,1:01.28,Shani Fridman,,Niagara v CSU
Niagara,434,100 Back,7,1:01.86,Violet Siftar,,Buffalo Invitational
Niagara,434,100 Back,8,1:02.50,Avery King,,Niagara vs Le Moyne
Niagara,434,100 Breast,1,1:01.59,Alaina Pitton,,Buffalo Invitational
Niagara,434,100 Breast,2,1:05.96,Chloe Vlaeminck,,Niagara vs. Canisius
Niagara,434,100 Breast,3,1:06.60,Ola Bodyl,,Niagara v St Bonaventure
Niagara,434,100 Breast,4,1:08.33,Anna Brauer,,Buffalo Invitational
Niagara,434,100 Breast,5,1:08.68,My-Ky Vo,,Buffalo Invitational
Niagara,434,100 Breast,6,1:08.77,Marty Divis,,Niagara vs. Canisius
Niagara,434,100 Fly,1,57.23,Natalie Killion,,Niagara v St Bonaventure
Niagara,434,100 Fly,2,57.46,Mary Carl,,Niagara v St Bonaventure
Niagara,434,100 Fly,3,58.62,Shani Fridman,,Niagara v St Bonaventure
Niagara,434,100 Fly,4,59.99,Marty Divis,,Buffalo Invitational
Niagara,434,100 Fly,5,1:01.35,Delaney Michels,,Buffalo Invitational
Niagara,434,100 Fly,6,1:01.87,Chloe Vlaeminck,,Buffalo Invitational
Niagara,434,100 Fly,7,1:02.38,My-Ky Vo,,Niagara vs. Canisius
Niagara,434,100 Fly,8,1:03.11,Violet Siftar,,Niagara vs. Canisius
Niagara,434,100 Fly,9,1:03.27,Claire Gorton,,Binghamton Vs Niagara
Niagara,434,100 Fly,10,1:03.36,Ola Bodyl,,Buffalo Invitational
Niagara,434,100 Free,1,51.42,Megan Jackson,,Niagara vs. Canisius
Niagara,434,100 Free,2,52.25,Natalie Killion,,Niagara v CSU
Niagara,434,100 Free,3,52.97,Claire Gorton,,Buffalo Invitational
Niagara,434,100 Free,4,53.66,My-Ky Vo,,Niagara v St Bonaventure
Niagara,434,100 Free,5,54.16,Ania Bodyl,,Buffalo Invitational
Niagara,434,100 Free,6,54.25,Shani Fridman,,Niagara vs. Canisius
Niagara,434,100 Free,7,54.96,Marty Divis,,Niagara vs Le Moyne
Niagara,434,100 Free,8,56.17,Violet Siftar,,Niagara v St Bonaventure
Niagara,434,100 Free,9,56.33,Mary Carl,,Tri Meet at Buffalo
Niagara,434,100 Free,10,57.31,Maddie Norton,,Niagara vs. Canisius
Niagara,434,1000 Free,1,10:11.14,Marty Divis,,Niagara v St Bonaventure
Niagara,434,1000 Free,2,10:31.94,Avery King,,Niagara v St Bonaventure
Niagara,434,1000 Free,3,10:40.50,Mary Carl,,Niagara vs Le Moyne
Niagara,434,1000 Free,4,10:45.36,Lilly Georgieva,,Niagara v St Bonaventure
Niagara,434,1000 Free,5,11:05.07,Ola Bodyl,,Niagara vs. Canisius
Niagara,434,1000 Free,6,11:19.79,Delaney Michels,,Niagara vs. Canisius
Niagara,434,1650 Free,1,17:07.29,Marty Divis,,Buffalo Invitational
Niagara,434,1650 Free,2,17:25.90,Avery King,,Buffalo Invitational
Niagara,434,1650 Free,3,17:50.76,Lilly Georgieva,,Buffalo Invitational
Niagara,434,200 Back,1,1:57.71,Natalie Killion,,Buffalo Invitational
Niagara,434,200 Back,2,2:04.33,Ania Bodyl,,Buffalo Invitational
Niagara,434,200 Back,3,2:04.87,Maddie Norton,,Niagara v St Bonaventure
Niagara,434,200 Back,4,2:09.96,Avery King,,Buffalo Invitational
Niagara,434,200 Back,5,2:13.02,Chloe Vlaeminck,,Niagara vs. Canisius
Niagara,434,200 Back,6,2:14.50,Violet Siftar,,Niagara v St Bonaventure
Niagara,434,200 Back,7,2:25.69,Delaney Michels,,Niagara v CSU
Niagara,434,200 Breast,1,2:15.10,Alaina Pitton,,Niagara vs. Canisius
Niagara,434,200 Breast,2,2:23.01,Chloe Vlaeminck,,Niagara v St Bonaventure
Niagara,434,200 Breast,3,2:25.22,Ola Bodyl,,Niagara v St Bonaventure
Niagara,434,200 Breast,4,2:26.62,Anna Brauer,,Buffalo Invitational
Niagara,434,200 Breast,5,2:27.65,Marty Divis,,Niagara vs. Canisius
Niagara,434,200 Breast,6,2:29.91,Shani Fridman,,Buffalo Invitational
Niagara,434,200 Fly,1,2:03.90,Mary Carl,,Buffalo Invitational
Niagara,434,200 Fly,2,2:07.62,Chloe Vlaeminck,,Niagara v St Bonaventure
Niagara,434,200 Fly,3,2:10.56,Shani Fridman,,Niagara v St Bonaventure
Niagara,434,200 Fly,4,2:17.93,Delaney Michels,,Buffalo Invitational
Niagara,434,200 Fly,5,2:20.97,Lilly Georgieva,,Niagara vs. Canisius
Niagara,434,200 Free,1,1:49.44,Natalie Killion,,Buffalo Invitational
Niagara,434,200 Free,2,1:52.80,Mary Carl,,Buffalo Invitational
Niagara,434,200 Free,3,1:52.80,Claire Gorton,,Niagara vs. Canisius
Niagara,434,200 Free,4,1:54.26,Megan Jackson,,Buffalo Invitational
Niagara,434,200 Free,5,1:54.93,Ania Bodyl,,Niagara vs. Canisius
Niagara,434,200 Free,6,1:56.73,Avery King,,Buffalo Invitational
Niagara,434,200 Free,7,1:58.59,Marty Divis,,Niagara vs Le Moyne
Niagara,434,200 Free,8,1:59.77,Lilly Georgieva,,Buffalo Invitational
Niagara,434,200 Free,9,2:01.42,My-Ky Vo,,Niagara vs Le Moyne
Niagara,434,200 Free,10,2:01.79,Delaney Michels,,Niagara v St Bonaventure
Niagara,434,200 Im,1,2:03.10,Alaina Pitton,,Buffalo Invitational
Niagara,434,200 Im,2,2:08.35,Chloe Vlaeminck,,Buffalo Invitational
Niagara,434,200 Im,3,2:08.37,Ola Bodyl,,Buffalo Invitational
Niagara,434,200 Im,4,2:08.53,Shani Fridman,,Buffalo Invitational
Niagara,434,200 Im,5,2:08.89,Marty Divis,,Niagara vs. Canisius
Niagara,434,200 Im,6,2:12.52,Maddie Norton,,Buffalo Invitational
Niagara,434,400 Im,1,4:25.08,Marty Divis,,Buffalo Invitational
Niagara,434,400 Im,2,4:32.57,Chloe Vlaeminck,,Buffalo Invitational
Niagara,434,400 Im,3,4:33.04,Shani Fridman,,Buffalo Invitational
Niagara,434,400 Im,4,4:43.28,Ola Bodyl,,Buffalo Invitational
Niagara,434,50 Free,1,23.43,Megan Jackson,,Buffalo Invitational
Niagara,434,50 Free,2,23.70,Alaina Pitton,,Buffalo Invitational
Niagara,434,50 Free,3,23.79,Claire Gorton,,Buffalo Invitational
Niagara,434,50 Free,4,23.79,Natalie Killion,,Niagara vs. Canisius
Niagara,434,50 Free,5,24.57,My-Ky Vo,,Niagara v St Bonaventure
Niagara,434,50 Free,6,24.77,Ania Bodyl,,Buffalo Invitational
Niagara,434,50 Free,7,25.36,Violet Siftar,,Buffalo Invitational
Niagara,434,50 Free,8,25.49,Chloe Vlaeminck,,Niagara vs. Canisius
Niagara,434,50 Free,9,25.52,Mary Carl,,Niagara vs. Canisius
Niagara,434,50 Free,10,26.30,Shani Fridman,,Niagara vs. Canisius
Niagara,434,500 Free,1,4:52.98,Natalie Killion,,Buffalo Invitational
Niagara,434,500 Free,2,4:57.16,Mary Carl,,Buffalo Invitational
Niagara,434,500 Free,3,4:59.39,Marty Divis,,Buffalo Invitational
Niagara,434,500 Free,4,5:06.03,Avery King,,Buffalo Invitational
Niagara,434,500 Free,5,5:13.55,Claire Gorton,,Niagara vs. Canisius
Niagara,434,500 Free,6,5:16.06,Lilly Georgieva,,Buffalo Invitational
Niagara,434,500 Free,7,5:16.16,Shani Fridman,,Niagara vs Le Moyne
Niagara,434,500 Free,8,5:19.64,Delaney Michels,,Buffalo Invitational
Niagara,434,500 Free,9,5:20.79,Ania Bodyl,,Niagara vs Le Moyne
Northwestern,401,100 Back,1,52.69,Grey Davis,,Texas Hall of Fame Invitational
Northwestern,401,100 Back,2,53.94,Claire Mehok,,Texas Hall of Fame Invitational
Northwestern,401,100 Back,3,53.99,Gretchen Braun,,Texas Hall of Fame Invitational
Northwestern,401,100 Back,4,54.52,Lindsay Ervin,,University of Chicago vs Northwestern
Northwestern,401,100 Back,5,55.07,Brianna Deierlein,,Northwestern vs Duke
Northwestern,401,100 Back,6,55.22,Kat Nikonova,,"Northwestern vs. Miami (OH), Southern Illinois"
Northwestern,401,100 Back,7,55.95,Mackenzie Lanning,,Northwestern vs Duke
Northwestern,401,100 Back,8,56.12,Hana Shimizu-Bowers,,University of Chicago vs Northwestern
Northwestern,401,100 Back,9,56.42,Isabella Chow,,"Michigan vs. Northwestern, UCLA"
Northwestern,401,100 Back,10,56.82,Lilly Mehok,,Texas Hall of Fame Invitational
Northwestern,401,100 Breast,1,1:00.56,Maggie Papanicholas,,Texas Hall of Fame Invitational
Northwestern,401,100 Breast,2,1:00.95,Audrey Yu,,Texas Hall of Fame Invitational
Northwestern,401,100 Breast,3,1:01.16,Teya Nikolova,,University of Chicago vs Northwestern
Northwestern,401,100 Breast,4,1:02.02,Kayla Rodriguez,,Northwestern vs Wisconsin
Northwestern,401,100 Breast,5,1:03.52,Ines Sancho,,Texas Hall of Fame Invitational
Northwestern,401,100 Breast,6,1:04.19,Grey Davis,,University of Chicago vs Northwestern
Northwestern,401,100 Fly,1,52.50,Kat Nikonova,,Texas Hall of Fame Invitational
Northwestern,401,100 Fly,2,53.28,Grey Davis,,Texas Hall of Fame Invitational
Northwestern,401,100 Fly,3,53.88,Lilly Mehok,,Texas Hall of Fame Invitational
Northwestern,401,100 Fly,4,54.05,Isabella Chow,,Notre Dame vs Northwestern
Northwestern,401,100 Fly,5,54.32,Maggie Belbot,,Texas Hall of Fame Invitational
Northwestern,401,100 Fly,6,54.47,Olivia Detter,,Northwestern vs Wisconsin
Northwestern,401,100 Fly,7,55.10,Sophie Martin,,Texas Hall of Fame Invitational
Northwestern,401,100 Fly,8,55.68,Lila Bleakney,,Texas Hall of Fame Invitational
Northwestern,401,100 Fly,9,56.72,Claudia Chang,,Texas Hall of Fame Invitational
Northwestern,401,100 Fly,10,56.77,Sydney Smith,,"Northwestern vs. Miami (OH), Southern Illinois"
Northwestern,401,100 Free,1,48.54,Kat Nikonova,,Texas Hall of Fame Invitational
Northwestern,401,100 Free,2,48.81,Lindsay Ervin,,Texas Hall of Fame Invitational
Northwestern,401,100 Free,3,49.65,Audrey Yu,,Northwestern vs Duke
Northwestern,401,100 Free,4,49.70,Amy Pan,,Texas Hall of Fame Invitational
Northwestern,401,100 Free,5,50.23,Zoe Nordmann,,Texas Hall of Fame Invitational
Northwestern,401,100 Free,6,50.27,Brianna Deierlein,,Northwestern vs Wisconsin
Northwestern,401,100 Free,7,50.58,Maggie Belbot,,Texas Hall of Fame Invitational
Northwestern,401,100 Free,8,50.81,Sophie Martin,,Texas Hall of Fame Invitational
Northwestern,401,100 Free,9,50.83,Olivia Detter,,Texas Hall of Fame Invitational
Northwestern,401,100 Free,10,51.16,Gretchen Braun,,Notre Dame vs Northwestern
Northwestern,401,1000 Free,1,9:42.23,Zoe Nordmann,,Texas Hall of Fame Invitational
Northwestern,401,1000 Free,2,9:59.91,Hana Shimizu-Bowers,,Northwestern vs Duke
Northwestern,401,1000 Free,3,10:04.37,Grey Davis,,"Michigan vs. Northwestern, UCLA"
Northwestern,401,1000 Free,4,10:05.75,Madeleine Simmons,,Notre Dame vs Northwestern
Northwestern,401,1000 Free,5,10:24.80,Sydney Smith,,University of Chicago vs Northwestern
Northwestern,401,1650 Free,1,16:04.59,Zoe Nordmann,,Texas Hall of Fame Invitational
Northwestern,401,1650 Free,2,16:45.59,Madeleine Simmons,,Texas Hall of Fame Invitational
Northwestern,401,200 Back,1,1:55.25,Gretchen Braun,,Texas Hall of Fame Invitational
Northwestern,401,200 Back,2,1:56.23,Claire Mehok,,Texas Hall of Fame Invitational
Northwestern,401,200 Back,3,1:59.82,Brianna Deierlein,,Texas Hall of Fame Invitational
Northwestern,401,200 Back,4,2:00.00,Hana Shimizu-Bowers,,Northwestern vs Duke
Northwestern,401,200 Back,5,2:00.45,Mackenzie Lanning,,Northwestern vs Duke
Northwestern,401,200 Breast,1,2:11.60,Maggie Papanicholas,,Texas Hall of Fame Invitational
Northwestern,401,200 Breast,2,2:13.60,Kayla Rodriguez,,Northwestern vs Wisconsin
Northwestern,401,200 Breast,3,2:16.07,Sydney Smith,,University of Chicago vs Northwestern
Northwestern,401,200 Breast,4,2:19.54,Teya Nikolova,,Northwestern vs Wisconsin
Northwestern,401,200 Breast,5,2:20.18,Ines Sancho,,University of Chicago vs Northwestern
Northwestern,401,200 Breast,6,2:26.22,Audrey J-Cheng,,"Northwestern vs. Miami (OH), Southern Illinois"
Northwestern,401,200 Fly,1,1:58.72,Hana Shimizu-Bowers,,Texas Hall of Fame Invitational
Northwestern,401,200 Fly,2,1:59.19,Lilly Mehok,,Texas Hall of Fame Invitational
Northwestern,401,200 Fly,3,1:59.45,Grey Davis,,Northwestern vs Duke
Northwestern,401,200 Fly,4,2:00.21,Zoe Nordmann,,University of Chicago vs Northwestern
Northwestern,401,200 Fly,5,2:00.28,Lila Bleakney,,Texas Hall of Fame Invitational
Northwestern,401,200 Fly,6,2:04.40,Kayla Rodriguez,,Texas Hall of Fame Invitational
Northwestern,401,200 Fly,7,2:06.95,Madeleine Simmons,,Notre Dame vs Northwestern
Northwestern,401,200 Fly,8,2:10.02,Claudia Chang,,University of Chicago vs Northwestern
Northwestern,401,200 Free,1,1:44.58,Sydney Smith,,Texas Hall of Fame Invitational
Northwestern,401,200 Free,2,1:45.51,Kat Nikonova,,Texas Hall of Fame Invitational
Northwestern,401,200 Free,3,1:46.53,Zoe Nordmann,,Texas Hall of Fame Invitational
Northwestern,401,200 Free,4,1:48.24,Brianna Deierlein,,University of Chicago vs Northwestern
Northwestern,401,200 Free,5,1:49.03,Lindsay Ervin,,Texas Hall of Fame Invitational
Northwestern,401,200 Free,6,1:49.34,Claire Mehok,,Texas Hall of Fame Invitational
Northwestern,401,200 Free,7,1:49.47,Hana Shimizu-Bowers,,Northwestern vs Duke
Northwestern,401,200 Free,8,1:50.72,Gretchen Braun,,Texas Hall of Fame Invitational
Northwestern,401,200 Free,9,1:50.94,Maggie Belbot,,Texas Hall of Fame Invitational
Northwestern,401,200 Free,10,1:50.94,Sophie Martin,,Texas Hall of Fame Invitational
Northwestern,401,200 Im,1,1:59.70,Sydney Smith,,Texas Hall of Fame Invitational
Northwestern,401,200 Im,2,2:00.10,Grey Davis,,Texas Hall of Fame Invitational
Northwestern,401,200 Im,3,2:02.17,Hana Shimizu-Bowers,,University of Chicago vs Northwestern
Northwestern,401,200 Im,4,2:02.94,Gretchen Braun,,University of Chicago vs Northwestern
Northwestern,401,200 Im,5,2:04.98,Madeleine Simmons,,Texas Hall of Fame Invitational
Northwestern,401,200 Im,6,2:06.71,Lilly Mehok,,Northwestern vs Duke
Northwestern,401,200 Im,7,2:09.29,Kayla Rodriguez,,University of Chicago vs Northwestern
Northwestern,401,400 Im,1,4:14.86,Hana Shimizu-Bowers,,Northwestern vs Wisconsin
Northwestern,401,400 Im,2,4:15.88,Grey Davis,,Northwestern vs Wisconsin
Northwestern,401,400 Im,3,4:19.15,Madeleine Simmons,,Texas Hall of Fame Invitational
Northwestern,401,50 Free,1,22.20,Lindsay Ervin,,Texas Hall of Fame Invitational
Northwestern,401,50 Free,2,22.26,Kat Nikonova,,Texas Hall of Fame Invitational
Northwestern,401,50 Free,3,22.42,Audrey Yu,,Northwestern vs Duke
Northwestern,401,50 Free,4,22.99,Isabella Chow,,"Northwestern vs. Miami (OH), Southern Illinois"
Northwestern,401,50 Free,5,23.03,Amy Pan,,Notre Dame vs Northwestern
Northwestern,401,50 Free,6,23.21,Olivia Detter,,Northwestern vs Wisconsin
Northwestern,401,50 Free,7,23.46,Maggie Belbot,,Texas Hall of Fame Invitational
Northwestern,401,50 Free,8,23.57,Sophie Martin,,Texas Hall of Fame Invitational
Northwestern,401,50 Free,9,23.75,Brianna Deierlein,,"Michigan vs. Northwestern, UCLA"
Northwestern,401,50 Free,10,23.94,Hana Shimizu-Bowers,,Northwestern vs Wisconsin
Northwestern,401,500 Free,1,4:41.11,Zoe Nordmann,,Texas Hall of Fame Invitational
Northwestern,401,500 Free,2,4:48.14,Hana Shimizu-Bowers,,Texas Hall of Fame Invitational
Northwestern,401,500 Free,3,4:48.82,Sydney Smith,,Northwestern vs Duke
Northwestern,401,500 Free,4,4:52.19,Grey Davis,,Northwestern vs Duke
Northwestern,401,500 Free,5,4:57.79,Madeleine Simmons,,Notre Dame vs Northwestern
Northwestern,401,500 Free,6,5:00.64,Lila Bleakney,,Northwestern vs Wisconsin
Northwestern,401,500 Free,7,5:01.74,Claudia Chang,,Texas Hall of Fame Invitational
Northwestern,401,500 Free,8,5:13.07,Mackenzie Lanning,,Texas Hall of Fame Invitational
Oakland,21,100 Back,1,53.56,Lydia Soldatke,,Golden Grizzly Classic
Oakland,21,100 Back,2,54.95,Grace Albrecht,,Oakland vs Eastern Michigan
Oakland,21,100 Back,3,55.08,Clarissa Bezuidenhout,,Golden Grizzly Classic
Oakland,21,100 Back,4,56.82,Kendra Venter,,Golden Grizzly Classic
Oakland,21,100 Back,5,56.97,Brooke Mahneke,,Oakland vs Eastern Michigan
Oakland,21,100 Back,6,58.29,Kate Teng,,Golden Grizzly Classic
Oakland,21,100 Back,7,58.47,Delaney Buckner,,Golden Grizzly Classic
Oakland,21,100 Back,8,59.96,Nora Molnar,,Golden Grizzly Classic
Oakland,21,100 Breast,1,1:03.45,Charisse Hickman,,Oakland vs Eastern Michigan
Oakland,21,100 Breast,2,1:04.20,Maya Dobry,,Oakland v Purdue v Cincinnati
Oakland,21,100 Breast,3,1:05.01,Grace Earp,,Oakland vs. Denison vs. Miami-OH
Oakland,21,100 Breast,4,1:05.34,Grace Aguilar-Fernandez,,Oakland vs. Denison vs. Miami-OH
Oakland,21,100 Breast,5,1:07.22,Ariana Rice,,Golden Grizzly Classic
Oakland,21,100 Breast,6,1:07.80,Casey Sanders,,Golden Grizzly Classic
Oakland,21,100 Breast,7,1:09.01,Ava McNamara,,Youngstown St vs. Oakland - Friday
Oakland,21,100 Fly,1,55.80,Brooke Mahneke,,Golden Grizzly Classic
Oakland,21,100 Fly,2,55.80,Ava McNamara,,Golden Grizzly Classic
Oakland,21,100 Fly,3,56.11,Ellie Todd,,Oakland v Purdue v Cincinnati
Oakland,21,100 Fly,4,56.68,Kate Teng,,Oakland v Purdue v Cincinnati
Oakland,21,100 Fly,5,56.81,Viviane Partridge,,Oakland vs. Denison vs. Miami-OH
Oakland,21,100 Fly,6,57.93,Grace Gray,,Oakland vs. Denison vs. Miami-OH
Oakland,21,100 Fly,7,58.26,Megan Donnelly,,Oakland vs. Denison vs. Miami-OH
Oakland,21,100 Fly,8,59.93,Charisse Hickman,,Youngstown St vs. Oakland
Oakland,21,100 Fly,9,1:00.46,Delaney Buckner,,Oakland vs. Denison vs. Miami-OH
Oakland,21,100 Fly,10,1:01.11,Mia Englender,,Oakland v Purdue v Cincinnati
Oakland,21,100 Free,1,50.56,Kendra Venter,,Golden Grizzly Classic
Oakland,21,100 Free,2,50.68,Avery Beal,,Golden Grizzly Classic
Oakland,21,100 Free,3,50.97,Erika Pietras,,Oakland vs. Denison vs. Miami-OH
Oakland,21,100 Free,4,51.19,Brooke Mahneke,,Golden Grizzly Classic
Oakland,21,100 Free,5,51.20,Viviane Partridge,,Golden Grizzly Classic
Oakland,21,100 Free,6,51.28,Mia Englender,,Golden Grizzly Classic
Oakland,21,100 Free,7,51.89,Clarissa Bezuidenhout,,Golden Grizzly Classic
Oakland,21,100 Free,8,52.64,Grace Albrecht,,Youngstown St vs. Oakland - Friday
Oakland,21,100 Free,9,53.31,Lydia Soldatke,,Youngstown St vs. Oakland
Oakland,21,100 Free,10,53.89,Delaney Buckner,,Oakland vs Eastern Michigan
Oakland,21,1000 Free,1,10:04.70,Megan Donnelly,,Oakland vs Eastern Michigan
Oakland,21,1000 Free,2,10:12.67,Kelley Hassett,,Oakland vs Eastern Michigan
Oakland,21,1000 Free,3,10:18.48,Casey Sanders,,Oakland vs Eastern Michigan
Oakland,21,1000 Free,4,10:28.40,Delaney Buckner,,Oakland vs. Denison vs. Miami-OH
Oakland,21,1000 Free,5,10:31.06,Erika Pietras,,Oakland v Purdue v Cincinnati
Oakland,21,1650 Free,1,17:04.22,Kelley Hassett,,Golden Grizzly Classic
Oakland,21,1650 Free,2,17:13.99,Megan Donnelly,,Youngstown St vs. Oakland - Friday
Oakland,21,1650 Free,3,17:34.96,Casey Sanders,,Golden Grizzly Classic
Oakland,21,1650 Free,4,17:40.33,Delaney Buckner,,Golden Grizzly Classic
Oakland,21,200 Back,1,1:56.03,Lydia Soldatke,,Golden Grizzly Classic
Oakland,21,200 Back,2,1:57.03,Clarissa Bezuidenhout,,Golden Grizzly Classic
Oakland,21,200 Back,3,1:59.75,Grace Albrecht,,Golden Grizzly Classic
Oakland,21,200 Back,4,2:06.91,Kate Teng,,Golden Grizzly Classic
Oakland,21,200 Back,5,2:06.95,Delaney Buckner,,Golden Grizzly Classic
Oakland,21,200 Back,6,2:08.90,Nora Molnar,,Golden Grizzly Classic
Oakland,21,200 Breast,1,2:15.30,Charisse Hickman,,Oakland vs Eastern Michigan
Oakland,21,200 Breast,2,2:21.53,Grace Aguilar-Fernandez,,Golden Grizzly Classic
Oakland,21,200 Breast,3,2:22.02,Kelley Hassett,,Golden Grizzly Classic
Oakland,21,200 Breast,4,2:24.93,Ariana Rice,,Golden Grizzly Classic
Oakland,21,200 Breast,5,2:25.06,Grace Earp,,Oakland vs. Denison vs. Miami-OH
Oakland,21,200 Breast,6,2:25.09,Maya Dobry,,Oakland vs Eastern Michigan
Oakland,21,200 Breast,7,2:25.29,Casey Sanders,,Golden Grizzly Classic
Oakland,21,200 Fly,1,2:05.45,Ellie Todd,,Oakland v Purdue v Cincinnati
Oakland,21,200 Fly,2,2:05.45,Megan Donnelly,,Oakland vs Eastern Michigan
Oakland,21,200 Fly,3,2:06.03,Mia Englender,,Golden Grizzly Classic
Oakland,21,200 Fly,4,2:08.12,Kate Teng,,Oakland vs Eastern Michigan
Oakland,21,200 Fly,5,2:08.58,Ava McNamara,,Golden Grizzly Classic
Oakland,21,200 Fly,6,2:14.73,Grace Gray,,Oakland vs. Denison vs. Miami-OH
Oakland,21,200 Free,1,1:50.08,Mia Englender,,Oakland vs Eastern Michigan
Oakland,21,200 Free,2,1:50.95,Erika Pietras,,Golden Grizzly Classic
Oakland,21,200 Free,3,1:51.26,Viviane Partridge,,Oakland vs Eastern Michigan
Oakland,21,200 Free,4,1:51.29,Lydia Soldatke,,Golden Grizzly Classic
Oakland,21,200 Free,5,1:51.88,Avery Beal,,Golden Grizzly Classic
Oakland,21,200 Free,6,1:52.22,Kelley Hassett,,Golden Grizzly Classic
Oakland,21,200 Free,7,1:52.46,Clarissa Bezuidenhout,,Oakland vs. Denison vs. Miami-OH
Oakland,21,200 Free,8,1:53.48,Casey Sanders,,Oakland vs. Denison vs. Miami-OH
Oakland,21,200 Free,9,1:53.91,Megan Donnelly,,Oakland v Purdue v Cincinnati
Oakland,21,200 Free,10,1:54.47,Delaney Buckner,,Golden Grizzly Classic
Oakland,21,200 Im,1,2:03.06,Grace Albrecht,,Golden Grizzly Classic
Oakland,21,200 Im,2,2:03.39,Clarissa Bezuidenhout,,Golden Grizzly Classic
Oakland,21,200 Im,3,2:04.16,Lydia Soldatke,,Oakland vs Eastern Michigan
Oakland,21,200 Im,4,2:04.63,Mia Englender,,Oakland v Purdue v Cincinnati
Oakland,21,200 Im,5,2:06.03,Avery Beal,,Golden Grizzly Classic
Oakland,21,200 Im,6,2:06.04,Kendra Venter,,Golden Grizzly Classic
Oakland,21,200 Im,7,2:06.97,Grace Aguilar-Fernandez,,Golden Grizzly Classic
Oakland,21,200 Im,8,2:08.01,Charisse Hickman,,Oakland v Purdue v Cincinnati
Oakland,21,200 Im,9,2:09.19,Maya Dobry,,Golden Grizzly Classic
Oakland,21,200 Im,10,2:09.49,Kelley Hassett,,Youngstown St vs. Oakland - Friday
Oakland,21,400 Im,1,4:24.64,Kelley Hassett,,Oakland vs. Denison vs. Miami-OH
Oakland,21,400 Im,2,4:32.95,Mia Englender,,Oakland v Purdue v Cincinnati
Oakland,21,400 Im,3,4:36.02,Charisse Hickman,,Youngstown St vs. Oakland
Oakland,21,400 Im,4,4:36.05,Delaney Buckner,,Oakland vs. Denison vs. Miami-OH
Oakland,21,400 Im,5,4:37.50,Grace Aguilar-Fernandez,,Oakland v Purdue v Cincinnati
Oakland,21,400 Im,6,4:44.17,Ariana Rice,,Oakland vs. Denison vs. Miami-OH
Oakland,21,50 Free,1,23.05,Kendra Venter,,Golden Grizzly Classic
Oakland,21,50 Free,2,23.41,Brooke Mahneke,,Golden Grizzly Classic
Oakland,21,50 Free,3,23.42,Avery Beal,,Golden Grizzly Classic
Oakland,21,50 Free,4,23.49,Erika Pietras,,Golden Grizzly Classic
Oakland,21,50 Free,5,23.76,Grace Albrecht,,Golden Grizzly Classic
Oakland,21,50 Free,6,23.95,Viviane Partridge,,Golden Grizzly Classic
Oakland,21,50 Free,7,24.00,Ava McNamara,,Golden Grizzly Classic
Oakland,21,50 Free,8,24.12,Lydia Soldatke,,Golden Grizzly Classic
Oakland,21,50 Free,9,24.48,Nora Molnar,,Golden Grizzly Classic
Oakland,21,50 Free,10,24.65,Grace Aguilar-Fernandez,,Golden Grizzly Classic
Oakland,21,500 Free,1,4:56.26,Kelley Hassett,,Golden Grizzly Classic
Oakland,21,500 Free,2,4:58.19,Mia Englender,,Golden Grizzly Classic
Oakland,21,500 Free,3,4:59.02,Megan Donnelly,,Oakland vs. Denison vs. Miami-OH
Oakland,21,500 Free,4,4:59.78,Erika Pietras,,Golden Grizzly Classic
Oakland,21,500 Free,5,5:02.55,Casey Sanders,,Golden Grizzly Classic
Oakland,21,500 Free,6,5:05.66,Delaney Buckner,,Golden Grizzly Classic
Oakland,21,500 Free,7,5:08.07,Viviane Partridge,,Golden Grizzly Classic
Oakland,21,500 Free,8,5:15.30,Nora Molnar,,Golden Grizzly Classic
Ohio State,393,100 Back,1,52.70,KK LeBlanc,,Ohio State vs. Michigan
Ohio State,393,100 Back,2,52.91,Delia Lloyd,,Ohio State invitational
Ohio State,393,100 Back,3,53.31,Nika Sharafutdinova,,Ohio State invitational
Ohio State,393,100 Back,4,53.56,Rachel Bockrath,,Ohio State invitational
Ohio State,393,100 Back,5,53.86,Lorin Tobler,,Ohio State invitational
Ohio State,393,100 Back,6,54.18,Sienna Rodgers,,Ohio State vs. Michigan
Ohio State,393,100 Back,7,54.36,Shadée Montassier,,Ohio State invitational
Ohio State,393,100 Back,8,55.65,Elise Nardozzi,,NC State Raleigh Rumble
Ohio State,393,100 Breast,1,58.00,Maria Ramos Najji,,Ohio State invitational
Ohio State,393,100 Breast,2,1:00.28,Paige Delma,,NC State Raleigh Rumble
Ohio State,393,100 Breast,3,1:01.21,Danika Varda,,Ohio State vs. Michigan
Ohio State,393,100 Fly,1,52.47,Carrie Furbee,,Ohio State invitational
Ohio State,393,100 Fly,2,53.32,Lorin Tobler,,Ohio State invitational
Ohio State,393,100 Fly,3,53.86,KK LeBlanc,,Ohio State invitational
Ohio State,393,100 Fly,4,54.34,Emmy Therrien,,Ohio State invitational
Ohio State,393,100 Fly,5,55.59,Sienna Rodgers,,Ohio State vs. Michigan
Ohio State,393,100 Fly,6,56.22,Taya Hutchison,,Ohio State invitational
Ohio State,393,100 Fly,7,56.50,Paige Delma,,Ohio State invitational
Ohio State,393,100 Fly,8,56.87,Adair Shaw,,Ohio State invitational
Ohio State,393,100 Fly,9,57.08,Emma Finlin,,Ohio State invitational
Ohio State,393,100 Fly,10,57.52,Nika Sharafutdinova,,Ohio State invitational
Ohio State,393,100 Free,1,47.76,Rachel Bockrath,,Ohio State invitational
Ohio State,393,100 Free,2,48.30,Erin Little,,Ohio State vs. Michigan
Ohio State,393,100 Free,3,48.96,KK LeBlanc,,Ohio State invitational
Ohio State,393,100 Free,4,49.07,Sienna Angove,,Ohio State vs. Michigan
Ohio State,393,100 Free,5,49.25,Carrie Furbee,,Ohio State invitational
Ohio State,393,100 Free,6,49.44,Taya Hutchison,,Ohio State invitational
Ohio State,393,100 Free,7,50.32,Abigail Perry,,NC State Raleigh Rumble
Ohio State,393,100 Free,8,51.24,Elise Nardozzi,,Ohio State invitational
Ohio State,393,100 Free,9,51.25,Adair Shaw,,Ohio State invitational
Ohio State,393,1000 Free,1,9:22.37,Mila Nikanorov,,Ohio State vs. Michigan
Ohio State,393,1000 Free,2,9:37.34,Emma Finlin,,Ohio State vs. Michigan
Ohio State,393,1000 Free,3,9:41.83,Adair Shaw,,Ohio State vs. Michigan
Ohio State,393,1000 Free,4,10:04.84,Charlotte LePage,,Ohio State invitational
Ohio State,393,1650 Free,1,15:55.09,Emma Finlin,,Ohio State invitational
Ohio State,393,1650 Free,2,15:57.83,Mila Nikanorov,,Ohio State invitational
Ohio State,393,1650 Free,3,16:14.49,Adair Shaw,,Ohio State invitational
Ohio State,393,1650 Free,4,16:45.85,Charlotte LePage,,Ohio State invitational
Ohio State,393,200 Back,1,1:54.41,Delia Lloyd,,NC State Raleigh Rumble
Ohio State,393,200 Back,2,1:56.39,Krista Marlin,,Ohio State vs. Michigan
Ohio State,393,200 Back,3,1:56.99,Nika Sharafutdinova,,Ohio State invitational
Ohio State,393,200 Back,4,1:57.73,Elise Nardozzi,,Ohio State vs. Michigan
Ohio State,393,200 Back,5,1:58.39,Shadée Montassier,,Ohio State vs. Michigan
Ohio State,393,200 Breast,1,2:07.82,Maria Ramos Najji,,Ohio State invitational
Ohio State,393,200 Breast,2,2:10.76,Paige Delma,,Ohio State vs. Michigan
Ohio State,393,200 Breast,3,2:11.11,Danika Varda,,Ohio State invitational
Ohio State,393,200 Fly,1,1:57.34,Jessica Eden,,Ohio State vs. Michigan
Ohio State,393,200 Fly,2,1:58.60,Lucy Malys,,Ohio State vs. Michigan
Ohio State,393,200 Fly,3,1:59.09,Lorin Tobler,,Ohio State invitational
Ohio State,393,200 Fly,4,1:59.44,Adair Shaw,,Ohio State vs. Michigan
Ohio State,393,200 Fly,5,1:59.96,Emmy Therrien,,Ohio State vs. Michigan
Ohio State,393,200 Free,1,1:43.14,Rachel Bockrath,,Ohio State invitational
Ohio State,393,200 Free,2,1:43.70,Erin Little,,Ohio State vs. Michigan
Ohio State,393,200 Free,3,1:45.10,Sienna Angove,,Ohio State invitational
Ohio State,393,200 Free,4,1:46.35,Delia Lloyd,,Ohio State invitational
Ohio State,393,200 Free,5,1:46.83,Adair Shaw,,Ohio State invitational
Ohio State,393,200 Free,6,1:47.25,Mila Nikanorov,,Ohio State invitational
Ohio State,393,200 Free,7,1:48.08,Abigail Perry,,Ohio State vs. Michigan
Ohio State,393,200 Free,8,1:48.45,Elise Nardozzi,,Ohio State invitational
Ohio State,393,200 Free,9,1:49.18,Shadée Montassier,,Ohio State invitational
Ohio State,393,200 Im,1,1:57.07,Paige Delma,,Ohio State invitational
Ohio State,393,200 Im,2,1:59.79,Sienna Angove,,Ohio State invitational
Ohio State,393,200 Im,3,2:00.00,Jessica Eden,,Ohio State invitational
Ohio State,393,200 Im,4,2:01.25,Maria Ramos Najji,,Ohio State invitational
Ohio State,393,200 Im,5,2:01.43,Danika Varda,,Ohio State invitational
Ohio State,393,200 Im,6,2:05.03,Krista Marlin,,Ohio State vs. Michigan
Ohio State,393,200 Im,7,2:09.13,Nika Sharafutdinova,,Ohio State invitational
Ohio State,393,400 Im,1,4:07.99,Paige Delma,,Ohio State invitational
Ohio State,393,400 Im,2,4:11.00,Sienna Angove,,Ohio State invitational
Ohio State,393,400 Im,3,4:11.63,Emma Finlin,,Ohio State invitational
Ohio State,393,400 Im,4,4:12.73,Adair Shaw,,Ohio State invitational
Ohio State,393,400 Im,5,4:13.58,Jessica Eden,,Ohio State invitational
Ohio State,393,400 Im,6,4:17.82,Lucy Malys,,Ohio State invitational
Ohio State,393,400 Im,7,4:27.62,Charlotte LePage,,Ohio State invitational
Ohio State,393,50 Free,1,22.19,Rachel Bockrath,,Ohio State invitational
Ohio State,393,50 Free,2,22.33,Carrie Furbee,,Ohio State vs. Michigan
Ohio State,393,50 Free,3,22.44,Erin Little,,Ohio State vs. Michigan
Ohio State,393,50 Free,4,22.64,Taya Hutchison,,Ohio State vs. Michigan
Ohio State,393,50 Free,5,22.74,Delia Lloyd,,Ohio State invitational
Ohio State,393,50 Free,6,22.86,KK LeBlanc,,Ohio State invitational
Ohio State,393,50 Free,7,24.08,Sienna Angove,,Ohio State vs. Michigan
Ohio State,393,50 Free,8,24.45,Abigail Perry,,NC State Raleigh Rumble
Ohio State,393,50 Free,9,24.64,Elise Nardozzi,,Ohio State invitational
Ohio State,393,50 Free,10,24.80,Adair Shaw,,Ohio State invitational
Ohio State,393,500 Free,1,4:36.97,Mila Nikanorov,,Ohio State vs. Michigan
Ohio State,393,500 Free,2,4:40.84,Adair Shaw,,Ohio State invitational
Ohio State,393,500 Free,3,4:42.70,Emma Finlin,,Ohio State invitational
Ohio State,393,500 Free,4,4:45.40,Sienna Angove,,Ohio State invitational
Ohio State,393,500 Free,5,4:47.50,Lucy Malys,,Ohio State vs. Michigan
Ohio State,393,500 Free,6,4:51.18,Charlotte LePage,,Ohio State invitational
Ohio State,393,500 Free,7,4:51.59,Elise Nardozzi,,Ohio State invitational
Ohio State,393,500 Free,8,4:54.02,Abigail Perry,,Ohio State vs. Michigan
Ohio State,393,500 Free,9,4:57.28,Emmy Therrien,,Ohio State invitational
Old Dominion,410,100 Back,1,56.36,Ally Hilbrich,,Navy Fall Invitational
Old Dominion,410,100 Back,2,56.72,Addie Elliott,,Old Dominion vs. Gardner-Webb
Old Dominion,410,100 Back,3,57.35,Samantha Allred,,Navy Fall Invitational
Old Dominion,410,100 Back,4,57.75,Bella Pachek,,Navy Fall Invitational
Old Dominion,410,100 Back,5,57.97,Kristi Mosley,,Navy Fall Invitational
Old Dominion,410,100 Back,6,58.09,Linnea Kallebo,,Navy Fall Invitational
Old Dominion,410,100 Back,7,58.12,Adrienne Rinker,,Old Dominion vs. Gardner-Webb
Old Dominion,410,100 Back,8,58.73,Nika Picardo,,Navy Fall Invitational
Old Dominion,410,100 Back,9,59.37,Emma Seidel,,Navy Fall Invitational
Old Dominion,410,100 Back,10,1:02.56,Arielle Grabowski,,FAU Fun Invite
Old Dominion,410,100 Breast,1,1:03.92,Adrienne Rinker,,Old Dominion vs. Gardner-Webb
Old Dominion,410,100 Breast,2,1:04.32,Jadyn Whitt,,Navy Fall Invitational
Old Dominion,410,100 Breast,3,1:07.88,Charlotte Everhart,,Old Dominion vs. Gardner-Webb
Old Dominion,410,100 Breast,4,1:07.94,Arielle Grabowski,,Navy Fall Invitational
Old Dominion,410,100 Breast,5,1:09.79,Nika Picardo,,Old Dominion vs. Gardner-Webb
Old Dominion,410,100 Breast,6,1:10.57,Sophia Kapla,,Old Dominion vs. Gardner-Webb
Old Dominion,410,100 Breast,7,1:11.83,Kaylee Eggers,,FAU Fun Invite
Old Dominion,410,100 Breast,8,1:13.54,Elissa Profaca,,Navy Fall Invitational
Old Dominion,410,100 Breast,9,1:17.09,Lauren Gray,,WM Quad Meet
Old Dominion,410,100 Fly,1,57.34,Lauren Masters,,Navy Fall Invitational
Old Dominion,410,100 Fly,2,57.53,Mia Bailon,,Old Dominion vs. Gardner-Webb
Old Dominion,410,100 Fly,3,58.75,Emma Seidel,,Navy Fall Invitational
Old Dominion,410,100 Fly,4,58.87,Anna Lupo,,Old Dominion vs. Gardner-Webb
Old Dominion,410,100 Fly,5,58.88,Anna Bearor,,Old Dominion vs. Gardner-Webb
Old Dominion,410,100 Fly,6,59.18,Linnea Kallebo,,Old Dominion vs. Gardner-Webb
Old Dominion,410,100 Fly,7,59.51,Bella Pachek,,Navy Fall Invitational
Old Dominion,410,100 Fly,8,1:01.27,Charlotte Everhart,,FAU Fun Invite
Old Dominion,410,100 Fly,9,1:01.98,Gabriella Gonzalez,,Navy Fall Invitational
Old Dominion,410,100 Fly,10,1:02.08,Kristi Mosley,,Navy Fall Invitational
Old Dominion,410,100 Free,1,52.97,Lauren Masters,,Old Dominion vs. Gardner-Webb
Old Dominion,410,100 Free,2,53.04,Arielle Grabowski,,Navy Fall Invitational
Old Dominion,410,100 Free,3,53.12,Bella Pachek,,Navy Fall Invitational
Old Dominion,410,100 Free,4,53.54,Ally Hilbrich,,Old Dominion vs. Gardner-Webb
Old Dominion,410,100 Free,5,53.69,Claire Porter,,Old Dominion vs. Gardner-Webb
Old Dominion,410,100 Free,6,53.82,Kristi Mosley,,Navy Fall Invitational
Old Dominion,410,100 Free,7,54.19,Emma Seidel,,Old Dominion vs. Gardner-Webb
Old Dominion,410,100 Free,8,54.29,Anna Bearor,,Navy Fall Invitational
Old Dominion,410,100 Free,9,54.40,Gabriella Gonzalez,,Navy Fall Invitational
Old Dominion,410,100 Free,10,55.45,Anna Lupo,,Old Dominion vs. Gardner-Webb
Old Dominion,410,1000 Free,1,10:27.24,Sophia Kapla,,Navy Fall Invitational
Old Dominion,410,1000 Free,2,10:27.39,Gabriella Gonzalez,,Navy Fall Invitational
Old Dominion,410,1000 Free,3,10:41.17,Anna Eberle,,Old Dominion vs. Gardner-Webb
Old Dominion,410,1000 Free,4,11:48.20,Anna Bearor,,Delaware vs Old Dominion
Old Dominion,410,1650 Free,1,17:17.46,Gabriella Gonzalez,,Navy Fall Invitational
Old Dominion,410,1650 Free,2,17:18.60,Sophia Kapla,,Navy Fall Invitational
Old Dominion,410,1650 Free,3,17:49.61,Anna Eberle,,Navy Fall Invitational
Old Dominion,410,200 Back,1,2:02.69,Kristi Mosley,,Old Dominion vs. Gardner-Webb
Old Dominion,410,200 Back,2,2:04.27,Linnea Kallebo,,Navy Fall Invitational
Old Dominion,410,200 Back,3,2:05.34,Samantha Allred,,Navy Fall Invitational
Old Dominion,410,200 Back,4,2:06.03,Adrienne Rinker,,Navy Fall Invitational
Old Dominion,410,200 Back,5,2:08.35,Addie Elliott,,ODU vs George Mason
Old Dominion,410,200 Back,6,2:09.84,Nika Picardo,,Navy Fall Invitational
Old Dominion,410,200 Back,7,2:10.38,Mallory Mackay,,Navy Fall Invitational
Old Dominion,410,200 Back,8,2:13.51,Cara O'Toole,,WM Quad Meet
Old Dominion,410,200 Breast,1,2:22.94,Jadyn Whitt,,Navy Fall Invitational
Old Dominion,410,200 Breast,2,2:23.59,Adrienne Rinker,,Old Dominion vs. Gardner-Webb
Old Dominion,410,200 Breast,3,2:25.94,Charlotte Everhart,,Navy Fall Invitational
Old Dominion,410,200 Breast,4,2:35.69,Arielle Grabowski,,Delaware vs Old Dominion
Old Dominion,410,200 Breast,5,2:36.26,Kaylee Eggers,,Davidson vs. Old Dominion
Old Dominion,410,200 Breast,6,2:40.05,Elissa Profaca,,Old Dominion vs. Gardner-Webb
Old Dominion,410,200 Breast,7,2:43.98,Sophia Kapla,,Delaware vs Old Dominion
Old Dominion,410,200 Fly,1,2:07.47,Linnea Kallebo,,Old Dominion vs. Gardner-Webb
Old Dominion,410,200 Fly,2,2:10.53,Anna Bearor,,Old Dominion vs. Gardner-Webb
Old Dominion,410,200 Fly,3,2:10.55,Mia Bailon,,Old Dominion vs. Gardner-Webb
Old Dominion,410,200 Fly,4,2:11.97,Anna Lupo,,WM Quad Meet
Old Dominion,410,200 Fly,5,2:14.57,Charlotte Everhart,,Delaware vs Old Dominion
Old Dominion,410,200 Fly,6,2:17.48,Mallory Mackay,,Old Dominion vs. Gardner-Webb
Old Dominion,410,200 Fly,7,2:20.13,Kristi Mosley,,Davidson vs. Old Dominion
Old Dominion,410,200 Fly,8,2:25.85,Kaylee Eggers,,Delaware vs Old Dominion
Old Dominion,410,200 Fly,9,2:45.50,Elissa Profaca,,ODU vs George Mason
Old Dominion,410,200 Free,1,1:54.51,Mallory Mackay,,Navy Fall Invitational
Old Dominion,410,200 Free,2,1:55.26,Arielle Grabowski,,Navy Fall Invitational
Old Dominion,410,200 Free,3,1:55.56,Kristi Mosley,,Old Dominion vs. Gardner-Webb
Old Dominion,410,200 Free,4,1:56.38,Sophia Kapla,,Navy Fall Invitational
Old Dominion,410,200 Free,5,1:56.44,Gabriella Gonzalez,,Navy Fall Invitational
Old Dominion,410,200 Free,6,1:57.15,Claire Porter,,Old Dominion vs. Gardner-Webb
Old Dominion,410,200 Free,7,1:57.82,Anna Bearor,,Old Dominion vs. Gardner-Webb
Old Dominion,410,200 Free,8,1:59.64,Anna Lupo,,Old Dominion vs. Gardner-Webb
Old Dominion,410,200 Free,9,1:59.75,Anna Eberle,,Navy Fall Invitational
Old Dominion,410,200 Free,10,2:01.80,Charlotte Everhart,,ODU vs George Mason
Old Dominion,410,200 Im,1,2:05.88,Kristi Mosley,,Navy Fall Invitational
Old Dominion,410,200 Im,2,2:07.44,Adrienne Rinker,,Navy Fall Invitational
Old Dominion,410,200 Im,3,2:08.53,Charlotte Everhart,,Navy Fall Invitational
Old Dominion,410,200 Im,4,2:09.88,Nika Picardo,,Navy Fall Invitational
Old Dominion,410,200 Im,5,2:10.74,Linnea Kallebo,,Old Dominion vs. Gardner-Webb
Old Dominion,410,200 Im,6,2:13.59,Mia Bailon,,Old Dominion vs. Gardner-Webb
Old Dominion,410,200 Im,7,2:18.08,Mallory Mackay,,Old Dominion vs. Gardner-Webb
Old Dominion,410,400 Im,1,4:31.12,Kristi Mosley,,Navy Fall Invitational
Old Dominion,410,400 Im,2,4:32.46,Gabriella Gonzalez,,Navy Fall Invitational
Old Dominion,410,400 Im,3,4:32.63,Linnea Kallebo,,Navy Fall Invitational
Old Dominion,410,400 Im,4,4:32.85,Adrienne Rinker,,Navy Fall Invitational
Old Dominion,410,400 Im,5,4:34.67,Charlotte Everhart,,Navy Fall Invitational
Old Dominion,410,400 Im,6,4:37.69,Anna Bearor,,Navy Fall Invitational
Old Dominion,410,400 Im,7,4:40.54,Nika Picardo,,Navy Fall Invitational
Old Dominion,410,50 Free,1,24.15,Bella Pachek,,Navy Fall Invitational
Old Dominion,410,50 Free,2,24.28,Lauren Masters,,Navy Fall Invitational
Old Dominion,410,50 Free,3,24.31,Ally Hilbrich,,Navy Fall Invitational
Old Dominion,410,50 Free,4,24.46,Arielle Grabowski,,Navy Fall Invitational
Old Dominion,410,50 Free,5,24.49,Emma Seidel,,Navy Fall Invitational
Old Dominion,410,50 Free,6,24.72,Addie Elliott,,Old Dominion vs. Gardner-Webb
Old Dominion,410,50 Free,7,24.83,Jadyn Whitt,,Navy Fall Invitational
Old Dominion,410,50 Free,8,25.27,Claire Porter,,Navy Fall Invitational
Old Dominion,410,50 Free,9,25.27,Anna Bearor,,Navy Fall Invitational
Old Dominion,410,50 Free,10,25.77,Samantha Allred,,Navy Fall Invitational
Old Dominion,410,500 Free,1,4:59.49,Sophia Kapla,,Navy Fall Invitational
Old Dominion,410,500 Free,2,5:04.56,Linnea Kallebo,,Navy Fall Invitational
Old Dominion,410,500 Free,3,5:05.36,Gabriella Gonzalez,,Navy Fall Invitational
Old Dominion,410,500 Free,4,5:10.18,Mallory Mackay,,Navy Fall Invitational
Old Dominion,410,500 Free,5,5:11.22,Lauren Masters,,Navy Fall Invitational
Old Dominion,410,500 Free,6,5:15.64,Claire Porter,,Navy Fall Invitational
Old Dominion,410,500 Free,7,5:16.25,Anna Eberle,,Navy Fall Invitational
Old Dominion,410,500 Free,8,5:22.62,Anna Bearor,,Old Dominion vs. Gardner-Webb
Penn State,82,100 Back,1,53.78,Margaret Markvardt,,Virginia vs. Penn State
Penn State,82,100 Back,2,56.47,Julia Shafer,,Ohio State invitational
Penn State,82,100 Back,3,57.43,Millie Evans,,Ohio State invitational
Penn State,82,100 Breast,1,1:01.63,Audrey Cohen,,Army vs. Penn State
Penn State,82,100 Breast,2,1:04.25,Mackenzie Pagett,,Penn State vs. St. Bonaventure
Penn State,82,100 Fly,1,53.49,Margaret Markvardt,,Ohio State invitational
Penn State,82,100 Fly,2,54.26,Millie Evans,,Ohio State invitational
Penn State,82,100 Fly,3,54.39,Audrey Cohen,,Ohio State invitational
Penn State,82,100 Fly,4,54.51,Cyrah Robinson,,Ohio State invitational
Penn State,82,100 Fly,5,56.75,Delaney Burns,,Ohio State invitational
Penn State,82,100 Fly,6,58.47,Julia Barto,,Ohio State invitational
Penn State,82,100 Fly,7,59.23,Julia Meisner,,Ohio State invitational
Penn State,82,100 Free,1,49.81,Margaret Markvardt,,Army vs. Penn State
Penn State,82,100 Free,2,49.92,Catherine Meisner,,Ohio State invitational
Penn State,82,100 Free,3,50.45,Katie Ketter,,Penn State vs. Pitt
Penn State,82,100 Free,4,50.76,Cyrah Robinson,,Ohio State invitational
Penn State,82,100 Free,5,50.99,Julia Shafer,,Penn State vs. Yale
Penn State,82,100 Free,6,51.67,Julia Barto,,Penn State vs. Pitt
Penn State,82,100 Free,7,52.16,Nya Robinson,,Ohio State invitational
Penn State,82,100 Free,8,52.28,Audrey Cohen,,Army vs. Penn State
Penn State,82,100 Free,9,54.84,Keira Reid,,Ohio State invitational
Penn State,82,1000 Free,1,9:50.71,Morgan Moore,,Army vs. Penn State
Penn State,82,1000 Free,2,10:07.07,Morgan Jenny,,Penn State vs. Pitt
Penn State,82,1650 Free,1,16:28.37,Morgan Moore,,Ohio State invitational
Penn State,82,1650 Free,2,17:20.96,Morgan Jenny,,Ohio State invitational
Penn State,82,200 Back,1,2:04.12,Julia Barto,,Penn State vs. St. Bonaventure
Penn State,82,200 Breast,1,2:12.15,Audrey Cohen,,Ohio State invitational
Penn State,82,200 Breast,2,2:19.69,Mackenzie Pagett,,Penn State vs. St. Bonaventure
Penn State,82,200 Breast,3,2:24.81,Julia Meisner,,Virginia vs. Penn State
Penn State,82,200 Fly,1,2:01.00,Julia Meisner,,Penn State vs. St. Bonaventure
Penn State,82,200 Fly,2,2:02.31,Audrey Cohen,,Virginia vs. Penn State
Penn State,82,200 Fly,3,2:03.80,Millie Evans,,Army vs. Penn State
Penn State,82,200 Fly,4,2:05.79,Delaney Burns,,Ohio State invitational
Penn State,82,200 Free,1,1:46.36,Catherine Meisner,,Ohio State invitational
Penn State,82,200 Free,2,1:47.57,Morgan Moore,,Ohio State invitational
Penn State,82,200 Free,3,1:50.18,Julia Barto,,Army vs. Penn State
Penn State,82,200 Free,4,1:50.73,Julia Shafer,,Penn State vs. St. Bonaventure
Penn State,82,200 Free,5,1:50.86,Julia Meisner,,Ohio State invitational
Penn State,82,200 Free,6,1:53.17,Morgan Jenny,,Ohio State invitational
Penn State,82,200 Free,7,1:54.11,Nya Robinson,,Penn State vs. Pitt
Penn State,82,200 Free,8,1:55.62,Katie Ketter,,Ohio State invitational
Penn State,82,200 Free,9,1:58.10,Keira Reid,,Ohio State invitational
Penn State,82,200 Im,1,1:59.69,Margaret Markvardt,,Ohio State invitational
Penn State,82,200 Im,2,2:00.51,Catherine Meisner,,Ohio State invitational
Penn State,82,200 Im,3,2:01.96,Julia Barto,,Army vs. Penn State
Penn State,82,200 Im,4,2:02.10,Audrey Cohen,,Ohio State invitational
Penn State,82,200 Im,5,2:02.32,Julia Meisner,,Ohio State invitational
Penn State,82,200 Im,6,2:02.94,Julia Shafer,,Army vs. Penn State
Penn State,82,200 Im,7,2:12.62,Keira Reid,,Ohio State invitational
Penn State,82,400 Im,1,4:17.97,Julia Barto,,Ohio State invitational
Penn State,82,400 Im,2,4:18.64,Julia Meisner,,Ohio State invitational
Penn State,82,50 Free,1,22.74,Margaret Markvardt,,Ohio State invitational
Penn State,82,50 Free,2,22.85,Katie Ketter,,Ohio State invitational
Penn State,82,50 Free,3,22.88,Cyrah Robinson,,Ohio State invitational
Penn State,82,50 Free,4,23.25,Catherine Meisner,,Ohio State invitational
Penn State,82,50 Free,5,23.58,Audrey Cohen,,Penn State vs. Yale
Penn State,82,50 Free,6,23.68,Julia Shafer,,Ohio State invitational
Penn State,82,50 Free,7,23.95,Nya Robinson,,Ohio State invitational
Penn State,82,50 Free,8,24.16,Julia Meisner,,Ohio State invitational
Penn State,82,50 Free,9,25.37,Julia Barto,,Penn State vs. Pitt
Penn State,82,50 Free,10,26.42,Keira Reid,,Ohio State invitational
Penn State,82,500 Free,1,4:48.50,Morgan Moore,,Penn State vs. Pitt
Penn State,82,500 Free,2,4:54.34,Julia Barto,,Penn State vs. Pitt
Penn State,82,500 Free,3,4:58.36,Morgan Jenny,,Penn State vs. St. Bonaventure
Penn State,82,500 Free,4,5:05.35,Delaney Burns,,Ohio State invitational
Princeton,477,100 Back,1,52.89,Sabrina Johnston,,Princeton Big Al Invitational
Princeton,477,100 Back,2,53.07,Delaney Herr,,"Cornell vs Penn, Princeton"
Princeton,477,100 Back,3,54.17,Sophia Sunwoo,,Princeton Big Al Invitational
Princeton,477,100 Back,4,54.56,Edie Simecek,,"Cornell vs Penn, Princeton"
Princeton,477,100 Back,5,55.63,Natalie Farquhar,,Princeton vs. Rutgers
Princeton,477,100 Back,6,56.00,Chloe Kim,,Princeton Big Al Invitational
Princeton,477,100 Back,7,56.44,Meg Wheeler,,"Cornell vs Penn, Princeton"
Princeton,477,100 Back,8,56.81,Grace Black,,Princeton Big Al Invitational
Princeton,477,100 Back,9,57.33,Katherine White,,"Navy vs. Delaware, Kenyon, Princeton"
Princeton,477,100 Back,10,57.61,Margaret Hayes,,Princeton vs. Rutgers
Princeton,477,100 Breast,1,1:01.95,Eliza Brown,,Princeton vs. Rutgers
Princeton,477,100 Breast,2,1:03.08,Sophie Segerson,,Princeton Big Al Invitational
Princeton,477,100 Breast,3,1:04.16,Katherine Sanders,,"Navy vs. Delaware, Kenyon, Princeton"
Princeton,477,100 Breast,4,1:06.31,Katherine White,,"Navy vs. Delaware, Kenyon, Princeton"
Princeton,477,100 Fly,1,52.81,Savannah Skow,,Princeton vs. Rutgers
Princeton,477,100 Fly,2,53.65,Heidi Smithwick,,Princeton Big Al Invitational
Princeton,477,100 Fly,3,53.71,Edie Simecek,,Princeton Big Al Invitational
Princeton,477,100 Fly,4,54.16,Sabrina Johnston,,"Cornell vs Penn, Princeton"
Princeton,477,100 Fly,5,54.45,Delaney Herr,,Princeton vs. Rutgers
Princeton,477,100 Fly,6,54.61,Veronique Rossouw,,"Cornell vs Penn, Princeton"
Princeton,477,100 Fly,7,54.64,Sophia Sunwoo,,Princeton Big Al Invitational
Princeton,477,100 Fly,8,55.96,Margaret Hayes,,Princeton Big Al Invitational
Princeton,477,100 Fly,9,56.61,Eleanor Sun,,Princeton Big Al Invitational
Princeton,477,100 Fly,10,57.37,Sophie Segerson,,Princeton Big Al Invitational
Princeton,477,100 Free,1,48.61,Sabrina Johnston,,Princeton Big Al Invitational
Princeton,477,100 Free,2,49.22,Sophia Sunwoo,,Princeton Big Al Invitational
Princeton,477,100 Free,3,50.25,Edie Simecek,,Princeton Big Al Invitational
Princeton,477,100 Free,4,50.45,Jenna Walters,,Princeton Big Al Invitational
Princeton,477,100 Free,5,50.54,Heidi Smithwick,,Princeton vs. Rutgers
Princeton,477,100 Free,6,50.81,Veronique Rossouw,,Princeton Big Al Invitational
Princeton,477,100 Free,7,51.12,Delaney Herr,,"Navy vs. Delaware, Kenyon, Princeton"
Princeton,477,100 Free,8,51.27,Nicole De Pree,,Princeton Big Al Invitational
Princeton,477,100 Free,9,51.38,Savannah Skow,,"Dartmouth vs. Brown, Princeton"
Princeton,477,100 Free,10,52.06,Chloe Kim,,Princeton Big Al Invitational
Princeton,477,1000 Free,1,9:43.41,Chloe Kim,,"Cornell vs Penn, Princeton"
Princeton,477,1000 Free,2,9:54.39,Dakota Tucker,,Princeton vs. Rutgers
Princeton,477,1000 Free,3,10:06.97,Meg Wheeler,,Princeton vs. Rutgers
Princeton,477,1000 Free,4,10:20.97,Sydney Willson,,Princeton vs. Rutgers
Princeton,477,1000 Free,5,10:42.32,Katherine White,,"Cornell vs Penn, Princeton"
Princeton,477,1650 Free,1,16:23.08,Chloe Kim,,Princeton Big Al Invitational
Princeton,477,200 Back,1,1:57.52,Eleanor Sun,,"Cornell vs Penn, Princeton"
Princeton,477,200 Back,2,1:57.94,Sophie Segerson,,"Navy vs. Delaware, Kenyon, Princeton"
Princeton,477,200 Back,3,1:58.37,Delaney Herr,,"Cornell vs Penn, Princeton"
Princeton,477,200 Back,4,1:58.72,Chloe Kim,,Princeton Big Al Invitational
Princeton,477,200 Back,5,1:59.72,Meg Wheeler,,Princeton Big Al Invitational
Princeton,477,200 Back,6,2:00.05,Grace Black,,Princeton vs. Rutgers
Princeton,477,200 Back,7,2:01.44,Natalie Mak,,Princeton vs. Rutgers
Princeton,477,200 Back,8,2:03.58,Natalie Farquhar,,Princeton Big Al Invitational
Princeton,477,200 Back,9,2:04.09,Katherine White,,Princeton Big Al Invitational
Princeton,477,200 Breast,1,2:13.34,Eliza Brown,,Princeton Big Al Invitational
Princeton,477,200 Breast,2,2:13.46,Eleanor Sun,,Princeton vs. Rutgers
Princeton,477,200 Breast,3,2:14.23,Dakota Tucker,,Princeton vs. Rutgers
Princeton,477,200 Breast,4,2:18.67,Katherine Sanders,,Princeton vs. Rutgers
Princeton,477,200 Breast,5,2:18.98,Sophie Segerson,,Princeton Big Al Invitational
Princeton,477,200 Breast,6,2:24.87,Katherine White,,Princeton vs. Rutgers
Princeton,477,200 Breast,7,2:27.03,Meg Wheeler,,"Dartmouth vs. Brown, Princeton"
Princeton,477,200 Fly,1,1:56.86,Heidi Smithwick,,Princeton Big Al Invitational
Princeton,477,200 Fly,2,1:56.88,Eleanor Sun,,"Cornell vs Penn, Princeton"
Princeton,477,200 Fly,3,1:57.07,Chloe Kim,,Princeton vs. Rutgers
Princeton,477,200 Fly,4,1:59.40,Savannah Skow,,Princeton vs. Rutgers
Princeton,477,200 Fly,5,1:59.85,Dakota Tucker,,"Cornell vs Penn, Princeton"
Princeton,477,200 Fly,6,2:05.31,Natalie Mak,,"Navy vs. Delaware, Kenyon, Princeton"
Princeton,477,200 Free,1,1:46.10,Savannah Skow,,"Navy vs. Delaware, Kenyon, Princeton"
Princeton,477,200 Free,2,1:47.19,Eleanor Sun,,Princeton vs. Rutgers
Princeton,477,200 Free,3,1:49.30,Heidi Smithwick,,"Cornell vs Penn, Princeton"
Princeton,477,200 Free,4,1:49.60,Chloe Kim,,"Navy vs. Delaware, Kenyon, Princeton"
Princeton,477,200 Free,5,1:49.99,Jenna Walters,,Princeton vs. Rutgers
Princeton,477,200 Free,6,1:50.13,Natalie Farquhar,,"Cornell vs Penn, Princeton"
Princeton,477,200 Free,7,1:51.13,Veronique Rossouw,,Princeton Big Al Invitational
Princeton,477,200 Free,8,1:51.60,Eliza Brown,,"Navy vs. Delaware, Kenyon, Princeton"
Princeton,477,200 Free,9,1:52.32,Sophie Segerson,,"Dartmouth vs. Brown, Princeton"
Princeton,477,200 Free,10,1:53.09,Katherine Sanders,,Princeton Big Al Invitational
Princeton,477,200 Im,1,1:56.55,Eleanor Sun,,Princeton Big Al Invitational
Princeton,477,200 Im,2,1:58.98,Dakota Tucker,,Princeton vs. Rutgers
Princeton,477,200 Im,3,1:59.25,Sophie Segerson,,Princeton Big Al Invitational
Princeton,477,200 Im,4,2:01.25,Chloe Kim,,"Cornell vs Penn, Princeton"
Princeton,477,200 Im,5,2:01.57,Heidi Smithwick,,Princeton Big Al Invitational
Princeton,477,200 Im,6,2:01.85,Eliza Brown,,Princeton vs. Rutgers
Princeton,477,200 Im,7,2:03.17,Meg Wheeler,,Princeton Big Al Invitational
Princeton,477,200 Im,8,2:03.40,Natalie Mak,,Princeton Big Al Invitational
Princeton,477,200 Im,9,2:10.03,Grace Black,,Princeton vs. Rutgers
Princeton,477,400 Im,1,4:09.82,Chloe Kim,,Princeton Big Al Invitational
Princeton,477,400 Im,2,4:10.17,Eleanor Sun,,Princeton Big Al Invitational
Princeton,477,400 Im,3,4:13.98,Sophie Segerson,,"Navy vs. Delaware, Kenyon, Princeton"
Princeton,477,400 Im,4,4:17.15,Meg Wheeler,,Princeton Big Al Invitational
Princeton,477,400 Im,5,4:21.99,Natalie Mak,,"Navy vs. Delaware, Kenyon, Princeton"
Princeton,477,400 Im,6,4:22.41,Dakota Tucker,,"Dartmouth vs. Brown, Princeton"
Princeton,477,50 Free,1,22.41,Sabrina Johnston,,Princeton Big Al Invitational
Princeton,477,50 Free,2,22.54,Sophia Sunwoo,,Princeton Big Al Invitational
Princeton,477,50 Free,3,22.97,Delaney Herr,,Princeton Big Al Invitational
Princeton,477,50 Free,4,23.02,Heidi Smithwick,,Princeton Big Al Invitational
Princeton,477,50 Free,5,23.05,Veronique Rossouw,,Princeton Big Al Invitational
Princeton,477,50 Free,6,23.05,Edie Simecek,,Princeton Big Al Invitational
Princeton,477,50 Free,7,23.63,Jenna Walters,,Princeton Big Al Invitational
Princeton,477,50 Free,8,23.66,Nicole De Pree,,"Navy vs. Delaware, Kenyon, Princeton"
Princeton,477,50 Free,9,23.96,Margaret Hayes,,"Navy vs. Delaware, Kenyon, Princeton"
Princeton,477,50 Free,10,24.30,Katherine White,,Princeton Big Al Invitational
Princeton,477,500 Free,1,4:45.88,Chloe Kim,,Princeton Big Al Invitational
Princeton,477,500 Free,2,4:50.46,Eleanor Sun,,"Navy vs. Delaware, Kenyon, Princeton"
Princeton,477,500 Free,3,4:52.62,Natalie Farquhar,,Princeton Big Al Invitational
Princeton,477,500 Free,4,4:52.68,Savannah Skow,,"Dartmouth vs. Brown, Princeton"
Princeton,477,500 Free,5,4:55.00,Meg Wheeler,,"Cornell vs Penn, Princeton"
Princeton,477,500 Free,6,5:01.87,Veronique Rossouw,,Princeton Big Al Invitational
Princeton,477,500 Free,7,5:09.63,Sydney Willson,,"Dartmouth vs. Brown, Princeton"
Princeton,477,500 Free,8,5:11.88,Katherine White,,Princeton Big Al Invitational
Providence,479,100 Back,1,56.61,Isabella Lombard,,Harold Anderson Invitational
Providence,479,100 Back,2,57.88,Siara Celentano,,Harold Anderson Invitational
Providence,479,100 Back,3,59.48,Meghan MacLaren,,Harold Anderson Invitational
Providence,479,100 Back,4,59.64,Liza Goetcheus,,Harold Anderson Invitational
Providence,479,100 Back,5,1:00.24,Brooke Sowka,,Harold Anderson Invitational
Providence,479,100 Back,6,1:00.69,Jalen Howarth,,Harold Anderson Invitational
Providence,479,100 Back,7,1:02.18,Leah Renner,,Harold Anderson Invitational
Providence,479,100 Back,8,1:03.01,Olivia Johanns,,Harold Anderson Invitational
Providence,479,100 Back,9,1:03.51,Ally Pfeiffer,,Iona vs. Providence
Providence,479,100 Breast,1,1:05.90,Lauren Wagner,,Harold Anderson Invitational
Providence,479,100 Breast,2,1:08.48,Madison Ebanks,,Harold Anderson Invitational
Providence,479,100 Breast,3,1:09.43,isabella marcos,,Iona vs. Providence
Providence,479,100 Breast,4,1:10.11,Ava Larkin,,Harold Anderson Invitational
Providence,479,100 Fly,1,57.47,Annie Gathof,,Harold Anderson Invitational
Providence,479,100 Fly,2,58.16,Kieran Buckley,,Harold Anderson Invitational
Providence,479,100 Fly,3,1:00.27,Meghan MacLaren,,Harold Anderson Invitational
Providence,479,100 Fly,4,1:00.54,Gabby Harding,,Harold Anderson Invitational
Providence,479,100 Fly,5,1:00.64,Elizabeth Glasspool,,Harold Anderson Invitational
Providence,479,100 Fly,6,1:00.66,Julia Pelchat,,Harold Anderson Invitational
Providence,479,100 Fly,7,1:00.78,Ally Pfeiffer,,Harold Anderson Invitational
Providence,479,100 Fly,8,1:00.86,Rylie Foley,,Harold Anderson Invitational
Providence,479,100 Fly,9,1:02.49,Siara Celentano,,Friar Invite
Providence,479,100 Fly,10,1:02.90,Riga Riga,,Iona vs. Providence
Providence,479,100 Free,1,53.09,B Burke,,Harold Anderson Invitational
Providence,479,100 Free,2,53.44,Siara Celentano,,Harold Anderson Invitational
Providence,479,100 Free,3,53.81,Rylie Foley,,Harold Anderson Invitational
Providence,479,100 Free,4,54.12,Natalia Robak,,Harold Anderson Invitational
Providence,479,100 Free,5,54.14,Penny Choroser,,Harold Anderson Invitational
Providence,479,100 Free,6,54.23,Kieran Buckley,,Harold Anderson Invitational
Providence,479,100 Free,7,54.36,Madelyn Harvey,,Harold Anderson Invitational
Providence,479,100 Free,8,54.75,Julia Renzelmann,,Harold Anderson Invitational
Providence,479,100 Free,9,54.79,Kendall Eby,,Harold Anderson Invitational
Providence,479,100 Free,10,55.12,Olivia Johanns,,Harold Anderson Invitational
Providence,479,1000 Free,1,10:57.59,Rory Sheridan,,Iona vs. Providence
Providence,479,1000 Free,2,11:08.96,B Burke,,Iona vs. Providence
Providence,479,1000 Free,3,11:09.52,Delia Fritz,,Iona vs. Providence
Providence,479,1000 Free,4,11:27.00,Brooke Sowka,,Providence vs. Fairfield
Providence,479,1650 Free,1,17:37.52,Rory Sheridan,,Harold Anderson Invitational
Providence,479,1650 Free,2,18:19.96,Delia Fritz,,Harold Anderson Invitational
Providence,479,200 Back,1,2:02.90,Isabella Lombard,,Harold Anderson Invitational
Providence,479,200 Back,2,2:05.84,Brooke Sowka,,Harold Anderson Invitational
Providence,479,200 Back,3,2:07.17,Siara Celentano,,Harold Anderson Invitational
Providence,479,200 Back,4,2:09.22,Meghan MacLaren,,Harold Anderson Invitational
Providence,479,200 Back,5,2:10.27,Ally Pfeiffer,,Harold Anderson Invitational
Providence,479,200 Back,6,2:13.49,Jalen Howarth,,Harold Anderson Invitational
Providence,479,200 Breast,1,2:25.15,Lauren Wagner,,Harold Anderson Invitational
Providence,479,200 Breast,2,2:31.56,Madison Ebanks,,Harold Anderson Invitational
Providence,479,200 Breast,3,2:32.08,isabella marcos,,Iona vs. Providence
Providence,479,200 Breast,4,2:34.30,Ava Larkin,,Harold Anderson Invitational
Providence,479,200 Fly,1,2:07.64,Annie Gathof,,Harold Anderson Invitational
Providence,479,200 Fly,2,2:11.07,Ally Pfeiffer,,Harold Anderson Invitational
Providence,479,200 Fly,3,2:12.18,Rory Sheridan,,Harold Anderson Invitational
Providence,479,200 Fly,4,2:13.81,Elizabeth Glasspool,,Harold Anderson Invitational
Providence,479,200 Fly,5,2:14.32,Riga Riga,,Harold Anderson Invitational
Providence,479,200 Fly,6,2:17.23,Gabby Harding,,Friar Invite
Providence,479,200 Free,1,1:53.57,B Burke,,Harold Anderson Invitational
Providence,479,200 Free,2,1:56.37,Natalia Robak,,Harold Anderson Invitational
Providence,479,200 Free,3,1:57.08,Kendall Eby,,Harold Anderson Invitational
Providence,479,200 Free,4,1:57.64,Julia Renzelmann,,Harold Anderson Invitational
Providence,479,200 Free,5,1:58.22,Brooke Sowka,,Harold Anderson Invitational
Providence,479,200 Free,6,1:58.53,Penny Choroser,,Harold Anderson Invitational
Providence,479,200 Free,7,1:59.06,Madelyn Harvey,,Harold Anderson Invitational
Providence,479,200 Free,8,2:02.44,Delia Fritz,,Harold Anderson Invitational
Providence,479,200 Free,9,2:03.87,Rylie Foley,,Friar Invite
Providence,479,200 Im,1,2:09.20,Natalia Robak,,Harold Anderson Invitational
Providence,479,200 Im,2,2:11.26,Siara Celentano,,Harold Anderson Invitational
Providence,479,200 Im,3,2:11.80,Lauren Wagner,,Harold Anderson Invitational
Providence,479,200 Im,4,2:16.22,Annie Gathof,,Iona vs. Providence
Providence,479,200 Im,5,2:16.53,Riga Riga,,Harold Anderson Invitational
Providence,479,200 Im,6,2:17.67,Madison Ebanks,,Harold Anderson Invitational
Providence,479,200 Im,7,2:22.44,isabella marcos,,Iona vs. Providence
Providence,479,200 Im,8,2:23.03,Ally Pfeiffer,,Iona vs. Providence
Providence,479,400 Im,1,4:44.67,Lauren Wagner,,Providence vs. Fairfield
Providence,479,400 Im,2,4:48.14,Riga Riga,,Harold Anderson Invitational
Providence,479,50 Free,1,24.52,Rylie Foley,,Harold Anderson Invitational
Providence,479,50 Free,2,24.58,Olivia Johanns,,Harold Anderson Invitational
Providence,479,50 Free,3,24.63,Kieran Buckley,,Harold Anderson Invitational
Providence,479,50 Free,4,24.77,Madelyn Harvey,,Harold Anderson Invitational
Providence,479,50 Free,5,25.17,Isabella Lombard,,Harold Anderson Invitational
Providence,479,50 Free,6,25.17,Penny Choroser,,Harold Anderson Invitational
Providence,479,50 Free,7,25.39,Julia Pelchat,,Harold Anderson Invitational
Providence,479,50 Free,8,25.63,B Burke,,Harold Anderson Invitational
Providence,479,50 Free,9,25.70,Julia Renzelmann,,Harold Anderson Invitational
Providence,479,50 Free,10,25.85,Elizabeth Glasspool,,Harold Anderson Invitational
Providence,479,500 Free,1,5:01.29,B Burke,,Harold Anderson Invitational
Providence,479,500 Free,2,5:11.62,Rory Sheridan,,Harold Anderson Invitational
Providence,479,500 Free,3,5:15.06,Brooke Sowka,,Harold Anderson Invitational
Providence,479,500 Free,4,5:16.83,Kendall Eby,,Harold Anderson Invitational
Providence,479,500 Free,5,5:23.87,Delia Fritz,,Harold Anderson Invitational
Providence,479,500 Free,6,5:24.32,Gabby Harding,,Harold Anderson Invitational
Providence,479,500 Free,7,5:26.31,Annie Gathof,,Providence vs. URI
Providence,479,500 Free,8,5:31.93,Jalen Howarth,,Harold Anderson Invitational
Purdue,27,100 Back,1,53.23,Abby Marcukaitis,,Ohio State invitational
Purdue,27,100 Back,2,53.90,Ava Fasano,,Ohio State invitational
Purdue,27,100 Back,3,53.92,Amie Perna,,Ohio State invitational
Purdue,27,100 Back,4,54.10,Ana Rojas,,Ohio State invitational
Purdue,27,100 Back,5,54.54,Susie Lee,,Ohio State invitational
Purdue,27,100 Back,6,54.93,Abbie Kehmeier,,Oakland v Purdue v Cincinnati
Purdue,27,100 Back,7,55.29,Hannah Hill,,Ohio State invitational
Purdue,27,100 Back,8,55.63,Ripley Merritt,,Purdue vs. lllinois
Purdue,27,100 Back,9,55.87,Grace Ackerman,,Oakland v Purdue v Cincinnati
Purdue,27,100 Back,10,56.01,Kelsey Cooper,,Oakland v Purdue v Cincinnati
Purdue,27,100 Breast,1,1:01.99,Meghan Sharma,,Purdue vs. lllinois
Purdue,27,100 Breast,2,1:02.85,Kate Stanley,,Ohio State invitational
Purdue,27,100 Breast,3,1:02.92,Maddie Phillips,,Oakland v Purdue v Cincinnati
Purdue,27,100 Breast,4,1:04.83,Sophia Capp,,Purdue vs. lllinois
Purdue,27,100 Breast,5,1:06.08,Grace Lux,,Oakland v Purdue v Cincinnati
Purdue,27,100 Fly,1,53.82,Brinly Hardy,,Ohio State invitational
Purdue,27,100 Fly,2,53.83,Keira Kask,,Ohio State invitational
Purdue,27,100 Fly,3,53.86,Lara Phipps,,Oakland v Purdue v Cincinnati
Purdue,27,100 Fly,4,54.31,Ana Rojas,,Ohio State invitational
Purdue,27,100 Fly,5,54.77,Campbell Scofield,,Ohio State invitational
Purdue,27,100 Fly,6,55.58,Maddie Phillips,,Ohio State invitational
Purdue,27,100 Fly,7,55.63,Kaia Podlin,,Ohio State invitational
Purdue,27,100 Fly,8,55.87,Brooklyn Beauch,,Oakland v Purdue v Cincinnati
Purdue,27,100 Fly,9,55.92,Kate Mouser,,Oakland v Purdue v Cincinnati
Purdue,27,100 Fly,10,56.71,Ripley Merritt,,Oakland v Purdue v Cincinnati
Purdue,27,100 Free,1,49.26,Lara Phipps,,Oakland v Purdue v Cincinnati
Purdue,27,100 Free,2,49.32,Caitlin Hurley,,Ohio State invitational
Purdue,27,100 Free,3,50.02,Ana Rojas,,Ohio State invitational
Purdue,27,100 Free,4,50.76,Hannah Hill,,Oakland v Purdue v Cincinnati
Purdue,27,100 Free,5,51.34,Kaia Podlin,,Ohio State invitational
Purdue,27,100 Free,6,51.44,Ava Fasano,,Ohio State invitational
Purdue,27,100 Free,7,51.83,Adele Sands,,Dan Ross Invitational
Purdue,27,100 Free,8,51.96,Annabelle Swiney,,Purdue vs. Iowa
Purdue,27,100 Free,9,52.06,Grace Ackerman,,Oakland v Purdue v Cincinnati
Purdue,27,100 Free,10,52.65,Ashley Lund,,Ohio State invitational
Purdue,27,1000 Free,1,9:51.01,Reagan Mattice,,Ohio State invitational
Purdue,27,1000 Free,2,10:00.68,Caitlin Hurley,,Ohio State invitational
Purdue,27,1000 Free,3,10:06.06,Adele Sands,,Ohio State invitational
Purdue,27,1000 Free,4,10:19.03,Caroline Frazier,,Purdue vs. lllinois
Purdue,27,1650 Free,1,16:21.01,Reagan Mattice,,Ohio State invitational
Purdue,27,1650 Free,2,16:31.27,Caitlin Hurley,,Ohio State invitational
Purdue,27,1650 Free,3,16:41.36,Adele Sands,,Ohio State invitational
Purdue,27,1650 Free,4,17:13.15,Caroline Frazier,,Ohio State invitational
Purdue,27,200 Back,1,1:55.48,Abby Marcukaitis,,Ohio State invitational
Purdue,27,200 Back,2,1:58.44,Amie Perna,,Ohio State invitational
Purdue,27,200 Back,3,1:58.47,Abbie Kehmeier,,Ohio State invitational
Purdue,27,200 Back,4,1:58.68,Grace Ackerman,,Ohio State invitational
Purdue,27,200 Back,5,1:59.42,Susie Lee,,Ohio State invitational
Purdue,27,200 Back,6,2:00.89,Kelsey Cooper,,Ohio State invitational
Purdue,27,200 Back,7,2:00.92,Ripley Merritt,,Purdue vs. lllinois
Purdue,27,200 Breast,1,2:15.85,Meghan Sharma,,Ohio State invitational
Purdue,27,200 Breast,2,2:17.67,Kate Stanley,,Ohio State invitational
Purdue,27,200 Breast,3,2:19.29,Kate Mouser,,Purdue vs. Missouri
Purdue,27,200 Breast,4,2:19.37,Maddie Phillips,,Ohio State invitational
Purdue,27,200 Breast,5,2:28.76,Grace Lux,,Purdue vs. lllinois
Purdue,27,200 Fly,1,1:57.89,Campbell Scofield,,Ohio State invitational
Purdue,27,200 Fly,2,1:59.32,Keira Kask,,Ohio State invitational
Purdue,27,200 Fly,3,2:01.42,Brinly Hardy,,Ohio State invitational
Purdue,27,200 Fly,4,2:01.96,Kate Mouser,,Ohio State invitational
Purdue,27,200 Fly,5,2:05.46,Brooklyn Beauch,,Purdue vs. lllinois
Purdue,27,200 Free,1,1:46.29,Caitlin Hurley,,Ohio State invitational
Purdue,27,200 Free,2,1:46.47,Lara Phipps,,Ohio State invitational
Purdue,27,200 Free,3,1:47.69,Adele Sands,,Ohio State invitational
Purdue,27,200 Free,4,1:47.70,Reagan Mattice,,Ohio State invitational
Purdue,27,200 Free,5,1:48.01,Annabelle Swiney,,Ohio State invitational
Purdue,27,200 Free,6,1:49.22,Kate Mouser,,Purdue vs. Missouri
Purdue,27,200 Free,7,1:51.18,Caroline Frazier,,Ohio State invitational
Purdue,27,200 Free,8,1:53.44,Susie Lee,,Oakland v Purdue v Cincinnati
Purdue,27,200 Free,9,1:55.85,Ashley Lund,,Ohio State invitational
Purdue,27,200 Im,1,2:01.26,Keira Kask,,Oakland v Purdue v Cincinnati
Purdue,27,200 Im,2,2:03.19,Kate Mouser,,Purdue vs. Missouri
Purdue,27,200 Im,3,2:03.97,Annabelle Swiney,,Ohio State invitational
Purdue,27,200 Im,4,2:06.44,Maddie Phillips,,Oakland v Purdue v Cincinnati
Purdue,27,200 Im,5,2:06.95,Grace Ackerman,,Purdue vs. lllinois
Purdue,27,200 Im,6,2:07.00,Meghan Sharma,,Ohio State invitational
Purdue,27,200 Im,7,2:08.07,Ripley Merritt,,Oakland v Purdue v Cincinnati
Purdue,27,200 Im,8,2:08.88,Kate Stanley,,Ohio State invitational
Purdue,27,200 Im,9,2:12.68,Grace Lux,,Ohio State invitational
Purdue,27,400 Im,1,4:15.92,Kate Mouser,,Ohio State invitational
Purdue,27,400 Im,2,4:24.78,Grace Ackerman,,Ohio State invitational
Purdue,27,400 Im,3,4:25.08,Annabelle Swiney,,Oakland v Purdue v Cincinnati
Purdue,27,400 Im,4,4:27.63,Caitlin Hurley,,Purdue vs. Iowa
Purdue,27,400 Im,5,4:27.77,Campbell Scofield,,Oakland v Purdue v Cincinnati
Purdue,27,50 Free,1,22.87,Hannah Hill,,Ohio State invitational
Purdue,27,50 Free,2,22.94,Lara Phipps,,Dan Ross Invitational
Purdue,27,50 Free,3,23.05,Ana Rojas,,Ohio State invitational
Purdue,27,50 Free,4,23.37,Caitlin Hurley,,Dan Ross Invitational
Purdue,27,50 Free,5,23.53,Kaia Podlin,,Ohio State invitational
Purdue,27,50 Free,6,23.61,Ava Fasano,,Oakland v Purdue v Cincinnati
Purdue,27,50 Free,7,23.81,Amie Perna,,Ohio State invitational
Purdue,27,50 Free,8,24.20,Ashley Lund,,Ohio State invitational
Purdue,27,50 Free,9,24.25,Abbie Kehmeier,,Ohio State invitational
Purdue,27,50 Free,10,25.00,Annabelle Swiney,,Purdue vs. Iowa
Purdue,27,500 Free,1,4:44.56,Caitlin Hurley,,Ohio State invitational
Purdue,27,500 Free,2,4:47.30,Kate Mouser,,Ohio State invitational
Purdue,27,500 Free,3,4:47.35,Reagan Mattice,,Ohio State invitational
Purdue,27,500 Free,4,4:49.74,Adele Sands,,Ohio State invitational
Purdue,27,500 Free,5,4:56.51,Caroline Frazier,,Ohio State invitational
Purdue,27,500 Free,6,4:57.47,Susie Lee,,Purdue vs. lllinois
Purdue,27,500 Free,7,5:00.61,Campbell Scofield,,Ohio State invitational
Purdue,27,500 Free,8,5:01.93,Annabelle Swiney,,Ohio State invitational
Queens (NC),9415,100 Back,1,53.80,Maren Patterson,,Kellianne Nagy Fall Frenzy Invite
Queens (NC),9415,100 Back,2,55.11,Haley Ross,,Kellianne Nagy Fall Frenzy Invite
Queens (NC),9415,100 Back,3,56.04,Daryna Maznytska,,Kellianne Nagy Fall Frenzy Invite
Queens (NC),9415,100 Back,4,56.16,Bianca Wettel,,Kellianne Nagy Fall Frenzy Invite
Queens (NC),9415,100 Back,5,56.25,Sophia Pfannstiel,,Kellianne Nagy Fall Frenzy Invite
Queens (NC),9415,100 Back,6,56.63,Zoey Prezyna,,Queens (NC) vs. Catawba
Queens (NC),9415,100 Back,7,56.88,Alessandra Quintana,,Kellianne Nagy Fall Frenzy Invite
Queens (NC),9415,100 Back,8,58.89,Mary Shanahan,,Kellianne Nagy Fall Frenzy Invite
Queens (NC),9415,100 Back,9,59.25,Chloe Williams,,Kellianne Nagy Fall Frenzy Invite
Queens (NC),9415,100 Back,10,1:01.17,Jacey Cotchery,,Queens (NC) vs. Catawba
Queens (NC),9415,100 Breast,1,1:02.44,Annika Huber,,Queens (NC) vs. Catawba
Queens (NC),9415,100 Breast,2,1:02.62,Cornelia Almqvist,,Kellianne Nagy Fall Frenzy Invite
Queens (NC),9415,100 Breast,3,1:03.03,Libby Livesay,,Kellianne Nagy Fall Frenzy Invite
Queens (NC),9415,100 Breast,4,1:05.25,Ayvah Johnson,,Queens (NC) vs. Catawba
Queens (NC),9415,100 Breast,5,1:08.14,Ellie Porter,,Queens (NC) vs. Catawba
Queens (NC),9415,100 Fly,1,52.68,Maddie Foster,,Kellianne Nagy Fall Frenzy Invite
Queens (NC),9415,100 Fly,2,54.03,abigail zboran,,"UNCW vs. Queens (NC), William & Mary"
Queens (NC),9415,100 Fly,3,56.41,Sophia Pfannstiel,,Kellianne Nagy Fall Frenzy Invite
Queens (NC),9415,100 Fly,4,56.71,Mary Shanahan,,Kellianne Nagy Fall Frenzy Invite
Queens (NC),9415,100 Fly,5,57.20,Leonie Tenzer,,Kellianne Nagy Fall Frenzy Invite
Queens (NC),9415,100 Fly,6,57.36,Zoey Prezyna,,Kellianne Nagy Fall Frenzy Invite
Queens (NC),9415,100 Fly,7,58.70,Annie Choate,,Queens (NC) vs. Catawba
Queens (NC),9415,100 Fly,8,1:02.55,Ellie Porter,,Kellianne Nagy Fall Frenzy Invite
Queens (NC),9415,100 Fly,9,1:07.36,Sam McKee,,Kellianne Nagy Fall Frenzy Invite
Queens (NC),9415,100 Free,1,50.05,Maren Patterson,,Kellianne Nagy Fall Frenzy Invite
Queens (NC),9415,100 Free,2,50.23,Maddie Foster,,Queens (NC) vs. Catawba
Queens (NC),9415,100 Free,3,50.49,Sabína Kupcova,,Kellianne Nagy Fall Frenzy Invite
Queens (NC),9415,100 Free,4,50.99,Bianca Wettel,,Kellianne Nagy Fall Frenzy Invite
Queens (NC),9415,100 Free,5,52.22,Gavriela Daniels,,Kellianne Nagy Fall Frenzy Invite
Queens (NC),9415,100 Free,6,52.79,Juliet Burroughs,,Kellianne Nagy Fall Frenzy Invite
Queens (NC),9415,100 Free,7,53.34,Ayvah Johnson,,Kellianne Nagy Fall Frenzy Invite
Queens (NC),9415,100 Free,8,53.45,Chloe Williams,,Queens (NC) vs. Catawba
Queens (NC),9415,100 Free,9,53.80,Madeline House,,Queens (NC) vs. Catawba
Queens (NC),9415,100 Free,10,54.56,Daryna Maznytska,,Virginia Tech vs Queens
Queens (NC),9415,1000 Free,1,9:56.51,Leonie Tenzer,,Queens (NC) vs. Catawba
Queens (NC),9415,1000 Free,2,10:32.15,Madeline House,,Queens vs. South Carolina
Queens (NC),9415,1000 Free,3,10:53.44,Ellie Porter,,"UNCW vs. Queens (NC), William & Mary"
Queens (NC),9415,1000 Free,4,11:19.55,Bianca Perez,,Queens (NC) vs. Catawba
Queens (NC),9415,1650 Free,1,16:43.59,Leonie Tenzer,,Kellianne Nagy Fall Frenzy Invite
Queens (NC),9415,1650 Free,2,17:46.27,Madeline House,,Kellianne Nagy Fall Frenzy Invite
Queens (NC),9415,1650 Free,3,18:10.01,Ellie Porter,,Kellianne Nagy Fall Frenzy Invite
Queens (NC),9415,1650 Free,4,19:01.89,Bianca Perez,,Kellianne Nagy Fall Frenzy Invite
Queens (NC),9415,200 Back,1,1:58.54,Haley Ross,,Queens (NC) vs. Catawba
Queens (NC),9415,200 Back,2,2:00.89,Alessandra Quintana,,Kellianne Nagy Fall Frenzy Invite
Queens (NC),9415,200 Back,3,2:01.31,Sophia Pfannstiel,,Kellianne Nagy Fall Frenzy Invite
Queens (NC),9415,200 Back,4,2:02.58,Zoey Prezyna,,Queens (NC) vs. Catawba
Queens (NC),9415,200 Back,5,2:06.33,Daryna Maznytska,,Kellianne Nagy Fall Frenzy Invite
Queens (NC),9415,200 Back,6,2:10.84,Annie Choate,,Virginia Tech vs Queens
Queens (NC),9415,200 Back,7,2:14.96,Bianca Wettel,,Davidson vs Queens
Queens (NC),9415,200 Breast,1,2:16.90,Annika Huber,,Queens vs. South Carolina
Queens (NC),9415,200 Breast,2,2:18.16,Cornelia Almqvist,,Kellianne Nagy Fall Frenzy Invite
Queens (NC),9415,200 Breast,3,2:20.61,abigail zboran,,UNC vs. Queens
Queens (NC),9415,200 Breast,4,2:21.05,Libby Livesay,,Queens (NC) vs. Catawba
Queens (NC),9415,200 Breast,5,2:23.93,Ellie Porter,,Kellianne Nagy Fall Frenzy Invite
Queens (NC),9415,200 Fly,1,1:58.37,abigail zboran,,Kellianne Nagy Fall Frenzy Invite
Queens (NC),9415,200 Fly,2,2:07.29,Madeline House,,"UNCW vs. Queens (NC), William & Mary"
Queens (NC),9415,200 Fly,3,2:08.29,Mary Shanahan,,Queens (NC) vs. Catawba
Queens (NC),9415,200 Fly,4,2:12.20,Annie Choate,,Queens vs. South Carolina
Queens (NC),9415,200 Free,1,1:47.29,abigail zboran,,Queens vs. South Carolina
Queens (NC),9415,200 Free,2,1:48.33,Leonie Tenzer,,Kellianne Nagy Fall Frenzy Invite
Queens (NC),9415,200 Free,3,1:48.39,Maddie Foster,,UNC vs. Queens
Queens (NC),9415,200 Free,4,1:50.51,Sabína Kupcova,,Kellianne Nagy Fall Frenzy Invite
Queens (NC),9415,200 Free,5,1:51.41,Bianca Wettel,,Kellianne Nagy Fall Frenzy Invite
Queens (NC),9415,200 Free,6,1:52.82,Madeline House,,Kellianne Nagy Fall Frenzy Invite
Queens (NC),9415,200 Free,7,1:53.12,Gavriela Daniels,,Kellianne Nagy Fall Frenzy Invite
Queens (NC),9415,200 Free,8,1:55.30,Juliet Burroughs,,Queens vs. South Carolina
Queens (NC),9415,200 Free,9,1:59.68,Jacey Cotchery,,Queens vs. South Carolina
Queens (NC),9415,200 Free,10,2:01.32,Bianca Perez,,Kellianne Nagy Fall Frenzy Invite
Queens (NC),9415,200 Im,1,1:58.04,abigail zboran,,Kellianne Nagy Fall Frenzy Invite
Queens (NC),9415,200 Im,2,2:01.66,Sabína Kupcova,,Kellianne Nagy Fall Frenzy Invite
Queens (NC),9415,200 Im,3,2:05.93,Annika Huber,,Kellianne Nagy Fall Frenzy Invite
Queens (NC),9415,200 Im,4,2:07.77,Leonie Tenzer,,UNC vs. Queens
Queens (NC),9415,200 Im,5,2:12.46,Alessandra Quintana,,Queens vs. South Carolina
Queens (NC),9415,400 Im,1,4:14.72,abigail zboran,,Kellianne Nagy Fall Frenzy Invite
Queens (NC),9415,400 Im,2,4:22.16,Leonie Tenzer,,Kellianne Nagy Fall Frenzy Invite
Queens (NC),9415,400 Im,3,4:33.36,Ellie Porter,,Kellianne Nagy Fall Frenzy Invite
Queens (NC),9415,50 Free,1,22.68,Maren Patterson,,Kellianne Nagy Fall Frenzy Invite
Queens (NC),9415,50 Free,2,23.43,Libby Livesay,,Kellianne Nagy Fall Frenzy Invite
Queens (NC),9415,50 Free,3,23.44,Maddie Foster,,"UNCW vs. Queens (NC), William & Mary"
Queens (NC),9415,50 Free,4,23.55,Sophia Pfannstiel,,Kellianne Nagy Fall Frenzy Invite
Queens (NC),9415,50 Free,5,23.55,Daryna Maznytska,,Kellianne Nagy Fall Frenzy Invite
Queens (NC),9415,50 Free,6,24.00,Juliet Burroughs,,Kellianne Nagy Fall Frenzy Invite
Queens (NC),9415,50 Free,7,24.07,Ayvah Johnson,,Kellianne Nagy Fall Frenzy Invite
Queens (NC),9415,50 Free,8,24.17,Chloe Williams,,Kellianne Nagy Fall Frenzy Invite
Queens (NC),9415,50 Free,9,24.31,Bianca Wettel,,Kellianne Nagy Fall Frenzy Invite
Queens (NC),9415,50 Free,10,24.36,Sabína Kupcova,,Kellianne Nagy Fall Frenzy Invite
Queens (NC),9415,500 Free,1,4:49.24,Leonie Tenzer,,Kellianne Nagy Fall Frenzy Invite
Queens (NC),9415,500 Free,2,5:01.64,Madeline House,,Kellianne Nagy Fall Frenzy Invite
Queens (NC),9415,500 Free,3,5:07.49,Haley Ross,,Kellianne Nagy Fall Frenzy Invite
Queens (NC),9415,500 Free,4,5:13.20,Gavriela Daniels,,Kellianne Nagy Fall Frenzy Invite
Queens (NC),9415,500 Free,5,5:16.81,Ellie Porter,,Kellianne Nagy Fall Frenzy Invite
Queens (NC),9415,500 Free,6,5:26.85,Bianca Perez,,Kellianne Nagy Fall Frenzy Invite
Rider,484,100 Back,1,57.54,Casey Morgan,,NJIT/Rider/Stony Brook Tri-Meet
Rider,484,100 Back,2,57.85,Donja Tripp,,H2ounds Invitational
Rider,484,100 Back,3,59.46,Chas Ruatos,,H2ounds Invitational
Rider,484,100 Back,4,59.79,Aubree-Clare Alewine-Flores,,Rider vs SHU vs Siena
Rider,484,100 Back,5,1:00.35,Jenna Kirby,,H2ounds Invitational
Rider,484,100 Back,6,1:01.29,Rachel Hutchins,,H2ounds Invitational
Rider,484,100 Back,7,1:02.95,Ava Smith,,H2ounds Invitational
Rider,484,100 Back,8,1:08.71,Ava Repetti,,Marist vs Rider
Rider,484,100 Breast,1,1:07.49,Liv Turner,,Rider vs SHU vs Siena
Rider,484,100 Breast,2,1:08.23,Chloe Cheevers,,Rider vs SHU vs Siena
Rider,484,100 Breast,3,1:11.28,Rachel Hutchins,,Rider vs SHU vs Siena
Rider,484,100 Breast,4,1:14.04,Ava Repetti,,NJIT/Rider/Stony Brook Tri-Meet
Rider,484,100 Breast,5,1:27.27,Quinn Aromando,,H2ounds Invitational
Rider,484,100 Fly,1,57.80,Rachel Hutchins,,H2ounds Invitational
Rider,484,100 Fly,2,59.71,Meg Smith,,H2ounds Invitational
Rider,484,100 Fly,3,59.75,Ava Smith,,Rider vs SHU vs Siena
Rider,484,100 Fly,4,1:00.53,Aubree-Clare Alewine-Flores,,Rider vs SHU vs Siena
Rider,484,100 Fly,5,1:01.13,Liv Turner,,H2ounds Invitational
Rider,484,100 Fly,6,1:04.87,Casey McLaughlin,,H2ounds Invitational
Rider,484,100 Fly,7,1:09.21,Ava Repetti,,H2ounds Invitational
Rider,484,100 Free,1,52.59,Donja Tripp,,Rider vs SHU vs Siena
Rider,484,100 Free,2,52.72,Sonya Mishakova,,Rider vs SHU vs Siena
Rider,484,100 Free,3,53.45,Casey Morgan,,NJIT/Rider/Stony Brook Tri-Meet
Rider,484,100 Free,4,53.97,Lea Opdyke,,NJIT/Rider/Stony Brook Tri-Meet
Rider,484,100 Free,5,56.13,Jenna Kirby,,Rider vs SHU vs Siena
Rider,484,100 Free,6,56.54,Rachel Hutchins,,NJIT/Rider/Stony Brook Tri-Meet
Rider,484,100 Free,7,57.31,Ava Smith,,Rider vs SHU vs Siena
Rider,484,100 Free,8,59.04,Chas Ruatos,,Canisius vs Rider
Rider,484,100 Free,9,59.63,Quinn Aromando,,H2ounds Invitational
Rider,484,1000 Free,1,10:40.61,Casey McLaughlin,,NJIT/Rider/Stony Brook Tri-Meet
Rider,484,1000 Free,2,10:43.77,Meg Smith,,NJIT/Rider/Stony Brook Tri-Meet
Rider,484,1000 Free,3,12:00.10,Ava Repetti,,Rider vs SHU vs Siena
Rider,484,1650 Free,1,17:56.88,Casey McLaughlin,,H2ounds Invitational
Rider,484,200 Back,1,2:05.35,Casey Morgan,,NJIT/Rider/Stony Brook Tri-Meet
Rider,484,200 Back,2,2:07.97,Aubree-Clare Alewine-Flores,,H2ounds Invitational
Rider,484,200 Back,3,2:10.14,Chas Ruatos,,H2ounds Invitational
Rider,484,200 Back,4,2:12.63,Lea Opdyke,,H2ounds Invitational
Rider,484,200 Back,5,2:19.06,Ava Repetti,,H2ounds Invitational
Rider,484,200 Back,6,2:22.46,Jenna Kirby,,NJIT/Rider/Stony Brook Tri-Meet
Rider,484,200 Breast,1,2:25.30,Chloe Cheevers,,NJIT/Rider/Stony Brook Tri-Meet
Rider,484,200 Breast,2,2:30.66,Liv Turner,,Rider vs SHU vs Siena
Rider,484,200 Breast,3,2:37.92,Ava Repetti,,Rider vs SHU vs Siena
Rider,484,200 Fly,1,2:14.01,Meg Smith,,NJIT/Rider/Stony Brook Tri-Meet
Rider,484,200 Fly,2,2:14.48,Ava Smith,,Rider vs SHU vs Siena
Rider,484,200 Fly,3,2:25.85,Rachel Hutchins,,Rider vs. Iona
Rider,484,200 Free,1,1:54.87,Lea Opdyke,,H2ounds Invitational
Rider,484,200 Free,2,1:56.08,Sonya Mishakova,,Rider vs SHU vs Siena
Rider,484,200 Free,3,1:58.38,Casey McLaughlin,,Rider v Fordham
Rider,484,200 Free,4,1:59.48,Casey Morgan,,Rider v Fordham
Rider,484,200 Free,5,2:00.68,Meg Smith,,H2ounds Invitational
Rider,484,200 Im,1,2:13.45,Rachel Hutchins,,H2ounds Invitational
Rider,484,200 Im,2,2:17.34,Meg Smith,,Rider vs SHU vs Siena
Rider,484,200 Im,3,2:17.75,Casey McLaughlin,,Rider vs SHU vs Siena
Rider,484,200 Im,4,2:17.79,Chloe Cheevers,,H2ounds Invitational
Rider,484,200 Im,5,2:21.65,Ava Repetti,,H2ounds Invitational
Rider,484,200 Im,6,2:23.52,Ava Smith,,Rider v Fordham
Rider,484,400 Im,1,4:44.05,Casey McLaughlin,,NJIT/Rider/Stony Brook Tri-Meet
Rider,484,400 Im,2,5:03.45,Ava Repetti,,H2ounds Invitational
Rider,484,50 Free,1,23.49,Donja Tripp,,H2ounds Invitational
Rider,484,50 Free,2,24.42,Sonya Mishakova,,Rider vs SHU vs Siena
Rider,484,50 Free,3,24.73,Casey Morgan,,H2ounds Invitational
Rider,484,50 Free,4,25.65,Chas Ruatos,,H2ounds Invitational
Rider,484,50 Free,5,26.00,Jenna Kirby,,H2ounds Invitational
Rider,484,50 Free,6,26.26,Lea Opdyke,,NJIT/Rider/Stony Brook Tri-Meet
Rider,484,50 Free,7,26.88,Quinn Aromando,,H2ounds Invitational
Rider,484,50 Free,8,26.95,Rachel Hutchins,,NJIT/Rider/Stony Brook Tri-Meet
Rider,484,50 Free,9,27.48,Ava Smith,,Rider vs SHU vs Siena
Rider,484,500 Free,1,5:10.07,Lea Opdyke,,H2ounds Invitational
Rider,484,500 Free,2,5:11.79,Meg Smith,,H2ounds Invitational
Rider,484,500 Free,3,5:13.99,Casey McLaughlin,,H2ounds Invitational
Saint Louis,491,100 Back,1,56.51,Emmy Barrett,,21st House of Champions Invitational
Saint Louis,491,100 Back,2,56.61,Meghan Eng,,21st House of Champions Invitational
Saint Louis,491,100 Back,3,57.56,Marissa Williams,,21st House of Champions Invitational
Saint Louis,491,100 Back,4,58.83,Ella Schrader,,21st House of Champions Invitational
Saint Louis,491,100 Back,5,1:00.15,Kalie Linden,,21st House of Champions Invitational
Saint Louis,491,100 Breast,1,1:04.42,Tierney Kohl,,21st House of Champions Invitational
Saint Louis,491,100 Breast,2,1:04.95,Hanna Whitney,,Little Rock Fall Invite
Saint Louis,491,100 Breast,3,1:05.10,Kenna Cashman,,21st House of Champions Invitational
Saint Louis,491,100 Breast,4,1:05.74,Sarah Dingus,,21st House of Champions Invitational
Saint Louis,491,100 Breast,5,1:07.74,Kam Nowak,,Little Rock Fall Invite
Saint Louis,491,100 Breast,6,1:08.82,Hazel Perkins,,21st House of Champions Invitational
Saint Louis,491,100 Breast,7,1:10.21,kaitlyn Otte,,Little Rock Fall Invite
Saint Louis,491,100 Breast,8,1:11.24,Mia Wilson,,IU Indy Invite
Saint Louis,491,100 Breast,9,1:14.61,Morgan Walker,,IU Indy Invite
Saint Louis,491,100 Fly,1,57.29,Marissa Williams,,21st House of Champions Invitational
Saint Louis,491,100 Fly,2,57.41,Sarah Dingus,,21st House of Champions Invitational
Saint Louis,491,100 Fly,3,58.48,Faith McAdam,,SLU vs. WASH U
Saint Louis,491,100 Fly,4,1:00.70,Morgan Walker,,IU Indy Invite
Saint Louis,491,100 Fly,5,1:01.00,Annabel Banicz,,Little Rock Fall Invite
Saint Louis,491,100 Fly,6,1:02.85,Tierney Kohl,,Southwest Baptist vs. Rockhurst vs. SLU
Saint Louis,491,100 Fly,7,1:03.33,Mia Wilson,,21st House of Champions Invitational
Saint Louis,491,100 Fly,8,1:06.00,Hazel Perkins,,McKendree vs. SLU
Saint Louis,491,100 Free,1,51.43,Anya Brueggeman,,21st House of Champions Invitational
Saint Louis,491,100 Free,2,52.71,Marissa Williams,,21st House of Champions Invitational
Saint Louis,491,100 Free,3,53.11,Hanna Whitney,,Little Rock Fall Invite
Saint Louis,491,100 Free,4,53.19,Kenna Cashman,,21st House of Champions Invitational
Saint Louis,491,100 Free,5,53.42,Kam Nowak,,21st House of Champions Invitational
Saint Louis,491,100 Free,6,53.56,Izabel Schmidt,,Little Rock Fall Invite
Saint Louis,491,100 Free,7,54.34,Sarah Dingus,,21st House of Champions Invitational
Saint Louis,491,100 Free,8,54.64,Karis Reynaga,,21st House of Champions Invitational
Saint Louis,491,100 Free,9,54.85,Kalie Linden,,21st House of Champions Invitational
Saint Louis,491,100 Free,10,55.38,Sasha Jancekova,,Southwest Baptist vs. Rockhurst vs. SLU
Saint Louis,491,1000 Free,1,10:37.35,Sasha Jancekova,,McKendree vs. SLU
Saint Louis,491,1000 Free,2,10:40.90,Reagan Hoefer,,21st House of Champions Invitational
Saint Louis,491,1000 Free,3,10:45.86,Karis Reynaga,,Southwest Baptist vs. Rockhurst vs. SLU
Saint Louis,491,1000 Free,4,10:56.70,Mia Wilson,,Southwest Baptist vs. Rockhurst vs. SLU
Saint Louis,491,1000 Free,5,11:07.59,Faith McAdam,,McKendree vs. SLU
Saint Louis,491,1000 Free,6,11:13.08,Morgan Walker,,SLU vs. UMSL
Saint Louis,491,1000 Free,7,11:38.73,kaitlyn Otte,,SLU vs. UMSL
Saint Louis,491,1650 Free,1,17:34.27,Sasha Jancekova,,21st House of Champions Invitational
Saint Louis,491,1650 Free,2,17:49.90,Reagan Hoefer,,21st House of Champions Invitational
Saint Louis,491,200 Back,1,2:02.70,Emmy Barrett,,21st House of Champions Invitational
Saint Louis,491,200 Back,2,2:04.51,Meghan Eng,,Little Rock Fall Invite
Saint Louis,491,200 Back,3,2:06.06,Ella Schrader,,21st House of Champions Invitational
Saint Louis,491,200 Back,4,2:15.22,Morgan Walker,,McKendree vs. SLU
Saint Louis,491,200 Back,5,2:15.42,Mia Wilson,,Little Rock Fall Invite
Saint Louis,491,200 Breast,1,2:19.55,Tierney Kohl,,21st House of Champions Invitational
Saint Louis,491,200 Breast,2,2:30.71,Hazel Perkins,,21st House of Champions Invitational
Saint Louis,491,200 Breast,3,2:32.55,kaitlyn Otte,,McKendree vs. SLU
Saint Louis,491,200 Fly,1,2:04.22,Faith McAdam,,21st House of Champions Invitational
Saint Louis,491,200 Fly,2,2:08.73,Morgan Walker,,21st House of Champions Invitational
Saint Louis,491,200 Fly,3,2:11.91,Mia Wilson,,21st House of Champions Invitational
Saint Louis,491,200 Fly,4,2:18.46,Annabel Banicz,,21st House of Champions Invitational
Saint Louis,491,200 Free,1,1:52.97,Anya Brueggeman,,21st House of Champions Invitational
Saint Louis,491,200 Free,2,1:53.35,Faith McAdam,,21st House of Champions Invitational
Saint Louis,491,200 Free,3,1:54.89,Karis Reynaga,,21st House of Champions Invitational
Saint Louis,491,200 Free,4,1:55.73,Meghan Eng,,21st House of Champions Invitational
Saint Louis,491,200 Free,5,1:56.05,Kam Nowak,,21st House of Champions Invitational
Saint Louis,491,200 Free,6,1:56.09,Sasha Jancekova,,21st House of Champions Invitational
Saint Louis,491,200 Free,7,1:57.60,Reagan Hoefer,,21st House of Champions Invitational
Saint Louis,491,200 Free,8,1:59.32,Marissa Williams,,Southwest Baptist vs. Rockhurst vs. SLU
Saint Louis,491,200 Free,9,1:59.75,Izabel Schmidt,,Little Rock Fall Invite
Saint Louis,491,200 Free,10,2:00.86,Sarah Dingus,,Southwest Baptist vs. Rockhurst vs. SLU
Saint Louis,491,200 Im,1,2:07.13,Tierney Kohl,,21st House of Champions Invitational
Saint Louis,491,200 Im,2,2:08.23,Kenna Cashman,,21st House of Champions Invitational
Saint Louis,491,200 Im,3,2:08.98,Meghan Eng,,21st House of Champions Invitational
Saint Louis,491,200 Im,4,2:09.28,Morgan Walker,,21st House of Champions Invitational
Saint Louis,491,200 Im,5,2:09.47,Marissa Williams,,21st House of Champions Invitational
Saint Louis,491,200 Im,6,2:10.26,Mia Wilson,,21st House of Champions Invitational
Saint Louis,491,200 Im,7,2:12.69,Annabel Banicz,,21st House of Champions Invitational
Saint Louis,491,200 Im,8,2:13.98,Emmy Barrett,,21st House of Champions Invitational
Saint Louis,491,200 Im,9,2:15.36,Hazel Perkins,,21st House of Champions Invitational
Saint Louis,491,200 Im,10,2:19.35,Hanna Whitney,,SLU vs. UMSL
Saint Louis,491,400 Im,1,4:35.92,Tierney Kohl,,Southwest Baptist vs. Rockhurst vs. SLU
Saint Louis,491,400 Im,2,4:39.75,Mia Wilson,,21st House of Champions Invitational
Saint Louis,491,400 Im,3,4:39.82,Morgan Walker,,21st House of Champions Invitational
Saint Louis,491,400 Im,4,4:43.65,Annabel Banicz,,21st House of Champions Invitational
Saint Louis,491,400 Im,5,4:48.95,Hazel Perkins,,21st House of Champions Invitational
Saint Louis,491,50 Free,1,23.88,Izabel Schmidt,,21st House of Champions Invitational
Saint Louis,491,50 Free,2,24.09,Anya Brueggeman,,21st House of Champions Invitational
Saint Louis,491,50 Free,3,24.52,Hanna Whitney,,21st House of Champions Invitational
Saint Louis,491,50 Free,4,24.66,Sarah Dingus,,21st House of Champions Invitational
Saint Louis,491,50 Free,5,24.87,Kalie Linden,,21st House of Champions Invitational
Saint Louis,491,50 Free,6,24.92,Kam Nowak,,Little Rock Fall Invite
Saint Louis,491,50 Free,7,24.95,Marissa Williams,,Saint Louis vs. Omaha
Saint Louis,491,50 Free,8,25.11,Faith McAdam,,21st House of Champions Invitational
Saint Louis,491,50 Free,9,25.12,Karis Reynaga,,21st House of Champions Invitational
Saint Louis,491,50 Free,10,25.24,Ella Schrader,,21st House of Champions Invitational
Saint Louis,491,500 Free,1,5:03.54,Sasha Jancekova,,21st House of Champions Invitational
Saint Louis,491,500 Free,2,5:05.84,Faith McAdam,,21st House of Champions Invitational
Saint Louis,491,500 Free,3,5:06.53,Karis Reynaga,,21st House of Champions Invitational
Saint Louis,491,500 Free,4,5:12.06,Reagan Hoefer,,21st House of Champions Invitational
Saint Louis,491,500 Free,5,5:16.57,Kam Nowak,,21st House of Champions Invitational
Saint Louis,491,500 Free,6,5:22.57,Mia Wilson,,SLU vs. UMSL
Saint Louis,491,500 Free,7,5:31.94,kaitlyn Otte,,21st House of Champions Invitational
Saint Peters,468,100 Back,1,57.35,Madison Petricevic,,Gompei Invitational
Saint Peters,468,100 Back,2,58.83,Maddie McKinney,,Gompei Invitational
Saint Peters,468,100 Back,3,1:00.19,Francesca Solano Vargas,,Gompei Invitational
Saint Peters,468,100 Back,4,1:01.94,Chris Carolin Weiss,,Gompei Invitational
Saint Peters,468,100 Back,5,1:04.06,Gwen Mendez,,Iona vs. Saint Peters
Saint Peters,468,100 Back,6,1:11.51,Hailey Zeszotarski,,Manhattan vs. St Peters
Saint Peters,468,100 Back,7,1:11.71,Michelle Kaminskas,,Duquesne vs St Peter
Saint Peters,468,100 Back,8,1:20.82,Leah Cunas,,Iona vs. Saint Peters
Saint Peters,468,100 Breast,1,1:07.33,Gwen Mendez,,Gompei Invitational
Saint Peters,468,100 Breast,2,1:09.26,Paige Austin-Burrows,,St Peters vs Manhattan
Saint Peters,468,100 Breast,3,1:13.22,Maddie McKinney,,Iona vs. Saint Peters
Saint Peters,468,100 Breast,4,1:17.00,Ella Schirtzinger,,Duquesne vs St Peter
Saint Peters,468,100 Breast,5,1:17.61,Ele Dalcerri,,Manhattan vs. St Peters
Saint Peters,468,100 Breast,6,1:23.34,Hailey Zeszotarski,,St Peters vs Manhattan
Saint Peters,468,100 Breast,7,1:23.69,Leah Cunas,,SHU Friendgiving Duals
Saint Peters,468,100 Breast,8,1:30.39,Michelle Kaminskas,,Iona vs. Saint Peters
Saint Peters,468,100 Fly,1,55.86,Paige Austin-Burrows,,Gompei Invitational
Saint Peters,468,100 Fly,2,1:01.00,Ele Dalcerri,,Gompei Invitational
Saint Peters,468,100 Fly,3,1:01.92,Chris Carolin Weiss,,Gompei Invitational
Saint Peters,468,100 Fly,4,1:02.28,Madison Petricevic,,Gompei Invitational
Saint Peters,468,100 Fly,5,1:02.65,Francesca Solano Vargas,,Gompei Invitational
Saint Peters,468,100 Fly,6,1:04.78,Gwen Mendez,,Gompei Invitational
Saint Peters,468,100 Fly,7,1:05.08,Niela Dawlett,,Gompei Invitational
Saint Peters,468,100 Fly,8,1:06.29,Ella Schirtzinger,,Iona vs. Saint Peters
Saint Peters,468,100 Fly,9,1:09.99,Brianna Surichaqui,,Iona vs. Saint Peters
Saint Peters,468,100 Fly,10,1:15.92,Leah Cunas,,Iona vs. Saint Peters
Saint Peters,468,100 Free,1,52.92,Paige Austin-Burrows,,Gompei Invitational
Saint Peters,468,100 Free,2,55.23,Maddie McKinney,,Gompei Invitational
Saint Peters,468,100 Free,3,55.27,Ele Dalcerri,,Gompei Invitational
Saint Peters,468,100 Free,4,55.53,Madison Petricevic,,Gompei Invitational
Saint Peters,468,100 Free,5,56.45,Gwen Mendez,,Gompei Invitational
Saint Peters,468,100 Free,6,57.03,Ella Schirtzinger,,St Peters vs Manhattan
Saint Peters,468,100 Free,7,57.26,Niela Dawlett,,Gompei Invitational
Saint Peters,468,100 Free,8,58.02,Chris Carolin Weiss,,Gompei Invitational
Saint Peters,468,100 Free,9,59.66,Francesca Solano Vargas,,Gompei Invitational
Saint Peters,468,100 Free,10,1:00.25,Michelle Kaminskas,,Gompei Invitational
Saint Peters,468,1000 Free,1,11:04.38,Maddie McKinney,,Gompei Invitational
Saint Peters,468,1000 Free,2,11:05.35,Ella Schirtzinger,,Gompei Invitational
Saint Peters,468,1000 Free,3,11:55.67,Hailey Zeszotarski,,Gompei Invitational
Saint Peters,468,1000 Free,4,13:14.93,Leah Cunas,,St Peters vs Manhattan
Saint Peters,468,1650 Free,1,18:16.69,Maddie McKinney,,Gompei Invitational
Saint Peters,468,1650 Free,2,18:27.95,Ella Schirtzinger,,Gompei Invitational
Saint Peters,468,1650 Free,3,19:39.90,Hailey Zeszotarski,,Gompei Invitational
Saint Peters,468,1650 Free,4,22:14.09,Leah Cunas,,St Peters vs Manhattan
Saint Peters,468,200 Back,1,2:08.93,Francesca Solano Vargas,,Gompei Invitational
Saint Peters,468,200 Back,2,2:11.03,Maddie McKinney,,Gompei Invitational
Saint Peters,468,200 Back,3,2:12.72,Chris Carolin Weiss,,Gompei Invitational
Saint Peters,468,200 Back,4,2:32.69,Hailey Zeszotarski,,St Peters vs Manhattan
Saint Peters,468,200 Breast,1,2:27.31,Gwen Mendez,,Gompei Invitational
Saint Peters,468,200 Breast,2,2:58.34,Hailey Zeszotarski,,Duquesne vs St Peter
Saint Peters,468,200 Breast,3,3:01.41,Leah Cunas,,St Peters vs Manhattan
Saint Peters,468,200 Breast,4,3:09.30,Michelle Kaminskas,,Duquesne vs St Peter
Saint Peters,468,200 Fly,1,2:14.24,Paige Austin-Burrows,,Duquesne vs St Peter
Saint Peters,468,200 Fly,2,2:23.18,Chris Carolin Weiss,,Duquesne vs St Peter
Saint Peters,468,200 Fly,3,2:23.31,Ele Dalcerri,,St Peters vs Manhattan
Saint Peters,468,200 Fly,4,2:26.39,Francesca Solano Vargas,,St Peters vs Manhattan
Saint Peters,468,200 Fly,5,2:33.13,Brianna Surichaqui,,Gompei Invitational
Saint Peters,468,200 Free,1,1:56.72,Paige Austin-Burrows,,Gompei Invitational
Saint Peters,468,200 Free,2,2:00.24,Maddie McKinney,,Iona vs. Saint Peters
Saint Peters,468,200 Free,3,2:01.89,Ella Schirtzinger,,Gompei Invitational
Saint Peters,468,200 Free,4,2:04.22,Gwen Mendez,,Duquesne vs St Peter
Saint Peters,468,200 Free,5,2:04.99,Francesca Solano Vargas,,Gompei Invitational
Saint Peters,468,200 Free,6,2:06.11,Niela Dawlett,,Gompei Invitational
Saint Peters,468,200 Free,7,2:08.63,Michelle Kaminskas,,Iona vs. Saint Peters
Saint Peters,468,200 Free,8,2:10.21,Ele Dalcerri,,St Peters vs Manhattan
Saint Peters,468,200 Free,9,2:10.22,Chris Carolin Weiss,,Manhattan vs. St Peters
Saint Peters,468,200 Free,10,2:11.00,Hailey Zeszotarski,,Iona vs. Saint Peters
Saint Peters,468,200 Im,1,2:15.05,Paige Austin-Burrows,,SHU Friendgiving Duals
Saint Peters,468,200 Im,2,2:16.26,Chris Carolin Weiss,,Gompei Invitational
Saint Peters,468,200 Im,3,2:18.70,Gwen Mendez,,Manhattan vs. St Peters
Saint Peters,468,200 Im,4,2:28.07,Francesca Solano Vargas,,SHU Friendgiving Duals
Saint Peters,468,200 Im,5,2:28.38,Ele Dalcerri,,Manhattan vs. St Peters
Saint Peters,468,200 Im,6,2:31.79,Michelle Kaminskas,,Manhattan vs. St Peters
Saint Peters,468,400 Im,1,4:40.22,Paige Austin-Burrows,,Gompei Invitational
Saint Peters,468,400 Im,2,4:44.93,Gwen Mendez,,Gompei Invitational
Saint Peters,468,400 Im,3,4:58.93,Chris Carolin Weiss,,St Peters vs Manhattan
Saint Peters,468,400 Im,4,5:02.51,Ella Schirtzinger,,Iona vs. Saint Peters
Saint Peters,468,50 Free,1,23.99,Paige Austin-Burrows,,Gompei Invitational
Saint Peters,468,50 Free,2,24.96,Madison Petricevic,,Gompei Invitational
Saint Peters,468,50 Free,3,25.25,Maddie McKinney,,Gompei Invitational
Saint Peters,468,50 Free,4,25.75,Ele Dalcerri,,Gompei Invitational
Saint Peters,468,50 Free,5,25.90,Niela Dawlett,,Gompei Invitational
Saint Peters,468,50 Free,6,26.53,Gwen Mendez,,Iona vs. Saint Peters
Saint Peters,468,50 Free,7,26.62,Ella Schirtzinger,,SHU Friendgiving Duals
Saint Peters,468,50 Free,8,27.73,Chris Carolin Weiss,,Gompei Invitational
Saint Peters,468,50 Free,9,28.15,Michelle Kaminskas,,St Peters vs Manhattan
Saint Peters,468,50 Free,10,28.50,Francesca Solano Vargas,,Gompei Invitational
Saint Peters,468,500 Free,1,5:22.75,Ella Schirtzinger,,Gompei Invitational
Saint Peters,468,500 Free,2,5:25.07,Gwen Mendez,,Iona vs. Saint Peters
Saint Peters,468,500 Free,3,5:27.30,Maddie McKinney,,St Peters vs Manhattan
Saint Peters,468,500 Free,4,5:29.46,Francesca Solano Vargas,,Gompei Invitational
Saint Peters,468,500 Free,5,5:47.17,Michelle Kaminskas,,SHU Friendgiving Duals
Saint Peters,468,500 Free,6,5:47.21,Chris Carolin Weiss,,Iona vs. Saint Peters
Saint Peters,468,500 Free,7,5:47.39,Hailey Zeszotarski,,Gompei Invitational
Saint Peters,468,500 Free,8,6:17.34,Audrey Franco,,Duquesne vs St Peter
Seattle,90,100 Back,1,57.26,Kaya Lathangue,,NW Collegiate Invitational
Seattle,90,100 Back,2,57.47,Molly Magnuson,,Seattle vs. Air Force
Seattle,90,100 Back,3,58.67,Sam Cazares,,Seattle vs. Pepperdine & Puget Sound
Seattle,90,100 Back,4,58.75,Ailidh Carroll,,NW Collegiate Invitational
Seattle,90,100 Back,5,1:01.29,Arina Zvercova,,NW Collegiate Invitational
Seattle,90,100 Back,6,1:01.68,Kassidy Harris,,NW Collegiate Invitational
Seattle,90,100 Back,7,1:03.05,Maya Ben David,,Seattle vs. Pepperdine & Puget Sound
Seattle,90,100 Back,8,1:04.75,Mia David,,PAC Invite
Seattle,90,100 Breast,1,1:04.75,Delaney Johns,,NW Collegiate Invitational
Seattle,90,100 Breast,2,1:07.55,Makenna Frederiksen,,NW Collegiate Invitational
Seattle,90,100 Breast,3,1:08.30,Lillian Ramberg,,NW Collegiate Invitational
Seattle,90,100 Breast,4,1:09.23,Sam Cazares,,Seattle vs. Idaho
Seattle,90,100 Breast,5,1:09.48,Avery Stanga,,NW Collegiate Invitational
Seattle,90,100 Fly,1,55.46,Amanda Miller,,NW Collegiate Invitational
Seattle,90,100 Fly,2,56.39,Sam Cazares,,NW Collegiate Invitational
Seattle,90,100 Fly,3,57.38,Ailidh Carroll,,NW Collegiate Invitational
Seattle,90,100 Fly,4,1:00.52,Jacquelyn Horning,,NW Collegiate Invitational
Seattle,90,100 Fly,5,1:01.23,Clara Husaby,,Seattle vs. Pepperdine & Puget Sound
Seattle,90,100 Fly,6,1:02.12,Sara Rygula,,NW Collegiate Invitational
Seattle,90,100 Fly,7,1:02.62,Makenna Frederiksen,,Seattle vs. Idaho
Seattle,90,100 Fly,8,1:03.32,Lila McGeachy,,Seattle vs. Pepperdine & Puget Sound
Seattle,90,100 Fly,9,1:03.38,Haylie Kaichi,,Seattle vs. Pepperdine & Puget Sound
Seattle,90,100 Fly,10,1:04.99,Avery Stanga,,NW Collegiate Invitational
Seattle,90,100 Free,1,51.61,Amanda Miller,,NW Collegiate Invitational
Seattle,90,100 Free,2,52.02,Ailidh Carroll,,Seattle vs. Air Force
Seattle,90,100 Free,3,52.83,Mia David,,NW Collegiate Invitational
Seattle,90,100 Free,4,52.94,Giselle Hollis,,NW Collegiate Invitational
Seattle,90,100 Free,5,53.48,Kaya Lathangue,,Seattle vs. Pepperdine & Puget Sound
Seattle,90,100 Free,6,54.27,Maddie Harris,,NW Collegiate Invitational
Seattle,90,100 Free,7,54.31,Sam Cazares,,NW Collegiate Invitational
Seattle,90,100 Free,8,54.74,Makenna Frederiksen,,NW Collegiate Invitational
Seattle,90,100 Free,9,54.92,Jacquelyn Horning,,NW Collegiate Invitational
Seattle,90,100 Free,10,55.85,Maya Ben David,,NW Collegiate Invitational
Seattle,90,1000 Free,1,10:27.13,Lila McGeachy,,Seattle vs. Air Force
Seattle,90,1000 Free,2,11:28.02,Arina Zvercova,,Seattle vs. Air Force
Seattle,90,1000 Free,3,11:31.42,Haylie Kaichi,,Seattle vs. Air Force
Seattle,90,1000 Free,4,11:34.87,Jacquelyn Horning,,PAC Invite
Seattle,90,1650 Free,1,17:35.18,Lila McGeachy,,PAC Invite
Seattle,90,1650 Free,2,18:10.46,Jacquelyn Horning,,NW Collegiate Invitational
Seattle,90,1650 Free,3,19:16.96,Arina Zvercova,,NW Collegiate Invitational
Seattle,90,1650 Free,4,19:18.74,Haylie Kaichi,,NW Collegiate Invitational
Seattle,90,200 Back,1,2:03.42,Molly Magnuson,,Seattle vs. Air Force
Seattle,90,200 Back,2,2:04.35,Kaya Lathangue,,NW Collegiate Invitational
Seattle,90,200 Back,3,2:14.60,Arina Zvercova,,NW Collegiate Invitational
Seattle,90,200 Back,4,2:19.03,Maya Ben David,,Seattle vs. Pepperdine & Puget Sound
Seattle,90,200 Back,5,2:21.12,Mia David,,PAC Invite
Seattle,90,200 Breast,1,2:20.65,Delaney Johns,,NW Collegiate Invitational
Seattle,90,200 Breast,2,2:27.91,Lillian Ramberg,,NW Collegiate Invitational
Seattle,90,200 Breast,3,2:30.69,Avery Stanga,,NW Collegiate Invitational
Seattle,90,200 Breast,4,2:30.82,Makenna Frederiksen,,NW Collegiate Invitational
Seattle,90,200 Fly,1,2:11.61,Lila McGeachy,,Seattle vs. Pepperdine & Puget Sound
Seattle,90,200 Fly,2,2:14.37,Sara Rygula,,Seattle vs. Pepperdine & Puget Sound
Seattle,90,200 Fly,3,2:14.89,Clara Husaby,,Seattle vs. Pepperdine & Puget Sound
Seattle,90,200 Fly,4,2:26.92,Jacquelyn Horning,,PAC Invite
Seattle,90,200 Free,1,1:53.51,Amanda Miller,,Seattle vs. Air Force
Seattle,90,200 Free,2,1:55.37,Giselle Hollis,,NW Collegiate Invitational
Seattle,90,200 Free,3,1:58.83,Maddie Harris,,Seattle vs. Air Force
Seattle,90,200 Free,4,1:59.08,Molly Magnuson,,Seattle vs. Pepperdine & Puget Sound
Seattle,90,200 Free,5,1:59.55,Kaya Lathangue,,Seattle vs. Pepperdine & Puget Sound
Seattle,90,200 Free,6,1:59.72,Mia David,,PAC Invite
Seattle,90,200 Free,7,2:00.57,Lila McGeachy,,PAC Invite
Seattle,90,200 Free,8,2:02.53,Maya Ben David,,NW Collegiate Invitational
Seattle,90,200 Free,9,2:03.47,Jacquelyn Horning,,Seattle vs. Pepperdine & Puget Sound
Seattle,90,200 Free,10,2:04.41,Haylie Kaichi,,Seattle vs. Pepperdine & Puget Sound
Seattle,90,200 Im,1,2:10.98,Sam Cazares,,NW Collegiate Invitational
Seattle,90,200 Im,2,2:11.52,Kaya Lathangue,,NW Collegiate Invitational
Seattle,90,200 Im,3,2:11.88,Clara Husaby,,NW Collegiate Invitational
Seattle,90,200 Im,4,2:13.42,Makenna Frederiksen,,NW Collegiate Invitational
Seattle,90,200 Im,5,2:13.50,Delaney Johns,,NW Collegiate Invitational
Seattle,90,200 Im,6,2:14.51,Lillian Ramberg,,NW Collegiate Invitational
Seattle,90,200 Im,7,2:15.12,Avery Stanga,,NW Collegiate Invitational
Seattle,90,200 Im,8,2:21.91,Jacquelyn Horning,,PAC Invite
Seattle,90,200 Im,9,2:22.90,Lila McGeachy,,Seattle vs. Idaho
Seattle,90,200 Im,10,2:26.17,Haylie Kaichi,,Seattle vs. Idaho
Seattle,90,400 Im,1,4:40.79,Clara Husaby,,Seattle vs. Pepperdine & Puget Sound
Seattle,90,400 Im,2,4:42.07,Lila McGeachy,,Seattle vs. Pepperdine & Puget Sound
Seattle,90,400 Im,3,4:50.39,Avery Stanga,,NW Collegiate Invitational
Seattle,90,400 Im,4,4:59.60,Haylie Kaichi,,Seattle vs. Pepperdine & Puget Sound
Seattle,90,50 Free,1,23.71,Mia David,,NW Collegiate Invitational
Seattle,90,50 Free,2,23.80,Amanda Miller,,NW Collegiate Invitational
Seattle,90,50 Free,3,24.04,Ailidh Carroll,,NW Collegiate Invitational
Seattle,90,50 Free,4,24.72,Sam Cazares,,NW Collegiate Invitational
Seattle,90,50 Free,5,25.26,Lillian Ramberg,,NW Collegiate Invitational
Seattle,90,50 Free,6,25.27,Maddie Harris,,NW Collegiate Invitational
Seattle,90,50 Free,7,25.31,Kassidy Harris,,NW Collegiate Invitational
Seattle,90,50 Free,8,25.62,Giselle Hollis,,Seattle vs. Pepperdine & Puget Sound
Seattle,90,50 Free,9,25.82,Maya Ben David,,Seattle vs. Pepperdine & Puget Sound
Seattle,90,50 Free,10,26.00,Kaya Lathangue,,Seattle vs. Pepperdine & Puget Sound
Seattle,90,500 Free,1,5:07.87,Giselle Hollis,,NW Collegiate Invitational
Seattle,90,500 Free,2,5:08.67,Lila McGeachy,,NW Collegiate Invitational
Seattle,90,500 Free,3,5:18.19,Molly Magnuson,,NW Collegiate Invitational
Seattle,90,500 Free,4,5:21.45,Kaya Lathangue,,Seattle vs. Pepperdine & Puget Sound
Seattle,90,500 Free,5,5:27.68,Jacquelyn Horning,,NW Collegiate Invitational
Seattle,90,500 Free,6,5:29.83,Haylie Kaichi,,NW Collegiate Invitational
Seattle,90,500 Free,7,5:30.42,Arina Zvercova,,NW Collegiate Invitational
Seattle,90,500 Free,8,5:30.45,Maya Ben David,,Seattle vs. Pepperdine & Puget Sound
Seattle,90,500 Free,9,5:33.83,Sara Rygula,,NW Collegiate Invitational
Seton Hall,462,100 Back,1,56.34,Bianka Bukovics,,Bucknell Invitational
Seton Hall,462,100 Back,2,56.69,Lindsay Naber,,Bucknell Invitational
Seton Hall,462,100 Back,3,1:01.17,Charlotte Skoug,,Bucknell Invitational
Seton Hall,462,100 Breast,1,1:03.90,Yosun Hacifazlioglu,,Bucknell Invitational
Seton Hall,462,100 Breast,2,1:05.36,Naima Hazell,,Bucknell Invitational
Seton Hall,462,100 Breast,3,1:05.99,Ella Drakulich,,Bucknell Fall Invite
Seton Hall,462,100 Breast,4,1:07.46,Skylar Hay,,Bucknell Fall Invite
Seton Hall,462,100 Fly,1,55.64,Soluna Lim,,Bucknell Invitational
Seton Hall,462,100 Fly,2,56.00,Lindsay Naber,,Bucknell Invitational
Seton Hall,462,100 Fly,3,58.59,Hannah Pronk,,Bucknell Fall Invite
Seton Hall,462,100 Fly,4,1:00.68,Avery Althouse,,Seton Hall vs. Towson
Seton Hall,462,100 Fly,5,1:01.78,Charlotte Skoug,,Bucknell Fall Invite
Seton Hall,462,100 Fly,6,1:04.59,Katelyn Morrow,,Bucknell Fall Invite
Seton Hall,462,100 Free,1,52.32,Lindsay Naber,,Bucknell Invitational
Seton Hall,462,100 Free,2,52.58,Soluna Lim,,Bucknell Fall Invite
Seton Hall,462,100 Free,3,52.85,Skylar Hay,,Bucknell Invitational
Seton Hall,462,100 Free,4,54.10,Ella Drakulich,,Bucknell Fall Invite
Seton Hall,462,100 Free,5,54.55,Carys Graville,,Bucknell Invitational
Seton Hall,462,100 Free,6,55.31,Naima Hazell,,Bucknell Fall Invite
Seton Hall,462,100 Free,7,55.38,Hannah Pronk,,Seton Hall vs. Wagner
Seton Hall,462,100 Free,8,55.76,Charlotte Skoug,,Bucknell Invitational
Seton Hall,462,100 Free,9,56.77,Zeynep Aysoy,,Seton Hall vs. Towson
Seton Hall,462,100 Free,10,58.58,Yosun Hacifazlioglu,,Seton Hall vs. Lehigh
Seton Hall,462,1000 Free,1,10:23.44,Zeynep Aysoy,,Bucknell Invitational
Seton Hall,462,1000 Free,2,10:51.69,Katelyn Morrow,,Bucknell Invitational
Seton Hall,462,1650 Free,1,17:15.06,Zeynep Aysoy,,Bucknell Invitational
Seton Hall,462,1650 Free,2,18:00.62,Katelyn Morrow,,Bucknell Invitational
Seton Hall,462,200 Back,1,2:01.66,Bianka Bukovics,,Bucknell Invitational
Seton Hall,462,200 Back,2,2:03.61,Lindsay Naber,,Bucknell Invitational
Seton Hall,462,200 Back,3,2:19.03,Charlotte Skoug,,Seton Hall vs. Wagner
Seton Hall,462,200 Breast,1,2:24.66,Ella Drakulich,,Bucknell Fall Invite
Seton Hall,462,200 Breast,2,2:24.94,Yosun Hacifazlioglu,,Bucknell Invitational
Seton Hall,462,200 Fly,1,2:04.80,Soluna Lim,,Bucknell Invitational
Seton Hall,462,200 Fly,2,2:09.19,Hannah Pronk,,Bucknell Invitational
Seton Hall,462,200 Fly,3,2:15.17,Avery Althouse,,Bucknell Fall Invite
Seton Hall,462,200 Free,1,1:54.41,Zeynep Aysoy,,Bucknell Invitational
Seton Hall,462,200 Free,2,1:55.09,Carys Graville,,Bucknell Fall Invite
Seton Hall,462,200 Free,3,1:57.48,Skylar Hay,,Bucknell Invitational
Seton Hall,462,200 Free,4,1:59.78,Avery Althouse,,Seton Hall vs. Lehigh
Seton Hall,462,200 Free,5,2:06.67,Katelyn Morrow,,Seton Hall vs. Towson
Seton Hall,462,200 Im,1,2:05.89,Bianka Bukovics,,Bucknell Invitational
Seton Hall,462,200 Im,2,2:08.31,Lindsay Naber,,Bucknell Invitational
Seton Hall,462,200 Im,3,2:08.89,Soluna Lim,,Bucknell Invitational
Seton Hall,462,200 Im,4,2:09.20,Ella Drakulich,,Seton Hall vs. Villanova
Seton Hall,462,200 Im,5,2:09.82,Hannah Pronk,,Bucknell Fall Invite
Seton Hall,462,400 Im,1,4:49.00,Katelyn Morrow,,Bucknell Fall Invite
Seton Hall,462,50 Free,1,23.21,Naima Hazell,,Bucknell Fall Invite
Seton Hall,462,50 Free,2,24.39,Skylar Hay,,Bucknell Invitational
Seton Hall,462,50 Free,3,24.52,Carys Graville,,Bucknell Invitational
Seton Hall,462,50 Free,4,24.57,Bianka Bukovics,,Bucknell Invitational
Seton Hall,462,50 Free,5,24.92,Yosun Hacifazlioglu,,Bucknell Invitational
Seton Hall,462,50 Free,6,24.96,Lindsay Naber,,Bucknell Invitational
Seton Hall,462,50 Free,7,25.20,Hannah Pronk,,Bucknell Fall Invite
Seton Hall,462,50 Free,8,25.24,Charlotte Skoug,,Bucknell Invitational
Seton Hall,462,50 Free,9,25.39,Avery Althouse,,Bucknell Fall Invite
Seton Hall,462,50 Free,10,25.43,Soluna Lim,,Seton Hall vs. Lehigh
Seton Hall,462,500 Free,1,4:59.36,Zeynep Aysoy,,Bucknell Invitational
Seton Hall,462,500 Free,2,5:12.66,Katelyn Morrow,,Bucknell Invitational
South Dakota State,451,100 Back,1,56.54,Lucia Lopez,,UST Tommie Invitational
South Dakota State,451,100 Back,2,58.11,Lily Esmas,,UST Tommie Invitational
South Dakota State,451,100 Back,3,58.95,Kailee Crane,,UST Tommie Invitational
South Dakota State,451,100 Back,4,59.33,Isabella Gnewuch,,UST Tommie Invitational
South Dakota State,451,100 Back,5,59.89,Hannah Warmbrand,,UST Tommie Invitational
South Dakota State,451,100 Back,6,1:00.36,Brooklyn Flemming,,UST Tommie Invitational
South Dakota State,451,100 Back,7,1:01.14,Marissa Renaud,,"South Dakota State vs. Augustana (SD), Northern State"
South Dakota State,451,100 Back,8,1:02.16,Maven Moore,,UST Tommie Invitational
South Dakota State,451,100 Back,9,1:02.80,Jocelyn Wilson,,"South Dakota State vs. Augustana (SD), Northern State"
South Dakota State,451,100 Back,10,1:03.50,Makenzie Peter,,"South Dakota State vs. Augustana (SD), Northern State"
South Dakota State,451,100 Breast,1,1:03.35,Hannah Miller,,UST Tommie Invitational
South Dakota State,451,100 Breast,2,1:04.07,Marissa Branham,,UST Tommie Invitational
South Dakota State,451,100 Breast,3,1:04.31,Jessalyn Carpenter,,UST Tommie Invitational
South Dakota State,451,100 Breast,4,1:07.07,Makenzie Peter,,UST Tommie Invitational
South Dakota State,451,100 Breast,5,1:07.67,Maven Moore,,UST Tommie Invitational
South Dakota State,451,100 Breast,6,1:08.55,Ava Humphrey,,UST Tommie Invitational
South Dakota State,451,100 Breast,7,1:09.16,Annabelle MacAdams,,UST Tommie Invitational
South Dakota State,451,100 Breast,8,1:09.41,Olivia Stikeleather,,UST Tommie Invitational
South Dakota State,451,100 Breast,9,1:13.07,Elyse Jahn,,"South Dakota State vs. Augustana (SD), Northern State"
South Dakota State,451,100 Fly,1,55.22,Jenna Currier,,UST Tommie Invitational
South Dakota State,451,100 Fly,2,57.26,Sara Juez Delgado,,UST Tommie Invitational
South Dakota State,451,100 Fly,3,57.49,Emma Ingalls,,UST Tommie Invitational
South Dakota State,451,100 Fly,4,57.76,Isabella Gnewuch,,UST Tommie Invitational
South Dakota State,451,100 Fly,5,58.13,Aubrey Douds,,UST Tommie Invitational
South Dakota State,451,100 Fly,6,58.61,Hannah Warmbrand,,UST Tommie Invitational
South Dakota State,451,100 Fly,7,58.82,Katie Dunn,,UST Tommie Invitational
South Dakota State,451,100 Fly,8,58.86,Jessalyn Carpenter,,UST Tommie Invitational
South Dakota State,451,100 Fly,9,59.38,Grace Dawson,,UST Tommie Invitational
South Dakota State,451,100 Fly,10,1:00.05,Hails Creary,,UST Tommie Invitational
South Dakota State,451,100 Free,1,50.98,Jenna Currier,,UST Tommie Invitational
South Dakota State,451,100 Free,2,51.53,Gigi Hioki,,UST Tommie Invitational
South Dakota State,451,100 Free,3,51.98,Hannah Miller,,UST Tommie Invitational
South Dakota State,451,100 Free,4,52.48,Sara Juez Delgado,,UST Tommie Invitational
South Dakota State,451,100 Free,5,53.06,Aubrey Douds,,UST Tommie Invitational
South Dakota State,451,100 Free,6,53.23,Marissa Renaud,,UST Tommie Invitational
South Dakota State,451,100 Free,7,53.28,Hails Creary,,UST Tommie Invitational
South Dakota State,451,100 Free,8,53.31,Mia Pendleton,,"Nebraska vs. Omaha, South Dakota State"
South Dakota State,451,100 Free,9,54.20,Lily Esmas,,UST Tommie Invitational
South Dakota State,451,100 Free,10,54.24,Mallory Knutson,,UST Tommie Invitational
South Dakota State,451,1000 Free,1,10:42.02,Kaylen Torrence,,UST Tommie Invitational
South Dakota State,451,1000 Free,2,10:45.19,Marissa Renaud,,UST Tommie Invitational
South Dakota State,451,1000 Free,3,10:47.01,Poppy Mead,,UST Tommie Invitational
South Dakota State,451,1000 Free,4,10:55.29,Elyse Jahn,,UST Tommie Invitational
South Dakota State,451,1000 Free,5,11:46.60,Noelani Molina De la Rosa,,South Dakota State vs. Augustana (SD)
South Dakota State,451,1650 Free,1,17:42.59,Kaylen Torrence,,UST Tommie Invitational
South Dakota State,451,1650 Free,2,17:50.88,Marissa Renaud,,UST Tommie Invitational
South Dakota State,451,1650 Free,3,17:51.16,Poppy Mead,,UST Tommie Invitational
South Dakota State,451,1650 Free,4,18:09.01,Elyse Jahn,,UST Tommie Invitational
South Dakota State,451,200 Back,1,2:01.63,Lucia Lopez,,UST Tommie Invitational
South Dakota State,451,200 Back,2,2:05.07,Lily Esmas,,UST Tommie Invitational
South Dakota State,451,200 Back,3,2:07.22,Kailee Crane,,UST Tommie Invitational
South Dakota State,451,200 Back,4,2:10.99,Brooklyn Flemming,,UST Tommie Invitational
South Dakota State,451,200 Back,5,2:11.31,Hannah Warmbrand,,UST Tommie Invitational
South Dakota State,451,200 Back,6,2:12.83,Marissa Renaud,,Coyote Extravaganza
South Dakota State,451,200 Back,7,2:14.92,Isabella Gnewuch,,Coyote Extravaganza
South Dakota State,451,200 Breast,1,2:18.23,Marissa Branham,,UST Tommie Invitational
South Dakota State,451,200 Breast,2,2:24.46,Annabelle MacAdams,,UST Tommie Invitational
South Dakota State,451,200 Breast,3,2:26.27,Maven Moore,,UST Tommie Invitational
South Dakota State,451,200 Breast,4,2:26.34,Jessalyn Carpenter,,UST Tommie Invitational
South Dakota State,451,200 Breast,5,2:27.05,Makenzie Peter,,UST Tommie Invitational
South Dakota State,451,200 Breast,6,2:29.61,Ava Humphrey,,UST Tommie Invitational
South Dakota State,451,200 Breast,7,2:30.55,Olivia Stikeleather,,UST Tommie Invitational
South Dakota State,451,200 Fly,1,2:06.59,Emma Ingalls,,UST Tommie Invitational
South Dakota State,451,200 Fly,2,2:06.99,Poppy Mead,,UST Tommie Invitational
South Dakota State,451,200 Fly,3,2:11.31,Isabella Gnewuch,,UST Tommie Invitational
South Dakota State,451,200 Fly,4,2:12.09,Katie Dunn,,UST Tommie Invitational
South Dakota State,451,200 Fly,5,2:17.26,Hannah Warmbrand,,UST Tommie Invitational
South Dakota State,451,200 Fly,6,2:17.29,Grace Dawson,,UST Tommie Invitational
South Dakota State,451,200 Free,1,1:52.31,Gigi Hioki,,UST Tommie Invitational
South Dakota State,451,200 Free,2,1:54.39,Aubrey Douds,,UST Tommie Invitational
South Dakota State,451,200 Free,3,1:54.51,Hannah Miller,,UST Tommie Invitational
South Dakota State,451,200 Free,4,1:56.16,Marissa Renaud,,UST Tommie Invitational
South Dakota State,451,200 Free,5,1:56.69,Sara Juez Delgado,,UST Tommie Invitational
South Dakota State,451,200 Free,6,1:58.93,Katie Dunn,,UST Tommie Invitational
South Dakota State,451,200 Free,7,1:58.98,Lucia Lopez,,UST Tommie Invitational
South Dakota State,451,200 Free,8,2:00.12,Mallory Knutson,,"Minnesota vs. St Thomas, South Dakota"
South Dakota State,451,200 Free,9,2:00.60,Kaylen Torrence,,UST Tommie Invitational
South Dakota State,451,200 Free,10,2:01.31,Elyse Jahn,,UST Tommie Invitational
South Dakota State,451,200 Im,1,2:06.64,Emma Ingalls,,UST Tommie Invitational
South Dakota State,451,200 Im,2,2:06.92,Marissa Branham,,UST Tommie Invitational
South Dakota State,451,200 Im,3,2:07.74,Kailee Crane,,UST Tommie Invitational
South Dakota State,451,200 Im,4,2:07.82,Hails Creary,,UST Tommie Invitational
South Dakota State,451,200 Im,5,2:08.82,Mallory Knutson,,UST Tommie Invitational
South Dakota State,451,200 Im,6,2:08.87,Annabelle MacAdams,,UST Tommie Invitational
South Dakota State,451,200 Im,7,2:11.32,Jessalyn Carpenter,,UST Tommie Invitational
South Dakota State,451,200 Im,8,2:12.06,Makenzie Peter,,UST Tommie Invitational
South Dakota State,451,200 Im,9,2:13.09,Maven Moore,,UST Tommie Invitational
South Dakota State,451,200 Im,10,2:13.52,Isabella Gnewuch,,"South Dakota State vs. Augustana (SD), Northern State"
South Dakota State,451,400 Im,1,4:31.06,Hails Creary,,UST Tommie Invitational
South Dakota State,451,400 Im,2,4:31.87,Emma Ingalls,,UST Tommie Invitational
South Dakota State,451,400 Im,3,4:36.07,Poppy Mead,,UST Tommie Invitational
South Dakota State,451,400 Im,4,4:36.55,Annabelle MacAdams,,UST Tommie Invitational
South Dakota State,451,400 Im,5,4:36.64,Kailee Crane,,UST Tommie Invitational
South Dakota State,451,400 Im,6,4:36.67,Mallory Knutson,,UST Tommie Invitational
South Dakota State,451,400 Im,7,4:42.67,Marissa Branham,,UST Tommie Invitational
South Dakota State,451,400 Im,8,4:50.44,Isabella Gnewuch,,Coyote Extravaganza
South Dakota State,451,400 Im,9,4:51.47,Makenzie Peter,,Coyote Extravaganza
South Dakota State,451,400 Im,10,4:54.24,Maven Moore,,Coyote Extravaganza
South Dakota State,451,50 Free,1,23.30,Jenna Currier,,UST Tommie Invitational
South Dakota State,451,50 Free,2,23.82,Hannah Miller,,UST Tommie Invitational
South Dakota State,451,50 Free,3,23.89,Sara Juez Delgado,,UST Tommie Invitational
South Dakota State,451,50 Free,4,24.19,Gigi Hioki,,UST Tommie Invitational
South Dakota State,451,50 Free,5,24.23,Mia Pendleton,,UST Tommie Invitational
South Dakota State,451,50 Free,6,24.33,Aubrey Douds,,UST Tommie Invitational
South Dakota State,451,50 Free,7,24.48,Lucia Lopez,,UST Tommie Invitational
South Dakota State,451,50 Free,8,24.54,Hails Creary,,UST Tommie Invitational
South Dakota State,451,50 Free,9,24.67,Lily Esmas,,UST Tommie Invitational
South Dakota State,451,50 Free,10,25.20,Jocelyn Wilson,,UST Tommie Invitational
South Dakota State,451,500 Free,1,5:04.97,Gigi Hioki,,UST Tommie Invitational
South Dakota State,451,500 Free,2,5:10.71,Kaylen Torrence,,UST Tommie Invitational
South Dakota State,451,500 Free,3,5:11.82,Marissa Renaud,,UST Tommie Invitational
South Dakota State,451,500 Free,4,5:12.14,Poppy Mead,,UST Tommie Invitational
South Dakota State,451,500 Free,5,5:14.32,Elyse Jahn,,UST Tommie Invitational
South Dakota State,451,500 Free,6,5:16.65,Isabella Gnewuch,,UST Tommie Invitational
South Dakota State,451,500 Free,7,5:18.61,Lucia Lopez,,UST Tommie Invitational
South Dakota State,451,500 Free,8,5:19.89,Katie Dunn,,UST Tommie Invitational
South Dakota State,451,500 Free,9,5:27.57,Noelani Molina De la Rosa,,South Dakota State vs. Iowa State
South Dakota State,451,500 Free,10,5:30.23,Emma Ingalls,,"South Dakota State vs. Augustana (SD), Northern State"
Southern Illinois,453,100 Back,1,53.88,Liseska Gallegos Gutierrez,,Mizzou Invitational
Southern Illinois,453,100 Back,2,55.98,Tia Jankovics,,Mizzou Invitational
Southern Illinois,453,100 Back,3,56.39,Andrea Santos Arambula,,SIU A3 Performance Invite
Southern Illinois,453,100 Back,4,57.81,Brooklyn Anderson,,Mizzou Invitational
Southern Illinois,453,100 Back,5,58.05,Molly Henry,,Southern Illinois vs. Vanderbilt
Southern Illinois,453,100 Breast,1,59.42,Olivia Herron,,Mizzou Invitational
Southern Illinois,453,100 Breast,2,1:01.65,Madalyn Booker,,Southern Illinois vs. Evansville vs. Indiana State
Southern Illinois,453,100 Breast,3,1:02.83,Ava Rines,,Mizzou Invitational
Southern Illinois,453,100 Breast,4,1:05.10,Ellie Shaw,,SIU A3 Performance Invite
Southern Illinois,453,100 Breast,5,1:07.08,Kathryn Chaves,,SIU A3 Performance Invite
Southern Illinois,453,100 Fly,1,54.43,Liseska Gallegos Gutierrez,,Southern Illinois vs. McKendree
Southern Illinois,453,100 Fly,2,55.28,Zaria Terry,,Mizzou Invitational
Southern Illinois,453,100 Fly,3,55.61,Olivia Herron,,UIC vs SIU
Southern Illinois,453,100 Fly,4,55.69,Masha Zhukova,,SIU A3 Performance Invite
Southern Illinois,453,100 Fly,5,56.77,Brooklyn Anderson,,"Illinois vs. ISU, SIU"
Southern Illinois,453,100 Fly,6,56.93,Tamara DE LA Torre Clavel,,SIU A3 Performance Invite
Southern Illinois,453,100 Fly,7,57.62,Tia Jankovics,,Mizzou Invitational
Southern Illinois,453,100 Fly,8,57.82,Molly Henry,,SIU A3 Performance Invite
Southern Illinois,453,100 Fly,9,58.05,Livia Munkacsi-Nagy,,SIU A3 Performance Invite
Southern Illinois,453,100 Fly,10,58.06,Sam Vega,,"Illinois vs. ISU, SIU"
Southern Illinois,453,100 Free,1,49.10,Susana Hernandez Barradas,,Mizzou Invitational
Southern Illinois,453,100 Free,2,49.63,Zaria Terry,,Mizzou Invitational
Southern Illinois,453,100 Free,3,51.05,Liseska Gallegos Gutierrez,,SIU A3 Performance Invite
Southern Illinois,453,100 Free,4,51.12,Masha Zhukova,,Mizzou Invitational
Southern Illinois,453,100 Free,5,51.37,Ava Rines,,SIU A3 Performance Invite
Southern Illinois,453,100 Free,6,51.95,Jocelyn Reynolds,,SIU A3 Performance Invite
Southern Illinois,453,100 Free,7,52.02,Livia Munkacsi-Nagy,,MO State vs. SIU
Southern Illinois,453,100 Free,8,53.27,Tia Jankovics,,Southern Illinois vs. McKendree
Southern Illinois,453,100 Free,9,54.01,Claire Schultz,,SIU A3 Performance Invite
Southern Illinois,453,100 Free,10,54.48,Alejandra Hoyos Horvath,,SIU A3 Performance Invite
Southern Illinois,453,1000 Free,1,10:10.51,Livia Munkacsi-Nagy,,UIC vs SIU
Southern Illinois,453,1000 Free,2,10:28.74,Autumn Milford,,"Illinois vs. ISU, SIU"
Southern Illinois,453,1000 Free,3,10:37.00,Alejandra Hoyos Horvath,,UIC vs SIU
Southern Illinois,453,1000 Free,4,10:54.98,Kathryn Chaves,,Southern Illinois vs. McKendree
Southern Illinois,453,1000 Free,5,10:58.02,Karen Rodriguez,,MO State vs. SIU
Southern Illinois,453,1650 Free,1,16:58.00,Livia Munkacsi-Nagy,,SIU A3 Performance Invite
Southern Illinois,453,1650 Free,2,17:40.51,Alejandra Hoyos Horvath,,SIU A3 Performance Invite
Southern Illinois,453,200 Back,1,1:56.33,Liseska Gallegos Gutierrez,,Mizzou Invitational
Southern Illinois,453,200 Back,2,1:59.04,Brooklyn Anderson,,SIU A3 Performance Invite
Southern Illinois,453,200 Back,3,2:00.47,Tia Jankovics,,Southern Illinois vs. Evansville vs. Indiana State
Southern Illinois,453,200 Back,4,2:01.11,Andrea Santos Arambula,,SIU A3 Performance Invite
Southern Illinois,453,200 Back,5,2:01.99,Livia Munkacsi-Nagy,,Mizzou Invitational
Southern Illinois,453,200 Back,6,2:08.40,Alejandra Hoyos Horvath,,"Illinois vs. ISU, SIU"
Southern Illinois,453,200 Back,7,2:09.52,Molly Henry,,SIU A3 Performance Invite
Southern Illinois,453,200 Breast,1,2:08.08,Olivia Herron,,Mizzou Invitational
Southern Illinois,453,200 Breast,2,2:14.33,Madalyn Booker,,Mizzou Invitational
Southern Illinois,453,200 Breast,3,2:21.26,Brooklyn Anderson,,Southern Illinois vs. McKendree
Southern Illinois,453,200 Breast,4,2:22.77,Ellie Shaw,,SIU A3 Performance Invite
Southern Illinois,453,200 Breast,5,2:23.54,Karen Rodriguez,,Southern Illinois vs. McKendree
Southern Illinois,453,200 Breast,6,2:24.61,Kathryn Chaves,,Southern Illinois vs. Evansville vs. Indiana State
Southern Illinois,453,200 Fly,1,1:58.54,Olivia Herron,,Southern Illinois vs. McKendree
Southern Illinois,453,200 Fly,2,2:02.37,Brooklyn Anderson,,Southern Illinois vs. Vanderbilt
Southern Illinois,453,200 Fly,3,2:04.04,Tamara DE LA Torre Clavel,,SIU A3 Performance Invite
Southern Illinois,453,200 Fly,4,2:05.75,Karen Rodriguez,,SIU A3 Performance Invite
Southern Illinois,453,200 Fly,5,2:06.69,Sam Vega,,SIU A3 Performance Invite
Southern Illinois,453,200 Free,1,1:47.68,Susana Hernandez Barradas,,Mizzou Invitational
Southern Illinois,453,200 Free,2,1:51.33,Livia Munkacsi-Nagy,,Southern Illinois vs. McKendree
Southern Illinois,453,200 Free,3,1:52.39,Karen Rodriguez,,Southern Illinois vs. Vanderbilt
Southern Illinois,453,200 Free,4,1:52.99,Brooklyn Anderson,,Southern Illinois vs. McKendree
Southern Illinois,453,200 Free,5,1:53.43,Jocelyn Reynolds,,SIU A3 Performance Invite
Southern Illinois,453,200 Free,6,1:54.92,Olivia Herron,,MO State vs. SIU
Southern Illinois,453,200 Free,7,1:55.37,Alejandra Hoyos Horvath,,"Illinois vs. ISU, SIU"
Southern Illinois,453,200 Free,8,1:57.17,Kathryn Chaves,,SIU A3 Performance Invite
Southern Illinois,453,200 Im,1,1:57.20,Olivia Herron,,Mizzou Invitational
Southern Illinois,453,200 Im,2,2:01.61,Brooklyn Anderson,,Mizzou Invitational
Southern Illinois,453,200 Im,3,2:02.29,Liseska Gallegos Gutierrez,,SIU A3 Performance Invite
Southern Illinois,453,200 Im,4,2:02.43,Livia Munkacsi-Nagy,,Mizzou Invitational
Southern Illinois,453,200 Im,5,2:04.10,Tia Jankovics,,SIU A3 Performance Invite
Southern Illinois,453,200 Im,6,2:05.78,Madalyn Booker,,SIU A3 Performance Invite
Southern Illinois,453,200 Im,7,2:07.13,Sam Vega,,SIU A3 Performance Invite
Southern Illinois,453,200 Im,8,2:09.31,Ellie Shaw,,SIU A3 Performance Invite
Southern Illinois,453,200 Im,9,2:10.16,Andrea Santos Arambula,,SIU A3 Performance Invite
Southern Illinois,453,200 Im,10,2:10.52,Karen Rodriguez,,MO State vs. SIU
Southern Illinois,453,400 Im,1,4:12.81,Olivia Herron,,Southern Illinois vs. McKendree
Southern Illinois,453,400 Im,2,4:15.63,Livia Munkacsi-Nagy,,SIU A3 Performance Invite
Southern Illinois,453,400 Im,3,4:16.13,Brooklyn Anderson,,Mizzou Invitational
Southern Illinois,453,400 Im,4,4:29.99,Karen Rodriguez,,SIU A3 Performance Invite
Southern Illinois,453,400 Im,5,4:30.95,Sam Vega,,Southern Illinois vs. McKendree
Southern Illinois,453,400 Im,6,4:33.50,Alejandra Hoyos Horvath,,SIU A3 Performance Invite
Southern Illinois,453,400 Im,7,4:39.39,Tamara DE LA Torre Clavel,,Southern Illinois vs. McKendree
Southern Illinois,453,400 Im,8,4:40.55,Kathryn Chaves,,Southern Illinois vs. McKendree
Southern Illinois,453,50 Free,1,22.81,Susana Hernandez Barradas,,Mizzou Invitational
Southern Illinois,453,50 Free,2,22.91,Zaria Terry,,Mizzou Invitational
Southern Illinois,453,50 Free,3,23.28,Ava Rines,,Mizzou Invitational
Southern Illinois,453,50 Free,4,23.40,Masha Zhukova,,Mizzou Invitational
Southern Illinois,453,50 Free,5,23.83,Jocelyn Reynolds,,Southern Illinois vs. McKendree
Southern Illinois,453,50 Free,6,23.93,Livia Munkacsi-Nagy,,Southern Illinois vs. Evansville vs. Indiana State
Southern Illinois,453,50 Free,7,24.46,Claire Schultz,,Southern Illinois vs. Evansville vs. Indiana State
Southern Illinois,453,50 Free,8,24.77,Liseska Gallegos Gutierrez,,SIU A3 Performance Invite
Southern Illinois,453,50 Free,9,24.83,Freedom Toll,,Southern Illinois vs. Vanderbilt
Southern Illinois,453,50 Free,10,25.18,Ellie Shaw,,Southern Illinois vs. Evansville vs. Indiana State
Southern Illinois,453,500 Free,1,4:51.73,Livia Munkacsi-Nagy,,Mizzou Invitational
Southern Illinois,453,500 Free,2,5:02.24,Karen Rodriguez,,SIU A3 Performance Invite
Southern Illinois,453,500 Free,3,5:02.72,Alejandra Hoyos Horvath,,UIC vs SIU
Southern Illinois,453,500 Free,4,5:03.79,Autumn Milford,,UIC vs SIU
Southern Illinois,453,500 Free,5,5:13.48,Kathryn Chaves,,SIU A3 Performance Invite
Southern Methodist,75,100 Back,1,53.25,Jimena Leal,,SMU Invitational
Southern Methodist,75,100 Back,2,54.90,Summer Osborne,,"SMU vs Arizona, TCU"
Southern Methodist,75,100 Back,3,55.62,Maddie Reynolds,,SMU Invitational
Southern Methodist,75,100 Back,4,56.04,Karly Boles,,SMU Classic
Southern Methodist,75,100 Back,5,57.01,Madeleine Hebert,,"SMU vs Arizona, TCU"
Southern Methodist,75,100 Breast,1,1:00.95,Izzy Krantzcke,,SMU Invitational
Southern Methodist,75,100 Breast,2,1:03.83,Chloe Corbin,,Arkansas vs SMU
Southern Methodist,75,100 Fly,1,53.38,AnneMarie Vlaic,,SMU Invitational
Southern Methodist,75,100 Fly,2,54.55,Cassidy Allison,,SMU Invitational
Southern Methodist,75,100 Fly,3,54.69,Chloe Corbin,,SMU Invitational
Southern Methodist,75,100 Fly,4,54.91,Jimena Leal,,"SMU vs Arizona, TCU"
Southern Methodist,75,100 Fly,5,58.91,Izzy Krantzcke,,SMU Classic
Southern Methodist,75,100 Fly,6,59.89,Carlotta Scarpitti,,SMU Invitational
Southern Methodist,75,100 Free,1,48.23,Maddy Parker,,SMU Invitational
Southern Methodist,75,100 Free,2,49.24,Summer Osborne,,SMU v OCU v UIW v UNT
Southern Methodist,75,100 Free,3,50.25,Chloe Corbin,,SMU vs Texas A&M
Southern Methodist,75,100 Free,4,51.15,Maddie Reynolds,,SMU Invitational
Southern Methodist,75,100 Free,5,51.40,Karly Boles,,"SMU vs Arizona, TCU"
Southern Methodist,75,100 Free,6,51.74,Madeleine Hebert,,SMU vs Texas A&M
Southern Methodist,75,100 Free,7,52.42,AnneMarie Vlaic,,SMU v OCU v UIW v UNT
Southern Methodist,75,1000 Free,1,10:06.60,Karly Boles,,Arkansas vs SMU
Southern Methodist,75,1000 Free,2,10:09.34,Madeleine Hebert,,SMU Invitational
Southern Methodist,75,1650 Free,1,16:44.82,Karly Boles,,SMU Invitational
Southern Methodist,75,1650 Free,2,16:48.34,Madeleine Hebert,,SMU Invitational
Southern Methodist,75,200 Back,1,1:55.27,Jimena Leal,,SMU Invitational
Southern Methodist,75,200 Back,2,2:02.25,Karly Boles,,"SMU vs Arizona, TCU"
Southern Methodist,75,200 Back,3,2:06.55,Maddie Reynolds,,SMU v OCU v UIW v UNT
Southern Methodist,75,200 Breast,1,2:13.27,Izzy Krantzcke,,SMU Invitational
Southern Methodist,75,200 Breast,2,2:25.08,Carlotta Scarpitti,,SMU Invitational
Southern Methodist,75,200 Fly,1,1:56.40,AnneMarie Vlaic,,SMU Invitational
Southern Methodist,75,200 Fly,2,2:00.54,Cassidy Allison,,"SMU vs Arizona, TCU"
Southern Methodist,75,200 Fly,3,2:03.42,Jimena Leal,,"SMU vs Arizona, TCU"
Southern Methodist,75,200 Fly,4,2:08.65,Carlotta Scarpitti,,SMU vs Texas A&M
Southern Methodist,75,200 Free,1,1:46.09,Summer Osborne,,SMU Invitational
Southern Methodist,75,200 Free,2,1:46.82,Maddy Parker,,SMU Invitational
Southern Methodist,75,200 Free,3,1:48.24,Madeleine Hebert,,SMU Invitational
Southern Methodist,75,200 Free,4,1:49.58,Karly Boles,,SMU Invitational
Southern Methodist,75,200 Free,5,1:50.12,Cassidy Allison,,SMU Invitational
Southern Methodist,75,200 Free,6,1:50.95,Maddie Reynolds,,SMU Invitational
Southern Methodist,75,200 Im,1,2:01.48,Izzy Krantzcke,,SMU Invitational
Southern Methodist,75,200 Im,2,2:03.59,Cassidy Allison,,"SMU vs Arizona, TCU"
Southern Methodist,75,200 Im,3,2:07.36,AnneMarie Vlaic,,Arkansas vs SMU
Southern Methodist,75,200 Im,4,2:08.53,Carlotta Scarpitti,,SMU Invitational
Southern Methodist,75,200 Im,5,2:10.46,Maddie Reynolds,,"SMU vs Arizona, TCU"
Southern Methodist,75,400 Im,1,4:25.91,Izzy Krantzcke,,SMU Classic
Southern Methodist,75,400 Im,2,4:28.73,AnneMarie Vlaic,,"SMU vs Arizona, TCU"
Southern Methodist,75,400 Im,3,4:31.58,Carlotta Scarpitti,,SMU Invitational
Southern Methodist,75,50 Free,1,22.10,Maddy Parker,,SMU Invitational
Southern Methodist,75,50 Free,2,22.76,Summer Osborne,,SMU vs Texas A&M
Southern Methodist,75,50 Free,3,23.03,Chloe Corbin,,SMU Invitational
Southern Methodist,75,50 Free,4,23.66,Jimena Leal,,SMU Invitational
Southern Methodist,75,50 Free,5,23.68,Madeleine Hebert,,Arkansas vs SMU
Southern Methodist,75,50 Free,6,23.76,Cassidy Allison,,SMU Classic
Southern Methodist,75,50 Free,7,23.90,Maddie Reynolds,,"SMU vs Arizona, TCU"
Southern Methodist,75,50 Free,8,24.07,Karly Boles,,"SMU vs Arizona, TCU"
Southern Methodist,75,50 Free,9,24.10,Izzy Krantzcke,,SMU Invitational
Southern Methodist,75,50 Free,10,25.60,AnneMarie Vlaic,,SMU v OCU v UIW v UNT
Southern Methodist,75,500 Free,1,4:49.11,Karly Boles,,SMU Invitational
Southern Methodist,75,500 Free,2,4:53.21,Madeleine Hebert,,SMU Invitational
Southern Methodist,75,500 Free,3,4:57.77,AnneMarie Vlaic,,SMU Invitational
Southern Methodist,75,500 Free,4,5:11.93,Maddie Reynolds,,SMU vs Texas A&M
St. Bonaventure,457,100 Back,1,55.08,Anna Forjan,,Magnus Cup Invitational
St. Bonaventure,457,100 Back,2,55.43,Sophie Baker,,Cornell vs St Bonaventure
St. Bonaventure,457,100 Back,3,57.75,daciana colon,,Magnus Cup Invitational
St. Bonaventure,457,100 Back,4,59.39,Katie Beyer,,Magnus Cup Invitational
St. Bonaventure,457,100 Back,5,59.78,Sydney Londergan,,Magnus Cup Invitational
St. Bonaventure,457,100 Breast,1,1:05.14,Sarah Gonzalez,,Magnus Cup Invitational
St. Bonaventure,457,100 Breast,2,1:05.30,Paris Christie,,Magnus Cup Invitational
St. Bonaventure,457,100 Breast,3,1:07.48,Katie Lyons,,Penn State vs. St. Bonaventure
St. Bonaventure,457,100 Breast,4,1:08.10,Anna Beth Blankenship,,Penn State vs. St. Bonaventure
St. Bonaventure,457,100 Breast,5,1:09.42,Anna Forjan,,Cleveland State vs. St. Bonaventure
St. Bonaventure,457,100 Breast,6,1:09.50,Mia Hill,,"Rutgers vs. Fordham, St Bonaventure"
St. Bonaventure,457,100 Fly,1,56.88,Sophie Baker,,Magnus Cup Invitational
St. Bonaventure,457,100 Fly,2,58.44,Nele Vetter,,Penn State vs. St. Bonaventure
St. Bonaventure,457,100 Fly,3,58.87,Caroline Murray,,Magnus Cup Invitational
St. Bonaventure,457,100 Fly,4,59.00,Kate Hill,,Magnus Cup Invitational
St. Bonaventure,457,100 Fly,5,1:00.00,Grace Purtell,,Penn State vs. St. Bonaventure
St. Bonaventure,457,100 Fly,6,1:00.24,Zoe Purtell,,Niagara v St Bonaventure
St. Bonaventure,457,100 Fly,7,1:00.28,Cameron Darnell,,Penn State vs. St. Bonaventure
St. Bonaventure,457,100 Fly,8,1:01.10,Samantha Schnappauf,,St. Bonaventure vs. Canisius
St. Bonaventure,457,100 Fly,9,1:01.99,Phoebe McClaren,,Magnus Cup Invitational
St. Bonaventure,457,100 Fly,10,1:02.00,Mia Hill,,Magnus Cup Invitational
St. Bonaventure,457,100 Free,1,51.44,Anna Forjan,,Magnus Cup Invitational
St. Bonaventure,457,100 Free,2,51.53,Sophie Baker,,Magnus Cup Invitational
St. Bonaventure,457,100 Free,3,51.54,Kate Hill,,Magnus Cup Invitational
St. Bonaventure,457,100 Free,4,52.03,Hana Wienckowski,,Magnus Cup Invitational
St. Bonaventure,457,100 Free,5,52.63,Laila Chance,,Magnus Cup Invitational
St. Bonaventure,457,100 Free,6,52.71,Katie Beyer,,Magnus Cup Invitational
St. Bonaventure,457,100 Free,7,52.75,Nele Vetter,,Magnus Cup Invitational
St. Bonaventure,457,100 Free,8,53.65,Alessandra Ren,,Magnus Cup Invitational
St. Bonaventure,457,100 Free,9,53.85,Maris Sadowski,,Magnus Cup Invitational
St. Bonaventure,457,100 Free,10,54.38,Mia Hill,,Magnus Cup Invitational
St. Bonaventure,457,1000 Free,1,10:22.20,Phoebe McClaren,,Cornell vs St Bonaventure
St. Bonaventure,457,1000 Free,2,10:22.40,Samantha Schnappauf,,Penn State vs. St. Bonaventure
St. Bonaventure,457,1000 Free,3,10:35.30,Alessandra Ren,,Magnus Cup Invitational
St. Bonaventure,457,1000 Free,4,10:36.60,Grace Purtell,,Cleveland State vs. St. Bonaventure
St. Bonaventure,457,1000 Free,5,10:38.52,Cameron Darnell,,"Rutgers vs. Fordham, St Bonaventure"
St. Bonaventure,457,1000 Free,6,10:54.57,Zoe Purtell,,Magnus Cup Invitational
St. Bonaventure,457,1650 Free,1,17:14.03,Phoebe McClaren,,Magnus Cup Invitational
St. Bonaventure,457,1650 Free,2,17:22.04,Samantha Schnappauf,,Magnus Cup Invitational
St. Bonaventure,457,1650 Free,3,17:32.56,Cameron Darnell,,Cleveland State vs. St. Bonaventure
St. Bonaventure,457,1650 Free,4,17:33.05,Grace Purtell,,Cleveland State vs. St. Bonaventure
St. Bonaventure,457,1650 Free,5,17:39.39,Alessandra Ren,,Magnus Cup Invitational
St. Bonaventure,457,1650 Free,6,18:02.02,Zoe Purtell,,Magnus Cup Invitational
St. Bonaventure,457,200 Back,1,1:58.48,Anna Forjan,,Magnus Cup Invitational
St. Bonaventure,457,200 Back,2,2:02.77,Katie Beyer,,Magnus Cup Invitational
St. Bonaventure,457,200 Back,3,2:09.18,daciana colon,,Cornell vs St Bonaventure
St. Bonaventure,457,200 Back,4,2:10.59,Sydney Londergan,,Magnus Cup Invitational
St. Bonaventure,457,200 Breast,1,2:23.14,Sarah Gonzalez,,Magnus Cup Invitational
St. Bonaventure,457,200 Breast,2,2:23.18,Paris Christie,,Magnus Cup Invitational
St. Bonaventure,457,200 Breast,3,2:23.50,Katie Lyons,,Magnus Cup Invitational
St. Bonaventure,457,200 Breast,4,2:24.61,Grace Purtell,,Magnus Cup Invitational
St. Bonaventure,457,200 Breast,5,2:30.83,Anna Beth Blankenship,,"Rutgers vs. Fordham, St Bonaventure"
St. Bonaventure,457,200 Breast,6,2:32.96,Mia Hill,,Cleveland State vs. St. Bonaventure
St. Bonaventure,457,200 Fly,1,2:04.96,Nele Vetter,,Magnus Cup Invitational
St. Bonaventure,457,200 Fly,2,2:07.72,Caroline Murray,,Magnus Cup Invitational
St. Bonaventure,457,200 Fly,3,2:07.87,Grace Purtell,,Cornell vs St Bonaventure
St. Bonaventure,457,200 Fly,4,2:09.36,Samantha Schnappauf,,Magnus Cup Invitational
St. Bonaventure,457,200 Fly,5,2:09.61,Cameron Darnell,,Penn State vs. St. Bonaventure
St. Bonaventure,457,200 Fly,6,2:13.39,Zoe Purtell,,Magnus Cup Invitational
St. Bonaventure,457,200 Free,1,1:51.00,Anna Forjan,,Magnus Cup Invitational
St. Bonaventure,457,200 Free,2,1:52.52,Katie Beyer,,Magnus Cup Invitational
St. Bonaventure,457,200 Free,3,1:53.38,Laila Chance,,Magnus Cup Invitational
St. Bonaventure,457,200 Free,4,1:53.79,Nele Vetter,,Magnus Cup Invitational
St. Bonaventure,457,200 Free,5,1:54.35,Alessandra Ren,,Magnus Cup Invitational
St. Bonaventure,457,200 Free,6,1:54.98,Hana Wienckowski,,Magnus Cup Invitational
St. Bonaventure,457,200 Free,7,1:55.30,Caroline Murray,,Magnus Cup Invitational
St. Bonaventure,457,200 Free,8,1:55.35,Kate Hill,,Magnus Cup Invitational
St. Bonaventure,457,200 Free,9,1:56.45,Samantha Schnappauf,,Magnus Cup Invitational
St. Bonaventure,457,200 Free,10,1:57.21,Mia Hill,,Niagara v St Bonaventure
St. Bonaventure,457,200 Im,1,2:07.46,Mia Hill,,Magnus Cup Invitational
St. Bonaventure,457,200 Im,2,2:08.23,Anna Forjan,,Niagara v St Bonaventure
St. Bonaventure,457,200 Im,3,2:12.78,Katie Lyons,,Magnus Cup Invitational
St. Bonaventure,457,200 Im,4,2:13.36,Grace Purtell,,Niagara v St Bonaventure
St. Bonaventure,457,200 Im,5,2:15.03,Phoebe McClaren,,Cleveland State vs. St. Bonaventure
St. Bonaventure,457,200 Im,6,2:15.41,Zoe Purtell,,Penn State vs. St. Bonaventure
St. Bonaventure,457,400 Im,1,4:33.51,Mia Hill,,Magnus Cup Invitational
St. Bonaventure,457,400 Im,2,4:33.58,Phoebe McClaren,,Magnus Cup Invitational
St. Bonaventure,457,400 Im,3,4:35.26,Cameron Darnell,,Magnus Cup Invitational
St. Bonaventure,457,400 Im,4,4:35.38,Grace Purtell,,Magnus Cup Invitational
St. Bonaventure,457,400 Im,5,4:38.06,Zoe Purtell,,Magnus Cup Invitational
St. Bonaventure,457,400 Im,6,4:41.91,Anna Forjan,,"Rutgers vs. Fordham, St Bonaventure"
St. Bonaventure,457,400 Im,7,4:48.15,Katie Lyons,,"Rutgers vs. Fordham, St Bonaventure"
St. Bonaventure,457,50 Free,1,23.39,Sophie Baker,,Magnus Cup Invitational
St. Bonaventure,457,50 Free,2,23.59,Kate Hill,,Magnus Cup Invitational
St. Bonaventure,457,50 Free,3,23.97,Anna Forjan,,Magnus Cup Invitational
St. Bonaventure,457,50 Free,4,24.20,Nele Vetter,,Magnus Cup Invitational
St. Bonaventure,457,50 Free,5,24.49,Hana Wienckowski,,Penn State vs. St. Bonaventure
St. Bonaventure,457,50 Free,6,24.49,Laila Chance,,Magnus Cup Invitational
St. Bonaventure,457,50 Free,7,24.72,Mia Hill,,St. Bonaventure vs. Canisius
St. Bonaventure,457,50 Free,8,24.91,Isabella Giupatto,,Cornell vs St Bonaventure
St. Bonaventure,457,50 Free,9,25.00,Paris Christie,,Magnus Cup Invitational
St. Bonaventure,457,50 Free,10,25.02,Maris Sadowski,,Penn State vs. St. Bonaventure
St. Bonaventure,457,500 Free,1,4:59.95,Katie Beyer,,Magnus Cup Invitational
St. Bonaventure,457,500 Free,2,5:00.23,Alessandra Ren,,Magnus Cup Invitational
St. Bonaventure,457,500 Free,3,5:00.84,Caroline Murray,,Magnus Cup Invitational
St. Bonaventure,457,500 Free,4,5:03.05,Phoebe McClaren,,Magnus Cup Invitational
St. Bonaventure,457,500 Free,5,5:03.43,Samantha Schnappauf,,Niagara v St Bonaventure
St. Bonaventure,457,500 Free,6,5:09.50,Cameron Darnell,,Magnus Cup Invitational
St. Bonaventure,457,500 Free,7,5:10.54,Zoe Purtell,,Magnus Cup Invitational
St. Bonaventure,457,500 Free,8,5:16.26,Grace Purtell,,Magnus Cup Invitational
St. Bonaventure,457,500 Free,9,5:20.01,Nele Vetter,,St. Bonaventure vs. Canisius
Stanford,112,100 Back,1,51.62,Torri Huske,,"Stanford vs. Arizona State, California"
Stanford,112,100 Back,2,51.86,Alana Berlin,,Texas Hall of Fame Invitational
Stanford,112,100 Back,3,51.93,Levenia Sim,,USC vs. Stanford
Stanford,112,100 Back,4,54.05,Emily Thompson,,USC vs. Stanford
Stanford,112,100 Back,5,54.21,Ella Detter,,Texas Hall of Fame Invitational
Stanford,112,100 Back,6,54.36,Caroline Bricker,,Cal vs. Stanford
Stanford,112,100 Back,7,54.53,Natalie Mannion,,UCLA vs. Stanford
Stanford,112,100 Breast,1,57.88,Lucy Bell,,Texas Hall of Fame Invitational
Stanford,112,100 Breast,2,58.72,Lucy Thomas,,Texas Hall of Fame Invitational
Stanford,112,100 Breast,3,59.87,Addie Robillard,,Texas Hall of Fame Invitational
Stanford,112,100 Breast,4,1:00.70,Torri Huske,,UCLA vs. Stanford
Stanford,112,100 Breast,5,1:01.51,Ella Jablonski,,Texas Hall of Fame Invitational
Stanford,112,100 Fly,1,48.90,Torri Huske,,Texas Hall of Fame Invitational
Stanford,112,100 Fly,2,50.51,Gigi Johnson,,UCLA vs. Stanford
Stanford,112,100 Fly,3,52.55,Ella Jablonski,,Texas Hall of Fame Invitational
Stanford,112,100 Fly,4,52.80,Levenia Sim,,Texas Hall of Fame Invitational
Stanford,112,100 Fly,5,52.91,Alana Berlin,,Texas Hall of Fame Invitational
Stanford,112,100 Fly,6,53.35,Lucy Bell,,Triton Invitational
Stanford,112,100 Fly,7,53.47,Addison Sauickie,,Texas Hall of Fame Invitational
Stanford,112,100 Fly,8,53.66,Ella Detter,,Texas Hall of Fame Invitational
Stanford,112,100 Fly,9,54.94,Annam Olasewere,,UCLA vs. Stanford
Stanford,112,100 Fly,10,55.32,Caroline Bricker,,Texas Hall of Fame Invitational
Stanford,112,100 Free,1,46.15,Torri Huske,,Texas Hall of Fame Invitational
Stanford,112,100 Free,2,47.54,Annam Olasewere,,Texas Hall of Fame Invitational
Stanford,112,100 Free,3,47.57,Gigi Johnson,,Texas Hall of Fame Invitational
Stanford,112,100 Free,4,48.62,Lucy Thomas,,Texas Hall of Fame Invitational
Stanford,112,100 Free,5,48.83,Caroline Bricker,,Texas Hall of Fame Invitational
Stanford,112,100 Free,6,49.03,Jamie Brennan,,Texas Hall of Fame Invitational
Stanford,112,100 Free,7,49.33,Kirsti McEnroe,,Texas Hall of Fame Invitational
Stanford,112,100 Free,8,49.37,Lucy Bell,,UCLA vs. Stanford
Stanford,112,100 Free,9,49.54,Kayla Wilson,,Texas Hall of Fame Invitational
Stanford,112,100 Free,10,49.83,Addison Sauickie,,Texas Hall of Fame Invitational
Stanford,112,1000 Free,1,9:44.23,Bailey O'Regan,,USC vs. Stanford
Stanford,112,1000 Free,2,10:05.96,Sophie Duncan,,USC vs. Stanford
Stanford,112,1650 Free,1,16:21.01,Bailey O'Regan,,Texas Hall of Fame Invitational
Stanford,112,1650 Free,2,16:48.14,Sophie Duncan,,Texas Hall of Fame Invitational
Stanford,112,200 Back,1,1:52.01,Natalie Mannion,,Texas Hall of Fame Invitational
Stanford,112,200 Back,2,1:53.63,Levenia Sim,,Texas Hall of Fame Invitational
Stanford,112,200 Back,3,1:54.50,Caroline Bricker,,Cal vs. Stanford
Stanford,112,200 Back,4,1:56.27,Alana Berlin,,Texas Hall of Fame Invitational
Stanford,112,200 Back,5,1:56.53,Emily Thompson,,USC vs. Stanford
Stanford,112,200 Breast,1,2:04.69,Lucy Bell,,Texas Hall of Fame Invitational
Stanford,112,200 Breast,2,2:07.87,Caroline Bricker,,Texas Hall of Fame Invitational
Stanford,112,200 Breast,3,2:09.21,Lucy Thomas,,Cal vs. Stanford
Stanford,112,200 Breast,4,2:09.29,Addie Robillard,,Texas Hall of Fame Invitational
Stanford,112,200 Breast,5,2:14.17,Ella Jablonski,,Texas Hall of Fame Invitational
Stanford,112,200 Breast,6,2:23.49,Emily Thompson,,Triton Invitational
Stanford,112,200 Fly,1,1:52.77,Caroline Bricker,,USC vs. Stanford
Stanford,112,200 Fly,2,1:55.49,Addison Sauickie,,Texas Hall of Fame Invitational
Stanford,112,200 Fly,3,1:56.07,Charlotte Hook,,USC vs. Stanford
Stanford,112,200 Fly,4,1:56.20,Emily Thompson,,"Stanford vs. Arizona State, California"
Stanford,112,200 Fly,5,1:56.71,Ella Detter,,"Stanford vs. Arizona State, California"
Stanford,112,200 Fly,6,1:58.30,Lucy Bell,,Triton Invitational
Stanford,112,200 Fly,7,2:01.41,Sophie Duncan,,Texas Hall of Fame Invitational
Stanford,112,200 Fly,8,2:01.69,Bailey O'Regan,,Texas Hall of Fame Invitational
Stanford,112,200 Fly,9,2:02.53,Ella Jablonski,,Cal vs. Stanford
Stanford,112,200 Fly,10,2:03.53,Natalie Mannion,,Triton Invitational
Stanford,112,200 Free,1,1:42.26,Torri Huske,,USC vs. Stanford
Stanford,112,200 Free,2,1:43.36,Caroline Bricker,,Texas Hall of Fame Invitational
Stanford,112,200 Free,3,1:43.97,Gigi Johnson,,Texas Hall of Fame Invitational
Stanford,112,200 Free,4,1:44.46,Natalie Mannion,,Texas Hall of Fame Invitational
Stanford,112,200 Free,5,1:44.50,Kayla Wilson,,"Stanford vs. Arizona State, California"
Stanford,112,200 Free,6,1:44.76,Lucy Bell,,Texas Hall of Fame Invitational
Stanford,112,200 Free,7,1:45.21,Annam Olasewere,,Texas Hall of Fame Invitational
Stanford,112,200 Free,8,1:46.90,Emily Thompson,,UCLA vs. Stanford
Stanford,112,200 Free,9,1:47.34,Addison Sauickie,,Texas Hall of Fame Invitational
Stanford,112,200 Free,10,1:47.87,Jamie Brennan,,Texas Hall of Fame Invitational
Stanford,112,200 Im,1,1:52.65,Lucy Bell,,Texas Hall of Fame Invitational
Stanford,112,200 Im,2,1:55.13,Torri Huske,,Cal vs. Stanford
Stanford,112,200 Im,3,1:56.40,Emily Thompson,,Texas Hall of Fame Invitational
Stanford,112,200 Im,4,1:57.13,Caroline Bricker,,USC vs. Stanford
Stanford,112,200 Im,5,1:57.86,Charlotte Hook,,USC vs. Stanford
Stanford,112,200 Im,6,1:59.50,Ella Jablonski,,Texas Hall of Fame Invitational
Stanford,112,200 Im,7,2:00.75,Addie Robillard,,Texas Hall of Fame Invitational
Stanford,112,200 Im,8,2:01.13,Jamie Brennan,,"Stanford vs. Arizona State, California"
Stanford,112,200 Im,9,2:02.02,Natalie Mannion,,Cal vs. Stanford
Stanford,112,200 Im,10,2:03.36,Sophie Duncan,,Cal vs. Stanford
Stanford,112,400 Im,1,3:59.70,Caroline Bricker,,Texas Hall of Fame Invitational
Stanford,112,400 Im,2,4:01.13,Lucy Bell,,Texas Hall of Fame Invitational
Stanford,112,400 Im,3,4:04.21,Torri Huske,,Cal vs. Stanford
Stanford,112,400 Im,4,4:04.39,Emily Thompson,,Texas Hall of Fame Invitational
Stanford,112,400 Im,5,4:08.09,Charlotte Hook,,UCLA vs. Stanford
Stanford,112,400 Im,6,4:13.43,Bailey O'Regan,,Texas Hall of Fame Invitational
Stanford,112,400 Im,7,4:16.37,Sophie Duncan,,Texas Hall of Fame Invitational
Stanford,112,400 Im,8,4:18.31,Addie Robillard,,"Stanford vs. Arizona State, California"
Stanford,112,400 Im,9,4:19.16,Natalie Mannion,,Cal vs. Stanford
Stanford,112,50 Free,1,21.01,Torri Huske,,Texas Hall of Fame Invitational
Stanford,112,50 Free,2,21.51,Annam Olasewere,,Texas Hall of Fame Invitational
Stanford,112,50 Free,3,21.99,Gigi Johnson,,USC vs. Stanford
Stanford,112,50 Free,4,22.07,Lucy Thomas,,Texas Hall of Fame Invitational
Stanford,112,50 Free,5,22.56,Jamie Brennan,,Texas Hall of Fame Invitational
Stanford,112,50 Free,6,22.92,Kirsti McEnroe,,Texas Hall of Fame Invitational
Stanford,112,50 Free,7,23.21,Alana Berlin,,UCLA vs. Stanford
Stanford,112,50 Free,8,23.29,Addison Sauickie,,"Stanford vs. Arizona State, California"
Stanford,112,50 Free,9,23.29,Natalie Mannion,,UCLA vs. Stanford
Stanford,112,50 Free,10,23.30,Levenia Sim,,UCLA vs. Stanford
Stanford,112,500 Free,1,4:40.22,Natalie Mannion,,Texas Hall of Fame Invitational
Stanford,112,500 Free,2,4:40.88,Caroline Bricker,,USC vs. Stanford
Stanford,112,500 Free,3,4:41.97,Emily Thompson,,Texas Hall of Fame Invitational
Stanford,112,500 Free,4,4:43.78,Kayla Wilson,,USC vs. Stanford
Stanford,112,500 Free,5,4:44.39,Bailey O'Regan,,USC vs. Stanford
Stanford,112,500 Free,6,4:49.20,Charlotte Hook,,Texas Hall of Fame Invitational
Stanford,112,500 Free,7,4:51.70,Lucy Bell,,UCLA vs. Stanford
Stanford,112,500 Free,8,4:52.38,Addison Sauickie,,UCLA vs. Stanford
Stanford,112,500 Free,9,4:54.81,Sophie Duncan,,UCLA vs. Stanford
Stonehill,10023198,100 Back,1,57.70,Grace Idowu,,Harold Anderson Invitational
Stonehill,10023198,100 Back,2,59.31,Elizabeth Weston,,Siena v Stonehill
Stonehill,10023198,100 Back,3,1:00.01,Emma Richards,,Harold Anderson Invitational
Stonehill,10023198,100 Back,4,1:00.33,Maddie Gomez,,Siena v Stonehill
Stonehill,10023198,100 Back,5,1:00.89,Emma Kawai,,Babson v Stonehill
Stonehill,10023198,100 Back,6,1:01.33,Sienna Mason,,Harold Anderson Invitational
Stonehill,10023198,100 Back,7,1:02.00,Sorina Cheng,,Babson v Stonehill
Stonehill,10023198,100 Back,8,1:04.39,Isabella Morillo,,Siena v Stonehill
Stonehill,10023198,100 Back,9,1:05.90,Lucy Boisoneau,,Hannah Gibbons Invite
Stonehill,10023198,100 Back,10,1:09.02,Aleksa Kochanek,,Florida Gulf Coast vs. Siena vs. Stonehill
Stonehill,10023198,100 Breast,1,1:05.95,Lily Peterson,,Harold Anderson Invitational
Stonehill,10023198,100 Breast,2,1:10.46,Rena Gilligan,,Harold Anderson Invitational
Stonehill,10023198,100 Breast,3,1:10.86,Sorina Cheng,,Harold Anderson Invitational
Stonehill,10023198,100 Breast,4,1:11.24,Kristy Barry,,Siena v Stonehill
Stonehill,10023198,100 Breast,5,1:11.28,Taylor Belanger,,Siena vs URI vs Stonehill
Stonehill,10023198,100 Breast,6,1:11.69,Isabella Morillo,,Harold Anderson Invitational
Stonehill,10023198,100 Breast,7,1:12.84,Ava Stefanou,,Harold Anderson Invitational
Stonehill,10023198,100 Breast,8,1:16.46,Aleksa Kochanek,,Harold Anderson Invitational
Stonehill,10023198,100 Breast,9,1:17.46,Gwen Kutchel,,Harold Anderson Invitational
Stonehill,10023198,100 Breast,10,1:23.51,Morgan Kukral,,Florida Gulf Coast vs. Siena vs. Stonehill
Stonehill,10023198,100 Fly,1,58.69,Emma Richards,,Harold Anderson Invitational
Stonehill,10023198,100 Fly,2,59.28,Grace Idowu,,Harold Anderson Invitational
Stonehill,10023198,100 Fly,3,1:01.01,Maddie Gomez,,Harold Anderson Invitational
Stonehill,10023198,100 Fly,4,1:01.56,Lucy Boisoneau,,Siena v Stonehill
Stonehill,10023198,100 Fly,5,1:01.60,Kristy Barry,,Harold Anderson Invitational
Stonehill,10023198,100 Fly,6,1:01.88,Emma Kawai,,Harold Anderson Invitational
Stonehill,10023198,100 Fly,7,1:02.17,Elizabeth Weston,,Harold Anderson Invitational
Stonehill,10023198,100 Fly,8,1:02.95,Chihiro Bringman,,Siena vs URI vs Stonehill
Stonehill,10023198,100 Fly,9,1:04.42,Sienna Mason,,Harold Anderson Invitational
Stonehill,10023198,100 Fly,10,1:06.01,Aleksa Kochanek,,Harold Anderson Invitational
Stonehill,10023198,100 Free,1,52.56,Grace Idowu,,Harold Anderson Invitational
Stonehill,10023198,100 Free,2,53.28,Kristy Barry,,Harold Anderson Invitational
Stonehill,10023198,100 Free,3,56.27,Sherri Danforth,,Harold Anderson Invitational
Stonehill,10023198,100 Free,4,57.10,Chihiro Bringman,,Harold Anderson Invitational
Stonehill,10023198,100 Free,5,57.69,Lucy Boisoneau,,Florida Gulf Coast vs. Siena vs. Stonehill
Stonehill,10023198,100 Free,6,58.08,Maddie Gomez,,Harold Anderson Invitational
Stonehill,10023198,100 Free,7,58.85,Meagan Gutierrez,,Harold Anderson Invitational
Stonehill,10023198,100 Free,8,59.33,Isabella Rodriguez,,Hannah Gibbons Invite
Stonehill,10023198,100 Free,9,59.94,Paeton Romero,,Hannah Gibbons Invite
Stonehill,10023198,100 Free,10,1:00.01,Isabella Morillo,,Florida Gulf Coast vs. Siena vs. Stonehill
Stonehill,10023198,1000 Free,1,11:07.21,Isabella Rodriguez,,Babson v Stonehill
Stonehill,10023198,1000 Free,2,11:21.82,Meagan Gutierrez,,Merrimack-SHU-Stonehill
Stonehill,10023198,1000 Free,3,11:46.78,Paeton Romero,,Babson v Stonehill
Stonehill,10023198,1000 Free,4,12:09.28,Gwen Kutchel,,Merrimack-SHU-Stonehill
Stonehill,10023198,1650 Free,1,18:13.15,Isabella Rodriguez,,Harold Anderson Invitational
Stonehill,10023198,1650 Free,2,19:06.18,Meagan Gutierrez,,Harold Anderson Invitational
Stonehill,10023198,1650 Free,3,19:55.47,Paeton Romero,,Harold Anderson Invitational
Stonehill,10023198,200 Back,1,2:08.74,Emma Kawai,,Harold Anderson Invitational
Stonehill,10023198,200 Back,2,2:11.83,Maddie Gomez,,Harold Anderson Invitational
Stonehill,10023198,200 Back,3,2:13.53,Elizabeth Weston,,Harold Anderson Invitational
Stonehill,10023198,200 Back,4,2:14.84,Sienna Mason,,Harold Anderson Invitational
Stonehill,10023198,200 Back,5,2:15.09,Grace Idowu,,Florida Gulf Coast vs. Siena vs. Stonehill
Stonehill,10023198,200 Back,6,2:15.44,Kristy Barry,,Florida Gulf Coast vs. Siena vs. Stonehill
Stonehill,10023198,200 Back,7,2:19.21,Emma Richards,,Florida Gulf Coast vs. Siena vs. Stonehill
Stonehill,10023198,200 Breast,1,2:25.27,Lily Peterson,,Harold Anderson Invitational
Stonehill,10023198,200 Breast,2,2:34.87,Isabella Morillo,,Harold Anderson Invitational
Stonehill,10023198,200 Breast,3,2:36.96,Ava Stefanou,,Harold Anderson Invitational
Stonehill,10023198,200 Breast,4,2:42.46,Sorina Cheng,,Harold Anderson Invitational
Stonehill,10023198,200 Breast,5,2:42.51,Rena Gilligan,,Merrimack-SHU-Stonehill
Stonehill,10023198,200 Breast,6,2:44.64,Aleksa Kochanek,,Florida Gulf Coast vs. Siena vs. Stonehill
Stonehill,10023198,200 Breast,7,2:50.31,Gwen Kutchel,,Harold Anderson Invitational
Stonehill,10023198,200 Fly,1,2:14.72,Emma Richards,,Harold Anderson Invitational
Stonehill,10023198,200 Fly,2,2:16.11,Lucy Boisoneau,,Harold Anderson Invitational
Stonehill,10023198,200 Fly,3,2:18.82,Emma Kawai,,Florida Gulf Coast vs. Siena vs. Stonehill
Stonehill,10023198,200 Fly,4,2:29.58,Morgan Kukral,,Harold Anderson Invitational
Stonehill,10023198,200 Fly,5,2:29.79,Chihiro Bringman,,Florida Gulf Coast vs. Siena vs. Stonehill
Stonehill,10023198,200 Fly,6,2:31.95,Aleksa Kochanek,,Merrimack-SHU-Stonehill
Stonehill,10023198,200 Free,1,1:58.91,Kristy Barry,,Babson v Stonehill
Stonehill,10023198,200 Free,2,2:01.48,Isabella Rodriguez,,Harold Anderson Invitational
Stonehill,10023198,200 Free,3,2:02.57,Maddie Gomez,,Siena v Stonehill
Stonehill,10023198,200 Free,4,2:04.24,Meagan Gutierrez,,Harold Anderson Invitational
Stonehill,10023198,200 Free,5,2:05.27,Emma Kawai,,Siena vs URI vs Stonehill
Stonehill,10023198,200 Free,6,2:05.66,Isabella Morillo,,Babson v Stonehill
Stonehill,10023198,200 Free,7,2:06.58,Lucy Boisoneau,,Babson v Stonehill
Stonehill,10023198,200 Free,8,2:07.00,Paeton Romero,,Harold Anderson Invitational
Stonehill,10023198,200 Free,9,2:09.42,Rena Gilligan,,Siena v Stonehill
Stonehill,10023198,200 Free,10,2:10.35,Chihiro Bringman,,Hannah Gibbons Invite
Stonehill,10023198,200 Im,1,2:08.51,Kristy Barry,,Harold Anderson Invitational
Stonehill,10023198,200 Im,2,2:11.67,Emma Kawai,,Harold Anderson Invitational
Stonehill,10023198,200 Im,3,2:18.57,Isabella Morillo,,Harold Anderson Invitational
Stonehill,10023198,200 Im,4,2:19.70,Sorina Cheng,,Harold Anderson Invitational
Stonehill,10023198,200 Im,5,2:20.39,Lily Peterson,,Harold Anderson Invitational
Stonehill,10023198,200 Im,6,2:21.68,Rena Gilligan,,Harold Anderson Invitational
Stonehill,10023198,200 Im,7,2:24.44,Morgan Kukral,,Harold Anderson Invitational
Stonehill,10023198,200 Im,8,2:24.90,Ava Stefanou,,Harold Anderson Invitational
Stonehill,10023198,400 Im,1,4:38.36,Emma Kawai,,Harold Anderson Invitational
Stonehill,10023198,400 Im,2,4:39.06,Kristy Barry,,Harold Anderson Invitational
Stonehill,10023198,400 Im,3,4:44.60,Lucy Boisoneau,,Harold Anderson Invitational
Stonehill,10023198,400 Im,4,5:09.39,Morgan Kukral,,Harold Anderson Invitational
Stonehill,10023198,400 Im,5,5:15.21,Isabella Morillo,,Merrimack-SHU-Stonehill
Stonehill,10023198,50 Free,1,24.12,Grace Idowu,,Harold Anderson Invitational
Stonehill,10023198,50 Free,2,25.06,Kristy Barry,,Harold Anderson Invitational
Stonehill,10023198,50 Free,3,25.44,Sherri Danforth,,Harold Anderson Invitational
Stonehill,10023198,50 Free,4,25.84,Chihiro Bringman,,Hannah Gibbons Invite
Stonehill,10023198,50 Free,5,25.92,Emma Kawai,,Harold Anderson Invitational
Stonehill,10023198,50 Free,6,26.08,Elizabeth Weston,,Siena v Stonehill
Stonehill,10023198,50 Free,7,26.21,Lucy Boisoneau,,Siena v Stonehill
Stonehill,10023198,50 Free,8,26.56,Sienna Mason,,Harold Anderson Invitational
Stonehill,10023198,50 Free,9,26.62,Lily Peterson,,Harold Anderson Invitational
Stonehill,10023198,50 Free,10,26.64,Isabella Morillo,,Harold Anderson Invitational
Stonehill,10023198,500 Free,1,5:15.76,Isabella Rodriguez,,Harold Anderson Invitational
Stonehill,10023198,500 Free,2,5:19.32,Emma Kawai,,Siena v Stonehill
Stonehill,10023198,500 Free,3,5:23.05,Lucy Boisoneau,,Harold Anderson Invitational
Stonehill,10023198,500 Free,4,5:35.02,Meagan Gutierrez,,Florida Gulf Coast vs. Siena vs. Stonehill
Stonehill,10023198,500 Free,5,5:37.07,Paeton Romero,,Harold Anderson Invitational
Stonehill,10023198,500 Free,6,5:46.83,Gwen Kutchel,,Harold Anderson Invitational
Stonehill,10023198,500 Free,7,5:54.36,Morgan Kukral,,Florida Gulf Coast vs. Siena vs. Stonehill
Stonehill,10023198,500 Free,8,6:03.99,Ava Stefanou,,Merrimack-SHU-Stonehill
Stony Brook,418,100 Back,1,57.54,Avari Wischhof,,ECAC Winter Championship
Stony Brook,418,100 Back,2,58.07,Sara Baxter,,ECAC Winter Championship
Stony Brook,418,100 Back,3,58.67,Kunzang Sharchitsang,,Stony Brook vs. Siena
Stony Brook,418,100 Back,4,59.17,Brenna Mowrey,,ECAC Winter Championship
Stony Brook,418,100 Back,5,1:00.94,Lily DeBellis,,ECAC Winter Championship
Stony Brook,418,100 Breast,1,1:03.73,Alanna Depinto,,ECAC Winter Championship
Stony Brook,418,100 Breast,2,1:04.27,Pelagia Chazov,,ECAC Winter Championship
Stony Brook,418,100 Breast,3,1:06.31,Aili Talcott,,NJIT/Rider/Stony Brook Tri-Meet
Stony Brook,418,100 Breast,4,1:06.43,Michelle Vu,,ECAC Winter Championship
Stony Brook,418,100 Breast,5,1:07.39,Elaine Liu,,Stony Brook vs. Siena
Stony Brook,418,100 Breast,6,1:17.03,Brenna Mowrey,,Stony Brook vs. Monmouth
Stony Brook,418,100 Fly,1,56.15,Michelle Vu,,ECAC Winter Championship
Stony Brook,418,100 Fly,2,57.11,Pelagia Chazov,,ECAC Winter Championship
Stony Brook,418,100 Fly,3,57.59,Elaine Liu,,Stony Brook vs. Siena
Stony Brook,418,100 Fly,4,58.13,Kunzang Sharchitsang,,ECAC Winter Championship
Stony Brook,418,100 Fly,5,58.19,Hazel Alejos,,ECAC Winter Championship
Stony Brook,418,100 Fly,6,58.49,Carson Kien,,Stony Brook vs. Siena
Stony Brook,418,100 Fly,7,59.65,Brenna Mowrey,,ECAC Winter Championship
Stony Brook,418,100 Fly,8,1:01.87,Avari Wischhof,,Stony Brook vs. Monmouth
Stony Brook,418,100 Fly,9,1:02.85,Mia Saavedra,,NJIT/Rider/Stony Brook Tri-Meet
Stony Brook,418,100 Fly,10,1:03.19,Aili Talcott,,ECAC Winter Championship
Stony Brook,418,100 Free,1,51.53,Francesca Baber,,ECAC Winter Championship
Stony Brook,418,100 Free,2,51.91,Alanna Depinto,,NJIT/Rider/Stony Brook Tri-Meet
Stony Brook,418,100 Free,3,52.47,Carson Kien,,NJIT/Rider/Stony Brook Tri-Meet
Stony Brook,418,100 Free,4,52.56,Avari Wischhof,,ECAC Winter Championship
Stony Brook,418,100 Free,5,53.91,Michelle Vu,,NJIT/Rider/Stony Brook Tri-Meet
Stony Brook,418,100 Free,6,54.55,Meredith Yuhasz,,ECAC Winter Championship
Stony Brook,418,100 Free,7,55.96,Mia Saavedra,,NJIT & Stony Brook vs. Bryant
Stony Brook,418,100 Free,8,56.17,Brenna Mowrey,,NJIT/Rider/Stony Brook Tri-Meet
Stony Brook,418,100 Free,9,57.58,Aili Talcott,,CCSU vs Stony Brook
Stony Brook,418,1000 Free,1,10:32.87,Francesca Baber,,ECAC Winter Championship
Stony Brook,418,1000 Free,2,10:35.31,Meredith Yuhasz,,NJIT/Rider/Stony Brook Tri-Meet
Stony Brook,418,1000 Free,3,10:38.43,Carson Kien,,NJIT/Rider/Stony Brook Tri-Meet
Stony Brook,418,1000 Free,4,10:46.43,Mia Saavedra,,Stony Brook vs. Siena
Stony Brook,418,1650 Free,1,17:27.36,Francesca Baber,,ECAC Winter Championship
Stony Brook,418,1650 Free,2,17:37.76,Meredith Yuhasz,,ECAC Winter Championship
Stony Brook,418,1650 Free,3,18:07.50,Mia Saavedra,,ECAC Winter Championship
Stony Brook,418,200 Back,1,2:05.13,Avari Wischhof,,NJIT/Rider/Stony Brook Tri-Meet
Stony Brook,418,200 Back,2,2:05.38,Sara Baxter,,NJIT & Stony Brook vs. Bryant
Stony Brook,418,200 Back,3,2:09.44,Kunzang Sharchitsang,,ECAC Winter Championship
Stony Brook,418,200 Back,4,2:10.06,Brenna Mowrey,,ECAC Winter Championship
Stony Brook,418,200 Back,5,2:11.13,Hazel Alejos,,ECAC Winter Championship
Stony Brook,418,200 Back,6,2:11.28,Mia Saavedra,,ECAC Winter Championship
Stony Brook,418,200 Back,7,2:13.30,Lily DeBellis,,ECAC Winter Championship
Stony Brook,418,200 Back,8,2:14.18,Carson Kien,,CCSU vs Stony Brook
Stony Brook,418,200 Breast,1,2:20.87,Pelagia Chazov,,ECAC Winter Championship
Stony Brook,418,200 Breast,2,2:24.39,Elaine Liu,,ECAC Winter Championship
Stony Brook,418,200 Breast,3,2:24.69,Aili Talcott,,NJIT/Rider/Stony Brook Tri-Meet
Stony Brook,418,200 Fly,1,2:06.58,Carson Kien,,ECAC Winter Championship
Stony Brook,418,200 Fly,2,2:07.70,Michelle Vu,,ECAC Winter Championship
Stony Brook,418,200 Fly,3,2:08.45,Hazel Alejos,,ECAC Winter Championship
Stony Brook,418,200 Fly,4,2:15.57,Brenna Mowrey,,ECAC Winter Championship
Stony Brook,418,200 Fly,5,2:19.20,Mia Saavedra,,Sacred Heart vs. Stony Brook
Stony Brook,418,200 Free,1,1:52.80,Francesca Baber,,ECAC Winter Championship
Stony Brook,418,200 Free,2,1:53.39,Carson Kien,,ECAC Winter Championship
Stony Brook,418,200 Free,3,1:54.28,Alanna Depinto,,ECAC Winter Championship
Stony Brook,418,200 Free,4,1:56.16,Avari Wischhof,,ECAC Winter Championship
Stony Brook,418,200 Free,5,1:56.75,Meredith Yuhasz,,ECAC Winter Championship
Stony Brook,418,200 Free,6,1:57.04,Mia Saavedra,,ECAC Winter Championship
Stony Brook,418,200 Free,7,1:57.94,Aili Talcott,,Stony Brook vs. Siena
Stony Brook,418,200 Im,1,2:06.12,Elaine Liu,,ECAC Winter Championship
Stony Brook,418,200 Im,2,2:09.11,Aili Talcott,,ECAC Winter Championship
Stony Brook,418,200 Im,3,2:11.02,Pelagia Chazov,,ECAC Winter Championship
Stony Brook,418,200 Im,4,2:11.37,Kunzang Sharchitsang,,ECAC Winter Championship
Stony Brook,418,200 Im,5,2:13.32,Hazel Alejos,,ECAC Winter Championship
Stony Brook,418,200 Im,6,2:24.51,Lily DeBellis,,NJIT & Stony Brook vs. Bryant
Stony Brook,418,400 Im,1,4:30.81,Elaine Liu,,ECAC Winter Championship
Stony Brook,418,400 Im,2,4:33.29,Carson Kien,,Stony Brook vs. Siena
Stony Brook,418,400 Im,3,4:34.91,Aili Talcott,,ECAC Winter Championship
Stony Brook,418,400 Im,4,4:42.70,Mia Saavedra,,NJIT/Rider/Stony Brook Tri-Meet
Stony Brook,418,50 Free,1,23.96,Alanna Depinto,,ECAC Winter Championship
Stony Brook,418,50 Free,2,24.21,Michelle Vu,,ECAC Winter Championship
Stony Brook,418,50 Free,3,24.44,Avari Wischhof,,ECAC Winter Championship
Stony Brook,418,50 Free,4,24.49,Francesca Baber,,ECAC Winter Championship
Stony Brook,418,50 Free,5,25.15,Sara Baxter,,ECAC Winter Championship
Stony Brook,418,50 Free,6,25.26,Carson Kien,,NJIT & Stony Brook vs. Bryant
Stony Brook,418,50 Free,7,25.92,Brenna Mowrey,,NJIT/Rider/Stony Brook Tri-Meet
Stony Brook,418,50 Free,8,25.92,Kunzang Sharchitsang,,NJIT/Rider/Stony Brook Tri-Meet
Stony Brook,418,50 Free,9,26.12,Meredith Yuhasz,,ECAC Winter Championship
Stony Brook,418,50 Free,10,26.56,Lily DeBellis,,ECAC Winter Championship
Stony Brook,418,500 Free,1,4:59.89,Francesca Baber,,ECAC Winter Championship
Stony Brook,418,500 Free,2,5:05.42,Meredith Yuhasz,,ECAC Winter Championship
Stony Brook,418,500 Free,3,5:06.90,Carson Kien,,ECAC Winter Championship
Stony Brook,418,500 Free,4,5:11.51,Elaine Liu,,NJIT/Rider/Stony Brook Tri-Meet
Stony Brook,418,500 Free,5,5:14.90,Mia Saavedra,,NJIT & Stony Brook vs. Bryant
TCU,318,100 Back,1,53.91,Paige Taber,,Mizzou Invitational
TCU,318,100 Back,2,54.80,Audrey Worgull,,Mizzou Invitational
TCU,318,100 Back,3,55.06,Aubrey Finn,,Mizzou Invitational
TCU,318,100 Back,4,55.51,Kiaha McCool,,Mizzou Invitational
TCU,318,100 Back,5,56.09,Morgan Gore,,Mizzou Invitational
TCU,318,100 Back,6,56.21,Molly Cullen,,Mizzou Invitational
TCU,318,100 Back,7,56.44,Taylor Steelman,,Owl-A-Palooza
TCU,318,100 Back,8,57.63,Karolin Victoria Kotsar,,TCU vs. Oklahoma Christian
TCU,318,100 Back,9,58.60,Sydney Inman,,"SMU vs Arizona, TCU"
TCU,318,100 Back,10,59.49,Josephine Brant,,Mizzou Invitational
TCU,318,100 Breast,1,1:00.22,Nina Vadovicova,,Big 12 East Championship
TCU,318,100 Breast,2,1:02.56,Giorgia Vavalle,,Mizzou Invitational
TCU,318,100 Breast,3,1:04.73,Nicole Christensen,,"SMU vs Arizona, TCU"
TCU,318,100 Breast,4,1:04.80,Seanna Muhitch,,"SMU vs Arizona, TCU"
TCU,318,100 Breast,5,1:13.38,Ale SENIS,,TCU vs. Oklahoma Christian
TCU,318,100 Fly,1,54.45,Aubrey Finn,,Mizzou Invitational
TCU,318,100 Fly,2,54.70,Josephine Brant,,Mizzou Invitational
TCU,318,100 Fly,3,54.82,Morgan Gore,,Mizzou Invitational
TCU,318,100 Fly,4,55.22,Stella Todd,,Mizzou Invitational
TCU,318,100 Fly,5,56.24,Molly Cullen,,Mizzou Invitational
TCU,318,100 Fly,6,57.44,Inge Ehm,,Mizzou Invitational
TCU,318,100 Fly,7,58.24,Ale SENIS,,Mizzou Invitational
TCU,318,100 Fly,8,59.25,Amanda Ulicny,,Mizzou Invitational
TCU,318,100 Fly,9,59.58,Taylor Steelman,,Big 12 East Championship
TCU,318,100 Fly,10,59.91,Karolin Victoria Kotsar,,Mizzou Invitational
TCU,318,100 Free,1,49.92,Molly Cullen,,Big 12 East Championship
TCU,318,100 Free,2,50.48,Hannah Wachendorfer,,Mizzou Invitational
TCU,318,100 Free,3,50.87,Josephine Brant,,Mizzou Invitational
TCU,318,100 Free,4,51.17,Aubrey Finn,,Mizzou Invitational
TCU,318,100 Free,5,51.34,Amelia Snyder,,Mizzou Invitational
TCU,318,100 Free,6,51.60,Karolin Victoria Kotsar,,Texas A&M vs TCU
TCU,318,100 Free,7,51.73,Lexi Drap,,Mizzou Invitational
TCU,318,100 Free,8,52.57,avery dillon,,TCU vs. UTPB
TCU,318,100 Free,9,53.45,Celeste Donegan,,TCU vs. Trinity
TCU,318,100 Free,10,54.19,Sydney Inman,,TCU vs. UTPB
TCU,318,1000 Free,1,9:55.56,avery dillon,,Texas A&M vs TCU
TCU,318,1000 Free,2,10:15.18,Taylor Steelman,,"SMU vs Arizona, TCU"
TCU,318,1000 Free,3,10:19.09,Amanda Ulicny,,Texas A&M vs TCU
TCU,318,1000 Free,4,10:24.83,Amelia Snyder,,Big 12 East Championship
TCU,318,1650 Free,1,16:35.14,avery dillon,,"SMU vs Arizona, TCU"
TCU,318,1650 Free,2,16:53.36,Taylor Steelman,,"SMU vs Arizona, TCU"
TCU,318,1650 Free,3,17:06.62,Amelia Snyder,,Big 12 East Championship
TCU,318,1650 Free,4,17:14.68,Amanda Ulicny,,"SMU vs Arizona, TCU"
TCU,318,200 Back,1,1:56.59,Paige Taber,,Mizzou Invitational
TCU,318,200 Back,2,1:58.08,Taylor Steelman,,Texas A&M vs TCU
TCU,318,200 Back,3,1:58.57,Audrey Worgull,,Mizzou Invitational
TCU,318,200 Back,4,1:59.04,Kiaha McCool,,Mizzou Invitational
TCU,318,200 Back,5,2:03.23,Ale SENIS,,Big 12 East Championship
TCU,318,200 Breast,1,2:08.60,Nina Vadovicova,,Mizzou Invitational
TCU,318,200 Breast,2,2:14.48,Giorgia Vavalle,,Big 12 East Championship
TCU,318,200 Breast,3,2:17.42,Seanna Muhitch,,Mizzou Invitational
TCU,318,200 Breast,4,2:18.06,Nicole Christensen,,Big 12 East Championship
TCU,318,200 Fly,1,2:00.57,Morgan Gore,,Mizzou Invitational
TCU,318,200 Fly,2,2:03.64,Ale SENIS,,Mizzou Invitational
TCU,318,200 Fly,3,2:03.69,Stella Todd,,Mizzou Invitational
TCU,318,200 Fly,4,2:05.67,Inge Ehm,,Mizzou Invitational
TCU,318,200 Fly,5,2:07.37,Amanda Ulicny,,Big 12 East Championship
TCU,318,200 Free,1,1:47.24,avery dillon,,Mizzou Invitational
TCU,318,200 Free,2,1:49.55,Sydney Inman,,Texas A&M vs TCU
TCU,318,200 Free,3,1:49.76,Taylor Steelman,,Texas A&M vs TCU
TCU,318,200 Free,4,1:50.05,Hannah Wachendorfer,,Mizzou Invitational
TCU,318,200 Free,5,1:50.20,Amelia Snyder,,Mizzou Invitational
TCU,318,200 Free,6,1:51.93,Karolin Victoria Kotsar,,Mizzou Invitational
TCU,318,200 Free,7,1:52.25,Lexi Drap,,Mizzou Invitational
TCU,318,200 Free,8,1:53.32,Amanda Ulicny,,Mizzou Invitational
TCU,318,200 Free,9,1:54.04,Celeste Donegan,,Mizzou Invitational
TCU,318,200 Free,10,1:55.07,Seanna Muhitch,,Big 12 East Championship
TCU,318,200 Im,1,2:02.99,Nicole Christensen,,Big 12 East Championship
TCU,318,200 Im,2,2:03.16,Paige Taber,,Mizzou Invitational
TCU,318,200 Im,3,2:03.83,Karolin Victoria Kotsar,,Mizzou Invitational
TCU,318,200 Im,4,2:04.51,Nina Vadovicova,,Big 12 East Championship
TCU,318,200 Im,5,2:04.86,Seanna Muhitch,,Big 12 East Championship
TCU,318,200 Im,6,2:04.89,Taylor Steelman,,Owl-A-Palooza
TCU,318,200 Im,7,2:06.33,Giorgia Vavalle,,Big 12 East Championship
TCU,318,200 Im,8,2:06.54,Stella Todd,,Mizzou Invitational
TCU,318,200 Im,9,2:06.95,Sydney Inman,,Owl-A-Palooza
TCU,318,200 Im,10,2:10.26,Kiaha McCool,,Big 12 East Championship
TCU,318,400 Im,1,4:20.64,Taylor Steelman,,Mizzou Invitational
TCU,318,400 Im,2,4:20.94,Seanna Muhitch,,Mizzou Invitational
TCU,318,400 Im,3,4:23.69,Ale SENIS,,Mizzou Invitational
TCU,318,400 Im,4,4:24.29,Sydney Inman,,Owl-A-Palooza
TCU,318,400 Im,5,4:24.37,Nicole Christensen,,Mizzou Invitational
TCU,318,400 Im,6,4:26.85,Audrey Worgull,,Mizzou Invitational
TCU,318,400 Im,7,4:27.45,Karolin Victoria Kotsar,,Mizzou Invitational
TCU,318,400 Im,8,4:32.67,Kiaha McCool,,Mizzou Invitational
TCU,318,400 Im,9,4:33.00,Amanda Ulicny,,Mizzou Invitational
TCU,318,50 Free,1,22.75,Molly Cullen,,Big 12 East Championship
TCU,318,50 Free,2,22.95,Josephine Brant,,Mizzou Invitational
TCU,318,50 Free,3,23.23,Karolin Victoria Kotsar,,Mizzou Invitational
TCU,318,50 Free,4,23.45,Hannah Wachendorfer,,Mizzou Invitational
TCU,318,50 Free,5,23.49,Aubrey Finn,,"SMU vs Arizona, TCU"
TCU,318,50 Free,6,23.64,Lexi Drap,,Mizzou Invitational
TCU,318,50 Free,7,23.99,Amelia Snyder,,Mizzou Invitational
TCU,318,50 Free,8,24.06,Nina Vadovicova,,"SMU vs Arizona, TCU"
TCU,318,50 Free,9,24.14,Stella Todd,,Mizzou Invitational
TCU,318,50 Free,10,24.30,Sydney Inman,,Texas A&M vs TCU
TCU,318,500 Free,1,4:44.57,avery dillon,,Mizzou Invitational
TCU,318,500 Free,2,4:52.45,Taylor Steelman,,Big 12 East Championship
TCU,318,500 Free,3,4:56.12,Amelia Snyder,,Big 12 East Championship
TCU,318,500 Free,4,4:58.01,Sydney Inman,,"SMU vs Arizona, TCU"
TCU,318,500 Free,5,4:59.80,Amanda Ulicny,,Mizzou Invitational
TCU,318,500 Free,6,5:02.86,Ale SENIS,,Mizzou Invitational
TCU,318,500 Free,7,5:12.96,Celeste Donegan,,Mizzou Invitational
Texas A&M,80,100 Back,1,51.78,Kaitlyn Owens,,Texas Hall of Fame Invitational
Texas A&M,80,100 Back,2,53.01,Halina Panczyszyn,,Texas A&M vs TCU
Texas A&M,80,100 Back,3,53.77,Macy Lewis,,Texas Hall of Fame Invitational
Texas A&M,80,100 Back,4,54.53,Ava Whitaker,,Texas Hall of Fame Invitational
Texas A&M,80,100 Back,5,54.64,Celina Springer,,Texas Hall of Fame Invitational
Texas A&M,80,100 Back,6,56.87,Corbyn Cormack,,Arizona vs. Texas A&M
Texas A&M,80,100 Breast,1,59.42,Ella McQuinn,,Texas Hall of Fame Invitational
Texas A&M,80,100 Breast,2,1:01.04,Lillie Sczech,,Texas Hall of Fame Invitational
Texas A&M,80,100 Breast,3,1:01.06,Claire Gass,,Texas Hall of Fame Invitational
Texas A&M,80,100 Breast,4,1:01.43,Victoria Taylor,,USC Invite
Texas A&M,80,100 Breast,5,1:02.18,Ella Smoker,,Arizona vs. Texas A&M
Texas A&M,80,100 Breast,6,1:02.71,Giulia Goerigk,,Arizona vs. Texas A&M
Texas A&M,80,100 Breast,7,1:02.93,Hannah O'Leary,,Texas Hall of Fame Invitational
Texas A&M,80,100 Breast,8,1:03.24,Corbyn Cormack,,SMU vs Texas A&M
Texas A&M,80,100 Breast,9,1:03.32,Lydia Palmer,,Arizona vs. Texas A&M
Texas A&M,80,100 Breast,10,1:05.22,Kailey Kennedy,,USC Invite
Texas A&M,80,100 Fly,1,52.34,Ava Whitaker,,Texas Hall of Fame Invitational
Texas A&M,80,100 Fly,2,52.91,Kailey Kennedy,,Texas Hall of Fame Invitational
Texas A&M,80,100 Fly,3,53.18,Eloise Williamson,,USC Invite
Texas A&M,80,100 Fly,4,53.33,Katie Walker,,Texas Hall of Fame Invitational
Texas A&M,80,100 Fly,5,53.54,Corbyn Cormack,,Texas Hall of Fame Invitational
Texas A&M,80,100 Fly,6,54.27,Macy Lewis,,Texas Hall of Fame Invitational
Texas A&M,80,100 Fly,7,54.82,Halina Panczyszyn,,Texas Hall of Fame Invitational
Texas A&M,80,100 Fly,8,56.14,Ophir Rakah,,USC Invite
Texas A&M,80,100 Fly,9,57.28,Hannah O'Leary,,Texas Hall of Fame Invitational
Texas A&M,80,100 Fly,10,57.70,Victoria Taylor,,Texas Hall of Fame Invitational
Texas A&M,80,100 Free,1,48.54,Ella McQuinn,,Texas Hall of Fame Invitational
Texas A&M,80,100 Free,2,49.67,Kaitlyn Owens,,Arizona vs. Texas A&M
Texas A&M,80,100 Free,3,50.06,Reagan Sherrard,,Texas Hall of Fame Invitational
Texas A&M,80,100 Free,4,50.24,Celina Springer,,Texas Hall of Fame Invitational
Texas A&M,80,100 Free,5,51.17,Eloise Williamson,,SMU vs Texas A&M
Texas A&M,80,100 Free,6,51.20,Kailey Kennedy,,Texas Hall of Fame Invitational
Texas A&M,80,100 Free,7,51.34,Katie Walker,,SMU vs Texas A&M
Texas A&M,80,100 Free,8,51.44,Halina Panczyszyn,,Vanderbilt vs Texas A&M and Kentucky
Texas A&M,80,1000 Free,1,9:56.82,Rachel Love,,Texas Hall of Fame Invitational
Texas A&M,80,1000 Free,2,10:15.50,Kaylee Coffey,,Texas A&M vs TCU
Texas A&M,80,1650 Free,1,16:28.56,Rachel Love,,Texas Hall of Fame Invitational
Texas A&M,80,200 Back,1,1:54.76,Halina Panczyszyn,,Texas Hall of Fame Invitational
Texas A&M,80,200 Back,2,1:55.54,Macy Lewis,,Texas Hall of Fame Invitational
Texas A&M,80,200 Back,3,2:00.10,Giulia Goerigk,,Texas A&M vs TCU
Texas A&M,80,200 Back,4,2:00.75,Corbyn Cormack,,Texas Hall of Fame Invitational
Texas A&M,80,200 Back,5,2:01.92,Rachel Love,,Texas Hall of Fame Invitational
Texas A&M,80,200 Back,6,2:10.42,Kaylee Coffey,,USC Invite
Texas A&M,80,200 Breast,1,2:09.25,Lillie Sczech,,Texas Hall of Fame Invitational
Texas A&M,80,200 Breast,2,2:11.36,Hannah O'Leary,,Texas A&M vs TCU
Texas A&M,80,200 Breast,3,2:11.83,Ella McQuinn,,Texas Hall of Fame Invitational
Texas A&M,80,200 Breast,4,2:12.81,Victoria Taylor,,Texas Hall of Fame Invitational
Texas A&M,80,200 Breast,5,2:12.87,Ella Smoker,,Arizona vs. Texas A&M
Texas A&M,80,200 Breast,6,2:14.01,Claire Gass,,Texas Hall of Fame Invitational
Texas A&M,80,200 Breast,7,2:14.07,Giulia Goerigk,,USC Invite
Texas A&M,80,200 Breast,8,2:18.86,Corbyn Cormack,,Texas Hall of Fame Invitational
Texas A&M,80,200 Breast,9,2:21.31,Lydia Palmer,,Arizona vs. Texas A&M
Texas A&M,80,200 Breast,10,2:23.41,Kaylee Coffey,,USC Invite
Texas A&M,80,200 Fly,1,1:55.01,Ava Whitaker,,UH vs Texas A&M
Texas A&M,80,200 Fly,2,1:57.03,Katie Walker,,Texas Hall of Fame Invitational
Texas A&M,80,200 Fly,3,1:58.96,Eloise Williamson,,USC Invite
Texas A&M,80,200 Fly,4,1:59.63,Ophir Rakah,,Texas Hall of Fame Invitational
Texas A&M,80,200 Fly,5,2:02.67,Hannah O'Leary,,USC Invite
Texas A&M,80,200 Fly,6,2:04.95,Corbyn Cormack,,Texas A&M vs TCU
Texas A&M,80,200 Fly,7,2:05.44,Victoria Taylor,,Texas Hall of Fame Invitational
Texas A&M,80,200 Fly,8,2:05.82,Giulia Goerigk,,SMU vs Texas A&M
Texas A&M,80,200 Fly,9,2:06.45,Kaylee Coffey,,Texas Hall of Fame Invitational
Texas A&M,80,200 Free,1,1:45.81,Ella McQuinn,,Texas Hall of Fame Invitational
Texas A&M,80,200 Free,2,1:48.74,Hannah O'Leary,,Texas A&M vs TCU
Texas A&M,80,200 Free,3,1:49.20,Katie Walker,,UH vs Texas A&M
Texas A&M,80,200 Free,4,1:49.51,Giulia Goerigk,,Texas A&M vs TCU
Texas A&M,80,200 Free,5,1:51.06,Celina Springer,,Texas Hall of Fame Invitational
Texas A&M,80,200 Free,6,1:51.09,Rachel Love,,Texas Hall of Fame Invitational
Texas A&M,80,200 Free,7,1:52.34,Kaitlyn Owens,,USC Invite
Texas A&M,80,200 Free,8,1:52.57,Reagan Sherrard,,Texas Hall of Fame Invitational
Texas A&M,80,200 Free,9,1:53.94,Lillie Sczech,,UH vs Texas A&M
Texas A&M,80,200 Im,1,1:59.21,Hannah O'Leary,,Texas Hall of Fame Invitational
Texas A&M,80,200 Im,2,2:00.40,Giulia Goerigk,,Texas Hall of Fame Invitational
Texas A&M,80,200 Im,3,2:01.03,Corbyn Cormack,,Texas Hall of Fame Invitational
Texas A&M,80,200 Im,4,2:02.88,Kaylee Coffey,,Texas Hall of Fame Invitational
Texas A&M,80,200 Im,5,2:02.97,Ava Whitaker,,USC Invite
Texas A&M,80,200 Im,6,2:03.37,Ella Smoker,,Vanderbilt vs Texas A&M and Kentucky
Texas A&M,80,200 Im,7,2:03.93,Victoria Taylor,,Texas Hall of Fame Invitational
Texas A&M,80,200 Im,8,2:04.78,Lydia Palmer,,Arizona vs. Texas A&M
Texas A&M,80,200 Im,9,2:06.48,Katie Walker,,USC Invite
Texas A&M,80,200 Im,10,2:06.90,Lillie Sczech,,Texas Hall of Fame Invitational
Texas A&M,80,400 Im,1,4:13.24,Giulia Goerigk,,USC Invite
Texas A&M,80,400 Im,2,4:14.25,Hannah O'Leary,,Texas Hall of Fame Invitational
Texas A&M,80,400 Im,3,4:20.50,Victoria Taylor,,USC Invite
Texas A&M,80,400 Im,4,4:21.95,Kaylee Coffey,,Texas Hall of Fame Invitational
Texas A&M,80,400 Im,5,4:24.80,Corbyn Cormack,,SMU vs Texas A&M
Texas A&M,80,400 Im,6,4:26.65,Ophir Rakah,,Texas Hall of Fame Invitational
Texas A&M,80,400 Im,7,4:31.30,Lillie Sczech,,USC Invite
Texas A&M,80,400 Im,8,4:32.07,Ella Smoker,,USC Invite
Texas A&M,80,400 Im,9,4:34.82,Lydia Palmer,,Arizona vs. Texas A&M
Texas A&M,80,50 Free,1,22.37,Kaitlyn Owens,,Texas Hall of Fame Invitational
Texas A&M,80,50 Free,2,22.58,Reagan Sherrard,,Texas Hall of Fame Invitational
Texas A&M,80,50 Free,3,22.82,Kailey Kennedy,,Texas Hall of Fame Invitational
Texas A&M,80,50 Free,4,22.86,Ella McQuinn,,Texas Hall of Fame Invitational
Texas A&M,80,50 Free,5,22.92,Eloise Williamson,,SMU vs Texas A&M
Texas A&M,80,50 Free,6,23.17,Celina Springer,,Texas Hall of Fame Invitational
Texas A&M,80,50 Free,7,23.40,Ava Whitaker,,SMU vs Texas A&M
Texas A&M,80,50 Free,8,23.67,Katie Walker,,Texas Hall of Fame Invitational
Texas A&M,80,50 Free,9,24.46,Halina Panczyszyn,,UH vs Texas A&M
Texas A&M,80,50 Free,10,24.67,Ophir Rakah,,USC Invite
Texas A&M,80,500 Free,1,4:48.54,Rachel Love,,Texas Hall of Fame Invitational
Texas A&M,80,500 Free,2,4:50.39,Giulia Goerigk,,USC Invite
Texas A&M,80,500 Free,3,4:53.22,Hannah O'Leary,,UH vs Texas A&M
Texas A&M,80,500 Free,4,4:54.93,Katie Walker,,USC Invite
Texas A&M,80,500 Free,5,4:55.41,Ophir Rakah,,Texas Hall of Fame Invitational
Texas A&M,80,500 Free,6,4:58.17,Kaylee Coffey,,Texas Hall of Fame Invitational
Texas A&M,80,500 Free,7,5:05.62,Lydia Palmer,,Arizona vs. Texas A&M
Texas A&M,80,500 Free,8,5:06.45,Ella Smoker,,Texas A&M vs TCU
Texas A&M,80,500 Free,9,5:10.85,Lillie Sczech,,USC Invite
Towson,320,100 Back,1,56.60,Madison Neal,,George Washington VS Towson
Towson,320,100 Back,2,56.66,Addie Scott,,George Washington VS Towson
Towson,320,100 Back,3,57.04,Ava McKinney,,Patriot Invitational
Towson,320,100 Back,4,57.18,Emily Thornett,,Patriot Invitational
Towson,320,100 Back,5,59.02,Dylan Gustaff,,George Mason vs. Towson
Towson,320,100 Breast,1,1:03.97,Riley Willett,,Patriot Invitational
Towson,320,100 Breast,2,1:05.32,Ellie Newman,,Patriot Invitational
Towson,320,100 Breast,3,1:05.92,Ryland Zuniga,,Patriot Invitational
Towson,320,100 Breast,4,1:08.27,Britney Denny,,Howard vs Towson
Towson,320,100 Breast,5,1:09.29,Emmy Erikson,,La Salle vs. Towson
Towson,320,100 Breast,6,1:12.40,Danielle McCarthy,,George Washington VS Towson
Towson,320,100 Fly,1,55.71,Riley Willett,,Patriot Invitational
Towson,320,100 Fly,2,55.99,Julianna Wahl,,Patriot Invitational
Towson,320,100 Fly,3,56.95,Emily Thornett,,Thomas Murphy  Invitational
Towson,320,100 Fly,4,57.22,Bjartey Gudmundsdottir,,Patriot Invitational
Towson,320,100 Fly,5,57.91,Megan Unruh,,Patriot Invitational
Towson,320,100 Fly,6,59.11,Britney Denny,,Patriot Invitational
Towson,320,100 Fly,7,1:00.77,Dylan Gustaff,,Patriot Invitational
Towson,320,100 Fly,8,1:02.09,Ellie Newman,,Patriot Invitational
Towson,320,100 Fly,9,1:02.71,Lucy Nicholson,,Thomas Murphy  Invitational
Towson,320,100 Fly,10,1:04.20,Danielle McCarthy,,Thomas Murphy  Invitational
Towson,320,100 Free,1,50.79,Addie Scott,,Patriot Invitational
Towson,320,100 Free,2,50.88,Bjartey Gudmundsdottir,,Patriot Invitational
Towson,320,100 Free,3,50.97,Emmy Erikson,,Patriot Invitational
Towson,320,100 Free,4,51.39,Ryland Zuniga,,Patriot Invitational
Towson,320,100 Free,5,51.68,Summer Bontrager,,Patriot Invitational
Towson,320,100 Free,6,52.62,Julianna Wahl,,George Mason vs. Towson
Towson,320,100 Free,7,52.90,Kaitlyn Besner,,Thomas Murphy  Invitational
Towson,320,100 Free,8,54.00,Ava McKinney,,Thomas Murphy  Invitational
Towson,320,100 Free,9,54.59,Riley Langan,,Patriot Invitational
Towson,320,100 Free,10,54.90,Madison Neal,,Patriot Invitational
Towson,320,1000 Free,1,10:09.86,Kaitlyn Besner,,Patriot Invitational
Towson,320,1000 Free,2,10:18.10,Addie Scott,,Thomas Murphy  Invitational
Towson,320,1000 Free,3,10:21.21,Danielle McCarthy,,Thomas Murphy  Invitational
Towson,320,1000 Free,4,10:30.29,Ellie Friedlander,,George Mason vs. Towson
Towson,320,1000 Free,5,10:34.02,Lucy Nicholson,,Thomas Murphy  Invitational
Towson,320,1000 Free,6,10:37.47,Dylan Gustaff,,Howard vs Towson
Towson,320,1000 Free,7,10:39.21,Riley Langan,,Patriot Invitational
Towson,320,1000 Free,8,11:00.90,Megan Unruh,,Howard vs Towson
Towson,320,1650 Free,1,16:49.77,Kaitlyn Besner,,Patriot Invitational
Towson,320,1650 Free,2,17:09.21,Addie Scott,,Thomas Murphy  Invitational
Towson,320,1650 Free,3,17:13.03,Danielle McCarthy,,Thomas Murphy  Invitational
Towson,320,1650 Free,4,17:17.32,Ellie Friedlander,,Patriot Invitational
Towson,320,1650 Free,5,17:32.43,Lucy Nicholson,,Thomas Murphy  Invitational
Towson,320,1650 Free,6,17:33.00,Riley Langan,,Patriot Invitational
Towson,320,200 Back,1,2:00.81,Madison Neal,,Patriot Invitational
Towson,320,200 Back,2,2:00.85,Addie Scott,,Thomas Murphy  Invitational
Towson,320,200 Back,3,2:03.57,Ava McKinney,,Patriot Invitational
Towson,320,200 Back,4,2:03.82,Dylan Gustaff,,Patriot Invitational
Towson,320,200 Back,5,2:05.93,Emily Thornett,,George Washington VS Towson
Towson,320,200 Back,6,2:09.09,Ellie Friedlander,,Patriot Invitational
Towson,320,200 Breast,1,2:18.68,Britney Denny,,George Washington VS Towson
Towson,320,200 Breast,2,2:20.28,Riley Willett,,Patriot Invitational
Towson,320,200 Breast,3,2:20.72,Ellie Newman,,Patriot Invitational
Towson,320,200 Breast,4,2:26.89,Ryland Zuniga,,James Madison vs. Towson
Towson,320,200 Breast,5,2:28.67,Danielle McCarthy,,Thomas Murphy  Invitational
Towson,320,200 Breast,6,2:33.41,Lucy Nicholson,,Fordham vs Towson
Towson,320,200 Fly,1,2:04.93,Britney Denny,,Patriot Invitational
Towson,320,200 Fly,2,2:04.99,Megan Unruh,,Patriot Invitational
Towson,320,200 Fly,3,2:06.57,Emily Thornett,,Thomas Murphy  Invitational
Towson,320,200 Fly,4,2:10.85,Lucy Nicholson,,Patriot Invitational
Towson,320,200 Fly,5,2:11.46,Julianna Wahl,,Patriot Invitational
Towson,320,200 Free,1,1:47.72,Addie Scott,,Patriot Invitational
Towson,320,200 Free,2,1:51.19,Emmy Erikson,,Patriot Invitational
Towson,320,200 Free,3,1:51.64,Kaitlyn Besner,,Patriot Invitational
Towson,320,200 Free,4,1:51.79,Megan Unruh,,Patriot Invitational
Towson,320,200 Free,5,1:52.27,Ryland Zuniga,,Patriot Invitational
Towson,320,200 Free,6,1:52.33,Summer Bontrager,,Patriot Invitational
Towson,320,200 Free,7,1:53.55,Bjartey Gudmundsdottir,,Patriot Invitational
Towson,320,200 Free,8,1:54.14,Ellie Friedlander,,Patriot Invitational
Towson,320,200 Free,9,1:54.73,Riley Langan,,Patriot Invitational
Towson,320,200 Free,10,1:55.86,Dylan Gustaff,,George Washington VS Towson
Towson,320,200 Im,1,2:04.08,Riley Willett,,Patriot Invitational
Towson,320,200 Im,2,2:06.36,Britney Denny,,Patriot Invitational
Towson,320,200 Im,3,2:07.17,Dylan Gustaff,,Patriot Invitational
Towson,320,200 Im,4,2:08.69,Ellie Newman,,Patriot Invitational
Towson,320,200 Im,5,2:08.87,Emily Thornett,,Patriot Invitational
Towson,320,200 Im,6,2:09.44,Lucy Nicholson,,George Mason vs. Towson
Towson,320,200 Im,7,2:13.12,Megan Unruh,,George Washington VS Towson
Towson,320,200 Im,8,2:14.82,Danielle McCarthy,,George Mason vs. Towson
Towson,320,400 Im,1,4:26.59,Dylan Gustaff,,Patriot Invitational
Towson,320,400 Im,2,4:27.40,Britney Denny,,Patriot Invitational
Towson,320,400 Im,3,4:32.41,Ellie Newman,,Patriot Invitational
Towson,320,400 Im,4,4:35.82,Danielle McCarthy,,Patriot Invitational
Towson,320,400 Im,5,4:37.11,Lucy Nicholson,,Thomas Murphy  Invitational
Towson,320,50 Free,1,23.18,Bjartey Gudmundsdottir,,Patriot Invitational
Towson,320,50 Free,2,23.53,Ryland Zuniga,,Thomas Murphy  Invitational
Towson,320,50 Free,3,23.68,Riley Willett,,Thomas Murphy  Invitational
Towson,320,50 Free,4,23.73,Emmy Erikson,,Patriot Invitational
Towson,320,50 Free,5,23.73,Addie Scott,,Patriot Invitational
Towson,320,50 Free,6,23.93,Julianna Wahl,,Patriot Invitational
Towson,320,50 Free,7,24.21,Summer Bontrager,,Patriot Invitational
Towson,320,50 Free,8,24.33,Ava McKinney,,Thomas Murphy  Invitational
Towson,320,50 Free,9,25.64,Kaitlyn Besner,,Thomas Murphy  Invitational
Towson,320,50 Free,10,25.71,Ellie Newman,,Thomas Murphy  Invitational
Towson,320,500 Free,1,4:50.43,Addie Scott,,Patriot Invitational
Towson,320,500 Free,2,4:55.54,Kaitlyn Besner,,Patriot Invitational
Towson,320,500 Free,3,4:59.53,Megan Unruh,,Patriot Invitational
Towson,320,500 Free,4,5:00.85,Summer Bontrager,,Thomas Murphy  Invitational
Towson,320,500 Free,5,5:01.00,Danielle McCarthy,,Thomas Murphy  Invitational
Towson,320,500 Free,6,5:01.73,Ellie Friedlander,,Patriot Invitational
Towson,320,500 Free,7,5:04.33,Riley Langan,,Patriot Invitational
Towson,320,500 Free,8,5:05.77,Emmy Erikson,,Thomas Murphy  Invitational
Towson,320,500 Free,9,5:06.71,Lucy Nicholson,,Patriot Invitational
Towson,320,500 Free,10,5:12.99,Madison Neal,,Patriot Invitational
UC San Diego,121,100 Back,1,53.57,Eva Boehlke,,"Pepperdine vs. UCSD, UCSB"
UC San Diego,121,100 Back,2,54.00,Addie Everage,,"Pepperdine vs. UCSD, UCSB"
UC San Diego,121,100 Back,3,54.10,Maddie O'Connell,,"Pepperdine vs. UCSD, UCSB"
UC San Diego,121,100 Back,4,55.38,Danielle Greenwood,,Trailblazer Invitational
UC San Diego,121,100 Back,5,56.56,Dani Carter,,UCSD v SFU v CMS
UC San Diego,121,100 Back,6,56.61,Iris Bayan,,"UC San Diego vs. Tulane, UCLA, Wisconsin"
UC San Diego,121,100 Back,7,56.89,Minh Nha Kawamura,,Trailblazer Invitational
UC San Diego,121,100 Back,8,1:02.05,Bianca Fernandez,,Trailblazer Invitational
UC San Diego,121,100 Breast,1,59.82,Chloe Braun,,UC San Diego vs. UC Davis
UC San Diego,121,100 Breast,2,1:01.53,Hayley Gregory,,Trailblazer Invitational
UC San Diego,121,100 Breast,3,1:03.85,Clemence Choy,,UC San Diego vs. UC Davis
UC San Diego,121,100 Breast,4,1:04.37,Sabrina Bennani,,Trailblazer Invitational
UC San Diego,121,100 Fly,1,53.19,Eva Boehlke,,"Pepperdine vs. UCSD, UCSB"
UC San Diego,121,100 Fly,2,53.66,Maddie O'Connell,,Triton Invitational
UC San Diego,121,100 Fly,3,54.89,Jasmine Phuong,,Trailblazer Invitational
UC San Diego,121,100 Fly,4,55.14,Edana Huang,,Trailblazer Invitational
UC San Diego,121,100 Fly,5,55.25,Chloe Braun,,"UC San Diego vs. Tulane, UCLA, Wisconsin"
UC San Diego,121,100 Fly,6,55.48,Minh Nha Kawamura,,"Pepperdine vs. UCSD, UCSB"
UC San Diego,121,100 Fly,7,55.65,Kelsey Leung,,"USC vs. UNLV, UC San Diego"
UC San Diego,121,100 Fly,8,56.45,Addie Everage,,Triton Invitational
UC San Diego,121,100 Fly,9,57.84,Iris Bayan,,"Pepperdine vs. UCSD, UCSB"
UC San Diego,121,100 Fly,10,58.31,Asia Kozan,,"Pepperdine vs. UCSD, UCSB"
UC San Diego,121,100 Free,1,50.36,Asia Kozan,,"UC San Diego vs. Tulane, UCLA, Wisconsin"
UC San Diego,121,100 Free,2,50.72,Jasmine Phuong,,"Pepperdine vs. UCSD, UCSB"
UC San Diego,121,100 Free,3,50.97,Maddie O'Connell,,Trailblazer Invitational
UC San Diego,121,100 Free,4,51.26,Dani Carter,,Trailblazer Invitational
UC San Diego,121,100 Free,5,51.69,Sophia Bell,,Trailblazer Invitational
UC San Diego,121,100 Free,6,51.74,Audrey Moore,,Trailblazer Invitational
UC San Diego,121,100 Free,7,52.15,Sydney Borick,,Trailblazer Invitational
UC San Diego,121,100 Free,8,52.45,Brooke Shumway,,Triton Invitational
UC San Diego,121,100 Free,9,52.96,Kelsey Leung,,UCSD v SFU v CMS
UC San Diego,121,100 Free,10,53.13,Bianca Fernandez,,"UC San Diego vs. Tulane, UCLA, Wisconsin"
UC San Diego,121,1000 Free,1,10:05.51,Sophia Bell,,UC San Diego vs. UC Davis
UC San Diego,121,1000 Free,2,10:23.28,Mia Park,,"Pepperdine vs. UCSD, UCSB"
UC San Diego,121,1000 Free,3,10:26.88,Belle Puckett,,"USC vs. UNLV, UC San Diego"
UC San Diego,121,1000 Free,4,10:27.54,Clemence Choy,,"Pepperdine vs. UCSD, UCSB"
UC San Diego,121,1650 Free,1,16:59.63,Sophia Bell,,Trailblazer Invitational
UC San Diego,121,1650 Free,2,17:19.13,Clemence Choy,,UCSD v SFU v CMS
UC San Diego,121,1650 Free,3,17:26.65,Mia Park,,Trailblazer Invitational
UC San Diego,121,1650 Free,4,17:56.37,Belle Puckett,,Triton Invitational
UC San Diego,121,200 Back,1,1:56.97,Eva Boehlke,,Trailblazer Invitational
UC San Diego,121,200 Back,2,1:57.79,Addie Everage,,Trailblazer Invitational
UC San Diego,121,200 Back,3,1:59.34,Sydney Niles,,Trailblazer Invitational
UC San Diego,121,200 Back,4,2:01.92,Danielle Greenwood,,Trailblazer Invitational
UC San Diego,121,200 Back,5,2:04.61,Minh Nha Kawamura,,"Pepperdine vs. UCSD, UCSB"
UC San Diego,121,200 Back,6,2:05.74,Iris Bayan,,"USC vs. UNLV, UC San Diego"
UC San Diego,121,200 Breast,1,2:12.76,Chloe Braun,,Trailblazer Invitational
UC San Diego,121,200 Breast,2,2:15.77,Hayley Gregory,,"Pepperdine vs. UCSD, UCSB"
UC San Diego,121,200 Breast,3,2:17.54,Clemence Choy,,Triton Invitational
UC San Diego,121,200 Breast,4,2:17.61,Sabrina Bennani,,UC San Diego vs. UC Davis
UC San Diego,121,200 Fly,1,1:57.10,Asia Kozan,,"Pepperdine vs. UCSD, UCSB"
UC San Diego,121,200 Fly,2,2:00.00,Edana Huang,,"USC vs. UNLV, UC San Diego"
UC San Diego,121,200 Fly,3,2:01.37,Kelsey Leung,,"UC San Diego vs. Tulane, UCLA, Wisconsin"
UC San Diego,121,200 Fly,4,2:05.57,Eva Boehlke,,Triton Invitational
UC San Diego,121,200 Fly,5,2:05.98,Brooke Shumway,,Triton Invitational
UC San Diego,121,200 Fly,6,2:06.14,Minh Nha Kawamura,,"USC vs. UNLV, UC San Diego"
UC San Diego,121,200 Free,1,1:45.81,Asia Kozan,,Trailblazer Invitational
UC San Diego,121,200 Free,2,1:49.68,Sydney Niles,,"USC vs. UNLV, UC San Diego"
UC San Diego,121,200 Free,3,1:50.15,Edana Huang,,Trailblazer Invitational
UC San Diego,121,200 Free,4,1:50.67,Audrey Moore,,Trailblazer Invitational
UC San Diego,121,200 Free,5,1:51.09,Sophia Bell,,Trailblazer Invitational
UC San Diego,121,200 Free,6,1:51.43,Dani Carter,,"UC San Diego vs. Tulane, UCLA, Wisconsin"
UC San Diego,121,200 Free,7,1:52.84,Belle Puckett,,Trailblazer Invitational
UC San Diego,121,200 Free,8,1:52.99,Minh Nha Kawamura,,"USC vs. UNLV, UC San Diego"
UC San Diego,121,200 Free,9,1:53.91,Brooke Shumway,,UCSD v SFU v CMS
UC San Diego,121,200 Free,10,1:54.32,Mia Park,,Triton Invitational
UC San Diego,121,200 Im,1,1:57.12,Asia Kozan,,"USC vs. UNLV, UC San Diego"
UC San Diego,121,200 Im,2,1:58.99,Eva Boehlke,,Trailblazer Invitational
UC San Diego,121,200 Im,3,2:00.76,Chloe Braun,,Trailblazer Invitational
UC San Diego,121,200 Im,4,2:01.74,Sydney Niles,,"UC San Diego vs. Tulane, UCLA, Wisconsin"
UC San Diego,121,200 Im,5,2:04.70,Kelsey Leung,,"UC San Diego vs. Tulane, UCLA, Wisconsin"
UC San Diego,121,200 Im,6,2:05.43,Sabrina Bennani,,UCSD v SFU v CMS
UC San Diego,121,200 Im,7,2:05.90,Brooke Shumway,,UCSD v SFU v CMS
UC San Diego,121,200 Im,8,2:05.93,Clemence Choy,,Triton Invitational
UC San Diego,121,200 Im,9,2:07.56,Hayley Gregory,,Trailblazer Invitational
UC San Diego,121,200 Im,10,2:08.03,Minh Nha Kawamura,,Trailblazer Invitational
UC San Diego,121,400 Im,1,4:14.58,Asia Kozan,,"Pepperdine vs. UCSD, UCSB"
UC San Diego,121,400 Im,2,4:18.15,Sydney Niles,,Trailblazer Invitational
UC San Diego,121,400 Im,3,4:25.99,Kelsey Leung,,"Pepperdine vs. UCSD, UCSB"
UC San Diego,121,400 Im,4,4:26.58,Sabrina Bennani,,Trailblazer Invitational
UC San Diego,121,400 Im,5,4:27.34,Clemence Choy,,Triton Invitational
UC San Diego,121,50 Free,1,23.02,Maddie O'Connell,,"USC vs. UNLV, UC San Diego"
UC San Diego,121,50 Free,2,23.09,Jasmine Phuong,,Trailblazer Invitational
UC San Diego,121,50 Free,3,23.38,Asia Kozan,,"UC San Diego vs. Tulane, UCLA, Wisconsin"
UC San Diego,121,50 Free,4,23.53,Dani Carter,,Trailblazer Invitational
UC San Diego,121,50 Free,5,23.99,Sydney Borick,,Trailblazer Invitational
UC San Diego,121,50 Free,6,24.04,Danielle Greenwood,,Trailblazer Invitational
UC San Diego,121,50 Free,7,24.23,Addie Everage,,Trailblazer Invitational
UC San Diego,121,50 Free,8,24.44,Audrey Moore,,Trailblazer Invitational
UC San Diego,121,50 Free,9,24.62,Mia Park,,"USC vs. UNLV, UC San Diego"
UC San Diego,121,50 Free,10,24.74,Bianca Fernandez,,"UC San Diego vs. Tulane, UCLA, Wisconsin"
UC San Diego,121,500 Free,1,4:46.97,Asia Kozan,,Trailblazer Invitational
UC San Diego,121,500 Free,2,4:54.05,Sophia Bell,,Trailblazer Invitational
UC San Diego,121,500 Free,3,4:55.30,Edana Huang,,Trailblazer Invitational
UC San Diego,121,500 Free,4,4:59.10,Belle Puckett,,"UC San Diego vs. Tulane, UCLA, Wisconsin"
UC San Diego,121,500 Free,5,5:01.42,Mia Park,,Trailblazer Invitational
UC San Diego,121,500 Free,6,5:04.07,Brooke Shumway,,Triton Invitational
UC San Diego,121,500 Free,7,5:10.10,Audrey Moore,,Triton Invitational
UC-Santa Barbara,194,100 Back,1,54.03,Hazel Derr,,"Pepperdine vs. UCSD, UCSB"
UC-Santa Barbara,194,100 Back,2,54.76,Coco Quill,,Navy Fall Invitational
UC-Santa Barbara,194,100 Back,3,55.62,Caitlin Brown,,Navy Fall Invitational
UC-Santa Barbara,194,100 Back,4,56.71,Makena Leacox,,"Pepperdine vs. UCSD, UCSB"
UC-Santa Barbara,194,100 Back,5,56.77,Olivia Hovorka,,Navy Fall Invitational
UC-Santa Barbara,194,100 Back,6,57.24,Eugenie Lanilis,,"Cal Baptist vs. Denver, San Diego State, UCSB"
UC-Santa Barbara,194,100 Back,7,57.93,Callie Kowalchick,,Triton Invitational
UC-Santa Barbara,194,100 Back,8,58.27,Ashley Ray,,UCSB vs UOP Dual
UC-Santa Barbara,194,100 Back,9,58.42,Miranda Stevenson,,UCSB vs UC Davis
UC-Santa Barbara,194,100 Back,10,1:03.32,Anna Brill,,"Cal Baptist vs. Denver, San Diego State, UCSB"
UC-Santa Barbara,194,100 Breast,1,1:01.34,Ashley Ray,,Navy Fall Invitational
UC-Santa Barbara,194,100 Breast,2,1:02.23,Mai Kawahata,,Navy Fall Invitational
UC-Santa Barbara,194,100 Breast,3,1:02.71,Remy Harrison,,Navy Fall Invitational
UC-Santa Barbara,194,100 Breast,4,1:03.63,Silvia Faraboschi,,Navy Fall Invitational
UC-Santa Barbara,194,100 Breast,5,1:03.63,Makena Leacox,,Navy Fall Invitational
UC-Santa Barbara,194,100 Breast,6,1:03.93,Lucy Huang,,"Pepperdine vs. UCSD, UCSB"
UC-Santa Barbara,194,100 Breast,7,1:04.48,Morgan Hoppe,,Navy Fall Invitational
UC-Santa Barbara,194,100 Breast,8,1:05.78,Miranda Stevenson,,Navy Fall Invitational
UC-Santa Barbara,194,100 Breast,9,1:06.98,Enya Linson,,UCSB vs UOP Dual
UC-Santa Barbara,194,100 Fly,1,53.40,Samantha Banos,,Navy Fall Invitational
UC-Santa Barbara,194,100 Fly,2,53.97,Caitlin Brown,,Navy Fall Invitational
UC-Santa Barbara,194,100 Fly,3,54.68,Sammie Hall,,"Cal Baptist vs. Denver, San Diego State, UCSB"
UC-Santa Barbara,194,100 Fly,4,56.20,Makena Leacox,,UCSB vs UOP Dual
UC-Santa Barbara,194,100 Fly,5,56.26,Gretta Callison,,Navy Fall Invitational
UC-Santa Barbara,194,100 Fly,6,56.35,Coco Quill,,Navy Fall Invitational
UC-Santa Barbara,194,100 Fly,7,57.08,Chloe Eyrich,,Navy Fall Invitational
UC-Santa Barbara,194,100 Fly,8,57.26,Olivia Hovorka,,Navy Fall Invitational
UC-Santa Barbara,194,100 Fly,9,57.56,Alexi Zuckerman,,Navy Fall Invitational
UC-Santa Barbara,194,100 Fly,10,58.09,Sophia Hook,,UCSB vs UOP Dual
UC-Santa Barbara,194,100 Free,1,50.10,Samantha Banos,,"Pepperdine vs. UCSD, UCSB"
UC-Santa Barbara,194,100 Free,2,50.16,Eugenie Lanilis,,Navy Fall Invitational
UC-Santa Barbara,194,100 Free,3,50.59,Gretta Callison,,Navy Fall Invitational
UC-Santa Barbara,194,100 Free,4,50.70,Makena Leacox,,Navy Fall Invitational
UC-Santa Barbara,194,100 Free,5,51.21,Ashley Ray,,Navy Fall Invitational
UC-Santa Barbara,194,100 Free,6,51.26,Miranda Stevenson,,UCSB vs UOP Dual
UC-Santa Barbara,194,100 Free,7,51.31,Caitlin Brown,,Navy Fall Invitational
UC-Santa Barbara,194,100 Free,8,51.50,Callie Kowalchick,,Navy Fall Invitational
UC-Santa Barbara,194,100 Free,9,51.52,Alexi Zuckerman,,Navy Fall Invitational
UC-Santa Barbara,194,100 Free,10,51.86,Sophia Hook,,Navy Fall Invitational
UC-Santa Barbara,194,1000 Free,1,10:14.51,Annie Andres,,Navy Fall Invitational
UC-Santa Barbara,194,1000 Free,2,10:15.02,Lelia Symington,,"Cal Baptist vs. Denver, San Diego State, UCSB"
UC-Santa Barbara,194,1000 Free,3,10:19.56,Ella Martinez-Spencer,,Navy Fall Invitational
UC-Santa Barbara,194,1000 Free,4,10:27.19,Amelie Ogilby,,UCSB vs UOP Dual
UC-Santa Barbara,194,1000 Free,5,10:27.99,Ellie Schomberg,,Navy Fall Invitational
UC-Santa Barbara,194,1000 Free,6,10:45.29,Chloe Eyrich,,UCSB vs UOP Dual
UC-Santa Barbara,194,1650 Free,1,16:55.52,Annie Andres,,Navy Fall Invitational
UC-Santa Barbara,194,1650 Free,2,17:07.22,Ella Martinez-Spencer,,Navy Fall Invitational
UC-Santa Barbara,194,1650 Free,3,17:07.62,Lelia Symington,,Navy Fall Invitational
UC-Santa Barbara,194,1650 Free,4,17:24.91,Ellie Schomberg,,Navy Fall Invitational
UC-Santa Barbara,194,1650 Free,5,17:29.21,Amelie Ogilby,,Navy Fall Invitational
UC-Santa Barbara,194,200 Back,1,1:57.60,Hazel Derr,,Navy Fall Invitational
UC-Santa Barbara,194,200 Back,2,2:01.93,Coco Quill,,Navy Fall Invitational
UC-Santa Barbara,194,200 Back,3,2:03.07,Amelie Ogilby,,Navy Fall Invitational
UC-Santa Barbara,194,200 Back,4,2:03.82,Anna Brill,,"Pepperdine vs. UCSD, UCSB"
UC-Santa Barbara,194,200 Back,5,2:04.07,Ella Martinez-Spencer,,Navy Fall Invitational
UC-Santa Barbara,194,200 Back,6,2:05.48,Callie Kowalchick,,UCSB vs UOP Dual
UC-Santa Barbara,194,200 Breast,1,2:13.40,Mai Kawahata,,Navy Fall Invitational
UC-Santa Barbara,194,200 Breast,2,2:15.82,Ashley Ray,,UCSB vs UOP Dual
UC-Santa Barbara,194,200 Breast,3,2:17.37,Lucy Huang,,Navy Fall Invitational
UC-Santa Barbara,194,200 Breast,4,2:18.17,Silvia Faraboschi,,"Pepperdine vs. UCSD, UCSB"
UC-Santa Barbara,194,200 Breast,5,2:20.14,Remy Harrison,,Navy Fall Invitational
UC-Santa Barbara,194,200 Breast,6,2:21.45,Devon Silberman,,Navy Fall Invitational
UC-Santa Barbara,194,200 Breast,7,2:21.77,Enya Linson,,UCSB vs UOP Dual
UC-Santa Barbara,194,200 Breast,8,2:24.08,Morgan Hoppe,,Navy Fall Invitational
UC-Santa Barbara,194,200 Fly,1,1:56.14,Samantha Banos,,Navy Fall Invitational
UC-Santa Barbara,194,200 Fly,2,2:01.94,Sammie Hall,,"Pepperdine vs. UCSD, UCSB"
UC-Santa Barbara,194,200 Fly,3,2:03.39,Annie Andres,,"Pepperdine vs. UCSD, UCSB"
UC-Santa Barbara,194,200 Fly,4,2:03.95,Chloe Eyrich,,Navy Fall Invitational
UC-Santa Barbara,194,200 Fly,5,2:06.97,Devon Silberman,,"Cal Baptist vs. Denver, San Diego State, UCSB"
UC-Santa Barbara,194,200 Free,1,1:47.99,Samantha Banos,,UCSB vs UOP Dual
UC-Santa Barbara,194,200 Free,2,1:51.44,Callie Kowalchick,,Navy Fall Invitational
UC-Santa Barbara,194,200 Free,3,1:51.60,Ella Martinez-Spencer,,Navy Fall Invitational
UC-Santa Barbara,194,200 Free,4,1:51.71,Annie Andres,,Navy Fall Invitational
UC-Santa Barbara,194,200 Free,5,1:52.59,Anna Brill,,"Pepperdine vs. UCSD, UCSB"
UC-Santa Barbara,194,200 Free,6,1:52.61,Ellie Schomberg,,UCSB vs UOP Dual
UC-Santa Barbara,194,200 Free,7,1:52.85,Lelia Symington,,Navy Fall Invitational
UC-Santa Barbara,194,200 Free,8,1:55.52,Sophia Hook,,Navy Fall Invitational
UC-Santa Barbara,194,200 Free,9,1:56.17,Devon Silberman,,"Cal Baptist vs. Denver, San Diego State, UCSB"
UC-Santa Barbara,194,200 Free,10,1:57.02,Mai Kawahata,,PAC Invite
UC-Santa Barbara,194,200 Im,1,1:59.76,Samantha Banos,,Navy Fall Invitational
UC-Santa Barbara,194,200 Im,2,2:01.88,Mai Kawahata,,Navy Fall Invitational
UC-Santa Barbara,194,200 Im,3,2:04.03,Lucy Huang,,Navy Fall Invitational
UC-Santa Barbara,194,200 Im,4,2:04.48,Sammie Hall,,Navy Fall Invitational
UC-Santa Barbara,194,200 Im,5,2:06.77,Silvia Faraboschi,,Navy Fall Invitational
UC-Santa Barbara,194,200 Im,6,2:06.87,Remy Harrison,,Navy Fall Invitational
UC-Santa Barbara,194,200 Im,7,2:07.55,Anna Brill,,Triton Invitational
UC-Santa Barbara,194,200 Im,8,2:07.63,Amelie Ogilby,,Triton Invitational
UC-Santa Barbara,194,200 Im,9,2:08.07,Morgan Hoppe,,Navy Fall Invitational
UC-Santa Barbara,194,200 Im,10,2:09.03,Devon Silberman,,Navy Fall Invitational
UC-Santa Barbara,194,400 Im,1,4:20.39,Samantha Banos,,"Pepperdine vs. UCSD, UCSB"
UC-Santa Barbara,194,400 Im,2,4:21.28,Amelie Ogilby,,Navy Fall Invitational
UC-Santa Barbara,194,400 Im,3,4:28.66,Devon Silberman,,Navy Fall Invitational
UC-Santa Barbara,194,400 Im,4,4:28.70,Anna Brill,,Navy Fall Invitational
UC-Santa Barbara,194,400 Im,5,4:33.50,Mai Kawahata,,"Pepperdine vs. UCSD, UCSB"
UC-Santa Barbara,194,400 Im,6,4:34.96,Lucy Huang,,PAC Invite
UC-Santa Barbara,194,50 Free,1,22.94,Alexi Zuckerman,,UCSB vs UOP Dual
UC-Santa Barbara,194,50 Free,2,22.96,Miranda Stevenson,,Navy Fall Invitational
UC-Santa Barbara,194,50 Free,3,23.04,Eugenie Lanilis,,Navy Fall Invitational
UC-Santa Barbara,194,50 Free,4,23.05,Gretta Callison,,UCSB vs UOP Dual
UC-Santa Barbara,194,50 Free,5,23.19,Ashley Ray,,Navy Fall Invitational
UC-Santa Barbara,194,50 Free,6,23.30,Caitlin Brown,,Navy Fall Invitational
UC-Santa Barbara,194,50 Free,7,23.32,Sophia Hook,,Navy Fall Invitational
UC-Santa Barbara,194,50 Free,8,23.58,Makena Leacox,,Navy Fall Invitational
UC-Santa Barbara,194,50 Free,9,23.65,Hazel Derr,,Navy Fall Invitational
UC-Santa Barbara,194,50 Free,10,23.66,Callie Kowalchick,,Navy Fall Invitational
UC-Santa Barbara,194,500 Free,1,4:50.35,Samantha Banos,,UCSB vs UOP Dual
UC-Santa Barbara,194,500 Free,2,4:54.55,Lelia Symington,,Navy Fall Invitational
UC-Santa Barbara,194,500 Free,3,4:55.45,Ella Martinez-Spencer,,Navy Fall Invitational
UC-Santa Barbara,194,500 Free,4,4:57.50,Annie Andres,,Navy Fall Invitational
UC-Santa Barbara,194,500 Free,5,4:59.67,Ellie Schomberg,,Navy Fall Invitational
UC-Santa Barbara,194,500 Free,6,5:00.60,Anna Brill,,Navy Fall Invitational
UC-Santa Barbara,194,500 Free,7,5:02.47,Amelie Ogilby,,Navy Fall Invitational
UC-Santa Barbara,194,500 Free,8,5:07.78,Devon Silberman,,"Cal Baptist vs. Denver, San Diego State, UCSB"
UC-Santa Barbara,194,500 Free,9,5:08.23,Chloe Eyrich,,PAC Invite
UMBC,138,100 Back,1,56.61,ALICE MARINI,,Bucknell Invitational
UMBC,138,100 Back,2,58.31,Bruna De Padua,,Thomas Murphy  Invitational
UMBC,138,100 Back,3,58.34,Ashley Gutshall,,Bucknell Invitational
UMBC,138,100 Back,4,59.14,Ellie Taragano,,Thomas Murphy  Invitational
UMBC,138,100 Back,5,59.17,Evie Grim,,Bucknell Invitational
UMBC,138,100 Back,6,59.19,Nicol Davanzo,,Thomas Murphy  Invitational
UMBC,138,100 Back,7,59.64,Ella Nadeau,,Bucknell Invitational
UMBC,138,100 Back,8,1:00.31,Alyssa Gonci,,Thomas Murphy  Invitational
UMBC,138,100 Back,9,1:01.20,Claire Oettinger,,Thomas Murphy  Invitational
UMBC,138,100 Back,10,1:01.87,Julia Snow,,Bucknell Invitational
UMBC,138,100 Breast,1,1:04.31,Ula Parrill,,Bucknell Invitational
UMBC,138,100 Breast,2,1:05.51,Shannyn Lambert,,Bucknell Invitational
UMBC,138,100 Breast,3,1:05.72,Breanna Smith,,Bucknell Invitational
UMBC,138,100 Breast,4,1:06.15,Lea Kaiser,,Thomas Murphy  Invitational
UMBC,138,100 Breast,5,1:06.30,Daphne Melis,,Thomas Murphy  Invitational
UMBC,138,100 Breast,6,1:08.03,Hailey Weigand,,Thomas Murphy  Invitational
UMBC,138,100 Breast,7,1:08.79,Erma Duratovic,,"UMBC vs Navy, William & Mary"
UMBC,138,100 Breast,8,1:13.11,Raegan Sherrill,,Thomas Murphy  Invitational
UMBC,138,100 Fly,1,55.23,Erma Duratovic,,Bucknell Invitational
UMBC,138,100 Fly,2,57.06,Nicol Davanzo,,Bucknell Invitational
UMBC,138,100 Fly,3,58.38,ALICE MARINI,,Bucknell Invitational
UMBC,138,100 Fly,4,1:00.13,Daphne Melis,,Bucknell Invitational
UMBC,138,100 Fly,5,1:00.31,Bruna De Padua,,"UMBC vs Navy, William & Mary"
UMBC,138,100 Fly,6,1:00.74,Breanna Smith,,Bucknell Invitational
UMBC,138,100 Fly,7,1:00.91,Karli Atwood,,"UMBC vs Navy, William & Mary"
UMBC,138,100 Fly,8,1:01.68,Grace Little,,Bucknell Invitational
UMBC,138,100 Fly,9,1:02.07,Claire Oettinger,,"UMBC vs Navy, William & Mary"
UMBC,138,100 Fly,10,1:02.29,Raegan Sherrill,,Bucknell Invitational
UMBC,138,100 Free,1,50.80,Erma Duratovic,,Bucknell Invitational
UMBC,138,100 Free,2,50.97,Ashley Gutshall,,Bucknell Invitational
UMBC,138,100 Free,3,51.68,Claire Oettinger,,Thomas Murphy  Invitational
UMBC,138,100 Free,4,52.36,Bruna De Padua,,Thomas Murphy  Invitational
UMBC,138,100 Free,5,52.86,ALICE MARINI,,Thomas Murphy  Invitational
UMBC,138,100 Free,6,52.89,Megan Gangaway,,Bucknell Invitational
UMBC,138,100 Free,7,53.06,Evie Grim,,Thomas Murphy  Invitational
UMBC,138,100 Free,8,54.45,Grace Little,,Bucknell Invitational
UMBC,138,100 Free,9,54.73,Shannyn Lambert,,Thomas Murphy  Invitational
UMBC,138,100 Free,10,54.96,Ellie Taragano,,Bucknell Invitational
UMBC,138,1000 Free,1,10:46.43,Kolby Reese,,Bucknell Invitational
UMBC,138,1000 Free,2,10:55.96,Bruna De Padua,,2025 UMBC vs Howard vs VMI
UMBC,138,1000 Free,3,11:06.07,Megan Gangaway,,Bucknell Invitational
UMBC,138,1000 Free,4,11:25.01,Molly Curran,,Salisbury vs. UMBC
UMBC,138,1000 Free,5,11:47.80,Julia Snow,,American vs. UMBC
UMBC,138,1000 Free,6,11:55.35,Ellie Taragano,,"UMBC vs Navy, William & Mary"
UMBC,138,1650 Free,1,17:46.97,Kolby Reese,,Bucknell Invitational
UMBC,138,1650 Free,2,18:24.63,Megan Gangaway,,Bucknell Invitational
UMBC,138,200 Back,1,1:59.38,ALICE MARINI,,Bucknell Invitational
UMBC,138,200 Back,2,2:05.62,Bruna De Padua,,Thomas Murphy  Invitational
UMBC,138,200 Back,3,2:06.57,Kolby Reese,,Thomas Murphy  Invitational
UMBC,138,200 Back,4,2:08.48,Alyssa Gonci,,Thomas Murphy  Invitational
UMBC,138,200 Back,5,2:09.48,Gianna Conti,,Bucknell Invitational
UMBC,138,200 Back,6,2:09.81,Ella Nadeau,,Bucknell Invitational
UMBC,138,200 Back,7,2:10.55,Ellie Taragano,,Thomas Murphy  Invitational
UMBC,138,200 Back,8,2:12.62,Julia Snow,,Bucknell Invitational
UMBC,138,200 Back,9,2:12.80,Evie Grim,,"UMBC vs Navy, William & Mary"
UMBC,138,200 Back,10,2:12.92,Trinity Fourie,,Bucknell Invitational
UMBC,138,200 Breast,1,2:18.38,Ula Parrill,,Bucknell Invitational
UMBC,138,200 Breast,2,2:21.33,Daphne Melis,,Bucknell Invitational
UMBC,138,200 Breast,3,2:22.49,Shannyn Lambert,,Thomas Murphy  Invitational
UMBC,138,200 Breast,4,2:23.69,Breanna Smith,,Thomas Murphy  Invitational
UMBC,138,200 Breast,5,2:26.10,Hailey Weigand,,Thomas Murphy  Invitational
UMBC,138,200 Breast,6,2:26.68,Ella Nadeau,,Thomas Murphy  Invitational
UMBC,138,200 Breast,7,2:32.35,Lea Kaiser,,Bucknell Invitational
UMBC,138,200 Breast,8,2:38.42,Ellie Taragano,,"UMBC vs Navy, William & Mary"
UMBC,138,200 Fly,1,2:04.79,ALICE MARINI,,Bucknell Invitational
UMBC,138,200 Fly,2,2:07.84,Nicol Davanzo,,Thomas Murphy  Invitational
UMBC,138,200 Fly,3,2:11.76,Molly Curran,,Bucknell Invitational
UMBC,138,200 Fly,4,2:13.03,Karli Atwood,,Bucknell Invitational
UMBC,138,200 Fly,5,2:15.25,Breanna Smith,,"UMBC vs Navy, William & Mary"
UMBC,138,200 Fly,6,2:22.50,Gianna Conti,,Thomas Murphy  Invitational
UMBC,138,200 Fly,7,2:26.44,Grace Little,,American vs. UMBC
UMBC,138,200 Free,1,1:52.43,Bruna De Padua,,Thomas Murphy  Invitational
UMBC,138,200 Free,2,1:52.69,Claire Oettinger,,Bucknell Invitational
UMBC,138,200 Free,3,1:53.09,Kolby Reese,,Bucknell Invitational
UMBC,138,200 Free,4,1:54.02,ALICE MARINI,,Bucknell Invitational
UMBC,138,200 Free,5,1:54.12,Megan Gangaway,,Bucknell Invitational
UMBC,138,200 Free,6,1:56.86,Breanna Smith,,Thomas Murphy  Invitational
UMBC,138,200 Free,7,1:57.05,Shannyn Lambert,,Bucknell Invitational
UMBC,138,200 Free,8,1:57.31,Alyssa Gonci,,Bucknell Invitational
UMBC,138,200 Free,9,1:59.63,Karli Atwood,,American vs. UMBC
UMBC,138,200 Free,10,2:00.26,Ella Nadeau,,American vs. UMBC
UMBC,138,200 Im,1,2:02.27,ALICE MARINI,,Bucknell Invitational
UMBC,138,200 Im,2,2:06.87,Breanna Smith,,Thomas Murphy  Invitational
UMBC,138,200 Im,3,2:09.33,Ella Nadeau,,Bucknell Invitational
UMBC,138,200 Im,4,2:09.76,Shannyn Lambert,,Thomas Murphy  Invitational
UMBC,138,200 Im,5,2:10.18,Daphne Melis,,Bucknell Invitational
UMBC,138,200 Im,6,2:11.69,Karli Atwood,,Thomas Murphy  Invitational
UMBC,138,200 Im,7,2:14.24,Ellie Taragano,,Thomas Murphy  Invitational
UMBC,138,200 Im,8,2:14.65,Ula Parrill,,Bucknell Invitational
UMBC,138,200 Im,9,2:15.45,Gianna Conti,,Bucknell Invitational
UMBC,138,200 Im,10,2:20.11,Grace Little,,"UMBC vs Navy, William & Mary"
UMBC,138,400 Im,1,4:22.96,ALICE MARINI,,Bucknell Invitational
UMBC,138,400 Im,2,4:33.73,Breanna Smith,,Bucknell Invitational
UMBC,138,400 Im,3,4:33.84,Daphne Melis,,Bucknell Invitational
UMBC,138,400 Im,4,4:35.09,Ella Nadeau,,Bucknell Invitational
UMBC,138,400 Im,5,4:40.63,Molly Curran,,Thomas Murphy  Invitational
UMBC,138,400 Im,6,4:43.44,Karli Atwood,,Bucknell Invitational
UMBC,138,400 Im,7,4:45.16,Gianna Conti,,Thomas Murphy  Invitational
UMBC,138,50 Free,1,22.88,Ashley Gutshall,,Bucknell Invitational
UMBC,138,50 Free,2,23.20,Erma Duratovic,,Bucknell Invitational
UMBC,138,50 Free,3,23.88,Claire Oettinger,,Bucknell Invitational
UMBC,138,50 Free,4,24.47,Bruna De Padua,,Thomas Murphy  Invitational
UMBC,138,50 Free,5,24.53,Lea Kaiser,,Bucknell Invitational
UMBC,138,50 Free,6,24.80,Evie Grim,,Bucknell Invitational
UMBC,138,50 Free,7,25.08,Nicol Davanzo,,Thomas Murphy  Invitational
UMBC,138,50 Free,8,25.23,Karli Atwood,,Thomas Murphy  Invitational
UMBC,138,50 Free,9,25.31,Megan Gangaway,,Bucknell Invitational
UMBC,138,50 Free,10,25.42,Raegan Sherrill,,Bucknell Invitational
UMBC,138,500 Free,1,4:59.78,Bruna De Padua,,Bucknell Invitational
UMBC,138,500 Free,2,5:03.06,Kolby Reese,,Bucknell Invitational
UMBC,138,500 Free,3,5:11.70,Megan Gangaway,,Thomas Murphy  Invitational
UMBC,138,500 Free,4,5:12.00,Molly Curran,,Bucknell Invitational
UMBC,138,500 Free,5,5:13.51,Claire Oettinger,,Bucknell Invitational
UMBC,138,500 Free,6,5:13.71,Alyssa Gonci,,Thomas Murphy  Invitational
UMBC,138,500 Free,7,5:26.23,Ula Parrill,,Thomas Murphy  Invitational
UMBC,138,500 Free,8,5:27.07,Julia Snow,,Bucknell Invitational
UMBC,138,500 Free,9,5:28.70,Ella Nadeau,,2025 UMBC vs Howard vs VMI
UMBC,138,500 Free,10,5:30.00,Grace Little,,Thomas Murphy  Invitational
