school_name,team_id,event,rank,time,swimmer,year,meet
Air Force,337,100 Back,1,48.41,Dylan Ferguson,,SMU Invitational
Air Force,337,100 Back,2,49.08,Garrett Kennedy,,SMU Invitational
Air Force,337,100 Back,3,49.18,Louie Body VI,,SMU Invitational
Air Force,337,100 Back,4,50.62,Matthew Doty,,AIR FORCE
Air Force,337,100 Back,5,50.72,James Winterfield,,Front Range Invite
Air Force,337,100 Back,6,55.35,Eru Kim,,Front Range Invite
Air Force,337,100 Back,7,55.49,Jack Brown,,Colorado Mines vs. Air Force vs. Western Colorado
Air Force,337,100 Breast,1,52.51,Tanner Wilson,,SMU Invitational
Air Force,337,100 Breast,2,53.42,Bridon Rosales,,SMU Invitational
Air Force,337,100 Breast,3,54.22,Mack Nuval,,SMU Invitational
Air Force,337,100 Breast,4,55.09,Anthony Sebastian,,SMU Invitational
Air Force,337,100 Breast,5,55.12,Brandon Cho,,AIR FORCE
Air Force,337,100 Breast,6,55.35,Cole Wilson,,SMU Invitational
Air Force,337,100 Breast,7,55.45,Jacob Duckworth,,SMU Invitational
Air Force,337,100 Breast,8,57.44,Matthew Doty,,Front Range Invite
Air Force,337,100 Fly,1,47.13,James Winterfield,,SMU Invitational
Air Force,337,100 Fly,2,47.62,Jordan Falls,,SMU Invitational
Air Force,337,100 Fly,3,48.53,Tanner Wilson,,SMU Invitational
Air Force,337,100 Fly,4,48.58,Jonas Dark,,SMU Invitational
Air Force,337,100 Fly,5,48.67,Matthew Doty,,SMU Invitational
Air Force,337,100 Fly,6,49.05,Danny Detjen,,SMU Invitational
Air Force,337,100 Fly,7,49.09,Dylan Ferguson,,SMU Invitational
Air Force,337,100 Fly,8,49.75,Joe Christ,,AIR FORCE
Air Force,337,100 Fly,9,50.07,Keoni Li,,SMU Invitational
Air Force,337,100 Fly,10,50.26,Eru Kim,,AIR FORCE
Air Force,337,100 Free,1,43.83,Joe Christ,,SMU Invitational
Air Force,337,100 Free,2,44.20,Jordan Falls,,SMU Invitational
Air Force,337,100 Free,3,44.59,James Winterfield,,SMU Invitational
Air Force,337,100 Free,4,45.04,Tanner Wilson,,SMU Invitational
Air Force,337,100 Free,5,45.18,Keoni Li,,SMU Invitational
Air Force,337,100 Free,6,45.48,Garrett Kennedy,,SMU Invitational
Air Force,337,100 Free,7,45.93,Jacob Duckworth,,SMU Invitational
Air Force,337,100 Free,8,46.38,Jonas Dark,,AIR FORCE
Air Force,337,100 Free,9,46.69,Tyler Surratt,,"Air Force vs. Denver, LSU, Wyoming"
Air Force,337,100 Free,10,47.28,Danny Detjen,,"Air Force vs. Denver, LSU, Wyoming"
Air Force,337,1000 Free,1,9:24.36,Tyler Surratt,,Seattle vs. Air Force
Air Force,337,1000 Free,2,9:26.96,Tucker Rice,,SMU Invitational
Air Force,337,1000 Free,3,9:32.09,Evan Witte,,AIR FORCE
Air Force,337,1000 Free,4,9:41.00,Ralph Fiscus,,Seattle vs. Air Force
Air Force,337,1000 Free,5,10:03.78,Camden Swigart,,Front Range Invite
Air Force,337,1000 Free,6,10:40.72,Jack Brown,,Front Range Invite
Air Force,337,1650 Free,1,15:36.22,Tucker Rice,,SMU Invitational
Air Force,337,1650 Free,2,15:36.89,Tyler Surratt,,SMU Invitational
Air Force,337,1650 Free,3,15:50.02,Evan Witte,,SMU Invitational
Air Force,337,1650 Free,4,16:16.14,Ralph Fiscus,,SMU Invitational
Air Force,337,1650 Free,5,16:39.13,Camden Swigart,,Front Range Invite
Air Force,337,1650 Free,6,17:30.26,Jack Brown,,Front Range Invite
Air Force,337,200 Back,1,1:45.05,Louie Body VI,,SMU Invitational
Air Force,337,200 Back,2,1:46.21,Garrett Kennedy,,SMU Invitational
Air Force,337,200 Back,3,1:47.67,Dylan Ferguson,,SMU Invitational
Air Force,337,200 Back,4,1:48.42,James Winterfield,,AIR FORCE
Air Force,337,200 Back,5,1:51.88,Jack Brown,,SMU Invitational
Air Force,337,200 Back,6,1:57.48,Evan Witte,,Front Range Invite
Air Force,337,200 Back,7,2:10.91,Tucker Rice,,Front Range Invite
Air Force,337,200 Breast,1,1:55.41,Tanner Wilson,,SMU Invitational
Air Force,337,200 Breast,2,1:57.26,Brandon Cho,,AIR FORCE
Air Force,337,200 Breast,3,1:57.75,Camden Swigart,,SMU Invitational
Air Force,337,200 Breast,4,1:57.94,Anthony Sebastian,,SMU Invitational
Air Force,337,200 Breast,5,1:58.04,Bridon Rosales,,SMU Invitational
Air Force,337,200 Breast,6,1:58.47,Matthew Doty,,SMU Invitational
Air Force,337,200 Breast,7,1:59.59,Cole Wilson,,SMU Invitational
Air Force,337,200 Breast,8,2:01.84,Mack Nuval,,SMU Invitational
Air Force,337,200 Breast,9,2:12.15,Ralph Fiscus,,Front Range Invite
Air Force,337,200 Fly,1,1:45.37,James Winterfield,,SMU Invitational
Air Force,337,200 Fly,2,1:47.53,Dylan Ferguson,,SMU Invitational
Air Force,337,200 Fly,3,1:47.62,Danny Detjen,,SMU Invitational
Air Force,337,200 Fly,4,1:48.46,Jonas Dark,,SMU Invitational
Air Force,337,200 Fly,5,1:50.68,Evan Witte,,SMU Invitational
Air Force,337,200 Fly,6,1:50.99,Eru Kim,,SMU Invitational
Air Force,337,200 Fly,7,1:59.25,Matthew Doty,,"Air Force vs. Denver, LSU, Wyoming"
Air Force,337,200 Fly,8,2:09.35,Tucker Rice,,Front Range Invite
Air Force,337,200 Free,1,1:35.75,James Winterfield,,SMU Invitational
Air Force,337,200 Free,2,1:36.12,Joe Christ,,SMU Invitational
Air Force,337,200 Free,3,1:37.53,Jordan Falls,,SMU Invitational
Air Force,337,200 Free,4,1:37.87,Tyler Surratt,,SMU Invitational
Air Force,337,200 Free,5,1:39.56,Keoni Li,,SMU Invitational
Air Force,337,200 Free,6,1:40.09,Jack Brown,,SMU Invitational
Air Force,337,200 Free,7,1:40.28,Matthew Doty,,Seattle vs. Air Force
Air Force,337,200 Free,8,1:40.55,Camden Swigart,,Seattle vs. Air Force
Air Force,337,200 Free,9,1:41.41,Ralph Fiscus,,SMU Invitational
Air Force,337,200 Free,10,1:42.54,Tucker Rice,,SMU Invitational
Air Force,337,200 Im,1,1:45.35,James Winterfield,,SMU Invitational
Air Force,337,200 Im,2,1:46.04,Camden Swigart,,SMU Invitational
Air Force,337,200 Im,3,1:46.64,Matthew Doty,,SMU Invitational
Air Force,337,200 Im,4,1:48.59,Jordan Falls,,AIR FORCE
Air Force,337,200 Im,5,1:49.25,Jonas Dark,,SMU Invitational
Air Force,337,200 Im,6,1:49.33,Tanner Wilson,,SMU Invitational
Air Force,337,200 Im,7,1:50.04,Brandon Cho,,SMU Invitational
Air Force,337,200 Im,8,1:50.42,Cole Wilson,,SMU Invitational
Air Force,337,200 Im,9,1:51.22,Anthony Sebastian,,SMU Invitational
Air Force,337,200 Im,10,1:51.47,Evan Witte,,Seattle vs. Air Force
Air Force,337,400 Im,1,3:47.62,Camden Swigart,,SMU Invitational
Air Force,337,400 Im,2,3:48.63,Matthew Doty,,SMU Invitational
Air Force,337,400 Im,3,3:55.48,Evan Witte,,SMU Invitational
Air Force,337,400 Im,4,3:57.55,Brandon Cho,,SMU Invitational
Air Force,337,400 Im,5,3:58.58,Anthony Sebastian,,SMU Invitational
Air Force,337,400 Im,6,3:59.01,Cole Wilson,,SMU Invitational
Air Force,337,400 Im,7,4:01.84,Ralph Fiscus,,SMU Invitational
Air Force,337,400 Im,8,4:07.82,Tucker Rice,,SMU Invitational
Air Force,337,50 Free,1,20.08,Jordan Falls,,SMU Invitational
Air Force,337,50 Free,2,20.30,Joe Christ,,SMU Invitational
Air Force,337,50 Free,3,20.46,Tanner Wilson,,SMU Invitational
Air Force,337,50 Free,4,20.71,Keoni Li,,SMU Invitational
Air Force,337,50 Free,5,20.72,Jacob Duckworth,,SMU Invitational
Air Force,337,50 Free,6,21.46,James Winterfield,,SMU Invitational
Air Force,337,50 Free,7,21.60,Garrett Kennedy,,Front Range Invite
Air Force,337,50 Free,8,21.71,Camden Swigart,,Front Range Invite
Air Force,337,50 Free,9,21.72,Bridon Rosales,,AIR FORCE
Air Force,337,50 Free,10,21.78,Jonas Dark,,Colorado Mines vs. Air Force vs. Western Colorado
Air Force,337,500 Free,1,4:24.37,Tyler Surratt,,SMU Invitational
Air Force,337,500 Free,2,4:25.21,Joe Christ,,SMU Invitational
Air Force,337,500 Free,3,4:32.19,Tucker Rice,,SMU Invitational
Air Force,337,500 Free,4,4:32.76,Evan Witte,,SMU Invitational
Air Force,337,500 Free,5,4:34.45,Jack Brown,,SMU Invitational
Air Force,337,500 Free,6,4:35.01,Ralph Fiscus,,SMU Invitational
Air Force,337,500 Free,7,4:40.82,Louie Body VI,,AIR FORCE
Air Force,337,500 Free,8,4:51.24,Garrett Kennedy,,AIR FORCE
Air Force,337,500 Free,9,4:52.92,Eru Kim,,Front Range Invite
Air Force,337,500 Free,10,4:54.48,Camden Swigart,,"Air Force vs. Denver, LSU, Wyoming"
Alabama,65,100 Back,1,45.33,Tommy Hagar,,UGA Fall Invitational
Alabama,65,100 Back,2,46.34,Cole Witmer,,UGA Fall Invitational
Alabama,65,100 Back,3,46.51,Brendan Conners,,UGA Fall Invitational
Alabama,65,100 Back,4,47.35,Jarrett Payne,,UGA Fall Invitational
Alabama,65,100 Breast,1,53.13,Noah Saylor,,UGA Fall Invitational
Alabama,65,100 Breast,2,53.19,Steijn Louter,,Alabama vs Texas
Alabama,65,100 Breast,3,53.88,Colin Cosgrove,,UGA Fall Invitational
Alabama,65,100 Breast,4,53.88,Lance Johnson,,UGA Fall Invitational
Alabama,65,100 Breast,5,53.88,Mark Underwood,,UGA Fall Invitational
Alabama,65,100 Breast,6,54.40,Ethan Otten,,UGA Fall Invitational
Alabama,65,100 Breast,7,54.50,Drayden Bell,,UGA Fall Invitational
Alabama,65,100 Fly,1,46.50,Tim Korstanje,,UGA Fall Invitational
Alabama,65,100 Fly,2,47.13,Zarek Wilson,,UGA Fall Invitational
Alabama,65,100 Fly,3,48.28,Jonathan Hoole,,UGA Fall Invitational
Alabama,65,100 Fly,4,48.77,Jarrett Payne,,UGA Fall Invitational
Alabama,65,100 Fly,5,49.09,Toni Dragoja,,Alabama vs. Delta State
Alabama,65,100 Fly,6,49.60,Aaron Gasiewicz,,Alabama vs. Delta State
Alabama,65,100 Fly,7,50.68,Lance Johnson,,UGA Fall Invitational
Alabama,65,100 Free,1,42.70,Toni Dragoja,,Alabama vs Texas
Alabama,65,100 Free,2,43.02,Zarek Wilson,,UGA Fall Invitational
Alabama,65,100 Free,3,43.32,Jonathan Hoole,,UGA Fall Invitational
Alabama,65,100 Free,4,43.54,Drayden Bell,,UGA Fall Invitational
Alabama,65,100 Free,5,43.75,Caio Silva,,UGA Fall Invitational
Alabama,65,100 Free,6,43.77,Sean Niewold,,Alabama vs Georgia Tech
Alabama,65,100 Free,7,44.21,Adam Varga,,UGA Fall Invitational
Alabama,65,100 Free,8,44.36,Ethan Otten,,UGA Fall Invitational
Alabama,65,100 Free,9,44.71,Cole Witmer,,UGA Fall Invitational
Alabama,65,1000 Free,1,8:51.26,Leonardo Alcantara,,Alabama vs Texas
Alabama,65,1000 Free,2,8:52.91,João Pierre Campos,,Alabama vs Georgia Tech
Alabama,65,1650 Free,1,14:50.57,Leonardo Alcantara,,UGA Fall Invitational
Alabama,65,1650 Free,2,15:12.92,João Pierre Campos,,UGA Fall Invitational
Alabama,65,200 Back,1,1:39.03,Tommy Hagar,,UGA Fall Invitational
Alabama,65,200 Back,2,1:41.32,Brendan Conners,,UGA Fall Invitational
Alabama,65,200 Back,3,1:41.66,Cole Witmer,,UGA Fall Invitational
Alabama,65,200 Back,4,1:44.11,Jarrett Payne,,UGA Fall Invitational
Alabama,65,200 Breast,1,1:54.94,Lance Johnson,,Alabama vs Texas
Alabama,65,200 Breast,2,1:55.71,Steijn Louter,,Louisiana State vs. Florida State vs. Alabama
Alabama,65,200 Breast,3,1:55.94,Noah Saylor,,UGA Fall Invitational
Alabama,65,200 Breast,4,1:56.05,Mark Underwood,,UGA Fall Invitational
Alabama,65,200 Breast,5,1:56.46,Colin Cosgrove,,UGA Fall Invitational
Alabama,65,200 Fly,1,1:44.68,Gabriel Moura,,Alabama vs Georgia Tech
Alabama,65,200 Fly,2,1:45.19,Lance Johnson,,Alabama vs Georgia Tech
Alabama,65,200 Fly,3,1:45.40,Aaron Gasiewicz,,UGA Fall Invitational
Alabama,65,200 Fly,4,1:55.40,Zarek Wilson,,Alabama vs. Delta State
Alabama,65,200 Free,1,1:33.48,Toni Dragoja,,Alabama vs Texas
Alabama,65,200 Free,2,1:34.33,Leonardo Alcantara,,UGA Fall Invitational
Alabama,65,200 Free,3,1:34.38,Tommy Hagar,,UGA Fall Invitational
Alabama,65,200 Free,4,1:35.40,Adam Varga,,Alabama vs Texas
Alabama,65,200 Free,5,1:35.99,João Pierre Campos,,UGA Fall Invitational
Alabama,65,200 Free,6,1:36.14,Caio Silva,,UGA Fall Invitational
Alabama,65,200 Free,7,1:41.69,Jonathan Hoole,,Alabama vs. Delta State
Alabama,65,200 Im,1,1:45.34,Tommy Hagar,,Louisiana State vs. Florida State vs. Alabama
Alabama,65,200 Im,2,1:45.76,Aaron Gasiewicz,,UGA Fall Invitational
Alabama,65,200 Im,3,1:46.04,Cole Witmer,,UGA Fall Invitational
Alabama,65,200 Im,4,1:48.61,Noah Saylor,,UGA Fall Invitational
Alabama,65,200 Im,5,1:48.70,Lance Johnson,,Louisiana State vs. Florida State vs. Alabama
Alabama,65,200 Im,6,1:49.79,Colin Cosgrove,,UGA Fall Invitational
Alabama,65,400 Im,1,3:47.05,Lance Johnson,,Alabama vs Georgia Tech
Alabama,65,400 Im,2,3:50.29,Aaron Gasiewicz,,UGA Fall Invitational
Alabama,65,50 Free,1,19.39,Tim Korstanje,,UGA Fall Invitational
Alabama,65,50 Free,2,19.48,Sean Niewold,,Alabama vs Georgia Tech
Alabama,65,50 Free,3,19.59,Zarek Wilson,,UGA Fall Invitational
Alabama,65,50 Free,4,19.78,Drayden Bell,,UGA Fall Invitational
Alabama,65,50 Free,5,19.85,Ethan Otten,,UGA Fall Invitational
Alabama,65,50 Free,6,20.04,Jonathan Hoole,,Alabama vs Georgia Tech
Alabama,65,50 Free,7,20.33,Adam Varga,,UGA Fall Invitational
Alabama,65,50 Free,8,20.67,Toni Dragoja,,Alabama vs Texas
Alabama,65,50 Free,9,20.88,Caio Silva,,UGA Fall Invitational
Alabama,65,50 Free,10,21.25,Cole Witmer,,Alabama vs. Delta State
Alabama,65,500 Free,1,4:11.28,Leonardo Alcantara,,UGA Fall Invitational
Alabama,65,500 Free,2,4:18.23,João Pierre Campos,,UGA Fall Invitational
Alabama,65,500 Free,3,4:26.18,Gabriel Moura,,Alabama vs Georgia Tech
Alabama,65,500 Free,4,4:30.83,Adam Varga,,Alabama vs Georgia Tech
Arizona,120,100 Back,1,45.08,Duncan Henderson,,Arizona vs. Texas A&M
Arizona,120,100 Back,2,45.89,Alex DESANGLES,,All Arizona D1 Invitational
Arizona,120,100 Back,3,47.11,Ryan Hardy,,NCSU Invitational
Arizona,120,100 Back,4,47.46,Will Meyers,,Arizona vs. Texas A&M
Arizona,120,100 Back,5,47.50,Aaron Gordon,,Big 12 West Championship
Arizona,120,100 Back,6,49.04,Taylor Luck,,Arizona vs. Texas A&M
Arizona,120,100 Breast,1,52.91,Tavner Wisdom,,NCSU Invitational
Arizona,120,100 Breast,2,54.10,Bryan Wong,,Arizona vs. Texas A&M
Arizona,120,100 Breast,3,54.19,Mitchell Oliver,,NCSU Invitational
Arizona,120,100 Breast,4,55.33,Teddy Neilson,,NCSU Invitational
Arizona,120,100 Fly,1,44.96,Haakon Naughton,,Arizona vs. USC
Arizona,120,100 Fly,2,46.31,Jakey Hutchinson,,NCSU Invitational
Arizona,120,100 Fly,3,46.56,Duncan Henderson,,NCSU Invitational
Arizona,120,100 Fly,4,46.73,Joel Nace,,NCSU Invitational
Arizona,120,100 Fly,5,47.29,Hayden Ghufran,,Arizona vs. Texas A&M
Arizona,120,100 Fly,6,47.38,Ralph DALEIDEN,,Arizona vs. USC
Arizona,120,100 Fly,7,48.18,Aaron Gordon,,NCSU Invitational
Arizona,120,100 Fly,8,48.27,Wells Cloud,,NCSU Invitational
Arizona,120,100 Fly,9,48.81,Miles bottai,,Big 12 West Championship
Arizona,120,100 Fly,10,48.85,Tavner Wisdom,,NCSU Invitational
Arizona,120,100 Free,1,41.33,Tomas Lukminas,,NCSU Invitational
Arizona,120,100 Free,2,42.57,Ralph DALEIDEN,,Arizona vs. Texas A&M
Arizona,120,100 Free,3,42.76,Jakey Hutchinson,,All Arizona D1 Invitational
Arizona,120,100 Free,4,42.79,Orion Henderson,,Arizona vs. Texas A&M
Arizona,120,100 Free,5,43.32,Haakon Naughton,,Arizona vs. Texas A&M
Arizona,120,100 Free,6,43.44,Aidan Flanagan,,NCSU Invitational
Arizona,120,100 Free,7,43.46,Taylor Luck,,All Arizona D1 Invitational
Arizona,120,100 Free,8,43.52,Joel Nace,,NCSU Invitational
Arizona,120,100 Free,9,43.63,Noah Caiserman,,Arizona vs. Texas A&M
Arizona,120,100 Free,10,44.04,Benjamin Butler,,NCSU Invitational
Arizona,120,1000 Free,1,9:10.04,Mason Nyboer,,Arizona vs. USC
Arizona,120,1000 Free,2,9:15.62,Beck Parnham,,Arizona vs. USC
Arizona,120,1000 Free,3,9:21.01,Benjamin Butler,,Arizona vs. USC
Arizona,120,1650 Free,1,15:23.42,Mason Nyboer,,NCSU Invitational
Arizona,120,1650 Free,2,15:31.81,Benjamin Butler,,Arizona vs. Texas A&M
Arizona,120,200 Back,1,1:39.11,Alex DESANGLES,,NCSU Invitational
Arizona,120,200 Back,2,1:43.38,Will Meyers,,NCSU Invitational
Arizona,120,200 Back,3,1:43.94,Duncan Henderson,,Arizona vs. USC
Arizona,120,200 Back,4,1:45.22,Ryan Hardy,,NCSU Invitational
Arizona,120,200 Back,5,1:45.76,Aaron Gordon,,Big 12 West Championship
Arizona,120,200 Back,6,1:51.64,Jack Murphy,,World Aquatics World Cup - Westmont
Arizona,120,200 Breast,1,1:56.45,Tavner Wisdom,,NCSU Invitational
Arizona,120,200 Breast,2,1:56.87,Bryan Wong,,Arizona vs. Texas A&M
Arizona,120,200 Breast,3,1:57.17,Mitchell Oliver,,NCSU Invitational
Arizona,120,200 Breast,4,2:00.36,Teddy Neilson,,NCSU Invitational
Arizona,120,200 Fly,1,1:41.78,Haakon Naughton,,NCSU Invitational
Arizona,120,200 Fly,2,1:42.41,Joel Nace,,NCSU Invitational
Arizona,120,200 Fly,3,1:45.09,Jakey Hutchinson,,"SMU vs Arizona, TCU"
Arizona,120,200 Fly,4,1:45.92,Beck Parnham,,NCSU Invitational
Arizona,120,200 Fly,5,1:48.30,Hayden Ghufran,,Big 12 West Championship
Arizona,120,200 Fly,6,1:54.25,Orion Henderson,,Big 12 West Championship
Arizona,120,200 Free,1,1:31.88,Tomas Lukminas,,NCSU Invitational
Arizona,120,200 Free,2,1:33.22,Ralph DALEIDEN,,NCSU Invitational
Arizona,120,200 Free,3,1:34.46,Benjamin Butler,,NCSU Invitational
Arizona,120,200 Free,4,1:34.49,Orion Henderson,,Arizona vs. Texas A&M
Arizona,120,200 Free,5,1:36.10,Miles bottai,,Arizona vs. Texas A&M
Arizona,120,200 Free,6,1:36.36,Joel Nace,,Arizona vs. Texas A&M
Arizona,120,200 Free,7,1:36.48,Mason Hopper,,NCSU Invitational
Arizona,120,200 Free,8,1:36.52,Alex DESANGLES,,All Arizona D1 Invitational
Arizona,120,200 Free,9,1:37.53,Wells Cloud,,NCSU Invitational
Arizona,120,200 Free,10,1:37.68,Beck Parnham,,NCSU Invitational
Arizona,120,200 Im,1,1:45.96,Haakon Naughton,,"SMU vs Arizona, TCU"
Arizona,120,200 Im,2,1:47.86,Mason Hopper,,NCSU Invitational
Arizona,120,200 Im,3,1:48.70,Beck Parnham,,NCSU Invitational
Arizona,120,200 Im,4,1:49.41,Bryan Wong,,Arizona vs. Texas A&M
Arizona,120,200 Im,5,1:50.81,Duncan Henderson,,All Arizona D1 Invitational
Arizona,120,200 Im,6,1:51.22,Mitchell Oliver,,NCSU Invitational
Arizona,120,200 Im,7,1:52.07,Teddy Neilson,,NCSU Invitational
Arizona,120,200 Im,8,1:56.79,Jack Murphy,,World Aquatics World Cup - Westmont
Arizona,120,400 Im,1,3:48.07,Beck Parnham,,NCSU Invitational
Arizona,120,400 Im,2,3:50.58,Bryan Wong,,Arizona vs. Texas A&M
Arizona,120,400 Im,3,4:02.81,Teddy Neilson,,Arizona vs. USC
Arizona,120,50 Free,1,19.32,Tomas Lukminas,,NCSU Invitational
Arizona,120,50 Free,2,19.62,Jakey Hutchinson,,Arizona vs. USC
Arizona,120,50 Free,3,19.66,Ralph DALEIDEN,,"SMU vs Arizona, TCU"
Arizona,120,50 Free,4,19.81,Taylor Luck,,Arizona vs. USC
Arizona,120,50 Free,5,19.87,Orion Henderson,,Arizona vs. USC
Arizona,120,50 Free,6,19.94,Aidan Flanagan,,NCSU Invitational
Arizona,120,50 Free,7,20.05,Hayden Ghufran,,NCSU Invitational
Arizona,120,50 Free,8,20.21,Noah Caiserman,,Arizona vs. Texas A&M
Arizona,120,50 Free,9,20.21,Ryan Hardy,,Big 12 West Championship
Arizona,120,50 Free,10,20.47,Duncan Henderson,,"SMU vs Arizona, TCU"
Arizona,120,500 Free,1,4:20.18,Benjamin Butler,,NCSU Invitational
Arizona,120,500 Free,2,4:21.33,Beck Parnham,,NCSU Invitational
Arizona,120,500 Free,3,4:21.50,Joel Nace,,NCSU Invitational
Arizona,120,500 Free,4,4:23.96,Mason Nyboer,,NCSU Invitational
Arizona,120,500 Free,5,4:27.16,Wells Cloud,,NCSU Invitational
Arizona,120,500 Free,6,4:36.43,Hayden Ghufran,,Arizona vs. USC
Army,326,100 Back,1,44.72,Johnny Crush,,Army vs. Navy
Army,326,100 Back,2,48.02,Zac Leith,,Army vs. Navy
Army,326,100 Back,3,48.51,Maxwell Jordan,,Army vs. Bucknell
Army,326,100 Back,4,48.73,Joey Kling,,Army vs. Bucknell
Army,326,100 Back,5,49.75,Daniel Verdolaga,,NCSU Invitational
Army,326,100 Back,6,50.04,Ramon Jiang,,Army vs. VMI
Army,326,100 Back,7,51.67,Brock McDonald,,Army vs. Bucknell
Army,326,100 Back,8,51.82,Luke Huffman,,Army vs. Bucknell
Army,326,100 Back,9,51.85,Jaden Putman,,Army vs. Navy
Army,326,100 Back,10,52.47,John Owen,,GT DMT: Georgia Tech vs. Army
Army,326,100 Breast,1,50.76,Kohen Rankin,,Army vs. Navy
Army,326,100 Breast,2,52.86,Joey Kling,,Army vs. Navy
Army,326,100 Breast,3,54.09,Remo Mann,,Army vs. Navy
Army,326,100 Breast,4,54.38,Kal Hahn,,Army vs. Navy
Army,326,100 Breast,5,54.70,Gavin Santoso,,Army vs. Navy
Army,326,100 Breast,6,56.82,Jack Bigham,,Army vs. Bucknell
Army,326,100 Breast,7,58.99,Eddie Wang,,NCSU Invitational
Army,326,100 Breast,8,1:01.73,Brice Barrieault,,Army vs. VMI
Army,326,100 Breast,9,1:04.45,Reid Magner,,Army vs. VMI
Army,326,100 Fly,1,46.97,Daniel Verdolaga,,NCSU Invitational
Army,326,100 Fly,2,47.09,Johnny Crush,,Army vs. VMI
Army,326,100 Fly,3,47.76,Maxwell Jordan,,Army vs. Bucknell
Army,326,100 Fly,4,48.60,Brock McDonald,,Army vs. Navy
Army,326,100 Fly,5,48.68,Ben Vorthmann,,Army vs. Bucknell
Army,326,100 Fly,6,49.02,Ramon Jiang,,GT DMT: Florida State vs. Army
Army,326,100 Fly,7,49.58,Kohen Rankin,,Army vs. Bucknell
Army,326,100 Fly,8,49.61,Matt Fortson,,Army vs. Navy
Army,326,100 Fly,9,49.69,Luke Huffman,,GT DMT: Florida State vs. Army
Army,326,100 Fly,10,50.09,Eli Edmondson,,NCSU Invitational
Army,326,100 Free,1,43.11,Johnny Crush,,Army vs. Penn State
Army,326,100 Free,2,43.32,Thomas Hadji,,GT DMT: Georgia Tech vs. Army
Army,326,100 Free,3,43.60,Ben Vorthmann,,Army vs. Navy
Army,326,100 Free,4,44.69,Sam Reilly,,Army vs. Navy
Army,326,100 Free,5,44.91,Kohen Rankin,,NCSU Invitational
Army,326,100 Free,6,45.01,Ramon Jiang,,Army vs. Penn State
Army,326,100 Free,7,45.23,Maxwell Jordan,,NCSU Invitational
Army,326,100 Free,8,46.00,John Owen,,Army vs. Penn State
Army,326,100 Free,9,46.65,Lewis Esterly,,Army vs. Navy
Army,326,100 Free,10,46.67,Remo Mann,,GT DMT: Army vs. George Washington
Army,326,1000 Free,1,9:09.60,Brice Barrieault,,Army vs. Navy
Army,326,1000 Free,2,9:15.14,Max Peterson,,Army vs. Navy
Army,326,1000 Free,3,9:32.58,Kal Hahn,,"Boston University vs. Army, BC"
Army,326,1000 Free,4,9:36.95,Tanner Innis,,Army vs. Navy
Army,326,1000 Free,5,9:42.04,Brandon Gear,,Army vs. Penn State
Army,326,1000 Free,6,9:44.00,Sam Reilly,,Army vs. VMI
Army,326,1650 Free,1,15:54.85,Brice Barrieault,,NCSU Invitational
Army,326,200 Back,1,1:42.64,Johnny Crush,,GT DMT: Florida State vs. Army
Army,326,200 Back,2,1:44.53,Joey Kling,,Army vs. Navy
Army,326,200 Back,3,1:45.54,Zac Leith,,Army vs. Navy
Army,326,200 Back,4,1:48.83,Thomas Hadji,,Army vs. Bucknell
Army,326,200 Back,5,1:51.36,Jaden Putman,,Army vs. Penn State
Army,326,200 Back,6,1:56.10,John Owen,,NCSU Invitational
Army,326,200 Back,7,1:56.38,Matt Fortson,,Army vs. Bucknell
Army,326,200 Breast,1,1:52.85,Kohen Rankin,,Army vs. Navy
Army,326,200 Breast,2,1:53.08,Kal Hahn,,Army vs. Navy
Army,326,200 Breast,3,1:58.66,Joey Kling,,Army vs. Bucknell
Army,326,200 Breast,4,2:00.40,Jack Bigham,,Army vs. Navy
Army,326,200 Breast,5,2:02.38,Remo Mann,,GT DMT: Georgia Tech vs. Army
Army,326,200 Breast,6,2:04.82,Gavin Santoso,,NCSU Invitational
Army,326,200 Breast,7,2:22.31,Daniel Verdolaga,,GT DMT: Georgia Tech vs. Army
Army,326,200 Fly,1,1:46.95,Daniel Verdolaga,,Army vs. Navy
Army,326,200 Fly,2,1:47.84,Luke Huffman,,Army vs. Navy
Army,326,200 Fly,3,1:49.07,Reid Magner,,Army vs. Navy
Army,326,200 Fly,4,1:50.18,Eli Edmondson,,Army vs. Navy
Army,326,200 Fly,5,1:53.97,Max Peterson,,Army vs. VMI
Army,326,200 Fly,6,1:55.36,Dylan Bonilla,,Army vs. Navy
Army,326,200 Fly,7,1:55.41,Matt Fortson,,NCSU Invitational
Army,326,200 Fly,8,1:55.58,Brice Barrieault,,GT DMT: Georgia Tech vs. Army
Army,326,200 Free,1,1:35.61,Thomas Hadji,,Army vs. Navy
Army,326,200 Free,2,1:36.70,Johnny Crush,,NCSU Invitational
Army,326,200 Free,3,1:37.95,Sam Reilly,,Army vs. Navy
Army,326,200 Free,4,1:38.61,Ramon Jiang,,Army vs. Penn State
Army,326,200 Free,5,1:39.19,John Owen,,Army vs. Navy
Army,326,200 Free,6,1:39.27,Brice Barrieault,,Army vs. Bucknell
Army,326,200 Free,7,1:39.31,Kohen Rankin,,Army vs. Bucknell
Army,326,200 Free,8,1:40.18,Maxwell Jordan,,"Boston University vs. Army, BC"
Army,326,200 Free,9,1:40.22,Brandon Gear,,Army vs. Navy
Army,326,200 Free,10,1:40.94,Max Peterson,,Army vs. VMI
Army,326,200 Im,1,1:47.50,Joey Kling,,GT DMT: Georgia Tech vs. Army
Army,326,200 Im,2,1:49.20,Kal Hahn,,Army vs. Penn State
Army,326,200 Im,3,1:50.11,Kohen Rankin,,GT DMT: Army vs. George Washington
Army,326,200 Im,4,1:50.88,Luke Huffman,,Army vs. Navy
Army,326,200 Im,5,1:50.99,Daniel Verdolaga,,Army vs. VMI
Army,326,200 Im,6,1:51.09,Remo Mann,,GT DMT: Army vs. George Washington
Army,326,200 Im,7,1:54.34,Reid Magner,,"Boston University vs. Army, BC"
Army,326,200 Im,8,1:57.34,Jack Bigham,,NCSU Invitational
Army,326,200 Im,9,1:57.66,Brandon Gear,,NCSU Invitational
Army,326,200 Im,10,1:59.00,Gavin Santoso,,Army vs. VMI
Army,326,400 Im,1,3:47.10,Kal Hahn,,Army vs. Bucknell
Army,326,400 Im,2,3:55.01,Joey Kling,,Army vs. VMI
Army,326,400 Im,3,4:01.38,Reid Magner,,Army vs. Bucknell
Army,326,400 Im,4,4:05.80,Brice Barrieault,,NCSU Invitational
Army,326,400 Im,5,4:08.69,Luke Huffman,,Army vs. Bucknell
Army,326,400 Im,6,4:19.07,Eli Edmondson,,Army vs. Bucknell
Army,326,50 Free,1,19.59,Johnny Crush,,Army vs. Bucknell
Army,326,50 Free,2,19.74,Ben Vorthmann,,Army vs. Navy
Army,326,50 Free,3,20.14,Kohen Rankin,,Army vs. VMI
Army,326,50 Free,4,20.22,Thomas Hadji,,GT DMT: Army vs. George Washington
Army,326,50 Free,5,20.63,Eddie Wang,,Army vs. Navy
Army,326,50 Free,6,20.72,Lewis Esterly,,Army vs. Navy
Army,326,50 Free,7,20.88,Brock McDonald,,Army vs. Navy
Army,326,50 Free,8,21.17,Zac Leith,,NCSU Invitational
Army,326,50 Free,9,21.21,Ramon Jiang,,GT DMT: Army vs. George Washington
Army,326,50 Free,10,21.59,Daniel Verdolaga,,Army vs. Bucknell
Army,326,500 Free,1,4:26.55,Max Peterson,,Army vs. Navy
Army,326,500 Free,2,4:30.41,Brice Barrieault,,Army vs. Navy
Army,326,500 Free,3,4:30.43,Reid Magner,,Army vs. Navy
Army,326,500 Free,4,4:37.61,John Owen,,NCSU Invitational
Army,326,500 Free,5,4:39.09,Brandon Gear,,Army vs. Penn State
Army,326,500 Free,6,4:41.59,Tanner Innis,,Army vs. Bucknell
Army,326,500 Free,7,4:42.04,Eli Edmondson,,NCSU Invitational
Army,326,500 Free,8,4:43.16,Sam Reilly,,NCSU Invitational
Army,326,500 Free,9,4:43.20,Kal Hahn,,"Boston University vs. Army, BC"
California,110,100 Back,1,44.83,Evan Petty,,Minnesota Invitational
California,110,100 Back,2,46.00,Casper Puggaard,,Minnesota Invitational
California,110,100 Back,3,47.08,Kenneth Barnicle,,Minnesota Invitational
California,110,100 Back,4,47.26,Tommy Roder,,Minnesota Invitational
California,110,100 Back,5,47.31,Keaton Jones,,Cal vs. Stanford
California,110,100 Back,6,47.78,Edward Huang,,Minnesota Invitational
California,110,100 Back,7,48.21,Lucca Battaglini,,Triton Invitational
California,110,100 Back,8,49.98,JD Thumann,,Minnesota Invitational
California,110,100 Back,9,50.99,Humberto Najera,,"Stanford vs. Arizona State, California"
California,110,100 Breast,1,50.48,Yamato Okadome,,Minnesota Invitational
California,110,100 Breast,2,51.25,Luca PG PUSATERI-GISSENDANER,,Minnesota Invitational
California,110,100 Breast,3,51.51,Hank Rivers,,Minnesota Invitational
California,110,100 Breast,4,52.07,Zachary Tan,,Minnesota Invitational
California,110,100 Breast,5,54.03,Lars Antoniak,,Minnesota Invitational
California,110,100 Breast,6,54.29,Colby Hatton,,Minnesota Invitational
California,110,100 Breast,7,54.86,Caiden Bowers,,USC vs. California
California,110,100 Breast,8,56.01,Ryan Erisman,,Cal vs. Stanford
California,110,100 Breast,9,56.56,Norvin Clontz,,Cal vs. Stanford
California,110,100 Breast,10,58.34,Freddy Klein,,Cal vs. Stanford
California,110,100 Fly,1,45.39,Lucca Battaglini,,Minnesota Invitational
California,110,100 Fly,2,45.45,Samuel Quarles,,Minnesota Invitational
California,110,100 Fly,3,46.21,Casper Puggaard,,Minnesota Invitational
California,110,100 Fly,4,46.79,Jack Brown,,USC vs. California
California,110,100 Fly,5,46.88,JD Thumann,,USC vs. California
California,110,100 Fly,6,46.98,Caiden Bowers,,Minnesota Invitational
California,110,100 Fly,7,47.06,August Vetsch,,Triton Invitational
California,110,100 Fly,8,47.17,Matteo Palmisani,,Minnesota Invitational
California,110,100 Fly,9,47.79,Edward Huang,,Minnesota Invitational
California,110,100 Fly,10,48.19,Nans MAZELLIER,,Triton Invitational
California,110,100 Free,1,41.56,Lucca Battaglini,,Minnesota Invitational
California,110,100 Free,2,42.49,Evan Petty,,Minnesota Invitational
California,110,100 Free,3,42.59,Samuel Quarles,,Minnesota Invitational
California,110,100 Free,4,42.69,Martin Wrede,,Minnesota Invitational
California,110,100 Free,5,42.79,Nans MAZELLIER,,Cal vs. Stanford
California,110,100 Free,6,42.88,Colby Hatton,,Minnesota Invitational
California,110,100 Free,7,42.96,Nik Antoniou,,USC vs. California
California,110,100 Free,8,43.22,Kenneth Barnicle,,Minnesota Invitational
California,110,100 Free,9,43.37,Casper Puggaard,,USC vs. California
California,110,100 Free,10,43.44,JD Thumann,,Minnesota Invitational
California,110,1000 Free,1,8:43.48,Ryan Erisman,,"Stanford vs. Arizona State, California"
California,110,1000 Free,2,8:50.30,Nathan Wiffen,,USC vs. California
California,110,1000 Free,3,8:53.34,Freddy Klein,,Minnesota Invitational
California,110,1000 Free,4,9:03.23,Julien Rousseau,,USC vs. California
California,110,1000 Free,5,9:06.47,Ian Platts-Mills,,USC vs. California
California,110,1000 Free,6,9:11.18,Norvin Clontz,,"Stanford vs. Arizona State, California"
California,110,1000 Free,7,9:17.90,Humberto Najera,,Cal vs. Stanford
California,110,1650 Free,1,14:41.69,Nathan Wiffen,,Minnesota Invitational
California,110,1650 Free,2,14:50.68,Ryan Erisman,,Minnesota Invitational
California,110,1650 Free,3,14:54.01,Freddy Klein,,Minnesota Invitational
California,110,1650 Free,4,15:03.92,Ian Platts-Mills,,Minnesota Invitational
California,110,1650 Free,5,15:18.52,Julien Rousseau,,Minnesota Invitational
California,110,200 Back,1,1:39.93,Humberto Najera,,Minnesota Invitational
California,110,200 Back,2,1:40.30,Keaton Jones,,Cal vs. Stanford
California,110,200 Back,3,1:41.58,Casper Puggaard,,Minnesota Invitational
California,110,200 Back,4,1:42.66,Kenneth Barnicle,,Minnesota Invitational
California,110,200 Back,5,1:43.50,Maximus Goettsch,,Minnesota Invitational
California,110,200 Back,6,1:43.86,Tommy Roder,,Minnesota Invitational
California,110,200 Back,7,1:45.88,Ian Platts-Mills,,Minnesota Invitational
California,110,200 Back,8,1:46.93,Edward Huang,,Cal vs. Stanford
California,110,200 Back,9,1:48.88,JD Thumann,,Cal vs. Stanford
California,110,200 Breast,1,1:50.04,Yamato Okadome,,Minnesota Invitational
California,110,200 Breast,2,1:53.12,Hank Rivers,,Minnesota Invitational
California,110,200 Breast,3,1:54.86,Zachary Tan,,Minnesota Invitational
California,110,200 Breast,4,1:58.27,Lars Antoniak,,Minnesota Invitational
California,110,200 Breast,5,1:59.31,Ryan Erisman,,Cal vs. Stanford
California,110,200 Breast,6,2:01.50,Freddy Klein,,Cal vs. Stanford
California,110,200 Breast,7,2:01.52,Norvin Clontz,,Cal vs. Stanford
California,110,200 Breast,8,2:03.39,Luca PG PUSATERI-GISSENDANER,,Minnesota Invitational
California,110,200 Breast,9,2:04.55,Humberto Najera,,Triton Invitational
California,110,200 Breast,10,2:05.29,Caiden Bowers,,Triton Invitational
California,110,200 Fly,1,1:42.30,Casper Puggaard,,Minnesota Invitational
California,110,200 Fly,2,1:43.72,Matteo Palmisani,,Minnesota Invitational
California,110,200 Fly,3,1:45.56,Ryan Erisman,,"Stanford vs. Arizona State, California"
California,110,200 Fly,4,1:45.89,JD Thumann,,USC vs. California
California,110,200 Fly,5,1:46.05,August Vetsch,,Triton Invitational
California,110,200 Fly,6,1:46.36,Caiden Bowers,,Minnesota Invitational
California,110,200 Fly,7,1:46.43,Carter Lancaster,,Minnesota Invitational
California,110,200 Fly,8,1:47.28,Samuel Quarles,,Cal vs. Stanford
California,110,200 Fly,9,1:48.19,Jack Brown,,Cal vs. Stanford
California,110,200 Free,1,1:33.62,Keaton Jones,,Minnesota Invitational
California,110,200 Free,2,1:33.95,Ryan Erisman,,"Stanford vs. Arizona State, California"
California,110,200 Free,3,1:34.50,Eduardo Oliveira Moraes,,USC vs. California
California,110,200 Free,4,1:34.78,Nans MAZELLIER,,Cal vs. Stanford
California,110,200 Free,5,1:35.32,Thackston McMullan,,Minnesota Invitational
California,110,200 Free,6,1:36.01,Maximus Goettsch,,Minnesota Invitational
California,110,200 Free,7,1:36.37,Nathan Wiffen,,Minnesota Invitational
California,110,200 Free,8,1:36.56,Nik Antoniou,,Cal vs. Stanford
California,110,200 Free,9,1:36.95,Norvin Clontz,,USC vs. California
California,110,200 Free,10,1:37.07,Kenneth Barnicle,,Triton Invitational
California,110,200 Im,1,1:44.81,Kenneth Barnicle,,Minnesota Invitational
California,110,200 Im,2,1:45.65,Caiden Bowers,,Minnesota Invitational
California,110,200 Im,3,1:45.98,Ryan Erisman,,"Stanford vs. Arizona State, California"
California,110,200 Im,4,1:46.05,Carter Lancaster,,Minnesota Invitational
California,110,200 Im,5,1:46.15,Casper Puggaard,,Minnesota Invitational
California,110,200 Im,6,1:47.11,Humberto Najera,,"Stanford vs. Arizona State, California"
California,110,200 Im,7,1:47.59,Yamato Okadome,,Triton Invitational
California,110,200 Im,8,1:48.26,Zachary Tan,,Triton Invitational
California,110,200 Im,9,1:50.05,Hank Rivers,,Triton Invitational
California,110,200 Im,10,1:51.22,Ian Platts-Mills,,"Stanford vs. Arizona State, California"
California,110,400 Im,1,3:41.59,Humberto Najera,,Minnesota Invitational
California,110,400 Im,2,3:42.87,Ryan Erisman,,Minnesota Invitational
California,110,400 Im,3,3:45.36,Freddy Klein,,Minnesota Invitational
California,110,400 Im,4,3:48.61,Ian Platts-Mills,,Minnesota Invitational
California,110,400 Im,5,3:49.87,Casper Puggaard,,Cal vs. Stanford
California,110,400 Im,6,3:53.33,Norvin Clontz,,Minnesota Invitational
California,110,400 Im,7,3:53.34,Carter Lancaster,,Minnesota Invitational
California,110,400 Im,8,3:57.09,Julien Rousseau,,Cal vs. Stanford
California,110,50 Free,1,18.78,Lucca Battaglini,,Minnesota Invitational
California,110,50 Free,2,19.15,Evan Petty,,Minnesota Invitational
California,110,50 Free,3,19.31,Martin Wrede,,Minnesota Invitational
California,110,50 Free,4,19.46,Samuel Quarles,,Minnesota Invitational
California,110,50 Free,5,19.53,Nans MAZELLIER,,Minnesota Invitational
California,110,50 Free,6,19.53,Yamato Okadome,,Minnesota Invitational
California,110,50 Free,7,19.68,Colby Hatton,,Minnesota Invitational
California,110,50 Free,8,19.75,Nik Antoniou,,USC vs. California
California,110,50 Free,9,19.88,JD Thumann,,Minnesota Invitational
California,110,50 Free,10,19.90,Jack Brown,,Minnesota Invitational
California,110,500 Free,1,4:12.78,Ryan Erisman,,Minnesota Invitational
California,110,500 Free,2,4:15.41,Eduardo Oliveira Moraes,,USC vs. California
California,110,500 Free,3,4:16.41,Nathan Wiffen,,Minnesota Invitational
California,110,500 Free,4,4:16.81,Norvin Clontz,,Minnesota Invitational
California,110,500 Free,5,4:18.58,Keaton Jones,,Minnesota Invitational
California,110,500 Free,6,4:18.93,Freddy Klein,,Minnesota Invitational
California,110,500 Free,7,4:19.11,Humberto Najera,,Minnesota Invitational
California,110,500 Free,8,4:20.18,Ian Platts-Mills,,Minnesota Invitational
California,110,500 Free,9,4:21.36,Julien Rousseau,,Minnesota Invitational
California,110,500 Free,10,4:21.73,Thackston McMullan,,Minnesota Invitational
Cincinnati,260,100 Back,1,47.38,Owen Chiles,,Ohio State invitational
Cincinnati,260,100 Back,2,47.46,Joe Swain,,Ohio State invitational
Cincinnati,260,100 Back,3,47.73,Sawyer Tapp,,Ohio State invitational
Cincinnati,260,100 Back,4,47.87,Aiden Gerst,,Ohio State invitational
Cincinnati,260,100 Back,5,48.12,Marin De Villard,,Ohio State invitational
Cincinnati,260,100 Back,6,48.45,Levi Hansen,,Ohio State invitational
Cincinnati,260,100 Back,7,49.99,Luke Garrett,,Indiana vs. Cincinatti
Cincinnati,260,100 Back,8,51.29,Conner Hogan,,Indiana vs. Cincinatti
Cincinnati,260,100 Breast,1,53.03,Benson WONG,,Ohio State invitational
Cincinnati,260,100 Breast,2,53.99,Connor Bennett,,Big 12 East Championship
Cincinnati,260,100 Breast,3,54.29,Kyle Bumgardner,,Ohio State invitational
Cincinnati,260,100 Breast,4,55.16,Murilo Amatuzzi,,Ohio State invitational
Cincinnati,260,100 Breast,5,55.50,Maks Maskalenka,,Oakland v Purdue v Cincinnati
Cincinnati,260,100 Breast,6,57.14,Brady Beyer,,Ohio State invitational
Cincinnati,260,100 Breast,7,59.12,Billy Connor,,Cincinnati vs. NKU
Cincinnati,260,100 Fly,1,48.10,Owen Chiles,,Ohio State invitational
Cincinnati,260,100 Fly,2,48.34,Sawyer Tapp,,Ohio State invitational
Cincinnati,260,100 Fly,3,48.78,Levi Hansen,,Ohio State invitational
Cincinnati,260,100 Fly,4,48.79,Michael Sachau,,Ohio State invitational
Cincinnati,260,100 Fly,5,48.84,Joe Swain,,Ohio State invitational
Cincinnati,260,100 Fly,6,50.66,Luke Garrett,,Indiana vs. Cincinatti
Cincinnati,260,100 Fly,7,50.89,Conner Hogan,,Oakland v Purdue v Cincinnati
Cincinnati,260,100 Fly,8,51.20,Luke Van Deusen,,Indiana vs. Cincinatti
Cincinnati,260,100 Fly,9,52.56,Alejandro Varon,,Cincinnati vs. Miami-OH
Cincinnati,260,100 Fly,10,52.71,Kyle Bumgardner,,Ohio State invitational
Cincinnati,260,100 Free,1,43.79,Owen Chiles,,Ohio State invitational
Cincinnati,260,100 Free,2,44.34,Luke Van Deusen,,Ohio State invitational
Cincinnati,260,100 Free,3,44.83,Conner Hogan,,Big 12 East Championship
Cincinnati,260,100 Free,4,45.16,Luke Garrett,,Ohio State invitational
Cincinnati,260,100 Free,5,45.61,Maks Maskalenka,,Ohio State invitational
Cincinnati,260,100 Free,6,45.71,Sawyer Tapp,,Ohio State invitational
Cincinnati,260,100 Free,7,45.84,Marin De Villard,,Big 12 East Championship
Cincinnati,260,100 Free,8,46.16,Aiden Gerst,,Oakland v Purdue v Cincinnati
Cincinnati,260,100 Free,9,48.79,Benson WONG,,Big 12 East Championship
Cincinnati,260,1000 Free,1,9:20.95,Kjell Cady,,Oakland v Purdue v Cincinnati
Cincinnati,260,1000 Free,2,9:25.95,Brady Beyer,,Ohio State invitational
Cincinnati,260,1000 Free,3,9:27.07,Alejandro Varon,,Oakland v Purdue v Cincinnati
Cincinnati,260,1000 Free,4,9:45.85,Nathan Spetz,,Cincinnati vs. NKU
Cincinnati,260,1000 Free,5,9:59.73,Billy Connor,,Cincinnati vs. Miami-OH
Cincinnati,260,1650 Free,1,15:35.68,Kjell Cady,,Ohio State invitational
Cincinnati,260,1650 Free,2,15:37.54,Brady Beyer,,Big 12 East Championship
Cincinnati,260,1650 Free,3,15:45.98,Alejandro Varon,,Big 12 East Championship
Cincinnati,260,1650 Free,4,16:16.40,Nathan Spetz,,Ohio State invitational
Cincinnati,260,200 Back,1,1:42.95,Aiden Gerst,,Ohio State invitational
Cincinnati,260,200 Back,2,1:44.16,Joe Swain,,Big 12 East Championship
Cincinnati,260,200 Back,3,1:45.43,Owen Chiles,,Big 12 East Championship
Cincinnati,260,200 Back,4,1:45.86,Marin De Villard,,Ohio State invitational
Cincinnati,260,200 Back,5,1:48.40,Sawyer Tapp,,Ohio State invitational
Cincinnati,260,200 Back,6,1:49.97,Levi Hansen,,Indiana vs. Cincinatti
Cincinnati,260,200 Back,7,1:52.66,Kjell Cady,,Indiana vs. Cincinatti
Cincinnati,260,200 Back,8,1:58.12,Michael Sachau,,Cincinnati vs. NKU
Cincinnati,260,200 Breast,1,1:55.56,Kyle Bumgardner,,Ohio State invitational
Cincinnati,260,200 Breast,2,1:55.57,Benson WONG,,Ohio State invitational
Cincinnati,260,200 Breast,3,1:58.73,Connor Bennett,,Big 12 East Championship
Cincinnati,260,200 Breast,4,1:59.29,Murilo Amatuzzi,,Ohio State invitational
Cincinnati,260,200 Breast,5,2:00.37,Brady Beyer,,Ohio State invitational
Cincinnati,260,200 Breast,6,2:04.94,Billy Connor,,Ohio State invitational
Cincinnati,260,200 Breast,7,2:08.78,Maks Maskalenka,,Cincinnati vs. NKU
Cincinnati,260,200 Fly,1,1:46.99,Michael Sachau,,Ohio State invitational
Cincinnati,260,200 Fly,2,1:47.42,Levi Hansen,,Ohio State invitational
Cincinnati,260,200 Fly,3,1:52.33,Kjell Cady,,Ohio State invitational
Cincinnati,260,200 Fly,4,1:52.72,Alejandro Varon,,Oakland v Purdue v Cincinnati
Cincinnati,260,200 Fly,5,1:54.50,Nathan Spetz,,Big 12 East Championship
Cincinnati,260,200 Free,1,1:36.61,Aiden Gerst,,Ohio State invitational
Cincinnati,260,200 Free,2,1:36.68,Luke Van Deusen,,Ohio State invitational
Cincinnati,260,200 Free,3,1:37.28,Owen Chiles,,Ohio State invitational
Cincinnati,260,200 Free,4,1:37.74,Marin De Villard,,Ohio State invitational
Cincinnati,260,200 Free,5,1:38.29,Michael Sachau,,Big 12 East Championship
Cincinnati,260,200 Free,6,1:38.36,Nathan Spetz,,Big 12 East Championship
Cincinnati,260,200 Free,7,1:38.84,Kyle Bumgardner,,Ohio State invitational
Cincinnati,260,200 Free,8,1:39.16,Luke Garrett,,Ohio State invitational
Cincinnati,260,200 Free,9,1:39.17,Conner Hogan,,Ohio State invitational
Cincinnati,260,200 Free,10,1:40.47,Maks Maskalenka,,Ohio State invitational
Cincinnati,260,200 Im,1,1:47.28,Owen Chiles,,Ohio State invitational
Cincinnati,260,200 Im,2,1:47.93,Kyle Bumgardner,,Big 12 East Championship
Cincinnati,260,200 Im,3,1:49.35,Connor Bennett,,Ohio State invitational
Cincinnati,260,200 Im,4,1:51.37,Murilo Amatuzzi,,Oakland v Purdue v Cincinnati
Cincinnati,260,200 Im,5,1:53.23,Benson WONG,,Oakland v Purdue v Cincinnati
Cincinnati,260,200 Im,6,1:53.66,Billy Connor,,Ohio State invitational
Cincinnati,260,200 Im,7,1:55.43,Maks Maskalenka,,Cincinnati vs. Miami-OH
Cincinnati,260,200 Im,8,1:57.93,Aiden Gerst,,Cincinnati vs. NKU
Cincinnati,260,400 Im,1,3:48.27,Kyle Bumgardner,,Ohio State invitational
Cincinnati,260,400 Im,2,3:57.48,Brady Beyer,,Ohio State invitational
Cincinnati,260,400 Im,3,3:58.08,Murilo Amatuzzi,,Ohio State invitational
Cincinnati,260,400 Im,4,3:58.15,Kjell Cady,,Ohio State invitational
Cincinnati,260,400 Im,5,3:58.46,Alejandro Varon,,Big 12 East Championship
Cincinnati,260,400 Im,6,4:00.46,Connor Bennett,,Ohio State invitational
Cincinnati,260,400 Im,7,4:03.93,Billy Connor,,Ohio State invitational
Cincinnati,260,50 Free,1,20.15,Owen Chiles,,Ohio State invitational
Cincinnati,260,50 Free,2,20.18,Conner Hogan,,Ohio State invitational
Cincinnati,260,50 Free,3,20.53,Luke Van Deusen,,Ohio State invitational
Cincinnati,260,50 Free,4,20.67,Sawyer Tapp,,Big 12 East Championship
Cincinnati,260,50 Free,5,20.83,Maks Maskalenka,,Ohio State invitational
Cincinnati,260,50 Free,6,21.20,Aiden Gerst,,Ohio State invitational
Cincinnati,260,50 Free,7,21.23,Luke Garrett,,Big 12 East Championship
Cincinnati,260,50 Free,8,21.34,Levi Hansen,,Ohio State invitational
Cincinnati,260,50 Free,9,21.88,Marin De Villard,,Oakland v Purdue v Cincinnati
Cincinnati,260,50 Free,10,22.87,Alejandro Varon,,"Miami (FL) vs. Cincinnati, Florida Atlantic"
Cincinnati,260,500 Free,1,4:25.63,Aiden Gerst,,Big 12 East Championship
Cincinnati,260,500 Free,2,4:28.12,Michael Sachau,,Ohio State invitational
Cincinnati,260,500 Free,3,4:29.72,Kjell Cady,,Ohio State invitational
Cincinnati,260,500 Free,4,4:30.19,Nathan Spetz,,Ohio State invitational
Cincinnati,260,500 Free,5,4:30.51,Alejandro Varon,,Big 12 East Championship
Cincinnati,260,500 Free,6,4:32.40,Kyle Bumgardner,,Indiana vs. Cincinatti
Cincinnati,260,500 Free,7,4:34.97,Marin De Villard,,Ohio State invitational
Cincinnati,260,500 Free,8,4:41.27,Brady Beyer,,Cincinnati vs. NKU
Cincinnati,260,500 Free,9,4:44.22,Billy Connor,,Ohio State invitational
Delaware,275,100 Back,1,47.39,Kade Snyder,,Bucknell Invitational
Delaware,275,100 Back,2,48.58,Kaloyan Levterov,,Delaware vs West Virginia
Delaware,275,100 Back,3,48.92,James Haney,,Bucknell Invitational
Delaware,275,100 Back,4,49.52,Denys Mialkovskyi,,"Navy vs. Delaware, Kenyon, Princeton"
Delaware,275,100 Back,5,49.62,Max Moen,,Bucknell Invitational
Delaware,275,100 Back,6,50.75,Cam Bucci,,Delaware vs West Virginia
Delaware,275,100 Breast,1,51.47,Matvei Namakonov,,Bucknell Invitational
Delaware,275,100 Breast,2,54.10,Manuel Osorio,,Bucknell Invitational
Delaware,275,100 Breast,3,54.77,Brian Wilbur,,Bucknell Invitational
Delaware,275,100 Breast,4,55.10,Malcolm Collins,,"Navy vs. Delaware, Kenyon, Princeton"
Delaware,275,100 Fly,1,46.51,Kade Snyder,,Bucknell Invitational
Delaware,275,100 Fly,2,48.01,Manuel Osorio,,Bucknell Invitational
Delaware,275,100 Fly,3,49.50,Will Cross,,Bucknell Invitational
Delaware,275,100 Fly,4,50.34,Josh Donovan,,Delaware vs George Mason
Delaware,275,100 Fly,5,51.55,Charles Henage,,Bucknell Invitational
Delaware,275,100 Fly,6,52.34,James Haney,,Delaware vs Old Dominion
Delaware,275,100 Fly,7,52.72,Will D'Orazio,,"Navy vs. Delaware, Kenyon, Princeton"
Delaware,275,100 Fly,8,52.84,Max Moen,,"Navy vs. Delaware, Kenyon, Princeton"
Delaware,275,100 Fly,9,53.13,Dylan Smolders,,Bucknell Invitational
Delaware,275,100 Fly,10,54.40,Broder Swenson,,"Navy vs. Delaware, Kenyon, Princeton"
Delaware,275,100 Free,1,42.67,Matvei Namakonov,,Bucknell Invitational
Delaware,275,100 Free,2,43.56,Addison Collins,,Bucknell Invitational
Delaware,275,100 Free,3,45.17,James Haney,,Bucknell Invitational
Delaware,275,100 Free,4,45.25,Will Cross,,Bucknell Invitational
Delaware,275,100 Free,5,45.32,Brady Robidas,,Bucknell Invitational
Delaware,275,100 Free,6,45.47,Cody Lonsberry,,Bucknell Invitational
Delaware,275,100 Free,7,45.49,Josh Donovan,,"Navy vs. Delaware, Kenyon, Princeton"
Delaware,275,100 Free,8,46.82,Kaloyan Levterov,,Florida Gulf Coast vs. Delaware
Delaware,275,100 Free,9,47.44,Brian Wilbur,,Florida Gulf Coast vs. Delaware
Delaware,275,100 Free,10,47.73,Malcolm Collins,,Delaware vs Old Dominion
Delaware,275,1000 Free,1,9:19.91,Cody Lonsberry,,"Navy vs. Delaware, Kenyon, Princeton"
Delaware,275,1000 Free,2,9:24.36,Broder Swenson,,Delaware vs George Mason
Delaware,275,1000 Free,3,9:36.24,Charles Henage,,Delaware vs George Mason
Delaware,275,1000 Free,4,9:39.07,Ian Metzgar,,"Navy vs. Delaware, Kenyon, Princeton"
Delaware,275,1650 Free,1,15:33.30,Cody Lonsberry,,Bucknell Invitational
Delaware,275,1650 Free,2,16:02.24,Ian Metzgar,,Bucknell Invitational
Delaware,275,1650 Free,3,16:07.21,Broder Swenson,,Bucknell Invitational
Delaware,275,200 Back,1,1:45.54,Kaloyan Levterov,,Bucknell Invitational
Delaware,275,200 Back,2,1:46.93,Denys Mialkovskyi,,Delaware vs West Virginia
Delaware,275,200 Back,3,1:47.07,Kade Snyder,,Bucknell Invitational
Delaware,275,200 Back,4,1:47.56,Max Moen,,Bucknell Invitational
Delaware,275,200 Back,5,1:50.53,James Haney,,Bucknell Invitational
Delaware,275,200 Breast,1,2:00.95,Brian Wilbur,,Bucknell Invitational
Delaware,275,200 Breast,2,2:01.82,Malcolm Collins,,Bucknell Invitational
Delaware,275,200 Breast,3,2:02.54,Manuel Osorio,,Bucknell Invitational
Delaware,275,200 Breast,4,2:03.23,Dylan Smolders,,"Navy vs. Delaware, Kenyon, Princeton"
Delaware,275,200 Breast,5,2:04.92,Will D'Orazio,,Delaware vs George Mason
Delaware,275,200 Breast,6,2:13.86,Charles Henage,,Penn vs. Delaware
Delaware,275,200 Fly,1,1:48.85,Will D'Orazio,,"Navy vs. Delaware, Kenyon, Princeton"
Delaware,275,200 Fly,2,1:49.29,Max Moen,,"Navy vs. Delaware, Kenyon, Princeton"
Delaware,275,200 Fly,3,1:49.51,Charles Henage,,"Navy vs. Delaware, Kenyon, Princeton"
Delaware,275,200 Fly,4,1:49.90,Dylan Smolders,,"Navy vs. Delaware, Kenyon, Princeton"
Delaware,275,200 Fly,5,1:53.94,Jacob Replogle,,Bucknell Invitational
Delaware,275,200 Fly,6,1:54.23,Broder Swenson,,Delaware vs George Mason
Delaware,275,200 Fly,7,2:00.91,Will Cross,,Delaware vs Old Dominion
Delaware,275,200 Free,1,1:36.15,Addison Collins,,Bucknell Invitational
Delaware,275,200 Free,2,1:39.35,Cody Lonsberry,,Bucknell Invitational
Delaware,275,200 Free,3,1:39.43,Josh Donovan,,"Navy vs. Delaware, Kenyon, Princeton"
Delaware,275,200 Free,4,1:41.61,James Haney,,Delaware vs George Mason
Delaware,275,200 Free,5,1:41.63,Brady Robidas,,Bucknell Invitational
Delaware,275,200 Free,6,1:41.74,Jacob Replogle,,Delaware vs West Virginia
Delaware,275,200 Free,7,1:42.31,Will Cross,,Bucknell Invitational
Delaware,275,200 Free,8,1:42.74,Denys Mialkovskyi,,Delaware vs George Mason
Delaware,275,200 Im,1,1:49.35,Dylan Smolders,,Bucknell Invitational
Delaware,275,200 Im,2,1:49.50,Max Moen,,"Navy vs. Delaware, Kenyon, Princeton"
Delaware,275,200 Im,3,1:50.16,Manuel Osorio,,Bucknell Invitational
Delaware,275,200 Im,4,1:50.99,Brian Wilbur,,Bucknell Invitational
Delaware,275,200 Im,5,1:51.58,Will D'Orazio,,"Navy vs. Delaware, Kenyon, Princeton"
Delaware,275,200 Im,6,1:52.26,James Haney,,Bucknell Invitational
Delaware,275,200 Im,7,1:53.40,Malcolm Collins,,Bucknell Invitational
Delaware,275,400 Im,1,3:55.41,Max Moen,,"Navy vs. Delaware, Kenyon, Princeton"
Delaware,275,400 Im,2,3:55.87,Dylan Smolders,,"Navy vs. Delaware, Kenyon, Princeton"
Delaware,275,400 Im,3,3:56.99,Will D'Orazio,,"Navy vs. Delaware, Kenyon, Princeton"
Delaware,275,400 Im,4,4:01.10,Charles Henage,,Bucknell Invitational
Delaware,275,400 Im,5,4:04.88,Broder Swenson,,"Navy vs. Delaware, Kenyon, Princeton"
Delaware,275,400 Im,6,4:05.79,Ian Metzgar,,Bucknell Invitational
Delaware,275,50 Free,1,19.69,Matvei Namakonov,,Bucknell Invitational
Delaware,275,50 Free,2,19.83,Addison Collins,,Bucknell Invitational
Delaware,275,50 Free,3,20.12,Kade Snyder,,Bucknell Invitational
Delaware,275,50 Free,4,20.50,Brady Robidas,,Bucknell Invitational
Delaware,275,50 Free,5,20.76,Kaloyan Levterov,,Bucknell Invitational
Delaware,275,50 Free,6,20.85,Will Cross,,Bucknell Invitational
Delaware,275,50 Free,7,20.85,Josh Donovan,,Bucknell Invitational
Delaware,275,50 Free,8,20.95,Cody Lonsberry,,Bucknell Invitational
Delaware,275,50 Free,9,21.18,James Haney,,Bucknell Invitational
Delaware,275,50 Free,10,21.99,Malcolm Collins,,Penn vs. Delaware
Delaware,275,500 Free,1,4:31.64,Cody Lonsberry,,Bucknell Invitational
Delaware,275,500 Free,2,4:34.50,Broder Swenson,,"Navy vs. Delaware, Kenyon, Princeton"
Delaware,275,500 Free,3,4:36.58,Jacob Replogle,,Delaware vs West Virginia
Delaware,275,500 Free,4,4:37.08,Charles Henage,,Bucknell Invitational
Delaware,275,500 Free,5,4:37.58,Denys Mialkovskyi,,Delaware vs George Mason
Delaware,275,500 Free,6,4:43.01,Ian Metzgar,,Bucknell Invitational
Delaware,275,500 Free,7,4:43.50,Will D'Orazio,,Bucknell Invitational
Denver,276,100 Back,1,48.49,Liam Simmons,,Minnesota Invitational
Denver,276,100 Back,2,48.50,Quinn Collins,,Minnesota Invitational
Denver,276,100 Back,3,49.31,Max Roslin,,Minnesota Invitational
Denver,276,100 Back,4,50.09,Mason Bruhn,,Minnesota Invitational
Denver,276,100 Back,5,51.10,Noah Laird,,Denver vs. BYU
Denver,276,100 Back,6,52.27,Kurt Owens,,Front Range Invite
Denver,276,100 Breast,1,52.91,Kito Campbell,,Minnesota Invitational
Denver,276,100 Breast,2,55.25,Nico Morton,,Denver vs. BYU
Denver,276,100 Breast,3,56.88,Cota Clise,,Minnesota Invitational
Denver,276,100 Breast,4,57.03,Tom Truter,,"Cal Baptist vs. Denver, San Diego State, UCSB"
Denver,276,100 Breast,5,58.65,Sam Baker,,Minnesota Invitational
Denver,276,100 Fly,1,46.92,Hamish McLellan,,Minnesota Invitational
Denver,276,100 Fly,2,49.29,Gabe Jones,,Denver vs. BYU
Denver,276,100 Fly,3,49.88,Mason Bruhn,,Denver vs. BYU
Denver,276,100 Fly,4,50.71,Brandon Saeedi,,Denver vs. Wyoming vs. Colorado Mesa
Denver,276,100 Fly,5,51.02,Luke Milburn,,Minnesota Invitational
Denver,276,100 Fly,6,51.10,Ian O'Neil,,Denver vs. BYU
Denver,276,100 Fly,7,52.86,Sam Baker,,Denver vs. BYU
Denver,276,100 Fly,8,52.92,Bayden Todd,,Front Range Invite
Denver,276,100 Fly,9,53.02,Nico Morton,,Minnesota Invitational
Denver,276,100 Fly,10,53.75,Noah Laird,,Minnesota Invitational
Denver,276,100 Free,1,43.89,Hamish McLellan,,Minnesota Invitational
Denver,276,100 Free,2,44.30,Matija Pantic,,Denver vs. BYU
Denver,276,100 Free,3,44.95,Tommy Hancock,,Minnesota Invitational
Denver,276,100 Free,4,45.78,Benjamin Stone,,Minnesota Invitational
Denver,276,100 Free,5,45.82,Dylan Mes,,Minnesota Invitational
Denver,276,100 Free,6,45.84,Pierce Bickerton,,Minnesota Invitational
Denver,276,100 Free,7,46.25,Luke Milburn,,Denver v. New Mexico (W) v. Utah (M)
Denver,276,100 Free,8,46.30,Bayden Todd,,Minnesota Invitational
Denver,276,100 Free,9,46.40,Kurt Owens,,Denver vs. Wyoming vs. Colorado Mesa
Denver,276,100 Free,10,47.71,Liam Simmons,,Front Range Invite
Denver,276,1000 Free,1,9:07.74,Joe Hancock,,Minnesota Invitational
Denver,276,1000 Free,2,9:15.19,Finn Holdredge,,Denver vs. Wyoming vs. Colorado Mesa
Denver,276,1000 Free,3,9:24.70,Max O'Neil,,Denver vs. Wyoming vs. Colorado Mesa
Denver,276,1650 Free,1,15:10.96,Joe Hancock,,Minnesota Invitational
Denver,276,1650 Free,2,15:28.57,Finn Holdredge,,Minnesota Invitational
Denver,276,1650 Free,3,15:50.76,Max O'Neil,,Minnesota Invitational
Denver,276,200 Back,1,1:46.79,Quinn Collins,,Minnesota Invitational
Denver,276,200 Back,2,1:47.82,Max Roslin,,Minnesota Invitational
Denver,276,200 Back,3,1:48.29,Kurt Owens,,Minnesota Invitational
Denver,276,200 Back,4,1:48.76,Nico Morton,,Denver vs. Colorado Mines
Denver,276,200 Back,5,1:48.80,Liam Simmons,,Minnesota Invitational
Denver,276,200 Back,6,1:49.83,Noah Laird,,Denver vs. BYU
Denver,276,200 Back,7,1:49.92,Mason Bruhn,,Denver vs. Colorado Mines
Denver,276,200 Back,8,1:55.98,Gabe Jones,,Front Range Invite
Denver,276,200 Breast,1,1:58.29,Nico Morton,,Minnesota Invitational
Denver,276,200 Breast,2,1:59.14,Kito Campbell,,"Cal Baptist vs. Denver, San Diego State, UCSB"
Denver,276,200 Breast,3,2:00.37,Cota Clise,,Minnesota Invitational
Denver,276,200 Breast,4,2:02.56,Max Roslin,,Denver vs. Colorado Mines
Denver,276,200 Breast,5,2:03.21,Tom Truter,,"Cal Baptist vs. Denver, San Diego State, UCSB"
Denver,276,200 Breast,6,2:05.12,Sam Baker,,Minnesota Invitational
Denver,276,200 Breast,7,2:10.96,Gabe Jones,,Denver vs. Colorado Mines
Denver,276,200 Fly,1,1:45.83,Gabe Jones,,Denver vs. BYU
Denver,276,200 Fly,2,1:49.12,Ian O'Neil,,Minnesota Invitational
Denver,276,200 Fly,3,1:50.08,Max O'Neil,,Minnesota Invitational
Denver,276,200 Fly,4,1:50.64,Mason Bruhn,,Minnesota Invitational
Denver,276,200 Fly,5,1:51.27,Brandon Saeedi,,Denver vs. BYU
Denver,276,200 Fly,6,1:57.20,Finn Holdredge,,"Cal Baptist vs. Denver, San Diego State, UCSB"
Denver,276,200 Free,1,1:36.98,Pierce Bickerton,,Denver v. New Mexico (W) v. Utah (M)
Denver,276,200 Free,2,1:37.90,Kurt Owens,,Denver vs. Wyoming vs. Colorado Mesa
Denver,276,200 Free,3,1:38.20,Dylan Mes,,Denver vs. Colorado Mines
Denver,276,200 Free,4,1:39.15,Matija Pantic,,Minnesota Invitational
Denver,276,200 Free,5,1:40.59,Brandon Saeedi,,Denver vs. Wyoming vs. Colorado Mesa
Denver,276,200 Free,6,1:40.79,Tommy Hancock,,Minnesota Invitational
Denver,276,200 Free,7,1:41.93,Noah Laird,,"Cal Baptist vs. Denver, San Diego State, UCSB"
Denver,276,200 Free,8,1:43.41,Finn Holdredge,,"Air Force vs. Denver, LSU, Wyoming"
Denver,276,200 Free,9,1:44.01,Bayden Todd,,Minnesota Invitational
Denver,276,200 Free,10,1:44.32,Benjamin Stone,,Minnesota Invitational
Denver,276,200 Im,1,1:48.38,Nico Morton,,Denver vs. BYU
Denver,276,200 Im,2,1:48.59,Gabe Jones,,Minnesota Invitational
Denver,276,200 Im,3,1:50.23,Noah Laird,,Denver vs. Colorado Mines
Denver,276,200 Im,4,1:50.90,Max Roslin,,Minnesota Invitational
Denver,276,200 Im,5,1:51.38,Cota Clise,,"Cal Baptist vs. Denver, San Diego State, UCSB"
Denver,276,200 Im,6,1:52.32,Mason Bruhn,,Minnesota Invitational
Denver,276,200 Im,7,1:52.62,Sam Baker,,Minnesota Invitational
Denver,276,200 Im,8,1:53.00,Ian O'Neil,,Minnesota Invitational
Denver,276,200 Im,9,1:56.40,Finn Holdredge,,"Cal Baptist vs. Denver, San Diego State, UCSB"
Denver,276,400 Im,1,3:51.54,Nico Morton,,Denver vs. Wyoming vs. Colorado Mesa
Denver,276,400 Im,2,3:55.58,Gabe Jones,,Minnesota Invitational
Denver,276,400 Im,3,3:56.52,Cota Clise,,Minnesota Invitational
Denver,276,400 Im,4,3:56.81,Noah Laird,,Denver vs. Wyoming vs. Colorado Mesa
Denver,276,400 Im,5,3:58.59,Ian O'Neil,,Minnesota Invitational
Denver,276,400 Im,6,3:59.31,Sam Baker,,Minnesota Invitational
Denver,276,400 Im,7,4:05.58,Finn Holdredge,,Minnesota Invitational
Denver,276,400 Im,8,4:12.19,Max O'Neil,,Front Range Invite
Denver,276,50 Free,1,20.12,Hamish McLellan,,Minnesota Invitational
Denver,276,50 Free,2,20.47,Liam Simmons,,Minnesota Invitational
Denver,276,50 Free,3,20.58,Benjamin Stone,,Denver vs. Wyoming vs. Colorado Mesa
Denver,276,50 Free,4,20.63,Luke Milburn,,Minnesota Invitational
Denver,276,50 Free,5,20.69,Tommy Hancock,,Minnesota Invitational
Denver,276,50 Free,6,20.72,Matija Pantic,,Minnesota Invitational
Denver,276,50 Free,7,21.00,Quinn Collins,,Minnesota Invitational
Denver,276,50 Free,8,21.15,Bayden Todd,,Minnesota Invitational
Denver,276,50 Free,9,21.38,Kito Campbell,,Minnesota Invitational
Denver,276,50 Free,10,22.09,Dylan Mes,,Denver vs. Colorado Mines
Denver,276,500 Free,1,4:25.99,Dylan Mes,,Minnesota Invitational
Denver,276,500 Free,2,4:27.71,Pierce Bickerton,,Minnesota Invitational
Denver,276,500 Free,3,4:28.79,Joe Hancock,,"Cal Baptist vs. Denver, San Diego State, UCSB"
Denver,276,500 Free,4,4:28.99,Finn Holdredge,,Minnesota Invitational
Denver,276,500 Free,5,4:29.24,Kurt Owens,,Minnesota Invitational
Denver,276,500 Free,6,4:35.49,Max O'Neil,,Minnesota Invitational
Denver,276,500 Free,7,4:35.76,Brandon Saeedi,,Minnesota Invitational
Evansville,240,100 Back,1,50.18,Logan Tenison,,"IU-Indianapolis vs. Evansville, Southern Indiana, Valpo"
Evansville,240,100 Back,2,51.84,Boris Tavrosky,,SIU A3 Performance Invite
Evansville,240,100 Back,3,54.61,Tyler Jackson,,SIU A3 Performance Invite
Evansville,240,100 Back,4,55.33,Carter Bolling,,SIU A3 Performance Invite
Evansville,240,100 Back,5,55.35,Ben Morse,,Southern Illinois vs. Evansville vs. Indiana State
Evansville,240,100 Back,6,57.53,Harry McDowell,,"IU-Indianapolis vs. Evansville, Southern Indiana, Valpo"
Evansville,240,100 Breast,1,56.87,Joao Guiherme,,SIU A3 Performance Invite
Evansville,240,100 Breast,2,56.90,Jesse Montano,,SIU A3 Performance Invite
Evansville,240,100 Breast,3,57.83,Christopher Rector,,UE Double Dual 2025
Evansville,240,100 Breast,4,57.99,Robert Hargrove,,SIU A3 Performance Invite
Evansville,240,100 Breast,5,59.34,Trevor O'Sullivan,,UE Double Dual 2025
Evansville,240,100 Fly,1,50.91,Alex Willis,,SIU A3 Performance Invite
Evansville,240,100 Fly,2,51.12,Brendan Ulewicz,,SIU A3 Performance Invite
Evansville,240,100 Fly,3,52.73,Bryce Ryan,,SIU A3 Performance Invite
Evansville,240,100 Fly,4,52.89,Adam Pawlak,,Southern Illinois vs. Evansville vs. Indiana State
Evansville,240,100 Fly,5,52.97,Robert Hargrove,,SIU A3 Performance Invite
Evansville,240,100 Fly,6,53.25,Sammy McCall,,SIU A3 Performance Invite
Evansville,240,100 Fly,7,54.70,Christopher Rector,,SIU A3 Performance Invite
Evansville,240,100 Fly,8,55.61,Mohammed Rashed,,SIU A3 Performance Invite
Evansville,240,100 Fly,9,56.63,Trevor O'Sullivan,,Dan Ross Invitational
Evansville,240,100 Fly,10,1:00.42,Tyler Jackson,,"IU-Indianapolis vs. Evansville, Southern Indiana, Valpo"
Evansville,240,100 Free,1,45.94,Sammy McCall,,SIU A3 Performance Invite
Evansville,240,100 Free,2,45.99,Michael Pruett,,SIU A3 Performance Invite
Evansville,240,100 Free,3,47.43,Joseph Capo,,Dan Ross Invitational
Evansville,240,100 Free,4,47.60,Tyler Jackson,,SIU A3 Performance Invite
Evansville,240,100 Free,5,47.73,Alex Willis,,"IU-Indianapolis vs. Evansville, Southern Indiana, Valpo"
Evansville,240,100 Free,6,47.99,Brendan Ulewicz,,SIU A3 Performance Invite
Evansville,240,100 Free,7,47.99,Mohammed Rashed,,SIU A3 Performance Invite
Evansville,240,100 Free,8,48.46,Harry McDowell,,SIU A3 Performance Invite
Evansville,240,100 Free,9,48.47,Wyatt Gallas,,Dan Ross Invitational
Evansville,240,100 Free,10,49.01,Luke Cook,,Dan Ross Invitational
Evansville,240,1000 Free,1,9:48.84,Joseph Capo,,SIU A3 Performance Invite
Evansville,240,1000 Free,2,10:00.83,Tyler Jackson,,Evansville vs. Eastern Illinois
Evansville,240,1000 Free,3,10:01.98,Wyatt Gallas,,Evanville vs. Illinois-Chicago
Evansville,240,1000 Free,4,10:09.46,Luke Cook,,SIU A3 Performance Invite
Evansville,240,1000 Free,5,10:10.55,Bryce Ryan,,SIU A3 Performance Invite
Evansville,240,1000 Free,6,10:15.04,Carter Bolling,,Evansville vs. Eastern Illinois
Evansville,240,1650 Free,1,16:18.65,Joseph Capo,,SIU A3 Performance Invite
Evansville,240,1650 Free,2,16:43.40,Bryce Ryan,,SIU A3 Performance Invite
Evansville,240,1650 Free,3,16:53.47,Luke Cook,,SIU A3 Performance Invite
Evansville,240,200 Back,1,1:50.98,Logan Tenison,,Evanville vs. Illinois-Chicago
Evansville,240,200 Back,2,1:55.25,Boris Tavrosky,,SIU A3 Performance Invite
Evansville,240,200 Back,3,1:58.07,Carter Bolling,,SIU A3 Performance Invite
Evansville,240,200 Back,4,2:09.73,Bryce Ryan,,McKendree vs. Evansville
Evansville,240,200 Back,5,2:10.27,Harry McDowell,,UE Double Dual 2025
Evansville,240,200 Breast,1,2:05.23,Joao Guiherme,,SIU A3 Performance Invite
Evansville,240,200 Breast,2,2:05.28,Jesse Montano,,SIU A3 Performance Invite
Evansville,240,200 Breast,3,2:05.99,Christopher Rector,,SIU A3 Performance Invite
Evansville,240,200 Breast,4,2:10.80,Robert Hargrove,,SIU A3 Performance Invite
Evansville,240,200 Breast,5,2:19.16,Trevor O'Sullivan,,UE Double Dual 2025
Evansville,240,200 Fly,1,1:53.45,Alex Willis,,UE Double Dual 2025
Evansville,240,200 Fly,2,1:58.46,Wyatt Gallas,,SIU A3 Performance Invite
Evansville,240,200 Fly,3,1:58.76,Adam Pawlak,,Evanville vs. Illinois-Chicago
Evansville,240,200 Fly,4,2:03.43,Robert Hargrove,,UE Double Dual 2025
Evansville,240,200 Free,1,1:41.60,Joseph Capo,,SIU A3 Performance Invite
Evansville,240,200 Free,2,1:41.81,Michael Pruett,,SIU A3 Performance Invite
Evansville,240,200 Free,3,1:42.96,Wyatt Gallas,,SIU A3 Performance Invite
Evansville,240,200 Free,4,1:43.70,Luke Cook,,SIU A3 Performance Invite
Evansville,240,200 Free,5,1:44.71,Carter Bolling,,SIU A3 Performance Invite
Evansville,240,200 Free,6,1:44.84,Tyler Jackson,,SIU A3 Performance Invite
Evansville,240,200 Free,7,1:45.44,Harry McDowell,,SIU A3 Performance Invite
Evansville,240,200 Free,8,1:45.83,Bryce Ryan,,SIU A3 Performance Invite
Evansville,240,200 Free,9,1:48.72,Joao Guiherme,,Southern Illinois vs. Evansville vs. Indiana State
Evansville,240,200 Im,1,1:53.45,Christopher Rector,,SIU A3 Performance Invite
Evansville,240,200 Im,2,1:54.69,Alex Willis,,SIU A3 Performance Invite
Evansville,240,200 Im,3,1:55.03,Joao Guiherme,,SIU A3 Performance Invite
Evansville,240,200 Im,4,1:56.47,Tyler Jackson,,Evansville vs. Eastern Illinois
Evansville,240,200 Im,5,2:07.08,Trevor O'Sullivan,,UE Double Dual 2025
Evansville,240,200 Im,6,2:08.16,Robert Hargrove,,Evanville vs. Illinois-Chicago
Evansville,240,400 Im,1,4:02.31,Christopher Rector,,SIU A3 Performance Invite
Evansville,240,400 Im,2,4:27.48,Tyler Jackson,,"IU-Indianapolis vs. Evansville, Southern Indiana, Valpo"
Evansville,240,400 Im,3,4:29.63,Joao Guiherme,,"IU-Indianapolis vs. Evansville, Southern Indiana, Valpo"
Evansville,240,50 Free,1,20.97,Sammy McCall,,SIU A3 Performance Invite
Evansville,240,50 Free,2,21.38,Michael Pruett,,SIU A3 Performance Invite
Evansville,240,50 Free,3,21.41,Logan Tenison,,Evanville vs. Illinois-Chicago
Evansville,240,50 Free,4,21.49,Brendan Ulewicz,,SIU A3 Performance Invite
Evansville,240,50 Free,5,21.76,Alex Willis,,McKendree vs. Evansville
Evansville,240,50 Free,6,21.78,Harry McDowell,,SIU A3 Performance Invite
Evansville,240,50 Free,7,21.85,Mohammed Rashed,,UE Double Dual 2025
Evansville,240,50 Free,8,22.21,Boris Tavrosky,,SIU A3 Performance Invite
Evansville,240,50 Free,9,22.22,Adam Pawlak,,SIU A3 Performance Invite
Evansville,240,50 Free,10,22.27,Joseph Capo,,Dan Ross Invitational
Evansville,240,500 Free,1,4:37.24,Joseph Capo,,SIU A3 Performance Invite
Evansville,240,500 Free,2,4:41.91,Wyatt Gallas,,SIU A3 Performance Invite
Evansville,240,500 Free,3,4:42.83,Tyler Jackson,,SIU A3 Performance Invite
Evansville,240,500 Free,4,4:43.31,Luke Cook,,SIU A3 Performance Invite
Evansville,240,500 Free,5,4:43.69,Bryce Ryan,,SIU A3 Performance Invite
Evansville,240,500 Free,6,4:44.31,Carter Bolling,,SIU A3 Performance Invite
Evansville,240,500 Free,7,4:55.45,Joao Guiherme,,Evansville vs. Eastern Illinois
Evansville,240,500 Free,8,4:59.96,Christopher Rector,,Evansville vs. Eastern Illinois
Evansville,240,500 Free,9,5:03.45,Adam Pawlak,,"IU-Indianapolis vs. Evansville, Southern Indiana, Valpo"
Florida,117,100 Back,1,45.13,Jonny Marshall,,UGA Fall Invitational
Florida,117,100 Back,2,45.99,Aiden Norman,,UGA Fall Invitational
Florida,117,100 Back,3,46.50,Scotty Buff,,UGA Fall Invitational
Florida,117,100 Back,4,46.75,Caleb Maldari,,Florida vs. Auburn
Florida,117,100 Back,5,48.39,Matt Cairns,,UGA Fall Invitational
Florida,117,100 Breast,1,52.45,Aleksas Savickas,,UGA Fall Invitational
Florida,117,100 Breast,2,52.61,NIL CADEVALL MICOLAU,,UGA Fall Invitational
Florida,117,100 Breast,3,52.70,Koen de Groot,,Florida vs. Auburn
Florida,117,100 Breast,4,53.47,Jordan Willis,,UGA Fall Invitational
Florida,117,100 Breast,5,55.73,Gio Linscheer,,Florida vs. Georgia
Florida,117,100 Fly,1,43.42,Josh Liendo,,UGA Fall Invitational
Florida,117,100 Fly,2,45.99,Scotty Buff,,Florida vs. Auburn
Florida,117,100 Fly,3,47.52,Matt Cairns,,Florida vs. Auburn
Florida,117,100 Fly,4,47.92,Alexander Painter,,Florida vs. Georgia
Florida,117,100 Fly,5,49.28,Marvin Johnson,,UGA Fall Invitational
Florida,117,100 Fly,6,50.36,Charlie Hutchison,,UGA Fall Invitational
Florida,117,100 Fly,7,50.97,Eric Brown,,UGA Fall Invitational
Florida,117,100 Fly,8,51.06,Gio Linscheer,,Florida vs. Auburn
Florida,117,100 Fly,9,51.47,NIL CADEVALL MICOLAU,,UGA Fall Invitational
Florida,117,100 Fly,10,52.21,Luke Corey,,UGA Fall Invitational
Florida,117,100 Free,1,41.11,Josh Liendo,,UGA Fall Invitational
Florida,117,100 Free,2,42.45,Devin Dilger,,UGA Fall Invitational
Florida,117,100 Free,3,42.46,Alexander Painter,,UGA Fall Invitational
Florida,117,100 Free,4,42.91,Aiden Norman,,Florida vs. Auburn
Florida,117,100 Free,5,43.19,Scotty Buff,,UGA Fall Invitational
Florida,117,100 Free,6,43.22,Paul Dardis,,UGA Fall Invitational
Florida,117,100 Free,7,43.91,Marvin Johnson,,UGA Fall Invitational
Florida,117,100 Free,8,44.53,Eric Brown,,UGA Fall Invitational
Florida,117,100 Free,9,44.61,Jonny Marshall,,Florida vs. Virginia
Florida,117,100 Free,10,45.23,Ahmed Jaouadi,,UGA Fall Invitational
Florida,117,1000 Free,1,8:36.65,Ahmed Jaouadi,,Florida vs. Georgia
Florida,117,1000 Free,2,8:51.76,Gio Linscheer,,Florida vs. Georgia
Florida,117,1000 Free,3,8:55.91,Luke Corey,,Florida vs. Auburn
Florida,117,1000 Free,4,8:57.92,Eric Brown,,Florida vs. Georgia
Florida,117,1000 Free,5,9:09.51,Charlie Hutchison,,UGA Fall Invitational
Florida,117,1650 Free,1,14:39.10,Ahmed Jaouadi,,UGA Fall Invitational
Florida,117,1650 Free,2,14:54.31,Eric Brown,,UGA Fall Invitational
Florida,117,1650 Free,3,14:55.67,Gio Linscheer,,UGA Fall Invitational
Florida,117,1650 Free,4,15:02.01,Luke Corey,,UGA Fall Invitational
Florida,117,1650 Free,5,15:20.36,Charlie Hutchison,,UGA Fall Invitational
Florida,117,200 Back,1,1:39.04,Jonny Marshall,,UGA Fall Invitational
Florida,117,200 Back,2,1:40.21,Aiden Norman,,UGA Fall Invitational
Florida,117,200 Back,3,1:44.13,Caleb Maldari,,Florida vs. Auburn
Florida,117,200 Back,4,1:45.38,Matt Cairns,,UGA Fall Invitational
Florida,117,200 Back,5,1:47.85,Gio Linscheer,,Florida vs. Auburn
Florida,117,200 Breast,1,1:53.86,Aleksas Savickas,,UGA Fall Invitational
Florida,117,200 Breast,2,1:54.13,NIL CADEVALL MICOLAU,,UGA Fall Invitational
Florida,117,200 Breast,3,1:54.74,Jordan Willis,,UGA Fall Invitational
Florida,117,200 Breast,4,1:56.98,Gio Linscheer,,UGA Fall Invitational
Florida,117,200 Breast,5,2:04.27,Koen de Groot,,Florida vs. Auburn
Florida,117,200 Fly,1,1:45.50,Matt Cairns,,Florida vs. Auburn
Florida,117,200 Fly,2,1:46.08,Eric Brown,,UGA Fall Invitational
Florida,117,200 Fly,3,1:47.60,Gio Linscheer,,Florida vs. Auburn
Florida,117,200 Fly,4,1:49.47,Luke Corey,,UGA Fall Invitational
Florida,117,200 Fly,5,1:51.48,Charlie Hutchison,,IU - Florida
Florida,117,200 Free,1,1:33.40,Josh Liendo,,UGA Fall Invitational
Florida,117,200 Free,2,1:33.68,Aiden Norman,,UGA Fall Invitational
Florida,117,200 Free,3,1:33.95,Ahmed Jaouadi,,UGA Fall Invitational
Florida,117,200 Free,4,1:34.83,Alexander Painter,,UGA Fall Invitational
Florida,117,200 Free,5,1:35.04,Jonny Marshall,,UGA Fall Invitational
Florida,117,200 Free,6,1:35.75,Paul Dardis,,UGA Fall Invitational
Florida,117,200 Free,7,1:35.78,Charlie Hutchison,,Florida vs. Georgia
Florida,117,200 Free,8,1:36.19,Eric Brown,,Florida vs. Virginia
Florida,117,200 Free,9,1:37.53,Devin Dilger,,UGA Fall Invitational
Florida,117,200 Free,10,1:38.60,Marvin Johnson,,UGA Fall Invitational
Florida,117,200 Im,1,1:45.22,NIL CADEVALL MICOLAU,,UGA Fall Invitational
Florida,117,200 Im,2,1:45.60,Aiden Norman,,UGA Fall Invitational
Florida,117,200 Im,3,1:45.93,Eric Brown,,Florida vs. Auburn
Florida,117,200 Im,4,1:47.24,Caleb Maldari,,UGA Fall Invitational
Florida,117,200 Im,5,1:47.32,Charlie Hutchison,,UGA Fall Invitational
Florida,117,200 Im,6,1:47.96,Aleksas Savickas,,UGA Fall Invitational
Florida,117,200 Im,7,1:51.79,Jordan Willis,,UGA Fall Invitational
Florida,117,200 Im,8,1:52.26,Gio Linscheer,,Florida vs. Auburn
Florida,117,200 Im,9,1:52.50,Matt Cairns,,Florida vs. Virginia
Florida,117,400 Im,1,3:41.94,Charlie Hutchison,,UGA Fall Invitational
Florida,117,400 Im,2,3:43.25,Eric Brown,,UGA Fall Invitational
Florida,117,400 Im,3,3:48.33,Gio Linscheer,,UGA Fall Invitational
Florida,117,400 Im,4,3:52.63,Luke Corey,,UGA Fall Invitational
Florida,117,400 Im,5,3:52.97,NIL CADEVALL MICOLAU,,UGA Fall Invitational
Florida,117,400 Im,6,3:56.60,Caleb Maldari,,UGA Fall Invitational
Florida,117,50 Free,1,18.40,Josh Liendo,,UGA Fall Invitational
Florida,117,50 Free,2,19.35,Alexander Painter,,UGA Fall Invitational
Florida,117,50 Free,3,19.46,Devin Dilger,,UGA Fall Invitational
Florida,117,50 Free,4,19.52,Scotty Buff,,UGA Fall Invitational
Florida,117,50 Free,5,19.71,Marvin Johnson,,UGA Fall Invitational
Florida,117,50 Free,6,19.79,Paul Dardis,,UGA Fall Invitational
Florida,117,50 Free,7,19.99,Jonny Marshall,,UGA Fall Invitational
Florida,117,50 Free,8,20.74,Aiden Norman,,Florida vs. Auburn
Florida,117,50 Free,9,21.30,Eric Brown,,UGA Fall Invitational
Florida,117,50 Free,10,21.91,NIL CADEVALL MICOLAU,,UGA Fall Invitational
Florida,117,500 Free,1,4:10.72,Ahmed Jaouadi,,UGA Fall Invitational
Florida,117,500 Free,2,4:14.78,Gio Linscheer,,UGA Fall Invitational
Florida,117,500 Free,3,4:14.95,Charlie Hutchison,,UGA Fall Invitational
Florida,117,500 Free,4,4:17.41,Eric Brown,,UGA Fall Invitational
Florida,117,500 Free,5,4:21.14,Luke Corey,,UGA Fall Invitational
Georgia,124,100 Back,1,43.92,Ruard Van Renen,,UGA Fall Invitational
Georgia,124,100 Back,2,44.79,Luca Urlando,,UGA Fall Invitational
Georgia,124,100 Back,3,45.89,Sam Powe,,UGA Fall Invitational
Georgia,124,100 Back,4,46.38,Hayden Meyers,,UGA Fall Invitational
Georgia,124,100 Back,5,47.17,Sascha Macht,,UGA Fall Invitational
Georgia,124,100 Back,6,47.67,Luke Sandberg,,UGA Fall Invitational
Georgia,124,100 Back,7,47.74,Tane Bidois,,UGA Fall Invitational
Georgia,124,100 Back,8,56.08,Will Gavin,,GT DMT: NC State vs. Georgia
Georgia,124,100 Back,9,1:02.58,Tommylee Camblong,,GT DMT: Auburn vs. Georgia
Georgia,124,100 Breast,1,51.20,Elliot Woodburn,,UGA Fall Invitational
Georgia,124,100 Breast,2,54.29,Finn Wendland,,South Carolina vs. Georgia
Georgia,124,100 Breast,3,54.91,Cale Martter,,South Carolina vs. Georgia
Georgia,124,100 Breast,4,56.93,Will Gavin,,GT DMT: Georgia vs. George Washington
Georgia,124,100 Fly,1,43.87,Luca Urlando,,UGA Fall Invitational
Georgia,124,100 Fly,2,44.86,Ruard Van Renen,,UGA Fall Invitational
Georgia,124,100 Fly,3,45.30,Drew Hitchcock,,UGA Fall Invitational
Georgia,124,100 Fly,4,46.63,Roman Valdez,,UGA Fall Invitational
Georgia,124,100 Fly,5,48.45,Sascha Macht,,UGA Fall Invitational
Georgia,124,100 Fly,6,48.46,Tyler Grafmiller,,UGA Fall Invitational
Georgia,124,100 Fly,7,49.62,Jayson Ross,,UGA Fall Invitational
Georgia,124,100 Fly,8,49.66,Finn Hammer,,UGA Fall Invitational
Georgia,124,100 Fly,9,50.16,Natan Silva,,UGA Fall Invitational
Georgia,124,100 Fly,10,50.47,Cale Martter,,UGA Fall Invitational
Georgia,124,100 Free,1,42.17,Luca Urlando,,GT DMT: Auburn vs. Georgia
Georgia,124,100 Free,2,42.83,Tane Bidois,,UGA Fall Invitational
Georgia,124,100 Free,3,42.86,Tomas Koski,,UGA Fall Invitational
Georgia,124,100 Free,4,42.94,Sascha Macht,,UGA Fall Invitational
Georgia,124,100 Free,5,43.01,Ruard Van Renen,,GT DMT: NC State vs. Georgia
Georgia,124,100 Free,6,43.22,Luke Sandberg,,UGA Fall Invitational
Georgia,124,100 Free,7,43.24,Roman Valdez,,UGA Fall Invitational
Georgia,124,100 Free,8,43.30,Will Gavin,,UGA Fall Invitational
Georgia,124,100 Free,9,44.81,Jayson Ross,,UGA Fall Invitational
Georgia,124,100 Free,10,44.89,Finn Hammer,,UGA Fall Invitational
Georgia,124,1000 Free,1,8:51.56,Sean Green,,Florida vs. Georgia
Georgia,124,1000 Free,2,8:56.95,Tomas Koski,,South Carolina vs. Georgia
Georgia,124,1000 Free,3,9:03.61,Tommylee Camblong,,South Carolina vs. Georgia
Georgia,124,1000 Free,4,9:05.40,Finn Hammer,,Florida vs. Georgia
Georgia,124,1650 Free,1,15:00.75,Sean Green,,UGA Fall Invitational
Georgia,124,1650 Free,2,15:07.89,Tommylee Camblong,,UGA Fall Invitational
Georgia,124,1650 Free,3,15:09.72,Tomas Koski,,UGA Fall Invitational
Georgia,124,200 Back,1,1:39.45,Hayden Meyers,,UGA Fall Invitational
Georgia,124,200 Back,2,1:39.69,Sam Powe,,UGA Fall Invitational
Georgia,124,200 Back,3,1:40.73,Ruard Van Renen,,UGA Fall Invitational
Georgia,124,200 Back,4,1:44.28,Drew Hitchcock,,GT DMT: Georgia vs. George Washington
Georgia,124,200 Back,5,1:45.04,Finn Hammer,,UGA Fall Invitational
Georgia,124,200 Back,6,1:45.78,Luca Urlando,,UNC Wilmington vs UGA
Georgia,124,200 Back,7,1:46.13,Sean Green,,GT DMT: Georgia vs. George Washington
Georgia,124,200 Back,8,1:47.11,Sascha Macht,,"UGA vs. Arkansas, Florida State"
Georgia,124,200 Breast,1,1:53.65,Cale Martter,,UGA Fall Invitational
Georgia,124,200 Breast,2,1:54.39,Elliot Woodburn,,UGA Fall Invitational
Georgia,124,200 Breast,3,1:58.48,Finn Wendland,,GT DMT: NC State vs. Georgia
Georgia,124,200 Breast,4,2:00.92,Finn Hammer,,GT DMT: NC State vs. Georgia
Georgia,124,200 Breast,5,2:12.61,Hayden Meyers,,GT DMT: Auburn vs. Georgia
Georgia,124,200 Fly,1,1:36.41,Luca Urlando,,UGA Fall Invitational
Georgia,124,200 Fly,2,1:40.46,Drew Hitchcock,,UGA Fall Invitational
Georgia,124,200 Fly,3,1:41.88,Roman Valdez,,UGA Fall Invitational
Georgia,124,200 Fly,4,1:47.01,Sean Green,,GT DMT: Auburn vs. Georgia
Georgia,124,200 Fly,5,1:47.40,Finn Hammer,,South Carolina vs. Georgia
Georgia,124,200 Free,1,1:31.42,Tomas Koski,,UGA Fall Invitational
Georgia,124,200 Free,2,1:33.78,Sascha Macht,,UGA Fall Invitational
Georgia,124,200 Free,3,1:35.01,Finn Hammer,,UGA Fall Invitational
Georgia,124,200 Free,4,1:35.29,Will Gavin,,UGA Fall Invitational
Georgia,124,200 Free,5,1:35.47,Luke Sandberg,,UGA Fall Invitational
Georgia,124,200 Free,6,1:35.75,Sean Green,,Florida vs. Georgia
Georgia,124,200 Free,7,1:37.68,Tane Bidois,,UGA Fall Invitational
Georgia,124,200 Free,8,1:37.73,Luca Urlando,,UNC Wilmington vs UGA
Georgia,124,200 Free,9,1:38.17,Tommylee Camblong,,UGA Fall Invitational
Georgia,124,200 Free,10,1:39.15,Tyler Grafmiller,,"UGA vs. Arkansas, Florida State"
Georgia,124,200 Im,1,1:42.95,Luca Urlando,,"UGA vs. Arkansas, Florida State"
Georgia,124,200 Im,2,1:43.75,Cale Martter,,UGA Fall Invitational
Georgia,124,200 Im,3,1:44.20,Elliot Woodburn,,UGA Fall Invitational
Georgia,124,200 Im,4,1:44.41,Drew Hitchcock,,UGA Fall Invitational
Georgia,124,200 Im,5,1:44.57,Finn Hammer,,UGA Fall Invitational
Georgia,124,200 Im,6,1:45.99,Sascha Macht,,UGA Fall Invitational
Georgia,124,200 Im,7,1:47.45,Finn Wendland,,UGA Fall Invitational
Georgia,124,200 Im,8,1:54.07,Hayden Meyers,,GT DMT: Georgia vs. George Washington
Georgia,124,200 Im,9,2:03.04,Tommylee Camblong,,GT DMT: Auburn vs. Georgia
Georgia,124,400 Im,1,3:39.57,Drew Hitchcock,,UGA Fall Invitational
Georgia,124,400 Im,2,3:40.99,Finn Hammer,,UGA Fall Invitational
Georgia,124,400 Im,3,3:41.43,Cale Martter,,UGA Fall Invitational
Georgia,124,400 Im,4,3:51.33,Finn Wendland,,UGA Fall Invitational
Georgia,124,400 Im,5,3:53.43,Sean Green,,Florida vs. Georgia
Georgia,124,50 Free,1,19.39,Luca Urlando,,UGA Fall Invitational
Georgia,124,50 Free,2,19.43,Tane Bidois,,UGA Fall Invitational
Georgia,124,50 Free,3,19.67,Ruard Van Renen,,UGA Fall Invitational
Georgia,124,50 Free,4,19.78,Luke Sandberg,,UGA Fall Invitational
Georgia,124,50 Free,5,19.93,Tomas Koski,,UGA Fall Invitational
Georgia,124,50 Free,6,20.05,Roman Valdez,,UGA Fall Invitational
Georgia,124,50 Free,7,20.21,Will Gavin,,UGA Fall Invitational
Georgia,124,50 Free,8,20.22,Jayson Ross,,UGA Fall Invitational
Georgia,124,50 Free,9,20.43,Sascha Macht,,UGA Fall Invitational
Georgia,124,50 Free,10,20.53,Tyler Grafmiller,,UGA Fall Invitational
Georgia,124,500 Free,1,4:13.85,Tomas Koski,,GT DMT: NC State vs. Georgia
Georgia,124,500 Free,2,4:14.75,Sean Green,,UGA Fall Invitational
Georgia,124,500 Free,3,4:19.21,Tommylee Camblong,,UGA Fall Invitational
Georgia,124,500 Free,4,4:19.34,Finn Hammer,,UGA Fall Invitational
Georgia,124,500 Free,5,4:20.81,Sam Powe,,UGA Fall Invitational
Georgia,124,500 Free,6,4:25.56,Will Gavin,,UGA Fall Invitational
Georgia,124,500 Free,7,4:34.14,Tyler Grafmiller,,GT DMT: Georgia vs. George Washington
Hawaii,51,100 Back,1,47.22,Karol Ostrowski,,SMU Invitational
Hawaii,51,100 Back,2,48.07,Andrew Simmons,,SMU Invitational
Hawaii,51,100 Back,3,48.45,Korey Tiell,,SMU Invitational
Hawaii,51,100 Back,4,49.21,Tim Brown,,SMU Invitational
Hawaii,51,100 Back,5,49.80,Aleks Tomaszewski,,SMU Invitational
Hawaii,51,100 Back,6,50.80,John Branson,,SMU Invitational
Hawaii,51,100 Back,7,50.81,Finn Brophy,,SMU Invitational
Hawaii,51,100 Back,8,50.82,Woobie Kupsky,,SMU Invitational
Hawaii,51,100 Back,9,52.46,Zane Johnson,,SMU Invitational
Hawaii,51,100 Breast,1,54.65,Mario Surkovic,,Triton Invitational
Hawaii,51,100 Breast,2,54.99,Thomas Aguero,,SMU Invitational
Hawaii,51,100 Breast,3,55.51,Tom Thalau,,SMU Invitational
Hawaii,51,100 Breast,4,55.57,Tom Caps,,Hawaii vs. Pacific Lutheran
Hawaii,51,100 Breast,5,55.95,Krishna Clarke,,SMU Invitational
Hawaii,51,100 Breast,6,56.11,Max Gilsenan,,SMU Invitational
Hawaii,51,100 Breast,7,56.41,Tristan Regula,,SMU Invitational
Hawaii,51,100 Breast,8,1:00.62,Evan Pickles,,Hawaii vs. Pacific Lutheran
Hawaii,51,100 Breast,9,1:01.42,Zane Johnson,,Hawaii vs. Pacific Lutheran
Hawaii,51,100 Fly,1,46.60,Karol Ostrowski,,SMU Invitational
Hawaii,51,100 Fly,2,46.90,Jack Simon,,SMU Invitational
Hawaii,51,100 Fly,3,47.52,Finn Brophy,,SMU Invitational
Hawaii,51,100 Fly,4,48.25,Aleks Tomaszewski,,Hawaii vs. Grand Canyon
Hawaii,51,100 Fly,5,48.49,Andrew Simmons,,SMU Invitational
Hawaii,51,100 Fly,6,48.51,Zane Johnson,,Hawaii vs. Alaska-Fairbanks
Hawaii,51,100 Fly,7,48.94,David Mazyan,,SMU Invitational
Hawaii,51,100 Fly,8,50.62,Victor Dagenais,,Hawaii vs. Pacific Lutheran
Hawaii,51,100 Fly,9,50.80,Adam Zdybel,,Hawaii vs. Alaska-Fairbanks
Hawaii,51,100 Fly,10,50.95,Krishna Clarke,,Triton Invitational
Hawaii,51,100 Free,1,42.26,Finn Brophy,,SMU Invitational
Hawaii,51,100 Free,2,42.52,Karol Ostrowski,,SMU Invitational
Hawaii,51,100 Free,3,43.43,Victor Dagenais,,SMU Invitational
Hawaii,51,100 Free,4,43.52,Mario Surkovic,,Triton Invitational
Hawaii,51,100 Free,5,44.03,Tim Brown,,Hawaii vs. Brigham Young
Hawaii,51,100 Free,6,44.84,Aleks Tomaszewski,,SMU Invitational
Hawaii,51,100 Free,7,44.96,Regan Richardson,,SMU Invitational
Hawaii,51,100 Free,8,46.38,Zane Johnson,,Triton Invitational
Hawaii,51,100 Free,9,46.40,Zach Kohm,,Hawaii vs. Grand Canyon
Hawaii,51,100 Free,10,46.50,David Mazyan,,SMU Invitational
Hawaii,51,1000 Free,1,9:18.55,Woobie Kupsky,,Hawaii vs. Grand Canyon
Hawaii,51,1000 Free,2,9:25.14,Riley Clinton,,SMU Invitational
Hawaii,51,1000 Free,3,9:59.97,Tom Thalau,,Hawaii vs. Pacific Lutheran
Hawaii,51,1000 Free,4,10:11.98,Adam Zdybel,,Hawaii vs. Pacific Lutheran
Hawaii,51,1650 Free,1,15:32.15,Riley Clinton,,SMU Invitational
Hawaii,51,1650 Free,2,15:59.19,Woobie Kupsky,,Triton Invitational
Hawaii,51,200 Back,1,1:46.98,Korey Tiell,,SMU Invitational
Hawaii,51,200 Back,2,1:48.85,Andrew Simmons,,SMU Invitational
Hawaii,51,200 Back,3,1:49.13,Woobie Kupsky,,SMU Invitational
Hawaii,51,200 Back,4,1:52.62,Tom Thalau,,Triton Invitational
Hawaii,51,200 Back,5,2:02.41,John Branson,,Triton Invitational
Hawaii,51,200 Breast,1,1:59.70,Tom Thalau,,SMU Invitational
Hawaii,51,200 Breast,2,1:59.86,Krishna Clarke,,SMU Invitational
Hawaii,51,200 Breast,3,2:01.01,Thomas Aguero,,SMU Invitational
Hawaii,51,200 Breast,4,2:02.82,Max Gilsenan,,SMU Invitational
Hawaii,51,200 Breast,5,2:03.49,Mario Surkovic,,SMU Invitational
Hawaii,51,200 Breast,6,2:04.87,Tristan Regula,,SMU Invitational
Hawaii,51,200 Breast,7,2:05.15,Evan Pickles,,Hawaii vs. Alaska-Fairbanks
Hawaii,51,200 Breast,8,2:16.85,Korey Tiell,,Triton Invitational
Hawaii,51,200 Fly,1,1:45.85,Victor Dagenais,,SMU Invitational
Hawaii,51,200 Fly,2,1:47.24,Aleks Tomaszewski,,SMU Invitational
Hawaii,51,200 Fly,3,1:47.48,Zane Johnson,,SMU Invitational
Hawaii,51,200 Fly,4,1:47.96,Jack Simon,,SMU Invitational
Hawaii,51,200 Fly,5,1:48.88,Andrew Simmons,,SMU Invitational
Hawaii,51,200 Fly,6,1:49.41,Woobie Kupsky,,Hawaii vs. Alaska-Fairbanks
Hawaii,51,200 Fly,7,1:55.02,Zach Kohm,,SMU Invitational
Hawaii,51,200 Fly,8,1:55.65,Krishna Clarke,,Triton Invitational
Hawaii,51,200 Free,1,1:34.71,Victor Dagenais,,SMU Invitational
Hawaii,51,200 Free,2,1:37.93,Mario Surkovic,,SMU Invitational
Hawaii,51,200 Free,3,1:39.15,Adam Zdybel,,Hawaii vs. Alaska-Fairbanks
Hawaii,51,200 Free,4,1:40.52,Tom Thalau,,Hawaii vs. Brigham Young
Hawaii,51,200 Free,5,1:41.27,Zach Kohm,,Hawaii vs. Grand Canyon
Hawaii,51,200 Free,6,1:41.44,Riley Clinton,,SMU Invitational
Hawaii,51,200 Free,7,1:41.75,Finn Brophy,,Hawaii vs. Pacific Lutheran
Hawaii,51,200 Free,8,1:42.41,Regan Richardson,,Hawaii vs. Brigham Young
Hawaii,51,200 Free,9,1:42.81,Tim Brown,,Triton Invitational
Hawaii,51,200 Free,10,1:45.10,Andrew Simmons,,Hawaii vs. Pacific Lutheran
Hawaii,51,200 Im,1,1:47.44,Mario Surkovic,,Triton Invitational
Hawaii,51,200 Im,2,1:48.21,Tom Thalau,,SMU Invitational
Hawaii,51,200 Im,3,1:49.37,Krishna Clarke,,SMU Invitational
Hawaii,51,200 Im,4,1:49.56,Woobie Kupsky,,Hawaii vs. Alaska-Fairbanks
Hawaii,51,200 Im,5,1:51.38,Zane Johnson,,Hawaii vs. Grand Canyon
Hawaii,51,200 Im,6,1:53.87,Korey Tiell,,SMU Invitational
Hawaii,51,200 Im,7,1:53.99,Tristan Regula,,SMU Invitational
Hawaii,51,200 Im,8,1:54.27,Victor Dagenais,,Hawaii vs. Alaska-Fairbanks
Hawaii,51,200 Im,9,1:54.73,Evan Pickles,,Hawaii vs. Brigham Young
Hawaii,51,200 Im,10,1:55.12,Thomas Aguero,,SMU Invitational
Hawaii,51,400 Im,1,3:50.72,Tom Thalau,,SMU Invitational
Hawaii,51,400 Im,2,3:54.37,Woobie Kupsky,,Hawaii vs. Grand Canyon
Hawaii,51,400 Im,3,3:56.89,Krishna Clarke,,SMU Invitational
Hawaii,51,400 Im,4,4:03.96,Zane Johnson,,Hawaii vs. Grand Canyon
Hawaii,51,400 Im,5,4:11.89,Evan Pickles,,Hawaii vs. Pacific Lutheran
Hawaii,51,50 Free,1,19.26,Karol Ostrowski,,SMU Invitational
Hawaii,51,50 Free,2,19.65,Mario Surkovic,,SMU Invitational
Hawaii,51,50 Free,3,19.73,Finn Brophy,,SMU Invitational
Hawaii,51,50 Free,4,19.91,Tim Brown,,Hawaii vs. Grand Canyon
Hawaii,51,50 Free,5,20.00,Aleks Tomaszewski,,Hawaii vs. Grand Canyon
Hawaii,51,50 Free,6,20.36,Regan Richardson,,SMU Invitational
Hawaii,51,50 Free,7,20.53,Victor Dagenais,,Hawaii vs. Grand Canyon
Hawaii,51,50 Free,8,20.63,David Mazyan,,SMU Invitational
Hawaii,51,50 Free,9,20.83,Krishna Clarke,,SMU Invitational
Hawaii,51,50 Free,10,20.88,Jack Simon,,SMU Invitational
Hawaii,51,500 Free,1,4:27.00,Victor Dagenais,,SMU Invitational
Hawaii,51,500 Free,2,4:29.78,Tom Thalau,,Hawaii vs. Grand Canyon
Hawaii,51,500 Free,3,4:30.69,Woobie Kupsky,,Hawaii vs. Grand Canyon
Hawaii,51,500 Free,4,4:31.96,Riley Clinton,,Hawaii vs. Grand Canyon
Hawaii,51,500 Free,5,4:39.54,Zach Kohm,,Hawaii vs. Grand Canyon
Hawaii,51,500 Free,6,4:43.10,Adam Zdybel,,Hawaii vs. Brigham Young
Hawaii,51,500 Free,7,4:48.81,Evan Pickles,,Hawaii vs. Pacific Lutheran
Illinois-Chicago,158,100 Back,1,50.72,Patton Shaar,,University of Chicago vs. University of Illinois at Chicago
Illinois-Chicago,158,100 Back,2,50.75,James Mccarthy,,21st House of Champions Invitational
Illinois-Chicago,158,100 Back,3,50.95,Jay Stewart,,UIC vs Ball State
Illinois-Chicago,158,100 Back,4,52.46,Kenneth Wills,,21st House of Champions Invitational
Illinois-Chicago,158,100 Back,5,53.04,Drew Millette,,21st House of Champions Invitational
Illinois-Chicago,158,100 Back,6,55.04,Will Ridley,,21st House of Champions Invitational
Illinois-Chicago,158,100 Breast,1,56.43,James Mccarthy,,21st House of Champions Invitational
Illinois-Chicago,158,100 Breast,2,56.80,Simon Rupniewski,,University of Chicago vs. University of Illinois at Chicago
Illinois-Chicago,158,100 Breast,3,57.07,Jay Gulvady,,21st House of Champions Invitational
Illinois-Chicago,158,100 Breast,4,1:00.67,Noah Pelinkovic,,UIC vs Ball State
Illinois-Chicago,158,100 Fly,1,48.67,Jay Stewart,,21st House of Champions Invitational
Illinois-Chicago,158,100 Fly,2,51.03,Reece Carlson,,21st House of Champions Invitational
Illinois-Chicago,158,100 Fly,3,51.79,James Story,,21st House of Champions Invitational
Illinois-Chicago,158,100 Fly,4,52.78,Drew Millette,,21st House of Champions Invitational
Illinois-Chicago,158,100 Fly,5,53.96,James Mccarthy,,21st House of Champions Invitational
Illinois-Chicago,158,100 Fly,6,54.64,Kenneth Wills,,21st House of Champions Invitational
Illinois-Chicago,158,100 Fly,7,54.94,Patton Shaar,,UIC vs SIU
Illinois-Chicago,158,100 Fly,8,54.96,Jay Gulvady,,21st House of Champions Invitational
Illinois-Chicago,158,100 Fly,9,55.73,William Dvorak,,21st House of Champions Invitational
Illinois-Chicago,158,100 Free,1,44.95,Jay Stewart,,21st House of Champions Invitational
Illinois-Chicago,158,100 Free,2,45.89,Neiman Kumler,,21st House of Champions Invitational
Illinois-Chicago,158,100 Free,3,46.00,Brady Cannon,,21st House of Champions Invitational
Illinois-Chicago,158,100 Free,4,46.23,Simon Rupniewski,,University of Chicago vs. University of Illinois at Chicago
Illinois-Chicago,158,100 Free,5,46.56,Noah Pelinkovic,,21st House of Champions Invitational
Illinois-Chicago,158,100 Free,6,46.60,James Story,,21st House of Champions Invitational
Illinois-Chicago,158,100 Free,7,46.98,Reece Carlson,,21st House of Champions Invitational
Illinois-Chicago,158,100 Free,8,47.95,Reid Richardson,,21st House of Champions Invitational
Illinois-Chicago,158,100 Free,9,48.32,Patton Shaar,,University of Chicago vs. University of Illinois at Chicago
Illinois-Chicago,158,100 Free,10,48.57,Will Ridley,,21st House of Champions Invitational
Illinois-Chicago,158,1000 Free,1,9:25.94,Noah Pelinkovic,,University of Chicago vs. University of Illinois at Chicago
Illinois-Chicago,158,1000 Free,2,9:32.24,William Dvorak,,University of Chicago vs. University of Illinois at Chicago
Illinois-Chicago,158,1000 Free,3,9:38.20,Jack Mills,,University of Chicago vs. University of Illinois at Chicago
Illinois-Chicago,158,1000 Free,4,9:40.56,Kenneth Wills,,University of Chicago vs. University of Illinois at Chicago
Illinois-Chicago,158,1000 Free,5,9:41.01,Brady Cannon,,Evanville vs. Illinois-Chicago
Illinois-Chicago,158,1000 Free,6,10:05.40,James Mccarthy,,USI vs. UIC
Illinois-Chicago,158,1650 Free,1,15:59.86,William Dvorak,,21st House of Champions Invitational
Illinois-Chicago,158,1650 Free,2,16:13.13,Kenneth Wills,,21st House of Champions Invitational
Illinois-Chicago,158,200 Back,1,1:50.76,Patton Shaar,,Evanville vs. Illinois-Chicago
Illinois-Chicago,158,200 Back,2,1:53.82,Kenneth Wills,,University of Chicago vs. University of Illinois at Chicago
Illinois-Chicago,158,200 Back,3,1:56.32,James Mccarthy,,UIC vs IU Indy
Illinois-Chicago,158,200 Breast,1,1:59.64,James Mccarthy,,21st House of Champions Invitational
Illinois-Chicago,158,200 Breast,2,2:03.25,Jay Gulvady,,21st House of Champions Invitational
Illinois-Chicago,158,200 Breast,3,2:05.18,Simon Rupniewski,,UIC vs SIU
Illinois-Chicago,158,200 Fly,1,1:51.77,James Mccarthy,,University of Chicago vs. University of Illinois at Chicago
Illinois-Chicago,158,200 Fly,2,1:52.52,Reece Carlson,,21st House of Champions Invitational
Illinois-Chicago,158,200 Fly,3,1:58.61,Brady Cannon,,Evanville vs. Illinois-Chicago
Illinois-Chicago,158,200 Fly,4,1:58.78,Drew Millette,,21st House of Champions Invitational
Illinois-Chicago,158,200 Free,1,1:38.77,Noah Pelinkovic,,21st House of Champions Invitational
Illinois-Chicago,158,200 Free,2,1:39.16,Brady Cannon,,21st House of Champions Invitational
Illinois-Chicago,158,200 Free,3,1:40.96,Jay Stewart,,21st House of Champions Invitational
Illinois-Chicago,158,200 Free,4,1:41.53,Neiman Kumler,,21st House of Champions Invitational
Illinois-Chicago,158,200 Free,5,1:42.40,Simon Rupniewski,,Evanville vs. Illinois-Chicago
Illinois-Chicago,158,200 Free,6,1:42.71,James Story,,UIC vs SIU
Illinois-Chicago,158,200 Free,7,1:43.34,Reece Carlson,,21st House of Champions Invitational
Illinois-Chicago,158,200 Free,8,1:44.98,William Dvorak,,21st House of Champions Invitational
Illinois-Chicago,158,200 Free,9,1:46.45,Kenneth Wills,,Evanville vs. Illinois-Chicago
Illinois-Chicago,158,200 Free,10,1:47.43,Jack Mills,,USI vs. UIC
Illinois-Chicago,158,200 Im,1,1:48.64,James Mccarthy,,21st House of Champions Invitational
Illinois-Chicago,158,200 Im,2,1:52.91,Jay Gulvady,,21st House of Champions Invitational
Illinois-Chicago,158,200 Im,3,1:54.37,Kenneth Wills,,University of Chicago vs. University of Illinois at Chicago
Illinois-Chicago,158,200 Im,4,1:57.81,William Dvorak,,University of Chicago vs. University of Illinois at Chicago
Illinois-Chicago,158,400 Im,1,3:55.53,James Mccarthy,,21st House of Champions Invitational
Illinois-Chicago,158,400 Im,2,4:01.03,Jay Gulvady,,21st House of Champions Invitational
Illinois-Chicago,158,400 Im,3,4:02.43,Kenneth Wills,,21st House of Champions Invitational
Illinois-Chicago,158,400 Im,4,4:06.32,William Dvorak,,21st House of Champions Invitational
Illinois-Chicago,158,50 Free,1,20.11,Jay Stewart,,21st House of Champions Invitational
Illinois-Chicago,158,50 Free,2,21.31,Neiman Kumler,,21st House of Champions Invitational
Illinois-Chicago,158,50 Free,3,21.49,Will Ridley,,University of Chicago vs. University of Illinois at Chicago
Illinois-Chicago,158,50 Free,4,21.52,Brady Cannon,,USI vs. UIC
Illinois-Chicago,158,50 Free,5,21.68,Reid Richardson,,21st House of Champions Invitational
Illinois-Chicago,158,50 Free,6,21.72,James Story,,21st House of Champions Invitational
Illinois-Chicago,158,50 Free,7,22.25,Patton Shaar,,USI vs. UIC
Illinois-Chicago,158,50 Free,8,22.42,Simon Rupniewski,,University of Chicago vs. University of Illinois at Chicago
Illinois-Chicago,158,50 Free,9,22.44,Reece Carlson,,21st House of Champions Invitational
Illinois-Chicago,158,50 Free,10,22.47,Noah Pelinkovic,,21st House of Champions Invitational
Illinois-Chicago,158,500 Free,1,4:27.65,Noah Pelinkovic,,21st House of Champions Invitational
Illinois-Chicago,158,500 Free,2,4:29.26,Brady Cannon,,21st House of Champions Invitational
Illinois-Chicago,158,500 Free,3,4:33.29,Kenneth Wills,,21st House of Champions Invitational
Illinois-Chicago,158,500 Free,4,4:38.03,William Dvorak,,21st House of Champions Invitational
Illinois-Chicago,158,500 Free,5,4:40.63,Jack Mills,,UIC vs SIU
Missouri State,454,100 Back,1,48.64,Mate Miszlai,,21st House of Champions Invitational
Missouri State,454,100 Back,2,48.86,Gonzalo Ruiz Vazquez,,21st House of Champions Invitational
Missouri State,454,100 Back,3,49.19,Carter Crook,,Drury vs. Missouri State
Missouri State,454,100 Back,4,49.79,Lucas Chadwell,,21st House of Champions Invitational
Missouri State,454,100 Back,5,49.85,Alex Boutin,,21st House of Champions Invitational
Missouri State,454,100 Back,6,49.90,Jack Ailshire,,21st House of Champions Invitational
Missouri State,454,100 Back,7,50.89,Anderson Brown,,"Missouri State vs. Indiana State, Ouachita Baptist"
Missouri State,454,100 Breast,1,52.80,Kiefer Roemer,,21st House of Champions Invitational
Missouri State,454,100 Breast,2,53.19,Luigi Da Silva,,Nebraska-Omaha vs. Missouri State
Missouri State,454,100 Breast,3,56.72,Jack Grandy,,Drury vs. Missouri State
Missouri State,454,100 Breast,4,59.78,Peter Wendol,,"Missouri State vs. Indiana State, Ouachita Baptist"
Missouri State,454,100 Fly,1,48.32,Jack Ailshire,,21st House of Champions Invitational
Missouri State,454,100 Fly,2,48.74,Chris Bedsole,,21st House of Champions Invitational
Missouri State,454,100 Fly,3,50.04,Матвей Чесаков,,21st House of Champions Invitational
Missouri State,454,100 Fly,4,50.39,Kayden Hedrick,,Drury vs. Missouri State
Missouri State,454,100 Fly,5,50.40,Alex Boutin,,21st House of Champions Invitational
Missouri State,454,100 Fly,6,51.62,Gonzalo Ruiz Vazquez,,"Missouri State vs. Indiana State, Ouachita Baptist"
Missouri State,454,100 Fly,7,51.76,Anderson Brown,,MO State vs. SIU
Missouri State,454,100 Fly,8,51.79,Carter Crook,,Nebraska-Omaha vs. Missouri State
Missouri State,454,100 Fly,9,52.41,Mate Miszlai,,21st House of Champions Invitational
Missouri State,454,100 Fly,10,52.86,Peter Wendol,,"Missouri State vs. Indiana State, Ouachita Baptist"
Missouri State,454,100 Free,1,44.41,Lucas Chadwell,,21st House of Champions Invitational
Missouri State,454,100 Free,2,44.91,Матвей Чесаков,,Nebraska-Omaha vs. Missouri State
Missouri State,454,100 Free,3,45.32,Zach Mendez,,Nebraska-Omaha vs. Missouri State
Missouri State,454,100 Free,4,45.95,Chris Bedsole,,Missouri State vs. Drury
Missouri State,454,100 Free,5,46.05,Ilias Elfallaki Elachrafi,,21st House of Champions Invitational
Missouri State,454,100 Free,6,46.75,Kiefer Roemer,,Nebraska-Omaha vs. Missouri State
Missouri State,454,100 Free,7,46.82,Jack Grandy,,21st House of Champions Invitational
Missouri State,454,100 Free,8,47.47,Mate Miszlai,,"Missouri State vs. Indiana State, Ouachita Baptist"
Missouri State,454,1000 Free,1,9:17.36,Zach Mendez,,Missouri State vs. Drury
Missouri State,454,1000 Free,2,9:18.72,Ilias Elfallaki Elachrafi,,Missouri State vs. Drury
Missouri State,454,1000 Free,3,9:33.80,Tomas Chocholaty,,Nebraska-Omaha vs. Missouri State
Missouri State,454,1000 Free,4,9:48.88,Aiden Dunn,,21st House of Champions Invitational
Missouri State,454,1000 Free,5,10:03.95,Mate Miszlai,,"Missouri State vs. Indiana State, Ouachita Baptist"
Missouri State,454,1650 Free,1,15:29.83,Zach Mendez,,21st House of Champions Invitational
Missouri State,454,1650 Free,2,15:38.24,Ilias Elfallaki Elachrafi,,21st House of Champions Invitational
Missouri State,454,1650 Free,3,15:44.58,Tomas Chocholaty,,21st House of Champions Invitational
Missouri State,454,1650 Free,4,16:26.74,Aiden Dunn,,21st House of Champions Invitational
Missouri State,454,200 Back,1,1:45.79,Mate Miszlai,,21st House of Champions Invitational
Missouri State,454,200 Back,2,1:45.98,Gonzalo Ruiz Vazquez,,Nebraska-Omaha vs. Missouri State
Missouri State,454,200 Back,3,1:48.30,Carter Crook,,21st House of Champions Invitational
Missouri State,454,200 Back,4,1:48.87,Alex Boutin,,21st House of Champions Invitational
Missouri State,454,200 Back,5,1:53.12,Anderson Brown,,"Missouri State vs. Indiana State, Ouachita Baptist"
Missouri State,454,200 Breast,1,1:57.58,Luigi Da Silva,,Nebraska-Omaha vs. Missouri State
Missouri State,454,200 Breast,2,2:01.76,Kiefer Roemer,,Missouri State vs. Drury
Missouri State,454,200 Breast,3,2:04.44,Peter Wendol,,21st House of Champions Invitational
Missouri State,454,200 Breast,4,2:04.71,Jack Grandy,,Nebraska-Omaha vs. Missouri State
Missouri State,454,200 Fly,1,1:46.24,Anderson Brown,,Nebraska-Omaha vs. Missouri State
Missouri State,454,200 Fly,2,1:48.42,Kayden Hedrick,,Nebraska-Omaha vs. Missouri State
Missouri State,454,200 Fly,3,1:48.87,Chris Bedsole,,Nebraska-Omaha vs. Missouri State
Missouri State,454,200 Fly,4,1:51.46,Jack Ailshire,,21st House of Champions Invitational
Missouri State,454,200 Fly,5,1:52.57,Tomas Chocholaty,,21st House of Champions Invitational
Missouri State,454,200 Free,1,1:36.44,Zach Mendez,,21st House of Champions Invitational
Missouri State,454,200 Free,2,1:37.67,Ilias Elfallaki Elachrafi,,Drury vs. Missouri State
Missouri State,454,200 Free,3,1:40.47,Jack Grandy,,21st House of Champions Invitational
Missouri State,454,200 Free,4,1:41.32,Kayden Hedrick,,21st House of Champions Invitational
Missouri State,454,200 Free,5,1:41.61,Tomas Chocholaty,,21st House of Champions Invitational
Missouri State,454,200 Free,6,1:43.44,Mate Miszlai,,MO State vs. SIU
Missouri State,454,200 Free,7,1:43.80,Anderson Brown,,MO State vs. SIU
Missouri State,454,200 Im,1,1:49.86,Anderson Brown,,21st House of Champions Invitational
Missouri State,454,200 Im,2,1:51.29,Gonzalo Ruiz Vazquez,,21st House of Champions Invitational
Missouri State,454,200 Im,3,1:51.35,Jack Grandy,,21st House of Champions Invitational
Missouri State,454,200 Im,4,1:52.24,Peter Wendol,,21st House of Champions Invitational
Missouri State,454,200 Im,5,1:53.37,Kiefer Roemer,,21st House of Champions Invitational
Missouri State,454,200 Im,6,1:57.13,Carter Crook,,21st House of Champions Invitational
Missouri State,454,200 Im,7,2:00.12,Alex Boutin,,"Missouri State vs. Indiana State, Ouachita Baptist"
Missouri State,454,400 Im,1,3:53.09,Mate Miszlai,,21st House of Champions Invitational
Missouri State,454,400 Im,2,3:56.73,Anderson Brown,,21st House of Champions Invitational
Missouri State,454,400 Im,3,3:58.58,Tomas Chocholaty,,21st House of Champions Invitational
Missouri State,454,400 Im,4,4:04.49,Peter Wendol,,21st House of Champions Invitational
Missouri State,454,400 Im,5,4:06.72,Zach Mendez,,"Missouri State vs. Indiana State, Ouachita Baptist"
Missouri State,454,400 Im,6,4:09.00,Aiden Dunn,,21st House of Champions Invitational
Missouri State,454,50 Free,1,19.95,Lucas Chadwell,,21st House of Champions Invitational
Missouri State,454,50 Free,2,20.38,Матвей Чесаков,,21st House of Champions Invitational
Missouri State,454,50 Free,3,21.02,Luigi Da Silva,,21st House of Champions Invitational
Missouri State,454,50 Free,4,21.14,Chris Bedsole,,21st House of Champions Invitational
Missouri State,454,50 Free,5,21.39,Kiefer Roemer,,MO State vs. SIU
Missouri State,454,50 Free,6,21.63,Kayden Hedrick,,Nebraska-Omaha vs. Missouri State
Missouri State,454,50 Free,7,21.84,Zach Mendez,,Nebraska-Omaha vs. Missouri State
Missouri State,454,50 Free,8,21.92,Ilias Elfallaki Elachrafi,,21st House of Champions Invitational
Missouri State,454,50 Free,9,21.99,Alex Boutin,,Drury vs. Missouri State
Missouri State,454,50 Free,10,22.32,Jack Grandy,,"Missouri State vs. Indiana State, Ouachita Baptist"
Missouri State,454,500 Free,1,4:22.74,Zach Mendez,,21st House of Champions Invitational
Missouri State,454,500 Free,2,4:25.11,Ilias Elfallaki Elachrafi,,21st House of Champions Invitational
Missouri State,454,500 Free,3,4:25.98,Mate Miszlai,,21st House of Champions Invitational
Missouri State,454,500 Free,4,4:36.33,Tomas Chocholaty,,21st House of Champions Invitational
Missouri State,454,500 Free,5,4:40.38,Aiden Dunn,,21st House of Champions Invitational
Missouri State,454,500 Free,6,4:41.85,Kayden Hedrick,,"Missouri State vs. Indiana State, Ouachita Baptist"
Monmouth,10007454,100 Back,1,48.31,Owen Dyson,,Patriot Invitational
Monmouth,10007454,100 Back,2,49.68,Angus Blair,,Patriot Invitational
Monmouth,10007454,100 Back,3,52.30,Nevo Truong,,Patriot Invitational
Monmouth,10007454,100 Back,4,52.43,Torin Doherty,,Patriot Invitational
Monmouth,10007454,100 Back,5,55.31,Trevor Nolan,,Monmouth vs. TCNJ
Monmouth,10007454,100 Breast,1,55.30,Victor Pottier Ibañez,,Patriot Invitational
Monmouth,10007454,100 Breast,2,56.97,Nate Wallace,,Patriot Invitational
Monmouth,10007454,100 Breast,3,57.00,Frank Hassell,,Patriot Invitational
Monmouth,10007454,100 Breast,4,57.87,Andrew Denman-Grimm,,Monmouth vs. Iona
Monmouth,10007454,100 Breast,5,59.30,Andrej Gibson,,Patriot Invitational
Monmouth,10007454,100 Fly,1,49.77,Trevor Nolan,,Patriot Invitational
Monmouth,10007454,100 Fly,2,49.87,Kacper Sobieszuk,,Patriot Invitational
Monmouth,10007454,100 Fly,3,49.90,Nevo Truong,,Patriot Invitational
Monmouth,10007454,100 Fly,4,50.35,Owen Dyson,,Monmouth vs. TCNJ
Monmouth,10007454,100 Fly,5,50.74,Evan Belmont,,Patriot Invitational
Monmouth,10007454,100 Fly,6,52.02,Victor Pottier Ibañez,,Monmouth vs. TCNJ
Monmouth,10007454,100 Fly,7,52.17,Frank Hassell,,Patriot Invitational
Monmouth,10007454,100 Fly,8,52.84,Sebastian Leal,,Patriot Invitational
Monmouth,10007454,100 Fly,9,52.87,Torin Doherty,,Patriot Invitational
Monmouth,10007454,100 Fly,10,53.15,Andrej Gibson,,Patriot Invitational
Monmouth,10007454,100 Free,1,45.72,Izan Arroyo Lopez del Castillo,,Patriot Invitational
Monmouth,10007454,100 Free,2,45.88,Trevor Nolan,,Patriot Invitational
Monmouth,10007454,100 Free,3,46.06,Owen Dyson,,Patriot Invitational
Monmouth,10007454,100 Free,4,46.74,Kacper Sobieszuk,,Patriot Invitational
Monmouth,10007454,100 Free,5,46.75,Evan Belmont,,Patriot Invitational
Monmouth,10007454,100 Free,6,46.90,Angus Blair,,Monmouth vs. Iona
Monmouth,10007454,100 Free,7,46.95,Sebastian Leal,,Patriot Invitational
Monmouth,10007454,100 Free,8,47.39,Nevo Truong,,Patriot Invitational
Monmouth,10007454,100 Free,9,48.45,Andrew Hill,,Patriot Invitational
Monmouth,10007454,100 Free,10,49.54,Jack Dawson,,Monmouth vs. TCNJ
Monmouth,10007454,1000 Free,1,9:19.38,Izan Arroyo Lopez del Castillo,,Patriot Invitational
Monmouth,10007454,1000 Free,2,9:25.88,Ziv Cohen,,Patriot Invitational
Monmouth,10007454,1000 Free,3,10:24.44,Andrew Hill,,Monmouth vs. Iona
Monmouth,10007454,1650 Free,1,15:21.83,Izan Arroyo Lopez del Castillo,,Patriot Invitational
Monmouth,10007454,1650 Free,2,15:39.52,Ziv Cohen,,Patriot Invitational
Monmouth,10007454,200 Back,1,1:46.31,Angus Blair,,Patriot Invitational
Monmouth,10007454,200 Back,2,1:48.04,Owen Dyson,,Patriot Invitational
Monmouth,10007454,200 Back,3,1:54.51,Torin Doherty,,Patriot Invitational
Monmouth,10007454,200 Breast,1,1:58.43,Victor Pottier Ibañez,,Patriot Invitational
Monmouth,10007454,200 Breast,2,2:07.55,Frank Hassell,,Patriot Invitational
Monmouth,10007454,200 Breast,3,2:08.50,Nate Wallace,,Patriot Invitational
Monmouth,10007454,200 Breast,4,2:08.78,Andrej Gibson,,Patriot Invitational
Monmouth,10007454,200 Breast,5,2:19.04,Andrew Denman-Grimm,,Monmouth vs. Iona
Monmouth,10007454,200 Fly,1,1:50.15,Kacper Sobieszuk,,Patriot Invitational
Monmouth,10007454,200 Fly,2,2:00.58,Torin Doherty,,Monmouth vs. Iona
Monmouth,10007454,200 Fly,3,2:04.58,Frank Hassell,,Monmouth vs. Iona
Monmouth,10007454,200 Free,1,1:38.52,Izan Arroyo Lopez del Castillo,,Patriot Invitational
Monmouth,10007454,200 Free,2,1:39.11,Angus Blair,,Patriot Invitational
Monmouth,10007454,200 Free,3,1:41.30,Kacper Sobieszuk,,Patriot Invitational
Monmouth,10007454,200 Free,4,1:43.06,Evan Belmont,,Patriot Invitational
Monmouth,10007454,200 Free,5,1:43.12,Ziv Cohen,,Patriot Invitational
Monmouth,10007454,200 Free,6,1:44.63,Sebastian Leal,,Patriot Invitational
Monmouth,10007454,200 Free,7,1:46.35,Andrew Hill,,Patriot Invitational
Monmouth,10007454,200 Im,1,1:49.06,Izan Arroyo Lopez del Castillo,,Patriot Invitational
Monmouth,10007454,200 Im,2,1:52.00,Kacper Sobieszuk,,Patriot Invitational
Monmouth,10007454,200 Im,3,1:52.23,Victor Pottier Ibañez,,Patriot Invitational
Monmouth,10007454,200 Im,4,1:55.17,Angus Blair,,Monmouth vs. TCNJ
Monmouth,10007454,200 Im,5,1:57.36,Frank Hassell,,Patriot Invitational
Monmouth,10007454,200 Im,6,2:00.18,Andrej Gibson,,Patriot Invitational
Monmouth,10007454,400 Im,1,4:05.55,Kacper Sobieszuk,,Patriot Invitational
Monmouth,10007454,50 Free,1,20.85,Owen Dyson,,Patriot Invitational
Monmouth,10007454,50 Free,2,21.05,Trevor Nolan,,Patriot Invitational
Monmouth,10007454,50 Free,3,21.30,Nevo Truong,,Patriot Invitational
Monmouth,10007454,50 Free,4,21.30,Kacper Sobieszuk,,Patriot Invitational
Monmouth,10007454,50 Free,5,21.34,Evan Belmont,,Monmouth vs. TCNJ
Monmouth,10007454,50 Free,6,21.48,Sebastian Leal,,Patriot Invitational
Monmouth,10007454,50 Free,7,21.80,Andrew Denman-Grimm,,Monmouth vs. TCNJ
Monmouth,10007454,50 Free,8,21.90,Izan Arroyo Lopez del Castillo,,Patriot Invitational
Monmouth,10007454,50 Free,9,22.04,Nate Wallace,,Patriot Invitational
Monmouth,10007454,50 Free,10,22.32,Jack Dawson,,Patriot Invitational
Monmouth,10007454,500 Free,1,4:32.55,Ziv Cohen,,Patriot Invitational
Monmouth,10007454,500 Free,2,4:35.88,Izan Arroyo Lopez del Castillo,,Seton Hall vs. Monmouth
Monmouth,10007454,500 Free,3,4:50.34,Andrew Hill,,Patriot Invitational
Monmouth,10007454,500 Free,4,5:08.78,Andrew Denman-Grimm,,Monmouth vs. Manhattan
Monmouth,10007454,500 Free,5,5:16.54,Jack Dawson,,Monmouth vs. Manhattan
Mount Saint Mary's (MD),544,100 Back,1,48.77,Todor Gospodinov,,ECAC Winter Championship
Mount Saint Mary's (MD),544,100 Back,2,52.80,Nikita Cutidioc,,ECAC Winter Championship
Mount Saint Mary's (MD),544,100 Back,3,53.86,Colin O’Hare,,ECAC Winter Championship
Mount Saint Mary's (MD),544,100 Back,4,53.98,John Baroody,,ECAC Winter Championship
Mount Saint Mary's (MD),544,100 Back,5,54.82,Nolan Cromwell,,ECAC Winter Championship
Mount Saint Mary's (MD),544,100 Back,6,55.09,Lucas Hancock,,ECAC Winter Championship
Mount Saint Mary's (MD),544,100 Back,7,55.65,Logan Sensenig,,ECAC Winter Championship
Mount Saint Mary's (MD),544,100 Back,8,57.47,John Kaiser,,Thomas Murphy  Invitational
Mount Saint Mary's (MD),544,100 Back,9,1:06.75,Joshua Black,,MSMU vs. VMI
Mount Saint Mary's (MD),544,100 Breast,1,54.53,Adam Jozsa,,ECAC Winter Championship
Mount Saint Mary's (MD),544,100 Breast,2,58.25,Austin Toland,,ECAC Winter Championship
Mount Saint Mary's (MD),544,100 Breast,3,58.83,Aiden Patterson,,ECAC Winter Championship
Mount Saint Mary's (MD),544,100 Breast,4,59.19,Ivan Shandrenko,,ECAC Winter Championship
Mount Saint Mary's (MD),544,100 Breast,5,59.59,John Kaiser,,ECAC Winter Championship
Mount Saint Mary's (MD),544,100 Breast,6,1:01.82,Jeff Travers,,ECAC Winter Championship
Mount Saint Mary's (MD),544,100 Breast,7,1:04.32,Drew Beabout,,MSMU vs. VMI
Mount Saint Mary's (MD),544,100 Breast,8,1:09.66,Joshua Black,,Johns Hopkins v Mt St Mary's
Mount Saint Mary's (MD),544,100 Fly,1,47.94,Parker Koenig,,ECAC Winter Championship
Mount Saint Mary's (MD),544,100 Fly,2,50.40,Liam Rooney,,ECAC Winter Championship
Mount Saint Mary's (MD),544,100 Fly,3,50.83,Adam Jozsa,,Johns Hopkins v Mt St Mary's
Mount Saint Mary's (MD),544,100 Fly,4,50.88,John Haskins,,ECAC Winter Championship
Mount Saint Mary's (MD),544,100 Fly,5,52.21,Brendan Moran,,ECAC Winter Championship
Mount Saint Mary's (MD),544,100 Fly,6,52.87,Drew Beabout,,Thomas Murphy  Invitational
Mount Saint Mary's (MD),544,100 Fly,7,53.68,Isaac Hancock,,ECAC Winter Championship
Mount Saint Mary's (MD),544,100 Fly,8,53.89,Logan Sensenig,,Thomas Murphy  Invitational
Mount Saint Mary's (MD),544,100 Fly,9,54.39,John Fahrney,,ECAC Winter Championship
Mount Saint Mary's (MD),544,100 Fly,10,56.98,Joshua Black,,ECAC Winter Championship
Mount Saint Mary's (MD),544,100 Free,1,45.36,Adam Jozsa,,ECAC Winter Championship
Mount Saint Mary's (MD),544,100 Free,2,45.67,Lucas Hancock,,ECAC Winter Championship
Mount Saint Mary's (MD),544,100 Free,3,45.71,Todor Gospodinov,,ECAC Winter Championship
Mount Saint Mary's (MD),544,100 Free,4,45.85,Austin Toland,,ECAC Winter Championship
Mount Saint Mary's (MD),544,100 Free,5,46.30,Parker Koenig,,ECAC Winter Championship
Mount Saint Mary's (MD),544,100 Free,6,46.81,Antonio Gurri,,ECAC Winter Championship
Mount Saint Mary's (MD),544,100 Free,7,47.65,Nikita Cutidioc,,Lafayette Vs. Mount Saint Mary
Mount Saint Mary's (MD),544,100 Free,8,48.18,John Kaiser,,ECAC Winter Championship
Mount Saint Mary's (MD),544,100 Free,9,48.25,John Haskins,,ECAC Winter Championship
Mount Saint Mary's (MD),544,100 Free,10,48.44,Brendan Moran,,Thomas Murphy  Invitational
Mount Saint Mary's (MD),544,1000 Free,1,10:48.07,Peter Verderese,,ECAC Winter Championship
Mount Saint Mary's (MD),544,1650 Free,1,17:47.25,Peter Verderese,,ECAC Winter Championship
Mount Saint Mary's (MD),544,200 Back,1,1:46.64,Todor Gospodinov,,ECAC Winter Championship
Mount Saint Mary's (MD),544,200 Back,2,1:56.50,John Baroody,,ECAC Winter Championship
Mount Saint Mary's (MD),544,200 Back,3,1:58.15,Nikita Cutidioc,,ECAC Winter Championship
Mount Saint Mary's (MD),544,200 Back,4,2:02.81,Nolan Cromwell,,ECAC Winter Championship
Mount Saint Mary's (MD),544,200 Breast,1,2:00.35,Adam Jozsa,,ECAC Winter Championship
Mount Saint Mary's (MD),544,200 Breast,2,2:11.13,Drew Beabout,,ECAC Winter Championship
Mount Saint Mary's (MD),544,200 Breast,3,2:12.17,Ivan Shandrenko,,ECAC Winter Championship
Mount Saint Mary's (MD),544,200 Breast,4,2:14.22,Aiden Patterson,,ECAC Winter Championship
Mount Saint Mary's (MD),544,200 Breast,5,2:20.87,Jeff Travers,,ECAC Winter Championship
Mount Saint Mary's (MD),544,200 Fly,1,1:52.98,Liam Rooney,,ECAC Winter Championship
Mount Saint Mary's (MD),544,200 Fly,2,2:01.48,Brendan Moran,,ECAC Winter Championship
Mount Saint Mary's (MD),544,200 Free,1,1:41.08,Todor Gospodinov,,ECAC Winter Championship
Mount Saint Mary's (MD),544,200 Free,2,1:45.87,Antonio Gurri,,ECAC Winter Championship
Mount Saint Mary's (MD),544,200 Free,3,1:47.00,Brenner McIlquham,,Thomas Murphy  Invitational
Mount Saint Mary's (MD),544,200 Free,4,1:49.06,Drew Beabout,,Johns Hopkins v Mt St Mary's
Mount Saint Mary's (MD),544,200 Free,5,1:50.06,Colin O’Hare,,Lafayette Vs. Mount Saint Mary
Mount Saint Mary's (MD),544,200 Free,6,1:50.62,Peter Verderese,,ECAC Winter Championship
Mount Saint Mary's (MD),544,200 Free,7,1:50.64,Austin Toland,,MSMU vs. Howard
Mount Saint Mary's (MD),544,200 Free,8,1:52.08,John Kaiser,,Johns Hopkins v Mt St Mary's
Mount Saint Mary's (MD),544,200 Free,9,1:54.51,Alexey Tselichtchev,,Lafayette Vs. Mount Saint Mary
Mount Saint Mary's (MD),544,200 Im,1,1:49.21,Todor Gospodinov,,ECAC Winter Championship
Mount Saint Mary's (MD),544,200 Im,2,1:51.59,Adam Jozsa,,ECAC Winter Championship
Mount Saint Mary's (MD),544,200 Im,3,1:57.40,Drew Beabout,,ECAC Winter Championship
Mount Saint Mary's (MD),544,200 Im,4,1:58.54,John Kaiser,,ECAC Winter Championship
Mount Saint Mary's (MD),544,200 Im,5,1:58.58,Ivan Shandrenko,,ECAC Winter Championship
Mount Saint Mary's (MD),544,200 Im,6,1:59.13,John Baroody,,ECAC Winter Championship
Mount Saint Mary's (MD),544,200 Im,7,2:02.73,Aiden Patterson,,ECAC Winter Championship
Mount Saint Mary's (MD),544,200 Im,8,2:05.36,Logan Sensenig,,Lafayette Vs. Mount Saint Mary
Mount Saint Mary's (MD),544,200 Im,9,2:05.37,Liam Rooney,,Johns Hopkins v Mt St Mary's
Mount Saint Mary's (MD),544,200 Im,10,2:07.39,Brendan Moran,,Johns Hopkins v Mt St Mary's
Mount Saint Mary's (MD),544,400 Im,1,4:18.80,Drew Beabout,,ECAC Winter Championship
Mount Saint Mary's (MD),544,400 Im,2,4:23.32,Logan Sensenig,,ECAC Winter Championship
Mount Saint Mary's (MD),544,50 Free,1,20.27,Lucas Hancock,,ECAC Winter Championship
Mount Saint Mary's (MD),544,50 Free,2,20.39,Parker Koenig,,ECAC Winter Championship
Mount Saint Mary's (MD),544,50 Free,3,20.41,Adam Jozsa,,ECAC Winter Championship
Mount Saint Mary's (MD),544,50 Free,4,20.47,Austin Toland,,ECAC Winter Championship
Mount Saint Mary's (MD),544,50 Free,5,21.21,Antonio Gurri,,ECAC Winter Championship
Mount Saint Mary's (MD),544,50 Free,6,21.63,John Haskins,,ECAC Winter Championship
Mount Saint Mary's (MD),544,50 Free,7,21.64,Isaac Hancock,,ECAC Winter Championship
Mount Saint Mary's (MD),544,50 Free,8,21.82,Liam Rooney,,ECAC Winter Championship
Mount Saint Mary's (MD),544,50 Free,9,21.86,Todor Gospodinov,,Thomas Murphy  Invitational
Mount Saint Mary's (MD),544,50 Free,10,21.89,Brenner McIlquham,,ECAC Winter Championship
Mount Saint Mary's (MD),544,500 Free,1,4:54.97,Colin O’Hare,,ECAC Winter Championship
Mount Saint Mary's (MD),544,500 Free,2,5:06.03,Peter Verderese,,ECAC Winter Championship
Mount Saint Mary's (MD),544,500 Free,3,5:19.20,Antonio Gurri,,MSMU vs. VMI
NC State,394,100 Back,1,44.49,Hudson Williams,,NCSU Invitational
NC State,394,100 Back,2,45.45,Aiden Hayes,,NCSU Invitational
NC State,394,100 Back,3,46.04,Daniel Diehl,,NCSU Invitational
NC State,394,100 Back,4,46.32,Simon Bermudez,,NCSU Invitational
NC State,394,100 Back,5,46.74,Gavin Keogh,,NC State Raleigh Rumble
NC State,394,100 Back,6,46.81,Quintin McCarty,,NCSU Invitational
NC State,394,100 Back,7,46.81,Sasha ZHELTYAKOV,,NCSU Invitational
NC State,394,100 Back,8,46.85,Stephen Conrad,,NCSU Invitational
NC State,394,100 Back,9,47.34,Maximus Buff,,NCSU Invitational
NC State,394,100 Back,10,54.22,Lance Norris,,GT DMT: NC State vs. Florida State
NC State,394,100 Breast,1,52.72,Arsen Kozhakhmetov,,NCSU Invitational
NC State,394,100 Breast,2,53.38,Daniel Diehl,,GT DMT: Georgia Tech vs. NC State
NC State,394,100 Breast,3,53.88,Hudson Schuricht,,NCSU Invitational
NC State,394,100 Breast,4,54.27,Ian Stutts,,NCSU Invitational
NC State,394,100 Breast,5,54.32,Simon Bermudez,,NCSU Invitational
NC State,394,100 Breast,6,54.45,Arsenio Bustos,,North Carolina vs. NC State
NC State,394,100 Fly,1,44.94,Aiden Hayes,,NCSU Invitational
NC State,394,100 Fly,2,45.42,Kaii Winkler,,NCSU Invitational
NC State,394,100 Fly,3,46.52,Drew Salls,,NCSU Invitational
NC State,394,100 Fly,4,47.07,Quintin McCarty,,NCSU Invitational
NC State,394,100 Fly,5,47.13,Arsenio Bustos,,NCSU Invitational
NC State,394,100 Fly,6,47.37,Anton KOCHU,,North Carolina vs. NC State
NC State,394,100 Fly,7,47.42,Maximus Buff,,NCSU Invitational
NC State,394,100 Fly,8,47.63,Stephen Conrad,,NCSU Invitational
NC State,394,100 Fly,9,47.66,Wells Walker,,NCSU Invitational
NC State,394,100 Fly,10,49.80,Bjornar Laskerud,,NCSU Invitational
NC State,394,100 Free,1,41.21,Kaii Winkler,,GT DMT: NC State vs. Florida State
NC State,394,100 Free,2,41.31,Jerry Fox,,NCSU Invitational
NC State,394,100 Free,3,41.57,Hudson Williams,,NCSU Invitational
NC State,394,100 Free,4,41.78,Quintin McCarty,,NCSU Invitational
NC State,394,100 Free,5,42.52,Drew Salls,,NCSU Invitational
NC State,394,100 Free,6,43.10,Daniel Diehl,,GT DMT: NC State vs. Florida State
NC State,394,100 Free,7,43.23,Bjornar Laskerud,,NCSU Invitational
NC State,394,100 Free,8,43.36,Wells Walker,,NCSU Invitational
NC State,394,100 Free,9,44.05,Mikołaj Filipiak,,NCSU Invitational
NC State,394,100 Free,10,44.67,Max Carlsen,,GT DMT: NC State vs. Georgia
NC State,394,1000 Free,1,8:42.38,Max Carlsen,,North Carolina vs. NC State
NC State,394,1000 Free,2,8:46.60,Lance Norris,,NC State Raleigh Rumble
NC State,394,1000 Free,3,8:57.51,Aaron Davidson,,North Carolina vs. NC State
NC State,394,1000 Free,4,9:00.35,Matt Marsteiner,,NCSU Invitational
NC State,394,1000 Free,5,9:11.17,Kyle Ponsler,,NC State Raleigh Rumble
NC State,394,1650 Free,1,14:44.52,Max Carlsen,,NCSU Invitational
NC State,394,1650 Free,2,14:52.16,Lance Norris,,NCSU Invitational
NC State,394,1650 Free,3,14:58.36,Matt Marsteiner,,NCSU Invitational
NC State,394,1650 Free,4,15:18.15,Aaron Davidson,,NCSU Invitational
NC State,394,200 Back,1,1:39.86,Daniel Diehl,,NCSU Invitational
NC State,394,200 Back,2,1:40.84,Sasha ZHELTYAKOV,,NCSU Invitational
NC State,394,200 Back,3,1:42.00,Gavin Keogh,,North Carolina vs. NC State
NC State,394,200 Back,4,1:42.45,Simon Bermudez,,NCSU Invitational
NC State,394,200 Back,5,1:43.34,Kyle Ponsler,,NCSU Invitational
NC State,394,200 Back,6,1:43.49,Maximus Buff,,NCSU Invitational
NC State,394,200 Back,7,1:44.08,Stephen Conrad,,NCSU Invitational
NC State,394,200 Breast,1,1:54.73,Hudson Schuricht,,NCSU Invitational
NC State,394,200 Breast,2,1:55.14,Ian Stutts,,NCSU Invitational
NC State,394,200 Breast,3,1:57.79,Arsenio Bustos,,NCSU Invitational
NC State,394,200 Breast,4,1:58.03,Landon D'Ariano,,GT DMT: NC State vs. Florida State
NC State,394,200 Breast,5,1:58.33,Arsen Kozhakhmetov,,GT DMT: NC State vs. Florida State
NC State,394,200 Breast,6,1:59.16,Simon Bermudez,,NCSU Invitational
NC State,394,200 Fly,1,1:43.14,Aiden Hayes,,GT DMT: NC State vs. Georgia
NC State,394,200 Fly,2,1:44.97,Anton KOCHU,,North Carolina vs. NC State
NC State,394,200 Fly,3,1:45.56,Matt Marsteiner,,NCSU Invitational
NC State,394,200 Fly,4,1:45.57,Maximus Buff,,North Carolina vs. NC State
NC State,394,200 Fly,5,1:45.88,Landon D'Ariano,,NCSU Invitational
NC State,394,200 Fly,6,1:46.37,Aaron Davidson,,NCSU Invitational
NC State,394,200 Fly,7,1:48.15,Chase Mueller,,NCSU Invitational
NC State,394,200 Fly,8,1:48.51,Kyle Ponsler,,GT DMT: NC State vs. Florida State
NC State,394,200 Free,1,1:32.14,Kaii Winkler,,NCSU Invitational
NC State,394,200 Free,2,1:32.94,Jerry Fox,,NCSU Invitational
NC State,394,200 Free,3,1:33.00,Hudson Williams,,NCSU Invitational
NC State,394,200 Free,4,1:33.08,Daniel Diehl,,NCSU Invitational
NC State,394,200 Free,5,1:35.26,Mikołaj Filipiak,,NC State Raleigh Rumble
NC State,394,200 Free,6,1:35.38,Chase Mueller,,NCSU Invitational
NC State,394,200 Free,7,1:37.30,Gavin Keogh,,NCSU Invitational
NC State,394,200 Free,8,1:38.93,Matt Marsteiner,,NC State Raleigh Rumble
NC State,394,200 Im,1,1:42.49,Daniel Diehl,,NCSU Invitational
NC State,394,200 Im,2,1:44.33,Ian Stutts,,NCSU Invitational
NC State,394,200 Im,3,1:44.75,Simon Bermudez,,NCSU Invitational
NC State,394,200 Im,4,1:47.10,Kyle Ponsler,,North Carolina vs. NC State
NC State,394,200 Im,5,1:47.67,Landon D'Ariano,,GT DMT: NC State vs. Florida State
NC State,394,200 Im,6,1:47.88,Arsenio Bustos,,NCSU Invitational
NC State,394,200 Im,7,1:48.68,Hudson Schuricht,,NCSU Invitational
NC State,394,200 Im,8,1:52.08,Max Carlsen,,GT DMT: Georgia Tech vs. NC State
NC State,394,400 Im,1,3:42.28,Kyle Ponsler,,NCSU Invitational
NC State,394,400 Im,2,3:45.29,Ian Stutts,,NCSU Invitational
NC State,394,400 Im,3,3:47.68,Landon D'Ariano,,NCSU Invitational
NC State,394,400 Im,4,3:59.89,Matt Marsteiner,,NC State Raleigh Rumble
NC State,394,50 Free,1,18.81,Quintin McCarty,,NCSU Invitational
NC State,394,50 Free,2,19.00,Kaii Winkler,,NC State Raleigh Rumble
NC State,394,50 Free,3,19.05,Jerry Fox,,NCSU Invitational
NC State,394,50 Free,4,19.15,Hudson Williams,,NCSU Invitational
NC State,394,50 Free,5,19.17,Drew Salls,,NCSU Invitational
NC State,394,50 Free,6,19.27,Aiden Hayes,,NCSU Invitational
NC State,394,50 Free,7,19.53,Wells Walker,,NCSU Invitational
NC State,394,50 Free,8,19.64,Bjornar Laskerud,,NCSU Invitational
NC State,394,50 Free,9,20.05,Stephen Conrad,,NCSU Invitational
NC State,394,50 Free,10,20.63,Daniel Diehl,,GT DMT: NC State vs. Florida State
NC State,394,500 Free,1,4:14.79,Max Carlsen,,NCSU Invitational
NC State,394,500 Free,2,4:15.19,Lance Norris,,GT DMT: NC State vs. Florida State
NC State,394,500 Free,3,4:16.23,Mikołaj Filipiak,,NCSU Invitational
NC State,394,500 Free,4,4:18.67,Kyle Ponsler,,NCSU Invitational
NC State,394,500 Free,5,4:19.95,Matt Marsteiner,,NCSU Invitational
NC State,394,500 Free,6,4:21.82,Chase Mueller,,GT DMT: NC State vs. Florida State
NC State,394,500 Free,7,4:24.20,Aaron Davidson,,NCSU Invitational
NC State,394,500 Free,8,4:29.06,Landon D'Ariano,,NCSU Invitational
NC State,394,500 Free,9,4:31.77,Maximus Buff,,GT DMT: NC State vs. Georgia
NC State,394,500 Free,10,4:33.31,Stephen Conrad,,GT DMT: Georgia Tech vs. NC State
NJIT,443,100 Back,1,49.46,Drew Cellar,,ECAC Winter Championship
NJIT,443,100 Back,2,50.39,Zachary Goad,,"NJIT vs. Binghamton, CCSU"
NJIT,443,100 Back,3,51.15,Mohamed Abdelaziz,,ECAC Winter Championship
NJIT,443,100 Back,4,51.85,Michael McGIllycuddy,,ECAC Winter Championship
NJIT,443,100 Back,5,53.72,Zac Kuzak,,NJIT Invitational
NJIT,443,100 Back,6,54.04,Ryan Hause,,NJIT & Stony Brook vs. Bryant
NJIT,443,100 Back,7,54.07,Oxford Bayley,,NJIT & Stony Brook vs. Bryant
NJIT,443,100 Back,8,55.38,Reilly Vann,,ECAC Winter Championship
NJIT,443,100 Breast,1,56.59,Borys Endlé,,ECAC Winter Championship
NJIT,443,100 Breast,2,57.65,Bartosz Bryg,,ECAC Winter Championship
NJIT,443,100 Breast,3,58.48,RJ Farina,,ECAC Winter Championship
NJIT,443,100 Breast,4,58.89,Ian Dinesh,,"NJIT vs. Binghamton, CCSU"
NJIT,443,100 Breast,5,59.90,Hirad Sharifian,,ECAC Winter Championship
NJIT,443,100 Fly,1,48.70,Mohamed Abdelaziz,,ECAC Winter Championship
NJIT,443,100 Fly,2,50.36,Zachary Goad,,"NJIT vs. Binghamton, CCSU"
NJIT,443,100 Fly,3,50.41,Pawel Drzymala,,ECAC Winter Championship
NJIT,443,100 Fly,4,51.97,Jamar Josephs,,ECAC Winter Championship
NJIT,443,100 Fly,5,52.09,Hirad Sharifian,,ECAC Winter Championship
NJIT,443,100 Fly,6,53.68,Borys Endlé,,ECAC Winter Championship
NJIT,443,100 Fly,7,54.61,Bartosz Bryg,,ECAC Winter Championship
NJIT,443,100 Fly,8,54.79,Yonatan Ahdut,,ECAC Winter Championship
NJIT,443,100 Fly,9,54.85,RJ Farina,,ECAC Winter Championship
NJIT,443,100 Fly,10,55.01,Aiden Nugent,,ECAC Winter Championship
NJIT,443,100 Free,1,45.87,Vincent Coppola,,ECAC Winter Championship
NJIT,443,100 Free,2,46.62,Jamar Josephs,,ECAC Winter Championship
NJIT,443,100 Free,3,46.91,Hirad Sharifian,,ECAC Winter Championship
NJIT,443,100 Free,4,46.99,Mateo Agusti,,ECAC Winter Championship
NJIT,443,100 Free,5,47.09,Zac Kuzak,,ECAC Winter Championship
NJIT,443,100 Free,6,47.25,Sam Lorenc,,ECAC Winter Championship
NJIT,443,100 Free,7,47.99,Zachary Goad,,Iona vs. NJIT vs. Siena
NJIT,443,100 Free,8,48.35,Oxford Bayley,,NJIT & Stony Brook vs. Bryant
NJIT,443,100 Free,9,48.92,Ryan Hause,,NJIT & Stony Brook vs. Bryant
NJIT,443,100 Free,10,48.97,RJ Farina,,NJIT Invitational
NJIT,443,1000 Free,1,9:17.39,Yonatan Ahdut,,"NJIT vs. Binghamton, CCSU"
NJIT,443,1000 Free,2,9:34.75,Pawel Drzymala,,NJIT & Stony Brook vs. Bryant
NJIT,443,1000 Free,3,9:40.66,Keegan Wooding,,NJIT & Stony Brook vs. Bryant
NJIT,443,1000 Free,4,9:52.71,Oxford Bayley,,ECAC Winter Championship
NJIT,443,1000 Free,5,10:04.55,Mateo Agusti,,ECAC Winter Championship
NJIT,443,1000 Free,6,10:06.05,Aiden Nugent,,NJIT & Stony Brook vs. Bryant
NJIT,443,1000 Free,7,10:16.97,Reilly Vann,,"NJIT vs. Binghamton, CCSU"
NJIT,443,1650 Free,1,15:29.90,Yonatan Ahdut,,ECAC Winter Championship
NJIT,443,1650 Free,2,16:05.73,Pawel Drzymala,,ECAC Winter Championship
NJIT,443,1650 Free,3,16:17.16,Keegan Wooding,,ECAC Winter Championship
NJIT,443,1650 Free,4,16:29.87,Oxford Bayley,,ECAC Winter Championship
NJIT,443,1650 Free,5,16:59.45,Aiden Nugent,,ECAC Winter Championship
NJIT,443,1650 Free,6,17:01.05,Mateo Agusti,,ECAC Winter Championship
NJIT,443,1650 Free,7,17:14.51,Reilly Vann,,ECAC Winter Championship
NJIT,443,200 Back,1,1:46.10,Drew Cellar,,ECAC Winter Championship
NJIT,443,200 Back,2,1:54.40,Reilly Vann,,ECAC Winter Championship
NJIT,443,200 Back,3,1:54.79,Michael McGIllycuddy,,ECAC Winter Championship
NJIT,443,200 Back,4,1:56.18,Mateo Agusti,,ECAC Winter Championship
NJIT,443,200 Back,5,1:56.91,Ryan Hause,,ECAC Winter Championship
NJIT,443,200 Back,6,1:59.83,Oxford Bayley,,ECAC Winter Championship
NJIT,443,200 Breast,1,1:56.97,Borys Endlé,,ECAC Winter Championship
NJIT,443,200 Breast,2,2:06.65,Bartosz Bryg,,ECAC Winter Championship
NJIT,443,200 Breast,3,2:08.25,RJ Farina,,ECAC Winter Championship
NJIT,443,200 Breast,4,2:09.68,Ian Dinesh,,NJIT Invitational
NJIT,443,200 Fly,1,1:48.90,Pawel Drzymala,,NJIT/Rider/Stony Brook Tri-Meet
NJIT,443,200 Fly,2,1:49.84,Mohamed Abdelaziz,,NJIT & Stony Brook vs. Bryant
NJIT,443,200 Fly,3,1:53.49,Zachary Goad,,NJIT Invitational
NJIT,443,200 Fly,4,1:53.58,Yonatan Ahdut,,ECAC Winter Championship
NJIT,443,200 Fly,5,1:57.65,Ryan Hause,,ECAC Winter Championship
NJIT,443,200 Fly,6,1:57.97,Keegan Wooding,,ECAC Winter Championship
NJIT,443,200 Fly,7,2:00.76,Sam Lorenc,,ECAC Winter Championship
NJIT,443,200 Fly,8,2:02.23,Aiden Nugent,,NJIT & Stony Brook vs. Bryant
NJIT,443,200 Fly,9,2:02.34,Jamar Josephs,,ECAC Winter Championship
NJIT,443,200 Free,1,1:40.41,Mateo Agusti,,ECAC Winter Championship
NJIT,443,200 Free,2,1:40.80,Vincent Coppola,,ECAC Winter Championship
NJIT,443,200 Free,3,1:40.83,Mohamed Abdelaziz,,NJIT & Stony Brook vs. Bryant
NJIT,443,200 Free,4,1:41.34,Zac Kuzak,,ECAC Winter Championship
NJIT,443,200 Free,5,1:42.11,Zachary Goad,,NJIT Invitational
NJIT,443,200 Free,6,1:42.31,Pawel Drzymala,,ECAC Winter Championship
NJIT,443,200 Free,7,1:42.99,Oxford Bayley,,ECAC Winter Championship
NJIT,443,200 Free,8,1:43.21,Sam Lorenc,,ECAC Winter Championship
NJIT,443,200 Free,9,1:49.22,Hirad Sharifian,,NJIT Invitational
NJIT,443,200 Free,10,1:49.30,RJ Farina,,Iona vs. NJIT vs. Siena
NJIT,443,200 Im,1,1:50.69,Borys Endlé,,ECAC Winter Championship
NJIT,443,200 Im,2,1:53.63,Vincent Coppola,,ECAC Winter Championship
NJIT,443,200 Im,3,1:53.84,Pawel Drzymala,,NJIT Invitational
NJIT,443,200 Im,4,1:53.93,Zachary Goad,,NJIT Invitational
NJIT,443,200 Im,5,1:54.59,RJ Farina,,ECAC Winter Championship
NJIT,443,200 Im,6,1:55.01,Sam Lorenc,,ECAC Winter Championship
NJIT,443,200 Im,7,1:55.92,Bartosz Bryg,,ECAC Winter Championship
NJIT,443,200 Im,8,1:56.44,Ryan Hause,,ECAC Winter Championship
NJIT,443,200 Im,9,1:57.56,Ian Dinesh,,NJIT Invitational
NJIT,443,200 Im,10,1:58.85,Zac Kuzak,,NJIT Invitational
NJIT,443,400 Im,1,3:58.56,Borys Endlé,,ECAC Winter Championship
NJIT,443,400 Im,2,4:03.79,Yonatan Ahdut,,ECAC Winter Championship
NJIT,443,400 Im,3,4:06.20,Pawel Drzymala,,NJIT Invitational
NJIT,443,400 Im,4,4:09.13,Bartosz Bryg,,ECAC Winter Championship
NJIT,443,400 Im,5,4:09.81,RJ Farina,,ECAC Winter Championship
NJIT,443,400 Im,6,4:10.26,Michael McGIllycuddy,,ECAC Winter Championship
NJIT,443,400 Im,7,4:11.99,Ryan Hause,,ECAC Winter Championship
NJIT,443,400 Im,8,4:13.67,Keegan Wooding,,ECAC Winter Championship
NJIT,443,400 Im,9,4:16.73,Reilly Vann,,ECAC Winter Championship
NJIT,443,400 Im,10,4:33.03,Ian Dinesh,,NJIT/Rider/Stony Brook Tri-Meet
NJIT,443,50 Free,1,20.89,Mohamed Abdelaziz,,ECAC Winter Championship
NJIT,443,50 Free,2,21.23,Jamar Josephs,,ECAC Winter Championship
NJIT,443,50 Free,3,21.28,Zachary Goad,,"NJIT vs. Binghamton, CCSU"
NJIT,443,50 Free,4,21.39,Vincent Coppola,,NJIT/Rider/Stony Brook Tri-Meet
NJIT,443,50 Free,5,21.45,Zac Kuzak,,ECAC Winter Championship
NJIT,443,50 Free,6,21.47,Drew Cellar,,ECAC Winter Championship
NJIT,443,50 Free,7,21.51,Hirad Sharifian,,ECAC Winter Championship
NJIT,443,50 Free,8,21.54,Michael McGIllycuddy,,ECAC Winter Championship
NJIT,443,50 Free,9,22.27,Bartosz Bryg,,"NJIT vs. Binghamton, CCSU"
NJIT,443,50 Free,10,22.41,Sam Lorenc,,Iona vs. NJIT vs. Siena
NJIT,443,500 Free,1,4:30.77,Yonatan Ahdut,,ECAC Winter Championship
NJIT,443,500 Free,2,4:33.79,Pawel Drzymala,,ECAC Winter Championship
NJIT,443,500 Free,3,4:35.73,Mateo Agusti,,ECAC Winter Championship
NJIT,443,500 Free,4,4:36.08,Keegan Wooding,,ECAC Winter Championship
NJIT,443,500 Free,5,4:37.89,Oxford Bayley,,ECAC Winter Championship
NJIT,443,500 Free,6,4:38.49,Zac Kuzak,,ECAC Winter Championship
NJIT,443,500 Free,7,4:43.48,Drew Cellar,,ECAC Winter Championship
NJIT,443,500 Free,8,4:52.54,Aiden Nugent,,ECAC Winter Championship
NJIT,443,500 Free,9,4:53.17,Reilly Vann,,NJIT Invitational
NJIT,443,500 Free,10,5:00.91,Sam Lorenc,,Iona vs. NJIT vs. Siena
NKU,10039851,100 Back,1,50.14,Isaac Barrow,,21st House of Champions Invitational
NKU,10039851,100 Back,2,51.10,David Barnett,,21st House of Champions Invitational
NKU,10039851,100 Back,3,53.11,Ethan Johnson,,21st House of Champions Invitational
NKU,10039851,100 Back,4,53.26,Patrick Gibbons,,IUI - NKU - WU
NKU,10039851,100 Back,5,55.69,Ben Jorgensen,,21st House of Champions Invitational
NKU,10039851,100 Breast,1,58.36,Isaac Barrow,,Miami vs NKU
NKU,10039851,100 Breast,2,59.56,Tyler Cukovecki,,21st House of Champions Invitational
NKU,10039851,100 Breast,3,1:03.55,Laith Ausband,,21st House of Champions Invitational
NKU,10039851,100 Fly,1,49.49,AJ Gomez,,21st House of Champions Invitational
NKU,10039851,100 Fly,2,50.88,Khizar Shah,,21st House of Champions Invitational
NKU,10039851,100 Fly,3,50.93,Charlie Pressler,,21st House of Champions Invitational
NKU,10039851,100 Fly,4,55.06,Ethan Johnson,,21st House of Champions Invitational
NKU,10039851,100 Fly,5,56.85,Alexander Yin,,21st House of Champions Invitational
NKU,10039851,100 Fly,6,57.12,Laith Ausband,,NKU vs. Xavier
NKU,10039851,100 Free,1,45.04,Cam Craft,,21st House of Champions Invitational
NKU,10039851,100 Free,2,46.34,Patrick Gibbons,,21st House of Champions Invitational
NKU,10039851,100 Free,3,46.53,Conner Norton,,21st House of Champions Invitational
NKU,10039851,100 Free,4,47.09,Jarrett Jenkins,,21st House of Champions Invitational
NKU,10039851,100 Free,5,47.14,Laith Ausband,,21st House of Champions Invitational
NKU,10039851,100 Free,6,47.92,Khizar Shah,,21st House of Champions Invitational
NKU,10039851,100 Free,7,48.17,Charlie Pressler,,21st House of Champions Invitational
NKU,10039851,100 Free,8,48.18,Ben Jorgensen,,21st House of Champions Invitational
NKU,10039851,100 Free,9,48.78,Logan Allen,,21st House of Champions Invitational
NKU,10039851,1000 Free,1,9:42.62,Alexander Yin,,21st House of Champions Invitational
NKU,10039851,1000 Free,2,9:52.31,Frankie Runge,,IUI - NKU - WU
NKU,10039851,1000 Free,3,10:14.61,William Guerin,,21st House of Champions Invitational
NKU,10039851,1650 Free,1,16:02.18,Alexander Yin,,21st House of Champions Invitational
NKU,10039851,1650 Free,2,16:16.02,Frankie Runge,,21st House of Champions Invitational
NKU,10039851,1650 Free,3,17:01.40,William Guerin,,21st House of Champions Invitational
NKU,10039851,200 Back,1,1:51.46,Isaac Barrow,,21st House of Champions Invitational
NKU,10039851,200 Back,2,1:52.07,David Barnett,,21st House of Champions Invitational
NKU,10039851,200 Breast,1,2:10.96,Tyler Cukovecki,,21st House of Champions Invitational
NKU,10039851,200 Fly,1,1:49.95,AJ Gomez,,21st House of Champions Invitational
NKU,10039851,200 Fly,2,1:54.73,Ethan Johnson,,21st House of Champions Invitational
NKU,10039851,200 Fly,3,2:04.41,William Guerin,,21st House of Champions Invitational
NKU,10039851,200 Free,1,1:39.88,Frankie Runge,,21st House of Champions Invitational
NKU,10039851,200 Free,2,1:39.91,Cam Craft,,21st House of Champions Invitational
NKU,10039851,200 Free,3,1:42.43,Patrick Gibbons,,21st House of Champions Invitational
NKU,10039851,200 Free,4,1:42.97,Conner Norton,,21st House of Champions Invitational
NKU,10039851,200 Free,5,1:43.35,AJ Gomez,,21st House of Champions Invitational
NKU,10039851,200 Free,6,1:44.96,William Guerin,,21st House of Champions Invitational
NKU,10039851,200 Free,7,1:45.65,Ethan Johnson,,Miami vs NKU
NKU,10039851,200 Free,8,1:46.37,Logan Allen,,21st House of Champions Invitational
NKU,10039851,200 Free,9,1:51.53,Jarrett Jenkins,,21st House of Champions Invitational
NKU,10039851,200 Im,1,1:52.07,Isaac Barrow,,21st House of Champions Invitational
NKU,10039851,200 Im,2,1:54.86,Ethan Johnson,,21st House of Champions Invitational
NKU,10039851,200 Im,3,1:55.37,Tyler Cukovecki,,21st House of Champions Invitational
NKU,10039851,400 Im,1,4:06.65,Alexander Yin,,21st House of Champions Invitational
NKU,10039851,400 Im,2,4:06.75,Ethan Johnson,,21st House of Champions Invitational
NKU,10039851,50 Free,1,20.47,Cam Craft,,21st House of Champions Invitational
NKU,10039851,50 Free,2,20.87,Patrick Gibbons,,21st House of Champions Invitational
NKU,10039851,50 Free,3,20.89,Jarrett Jenkins,,21st House of Champions Invitational
NKU,10039851,50 Free,4,21.01,Conner Norton,,21st House of Champions Invitational
NKU,10039851,50 Free,5,21.25,Laith Ausband,,21st House of Champions Invitational
NKU,10039851,50 Free,6,21.68,Charlie Pressler,,21st House of Champions Invitational
NKU,10039851,50 Free,7,22.03,Khizar Shah,,21st House of Champions Invitational
NKU,10039851,50 Free,8,22.16,Ben Jorgensen,,21st House of Champions Invitational
NKU,10039851,50 Free,9,22.35,Logan Allen,,21st House of Champions Invitational
NKU,10039851,50 Free,10,22.60,Isaac Barrow,,NKU vs. Xavier
NKU,10039851,500 Free,1,4:31.34,Frankie Runge,,21st House of Champions Invitational
NKU,10039851,500 Free,2,4:37.36,Alexander Yin,,21st House of Champions Invitational
NKU,10039851,500 Free,3,4:50.07,William Guerin,,21st House of Champions Invitational
Navy,327,100 Back,1,45.81,Ben Irwin,,Army vs. Navy
Navy,327,100 Back,2,46.69,Luke Lamb,,Army vs. Navy
Navy,327,100 Back,3,47.82,Will Jones,,Army vs. Navy
Navy,327,100 Back,4,47.86,Aaron Mendoza,,Army vs. Navy
Navy,327,100 Back,5,48.14,Martin Perecinsky,,Navy Fall Invitational
Navy,327,100 Back,6,48.95,Tyler Kaminski,,Navy Fall Invitational
Navy,327,100 Back,7,49.20,Will de la Garza,,Navy Fall Invitational
Navy,327,100 Back,8,49.52,Simon Thompson,,Navy Fall Invitational
Navy,327,100 Back,9,50.44,Matt Beehler,,Navy Fall Invitational
Navy,327,100 Back,10,50.94,Coleman Yates,,Navy vs. Loyola
Navy,327,100 Breast,1,51.58,Juan Mora,,Army vs. Navy
Navy,327,100 Breast,2,53.05,Michael Phillips,,Army vs. Navy
Navy,327,100 Breast,3,53.21,Gavin Green,,Army vs. Navy
Navy,327,100 Breast,4,53.71,Jack Ussery,,Army vs. Navy
Navy,327,100 Breast,5,54.76,Noah Robinson,,Army vs. Navy
Navy,327,100 Breast,6,57.41,Evan O'Dea,,Navy Fall Invitational
Navy,327,100 Breast,7,57.46,ALEX Park,,Navy Fall Invitational
Navy,327,100 Breast,8,58.41,Eli Bates,,"Navy vs. Delaware, Kenyon, Princeton"
Navy,327,100 Breast,9,58.47,Kyle Dowe,,"Navy vs. Delaware, Kenyon, Princeton"
Navy,327,100 Fly,1,46.93,Ben Irwin,,Army vs. Navy
Navy,327,100 Fly,2,47.57,Lachlan Andrew,,Army vs. Navy
Navy,327,100 Fly,3,47.59,ALEX Park,,Army vs. Navy
Navy,327,100 Fly,4,47.87,Ben Denman-Grimm,,Navy Fall Invitational
Navy,327,100 Fly,5,47.91,Dean Jones,,Navy Fall Invitational
Navy,327,100 Fly,6,48.11,Luke Lamb,,Army vs. Navy
Navy,327,100 Fly,7,48.30,Aaron Mendoza,,Army vs. Navy
Navy,327,100 Fly,8,48.65,Evan O'Dea,,Navy Fall Invitational
Navy,327,100 Fly,9,48.81,Andrejs Brooks,,Navy Fall Invitational
Navy,327,100 Fly,10,49.00,Tyler Kaminski,,Navy Fall Invitational
Navy,327,100 Free,1,42.95,Ben Denman-Grimm,,Army vs. Navy
Navy,327,100 Free,2,43.17,Preston kessler,,Army vs. Navy
Navy,327,100 Free,3,43.45,Xavier Sohovich,,Army vs. Navy
Navy,327,100 Free,4,43.61,Ben Stankovich,,Army vs. Navy
Navy,327,100 Free,5,43.73,Evan McKelvey,,Army vs. Navy
Navy,327,100 Free,6,43.93,Lachlan Andrew,,Navy Fall Invitational
Navy,327,100 Free,7,44.00,Simon Thompson,,Army vs. Navy
Navy,327,100 Free,8,44.37,Stephan Aguirre,,Navy Fall Invitational
Navy,327,100 Free,9,44.55,Matt Beehler,,Army vs. Navy
Navy,327,100 Free,10,44.85,Henry Cain,,"Navy vs. Delaware, Kenyon, Princeton"
Navy,327,1000 Free,1,8:56.56,Ben Mauldin,,Army vs. Navy
Navy,327,1000 Free,2,9:00.78,Chase Maier,,Army vs. Navy
Navy,327,1000 Free,3,9:18.49,George Ivascu,,Army vs. Navy
Navy,327,1000 Free,4,9:21.16,Dean Jones,,Navy Fall Invitational
Navy,327,1000 Free,5,9:22.20,Luca Oliva,,"Navy vs. Delaware, Kenyon, Princeton"
Navy,327,1000 Free,6,9:28.84,Josh Wurgler,,Army vs. Navy
Navy,327,1000 Free,7,9:36.99,Zack Arnold,,"Navy vs. American, Bucknell, Lafayette"
Navy,327,1000 Free,8,9:37.31,Zach Stump,,Navy vs. Loyola
Navy,327,1000 Free,9,9:41.50,Casey Aten,,"Navy vs. American, Bucknell, Lafayette"
Navy,327,1000 Free,10,9:41.76,Cedric Brooking,,Navy Fall Invitational
Navy,327,1650 Free,1,15:18.98,Chase Maier,,Navy Fall Invitational
Navy,327,1650 Free,2,15:30.51,Dean Jones,,Navy Fall Invitational
Navy,327,1650 Free,3,15:38.83,Luca Oliva,,Navy Fall Invitational
Navy,327,1650 Free,4,15:48.96,Josh Wurgler,,Navy Fall Invitational
Navy,327,1650 Free,5,15:54.56,Ben Mauldin,,Navy Fall Invitational
Navy,327,1650 Free,6,15:54.78,George Ivascu,,Navy Fall Invitational
Navy,327,1650 Free,7,15:57.51,Casey Aten,,Navy Fall Invitational
Navy,327,1650 Free,8,15:59.87,Cedric Brooking,,Navy Fall Invitational
Navy,327,1650 Free,9,16:06.58,Zack Arnold,,Navy Fall Invitational
Navy,327,200 Back,1,1:39.93,Ben Irwin,,Army vs. Navy
Navy,327,200 Back,2,1:42.11,Martin Perecinsky,,Army vs. Navy
Navy,327,200 Back,3,1:42.69,Will Jones,,Army vs. Navy
Navy,327,200 Back,4,1:44.79,Tyler Kaminski,,Army vs. Navy
Navy,327,200 Back,5,1:46.25,Luke Lamb,,Navy Fall Invitational
Navy,327,200 Back,6,1:46.47,Coleman Yates,,Navy Fall Invitational
Navy,327,200 Back,7,1:46.55,Will de la Garza,,Navy Fall Invitational
Navy,327,200 Back,8,1:47.42,Aaron Mendoza,,Navy Fall Invitational
Navy,327,200 Back,9,1:48.80,Xavier Sohovich,,Navy Fall Invitational
Navy,327,200 Back,10,1:49.61,Jaiden Sreenivasan,,Navy Fall Invitational
Navy,327,200 Breast,1,1:52.43,Michael Phillips,,Army vs. Navy
Navy,327,200 Breast,2,1:52.55,Juan Mora,,Army vs. Navy
Navy,327,200 Breast,3,1:56.48,Jack Ussery,,Army vs. Navy
Navy,327,200 Breast,4,1:57.44,Noah Robinson,,Army vs. Navy
Navy,327,200 Breast,5,1:58.77,Gavin Green,,Navy Fall Invitational
Navy,327,200 Breast,6,2:02.92,Casey Aten,,Navy Fall Invitational
Navy,327,200 Breast,7,2:05.90,Eli Bates,,Navy Fall Invitational
Navy,327,200 Breast,8,2:08.03,Kyle Dowe,,Navy Fall Invitational
Navy,327,200 Breast,9,2:11.59,Charlie Greenwood,,Navy VS Towson
Navy,327,200 Breast,10,2:12.95,Evan O'Dea,,"UMBC vs Navy, William & Mary"
Navy,327,200 Fly,1,1:42.92,Dean Jones,,Army vs. Navy
Navy,327,200 Fly,2,1:43.30,Evan O'Dea,,Army vs. Navy
Navy,327,200 Fly,3,1:44.64,Tyler Kaminski,,Army vs. Navy
Navy,327,200 Fly,4,1:45.56,Andrejs Brooks,,Army vs. Navy
Navy,327,200 Fly,5,1:45.63,Ben Irwin,,Navy Fall Invitational
Navy,327,200 Fly,6,1:47.04,George Brooker,,Army vs. Navy
Navy,327,200 Fly,7,1:48.15,Charlie Greenwood,,Navy Fall Invitational
Navy,327,200 Fly,8,1:51.75,ALEX Park,,Navy Fall Invitational
Navy,327,200 Fly,9,1:52.13,Ben Mauldin,,Navy Fall Invitational
Navy,327,200 Fly,10,1:52.72,Luca Oliva,,"Navy vs. American, Bucknell, Lafayette"
Navy,327,200 Free,1,1:33.77,Xavier Sohovich,,Army vs. Navy
Navy,327,200 Free,2,1:34.41,Martin Perecinsky,,Army vs. Navy
Navy,327,200 Free,3,1:34.93,Ben Stankovich,,Army vs. Navy
Navy,327,200 Free,4,1:35.37,Kellan Pattison,,Army vs. Navy
Navy,327,200 Free,5,1:36.09,Dean Jones,,Navy Fall Invitational
Navy,327,200 Free,6,1:37.86,Jaiden Sreenivasan,,Army vs. Navy
Navy,327,200 Free,7,1:37.92,Chase Maier,,Navy Fall Invitational
Navy,327,200 Free,8,1:38.37,Stephan Aguirre,,Navy Fall Invitational
Navy,327,200 Free,9,1:40.14,Ben Mauldin,,Navy Fall Invitational
Navy,327,200 Free,10,1:40.20,George Ivascu,,Navy Fall Invitational
Navy,327,200 Im,1,1:46.95,Stephan Aguirre,,Army vs. Navy
Navy,327,200 Im,2,1:47.35,Coleman Yates,,Army vs. Navy
Navy,327,200 Im,3,1:48.01,Jaiden Sreenivasan,,Army vs. Navy
Navy,327,200 Im,4,1:48.95,Kellan Pattison,,"Navy vs. Delaware, Kenyon, Princeton"
Navy,327,200 Im,5,1:49.40,Charlie Greenwood,,Army vs. Navy
Navy,327,200 Im,6,1:50.08,Will Jones,,Navy Fall Invitational
Navy,327,200 Im,7,1:50.21,Michael Phillips,,Navy Fall Invitational
Navy,327,200 Im,8,1:50.60,Luca Oliva,,Navy vs. UVA
Navy,327,200 Im,9,1:50.70,Juan Mora,,Navy Fall Invitational
Navy,327,200 Im,10,1:50.86,George Brooker,,Navy Fall Invitational
Navy,327,400 Im,1,3:51.47,Luca Oliva,,Navy Fall Invitational
Navy,327,400 Im,2,3:52.36,Coleman Yates,,Navy Fall Invitational
Navy,327,400 Im,3,3:54.41,Casey Aten,,Navy Fall Invitational
Navy,327,400 Im,4,3:55.70,Will Jones,,Navy Fall Invitational
Navy,327,400 Im,5,3:56.43,George Brooker,,Navy Fall Invitational
Navy,327,400 Im,6,3:57.46,Jaiden Sreenivasan,,"Navy vs. Delaware, Kenyon, Princeton"
Navy,327,400 Im,7,3:58.27,Charlie Greenwood,,Navy Fall Invitational
Navy,327,400 Im,8,3:59.61,Zack Arnold,,Navy Fall Invitational
Navy,327,400 Im,9,4:00.44,Kyle Dowe,,Navy Fall Invitational
Navy,327,400 Im,10,4:00.45,Eli Bates,,"Navy vs. Delaware, Kenyon, Princeton"
Navy,327,50 Free,1,19.47,Lachlan Andrew,,Army vs. Navy
Navy,327,50 Free,2,19.48,Ben Denman-Grimm,,Army vs. Navy
Navy,327,50 Free,3,19.72,Preston kessler,,Army vs. Navy
Navy,327,50 Free,4,20.04,Henry Cain,,Army vs. Navy
Navy,327,50 Free,5,20.11,Simon Thompson,,"Navy vs. Delaware, Kenyon, Princeton"
Navy,327,50 Free,6,20.20,Gavin Green,,Navy Fall Invitational
Navy,327,50 Free,7,20.21,Juan Mora,,Navy Fall Invitational
Navy,327,50 Free,8,20.44,Ben Irwin,,Navy Fall Invitational
Navy,327,50 Free,9,20.46,Luke Lamb,,Navy Fall Invitational
Navy,327,50 Free,10,20.64,Matt Beehler,,Navy Fall Invitational
Navy,327,500 Free,1,4:19.53,Dean Jones,,Army vs. Navy
Navy,327,500 Free,2,4:21.70,Xavier Sohovich,,Army vs. Navy
Navy,327,500 Free,3,4:21.77,Ben Mauldin,,Army vs. Navy
Navy,327,500 Free,4,4:22.10,Chase Maier,,"Navy vs. Delaware, Kenyon, Princeton"
Navy,327,500 Free,5,4:25.36,Luca Oliva,,Navy vs. UVA
Navy,327,500 Free,6,4:25.47,Martin Perecinsky,,Navy Fall Invitational
Navy,327,500 Free,7,4:25.74,George Ivascu,,Navy Fall Invitational
Navy,327,500 Free,8,4:29.22,Zack Arnold,,Navy Fall Invitational
Navy,327,500 Free,9,4:31.60,Zach Stump,,Navy vs. UVA
Navy,327,500 Free,10,4:32.44,Eli Bates,,Navy Fall Invitational
Niagara,434,100 Back,1,48.74,Vilem Mikula,,Niagara v St Bonaventure
Niagara,434,100 Back,2,50.36,Nelson Maier,,Buffalo Invitational
Niagara,434,100 Back,3,50.43,Holden Brock,,Niagara v St Bonaventure
Niagara,434,100 Back,4,50.60,Michael Levine,,Niagara vs. Canisius
Niagara,434,100 Back,5,50.73,Jura Domanovac,,Niagara vs. Canisius
Niagara,434,100 Back,6,51.44,Sam Dalinis,,Buffalo Invitational
Niagara,434,100 Back,7,51.47,Owen Stoneburgh,,Buffalo Invitational
Niagara,434,100 Back,8,54.51,RJ Helt,,Niagara vs. Canisius
Niagara,434,100 Breast,1,55.78,Lance Rafael Cruz,,Buffalo Invitational
Niagara,434,100 Breast,2,56.25,Jacob Lauzonis,,Buffalo Invitational
Niagara,434,100 Breast,3,57.19,Thomas Latimer,,Niagara v St Bonaventure
Niagara,434,100 Breast,4,1:02.36,James Huff,,Buffalo Invitational
Niagara,434,100 Fly,1,49.01,Alexander Subotich,,Buffalo Invitational
Niagara,434,100 Fly,2,49.29,Jura Domanovac,,Buffalo Invitational
Niagara,434,100 Fly,3,49.82,Nate Eaton,,Buffalo Invitational
Niagara,434,100 Fly,4,50.29,Lance Rafael Cruz,,Niagara vs. Canisius
Niagara,434,100 Fly,5,50.34,Vilem Mikula,,Niagara vs. Canisius
Niagara,434,100 Fly,6,50.41,Jack Cavallerano,,Buffalo Invitational
Niagara,434,100 Fly,7,51.75,Thomas Latimer,,Niagara vs. Canisius
Niagara,434,100 Fly,8,51.85,Will Manolitsas,,Buffalo Invitational
Niagara,434,100 Fly,9,52.02,Ethan Hunter,,Niagara v CSU
Niagara,434,100 Fly,10,55.17,Elliott Burgos,,Buffalo Invitational
Niagara,434,100 Free,1,45.16,Jura Domanovac,,Buffalo Invitational
Niagara,434,100 Free,2,45.81,Vilem Mikula,,Buffalo Invitational
Niagara,434,100 Free,3,46.16,Holden Brock,,Niagara v St Bonaventure
Niagara,434,100 Free,4,46.68,Nate Eaton,,Niagara v St Bonaventure
Niagara,434,100 Free,5,46.89,Lance Rafael Cruz,,Buffalo Invitational
Niagara,434,100 Free,6,47.17,Michael Levine,,Niagara vs Le Moyne
Niagara,434,100 Free,7,47.22,James Coyne,,Niagara vs. Canisius
Niagara,434,100 Free,8,47.34,Sam Dalinis,,Niagara vs. Canisius
Niagara,434,100 Free,9,47.41,Will Manolitsas,,Niagara vs. Canisius
Niagara,434,100 Free,10,47.67,Alexander Subotich,,Niagara v St Bonaventure
Niagara,434,1000 Free,1,9:46.77,Jordan Grab,,Niagara vs. Canisius
Niagara,434,1000 Free,2,9:50.63,James Coyne,,Niagara v St Bonaventure
Niagara,434,1000 Free,3,10:02.46,Logan Osterwise,,Niagara vs. Canisius
Niagara,434,1000 Free,4,10:13.49,Owen Stoneburgh,,Buffalo Invitational
Niagara,434,1000 Free,5,10:17.54,Andrew Davis,,Niagara vs Le Moyne
Niagara,434,1650 Free,1,16:13.20,Jordan Grab,,Buffalo Invitational
Niagara,434,1650 Free,2,16:21.01,James Coyne,,Buffalo Invitational
Niagara,434,1650 Free,3,16:29.68,Logan Osterwise,,Buffalo Invitational
Niagara,434,1650 Free,4,16:57.39,Owen Stoneburgh,,Buffalo Invitational
Niagara,434,200 Back,1,1:46.80,Vilem Mikula,,Buffalo Invitational
Niagara,434,200 Back,2,1:47.52,Holden Brock,,Buffalo Invitational
Niagara,434,200 Back,3,1:50.75,Michael Levine,,Buffalo Invitational
Niagara,434,200 Back,4,1:51.51,Sam Dalinis,,Buffalo Invitational
Niagara,434,200 Back,5,1:52.18,Nelson Maier,,Buffalo Invitational
Niagara,434,200 Back,6,1:53.33,Owen Stoneburgh,,Niagara v St Bonaventure
Niagara,434,200 Back,7,1:57.55,RJ Helt,,Buffalo Invitational
Niagara,434,200 Breast,1,1:59.81,Jacob Lauzonis,,Buffalo Invitational
Niagara,434,200 Breast,2,2:01.57,Lance Rafael Cruz,,Buffalo Invitational
Niagara,434,200 Breast,3,2:02.09,Thomas Latimer,,Buffalo Invitational
Niagara,434,200 Breast,4,2:05.93,Andrew Davis,,Buffalo Invitational
Niagara,434,200 Breast,5,2:08.30,Elliott Burgos,,Niagara vs. Canisius
Niagara,434,200 Breast,6,2:14.57,Ethan Hunter,,Niagara vs. Canisius
Niagara,434,200 Fly,1,1:51.52,Ethan Hunter,,Niagara vs. Canisius
Niagara,434,200 Fly,2,1:51.83,Alexander Subotich,,Buffalo Invitational
Niagara,434,200 Fly,3,1:52.09,Nate Eaton,,Buffalo Invitational
Niagara,434,200 Fly,4,1:54.97,Elliott Burgos,,Buffalo Invitational
Niagara,434,200 Fly,5,2:01.60,Andrew Davis,,Niagara v St Bonaventure
Niagara,434,200 Free,1,1:39.97,Michael Levine,,Buffalo Invitational
Niagara,434,200 Free,2,1:40.50,Nate Eaton,,Buffalo Invitational
Niagara,434,200 Free,3,1:40.75,Thomas Latimer,,Niagara vs. Canisius
Niagara,434,200 Free,4,1:41.69,Jura Domanovac,,Niagara v St Bonaventure
Niagara,434,200 Free,5,1:42.00,James Coyne,,Buffalo Invitational
Niagara,434,200 Free,6,1:42.75,Sam Dalinis,,Niagara vs. Canisius
Niagara,434,200 Free,7,1:44.23,RJ Helt,,Buffalo Invitational
Niagara,434,200 Free,8,1:44.87,Jordan Grab,,Buffalo Invitational
Niagara,434,200 Free,9,1:46.94,Andrew Davis,,Niagara vs. Canisius
Niagara,434,200 Free,10,1:50.14,Logan Osterwise,,Buffalo Invitational
Niagara,434,200 Im,1,1:48.90,Lance Rafael Cruz,,Buffalo Invitational
Niagara,434,200 Im,2,1:49.97,Holden Brock,,Buffalo Invitational
Niagara,434,200 Im,3,1:50.03,Thomas Latimer,,Buffalo Invitational
Niagara,434,200 Im,4,1:50.31,Michael Levine,,Buffalo Invitational
Niagara,434,200 Im,5,1:51.78,Ethan Hunter,,Buffalo Invitational
Niagara,434,200 Im,6,1:52.24,Vilem Mikula,,Buffalo Invitational
Niagara,434,200 Im,7,1:57.00,Elliott Burgos,,Niagara v St Bonaventure
Niagara,434,200 Im,8,2:02.93,Owen Stoneburgh,,Niagara vs. Canisius
Niagara,434,200 Im,9,2:12.42,Logan Osterwise,,Niagara v CSU
Niagara,434,400 Im,1,3:56.60,Thomas Latimer,,Buffalo Invitational
Niagara,434,400 Im,2,4:02.25,Holden Brock,,Buffalo Invitational
Niagara,434,400 Im,3,4:02.99,Ethan Hunter,,Buffalo Invitational
Niagara,434,400 Im,4,4:04.64,Elliott Burgos,,Buffalo Invitational
Niagara,434,400 Im,5,4:07.00,Andrew Davis,,Buffalo Invitational
Niagara,434,50 Free,1,20.82,Vilem Mikula,,Buffalo Invitational
Niagara,434,50 Free,2,21.05,Jura Domanovac,,Buffalo Invitational
Niagara,434,50 Free,3,21.25,Will Manolitsas,,Buffalo Invitational
Niagara,434,50 Free,4,21.45,Holden Brock,,Niagara vs. Canisius
Niagara,434,50 Free,5,21.57,Alexander Subotich,,Buffalo Invitational
Niagara,434,50 Free,6,21.63,Nate Eaton,,Niagara vs. Canisius
Niagara,434,50 Free,7,21.70,Nelson Maier,,Buffalo Invitational
Niagara,434,50 Free,8,21.71,Jack Cavallerano,,Buffalo Invitational
Niagara,434,50 Free,9,21.87,Sam Dalinis,,Niagara vs. Canisius
Niagara,434,50 Free,10,22.04,Jacob Lauzonis,,Buffalo Invitational
Niagara,434,500 Free,1,4:35.25,James Coyne,,Buffalo Invitational
Niagara,434,500 Free,2,4:39.47,Jordan Grab,,Niagara v St Bonaventure
Niagara,434,500 Free,3,4:39.51,Andrew Davis,,Buffalo Invitational
Niagara,434,500 Free,4,4:41.77,Nate Eaton,,Buffalo Invitational
Niagara,434,500 Free,5,4:42.13,Sam Dalinis,,Buffalo Invitational
Niagara,434,500 Free,6,4:43.06,RJ Helt,,Buffalo Invitational
Niagara,434,500 Free,7,4:43.81,Elliott Burgos,,Buffalo Invitational
Niagara,434,500 Free,8,4:49.72,Logan Osterwise,,Buffalo Invitational
Northwestern,401,100 Back,1,44.64,Stuart Seymour,,Texas Hall of Fame Invitational
Northwestern,401,100 Back,2,46.38,David Gerchik,,Texas Hall of Fame Invitational
Northwestern,401,100 Back,3,46.45,Oli Kos,,Texas Hall of Fame Invitational
Northwestern,401,100 Back,4,46.86,Aaron Baltaytis,,Texas Hall of Fame Invitational
Northwestern,401,100 Back,5,50.61,Oliver Feng,,Northwestern vs Duke
Northwestern,401,100 Breast,1,51.83,Josh Staples,,Texas Hall of Fame Invitational
Northwestern,401,100 Breast,2,53.58,Tona Zinn,,Texas Hall of Fame Invitational
Northwestern,401,100 Breast,3,53.83,Matthew Lucky,,Texas Hall of Fame Invitational
Northwestern,401,100 Breast,4,53.93,George Groves,,Texas Hall of Fame Invitational
Northwestern,401,100 Breast,5,54.15,Jack Doyle,,Texas Hall of Fame Invitational
Northwestern,401,100 Breast,6,54.37,Chris Leung,,University of Chicago vs Northwestern
Northwestern,401,100 Breast,7,54.41,Stuart Seymour,,University of Chicago vs Northwestern
Northwestern,401,100 Fly,1,45.43,Stuart Seymour,,Texas Hall of Fame Invitational
Northwestern,401,100 Fly,2,46.06,Connor Schuster,,Texas Hall of Fame Invitational
Northwestern,401,100 Fly,3,46.80,Aaron Baltaytis,,Texas Hall of Fame Invitational
Northwestern,401,100 Fly,4,47.11,Oli Kos,,University of Chicago vs Northwestern
Northwestern,401,100 Fly,5,47.25,Tona Zinn,,Texas Hall of Fame Invitational
Northwestern,401,100 Fly,6,47.30,Chris Leung,,Texas Hall of Fame Invitational
Northwestern,401,100 Fly,7,47.37,Gal Shlegel,,Texas Hall of Fame Invitational
Northwestern,401,100 Fly,8,47.75,Diego Nosack,,"Northwestern vs. Miami (OH), Southern Illinois"
Northwestern,401,100 Fly,9,47.85,Langston Duncan,,Northwestern vs Wisconsin
Northwestern,401,100 Fly,10,48.92,Kyle Wang,,Texas Hall of Fame Invitational
Northwestern,401,100 Free,1,42.31,Cade Duncan,,Northwestern vs Wisconsin
Northwestern,401,100 Free,2,42.37,Stuart Seymour,,Texas Hall of Fame Invitational
Northwestern,401,100 Free,3,42.76,Connor Schuster,,Texas Hall of Fame Invitational
Northwestern,401,100 Free,4,43.23,Gal Shlegel,,Texas Hall of Fame Invitational
Northwestern,401,100 Free,5,43.79,Josh Staples,,Texas Hall of Fame Invitational
Northwestern,401,100 Free,6,43.87,Oli Kos,,Northwestern vs Duke
Northwestern,401,100 Free,7,44.47,Chris Leung,,Texas Hall of Fame Invitational
Northwestern,401,100 Free,8,44.74,Langston Duncan,,Texas Hall of Fame Invitational
Northwestern,401,100 Free,9,44.81,David Gerchik,,University of Chicago vs Northwestern
Northwestern,401,100 Free,10,44.92,Diego Nosack,,"Northwestern vs. Miami (OH), Southern Illinois"
Northwestern,401,1000 Free,1,8:58.35,Josh Staples,,"Michigan vs. Northwestern, UCLA"
Northwestern,401,1000 Free,2,9:11.25,Alexander Rousseau,,Texas Hall of Fame Invitational
Northwestern,401,1000 Free,3,9:20.28,Gip Crye,,"Michigan vs. Northwestern, UCLA"
Northwestern,401,1000 Free,4,9:20.95,Tristan Prizler,,University of Chicago vs Northwestern
Northwestern,401,1000 Free,5,9:21.90,David Vinokur,,Northwestern vs Duke
Northwestern,401,1650 Free,1,15:09.74,Alexander Rousseau,,Texas Hall of Fame Invitational
Northwestern,401,1650 Free,2,15:28.97,David Vinokur,,Texas Hall of Fame Invitational
Northwestern,401,1650 Free,3,15:29.16,Gip Crye,,Texas Hall of Fame Invitational
Northwestern,401,1650 Free,4,15:32.06,Tristan Prizler,,Northwestern vs Wisconsin
Northwestern,401,200 Back,1,1:40.53,David Gerchik,,Texas Hall of Fame Invitational
Northwestern,401,200 Back,2,1:41.79,Oli Kos,,Texas Hall of Fame Invitational
Northwestern,401,200 Back,3,1:43.82,Aaron Baltaytis,,Texas Hall of Fame Invitational
Northwestern,401,200 Back,4,1:43.95,Stuart Seymour,,University of Chicago vs Northwestern
Northwestern,401,200 Back,5,1:46.40,Gip Crye,,Texas Hall of Fame Invitational
Northwestern,401,200 Back,6,1:48.19,Jack Doyle,,University of Chicago vs Northwestern
Northwestern,401,200 Back,7,1:50.36,David Vinokur,,Notre Dame vs Northwestern
Northwestern,401,200 Breast,1,1:54.93,Josh Staples,,University of Chicago vs Northwestern
Northwestern,401,200 Breast,2,1:55.79,Tona Zinn,,Texas Hall of Fame Invitational
Northwestern,401,200 Breast,3,1:57.31,Jack Doyle,,Texas Hall of Fame Invitational
Northwestern,401,200 Breast,4,1:58.22,Matthew Lucky,,Texas Hall of Fame Invitational
Northwestern,401,200 Breast,5,1:58.97,George Groves,,Texas Hall of Fame Invitational
Northwestern,401,200 Breast,6,2:00.52,Chris Leung,,Texas Hall of Fame Invitational
Northwestern,401,200 Breast,7,2:05.65,Diego Nosack,,University of Chicago vs Northwestern
Northwestern,401,200 Fly,1,1:43.31,Diego Nosack,,Texas Hall of Fame Invitational
Northwestern,401,200 Fly,2,1:45.08,Oli Kos,,Northwestern vs Duke
Northwestern,401,200 Fly,3,1:45.28,Tona Zinn,,Texas Hall of Fame Invitational
Northwestern,401,200 Fly,4,1:46.55,Jack Doyle,,University of Chicago vs Northwestern
Northwestern,401,200 Fly,5,1:47.07,David Vinokur,,Texas Hall of Fame Invitational
Northwestern,401,200 Fly,6,1:48.07,Kyle Wang,,Texas Hall of Fame Invitational
Northwestern,401,200 Free,1,1:33.76,Josh Staples,,Texas Hall of Fame Invitational
Northwestern,401,200 Free,2,1:34.52,Oli Kos,,Texas Hall of Fame Invitational
Northwestern,401,200 Free,3,1:35.40,Stuart Seymour,,"Northwestern vs. Miami (OH), Southern Illinois"
Northwestern,401,200 Free,4,1:36.09,Connor Schuster,,Texas Hall of Fame Invitational
Northwestern,401,200 Free,5,1:36.90,Diego Nosack,,Northwestern vs Duke
Northwestern,401,200 Free,6,1:37.26,Chris Leung,,Northwestern vs Wisconsin
Northwestern,401,200 Free,7,1:37.70,Cade Duncan,,Northwestern vs Wisconsin
Northwestern,401,200 Free,8,1:38.47,David Vinokur,,Texas Hall of Fame Invitational
Northwestern,401,200 Free,9,1:38.67,Wiley Spinner,,Texas Hall of Fame Invitational
Northwestern,401,200 Free,10,1:39.09,Alexander Rousseau,,Texas Hall of Fame Invitational
Northwestern,401,200 Im,1,1:42.45,Josh Staples,,Texas Hall of Fame Invitational
Northwestern,401,200 Im,2,1:44.36,Jack Doyle,,Texas Hall of Fame Invitational
Northwestern,401,200 Im,3,1:47.01,Chris Leung,,Texas Hall of Fame Invitational
Northwestern,401,200 Im,4,1:47.33,Diego Nosack,,Northwestern vs Duke
Northwestern,401,200 Im,5,1:47.59,George Groves,,Texas Hall of Fame Invitational
Northwestern,401,200 Im,6,1:48.72,Matthew Lucky,,Texas Hall of Fame Invitational
Northwestern,401,200 Im,7,1:52.80,Tristan Prizler,,Texas Hall of Fame Invitational
Northwestern,401,200 Im,8,1:52.90,Gip Crye,,"Northwestern vs. Miami (OH), Southern Illinois"
Northwestern,401,400 Im,1,3:40.05,Josh Staples,,Texas Hall of Fame Invitational
Northwestern,401,400 Im,2,3:45.83,Diego Nosack,,Northwestern vs Wisconsin
Northwestern,401,400 Im,3,3:47.33,Jack Doyle,,Texas Hall of Fame Invitational
Northwestern,401,400 Im,4,3:53.01,Gip Crye,,Texas Hall of Fame Invitational
Northwestern,401,400 Im,5,3:56.65,Tristan Prizler,,Northwestern vs Wisconsin
Northwestern,401,50 Free,1,19.45,Stuart Seymour,,Texas Hall of Fame Invitational
Northwestern,401,50 Free,2,19.49,Connor Schuster,,Texas Hall of Fame Invitational
Northwestern,401,50 Free,3,19.99,Langston Duncan,,Northwestern vs Wisconsin
Northwestern,401,50 Free,4,20.10,Gal Shlegel,,Texas Hall of Fame Invitational
Northwestern,401,50 Free,5,20.11,Cade Duncan,,University of Chicago vs Northwestern
Northwestern,401,50 Free,6,20.13,David Gerchik,,Texas Hall of Fame Invitational
Northwestern,401,50 Free,7,20.44,Chris Leung,,Texas Hall of Fame Invitational
Northwestern,401,50 Free,8,20.44,Aaron Baltaytis,,Northwestern vs Wisconsin
Northwestern,401,50 Free,9,20.47,Oliver Feng,,Northwestern vs Wisconsin
Northwestern,401,50 Free,10,20.68,Kyle Wang,,Texas Hall of Fame Invitational
Northwestern,401,500 Free,1,4:15.03,Josh Staples,,Texas Hall of Fame Invitational
Northwestern,401,500 Free,2,4:20.71,Diego Nosack,,Texas Hall of Fame Invitational
Northwestern,401,500 Free,3,4:23.15,Alexander Rousseau,,Texas Hall of Fame Invitational
Northwestern,401,500 Free,4,4:26.11,David Vinokur,,Texas Hall of Fame Invitational
Northwestern,401,500 Free,5,4:28.39,Gip Crye,,Texas Hall of Fame Invitational
Northwestern,401,500 Free,6,4:29.03,Wiley Spinner,,Texas Hall of Fame Invitational
Northwestern,401,500 Free,7,4:36.10,Tristan Prizler,,Northwestern vs Duke
Oakland,21,100 Back,1,47.05,Ajjuub Ezzat,,Oakland vs. Denison vs. Miami-OH
Oakland,21,100 Back,2,47.68,Harry Nicholson,,Golden Grizzly Classic
Oakland,21,100 Back,3,47.73,Max Haney,,Oakland vs. Denison vs. Miami-OH
Oakland,21,100 Back,4,48.10,Eli Stoll,,Golden Grizzly Classic
Oakland,21,100 Back,5,48.83,Cooper Dillman,,Golden Grizzly Classic
Oakland,21,100 Back,6,49.02,Andrew Gelston,,Oakland vs. Denison vs. Miami-OH
Oakland,21,100 Back,7,51.13,Caleb Rohacs,,Golden Grizzly Classic
Oakland,21,100 Back,8,51.20,Archer Jankoviak,,Golden Grizzly Classic
Oakland,21,100 Back,9,52.02,James Hart,,Golden Grizzly Classic
Oakland,21,100 Back,10,52.10,Victor Teeters,,Golden Grizzly Classic
Oakland,21,100 Breast,1,52.70,Christopher Palvadre,,Oakland v Purdue v Cincinnati
Oakland,21,100 Breast,2,53.59,Alex Lakin,,Golden Grizzly Classic
Oakland,21,100 Breast,3,54.42,Trevor Boodt,,Oakland vs. Denison vs. Miami-OH
Oakland,21,100 Breast,4,56.07,Carson Ricker,,Oakland v Purdue v Cincinnati
Oakland,21,100 Fly,1,47.42,Micah Scheffer,,Golden Grizzly Classic
Oakland,21,100 Fly,2,47.77,Max Haney,,Golden Grizzly Classic
Oakland,21,100 Fly,3,47.93,Caleb Rohacs,,Golden Grizzly Classic
Oakland,21,100 Fly,4,48.06,Charles Brown,,Golden Grizzly Classic
Oakland,21,100 Fly,5,48.22,Ike Martinez,,Golden Grizzly Classic
Oakland,21,100 Fly,6,48.41,Archer Jankoviak,,Youngstown St vs. Oakland
Oakland,21,100 Fly,7,49.42,Eli Stoll,,Oakland v Purdue v Cincinnati
Oakland,21,100 Fly,8,50.02,James Hart,,Golden Grizzly Classic
Oakland,21,100 Fly,9,51.87,Andrew Gelston,,Golden Grizzly Classic
Oakland,21,100 Fly,10,52.56,Kevin Liu,,Golden Grizzly Classic
Oakland,21,100 Free,1,43.50,Charles Brown,,Golden Grizzly Classic
Oakland,21,100 Free,2,43.87,Harry Nicholson,,Golden Grizzly Classic
Oakland,21,100 Free,3,44.34,Joey Countryman,,Golden Grizzly Classic
Oakland,21,100 Free,4,44.35,Micah Scheffer,,Golden Grizzly Classic
Oakland,21,100 Free,5,44.59,Christopher Palvadre,,Oakland vs. Denison vs. Miami-OH
Oakland,21,100 Free,6,44.65,Max Haney,,Golden Grizzly Classic
Oakland,21,100 Free,7,45.17,Caleb Rohacs,,Oakland vs. Denison vs. Miami-OH
Oakland,21,100 Free,8,45.53,Nicholas Karel Subagyo,,Oakland vs. Denison vs. Miami-OH
Oakland,21,100 Free,9,46.05,Hill Harchelroad,,Oakland vs. Denison vs. Miami-OH
Oakland,21,100 Free,10,47.22,Kevin Liu,,Golden Grizzly Classic
Oakland,21,1000 Free,1,9:15.56,Ike Martinez,,Oakland vs. Denison vs. Miami-OH
Oakland,21,1000 Free,2,9:16.81,Nicholas Karel Subagyo,,Oakland v Purdue v Cincinnati
Oakland,21,1000 Free,3,9:18.71,Cooper Dillman,,Oakland vs. Denison vs. Miami-OH
Oakland,21,1000 Free,4,9:26.43,Victor Teeters,,Oakland vs. Denison vs. Miami-OH
Oakland,21,1000 Free,5,9:46.67,Sean Diffenderfer,,Oakland vs. Denison vs. Miami-OH
Oakland,21,1650 Free,1,15:36.80,Cooper Dillman,,Golden Grizzly Classic
Oakland,21,1650 Free,2,15:47.55,Nicholas Karel Subagyo,,Youngstown St vs. Oakland - Friday
Oakland,21,1650 Free,3,15:47.93,Victor Teeters,,Golden Grizzly Classic
Oakland,21,1650 Free,4,16:20.86,Sean Diffenderfer,,Golden Grizzly Classic
Oakland,21,200 Back,1,1:43.16,Max Haney,,Golden Grizzly Classic
Oakland,21,200 Back,2,1:44.79,Harry Nicholson,,Golden Grizzly Classic
Oakland,21,200 Back,3,1:45.80,Ajjuub Ezzat,,Oakland vs. Denison vs. Miami-OH
Oakland,21,200 Back,4,1:46.63,Eli Stoll,,Golden Grizzly Classic
Oakland,21,200 Back,5,1:46.71,Andrew Gelston,,Golden Grizzly Classic
Oakland,21,200 Back,6,1:50.90,Victor Teeters,,Golden Grizzly Classic
Oakland,21,200 Breast,1,1:56.77,Christopher Palvadre,,Oakland v Purdue v Cincinnati
Oakland,21,200 Breast,2,2:00.28,Alex Lakin,,Golden Grizzly Classic
Oakland,21,200 Breast,3,2:00.82,Carson Ricker,,Golden Grizzly Classic
Oakland,21,200 Breast,4,2:02.15,Trevor Boodt,,Oakland vs. Denison vs. Miami-OH
Oakland,21,200 Fly,1,1:47.33,Ike Martinez,,Golden Grizzly Classic
Oakland,21,200 Fly,2,1:48.43,Eli Stoll,,Golden Grizzly Classic
Oakland,21,200 Fly,3,1:48.79,Andrew Gelston,,Golden Grizzly Classic
Oakland,21,200 Fly,4,1:50.52,Hill Harchelroad,,Golden Grizzly Classic
Oakland,21,200 Fly,5,1:50.71,Max Haney,,Oakland v Purdue v Cincinnati
Oakland,21,200 Fly,6,1:50.98,Cooper Dillman,,Golden Grizzly Classic
Oakland,21,200 Fly,7,1:51.11,James Hart,,Golden Grizzly Classic
Oakland,21,200 Fly,8,1:52.06,Archer Jankoviak,,Oakland vs. Denison vs. Miami-OH
Oakland,21,200 Free,1,1:35.42,Nicholas Karel Subagyo,,Oakland v Purdue v Cincinnati
Oakland,21,200 Free,2,1:36.42,Joey Countryman,,Golden Grizzly Classic
Oakland,21,200 Free,3,1:37.43,Harry Nicholson,,Golden Grizzly Classic
Oakland,21,200 Free,4,1:38.20,Carson Ricker,,Golden Grizzly Classic
Oakland,21,200 Free,5,1:38.49,Ike Martinez,,Golden Grizzly Classic
Oakland,21,200 Free,6,1:39.10,Hill Harchelroad,,Oakland vs. Denison vs. Miami-OH
Oakland,21,200 Free,7,1:40.86,Charles Brown,,Golden Grizzly Classic
Oakland,21,200 Free,8,1:41.90,Max Haney,,Youngstown St vs. Oakland - Friday
Oakland,21,200 Free,9,1:44.18,Sean Diffenderfer,,Oakland vs. Denison vs. Miami-OH
Oakland,21,200 Im,1,1:46.45,Max Haney,,Golden Grizzly Classic
Oakland,21,200 Im,2,1:48.85,Carson Ricker,,Golden Grizzly Classic
Oakland,21,200 Im,3,1:49.16,Eli Stoll,,Golden Grizzly Classic
Oakland,21,200 Im,4,1:52.07,Alex Lakin,,Oakland vs. Denison vs. Miami-OH
Oakland,21,200 Im,5,1:52.75,Trevor Boodt,,Oakland vs. Denison vs. Miami-OH
Oakland,21,200 Im,6,1:55.47,Ajjuub Ezzat,,Youngstown St vs. Oakland - Friday
Oakland,21,200 Im,7,1:57.64,Caleb Rohacs,,Oakland v Purdue v Cincinnati
Oakland,21,200 Im,8,2:00.86,Victor Teeters,,Youngstown St vs. Oakland - Friday
Oakland,21,400 Im,1,3:53.72,Cooper Dillman,,Golden Grizzly Classic
Oakland,21,400 Im,2,3:58.35,Carson Ricker,,Golden Grizzly Classic
Oakland,21,400 Im,3,3:58.45,Andrew Gelston,,Oakland vs. Denison vs. Miami-OH
Oakland,21,400 Im,4,3:59.78,Victor Teeters,,Golden Grizzly Classic
Oakland,21,50 Free,1,19.77,Charles Brown,,Golden Grizzly Classic
Oakland,21,50 Free,2,19.84,Micah Scheffer,,Golden Grizzly Classic
Oakland,21,50 Free,3,20.22,Harry Nicholson,,Golden Grizzly Classic
Oakland,21,50 Free,4,20.28,Ajjuub Ezzat,,Oakland vs. Denison vs. Miami-OH
Oakland,21,50 Free,5,20.33,Caleb Rohacs,,Golden Grizzly Classic
Oakland,21,50 Free,6,20.67,Christopher Palvadre,,Oakland vs. Denison vs. Miami-OH
Oakland,21,50 Free,7,20.71,Joey Countryman,,Oakland vs. Denison vs. Miami-OH
Oakland,21,50 Free,8,21.13,Carson Ricker,,Golden Grizzly Classic
Oakland,21,50 Free,9,21.22,Max Haney,,Golden Grizzly Classic
Oakland,21,50 Free,10,21.27,Archer Jankoviak,,Oakland v Purdue v Cincinnati
Oakland,21,500 Free,1,4:25.38,Nicholas Karel Subagyo,,Oakland vs. Denison vs. Miami-OH
Oakland,21,500 Free,2,4:25.74,Ike Martinez,,Golden Grizzly Classic
Oakland,21,500 Free,3,4:28.20,Victor Teeters,,Golden Grizzly Classic
Oakland,21,500 Free,4,4:30.44,Cooper Dillman,,Golden Grizzly Classic
Oakland,21,500 Free,5,4:32.11,Andrew Gelston,,Golden Grizzly Classic
Oakland,21,500 Free,6,4:32.98,Hill Harchelroad,,Oakland vs. Denison vs. Miami-OH
Oakland,21,500 Free,7,4:36.83,Joey Countryman,,Golden Grizzly Classic
Oakland,21,500 Free,8,4:39.87,Sean Diffenderfer,,Oakland vs. Denison vs. Miami-OH
Ohio State,393,100 Back,1,45.99,Cornelius Jahn,,Ohio State vs. Michigan
Ohio State,393,100 Back,2,46.70,Joseph Roth,,Ohio State invitational
Ohio State,393,100 Back,3,47.53,Krys Gorski,,Ohio State invitational
Ohio State,393,100 Back,4,47.86,Rayburn Kohl,,Ohio State invitational
Ohio State,393,100 Back,5,47.91,Cooper Burt,,Ohio State invitational
Ohio State,393,100 Back,6,48.38,Mason Francis,,Ohio State invitational
Ohio State,393,100 Back,7,49.19,Austin Hickok,,Ohio State invitational
Ohio State,393,100 Breast,1,52.10,Ahmed Ismail,,Ohio State invitational
Ohio State,393,100 Breast,2,52.99,Tristan Jankovics,,Ohio State vs. Michigan
Ohio State,393,100 Breast,3,53.69,Luke Vickers,,Ohio State invitational
Ohio State,393,100 Breast,4,54.64,Mason Francis,,Ohio State invitational
Ohio State,393,100 Fly,1,44.81,Matthew Klinge,,Ohio State invitational
Ohio State,393,100 Fly,2,46.55,Evan Fentress,,Ohio State invitational
Ohio State,393,100 Fly,3,47.16,Cornelius Jahn,,Ohio State invitational
Ohio State,393,100 Fly,4,47.85,Ethan Reniewicki,,Ohio State invitational
Ohio State,393,100 Fly,5,48.30,Joseph Roth,,Ohio State invitational
Ohio State,393,100 Fly,6,48.56,Rayburn Kohl,,Ohio State invitational
Ohio State,393,100 Fly,7,48.68,Austin Hickok,,Ohio State vs. Michigan
Ohio State,393,100 Fly,8,49.18,Cooper Burt,,Ohio State invitational
Ohio State,393,100 Fly,9,50.05,Tristan Jankovics,,Ohio State invitational
Ohio State,393,100 Fly,10,50.41,Mason Edmund,,Ohio State invitational
Ohio State,393,100 Free,1,42.45,Ahmed Ismail,,Ohio State invitational
Ohio State,393,100 Free,2,42.59,Tomas Navikonis,,Ohio State invitational
Ohio State,393,100 Free,3,42.93,Matthew Klinge,,Ohio State invitational
Ohio State,393,100 Free,4,43.63,Rasmus Hanson,,Ohio State invitational
Ohio State,393,100 Free,5,44.14,Ethan Reniewicki,,Ohio State invitational
Ohio State,393,100 Free,6,44.15,Cornelius Jahn,,NC State Raleigh Rumble
Ohio State,393,100 Free,7,44.19,Evan Fentress,,Ohio State invitational
Ohio State,393,100 Free,8,44.25,Jack Schuster,,Ohio State vs. Michigan
Ohio State,393,100 Free,9,44.79,Rayburn Kohl,,Ohio State invitational
Ohio State,393,100 Free,10,45.13,Mason Francis,,Ohio State invitational
Ohio State,393,1000 Free,1,8:58.98,Mason Edmund,,Ohio State vs. Michigan
Ohio State,393,1000 Free,2,9:00.83,Isaac Fleig,,Ohio State vs. Michigan
Ohio State,393,1000 Free,3,9:11.93,TJ Frost,,Ohio State vs. Michigan
Ohio State,393,1000 Free,4,9:15.84,Gherman Prudnikau,,Ohio State vs. Michigan
Ohio State,393,1000 Free,5,9:18.14,Alexander Axon,,Ohio State invitational
Ohio State,393,1000 Free,6,9:52.51,Austin Hickok,,NC State Raleigh Rumble
Ohio State,393,1650 Free,1,14:55.97,Mason Edmund,,Ohio State invitational
Ohio State,393,1650 Free,2,15:02.44,Isaac Fleig,,Ohio State invitational
Ohio State,393,1650 Free,3,15:19.17,Gherman Prudnikau,,Ohio State invitational
Ohio State,393,1650 Free,4,15:27.90,Alexander Axon,,Ohio State invitational
Ohio State,393,1650 Free,5,15:31.29,TJ Frost,,Ohio State invitational
Ohio State,393,200 Back,1,1:41.52,Cornelius Jahn,,Ohio State invitational
Ohio State,393,200 Back,2,1:42.59,Krys Gorski,,Ohio State invitational
Ohio State,393,200 Back,3,1:43.62,Joseph Roth,,Ohio State vs. Michigan
Ohio State,393,200 Back,4,1:45.03,Rayburn Kohl,,Ohio State invitational
Ohio State,393,200 Back,5,1:46.44,Cooper Burt,,Ohio State invitational
Ohio State,393,200 Back,6,1:49.61,Austin Hickok,,Ohio State invitational
Ohio State,393,200 Breast,1,1:54.24,Tristan Jankovics,,Ohio State vs. Michigan
Ohio State,393,200 Breast,2,1:55.82,Ahmed Ismail,,Ohio State invitational
Ohio State,393,200 Breast,3,1:57.38,Luke Vickers,,Ohio State invitational
Ohio State,393,200 Breast,4,2:01.20,TJ Frost,,Ohio State vs. Michigan
Ohio State,393,200 Fly,1,1:44.73,Jordi Vilchez,,Ohio State invitational
Ohio State,393,200 Fly,2,1:45.52,Mason Edmund,,NC State Raleigh Rumble
Ohio State,393,200 Fly,3,1:48.31,Evan Fentress,,NC State Raleigh Rumble
Ohio State,393,200 Fly,4,1:49.33,Gherman Prudnikau,,Ohio State vs. Michigan
Ohio State,393,200 Free,1,1:31.60,Tomas Navikonis,,Ohio State invitational
Ohio State,393,200 Free,2,1:33.22,Cornelius Jahn,,Ohio State invitational
Ohio State,393,200 Free,3,1:34.36,Jordi Vilchez,,Ohio State invitational
Ohio State,393,200 Free,4,1:35.00,Alexander Axon,,Ohio State invitational
Ohio State,393,200 Free,5,1:36.03,Rasmus Hanson,,Ohio State invitational
Ohio State,393,200 Free,6,1:36.95,Rayburn Kohl,,Ohio State invitational
Ohio State,393,200 Free,7,1:37.03,Tristan Jankovics,,World Aquatics World Cup - Carmel
Ohio State,393,200 Free,8,1:37.59,Krys Gorski,,Ohio State invitational
Ohio State,393,200 Free,9,1:37.83,Austin Hickok,,Ohio State vs. Michigan
Ohio State,393,200 Free,10,1:38.53,Ethan Reniewicki,,Ohio State invitational
Ohio State,393,200 Im,1,1:43.43,Tristan Jankovics,,Ohio State invitational
Ohio State,393,200 Im,2,1:46.45,TJ Frost,,Ohio State vs. Michigan
Ohio State,393,200 Im,3,1:50.89,Luke Vickers,,Ohio State invitational
Ohio State,393,200 Im,4,1:54.41,Krys Gorski,,NC State Raleigh Rumble
Ohio State,393,400 Im,1,3:38.91,Tristan Jankovics,,Ohio State invitational
Ohio State,393,400 Im,2,3:44.52,Mason Edmund,,Ohio State invitational
Ohio State,393,400 Im,3,3:47.42,TJ Frost,,Ohio State invitational
Ohio State,393,400 Im,4,3:49.92,Jordi Vilchez,,NC State Raleigh Rumble
Ohio State,393,400 Im,5,3:53.93,Isaac Fleig,,Ohio State invitational
Ohio State,393,50 Free,1,18.86,Matthew Klinge,,Ohio State vs. Michigan
Ohio State,393,50 Free,2,19.50,Ahmed Ismail,,Ohio State invitational
Ohio State,393,50 Free,3,19.70,Ethan Reniewicki,,Ohio State invitational
Ohio State,393,50 Free,4,19.74,Rasmus Hanson,,Ohio State invitational
Ohio State,393,50 Free,5,19.79,Tomas Navikonis,,Ohio State invitational
Ohio State,393,50 Free,6,19.93,Evan Fentress,,Ohio State vs. Michigan
Ohio State,393,50 Free,7,20.01,Jack Schuster,,Ohio State vs. Michigan
Ohio State,393,50 Free,8,20.15,Mason Francis,,Ohio State invitational
Ohio State,393,50 Free,9,20.37,Joseph Roth,,Ohio State invitational
Ohio State,393,50 Free,10,21.48,Rayburn Kohl,,Ohio State invitational
Ohio State,393,500 Free,1,4:11.79,Jordi Vilchez,,Ohio State invitational
Ohio State,393,500 Free,2,4:16.82,Alexander Axon,,Ohio State invitational
Ohio State,393,500 Free,3,4:17.89,Mason Edmund,,Ohio State invitational
Ohio State,393,500 Free,4,4:19.96,Tomas Navikonis,,Ohio State invitational
Ohio State,393,500 Free,5,4:21.49,TJ Frost,,Ohio State invitational
Ohio State,393,500 Free,6,4:22.42,Isaac Fleig,,Ohio State invitational
Ohio State,393,500 Free,7,4:25.87,Gherman Prudnikau,,Ohio State invitational
Old Dominion,410,100 Back,1,50.05,Jordan Davis,,Navy Fall Invitational
Old Dominion,410,100 Back,2,51.04,Lucas Abd,,Navy Fall Invitational
Old Dominion,410,100 Back,3,51.61,Bryce Mortimer,,ODU vs George Mason
Old Dominion,410,100 Back,4,51.88,Nick Chierico,,Navy Fall Invitational
Old Dominion,410,100 Back,5,52.63,Zach Redding,,FAU Fun Invite
Old Dominion,410,100 Back,6,52.99,Sean Lingafelt,,Navy Fall Invitational
Old Dominion,410,100 Back,7,57.08,Bryant Julian,,FAU Fun Invite
Old Dominion,410,100 Breast,1,54.55,Bryce Mortimer,,Navy Fall Invitational
Old Dominion,410,100 Breast,2,54.80,Toni Sallaku,,Navy Fall Invitational
Old Dominion,410,100 Breast,3,55.22,Dawson Truong,,Navy Fall Invitational
Old Dominion,410,100 Breast,4,57.67,Michael Marotta,,Navy Fall Invitational
Old Dominion,410,100 Breast,5,58.83,Bryant Julian,,Navy Fall Invitational
Old Dominion,410,100 Breast,6,59.48,Marcus Schwartz,,Old Dominion vs. Gardner-Webb
Old Dominion,410,100 Breast,7,1:00.12,Drew Vanden Heuvel,,Navy Fall Invitational
Old Dominion,410,100 Breast,8,1:00.75,Robby Young,,Navy Fall Invitational
Old Dominion,410,100 Breast,9,1:00.89,Ben Schattenber,,FAU Fun Invite
Old Dominion,410,100 Breast,10,1:01.94,Lucas Abd,,FAU Fun Invite
Old Dominion,410,100 Fly,1,46.47,Zach Redding,,Navy Fall Invitational
Old Dominion,410,100 Fly,2,48.85,Dawson Truong,,Navy Fall Invitational
Old Dominion,410,100 Fly,3,48.99,Jordan Davis,,Navy Fall Invitational
Old Dominion,410,100 Fly,4,50.26,Nick Chierico,,Navy Fall Invitational
Old Dominion,410,100 Fly,5,50.63,Brice Bounds,,Navy Fall Invitational
Old Dominion,410,100 Fly,6,51.74,Bryce Mortimer,,FAU Fun Invite
Old Dominion,410,100 Fly,7,51.83,Zane Nall,,Navy Fall Invitational
Old Dominion,410,100 Fly,8,53.35,Michael Marotta,,Navy Fall Invitational
Old Dominion,410,100 Fly,9,53.58,Jordan Smolsky,,ODU vs George Mason
Old Dominion,410,100 Fly,10,53.77,Sean Lingafelt,,FAU Fun Invite
Old Dominion,410,100 Free,1,42.52,Zach Redding,,Navy Fall Invitational
Old Dominion,410,100 Free,2,45.26,Robby Young,,Navy Fall Invitational
Old Dominion,410,100 Free,3,45.51,Jordan Smolsky,,Navy Fall Invitational
Old Dominion,410,100 Free,4,45.61,Dawson Truong,,Navy Fall Invitational
Old Dominion,410,100 Free,5,46.10,Jordan Davis,,Old Dominion vs. Gardner-Webb
Old Dominion,410,100 Free,6,46.39,Brice Bounds,,Navy Fall Invitational
Old Dominion,410,100 Free,7,46.50,Nick Chierico,,Navy Fall Invitational
Old Dominion,410,100 Free,8,46.54,Grey Bremer,,Navy Fall Invitational
Old Dominion,410,100 Free,9,47.06,Ben Schattenber,,WM Quad Meet
Old Dominion,410,100 Free,10,47.48,Nick Martin,,WM Quad Meet
Old Dominion,410,1000 Free,1,9:39.33,Grey Bremer,,Navy Fall Invitational
Old Dominion,410,1000 Free,2,9:42.05,Ian Noffsinger,,Navy Fall Invitational
Old Dominion,410,1000 Free,3,9:47.30,Evan Vinarov,,Navy Fall Invitational
Old Dominion,410,1000 Free,4,9:59.81,Nick Martin,,Delaware vs Old Dominion
Old Dominion,410,1000 Free,5,9:59.88,Cooper Beebe,,Old Dominion vs. Gardner-Webb
Old Dominion,410,1000 Free,6,10:33.83,Bryant Julian,,Davidson vs. Old Dominion
Old Dominion,410,1650 Free,1,15:50.72,Grey Bremer,,Navy Fall Invitational
Old Dominion,410,1650 Free,2,16:05.85,Ian Noffsinger,,Navy Fall Invitational
Old Dominion,410,1650 Free,3,16:19.17,Evan Vinarov,,Navy Fall Invitational
Old Dominion,410,1650 Free,4,16:41.20,Cooper Beebe,,Old Dominion vs. Gardner-Webb
Old Dominion,410,200 Back,1,1:50.31,Lucas Abd,,Navy Fall Invitational
Old Dominion,410,200 Back,2,1:52.75,Sean Lingafelt,,Navy Fall Invitational
Old Dominion,410,200 Back,3,1:54.78,Ben Schattenber,,WM Quad Meet
Old Dominion,410,200 Back,4,1:55.75,Jordan Davis,,Navy Fall Invitational
Old Dominion,410,200 Back,5,1:57.81,Ian Noffsinger,,Navy Fall Invitational
Old Dominion,410,200 Back,6,1:59.87,Nick Chierico,,Old Dominion vs. Gardner-Webb
Old Dominion,410,200 Back,7,2:04.84,Zane Nall,,Delaware vs Old Dominion
Old Dominion,410,200 Back,8,2:08.57,Marcus Schwartz,,Davidson vs. Old Dominion
Old Dominion,410,200 Breast,1,1:57.98,Bryce Mortimer,,Navy Fall Invitational
Old Dominion,410,200 Breast,2,1:59.29,Toni Sallaku,,Navy Fall Invitational
Old Dominion,410,200 Breast,3,2:05.38,Bryant Julian,,Navy Fall Invitational
Old Dominion,410,200 Breast,4,2:05.55,Michael Marotta,,Navy Fall Invitational
Old Dominion,410,200 Breast,5,2:17.48,Marcus Schwartz,,Old Dominion vs. Gardner-Webb
Old Dominion,410,200 Breast,6,2:27.24,Cooper Beebe,,Davidson vs. Old Dominion
Old Dominion,410,200 Fly,1,1:51.73,Lucas Abd,,Navy Fall Invitational
Old Dominion,410,200 Fly,2,1:52.36,Zane Nall,,Navy Fall Invitational
Old Dominion,410,200 Fly,3,1:53.73,Evan Vinarov,,Navy Fall Invitational
Old Dominion,410,200 Fly,4,1:54.63,Sean Lingafelt,,Navy Fall Invitational
Old Dominion,410,200 Fly,5,1:57.68,Xander Schreck,,Old Dominion vs. Gardner-Webb
Old Dominion,410,200 Fly,6,2:02.56,Nick Chierico,,Navy Fall Invitational
Old Dominion,410,200 Free,1,1:34.93,Zach Redding,,Navy Fall Invitational
Old Dominion,410,200 Free,2,1:39.26,Robby Young,,Navy Fall Invitational
Old Dominion,410,200 Free,3,1:39.92,Grey Bremer,,Navy Fall Invitational
Old Dominion,410,200 Free,4,1:40.44,Nick Martin,,Old Dominion vs. Gardner-Webb
Old Dominion,410,200 Free,5,1:41.81,Evan Vinarov,,Navy Fall Invitational
Old Dominion,410,200 Free,6,1:42.86,Ian Noffsinger,,Navy Fall Invitational
Old Dominion,410,200 Free,7,1:43.89,Ben Schattenber,,WM Quad Meet
Old Dominion,410,200 Free,8,1:44.95,Zane Nall,,Old Dominion vs. Gardner-Webb
Old Dominion,410,200 Free,9,1:45.16,Bryant Julian,,Old Dominion vs. Gardner-Webb
Old Dominion,410,200 Free,10,1:45.83,Ethan Reiser,,Navy Fall Invitational
Old Dominion,410,200 Im,1,1:49.13,Bryce Mortimer,,Navy Fall Invitational
Old Dominion,410,200 Im,2,1:50.79,Lucas Abd,,Navy Fall Invitational
Old Dominion,410,200 Im,3,1:53.32,Bryant Julian,,Navy Fall Invitational
Old Dominion,410,200 Im,4,1:55.46,Sean Lingafelt,,Navy Fall Invitational
Old Dominion,410,200 Im,5,1:58.49,Grey Bremer,,Old Dominion vs. Gardner-Webb
Old Dominion,410,200 Im,6,1:58.97,Toni Sallaku,,Navy Fall Invitational
Old Dominion,410,200 Im,7,2:01.22,Cooper Beebe,,Old Dominion vs. Gardner-Webb
Old Dominion,410,200 Im,8,2:02.71,Zane Nall,,ODU vs George Mason
Old Dominion,410,200 Im,9,2:04.90,Marcus Schwartz,,Old Dominion vs. Gardner-Webb
Old Dominion,410,200 Im,10,2:11.26,Michael Marotta,,WM Quad Meet
Old Dominion,410,400 Im,1,3:57.91,Lucas Abd,,Navy Fall Invitational
Old Dominion,410,400 Im,2,4:01.85,Bryant Julian,,Navy Fall Invitational
Old Dominion,410,400 Im,3,4:06.36,Zane Nall,,Navy Fall Invitational
Old Dominion,410,400 Im,4,4:07.78,Sean Lingafelt,,Navy Fall Invitational
Old Dominion,410,50 Free,1,19.73,Zach Redding,,Navy Fall Invitational
Old Dominion,410,50 Free,2,20.77,Robby Young,,Navy Fall Invitational
Old Dominion,410,50 Free,3,20.99,Dawson Truong,,Navy Fall Invitational
Old Dominion,410,50 Free,4,21.13,Nick Chierico,,Navy Fall Invitational
Old Dominion,410,50 Free,5,21.14,Jordan Davis,,Navy Fall Invitational
Old Dominion,410,50 Free,6,21.19,Jordan Smolsky,,Navy Fall Invitational
Old Dominion,410,50 Free,7,21.59,Ben Schattenber,,WM Quad Meet
Old Dominion,410,50 Free,8,21.62,Brice Bounds,,Navy Fall Invitational
Old Dominion,410,50 Free,9,21.62,Bryce Mortimer,,Navy Fall Invitational
Old Dominion,410,50 Free,10,22.05,Grey Bremer,,FAU Fun Invite
Old Dominion,410,500 Free,1,4:28.39,Grey Bremer,,Navy Fall Invitational
Old Dominion,410,500 Free,2,4:34.40,Evan Vinarov,,Navy Fall Invitational
Old Dominion,410,500 Free,3,4:35.99,Ian Noffsinger,,Navy Fall Invitational
Old Dominion,410,500 Free,4,4:38.54,Bryant Julian,,Navy Fall Invitational
Old Dominion,410,500 Free,5,4:40.01,Zane Nall,,Navy Fall Invitational
Old Dominion,410,500 Free,6,4:41.20,Nick Martin,,Old Dominion vs. Gardner-Webb
Old Dominion,410,500 Free,7,4:46.14,Cooper Beebe,,Old Dominion vs. Gardner-Webb
Old Dominion,410,500 Free,8,4:56.61,Xander Schreck,,Old Dominion vs. Gardner-Webb
Penn State,82,100 Back,1,45.37,Cooper Morley,,Ohio State invitational
Penn State,82,100 Back,2,45.72,Matthew Bittner,,Penn State vs. Yale
Penn State,82,100 Back,3,48.73,Jake Kennedy,,Ohio State invitational
Penn State,82,100 Back,4,49.95,Teddy Blake,,Ohio State invitational
Penn State,82,100 Back,5,50.04,Ian Combs,,Virginia vs. Penn State
Penn State,82,100 Breast,1,50.96,Mariano Lazzerini,,Ohio State invitational
Penn State,82,100 Breast,2,52.90,Vicente Villanueva,,Ohio State invitational
Penn State,82,100 Breast,3,54.50,Toni Slavica,,Ohio State invitational
Penn State,82,100 Breast,4,54.91,Ben Kutufaris,,Ohio State invitational
Penn State,82,100 Fly,1,45.45,Matthew Bittner,,Ohio State invitational
Penn State,82,100 Fly,2,45.62,Cooper Morley,,Ohio State invitational
Penn State,82,100 Fly,3,48.07,Alexander Karahalis,,Penn State vs. Yale
Penn State,82,100 Fly,4,48.20,Tylor Kim,,Ohio State invitational
Penn State,82,100 Fly,5,49.70,Vicente Villanueva,,Penn State vs. St. Bonaventure
Penn State,82,100 Fly,6,51.55,Erik Bolang,,Penn State vs. St. Bonaventure
Penn State,82,100 Fly,7,52.37,Andrew Christensen,,Ohio State invitational
Penn State,82,100 Fly,8,52.50,Ian Combs,,Ohio State invitational
Penn State,82,100 Fly,9,54.00,Cameron Petitt,,Ohio State invitational
Penn State,82,100 Free,1,42.94,Tylor Kim,,Virginia vs. Penn State
Penn State,82,100 Free,2,43.79,Rylan Anselm,,Army vs. Penn State
Penn State,82,100 Free,3,44.35,Toni Slavica,,Ohio State invitational
Penn State,82,100 Free,4,44.38,Jake Kennedy,,Ohio State invitational
Penn State,82,100 Free,5,44.56,Eduardo Cisternas,,Army vs. Penn State
Penn State,82,100 Free,6,44.66,Cooper Morley,,Penn State vs. Pitt
Penn State,82,100 Free,7,44.69,Mariano Lazzerini,,Penn State vs. St. Bonaventure
Penn State,82,100 Free,8,45.56,Ben Kutufaris,,Ohio State invitational
Penn State,82,100 Free,9,45.67,Ryan McNutt,,Ohio State invitational
Penn State,82,100 Free,10,47.27,Cameron Petitt,,Penn State vs. Pitt
Penn State,82,1000 Free,1,9:07.06,Eduardo Cisternas,,Penn State vs. Pitt
Penn State,82,1000 Free,2,9:19.67,Jack Clancy,,Army vs. Penn State
Penn State,82,1000 Free,3,9:26.74,Cameron Petitt,,Penn State vs. Pitt
Penn State,82,1000 Free,4,9:28.05,Rylan Anselm,,Ohio State invitational
Penn State,82,1000 Free,5,9:35.63,Andrew Christensen,,Penn State vs. St. Bonaventure
Penn State,82,1650 Free,1,15:23.21,Eduardo Cisternas,,Ohio State invitational
Penn State,82,1650 Free,2,15:32.83,Rylan Anselm,,Ohio State invitational
Penn State,82,1650 Free,3,15:42.68,Cameron Petitt,,Ohio State invitational
Penn State,82,1650 Free,4,15:53.93,Jack Clancy,,Ohio State invitational
Penn State,82,200 Back,1,1:40.18,Cooper Morley,,Ohio State invitational
Penn State,82,200 Back,2,1:47.80,Teddy Blake,,Ohio State invitational
Penn State,82,200 Back,3,1:47.87,Ian Combs,,Virginia vs. Penn State
Penn State,82,200 Breast,1,1:50.93,Mariano Lazzerini,,Ohio State invitational
Penn State,82,200 Breast,2,1:54.69,Vicente Villanueva,,Ohio State invitational
Penn State,82,200 Breast,3,2:04.70,Ben Kutufaris,,Ohio State invitational
Penn State,82,200 Fly,1,1:47.46,Alexander Karahalis,,Penn State vs. St. Bonaventure
Penn State,82,200 Fly,2,1:48.81,Andrew Christensen,,Ohio State invitational
Penn State,82,200 Fly,3,1:49.24,Jack Clancy,,Ohio State invitational
Penn State,82,200 Fly,4,1:51.15,Vicente Villanueva,,Penn State vs. St. Bonaventure
Penn State,82,200 Fly,5,1:52.76,Erik Bolang,,Penn State vs. Yale
Penn State,82,200 Free,1,1:35.33,Rylan Anselm,,Ohio State invitational
Penn State,82,200 Free,2,1:35.89,Eduardo Cisternas,,Ohio State invitational
Penn State,82,200 Free,3,1:37.19,Jack Clancy,,Ohio State invitational
Penn State,82,200 Free,4,1:39.05,Teddy Blake,,Ohio State invitational
Penn State,82,200 Free,5,1:39.72,Vicente Villanueva,,Ohio State invitational
Penn State,82,200 Free,6,1:40.50,Cameron Petitt,,Ohio State invitational
Penn State,82,200 Free,7,1:40.56,Toni Slavica,,Penn State vs. St. Bonaventure
Penn State,82,200 Free,8,1:40.98,Ryan McNutt,,Ohio State invitational
Penn State,82,200 Im,1,1:43.55,Matthew Bittner,,Ohio State invitational
Penn State,82,200 Im,2,1:47.44,Vicente Villanueva,,Ohio State invitational
Penn State,82,200 Im,3,1:47.81,Andrew Christensen,,Ohio State invitational
Penn State,82,200 Im,4,1:47.86,Alexander Karahalis,,Penn State vs. Pitt
Penn State,82,200 Im,5,1:47.92,Ian Combs,,Ohio State invitational
Penn State,82,400 Im,1,3:48.35,Andrew Christensen,,Ohio State invitational
Penn State,82,400 Im,2,3:51.56,Ian Combs,,Ohio State invitational
Penn State,82,400 Im,3,3:58.56,Cameron Petitt,,Ohio State invitational
Penn State,82,50 Free,1,19.60,Tylor Kim,,Ohio State invitational
Penn State,82,50 Free,2,20.10,Jake Kennedy,,Ohio State invitational
Penn State,82,50 Free,3,20.22,Mariano Lazzerini,,Penn State vs. Yale
Penn State,82,50 Free,4,20.27,Rylan Anselm,,Ohio State invitational
Penn State,82,50 Free,5,20.62,Ben Kutufaris,,Virginia vs. Penn State
Penn State,82,50 Free,6,20.69,Toni Slavica,,Ohio State invitational
Penn State,82,50 Free,7,21.25,Ryan McNutt,,Ohio State invitational
Penn State,82,50 Free,8,21.63,Cooper Morley,,Penn State vs. Pitt
Penn State,82,50 Free,9,21.69,Eduardo Cisternas,,Army vs. Penn State
Penn State,82,50 Free,10,22.60,Cameron Petitt,,Penn State vs. Pitt
Penn State,82,500 Free,1,4:19.47,Eduardo Cisternas,,Ohio State invitational
Penn State,82,500 Free,2,4:24.08,Jack Clancy,,Ohio State invitational
Penn State,82,500 Free,3,4:24.46,Rylan Anselm,,Ohio State invitational
Penn State,82,500 Free,4,4:30.51,Cameron Petitt,,Ohio State invitational
Penn State,82,500 Free,5,4:32.86,Teddy Blake,,Ohio State invitational
Princeton,477,100 Back,1,46.84,Parker Lenoce,,Princeton vs. Columbia
Princeton,477,100 Back,2,47.32,Yanning Zhang,,Princeton Big Al Invitational
Princeton,477,100 Back,3,47.39,Logan Noguchi,,Princeton vs. Columbia
Princeton,477,100 Back,4,48.89,Daniel Li,,Princeton Big Al Invitational
Princeton,477,100 Back,5,49.40,Jack Haley,,Princeton Big Al Invitational
Princeton,477,100 Back,6,49.69,Jake Tarara,,Princeton vs. Columbia
Princeton,477,100 Breast,1,53.00,Andrew Zou,,Princeton Big Al Invitational
Princeton,477,100 Breast,2,53.77,Keian Lam,,Princeton Big Al Invitational
Princeton,477,100 Breast,3,54.19,Patrick Dinu,,"Cornell vs Penn, Princeton"
Princeton,477,100 Breast,4,54.31,John Rusnock,,Princeton Big Al Invitational
Princeton,477,100 Breast,5,55.35,Curan Palmer,,Princeton Big Al Invitational
Princeton,477,100 Breast,6,56.29,James Pan,,Princeton vs. Columbia
Princeton,477,100 Breast,7,56.89,Conan Chen,,Princeton vs. Columbia
Princeton,477,100 Breast,8,58.28,Anuthra Abeysinghe,,Princeton Big Al Invitational
Princeton,477,100 Fly,1,46.68,Logan Noguchi,,"Navy vs. Delaware, Kenyon, Princeton"
Princeton,477,100 Fly,2,46.84,Alex Townsend,,Princeton Big Al Invitational
Princeton,477,100 Fly,3,46.86,Conor McKenna,,Princeton Big Al Invitational
Princeton,477,100 Fly,4,47.67,Arthur Balva,,"Navy vs. Delaware, Kenyon, Princeton"
Princeton,477,100 Fly,5,47.82,Lucas Tudoras,,"Dartmouth vs. Brown, Princeton"
Princeton,477,100 Fly,6,49.00,John Rusnock,,"Cornell vs Penn, Princeton"
Princeton,477,100 Fly,7,51.04,Jack Haley,,Princeton Big Al Invitational
Princeton,477,100 Fly,8,51.78,Devyn Caples,,"Navy vs. Delaware, Kenyon, Princeton"
Princeton,477,100 Fly,9,52.16,Jiarui Xue,,Princeton Big Al Invitational
Princeton,477,100 Fly,10,52.54,Conan Chen,,Princeton Big Al Invitational
Princeton,477,100 Free,1,42.38,Patrick Dinu,,"Cornell vs Penn, Princeton"
Princeton,477,100 Free,2,42.96,Mitchell Schott,,Princeton Big Al Invitational
Princeton,477,100 Free,3,42.98,Lucas Tudoras,,Princeton Big Al Invitational
Princeton,477,100 Free,4,43.22,Jake Tarara,,Princeton Big Al Invitational
Princeton,477,100 Free,5,43.63,Logan Noguchi,,"Dartmouth vs. Brown, Princeton"
Princeton,477,100 Free,6,43.86,Yanning Zhang,,Princeton Big Al Invitational
Princeton,477,100 Free,7,44.20,Daniel Li,,Princeton vs. Columbia
Princeton,477,100 Free,8,44.69,Parker Lenoce,,Princeton Big Al Invitational
Princeton,477,100 Free,9,44.76,Alex Townsend,,"Dartmouth vs. Brown, Princeton"
Princeton,477,100 Free,10,45.31,Jack Haley,,Princeton Big Al Invitational
Princeton,477,1000 Free,1,8:47.46,Mitchell Schott,,Princeton vs. Columbia
Princeton,477,1000 Free,2,8:54.13,Santiago Gutierrez,,Princeton Big Al Invitational
Princeton,477,1000 Free,3,9:02.61,Jiarui Xue,,"Navy vs. Delaware, Kenyon, Princeton"
Princeton,477,1000 Free,4,9:06.48,Cole Kawaja,,"Navy vs. Delaware, Kenyon, Princeton"
Princeton,477,1000 Free,5,9:08.09,Devyn Caples,,Princeton vs. Columbia
Princeton,477,1000 Free,6,9:12.61,Max Marcus,,"Cornell vs Penn, Princeton"
Princeton,477,1000 Free,7,9:14.23,Connor Buck,,"Cornell vs Penn, Princeton"
Princeton,477,1650 Free,1,14:45.61,Santiago Gutierrez,,Princeton Big Al Invitational
Princeton,477,1650 Free,2,15:13.28,Jiarui Xue,,Princeton Big Al Invitational
Princeton,477,1650 Free,3,15:13.45,Connor Buck,,Princeton Big Al Invitational
Princeton,477,1650 Free,4,15:16.90,Cole Kawaja,,Princeton Big Al Invitational
Princeton,477,1650 Free,5,15:35.47,Max Marcus,,Princeton Big Al Invitational
Princeton,477,200 Back,1,1:41.35,Parker Lenoce,,Princeton Big Al Invitational
Princeton,477,200 Back,2,1:43.41,Mitchell Schott,,"Dartmouth vs. Brown, Princeton"
Princeton,477,200 Back,3,1:46.58,Jack Haley,,Princeton Big Al Invitational
Princeton,477,200 Back,4,1:48.36,Yanning Zhang,,Princeton vs. Columbia
Princeton,477,200 Back,5,1:49.01,Lucas Strobek,,"Navy vs. Delaware, Kenyon, Princeton"
Princeton,477,200 Back,6,1:49.87,Jiarui Xue,,"Navy vs. Delaware, Kenyon, Princeton"
Princeton,477,200 Back,7,1:49.89,Daniel Li,,Princeton Big Al Invitational
Princeton,477,200 Back,8,1:51.57,Devyn Caples,,"Cornell vs Penn, Princeton"
Princeton,477,200 Back,9,1:54.98,Max Marcus,,"Dartmouth vs. Brown, Princeton"
Princeton,477,200 Breast,1,1:55.68,Andrew Zou,,Princeton vs. Columbia
Princeton,477,200 Breast,2,1:57.36,Keian Lam,,Princeton Big Al Invitational
Princeton,477,200 Breast,3,1:57.86,John Rusnock,,Princeton Big Al Invitational
Princeton,477,200 Breast,4,1:59.36,Devyn Caples,,Princeton Big Al Invitational
Princeton,477,200 Breast,5,2:00.68,Curan Palmer,,Princeton Big Al Invitational
Princeton,477,200 Breast,6,2:00.99,Rasmus Makela,,Princeton Big Al Invitational
Princeton,477,200 Breast,7,2:04.11,James Pan,,Princeton Big Al Invitational
Princeton,477,200 Breast,8,2:05.16,Conan Chen,,Princeton Big Al Invitational
Princeton,477,200 Breast,9,2:06.04,Lucas Strobek,,"Cornell vs Penn, Princeton"
Princeton,477,200 Breast,10,2:06.57,Anuthra Abeysinghe,,Princeton Big Al Invitational
Princeton,477,200 Fly,1,1:41.36,Mitchell Schott,,"Cornell vs Penn, Princeton"
Princeton,477,200 Fly,2,1:43.60,Arthur Balva,,Princeton vs. Columbia
Princeton,477,200 Fly,3,1:44.44,Conor McKenna,,Princeton Big Al Invitational
Princeton,477,200 Fly,4,1:45.59,Alex Townsend,,Princeton Big Al Invitational
Princeton,477,200 Fly,5,1:46.54,Jack Haley,,Princeton Big Al Invitational
Princeton,477,200 Fly,6,1:46.84,John Rusnock,,"Navy vs. Delaware, Kenyon, Princeton"
Princeton,477,200 Fly,7,1:46.94,Oliver Rowe,,Princeton Big Al Invitational
Princeton,477,200 Fly,8,1:49.83,Devyn Caples,,"Cornell vs Penn, Princeton"
Princeton,477,200 Fly,9,1:50.11,Keian Lam,,"Cornell vs Penn, Princeton"
Princeton,477,200 Fly,10,1:52.64,Connor Buck,,Princeton vs. Columbia
Princeton,477,200 Free,1,1:32.44,Mitchell Schott,,Princeton Big Al Invitational
Princeton,477,200 Free,2,1:34.40,Patrick Dinu,,Princeton vs. Columbia
Princeton,477,200 Free,3,1:34.74,Parker Lenoce,,Princeton Big Al Invitational
Princeton,477,200 Free,4,1:35.83,Lucas Tudoras,,Princeton Big Al Invitational
Princeton,477,200 Free,5,1:35.90,Daniel Li,,Princeton Big Al Invitational
Princeton,477,200 Free,6,1:36.70,Jake Tarara,,Princeton Big Al Invitational
Princeton,477,200 Free,7,1:36.91,Jack Haley,,Princeton Big Al Invitational
Princeton,477,200 Free,8,1:36.92,Arthur Balva,,"Cornell vs Penn, Princeton"
Princeton,477,200 Free,9,1:37.15,Alex Townsend,,Princeton Big Al Invitational
Princeton,477,200 Free,10,1:37.35,Max Marcus,,Princeton Big Al Invitational
Princeton,477,200 Im,1,1:44.20,Mitchell Schott,,Princeton vs. Columbia
Princeton,477,200 Im,2,1:45.44,Alex Townsend,,Princeton Big Al Invitational
Princeton,477,200 Im,3,1:47.71,Keian Lam,,Princeton Big Al Invitational
Princeton,477,200 Im,4,1:48.18,Lucas Strobek,,Princeton Big Al Invitational
Princeton,477,200 Im,5,1:48.52,John Rusnock,,Princeton Big Al Invitational
Princeton,477,200 Im,6,1:48.95,Andrew Zou,,Princeton Big Al Invitational
Princeton,477,200 Im,7,1:49.39,Devyn Caples,,Princeton Big Al Invitational
Princeton,477,200 Im,8,1:50.36,Jiarui Xue,,Princeton vs. Columbia
Princeton,477,200 Im,9,1:52.12,James Pan,,Princeton Big Al Invitational
Princeton,477,200 Im,10,1:52.54,Curan Palmer,,Princeton Big Al Invitational
Princeton,477,400 Im,1,3:48.66,Arthur Balva,,Princeton Big Al Invitational
Princeton,477,400 Im,2,3:49.02,Jiarui Xue,,Princeton Big Al Invitational
Princeton,477,400 Im,3,3:50.31,Jack Haley,,Princeton Big Al Invitational
Princeton,477,400 Im,4,3:51.34,Devyn Caples,,Princeton Big Al Invitational
Princeton,477,400 Im,5,3:51.87,John Rusnock,,Princeton Big Al Invitational
Princeton,477,400 Im,6,3:53.25,Lucas Strobek,,"Navy vs. Delaware, Kenyon, Princeton"
Princeton,477,400 Im,7,3:59.51,Connor Buck,,Princeton Big Al Invitational
Princeton,477,50 Free,1,19.65,Lucas Tudoras,,Princeton Big Al Invitational
Princeton,477,50 Free,2,19.67,Logan Noguchi,,"Dartmouth vs. Brown, Princeton"
Princeton,477,50 Free,3,19.67,Patrick Dinu,,"Navy vs. Delaware, Kenyon, Princeton"
Princeton,477,50 Free,4,19.90,Jake Tarara,,Princeton Big Al Invitational
Princeton,477,50 Free,5,19.96,Yanning Zhang,,Princeton Big Al Invitational
Princeton,477,50 Free,6,19.98,Alex Townsend,,"Navy vs. Delaware, Kenyon, Princeton"
Princeton,477,50 Free,7,20.01,Conor McKenna,,Princeton Big Al Invitational
Princeton,477,50 Free,8,20.07,Daniel Li,,Princeton vs. Columbia
Princeton,477,50 Free,9,20.56,Andrew Zou,,Princeton Big Al Invitational
Princeton,477,50 Free,10,20.96,Mitchell Schott,,Princeton Big Al Invitational
Princeton,477,500 Free,1,4:15.55,Mitchell Schott,,Princeton Big Al Invitational
Princeton,477,500 Free,2,4:16.99,Arthur Balva,,Princeton Big Al Invitational
Princeton,477,500 Free,3,4:17.29,Santiago Gutierrez,,Princeton Big Al Invitational
Princeton,477,500 Free,4,4:19.48,Jack Haley,,Princeton Big Al Invitational
Princeton,477,500 Free,5,4:20.40,Jiarui Xue,,Princeton Big Al Invitational
Princeton,477,500 Free,6,4:23.98,Daniel Li,,Princeton Big Al Invitational
Princeton,477,500 Free,7,4:24.45,Cole Kawaja,,"Navy vs. Delaware, Kenyon, Princeton"
Princeton,477,500 Free,8,4:24.87,Max Marcus,,Princeton Big Al Invitational
Princeton,477,500 Free,9,4:25.41,Connor Buck,,Princeton Big Al Invitational
Princeton,477,500 Free,10,4:26.24,Oliver Rowe,,Princeton Big Al Invitational
Providence,479,100 Back,1,50.79,Ryan O'Day,,Harold Anderson Invitational
Providence,479,100 Back,2,51.13,Jake Stachowicz,,Harold Anderson Invitational
Providence,479,100 Back,3,51.50,Will Ballard,,Harold Anderson Invitational
Providence,479,100 Back,4,52.06,Jack Nowak,,Harold Anderson Invitational
Providence,479,100 Back,5,52.58,Colin Wolf,,Harold Anderson Invitational
Providence,479,100 Back,6,55.04,Quinn Schwab,,Villanova at Providence College
Providence,479,100 Back,7,56.00,Noah San Vicente,,Friar Invite
Providence,479,100 Back,8,56.92,Ivan Reber,,Providence vs. Fairfield
Providence,479,100 Back,9,56.92,Conor Duggan,,Iona vs. Providence
Providence,479,100 Breast,1,57.34,Aidan Ochoa,,Harold Anderson Invitational
Providence,479,100 Breast,2,58.37,Erik Hoie,,Harold Anderson Invitational
Providence,479,100 Breast,3,58.93,Dillon Singer,,Harold Anderson Invitational
Providence,479,100 Breast,4,1:02.13,Quinn Schwab,,Bryant vs. Providence
Providence,479,100 Fly,1,50.88,Will Ballard,,Harold Anderson Invitational
Providence,479,100 Fly,2,50.95,Ryan O'Day,,Harold Anderson Invitational
Providence,479,100 Fly,3,51.07,Nathan Thayer,,Harold Anderson Invitational
Providence,479,100 Fly,4,51.50,Aidan Puk,,Harold Anderson Invitational
Providence,479,100 Fly,5,51.79,Kieran Duffy,,Harold Anderson Invitational
Providence,479,100 Fly,6,54.60,Quinn Danus,,Friar Invite
Providence,479,100 Fly,7,54.87,Noah San Vicente,,Harold Anderson Invitational
Providence,479,100 Fly,8,54.89,Quinn Schwab,,Harold Anderson Invitational
Providence,479,100 Fly,9,55.40,Aaron Stinner,,Bryant vs. Providence
Providence,479,100 Fly,10,56.23,Conor Duggan,,Harold Anderson Invitational
Providence,479,100 Free,1,46.30,Jake Stachowicz,,Harold Anderson Invitational
Providence,479,100 Free,2,46.77,Nathan Thayer,,Harold Anderson Invitational
Providence,479,100 Free,3,46.93,Kieran Duffy,,Harold Anderson Invitational
Providence,479,100 Free,4,46.94,Gabe Hawkins,,Harold Anderson Invitational
Providence,479,100 Free,5,46.95,Nico Menendez-Featherston,,Harold Anderson Invitational
Providence,479,100 Free,6,47.00,Thomas Bowers,,Harold Anderson Invitational
Providence,479,100 Free,7,47.36,Will Ballard,,Harold Anderson Invitational
Providence,479,100 Free,8,49.73,Nick Maiers,,Harold Anderson Invitational
Providence,479,100 Free,9,49.99,Ronan Murphy,,Iona vs. Providence
Providence,479,100 Free,10,50.11,Preston Wooley,,Harold Anderson Invitational
Providence,479,1000 Free,1,10:06.66,Ivan Reber,,Iona vs. Providence
Providence,479,1000 Free,2,10:07.69,Aiden Daly,,Bryant vs. Providence
Providence,479,1000 Free,3,10:13.71,Conor Duggan,,Iona vs. Providence
Providence,479,1000 Free,4,10:16.81,Jonah Unruh,,Friar Invite
Providence,479,1000 Free,5,11:04.91,Ronan Murphy,,Villanova at Providence College
Providence,479,1650 Free,1,16:12.87,Ivan Reber,,Harold Anderson Invitational
Providence,479,1650 Free,2,16:24.65,Aiden Daly,,Harold Anderson Invitational
Providence,479,1650 Free,3,16:32.03,Jonah Unruh,,Harold Anderson Invitational
Providence,479,1650 Free,4,16:32.75,Conor Duggan,,Harold Anderson Invitational
Providence,479,200 Back,1,1:51.42,Will Ballard,,Harold Anderson Invitational
Providence,479,200 Back,2,1:52.83,Noah San Vicente,,Harold Anderson Invitational
Providence,479,200 Back,3,1:54.16,Jack Nowak,,Harold Anderson Invitational
Providence,479,200 Back,4,1:54.20,Colin Wolf,,Harold Anderson Invitational
Providence,479,200 Back,5,1:56.10,Ryan O'Day,,Harold Anderson Invitational
Providence,479,200 Back,6,2:00.25,Conor Duggan,,Bryant vs. Providence
Providence,479,200 Back,7,2:02.63,Quinn Schwab,,Friar Invite
Providence,479,200 Back,8,2:02.63,Ivan Reber,,Providence vs. Fairfield
Providence,479,200 Breast,1,2:04.09,Aidan Ochoa,,Harold Anderson Invitational
Providence,479,200 Breast,2,2:07.17,Dillon Singer,,Harold Anderson Invitational
Providence,479,200 Breast,3,2:08.17,Quinn Schwab,,Harold Anderson Invitational
Providence,479,200 Breast,4,2:08.85,Erik Hoie,,Harold Anderson Invitational
Providence,479,200 Fly,1,1:52.90,Aidan Puk,,Harold Anderson Invitational
Providence,479,200 Fly,2,1:53.15,Quinn Danus,,Harold Anderson Invitational
Providence,479,200 Fly,3,1:57.12,Aaron Stinner,,Harold Anderson Invitational
Providence,479,200 Fly,4,1:57.59,Conor Duggan,,Harold Anderson Invitational
Providence,479,200 Fly,5,2:02.60,Noah San Vicente,,Iona vs. Providence
Providence,479,200 Free,1,1:41.72,Gabe Hawkins,,Harold Anderson Invitational
Providence,479,200 Free,2,1:43.13,Nico Menendez-Featherston,,Harold Anderson Invitational
Providence,479,200 Free,3,1:43.99,Thomas Bowers,,Harold Anderson Invitational
Providence,479,200 Free,4,1:44.94,Aiden Daly,,Harold Anderson Invitational
Providence,479,200 Free,5,1:45.00,Ivan Reber,,Harold Anderson Invitational
Providence,479,200 Free,6,1:45.68,Jonah Unruh,,Harold Anderson Invitational
Providence,479,200 Free,7,1:46.53,Aaron Stinner,,Harold Anderson Invitational
Providence,479,200 Free,8,1:47.01,Quinn Schwab,,Iona vs. Providence
Providence,479,200 Free,9,1:47.29,Nick Maiers,,Harold Anderson Invitational
Providence,479,200 Free,10,1:47.79,Noah San Vicente,,Villanova at Providence College
Providence,479,200 Im,1,1:52.82,Quinn Schwab,,Harold Anderson Invitational
Providence,479,200 Im,2,1:54.04,Gabe Hawkins,,Harold Anderson Invitational
Providence,479,200 Im,3,1:55.00,Dillon Singer,,Harold Anderson Invitational
Providence,479,200 Im,4,1:55.31,Colin Wolf,,Harold Anderson Invitational
Providence,479,200 Im,5,1:56.63,Quinn Danus,,Harold Anderson Invitational
Providence,479,200 Im,6,2:05.66,Aidan Ochoa,,Friar Invite
Providence,479,200 Im,7,2:08.53,Ivan Reber,,Friar Invite
Providence,479,400 Im,1,4:04.86,Quinn Schwab,,Harold Anderson Invitational
Providence,479,400 Im,2,4:07.21,Quinn Danus,,Harold Anderson Invitational
Providence,479,400 Im,3,4:07.80,Noah San Vicente,,Harold Anderson Invitational
Providence,479,400 Im,4,4:09.31,Conor Duggan,,Harold Anderson Invitational
Providence,479,400 Im,5,4:27.51,Dillon Singer,,Providence vs. Fairfield
Providence,479,50 Free,1,21.14,Nathan Thayer,,Harold Anderson Invitational
Providence,479,50 Free,2,21.17,Jake Stachowicz,,Harold Anderson Invitational
Providence,479,50 Free,3,21.45,Thomas Bowers,,Harold Anderson Invitational
Providence,479,50 Free,4,21.60,Kieran Duffy,,Harold Anderson Invitational
Providence,479,50 Free,5,21.63,Will Ballard,,Harold Anderson Invitational
Providence,479,50 Free,6,21.74,Nico Menendez-Featherston,,Harold Anderson Invitational
Providence,479,50 Free,7,21.91,Aidan Puk,,Harold Anderson Invitational
Providence,479,50 Free,8,21.96,Aidan Ochoa,,Harold Anderson Invitational
Providence,479,50 Free,9,22.08,Jack Nowak,,Harold Anderson Invitational
Providence,479,50 Free,10,22.45,Erik Hoie,,Harold Anderson Invitational
Providence,479,500 Free,1,4:37.27,Noah San Vicente,,Harold Anderson Invitational
Providence,479,500 Free,2,4:40.36,Aiden Daly,,Harold Anderson Invitational
Providence,479,500 Free,3,4:41.11,Ivan Reber,,Harold Anderson Invitational
Providence,479,500 Free,4,4:43.12,Aaron Stinner,,Harold Anderson Invitational
Providence,479,500 Free,5,4:45.79,Jonah Unruh,,Harold Anderson Invitational
Providence,479,500 Free,6,4:48.90,Nick Maiers,,Harold Anderson Invitational
Providence,479,500 Free,7,4:53.56,Preston Wooley,,Harold Anderson Invitational
Providence,479,500 Free,8,5:00.90,Conor Duggan,,Friar Invite
Providence,479,500 Free,9,5:09.36,Ronan Murphy,,Friar Invite
Purdue,27,100 Back,1,46.04,Alex Hotta,,Ohio State invitational
Purdue,27,100 Back,2,46.20,Dylan Burau,,Ohio State invitational
Purdue,27,100 Back,3,47.18,Blake Rowe,,Ohio State invitational
Purdue,27,100 Back,4,48.46,Brody LePine,,Ohio State invitational
Purdue,27,100 Back,5,48.62,Gage Johnson,,Ohio State invitational
Purdue,27,100 Back,6,49.10,Andy Kelly,,"Wisconsin vs. Illinois, Purdue"
Purdue,27,100 Back,7,49.10,Jānis Deivs Dzirkalis,,Purdue vs. lllinois
Purdue,27,100 Back,8,49.30,Nathaniel Thomas,,Purdue vs. Southern Illinois
Purdue,27,100 Back,9,49.67,Walker Mattice,,Ohio State invitational
Purdue,27,100 Back,10,50.08,Sam White,,Ohio State invitational
Purdue,27,100 Breast,1,52.72,Maxwell Blume,,Ohio State invitational
Purdue,27,100 Breast,2,53.41,Jonah Lee,,Ohio State invitational
Purdue,27,100 Breast,3,54.01,Raymond Whittaker,,Ohio State invitational
Purdue,27,100 Breast,4,54.09,Chris Bartmess,,Ohio State invitational
Purdue,27,100 Breast,5,54.28,Lucas Byrd,,Ohio State invitational
Purdue,27,100 Breast,6,54.84,Giorgio Mango,,Ohio State invitational
Purdue,27,100 Breast,7,57.24,Wyatt Blair,,Ohio State invitational
Purdue,27,100 Breast,8,1:00.23,Dominic Mazurek,,Dan Ross Invitational
Purdue,27,100 Fly,1,46.08,Alex Hotta,,Ohio State invitational
Purdue,27,100 Fly,2,47.71,Nathaniel Thomas,,Ohio State invitational
Purdue,27,100 Fly,3,47.90,Blake Rowe,,Oakland v Purdue v Cincinnati
Purdue,27,100 Fly,4,48.22,Biko Hooper-Haviland,,Purdue vs. Southern Illinois
Purdue,27,100 Fly,5,48.22,Cooper Callahan,,Purdue vs. Southern Illinois
Purdue,27,100 Fly,6,48.25,Brody LePine,,Purdue vs. Missouri
Purdue,27,100 Fly,7,49.02,Dominic Mazurek,,Oakland v Purdue v Cincinnati
Purdue,27,100 Fly,8,49.14,Andy Kelly,,Purdue vs. Southern Illinois
Purdue,27,100 Fly,9,49.71,Chris Bartmess,,Ohio State invitational
Purdue,27,100 Fly,10,49.73,Wyatt Blair,,Ohio State invitational
Purdue,27,100 Free,1,43.24,Jānis Deivs Dzirkalis,,Ohio State invitational
Purdue,27,100 Free,2,43.31,Alex Hotta,,Ohio State invitational
Purdue,27,100 Free,3,43.64,Nathaniel Thomas,,Ohio State invitational
Purdue,27,100 Free,4,44.30,Evan Mackesy,,Ohio State invitational
Purdue,27,100 Free,5,44.42,Alexander Cole,,Ohio State invitational
Purdue,27,100 Free,6,44.48,Andy Kelly,,Oakland v Purdue v Cincinnati
Purdue,27,100 Free,7,44.65,Cooper Callahan,,Ohio State invitational
Purdue,27,100 Free,8,44.88,Dominic Mazurek,,Ohio State invitational
Purdue,27,100 Free,9,45.11,Walker Mattice,,Ohio State invitational
Purdue,27,100 Free,10,45.52,Will Jost,,Ohio State invitational
Purdue,27,1000 Free,1,9:09.25,Patrick Broderick,,Purdue vs. Missouri
Purdue,27,1000 Free,2,9:17.48,Matt Rose,,Purdue vs. lllinois
Purdue,27,1000 Free,3,9:18.95,Evan Mackesy,,"Wisconsin vs. Illinois, Purdue"
Purdue,27,1000 Free,4,9:21.05,Jonny Hines,,Purdue vs. lllinois
Purdue,27,1000 Free,5,9:26.97,Alex Hotta,,Purdue vs. lllinois
Purdue,27,1000 Free,6,9:35.35,Giorgio Mango,,Oakland v Purdue v Cincinnati
Purdue,27,1000 Free,7,9:36.74,Griffin Poulsen,,Ohio State invitational
Purdue,27,1000 Free,8,9:40.40,Gabriel Eschbach,,Ohio State invitational
Purdue,27,1000 Free,9,10:26.36,Brody Friend,,Purdue vs. lllinois
Purdue,27,1650 Free,1,15:16.21,Patrick Broderick,,Ohio State invitational
Purdue,27,1650 Free,2,15:41.06,Jonny Hines,,Purdue vs. Southern Illinois
Purdue,27,1650 Free,3,15:50.64,Matt Rose,,Purdue vs. Southern Illinois
Purdue,27,1650 Free,4,15:55.19,Griffin Poulsen,,Ohio State invitational
Purdue,27,1650 Free,5,16:03.81,Gabriel Eschbach,,Ohio State invitational
Purdue,27,1650 Free,6,16:07.94,Giorgio Mango,,Ohio State invitational
Purdue,27,200 Back,1,1:41.43,Blake Rowe,,Ohio State invitational
Purdue,27,200 Back,2,1:42.99,Dylan Burau,,"Wisconsin vs. Illinois, Purdue"
Purdue,27,200 Back,3,1:47.48,Evan Mackesy,,Purdue vs. Missouri
Purdue,27,200 Back,4,1:48.80,Jānis Deivs Dzirkalis,,Purdue vs. lllinois
Purdue,27,200 Back,5,1:49.24,Gage Johnson,,Ohio State invitational
Purdue,27,200 Back,6,1:49.82,Andy Kelly,,Purdue vs. lllinois
Purdue,27,200 Back,7,1:50.74,Alexander Cole,,Purdue vs. lllinois
Purdue,27,200 Back,8,1:52.14,Walker Mattice,,Purdue vs. Southern Illinois
Purdue,27,200 Back,9,1:55.18,Jonny Hines,,Purdue vs. lllinois
Purdue,27,200 Breast,1,1:54.87,Maxwell Blume,,Ohio State invitational
Purdue,27,200 Breast,2,1:56.65,Giorgio Mango,,Ohio State invitational
Purdue,27,200 Breast,3,1:56.75,Raymond Whittaker,,Ohio State invitational
Purdue,27,200 Breast,4,1:59.32,Charles Lee,,Ohio State invitational
Purdue,27,200 Breast,5,1:59.33,Jonah Lee,,Ohio State invitational
Purdue,27,200 Breast,6,2:02.08,Lucas Byrd,,Purdue vs. lllinois
Purdue,27,200 Breast,7,2:02.78,Chris Bartmess,,Ohio State invitational
Purdue,27,200 Fly,1,1:44.73,Biko Hooper-Haviland,,Ohio State invitational
Purdue,27,200 Fly,2,1:46.51,Alex Hotta,,Ohio State invitational
Purdue,27,200 Fly,3,1:47.44,Charles Lee,,Ohio State invitational
Purdue,27,200 Fly,4,1:47.58,Evan Mackesy,,Oakland v Purdue v Cincinnati
Purdue,27,200 Fly,5,1:48.46,Brody LePine,,Purdue vs. Missouri
Purdue,27,200 Fly,6,1:49.95,Wyatt Blair,,Ohio State invitational
Purdue,27,200 Fly,7,1:52.03,Mason Kajfosz,,Purdue vs. lllinois
Purdue,27,200 Fly,8,1:52.18,Jonny Hines,,World Aquatics World Cup - Carmel
Purdue,27,200 Fly,9,1:54.86,Chris Bartmess,,Ohio State invitational
Purdue,27,200 Fly,10,1:56.15,Gabriel Eschbach,,Purdue vs. lllinois
Purdue,27,200 Free,1,1:34.98,Evan Mackesy,,Ohio State invitational
Purdue,27,200 Free,2,1:36.54,Jānis Deivs Dzirkalis,,Ohio State invitational
Purdue,27,200 Free,3,1:36.76,Alexander Cole,,Ohio State invitational
Purdue,27,200 Free,4,1:36.83,Biko Hooper-Haviland,,Ohio State invitational
Purdue,27,200 Free,5,1:37.51,Walker Mattice,,Ohio State invitational
Purdue,27,200 Free,6,1:37.63,Dylan Burau,,Ohio State invitational
Purdue,27,200 Free,7,1:37.80,Cooper Callahan,,Ohio State invitational
Purdue,27,200 Free,8,1:38.64,Blake Rowe,,Florida State Fall Classic
Purdue,27,200 Free,9,1:40.35,Matt Rose,,Ohio State invitational
Purdue,27,200 Free,10,1:40.42,Gabriel Eschbach,,Ohio State invitational
Purdue,27,200 Im,1,1:45.06,Evan Mackesy,,Ohio State invitational
Purdue,27,200 Im,2,1:48.49,Blake Rowe,,Purdue vs. Missouri
Purdue,27,200 Im,3,1:50.01,Sam White,,Ohio State invitational
Purdue,27,200 Im,4,1:50.57,Dominic Mazurek,,Oakland v Purdue v Cincinnati
Purdue,27,200 Im,5,1:50.59,Mason Kajfosz,,Ohio State invitational
Purdue,27,200 Im,6,1:50.99,Charles Lee,,Oakland v Purdue v Cincinnati
Purdue,27,200 Im,7,1:51.01,Raymond Whittaker,,Ohio State invitational
Purdue,27,200 Im,8,1:52.13,Brody LePine,,Oakland v Purdue v Cincinnati
Purdue,27,200 Im,9,1:53.00,Jonah Lee,,Purdue vs. Southern Illinois
Purdue,27,200 Im,10,1:54.38,Patrick Broderick,,Purdue vs. Missouri
Purdue,27,400 Im,1,3:43.72,Evan Mackesy,,Ohio State invitational
Purdue,27,400 Im,2,3:50.92,Patrick Broderick,,Ohio State invitational
Purdue,27,400 Im,3,3:55.59,Charles Lee,,Ohio State invitational
Purdue,27,400 Im,4,4:04.01,Jonny Hines,,Florida State Fall Classic
Purdue,27,400 Im,5,4:05.44,Giorgio Mango,,Purdue vs. Southern Illinois
Purdue,27,400 Im,6,4:06.86,Mason Kajfosz,,Oakland v Purdue v Cincinnati
Purdue,27,50 Free,1,19.32,Jānis Deivs Dzirkalis,,Ohio State invitational
Purdue,27,50 Free,2,19.72,Nathaniel Thomas,,Ohio State invitational
Purdue,27,50 Free,3,20.23,Andy Kelly,,"Wisconsin vs. Illinois, Purdue"
Purdue,27,50 Free,4,20.27,Dylan Burau,,Purdue vs. lllinois
Purdue,27,50 Free,5,20.35,Alex Hotta,,Oakland v Purdue v Cincinnati
Purdue,27,50 Free,6,20.44,Alexander Cole,,Ohio State invitational
Purdue,27,50 Free,7,20.46,Cooper Callahan,,Ohio State invitational
Purdue,27,50 Free,8,20.51,Will Jost,,Ohio State invitational
Purdue,27,50 Free,9,20.60,Walker Mattice,,Ohio State invitational
Purdue,27,50 Free,10,20.61,Blake Rowe,,"Wisconsin vs. Illinois, Purdue"
Purdue,27,500 Free,1,4:22.22,Evan Mackesy,,Ohio State invitational
Purdue,27,500 Free,2,4:23.97,Patrick Broderick,,Ohio State invitational
Purdue,27,500 Free,3,4:29.29,Biko Hooper-Haviland,,Ohio State invitational
Purdue,27,500 Free,4,4:29.80,Jonny Hines,,Purdue vs. Southern Illinois
Purdue,27,500 Free,5,4:29.94,Matt Rose,,Purdue vs. Southern Illinois
Purdue,27,500 Free,6,4:30.30,Alexander Cole,,Purdue vs. Southern Illinois
Purdue,27,500 Free,7,4:35.16,Gabriel Eschbach,,Ohio State invitational
Purdue,27,500 Free,8,4:35.58,Griffin Poulsen,,Ohio State invitational
Purdue,27,500 Free,9,4:39.33,Mason Kajfosz,,Ohio State invitational
Purdue,27,500 Free,10,4:47.48,Giorgio Mango,,Be Better Invitational
Queens (NC),9415,100 Back,1,47.30,Pablo Ortega,,Kellianne Nagy Fall Frenzy Invite
Queens (NC),9415,100 Back,2,47.90,Caden Fritz,,Kellianne Nagy Fall Frenzy Invite
Queens (NC),9415,100 Back,3,48.14,Eli Brinkman,,Kellianne Nagy Fall Frenzy Invite
Queens (NC),9415,100 Back,4,48.94,Matt Duren,,Kellianne Nagy Fall Frenzy Invite
Queens (NC),9415,100 Back,5,49.48,Ben Sheets,,Kellianne Nagy Fall Frenzy Invite
Queens (NC),9415,100 Back,6,50.53,A.J. Fair,,Kellianne Nagy Fall Frenzy Invite
Queens (NC),9415,100 Back,7,52.57,Henry Flasch,,Virginia Tech vs Queens
Queens (NC),9415,100 Breast,1,52.84,Cal Bartone,,Kellianne Nagy Fall Frenzy Invite
Queens (NC),9415,100 Breast,2,53.91,Filip Urbanski,,Kellianne Nagy Fall Frenzy Invite
Queens (NC),9415,100 Breast,3,54.23,Matheus TEIXEIRA PRZEWALLA,,Kellianne Nagy Fall Frenzy Invite
Queens (NC),9415,100 Breast,4,55.22,MIlan Samoczi,,Kellianne Nagy Fall Frenzy Invite
Queens (NC),9415,100 Breast,5,55.51,Brett Bailey,,Kellianne Nagy Fall Frenzy Invite
Queens (NC),9415,100 Breast,6,55.62,Caden Wells,,Kellianne Nagy Fall Frenzy Invite
Queens (NC),9415,100 Breast,7,56.15,Cade Hickson,,Kellianne Nagy Fall Frenzy Invite
Queens (NC),9415,100 Breast,8,56.18,Matt LaBianco,,Queens (NC) vs. Catawba
Queens (NC),9415,100 Breast,9,57.94,Caleb Bailey,,Kellianne Nagy Fall Frenzy Invite
Queens (NC),9415,100 Breast,10,1:00.29,Luciano Salas,,Virginia Tech vs Queens
Queens (NC),9415,100 Fly,1,46.75,Emil Harlem,,Kellianne Nagy Fall Frenzy Invite
Queens (NC),9415,100 Fly,2,47.25,Nien Levy,,Kellianne Nagy Fall Frenzy Invite
Queens (NC),9415,100 Fly,3,48.27,Brett Bailey,,Kellianne Nagy Fall Frenzy Invite
Queens (NC),9415,100 Fly,4,48.38,Nikola Karaivanov,,Queens vs. South Carolina
Queens (NC),9415,100 Fly,5,48.59,Ryder Androsky,,Kellianne Nagy Fall Frenzy Invite
Queens (NC),9415,100 Fly,6,48.70,Jackson Vineyard,,Kellianne Nagy Fall Frenzy Invite
Queens (NC),9415,100 Fly,7,49.41,Keegan McKenney,,Kellianne Nagy Fall Frenzy Invite
Queens (NC),9415,100 Fly,8,49.42,Jonathan Henschel,,Kellianne Nagy Fall Frenzy Invite
Queens (NC),9415,100 Fly,9,50.50,Matt Shanahan,,UNC vs. Queens
Queens (NC),9415,100 Fly,10,51.16,Stamatis Paleocrassas,,UNC vs. Queens
Queens (NC),9415,100 Free,1,42.78,Daniel MESZAROS,,Kellianne Nagy Fall Frenzy Invite
Queens (NC),9415,100 Free,2,43.24,Stamatis Paleocrassas,,Kellianne Nagy Fall Frenzy Invite
Queens (NC),9415,100 Free,3,43.75,Pablo Ortega,,Kellianne Nagy Fall Frenzy Invite
Queens (NC),9415,100 Free,4,43.88,Nien Levy,,Kellianne Nagy Fall Frenzy Invite
Queens (NC),9415,100 Free,5,43.97,Emil Harlem,,Kellianne Nagy Fall Frenzy Invite
Queens (NC),9415,100 Free,6,44.22,TJ Spokas,,Kellianne Nagy Fall Frenzy Invite
Queens (NC),9415,100 Free,7,44.66,Jackson Vineyard,,Kellianne Nagy Fall Frenzy Invite
Queens (NC),9415,100 Free,8,44.90,Lance Young,,Kellianne Nagy Fall Frenzy Invite
Queens (NC),9415,100 Free,9,44.98,Ryder Androsky,,Kellianne Nagy Fall Frenzy Invite
Queens (NC),9415,100 Free,10,45.48,Jonathan Henschel,,Kellianne Nagy Fall Frenzy Invite
Queens (NC),9415,1000 Free,1,9:22.70,Akos Horvath,,Kellianne Nagy Fall Frenzy Invite
Queens (NC),9415,1000 Free,2,9:27.21,Jack Vanvalkenburg,,Queens (NC) vs. Catawba
Queens (NC),9415,1000 Free,3,9:33.81,Stefan Steyn,,Virginia Tech vs Queens
Queens (NC),9415,1000 Free,4,9:42.36,Ben Flasch,,Queens vs. South Carolina
Queens (NC),9415,1000 Free,5,10:08.68,Matt Shanahan,,Davidson vs Queens
Queens (NC),9415,1650 Free,1,15:38.52,Akos Horvath,,Kellianne Nagy Fall Frenzy Invite
Queens (NC),9415,1650 Free,2,16:00.75,Jack Vanvalkenburg,,Kellianne Nagy Fall Frenzy Invite
Queens (NC),9415,1650 Free,3,16:17.61,Ben Flasch,,Kellianne Nagy Fall Frenzy Invite
Queens (NC),9415,200 Back,1,1:45.55,Pablo Ortega,,Kellianne Nagy Fall Frenzy Invite
Queens (NC),9415,200 Back,2,1:46.17,Caden Fritz,,Kellianne Nagy Fall Frenzy Invite
Queens (NC),9415,200 Back,3,1:47.10,Matt Duren,,Kellianne Nagy Fall Frenzy Invite
Queens (NC),9415,200 Back,4,1:48.09,Eli Brinkman,,Kellianne Nagy Fall Frenzy Invite
Queens (NC),9415,200 Back,5,1:48.42,Ben Sheets,,Kellianne Nagy Fall Frenzy Invite
Queens (NC),9415,200 Back,6,1:49.54,A.J. Fair,,Kellianne Nagy Fall Frenzy Invite
Queens (NC),9415,200 Back,7,1:52.44,Henry Flasch,,Kellianne Nagy Fall Frenzy Invite
Queens (NC),9415,200 Breast,1,1:57.63,Matheus TEIXEIRA PRZEWALLA,,Kellianne Nagy Fall Frenzy Invite
Queens (NC),9415,200 Breast,2,1:59.43,Cal Bartone,,Kellianne Nagy Fall Frenzy Invite
Queens (NC),9415,200 Breast,3,1:59.87,MIlan Samoczi,,Queens (NC) vs. Catawba
Queens (NC),9415,200 Breast,4,2:02.40,Filip Urbanski,,Kellianne Nagy Fall Frenzy Invite
Queens (NC),9415,200 Breast,5,2:03.32,Cade Hickson,,Kellianne Nagy Fall Frenzy Invite
Queens (NC),9415,200 Breast,6,2:04.09,Caden Wells,,Kellianne Nagy Fall Frenzy Invite
Queens (NC),9415,200 Breast,7,2:05.40,Matt LaBianco,,Kellianne Nagy Fall Frenzy Invite
Queens (NC),9415,200 Breast,8,2:08.16,Caleb Bailey,,Kellianne Nagy Fall Frenzy Invite
Queens (NC),9415,200 Breast,9,2:16.04,Luciano Salas,,Kellianne Nagy Fall Frenzy Invite
Queens (NC),9415,200 Fly,1,1:47.48,Matt Shanahan,,Kellianne Nagy Fall Frenzy Invite
Queens (NC),9415,200 Fly,2,1:47.89,Keegan McKenney,,Kellianne Nagy Fall Frenzy Invite
Queens (NC),9415,200 Fly,3,1:48.14,Nikola Karaivanov,,Virginia Tech vs Queens
Queens (NC),9415,200 Fly,4,1:48.29,Akos Horvath,,Kellianne Nagy Fall Frenzy Invite
Queens (NC),9415,200 Fly,5,1:51.73,Brett Bailey,,Kellianne Nagy Fall Frenzy Invite
Queens (NC),9415,200 Fly,6,1:58.40,Emil Harlem,,Davidson vs Queens
Queens (NC),9415,200 Free,1,1:34.40,Daniel MESZAROS,,Kellianne Nagy Fall Frenzy Invite
Queens (NC),9415,200 Free,2,1:36.76,Stamatis Paleocrassas,,Kellianne Nagy Fall Frenzy Invite
Queens (NC),9415,200 Free,3,1:37.13,TJ Spokas,,Kellianne Nagy Fall Frenzy Invite
Queens (NC),9415,200 Free,4,1:37.63,Lance Young,,Kellianne Nagy Fall Frenzy Invite
Queens (NC),9415,200 Free,5,1:38.84,Stefan Steyn,,Kellianne Nagy Fall Frenzy Invite
Queens (NC),9415,200 Free,6,1:40.08,Matt Shanahan,,Virginia Tech vs Queens
Queens (NC),9415,200 Free,7,1:40.26,Akos Horvath,,Kellianne Nagy Fall Frenzy Invite
Queens (NC),9415,200 Free,8,1:41.16,Ben Flasch,,Kellianne Nagy Fall Frenzy Invite
Queens (NC),9415,200 Free,9,1:42.08,Henry Flasch,,Kellianne Nagy Fall Frenzy Invite
Queens (NC),9415,200 Free,10,1:43.57,Derek Hunsaker,,Queens vs. South Carolina
Queens (NC),9415,200 Im,1,1:46.23,Matheus TEIXEIRA PRZEWALLA,,Kellianne Nagy Fall Frenzy Invite
Queens (NC),9415,200 Im,2,1:48.26,Emil Harlem,,Kellianne Nagy Fall Frenzy Invite
Queens (NC),9415,200 Im,3,1:48.97,Cade Hickson,,Kellianne Nagy Fall Frenzy Invite
Queens (NC),9415,200 Im,4,1:51.24,Ben Sheets,,Kellianne Nagy Fall Frenzy Invite
Queens (NC),9415,200 Im,5,1:51.31,Keegan McKenney,,Kellianne Nagy Fall Frenzy Invite
Queens (NC),9415,200 Im,6,1:51.87,MIlan Samoczi,,Kellianne Nagy Fall Frenzy Invite
Queens (NC),9415,200 Im,7,1:52.28,Matt Duren,,Kellianne Nagy Fall Frenzy Invite
Queens (NC),9415,200 Im,8,1:54.23,Caleb Bailey,,Kellianne Nagy Fall Frenzy Invite
Queens (NC),9415,200 Im,9,1:55.16,Eli Brinkman,,Kellianne Nagy Fall Frenzy Invite
Queens (NC),9415,200 Im,10,1:55.81,Matt Shanahan,,Queens vs. Wingate
Queens (NC),9415,400 Im,1,3:52.47,Matt Shanahan,,Kellianne Nagy Fall Frenzy Invite
Queens (NC),9415,400 Im,2,3:54.77,Matheus TEIXEIRA PRZEWALLA,,Kellianne Nagy Fall Frenzy Invite
Queens (NC),9415,400 Im,3,4:00.72,MIlan Samoczi,,Kellianne Nagy Fall Frenzy Invite
Queens (NC),9415,400 Im,4,4:08.66,Caleb Bailey,,Kellianne Nagy Fall Frenzy Invite
Queens (NC),9415,400 Im,5,4:17.33,Ben Sheets,,Queens (NC) vs. Catawba
Queens (NC),9415,50 Free,1,19.59,Stamatis Paleocrassas,,Kellianne Nagy Fall Frenzy Invite
Queens (NC),9415,50 Free,2,19.59,Nien Levy,,Kellianne Nagy Fall Frenzy Invite
Queens (NC),9415,50 Free,3,19.76,Daniel MESZAROS,,Kellianne Nagy Fall Frenzy Invite
Queens (NC),9415,50 Free,4,19.80,Pablo Ortega,,Kellianne Nagy Fall Frenzy Invite
Queens (NC),9415,50 Free,5,19.95,Jackson Vineyard,,Kellianne Nagy Fall Frenzy Invite
Queens (NC),9415,50 Free,6,20.06,Cal Bartone,,Kellianne Nagy Fall Frenzy Invite
Queens (NC),9415,50 Free,7,20.14,Brett Bailey,,Kellianne Nagy Fall Frenzy Invite
Queens (NC),9415,50 Free,8,20.27,TJ Spokas,,Kellianne Nagy Fall Frenzy Invite
Queens (NC),9415,50 Free,9,20.30,Jonathan Henschel,,Kellianne Nagy Fall Frenzy Invite
Queens (NC),9415,50 Free,10,20.49,Ryder Androsky,,Kellianne Nagy Fall Frenzy Invite
Queens (NC),9415,500 Free,1,4:28.19,Stefan Steyn,,Kellianne Nagy Fall Frenzy Invite
Queens (NC),9415,500 Free,2,4:28.97,Matt Shanahan,,Kellianne Nagy Fall Frenzy Invite
Queens (NC),9415,500 Free,3,4:29.40,Akos Horvath,,Kellianne Nagy Fall Frenzy Invite
Queens (NC),9415,500 Free,4,4:34.22,Jack Vanvalkenburg,,Kellianne Nagy Fall Frenzy Invite
Queens (NC),9415,500 Free,5,4:35.12,Lance Young,,Kellianne Nagy Fall Frenzy Invite
Queens (NC),9415,500 Free,6,4:35.36,Ben Flasch,,Kellianne Nagy Fall Frenzy Invite
Queens (NC),9415,500 Free,7,4:36.14,Nikola Karaivanov,,Kellianne Nagy Fall Frenzy Invite
Queens (NC),9415,500 Free,8,4:41.05,Henry Flasch,,Kellianne Nagy Fall Frenzy Invite
Queens (NC),9415,500 Free,9,4:47.13,A.J. Fair,,Kellianne Nagy Fall Frenzy Invite
Rider,484,100 Back,1,50.62,Riley Rowan,,NJIT/Rider/Stony Brook Tri-Meet
Rider,484,100 Back,2,50.86,Sebastian Canosa,,NJIT/Rider/Stony Brook Tri-Meet
Rider,484,100 Back,3,51.14,Zach Mckatten,,H2ounds Invitational
Rider,484,100 Back,4,51.58,Tivon Benjamin,,H2ounds Invitational
Rider,484,100 Back,5,52.80,Nelson Paraison,,NJIT/Rider/Stony Brook Tri-Meet
Rider,484,100 Back,6,53.08,Joey Milhomens,,Rider v Fordham
Rider,484,100 Back,7,53.79,Chris Gutierrez,,H2ounds Invitational
Rider,484,100 Breast,1,54.19,Billy Ruddy,,H2ounds Invitational
Rider,484,100 Breast,2,55.20,Max Connelly,,H2ounds Invitational
Rider,484,100 Breast,3,56.38,Matthew Borovik,,Rider v Fordham
Rider,484,100 Breast,4,1:02.94,Myles Smalls,,H2ounds Invitational
Rider,484,100 Breast,5,1:03.37,Quinn Flavin,,Rider v Fordham
Rider,484,100 Fly,1,49.14,Tivon Benjamin,,H2ounds Invitational
Rider,484,100 Fly,2,49.61,Sebastian Canosa,,H2ounds Invitational
Rider,484,100 Fly,3,49.64,Ethan Rogowski,,H2ounds Invitational
Rider,484,100 Fly,4,49.98,James Bugianesi,,H2ounds Invitational
Rider,484,100 Fly,5,51.17,Nelson Paraison,,Villanova vs Rider
Rider,484,100 Fly,6,51.40,Max Connelly,,H2ounds Invitational
Rider,484,100 Fly,7,52.17,Matthew Borovik,,H2ounds Invitational
Rider,484,100 Fly,8,52.37,Zach Mckatten,,H2ounds Invitational
Rider,484,100 Fly,9,53.70,Chris Gutierrez,,H2ounds Invitational
Rider,484,100 Fly,10,54.66,Quinn Flavin,,Rider v Fordham
Rider,484,100 Free,1,45.84,Dawid Turos,,NJIT/Rider/Stony Brook Tri-Meet
Rider,484,100 Free,2,45.92,Cesar Alvarez,,H2ounds Invitational
Rider,484,100 Free,3,46.20,Ethan Rogowski,,H2ounds Invitational
Rider,484,100 Free,4,47.26,James Bugianesi,,H2ounds Invitational
Rider,484,100 Free,5,47.41,Billy Ruddy,,Rider vs. Iona
Rider,484,100 Free,6,47.43,Tivon Benjamin,,NJIT/Rider/Stony Brook Tri-Meet
Rider,484,100 Free,7,48.29,Luke Mesco,,Rider vs. Iona
Rider,484,100 Free,8,48.36,Gage Sheldahl,,H2ounds Invitational
Rider,484,100 Free,9,48.67,Max Manolache,,Villanova vs Rider
Rider,484,100 Free,10,49.36,Chris Gutierrez,,Villanova vs Rider
Rider,484,1000 Free,1,9:38.04,Luke Mesco,,NJIT/Rider/Stony Brook Tri-Meet
Rider,484,1000 Free,2,9:47.21,Filippo SALA,,Villanova vs Rider
Rider,484,1000 Free,3,9:53.17,Chris Green,,Villanova vs Rider
Rider,484,1000 Free,4,10:06.21,Ethan Rogowski,,Rider vs. Iona
Rider,484,1000 Free,5,10:23.48,Matthew Borovik,,Lehigh vs Rider
Rider,484,1000 Free,6,10:43.90,Quinn Flavin,,Rider vs. Iona
Rider,484,1650 Free,1,16:26.78,Filippo SALA,,H2ounds Invitational
Rider,484,1650 Free,2,16:52.50,Chris Green,,H2ounds Invitational
Rider,484,200 Back,1,1:51.33,Joey Milhomens,,Villanova vs Rider
Rider,484,200 Back,2,1:52.20,Zach Mckatten,,H2ounds Invitational
Rider,484,200 Back,3,1:53.36,Sebastian Canosa,,H2ounds Invitational
Rider,484,200 Back,4,1:53.72,Riley Rowan,,H2ounds Invitational
Rider,484,200 Back,5,1:57.60,Chris Gutierrez,,H2ounds Invitational
Rider,484,200 Breast,1,2:00.25,Max Connelly,,H2ounds Invitational
Rider,484,200 Breast,2,2:03.32,Matthew Borovik,,H2ounds Invitational
Rider,484,200 Breast,3,2:04.98,Billy Ruddy,,H2ounds Invitational
Rider,484,200 Breast,4,2:10.86,Quinn Flavin,,NJIT/Rider/Stony Brook Tri-Meet
Rider,484,200 Fly,1,1:52.25,Tivon Benjamin,,H2ounds Invitational
Rider,484,200 Fly,2,1:52.90,Luke Mesco,,NJIT/Rider/Stony Brook Tri-Meet
Rider,484,200 Fly,3,1:54.28,Joey Milhomens,,Villanova vs Rider
Rider,484,200 Fly,4,1:54.46,Quinn Flavin,,H2ounds Invitational
Rider,484,200 Fly,5,1:57.49,Jacob Field,,Villanova vs Rider
Rider,484,200 Free,1,1:40.63,Dawid Turos,,NJIT/Rider/Stony Brook Tri-Meet
Rider,484,200 Free,2,1:41.88,Ethan Rogowski,,H2ounds Invitational
Rider,484,200 Free,3,1:42.19,Luke Mesco,,H2ounds Invitational
Rider,484,200 Free,4,1:42.61,Gage Sheldahl,,Villanova vs Rider
Rider,484,200 Free,5,1:45.28,Cesar Alvarez,,H2ounds Invitational
Rider,484,200 Free,6,1:49.00,Max Manolache,,Villanova vs Rider
Rider,484,200 Im,1,1:56.35,Quinn Flavin,,H2ounds Invitational
Rider,484,200 Im,2,1:58.19,Joey Milhomens,,Rider v Fordham
Rider,484,200 Im,3,2:00.36,Max Connelly,,Rider v Fordham
Rider,484,200 Im,4,2:03.14,Riley Rowan,,Marist vs Rider
Rider,484,200 Im,5,2:04.76,Jacob Field,,H2ounds Invitational
Rider,484,200 Im,6,2:05.32,Matthew Borovik,,Rider vs. Iona
Rider,484,400 Im,1,4:05.86,Joey Milhomens,,H2ounds Invitational
Rider,484,400 Im,2,4:08.61,Quinn Flavin,,H2ounds Invitational
Rider,484,400 Im,3,4:13.76,Chris Green,,H2ounds Invitational
Rider,484,400 Im,4,4:18.61,Filippo SALA,,H2ounds Invitational
Rider,484,50 Free,1,20.60,Cesar Alvarez,,Villanova vs Rider
Rider,484,50 Free,2,20.68,Billy Ruddy,,H2ounds Invitational
Rider,484,50 Free,3,20.83,James Bugianesi,,H2ounds Invitational
Rider,484,50 Free,4,21.29,Dawid Turos,,H2ounds Invitational
Rider,484,50 Free,5,21.51,Max Manolache,,H2ounds Invitational
Rider,484,50 Free,6,21.73,Ethan Rogowski,,Rider vs. Iona
Rider,484,50 Free,7,22.01,Myles Smalls,,H2ounds Invitational
Rider,484,50 Free,8,22.02,Nelson Paraison,,Villanova vs Rider
Rider,484,50 Free,9,22.29,Tivon Benjamin,,Rider v Fordham
Rider,484,50 Free,10,23.17,Gage Sheldahl,,H2ounds Invitational
Rider,484,500 Free,1,4:34.28,Ethan Rogowski,,H2ounds Invitational
Rider,484,500 Free,2,4:36.69,Luke Mesco,,H2ounds Invitational
Rider,484,500 Free,3,4:44.81,Filippo SALA,,H2ounds Invitational
Rider,484,500 Free,4,4:48.39,Dawid Turos,,H2ounds Invitational
Rider,484,500 Free,5,4:50.09,Gage Sheldahl,,H2ounds Invitational
Rider,484,500 Free,6,4:53.82,Chris Green,,H2ounds Invitational
Saint Louis,491,100 Back,1,50.08,Evan Crim,,21st House of Champions Invitational
Saint Louis,491,100 Back,2,50.22,Zach Byars,,21st House of Champions Invitational
Saint Louis,491,100 Back,3,50.69,Frankie Adamo,,21st House of Champions Invitational
Saint Louis,491,100 Back,4,50.88,Ethan Hudock,,Little Rock Fall Invite
Saint Louis,491,100 Back,5,51.71,Daniel Jekov,,21st House of Champions Invitational
Saint Louis,491,100 Back,6,52.76,Kyle Algrim,,IU Indy Invite
Saint Louis,491,100 Back,7,55.04,Jimmy Dukes,,SLU vs. WASH U
Saint Louis,491,100 Back,8,57.24,Lenny Demartino,,IU Indy Invite
Saint Louis,491,100 Breast,1,54.47,Brae Sanchez,,21st House of Champions Invitational
Saint Louis,491,100 Breast,2,55.34,Tino Ferranti,,21st House of Champions Invitational
Saint Louis,491,100 Breast,3,56.38,Drayton Beber,,Little Rock Fall Invite
Saint Louis,491,100 Breast,4,56.58,Samuel Martin,,21st House of Champions Invitational
Saint Louis,491,100 Breast,5,58.17,Andrew Flight,,21st House of Champions Invitational
Saint Louis,491,100 Breast,6,58.39,Benjamin Vaught,,Little Rock Fall Invite
Saint Louis,491,100 Breast,7,58.88,Jack Favazza,,21st House of Champions Invitational
Saint Louis,491,100 Breast,8,59.34,Hayden Barnes,,Little Rock Fall Invite
Saint Louis,491,100 Fly,1,49.16,Drayton Beber,,21st House of Champions Invitational
Saint Louis,491,100 Fly,2,50.47,Ryan Fors,,21st House of Champions Invitational
Saint Louis,491,100 Fly,3,50.59,Evan Crim,,21st House of Champions Invitational
Saint Louis,491,100 Fly,4,51.34,Eduardo Sanchez,,IU Indy Invite
Saint Louis,491,100 Fly,5,51.48,Michael Romero,,21st House of Champions Invitational
Saint Louis,491,100 Fly,6,52.70,Jack Redden,,21st House of Champions Invitational
Saint Louis,491,100 Fly,7,52.95,Logan Townsend,,Little Rock Fall Invite
Saint Louis,491,100 Fly,8,53.09,Brae Sanchez,,SLU vs. UMSL
Saint Louis,491,100 Fly,9,54.02,Kyle Algrim,,21st House of Champions Invitational
Saint Louis,491,100 Fly,10,54.30,Noah Benton,,21st House of Champions Invitational
Saint Louis,491,100 Free,1,45.14,Logan Townsend,,21st House of Champions Invitational
Saint Louis,491,100 Free,2,46.10,Frankie Adamo,,21st House of Champions Invitational
Saint Louis,491,100 Free,3,46.38,Ethan Hudock,,Little Rock Fall Invite
Saint Louis,491,100 Free,4,46.61,Tyler Williams,,21st House of Champions Invitational
Saint Louis,491,100 Free,5,46.76,Jake Lundquist,,21st House of Champions Invitational
Saint Louis,491,100 Free,6,47.79,Jack Favazza,,21st House of Champions Invitational
Saint Louis,491,100 Free,7,47.92,Colton Mosley,,Saint Louis vs. Omaha
Saint Louis,491,100 Free,8,48.24,Daniel Jekov,,Saint Louis vs. Omaha
Saint Louis,491,100 Free,9,48.28,Jack Redden,,21st House of Champions Invitational
Saint Louis,491,100 Free,10,48.32,Ryan Bates,,21st House of Champions Invitational
Saint Louis,491,1000 Free,1,9:25.63,Kyle Algrim,,21st House of Champions Invitational
Saint Louis,491,1000 Free,2,9:50.38,Noah Benton,,21st House of Champions Invitational
Saint Louis,491,1000 Free,3,9:51.59,Lenny Demartino,,21st House of Champions Invitational
Saint Louis,491,1000 Free,4,9:58.46,Eduardo Sanchez,,McKendree vs. SLU
Saint Louis,491,1000 Free,5,10:20.09,Hayden Barnes,,SLU vs. UMSL
Saint Louis,491,1000 Free,6,10:25.94,Samuel Martin,,Southwest Baptist vs. Rockhurst vs. SLU
Saint Louis,491,1000 Free,7,10:48.89,Jack Favazza,,Southwest Baptist vs. Rockhurst vs. SLU
Saint Louis,491,1650 Free,1,15:40.57,Kyle Algrim,,21st House of Champions Invitational
Saint Louis,491,1650 Free,2,16:19.72,Noah Benton,,21st House of Champions Invitational
Saint Louis,491,1650 Free,3,16:31.30,Lenny Demartino,,21st House of Champions Invitational
Saint Louis,491,1650 Free,4,16:49.79,Eduardo Sanchez,,21st House of Champions Invitational
Saint Louis,491,200 Back,1,1:49.18,Zach Byars,,21st House of Champions Invitational
Saint Louis,491,200 Back,2,1:49.81,Evan Crim,,21st House of Champions Invitational
Saint Louis,491,200 Back,3,1:52.25,Daniel Jekov,,21st House of Champions Invitational
Saint Louis,491,200 Back,4,1:54.89,Ethan Hudock,,SLU vs. WASH U
Saint Louis,491,200 Back,5,1:55.91,Jimmy Dukes,,21st House of Champions Invitational
Saint Louis,491,200 Back,6,1:57.56,Eduardo Sanchez,,McKendree vs. SLU
Saint Louis,491,200 Back,7,2:05.86,Benjamin Vaught,,Southwest Baptist vs. Rockhurst vs. SLU
Saint Louis,491,200 Breast,1,2:03.06,Brae Sanchez,,21st House of Champions Invitational
Saint Louis,491,200 Breast,2,2:06.08,Samuel Martin,,21st House of Champions Invitational
Saint Louis,491,200 Breast,3,2:06.85,Benjamin Vaught,,21st House of Champions Invitational
Saint Louis,491,200 Breast,4,2:07.26,Tino Ferranti,,21st House of Champions Invitational
Saint Louis,491,200 Breast,5,2:07.36,Drayton Beber,,21st House of Champions Invitational
Saint Louis,491,200 Breast,6,2:07.47,Ben Militti,,21st House of Champions Invitational
Saint Louis,491,200 Breast,7,2:09.20,Andrew Flight,,21st House of Champions Invitational
Saint Louis,491,200 Breast,8,2:12.91,Hayden Barnes,,21st House of Champions Invitational
Saint Louis,491,200 Breast,9,2:14.86,Noah Benton,,Southwest Baptist vs. Rockhurst vs. SLU
Saint Louis,491,200 Fly,1,1:51.97,Eduardo Sanchez,,21st House of Champions Invitational
Saint Louis,491,200 Fly,2,1:53.40,Ryan Fors,,21st House of Champions Invitational
Saint Louis,491,200 Fly,3,1:55.77,Michael Romero,,21st House of Champions Invitational
Saint Louis,491,200 Fly,4,1:57.63,Kyle Algrim,,Little Rock Fall Invite
Saint Louis,491,200 Fly,5,2:01.79,Elijah Wilson,,21st House of Champions Invitational
Saint Louis,491,200 Free,1,1:39.27,Logan Townsend,,21st House of Champions Invitational
Saint Louis,491,200 Free,2,1:41.13,Kyle Algrim,,21st House of Champions Invitational
Saint Louis,491,200 Free,3,1:42.23,Tyler Williams,,21st House of Champions Invitational
Saint Louis,491,200 Free,4,1:43.48,Ben Militti,,21st House of Champions Invitational
Saint Louis,491,200 Free,5,1:43.57,Daniel Jekov,,21st House of Champions Invitational
Saint Louis,491,200 Free,6,1:43.75,Hayden Barnes,,21st House of Champions Invitational
Saint Louis,491,200 Free,7,1:44.43,Noah Benton,,21st House of Champions Invitational
Saint Louis,491,200 Free,8,1:44.61,Lenny Demartino,,21st House of Champions Invitational
Saint Louis,491,200 Free,9,1:45.26,Jake Lundquist,,21st House of Champions Invitational
Saint Louis,491,200 Free,10,1:45.36,Ryan Bates,,21st House of Champions Invitational
Saint Louis,491,200 Im,1,1:52.37,Ryan Fors,,21st House of Champions Invitational
Saint Louis,491,200 Im,2,1:52.84,Zach Byars,,21st House of Champions Invitational
Saint Louis,491,200 Im,3,1:53.00,Noah Benton,,21st House of Champions Invitational
Saint Louis,491,200 Im,4,1:53.80,Drayton Beber,,21st House of Champions Invitational
Saint Louis,491,200 Im,5,1:55.38,Eduardo Sanchez,,IU Indy Invite
Saint Louis,491,200 Im,6,1:55.86,Benjamin Vaught,,21st House of Champions Invitational
Saint Louis,491,200 Im,7,1:56.94,Jimmy Dukes,,21st House of Champions Invitational
Saint Louis,491,200 Im,8,1:57.69,Kyle Algrim,,SLU vs. WASH U
Saint Louis,491,200 Im,9,1:57.90,Jack Favazza,,21st House of Champions Invitational
Saint Louis,491,200 Im,10,2:05.10,Andrew Flight,,SLU vs. UMSL
Saint Louis,491,400 Im,1,3:54.46,Kyle Algrim,,21st House of Champions Invitational
Saint Louis,491,400 Im,2,4:02.25,Noah Benton,,21st House of Champions Invitational
Saint Louis,491,400 Im,3,4:09.82,Jimmy Dukes,,21st House of Champions Invitational
Saint Louis,491,400 Im,4,4:11.24,Benjamin Vaught,,21st House of Champions Invitational
Saint Louis,491,400 Im,5,4:12.48,Eduardo Sanchez,,21st House of Champions Invitational
Saint Louis,491,50 Free,1,20.76,Logan Townsend,,21st House of Champions Invitational
Saint Louis,491,50 Free,2,21.14,Tino Ferranti,,21st House of Champions Invitational
Saint Louis,491,50 Free,3,21.19,Evan Crim,,21st House of Champions Invitational
Saint Louis,491,50 Free,4,21.27,Frankie Adamo,,21st House of Champions Invitational
Saint Louis,491,50 Free,5,21.39,Jake Lundquist,,21st House of Champions Invitational
Saint Louis,491,50 Free,6,21.40,Brae Sanchez,,21st House of Champions Invitational
Saint Louis,491,50 Free,7,21.43,Colton Mosley,,Saint Louis vs. Omaha
Saint Louis,491,50 Free,8,21.45,Ethan Hudock,,21st House of Champions Invitational
Saint Louis,491,50 Free,9,21.46,Tyler Williams,,21st House of Champions Invitational
Saint Louis,491,50 Free,10,21.49,Drayton Beber,,Little Rock Fall Invite
Saint Louis,491,500 Free,1,4:29.02,Kyle Algrim,,21st House of Champions Invitational
Saint Louis,491,500 Free,2,4:39.20,Ben Militti,,21st House of Champions Invitational
Saint Louis,491,500 Free,3,4:41.86,Lenny Demartino,,21st House of Champions Invitational
Saint Louis,491,500 Free,4,4:41.93,Hayden Barnes,,21st House of Champions Invitational
Saint Louis,491,500 Free,5,4:47.96,Noah Benton,,McKendree vs. SLU
Saint Louis,491,500 Free,6,4:48.58,Samuel Martin,,21st House of Champions Invitational
Saint Louis,491,500 Free,7,4:55.83,Eduardo Sanchez,,SLU vs. UMSL
Saint Louis,491,500 Free,8,4:56.87,Ryan Bates,,21st House of Champions Invitational
Saint Louis,491,500 Free,9,4:59.36,Elijah Wilson,,21st House of Champions Invitational
Saint Peters,468,100 Back,1,51.37,Juan Nunez,,Gompei Invitational
Saint Peters,468,100 Back,2,52.38,Austin Carducci,,Gompei Invitational
Saint Peters,468,100 Back,3,56.21,Ean Vellescig,,Iona vs. Saint Peters
Saint Peters,468,100 Back,4,1:06.07,Anthony Torres,,Gompei Invitational
Saint Peters,468,100 Back,5,1:16.53,Daniel Sanchez,,SHU Friendgiving Duals
Saint Peters,468,100 Breast,1,57.06,Victor Fuentes,,Gompei Invitational
Saint Peters,468,100 Breast,2,57.45,Ean Vellescig,,Gompei Invitational
Saint Peters,468,100 Breast,3,1:02.09,Emerson Tofel,,Gompei Invitational
Saint Peters,468,100 Breast,4,1:05.54,Taj Seton-Martin,,Gompei Invitational
Saint Peters,468,100 Breast,5,1:06.03,Ashton SMITH,,NJIT Invitational
Saint Peters,468,100 Breast,6,1:06.20,William Horrisberger,,Gompei Invitational
Saint Peters,468,100 Breast,7,1:08.11,Niki KAMINSKAS,,St Peters vs Manhattan
Saint Peters,468,100 Breast,8,1:15.48,Paxton Gibson,,Gompei Invitational
Saint Peters,468,100 Fly,1,49.97,Tristan Angelo Raso,,Gompei Invitational
Saint Peters,468,100 Fly,2,54.66,Juan Nunez,,Manhattan vs. St Peters
Saint Peters,468,100 Fly,3,54.81,Taj Seton-Martin,,Gompei Invitational
Saint Peters,468,100 Fly,4,54.94,Niki KAMINSKAS,,Gompei Invitational
Saint Peters,468,100 Fly,5,55.13,Jeffrey (JT) Thompson,,Gompei Invitational
Saint Peters,468,100 Fly,6,56.31,Dean Lliguicota,,Gompei Invitational
Saint Peters,468,100 Fly,7,56.71,Patch Robinson,,Gompei Invitational
Saint Peters,468,100 Fly,8,58.72,Austin Carducci,,Iona vs. Saint Peters
Saint Peters,468,100 Fly,9,1:01.98,Ean Vellescig,,Iona vs. Saint Peters
Saint Peters,468,100 Fly,10,1:02.05,Daniel Sanchez,,Gompei Invitational
Saint Peters,468,100 Free,1,47.26,Ashton SMITH,,Gompei Invitational
Saint Peters,468,100 Free,2,47.64,Juan Nunez,,Gompei Invitational
Saint Peters,468,100 Free,3,48.30,Patch Robinson,,Gompei Invitational
Saint Peters,468,100 Free,4,48.40,Jeffrey (JT) Thompson,,Gompei Invitational
Saint Peters,468,100 Free,5,49.39,Niki KAMINSKAS,,Gompei Invitational
Saint Peters,468,100 Free,6,49.77,Austin Carducci,,Gompei Invitational
Saint Peters,468,100 Free,7,49.92,Victor Fuentes,,Gompei Invitational
Saint Peters,468,100 Free,8,50.07,Ean Vellescig,,Gompei Invitational
Saint Peters,468,100 Free,9,52.72,Dean Lliguicota,,Gompei Invitational
Saint Peters,468,100 Free,10,53.17,Tristan Angelo Raso,,Iona vs. Saint Peters
Saint Peters,468,1000 Free,1,9:42.40,Juan Nunez,,Gompei Invitational
Saint Peters,468,1000 Free,2,9:54.18,Patch Robinson,,Gompei Invitational
Saint Peters,468,1000 Free,3,10:47.86,Emerson Tofel,,SHU Friendgiving Duals
Saint Peters,468,1000 Free,4,10:50.43,Jeffrey (JT) Thompson,,St Peters vs Manhattan
Saint Peters,468,1000 Free,5,12:01.14,William Horrisberger,,NJIT Invitational
Saint Peters,468,1650 Free,1,16:06.94,Juan Nunez,,Gompei Invitational
Saint Peters,468,1650 Free,2,16:25.27,Patch Robinson,,Gompei Invitational
Saint Peters,468,1650 Free,3,17:40.36,Jeffrey (JT) Thompson,,St Peters vs Manhattan
Saint Peters,468,1650 Free,4,18:16.08,Emerson Tofel,,St Peters vs Manhattan
Saint Peters,468,1650 Free,5,19:50.96,William Horrisberger,,NJIT Invitational
Saint Peters,468,200 Back,1,1:50.14,Juan Nunez,,Gompei Invitational
Saint Peters,468,200 Back,2,1:54.76,Ean Vellescig,,Gompei Invitational
Saint Peters,468,200 Back,3,1:56.05,Austin Carducci,,Gompei Invitational
Saint Peters,468,200 Back,4,2:28.73,Anthony Torres,,SHU Friendgiving Duals
Saint Peters,468,200 Back,5,2:53.06,Daniel Sanchez,,St Peters vs Manhattan
Saint Peters,468,200 Breast,1,2:04.49,Ean Vellescig,,Gompei Invitational
Saint Peters,468,200 Breast,2,2:07.11,Victor Fuentes,,Gompei Invitational
Saint Peters,468,200 Breast,3,2:15.82,Patch Robinson,,St Peters vs Manhattan
Saint Peters,468,200 Breast,4,2:27.32,Emerson Tofel,,NJIT Invitational
Saint Peters,468,200 Breast,5,2:36.52,William Horrisberger,,St Peters vs Manhattan
Saint Peters,468,200 Fly,1,1:57.72,Tristan Angelo Raso,,Gompei Invitational
Saint Peters,468,200 Fly,2,2:00.39,Patch Robinson,,St Peters vs Manhattan
Saint Peters,468,200 Fly,3,2:08.31,Jeffrey (JT) Thompson,,Gompei Invitational
Saint Peters,468,200 Fly,4,2:10.15,Dean Lliguicota,,Gompei Invitational
Saint Peters,468,200 Fly,5,2:10.85,Ean Vellescig,,St Peters vs Manhattan
Saint Peters,468,200 Fly,6,2:14.70,Taj Seton-Martin,,SHU Friendgiving Duals
Saint Peters,468,200 Free,1,1:45.26,Juan Nunez,,Gompei Invitational
Saint Peters,468,200 Free,2,1:45.35,Patch Robinson,,Gompei Invitational
Saint Peters,468,200 Free,3,1:47.26,Jeffrey (JT) Thompson,,Gompei Invitational
Saint Peters,468,200 Free,4,1:47.35,Ashton SMITH,,Gompei Invitational
Saint Peters,468,200 Free,5,1:49.72,Austin Carducci,,St Peters vs Manhattan
Saint Peters,468,200 Free,6,1:52.88,Ean Vellescig,,NJIT Invitational
Saint Peters,468,200 Free,7,1:55.00,Niki KAMINSKAS,,Manhattan vs. St Peters
Saint Peters,468,200 Free,8,1:55.41,Dean Lliguicota,,Gompei Invitational
Saint Peters,468,200 Free,9,1:55.96,Emerson Tofel,,Iona vs. Saint Peters
Saint Peters,468,200 Free,10,2:00.92,Taj Seton-Martin,,NJIT Invitational
Saint Peters,468,200 Im,1,1:56.43,Ean Vellescig,,Gompei Invitational
Saint Peters,468,200 Im,2,1:56.83,Austin Carducci,,Gompei Invitational
Saint Peters,468,200 Im,3,1:58.07,Juan Nunez,,Manhattan vs. St Peters
Saint Peters,468,200 Im,4,2:00.06,Victor Fuentes,,Gompei Invitational
Saint Peters,468,200 Im,5,2:00.17,Patch Robinson,,SHU Friendgiving Duals
Saint Peters,468,200 Im,6,2:09.25,Emerson Tofel,,NJIT Invitational
Saint Peters,468,200 Im,7,2:10.79,Niki KAMINSKAS,,SHU Friendgiving Duals
Saint Peters,468,200 Im,8,2:11.92,Taj Seton-Martin,,Gompei Invitational
Saint Peters,468,200 Im,9,2:17.25,William Horrisberger,,Gompei Invitational
Saint Peters,468,400 Im,1,4:03.83,Juan Nunez,,Gompei Invitational
Saint Peters,468,400 Im,2,4:08.55,Patch Robinson,,Gompei Invitational
Saint Peters,468,400 Im,3,4:21.82,Ean Vellescig,,Iona vs. Saint Peters
Saint Peters,468,400 Im,4,4:34.57,Emerson Tofel,,St Peters vs Manhattan
Saint Peters,468,400 Im,5,4:39.28,Austin Carducci,,NJIT Invitational
Saint Peters,468,400 Im,6,4:55.84,Taj Seton-Martin,,NJIT Invitational
Saint Peters,468,50 Free,1,21.41,Ashton SMITH,,Gompei Invitational
Saint Peters,468,50 Free,2,22.19,Austin Carducci,,Gompei Invitational
Saint Peters,468,50 Free,3,22.38,Jeffrey (JT) Thompson,,Gompei Invitational
Saint Peters,468,50 Free,4,22.48,Niki KAMINSKAS,,Gompei Invitational
Saint Peters,468,50 Free,5,22.74,Victor Fuentes,,St Peters vs Manhattan
Saint Peters,468,50 Free,6,22.85,Juan Nunez,,Gompei Invitational
Saint Peters,468,50 Free,7,23.09,Patch Robinson,,Gompei Invitational
Saint Peters,468,50 Free,8,23.10,Tristan Angelo Raso,,Gompei Invitational
Saint Peters,468,50 Free,9,23.49,Taj Seton-Martin,,Gompei Invitational
Saint Peters,468,50 Free,10,23.83,Ean Vellescig,,Iona vs. Saint Peters
Saint Peters,468,500 Free,1,4:40.41,Juan Nunez,,Gompei Invitational
Saint Peters,468,500 Free,2,4:43.72,Patch Robinson,,Gompei Invitational
Saint Peters,468,500 Free,3,4:50.55,Ashton SMITH,,Gompei Invitational
Saint Peters,468,500 Free,4,5:01.99,Jeffrey (JT) Thompson,,NJIT Invitational
Saint Peters,468,500 Free,5,5:06.79,Emerson Tofel,,Gompei Invitational
Saint Peters,468,500 Free,6,5:07.58,Ean Vellescig,,St Peters vs Manhattan
Saint Peters,468,500 Free,7,5:12.11,Niki KAMINSKAS,,Manhattan vs. St Peters
Saint Peters,468,500 Free,8,5:22.38,Tristan Angelo Raso,,NJIT Invitational
Saint Peters,468,500 Free,9,5:30.70,Dean Lliguicota,,Manhattan vs. St Peters
Saint Peters,468,500 Free,10,5:37.96,William Horrisberger,,NJIT Invitational
Seattle,90,100 Back,1,47.22,Danielis Kvederis,,Seattle vs. Pepperdine & Puget Sound
Seattle,90,100 Back,2,49.30,Mathias Synnott,,NW Collegiate Invitational
Seattle,90,100 Back,3,50.70,Ryan Cesmat,,NW Collegiate Invitational
Seattle,90,100 Back,4,51.71,Vlad Shustov,,NW Collegiate Invitational
Seattle,90,100 Back,5,51.93,Kaiu Taylor,,Seattle vs. Air Force
Seattle,90,100 Back,6,52.02,Jae Lee,,NW Collegiate Invitational
Seattle,90,100 Breast,1,55.11,Owen Collins,,NW Collegiate Invitational
Seattle,90,100 Breast,2,55.16,Brendan Ryan,,NW Collegiate Invitational
Seattle,90,100 Breast,3,55.58,Nathan Headon-Weeks,,NW Collegiate Invitational
Seattle,90,100 Breast,4,55.97,Morgan Robinson,,NW Collegiate Invitational
Seattle,90,100 Breast,5,1:01.02,Daniel Strohmeyer,,Seattle vs. Pepperdine & Puget Sound
Seattle,90,100 Fly,1,49.64,Danielis Kvederis,,Seattle vs. Pepperdine & Puget Sound
Seattle,90,100 Fly,2,49.65,Hawkins Wendt,,NW Collegiate Invitational
Seattle,90,100 Fly,3,49.69,Ryan Cesmat,,NW Collegiate Invitational
Seattle,90,100 Fly,4,49.76,Keanu Lee,,Seattle vs. Air Force
Seattle,90,100 Fly,5,49.84,Nathan Headon-Weeks,,NW Collegiate Invitational
Seattle,90,100 Fly,6,50.26,Kyle Lewis,,NW Collegiate Invitational
Seattle,90,100 Fly,7,50.82,Kyle Lewis,,Seattle vs. Air Force
Seattle,90,100 Fly,8,51.07,Vlad Shustov,,NW Collegiate Invitational
Seattle,90,100 Fly,9,51.98,Austin Abrojena,,NW Collegiate Invitational
Seattle,90,100 Fly,10,52.51,Minsong Kim,,NW Collegiate Invitational
Seattle,90,100 Free,1,44.64,Jamie Crawford,,NW Collegiate Invitational
Seattle,90,100 Free,2,44.67,Hawkins Wendt,,NW Collegiate Invitational
Seattle,90,100 Free,3,44.83,Hennig Colsman,,NW Collegiate Invitational
Seattle,90,100 Free,4,45.88,Ryan Cesmat,,NW Collegiate Invitational
Seattle,90,100 Free,5,45.91,Hunter Dawson,,NW Collegiate Invitational
Seattle,90,100 Free,6,46.28,Garrett Haggmark,,NW Collegiate Invitational
Seattle,90,100 Free,7,46.46,Owen Collins,,NW Collegiate Invitational
Seattle,90,100 Free,8,46.71,Daniel Strohmeyer,,NW Collegiate Invitational
Seattle,90,100 Free,9,46.72,Austin Abrojena,,NW Collegiate Invitational
Seattle,90,100 Free,10,47.36,Brendan Ryan,,Seattle vs. Pepperdine & Puget Sound
Seattle,90,1000 Free,1,9:25.32,Danielis Kvederis,,Seattle vs. Pepperdine & Puget Sound
Seattle,90,1000 Free,2,10:08.69,Vlad Shustov,,Seattle vs. Air Force
Seattle,90,1000 Free,3,10:13.34,Theo Johansen,,Seattle vs. Air Force
Seattle,90,1650 Free,1,17:20.15,Theo Johansen,,NW Collegiate Invitational
Seattle,90,200 Back,1,1:46.08,Danielis Kvederis,,NW Collegiate Invitational
Seattle,90,200 Back,2,1:49.19,Mathias Synnott,,NW Collegiate Invitational
Seattle,90,200 Back,3,1:56.58,Kaiu Taylor,,NW Collegiate Invitational
Seattle,90,200 Back,4,1:58.52,Jae Lee,,NW Collegiate Invitational
Seattle,90,200 Breast,1,1:58.66,Brendan Ryan,,NW Collegiate Invitational
Seattle,90,200 Breast,2,2:02.76,Morgan Robinson,,NW Collegiate Invitational
Seattle,90,200 Breast,3,2:03.29,Owen Collins,,NW Collegiate Invitational
Seattle,90,200 Breast,4,2:04.57,Nathan Headon-Weeks,,NW Collegiate Invitational
Seattle,90,200 Fly,1,1:48.44,Keanu Lee,,Seattle vs. Air Force
Seattle,90,200 Fly,2,1:50.11,Danielis Kvederis,,Seattle vs. Air Force
Seattle,90,200 Fly,3,1:53.69,Kyle Lewis,,Seattle vs. Pepperdine & Puget Sound
Seattle,90,200 Fly,4,1:54.48,Kyle Lewis,,Seattle vs. Air Force
Seattle,90,200 Fly,5,1:56.60,Vlad Shustov,,Seattle vs. Pepperdine & Puget Sound
Seattle,90,200 Fly,6,2:03.39,Austin Abrojena,,PAC Invite
Seattle,90,200 Free,1,1:40.48,Jamie Crawford,,NW Collegiate Invitational
Seattle,90,200 Free,2,1:41.04,Hennig Colsman,,NW Collegiate Invitational
Seattle,90,200 Free,3,1:43.25,Hunter Dawson,,NW Collegiate Invitational
Seattle,90,200 Free,4,1:44.82,Garrett Haggmark,,NW Collegiate Invitational
Seattle,90,200 Free,5,1:44.88,Kyle Lewis,,Seattle vs. Pepperdine & Puget Sound
Seattle,90,200 Free,6,1:46.31,Austin Abrojena,,Seattle vs. Air Force
Seattle,90,200 Free,7,1:49.22,Theo Johansen,,NW Collegiate Invitational
Seattle,90,200 Free,8,2:01.17,Vlad Shustov,,PAC Invite
Seattle,90,200 Im,1,1:49.24,Brendan Ryan,,NW Collegiate Invitational
Seattle,90,200 Im,2,1:51.45,Keanu Lee,,NW Collegiate Invitational
Seattle,90,200 Im,3,1:53.03,Morgan Robinson,,NW Collegiate Invitational
Seattle,90,200 Im,4,1:54.24,Nathan Headon-Weeks,,NW Collegiate Invitational
Seattle,90,200 Im,5,1:54.43,Owen Collins,,NW Collegiate Invitational
Seattle,90,200 Im,6,1:54.99,Vlad Shustov,,NW Collegiate Invitational
Seattle,90,200 Im,7,1:59.78,Jae Lee,,NW Collegiate Invitational
Seattle,90,400 Im,1,3:58.66,Brendan Ryan,,NW Collegiate Invitational
Seattle,90,400 Im,2,4:01.47,Keanu Lee,,NW Collegiate Invitational
Seattle,90,400 Im,3,4:08.04,Morgan Robinson,,NW Collegiate Invitational
Seattle,90,50 Free,1,19.94,Hawkins Wendt,,NW Collegiate Invitational
Seattle,90,50 Free,2,20.28,Hennig Colsman,,NW Collegiate Invitational
Seattle,90,50 Free,3,20.34,Jamie Crawford,,NW Collegiate Invitational
Seattle,90,50 Free,4,20.75,Garrett Haggmark,,NW Collegiate Invitational
Seattle,90,50 Free,5,20.87,Hunter Dawson,,NW Collegiate Invitational
Seattle,90,50 Free,6,21.03,Ryan Cesmat,,NW Collegiate Invitational
Seattle,90,50 Free,7,21.18,Daniel Strohmeyer,,NW Collegiate Invitational
Seattle,90,50 Free,8,21.30,Austin Abrojena,,NW Collegiate Invitational
Seattle,90,50 Free,9,21.30,Vlad Shustov,,NW Collegiate Invitational
Seattle,90,50 Free,10,21.61,Minsong Kim,,NW Collegiate Invitational
Seattle,90,500 Free,1,4:31.01,Danielis Kvederis,,NW Collegiate Invitational
Seattle,90,500 Free,2,4:42.74,Mathias Synnott,,NW Collegiate Invitational
Seattle,90,500 Free,3,4:49.38,Hunter Dawson,,Seattle vs. Air Force
Seattle,90,500 Free,4,4:49.42,Kyle Lewis,,NW Collegiate Invitational
Seattle,90,500 Free,5,4:52.54,Theo Johansen,,Seattle vs. Pepperdine & Puget Sound
Seattle,90,500 Free,6,4:55.54,Austin Abrojena,,NW Collegiate Invitational
Seattle,90,500 Free,7,5:00.76,Hennig Colsman,,Seattle vs. Pepperdine & Puget Sound
Seton Hall,462,100 Back,1,48.26,Bálint MAROSI,,Bucknell Invitational
Seton Hall,462,100 Back,2,48.94,Chris Jackson,,Bucknell Invitational
Seton Hall,462,100 Back,3,49.91,Kaedin Duong,,Bucknell Fall Invite
Seton Hall,462,100 Back,4,50.18,Ethan Shonk,,Bucknell Fall Invite
Seton Hall,462,100 Back,5,50.19,Kale Duong,,Bucknell Invitational
Seton Hall,462,100 Back,6,50.82,Kevin Cary,,Bucknell Fall Invite
Seton Hall,462,100 Back,7,53.61,Talan Hickman,,Bucknell Invitational
Seton Hall,462,100 Breast,1,54.76,Jaeger Ellerman,,Bucknell Invitational
Seton Hall,462,100 Breast,2,56.01,Evan Wilson,,Bucknell Invitational
Seton Hall,462,100 Breast,3,56.60,Lorenzo Tabladini,,Bucknell Invitational
Seton Hall,462,100 Breast,4,56.89,Daniel Krajewski,,Bucknell Invitational
Seton Hall,462,100 Fly,1,46.75,Michael Klimaszewski,,Bucknell Invitational
Seton Hall,462,100 Fly,2,49.42,Chris Jackson,,Bucknell Invitational
Seton Hall,462,100 Fly,3,50.18,Jake Karulf,,Seton Hall vs. Lehigh
Seton Hall,462,100 Fly,4,51.06,Bálint MAROSI,,Bucknell Fall Invite
Seton Hall,462,100 Fly,5,51.30,Kaedin Duong,,Bucknell Invitational
Seton Hall,462,100 Fly,6,51.93,Talan Hickman,,Bucknell Invitational
Seton Hall,462,100 Fly,7,52.43,Ethan Shonk,,Bucknell Invitational
Seton Hall,462,100 Fly,8,52.94,Zach McLeod,,Seton Hall vs. Monmouth
Seton Hall,462,100 Fly,9,53.75,Clil Halevi,,Seton Hall vs. Lehigh
Seton Hall,462,100 Fly,10,53.85,Daniel Krajewski,,Bucknell Invitational
Seton Hall,462,100 Free,1,43.36,Michael Klimaszewski,,Bucknell Invitational
Seton Hall,462,100 Free,2,44.03,Toma Adam,,Bucknell Invitational
Seton Hall,462,100 Free,3,44.53,Kevin Cary,,Bucknell Invitational
Seton Hall,462,100 Free,4,45.76,Evan Wilson,,Bucknell Invitational
Seton Hall,462,100 Free,5,46.03,Jake Karulf,,Bucknell Fall Invite
Seton Hall,462,100 Free,6,46.11,Bálint MAROSI,,Bucknell Fall Invite
Seton Hall,462,100 Free,7,46.91,Chris Jackson,,Bucknell Invitational
Seton Hall,462,100 Free,8,47.19,Jaden Bunt,,Bucknell Invitational
Seton Hall,462,100 Free,9,47.49,Jaeger Ellerman,,Seton Hall vs. Monmouth
Seton Hall,462,100 Free,10,47.68,Jack Callan,,Seton Hall vs. Lehigh
Seton Hall,462,1000 Free,1,9:26.56,Zach McLeod,,Bucknell Invitational
Seton Hall,462,1000 Free,2,9:28.32,Jack Callan,,Bucknell Invitational
Seton Hall,462,1000 Free,3,9:38.74,Clil Halevi,,Seton Hall vs. Wagner
Seton Hall,462,1000 Free,4,9:58.77,Jaden Bunt,,Bucknell Invitational
Seton Hall,462,1650 Free,1,15:39.48,Jack Callan,,Bucknell Invitational
Seton Hall,462,1650 Free,2,15:47.34,Zach McLeod,,Bucknell Invitational
Seton Hall,462,1650 Free,3,15:53.04,Clil Halevi,,Seton Hall vs. Wagner
Seton Hall,462,1650 Free,4,16:30.13,Jaden Bunt,,Bucknell Invitational
Seton Hall,462,200 Back,1,1:46.16,Bálint MAROSI,,Bucknell Invitational
Seton Hall,462,200 Back,2,1:49.10,Kaedin Duong,,Bucknell Fall Invite
Seton Hall,462,200 Back,3,1:49.72,Kale Duong,,Bucknell Fall Invite
Seton Hall,462,200 Back,4,1:51.81,Kevin Cary,,Seton Hall vs. Wagner
Seton Hall,462,200 Back,5,1:52.08,Ethan Shonk,,Bucknell Fall Invite
Seton Hall,462,200 Breast,1,2:01.58,Jaeger Ellerman,,Bucknell Invitational
Seton Hall,462,200 Breast,2,2:03.48,Lorenzo Tabladini,,Bucknell Invitational
Seton Hall,462,200 Breast,3,2:05.66,Daniel Krajewski,,Bucknell Invitational
Seton Hall,462,200 Breast,4,2:07.01,Evan Wilson,,Bucknell Invitational
Seton Hall,462,200 Fly,1,1:48.23,Zach McLeod,,Bucknell Invitational
Seton Hall,462,200 Fly,2,1:50.76,Jake Karulf,,Bucknell Invitational
Seton Hall,462,200 Fly,3,1:52.20,Wesley Schlachter,,Bucknell Invitational
Seton Hall,462,200 Fly,4,1:59.70,Talan Hickman,,Bucknell Fall Invite
Seton Hall,462,200 Free,1,1:37.41,Kevin Cary,,Bucknell Invitational
Seton Hall,462,200 Free,2,1:38.21,Michael Klimaszewski,,Bucknell Invitational
Seton Hall,462,200 Free,3,1:38.38,Jack Callan,,Bucknell Invitational
Seton Hall,462,200 Free,4,1:39.24,Toma Adam,,Bucknell Invitational
Seton Hall,462,200 Free,5,1:40.38,Zach McLeod,,Bucknell Invitational
Seton Hall,462,200 Free,6,1:40.52,Wesley Schlachter,,Bucknell Invitational
Seton Hall,462,200 Free,7,1:41.59,Jaden Bunt,,Bucknell Invitational
Seton Hall,462,200 Free,8,1:42.69,Bálint MAROSI,,Seton Hall vs. Towson
Seton Hall,462,200 Free,9,1:43.00,Jake Karulf,,Seton Hall vs. Monmouth
Seton Hall,462,200 Free,10,1:44.11,Clil Halevi,,Bucknell Invitational
Seton Hall,462,200 Im,1,1:46.88,Bálint MAROSI,,Bucknell Invitational
Seton Hall,462,200 Im,2,1:49.62,Kevin Cary,,Bucknell Invitational
Seton Hall,462,200 Im,3,1:50.64,Jake Karulf,,Bucknell Invitational
Seton Hall,462,200 Im,4,1:51.73,Daniel Krajewski,,Bucknell Invitational
Seton Hall,462,200 Im,5,1:53.26,Kale Duong,,Bucknell Invitational
Seton Hall,462,200 Im,6,1:56.13,Chris Jackson,,Bucknell Invitational
Seton Hall,462,200 Im,7,1:56.50,Lorenzo Tabladini,,Bucknell Invitational
Seton Hall,462,200 Im,8,1:58.39,Zach McLeod,,Bucknell Fall Invite
Seton Hall,462,400 Im,1,3:58.12,Daniel Krajewski,,Bucknell Invitational
Seton Hall,462,400 Im,2,4:03.01,Kevin Cary,,Bucknell Fall Invite
Seton Hall,462,400 Im,3,4:05.73,Jake Karulf,,Bucknell Invitational
Seton Hall,462,50 Free,1,20.23,Toma Adam,,Bucknell Invitational
Seton Hall,462,50 Free,2,20.50,Michael Klimaszewski,,Bucknell Invitational
Seton Hall,462,50 Free,3,20.71,Evan Wilson,,Bucknell Invitational
Seton Hall,462,50 Free,4,21.04,Kevin Cary,,Bucknell Fall Invite
Seton Hall,462,50 Free,5,21.17,Jaeger Ellerman,,Bucknell Invitational
Seton Hall,462,50 Free,6,21.42,Chris Jackson,,Bucknell Fall Invite
Seton Hall,462,50 Free,7,21.60,Jack Callan,,Bucknell Fall Invite
Seton Hall,462,50 Free,8,21.70,Bálint MAROSI,,Seton Hall vs. Lehigh
Seton Hall,462,50 Free,9,22.10,Daniel Krajewski,,Bucknell Fall Invite
Seton Hall,462,50 Free,10,22.12,Wesley Schlachter,,Drexel vs. Seton Hall
Seton Hall,462,500 Free,1,4:26.91,Zach McLeod,,Bucknell Invitational
Seton Hall,462,500 Free,2,4:27.72,Jack Callan,,Bucknell Invitational
Seton Hall,462,500 Free,3,4:36.33,Clil Halevi,,Bucknell Invitational
Seton Hall,462,500 Free,4,4:36.68,Wesley Schlachter,,Bucknell Invitational
Seton Hall,462,500 Free,5,4:37.36,Jaden Bunt,,Bucknell Invitational
South Dakota State,451,100 Back,1,49.11,Zack Heiar,,UST Tommie Invitational
South Dakota State,451,100 Back,2,49.19,Colby Williams,,UST Tommie Invitational
South Dakota State,451,100 Back,3,51.02,Evan Schott,,UST Tommie Invitational
South Dakota State,451,100 Back,4,52.05,Owen Byrd,,UST Tommie Invitational
South Dakota State,451,100 Back,5,52.60,Will Stanton,,UST Tommie Invitational
South Dakota State,451,100 Back,6,53.90,Jon Galles,,"Minnesota vs. St Thomas, South Dakota"
South Dakota State,451,100 Back,7,54.30,Conner Trinidad,,UST Tommie Invitational
South Dakota State,451,100 Back,8,57.62,Vaughn Raimo,,"Nebraska vs. Omaha, South Dakota State"
South Dakota State,451,100 Breast,1,54.68,David Bosch,,UST Tommie Invitational
South Dakota State,451,100 Breast,2,54.76,Nik Keuser,,UST Tommie Invitational
South Dakota State,451,100 Breast,3,55.72,Cody Vertin,,UST Tommie Invitational
South Dakota State,451,100 Breast,4,55.77,Colt Frein,,UST Tommie Invitational
South Dakota State,451,100 Breast,5,57.47,Aidan Jackson,,UST Tommie Invitational
South Dakota State,451,100 Breast,6,57.59,Josh Nelson,,UST Tommie Invitational
South Dakota State,451,100 Breast,7,1:02.24,Kolden Kringen,,South Dakota State vs. Augustana (SD)
South Dakota State,451,100 Fly,1,48.40,Braxton McGrath,,UST Tommie Invitational
South Dakota State,451,100 Fly,2,49.30,Hayden Tellier,,UST Tommie Invitational
South Dakota State,451,100 Fly,3,49.89,David Bosch,,UST Tommie Invitational
South Dakota State,451,100 Fly,4,50.02,Zack Heiar,,UST Tommie Invitational
South Dakota State,451,100 Fly,5,50.69,Eric Anderson,,UST Tommie Invitational
South Dakota State,451,100 Fly,6,50.96,Colt Frein,,UST Tommie Invitational
South Dakota State,451,100 Fly,7,51.49,Jacob Bruns,,UST Tommie Invitational
South Dakota State,451,100 Fly,8,51.56,Nik Keuser,,UST Tommie Invitational
South Dakota State,451,100 Fly,9,51.87,Bryan Wong,,UST Tommie Invitational
South Dakota State,451,100 Fly,10,52.19,Vaughn Raimo,,UST Tommie Invitational
South Dakota State,451,100 Free,1,44.33,Zavier Kranz,,UST Tommie Invitational
South Dakota State,451,100 Free,2,45.54,Colby Williams,,UST Tommie Invitational
South Dakota State,451,100 Free,3,45.66,Eric Anderson,,UST Tommie Invitational
South Dakota State,451,100 Free,4,45.69,Colt Frein,,UST Tommie Invitational
South Dakota State,451,100 Free,5,46.01,Jon Galles,,UST Tommie Invitational
South Dakota State,451,100 Free,6,46.61,Cody Vertin,,UST Tommie Invitational
South Dakota State,451,100 Free,7,47.24,Bryce Edens,,"Minnesota vs. St Thomas, South Dakota"
South Dakota State,451,100 Free,8,47.51,Caleb Steward,,UST Tommie Invitational
South Dakota State,451,100 Free,9,47.65,Zack Heiar,,UST Tommie Invitational
South Dakota State,451,100 Free,10,47.95,Conner Trinidad,,UST Tommie Invitational
South Dakota State,451,1000 Free,1,9:31.63,Luke Watkins,,UST Tommie Invitational
South Dakota State,451,1000 Free,2,9:39.57,Jack Ellison,,UST Tommie Invitational
South Dakota State,451,1000 Free,3,10:01.73,Kolden Kringen,,"Nebraska vs. Omaha, South Dakota State"
South Dakota State,451,1000 Free,4,10:07.49,Roan Walsmith,,UST Tommie Invitational
South Dakota State,451,1000 Free,5,10:13.68,Landon Schemel,,"Minnesota vs. St Thomas, South Dakota"
South Dakota State,451,1000 Free,6,10:15.15,Austin Lewis,,"Minnesota vs. St Thomas, South Dakota"
South Dakota State,451,1650 Free,1,15:46.84,Luke Watkins,,UST Tommie Invitational
South Dakota State,451,1650 Free,2,15:55.19,Jack Ellison,,UST Tommie Invitational
South Dakota State,451,1650 Free,3,16:43.31,Roan Walsmith,,UST Tommie Invitational
South Dakota State,451,200 Back,1,1:47.80,Evan Schott,,UST Tommie Invitational
South Dakota State,451,200 Back,2,1:48.11,Colby Williams,,UST Tommie Invitational
South Dakota State,451,200 Back,3,1:52.72,Owen Byrd,,UST Tommie Invitational
South Dakota State,451,200 Back,4,1:53.76,Will Stanton,,UST Tommie Invitational
South Dakota State,451,200 Back,5,1:55.78,Zack Heiar,,UST Tommie Invitational
South Dakota State,451,200 Back,6,2:00.65,Conner Trinidad,,"Nebraska vs. Omaha, South Dakota State"
South Dakota State,451,200 Breast,1,2:00.00,Cody Vertin,,UST Tommie Invitational
South Dakota State,451,200 Breast,2,2:00.34,Nik Keuser,,UST Tommie Invitational
South Dakota State,451,200 Breast,3,2:05.35,Aidan Jackson,,UST Tommie Invitational
South Dakota State,451,200 Breast,4,2:05.80,David Bosch,,UST Tommie Invitational
South Dakota State,451,200 Breast,5,2:08.17,Luke Watkins,,UST Tommie Invitational
South Dakota State,451,200 Breast,6,2:12.17,Kolden Kringen,,Coyote Extravaganza
South Dakota State,451,200 Breast,7,2:16.84,Josh Nelson,,Coyote Extravaganza
South Dakota State,451,200 Fly,1,1:48.09,Braxton McGrath,,UST Tommie Invitational
South Dakota State,451,200 Fly,2,1:52.19,Landon Schemel,,UST Tommie Invitational
South Dakota State,451,200 Fly,3,1:52.28,Jack Ellison,,UST Tommie Invitational
South Dakota State,451,200 Fly,4,1:52.48,Kolden Kringen,,UST Tommie Invitational
South Dakota State,451,200 Fly,5,1:52.58,Hayden Tellier,,UST Tommie Invitational
South Dakota State,451,200 Fly,6,1:53.24,Bryan Wong,,UST Tommie Invitational
South Dakota State,451,200 Fly,7,1:54.13,Owen Byrd,,UST Tommie Invitational
South Dakota State,451,200 Fly,8,1:59.03,Vaughn Raimo,,UST Tommie Invitational
South Dakota State,451,200 Free,1,1:38.77,Zavier Kranz,,UST Tommie Invitational
South Dakota State,451,200 Free,2,1:40.89,Landon Schemel,,UST Tommie Invitational
South Dakota State,451,200 Free,3,1:41.51,Jack Ellison,,UST Tommie Invitational
South Dakota State,451,200 Free,4,1:41.68,Conner Trinidad,,UST Tommie Invitational
South Dakota State,451,200 Free,5,1:42.51,Jon Galles,,UST Tommie Invitational
South Dakota State,451,200 Free,6,1:43.26,Braxton McGrath,,UST Tommie Invitational
South Dakota State,451,200 Free,7,1:43.53,Austin Lewis,,UST Tommie Invitational
South Dakota State,451,200 Free,8,1:43.87,Caleb Steward,,UST Tommie Invitational
South Dakota State,451,200 Free,9,1:44.23,Owen Byrd,,UST Tommie Invitational
South Dakota State,451,200 Free,10,1:44.31,Kolden Kringen,,"Minnesota vs. St Thomas, South Dakota"
South Dakota State,451,200 Im,1,1:48.79,Cody Vertin,,UST Tommie Invitational
South Dakota State,451,200 Im,2,1:51.50,Conner Trinidad,,UST Tommie Invitational
South Dakota State,451,200 Im,3,1:52.49,Evan Schott,,UST Tommie Invitational
South Dakota State,451,200 Im,4,1:52.88,Braxton McGrath,,UST Tommie Invitational
South Dakota State,451,200 Im,5,1:54.01,Owen Byrd,,UST Tommie Invitational
South Dakota State,451,200 Im,6,1:54.07,Kolden Kringen,,UST Tommie Invitational
South Dakota State,451,200 Im,7,1:54.58,Hayden Tellier,,UST Tommie Invitational
South Dakota State,451,200 Im,8,1:54.88,Aidan Jackson,,UST Tommie Invitational
South Dakota State,451,200 Im,9,1:56.45,Jon Galles,,UST Tommie Invitational
South Dakota State,451,200 Im,10,1:56.81,Josh Nelson,,UST Tommie Invitational
South Dakota State,451,400 Im,1,3:57.77,Cody Vertin,,UST Tommie Invitational
South Dakota State,451,400 Im,2,3:58.13,Owen Byrd,,UST Tommie Invitational
South Dakota State,451,400 Im,3,4:00.10,Evan Schott,,UST Tommie Invitational
South Dakota State,451,400 Im,4,4:01.10,Luke Watkins,,UST Tommie Invitational
South Dakota State,451,400 Im,5,4:01.18,Kolden Kringen,,UST Tommie Invitational
South Dakota State,451,400 Im,6,4:01.65,Jack Ellison,,UST Tommie Invitational
South Dakota State,451,400 Im,7,4:07.81,Bryan Wong,,UST Tommie Invitational
South Dakota State,451,400 Im,8,4:08.75,Josh Nelson,,UST Tommie Invitational
South Dakota State,451,400 Im,9,4:10.38,Hayden Tellier,,UST Tommie Invitational
South Dakota State,451,400 Im,10,4:34.06,Vaughn Raimo,,Coyote Extravaganza
South Dakota State,451,50 Free,1,20.56,Eric Anderson,,UST Tommie Invitational
South Dakota State,451,50 Free,2,20.82,Zavier Kranz,,UST Tommie Invitational
South Dakota State,451,50 Free,3,20.83,Colby Williams,,UST Tommie Invitational
South Dakota State,451,50 Free,4,21.10,Colt Frein,,UST Tommie Invitational
South Dakota State,451,50 Free,5,21.17,Zack Heiar,,UST Tommie Invitational
South Dakota State,451,50 Free,6,21.22,David Bosch,,UST Tommie Invitational
South Dakota State,451,50 Free,7,21.25,Cody Vertin,,UST Tommie Invitational
South Dakota State,451,50 Free,8,21.59,Bryan Wong,,UST Tommie Invitational
South Dakota State,451,50 Free,9,21.70,Nik Keuser,,UST Tommie Invitational
South Dakota State,451,50 Free,10,21.83,Bryce Edens,,UST Tommie Invitational
South Dakota State,451,500 Free,1,4:33.94,Jack Ellison,,UST Tommie Invitational
South Dakota State,451,500 Free,2,4:34.06,Luke Watkins,,UST Tommie Invitational
South Dakota State,451,500 Free,3,4:36.99,Landon Schemel,,UST Tommie Invitational
South Dakota State,451,500 Free,4,4:37.32,Kolden Kringen,,UST Tommie Invitational
South Dakota State,451,500 Free,5,4:41.76,Austin Lewis,,UST Tommie Invitational
South Dakota State,451,500 Free,6,4:46.85,Roan Walsmith,,UST Tommie Invitational
South Dakota State,451,500 Free,7,4:51.73,Evan Schott,,South Dakota State vs. Augustana (SD)
South Dakota State,451,500 Free,8,5:00.34,Conner Trinidad,,"Nebraska vs. Omaha, South Dakota State"
Southern Illinois,453,100 Back,1,46.53,Willem Huggins,,Mizzou Invitational
Southern Illinois,453,100 Back,2,48.09,Alex Cimera,,Mizzou Invitational
Southern Illinois,453,100 Back,3,49.14,Elliott Dye,,SIU A3 Performance Invite
Southern Illinois,453,100 Back,4,49.65,Michael Morrow,,SIU A3 Performance Invite
Southern Illinois,453,100 Back,5,51.65,Alex Odom,,SIU A3 Performance Invite
Southern Illinois,453,100 Back,6,52.99,Dylan Walsh,,SIU A3 Performance Invite
Southern Illinois,453,100 Breast,1,53.53,Tiago Faleiros,,Mizzou Invitational
Southern Illinois,453,100 Breast,2,54.34,Maddax Thompson,,SIU A3 Performance Invite
Southern Illinois,453,100 Breast,3,57.25,Benedek Andor,,"Northwestern vs. Miami (OH), Southern Illinois"
Southern Illinois,453,100 Breast,4,1:01.37,Michael Potts,,SIU A3 Performance Invite
Southern Illinois,453,100 Fly,1,46.37,Carter Ruthven,,Mizzou Invitational
Southern Illinois,453,100 Fly,2,47.27,Benedek Andor,,Mizzou Invitational
Southern Illinois,453,100 Fly,3,47.78,Hazem Aboustate,,SIU A3 Performance Invite
Southern Illinois,453,100 Fly,4,48.51,Alex Cimera,,Southern Illinois vs. Evansville vs. Indiana State
Southern Illinois,453,100 Fly,5,49.41,Nate Worsham,,Southern Illinois vs. McKendree
Southern Illinois,453,100 Fly,6,50.17,Elliott Dye,,SIU A3 Performance Invite
Southern Illinois,453,100 Fly,7,50.68,Alex Odom,,SIU A3 Performance Invite
Southern Illinois,453,100 Fly,8,51.78,peyton selts,,SIU A3 Performance Invite
Southern Illinois,453,100 Fly,9,52.57,Juraj Barcot,,SIU A3 Performance Invite
Southern Illinois,453,100 Fly,10,54.00,Aiden Tillis,,Southern Illinois vs. McKendree
Southern Illinois,453,100 Free,1,43.37,Benedek Andor,,SIU A3 Performance Invite
Southern Illinois,453,100 Free,2,43.44,Alex Cimera,,Mizzou Invitational
Southern Illinois,453,100 Free,3,44.41,Willem Huggins,,Southern Illinois vs. McKendree
Southern Illinois,453,100 Free,4,44.84,Rodrigo Ramos Chavez,,SIU A3 Performance Invite
Southern Illinois,453,100 Free,5,45.11,Nikolas Kosta,,SIU A3 Performance Invite
Southern Illinois,453,100 Free,6,45.21,Tiago Faleiros,,Mizzou Invitational
Southern Illinois,453,100 Free,7,45.97,Michael Morrow,,SIU A3 Performance Invite
Southern Illinois,453,100 Free,8,46.15,Hazem Aboustate,,Southern Illinois vs. McKendree
Southern Illinois,453,100 Free,9,46.21,Tomas Peciar,,SIU A3 Performance Invite
Southern Illinois,453,100 Free,10,46.92,Carter Ruthven,,MO State vs. SIU
Southern Illinois,453,1000 Free,1,9:24.37,Joshua Aceves Gomez,,Southern Illinois vs. McKendree
Southern Illinois,453,1000 Free,2,9:26.93,Tomas Peciar,,Mizzou Invitational
Southern Illinois,453,1000 Free,3,9:35.90,Kyler Beights,,Southern Illinois vs. Evansville vs. Indiana State
Southern Illinois,453,1000 Free,4,9:42.86,Aiden Tillis,,SIU A3 Performance Invite
Southern Illinois,453,1000 Free,5,10:24.20,Juraj Barcot,,MO State vs. SIU
Southern Illinois,453,1650 Free,1,15:41.68,Tomas Peciar,,SIU A3 Performance Invite
Southern Illinois,453,1650 Free,2,15:52.69,Joshua Aceves Gomez,,SIU A3 Performance Invite
Southern Illinois,453,1650 Free,3,15:57.36,Kyler Beights,,SIU A3 Performance Invite
Southern Illinois,453,1650 Free,4,16:07.04,Aiden Tillis,,SIU A3 Performance Invite
Southern Illinois,453,200 Back,1,1:43.03,Willem Huggins,,Mizzou Invitational
Southern Illinois,453,200 Back,2,1:45.94,Juraj Barcot,,SIU A3 Performance Invite
Southern Illinois,453,200 Back,3,1:48.18,Elliott Dye,,SIU A3 Performance Invite
Southern Illinois,453,200 Back,4,1:50.98,Michael Morrow,,SIU A3 Performance Invite
Southern Illinois,453,200 Back,5,1:58.80,Dylan Walsh,,"Northwestern vs. Miami (OH), Southern Illinois"
Southern Illinois,453,200 Breast,1,1:58.50,Maddax Thompson,,Mizzou Invitational
Southern Illinois,453,200 Breast,2,2:01.02,Tiago Faleiros,,SIU A3 Performance Invite
Southern Illinois,453,200 Breast,3,2:11.75,Juraj Barcot,,Southern Illinois vs. Evansville vs. Indiana State
Southern Illinois,453,200 Breast,4,2:16.09,Michael Potts,,Purdue vs. Southern Illinois
Southern Illinois,453,200 Fly,1,1:45.75,Carter Ruthven,,Mizzou Invitational
Southern Illinois,453,200 Fly,2,1:47.40,Nate Worsham,,Mizzou Invitational
Southern Illinois,453,200 Fly,3,1:47.44,Hazem Aboustate,,SIU A3 Performance Invite
Southern Illinois,453,200 Fly,4,1:47.59,Tomas Peciar,,Mizzou Invitational
Southern Illinois,453,200 Fly,5,2:01.67,Juraj Barcot,,Southern Illinois vs. Evansville vs. Indiana State
Southern Illinois,453,200 Free,1,1:35.96,Willem Huggins,,Mizzou Invitational
Southern Illinois,453,200 Free,2,1:37.54,Rodrigo Ramos Chavez,,SIU A3 Performance Invite
Southern Illinois,453,200 Free,3,1:37.54,Alex Cimera,,Mizzou Invitational
Southern Illinois,453,200 Free,4,1:39.98,Hazem Aboustate,,SIU A3 Performance Invite
Southern Illinois,453,200 Free,5,1:40.24,Tomas Peciar,,SIU A3 Performance Invite
Southern Illinois,453,200 Free,6,1:41.33,Joshua Aceves Gomez,,SIU A3 Performance Invite
Southern Illinois,453,200 Free,7,1:41.91,Kyler Beights,,SIU A3 Performance Invite
Southern Illinois,453,200 Free,8,1:41.92,Juraj Barcot,,UIC vs SIU
Southern Illinois,453,200 Free,9,1:42.71,Aiden Tillis,,SIU A3 Performance Invite
Southern Illinois,453,200 Free,10,1:45.64,Nikolas Kosta,,SIU A3 Performance Invite
Southern Illinois,453,200 Im,1,1:45.20,Benedek Andor,,Mizzou Invitational
Southern Illinois,453,200 Im,2,1:49.19,Juraj Barcot,,SIU A3 Performance Invite
Southern Illinois,453,200 Im,3,1:51.26,Nate Worsham,,SIU A3 Performance Invite
Southern Illinois,453,200 Im,4,1:52.66,Maddax Thompson,,Mizzou Invitational
Southern Illinois,453,400 Im,1,3:51.64,Juraj Barcot,,Mizzou Invitational
Southern Illinois,453,400 Im,2,3:59.23,Nate Worsham,,SIU A3 Performance Invite
Southern Illinois,453,400 Im,3,4:08.76,Kyler Beights,,Southern Illinois vs. McKendree
Southern Illinois,453,400 Im,4,4:14.50,Aiden Tillis,,Southern Illinois vs. McKendree
Southern Illinois,453,50 Free,1,19.75,Benedek Andor,,Mizzou Invitational
Southern Illinois,453,50 Free,2,19.85,Willem Huggins,,Mizzou Invitational
Southern Illinois,453,50 Free,3,20.17,Carter Ruthven,,Mizzou Invitational
Southern Illinois,453,50 Free,4,20.31,Alex Cimera,,Mizzou Invitational
Southern Illinois,453,50 Free,5,20.56,Nikolas Kosta,,SIU A3 Performance Invite
Southern Illinois,453,50 Free,6,20.62,Hazem Aboustate,,SIU A3 Performance Invite
Southern Illinois,453,50 Free,7,20.78,Rodrigo Ramos Chavez,,Mizzou Invitational
Southern Illinois,453,50 Free,8,20.90,Tiago Faleiros,,SIU A3 Performance Invite
Southern Illinois,453,50 Free,9,21.13,Michael Morrow,,SIU A3 Performance Invite
Southern Illinois,453,50 Free,10,21.87,peyton selts,,SIU A3 Performance Invite
Southern Illinois,453,500 Free,1,4:25.78,Tomas Peciar,,SIU A3 Performance Invite
Southern Illinois,453,500 Free,2,4:30.79,Joshua Aceves Gomez,,Purdue vs. Southern Illinois
Southern Illinois,453,500 Free,3,4:33.45,Kyler Beights,,SIU A3 Performance Invite
Southern Illinois,453,500 Free,4,4:34.36,Rodrigo Ramos Chavez,,Southern Illinois vs. McKendree
Southern Illinois,453,500 Free,5,4:35.19,Aiden Tillis,,SIU A3 Performance Invite
Southern Illinois,453,500 Free,6,4:36.75,Juraj Barcot,,Mizzou Invitational
Southern Methodist,75,100 Back,1,45.93,Jack Berube,,SMU Invitational
Southern Methodist,75,100 Back,2,46.78,Thad Austin,,SMU Invitational
Southern Methodist,75,100 Back,3,47.41,Andy Baklanov,,SMU Invitational
Southern Methodist,75,100 Back,4,47.59,Nicolas Sobenes,,SMU Invitational
Southern Methodist,75,100 Back,5,47.95,Francis Brennan,,SMU Invitational
Southern Methodist,75,100 Back,6,48.19,Asher Good,,SMU Invitational
Southern Methodist,75,100 Back,7,48.21,Eli Likins,,SMU Invitational
Southern Methodist,75,100 Back,8,48.57,Jack Moore,,SMU Invitational
Southern Methodist,75,100 Breast,1,51.96,Kristaps Mikelsons,,SMU Invitational
Southern Methodist,75,100 Breast,2,53.57,Trey Clervi,,SMU Invitational
Southern Methodist,75,100 Breast,3,53.82,Ben Longeway,,SMU Invitational
Southern Methodist,75,100 Breast,4,54.17,Joe Umhofer,,SMU Invitational
Southern Methodist,75,100 Breast,5,54.56,Asher Good,,SMU Invitational
Southern Methodist,75,100 Breast,6,55.55,Ewan Lonergan,,SMU Invitational
Southern Methodist,75,100 Breast,7,56.02,Andy Baklanov,,SMU vs. Oklahoma Christian
Southern Methodist,75,100 Breast,8,57.25,Francis Brennan,,SMU vs. Oklahoma Christian
Southern Methodist,75,100 Breast,9,57.44,Made Aubrey Jaya,,SMU vs. Oklahoma Christian
Southern Methodist,75,100 Breast,10,59.53,George Gonzalez,,SMU vs. Oklahoma Christian
Southern Methodist,75,100 Fly,1,46.97,Nicolas Sobenes,,SMU Invitational
Southern Methodist,75,100 Fly,2,47.77,Cameron Thompson,,SMU Invitational
Southern Methodist,75,100 Fly,3,48.07,Aidan Arie,,SMU Invitational
Southern Methodist,75,100 Fly,4,48.22,Sage Sungail,,SMU vs. Oklahoma Christian
Southern Methodist,75,100 Fly,5,48.27,Thad Austin,,SMU Invitational
Southern Methodist,75,100 Fly,6,48.37,Ryan Peckham,,SMU Invitational
Southern Methodist,75,100 Fly,7,48.38,Zach Power,,SMU Invitational
Southern Methodist,75,100 Fly,8,48.47,Ben Longeway,,SMU Invitational
Southern Methodist,75,100 Fly,9,48.67,Jack Moore,,"SMU vs Arizona, TCU"
Southern Methodist,75,100 Fly,10,49.60,Francis Brennan,,SMU Classic
Southern Methodist,75,100 Free,1,42.51,Sage Sungail,,SMU Invitational
Southern Methodist,75,100 Free,2,42.56,Eli Likins,,SMU Invitational
Southern Methodist,75,100 Free,3,43.08,Benjamin Chateigner,,"SMU vs Arizona, TCU"
Southern Methodist,75,100 Free,4,43.37,George Gonzalez,,SMU Invitational
Southern Methodist,75,100 Free,5,43.44,Francis Brennan,,SMU Invitational
Southern Methodist,75,100 Free,6,43.69,Jack Moore,,SMU Invitational
Southern Methodist,75,100 Free,7,44.31,Harold Lockhart,,SMU Invitational
Southern Methodist,75,100 Free,8,44.61,Made Aubrey Jaya,,SMU Invitational
Southern Methodist,75,100 Free,9,44.65,Cameron Thompson,,SMU Invitational
Southern Methodist,75,100 Free,10,44.90,Asher Good,,SMU vs. Oklahoma Christian
Southern Methodist,75,1000 Free,1,9:03.65,Mark Van Eybergen,,SMU Invitational
Southern Methodist,75,1000 Free,2,9:12.37,Leo Pelaez,,SMU vs Texas A&M
Southern Methodist,75,1000 Free,3,9:13.62,Jack Henry Forrest,,SMU v OCU v UIW v UNT
Southern Methodist,75,1000 Free,4,9:16.27,Made Aubrey Jaya,,SMU vs Texas A&M
Southern Methodist,75,1650 Free,1,15:00.15,Mark Van Eybergen,,SMU Invitational
Southern Methodist,75,1650 Free,2,15:17.73,Jack Henry Forrest,,SMU Invitational
Southern Methodist,75,1650 Free,3,15:23.43,Leo Pelaez,,SMU Invitational
Southern Methodist,75,200 Back,1,1:40.15,Jack Berube,,SMU Invitational
Southern Methodist,75,200 Back,2,1:41.02,Andy Baklanov,,SMU Invitational
Southern Methodist,75,200 Back,3,1:43.77,Francis Brennan,,SMU Invitational
Southern Methodist,75,200 Back,4,1:46.50,Asher Good,,SMU vs Texas A&M
Southern Methodist,75,200 Back,5,1:49.01,Thad Austin,,SMU Invitational
Southern Methodist,75,200 Breast,1,1:53.69,Kristaps Mikelsons,,SMU Invitational
Southern Methodist,75,200 Breast,2,1:57.72,Joe Umhofer,,SMU Invitational
Southern Methodist,75,200 Breast,3,1:58.81,Trey Clervi,,SMU Invitational
Southern Methodist,75,200 Breast,4,1:59.36,Ewan Lonergan,,SMU Invitational
Southern Methodist,75,200 Breast,5,2:03.76,Ben Longeway,,"SMU vs Arizona, TCU"
Southern Methodist,75,200 Fly,1,1:44.56,Nicolas Sobenes,,SMU Invitational
Southern Methodist,75,200 Fly,2,1:44.73,Zach Power,,SMU Invitational
Southern Methodist,75,200 Fly,3,1:45.44,Ryan Peckham,,SMU Invitational
Southern Methodist,75,200 Fly,4,1:46.17,Aidan Arie,,SMU Invitational
Southern Methodist,75,200 Fly,5,1:46.55,Ben Longeway,,SMU Invitational
Southern Methodist,75,200 Fly,6,1:48.37,Mark Van Eybergen,,SMU Invitational
Southern Methodist,75,200 Fly,7,1:52.18,Jack Henry Forrest,,SMU Classic
Southern Methodist,75,200 Free,1,1:33.56,Francis Brennan,,SMU Invitational
Southern Methodist,75,200 Free,2,1:34.98,Sage Sungail,,SMU Invitational
Southern Methodist,75,200 Free,3,1:35.00,Benjamin Chateigner,,SMU Invitational
Southern Methodist,75,200 Free,4,1:35.59,Harold Lockhart,,SMU Invitational
Southern Methodist,75,200 Free,5,1:35.70,Jack Moore,,SMU Invitational
Southern Methodist,75,200 Free,6,1:35.84,Jack Henry Forrest,,SMU Invitational
Southern Methodist,75,200 Free,7,1:36.02,George Gonzalez,,SMU Invitational
Southern Methodist,75,200 Free,8,1:36.09,Made Aubrey Jaya,,SMU Invitational
Southern Methodist,75,200 Free,9,1:36.67,Aidan Arie,,SMU Invitational
Southern Methodist,75,200 Free,10,1:36.73,Mark Van Eybergen,,SMU Invitational
Southern Methodist,75,200 Im,1,1:44.16,Kristaps Mikelsons,,SMU Invitational
Southern Methodist,75,200 Im,2,1:45.00,Jack Moore,,SMU Invitational
Southern Methodist,75,200 Im,3,1:46.81,Asher Good,,SMU Invitational
Southern Methodist,75,200 Im,4,1:47.19,Francis Brennan,,SMU Invitational
Southern Methodist,75,200 Im,5,1:48.71,Ben Longeway,,SMU Invitational
Southern Methodist,75,200 Im,6,1:48.72,Andy Baklanov,,SMU vs Texas A&M
Southern Methodist,75,200 Im,7,1:50.88,Joe Umhofer,,SMU Invitational
Southern Methodist,75,200 Im,8,1:51.21,Aidan Arie,,"SMU vs Arizona, TCU"
Southern Methodist,75,200 Im,9,1:53.72,Leo Pelaez,,SMU vs. Oklahoma Christian
Southern Methodist,75,200 Im,10,1:55.28,Ryan Peckham,,SMU v OCU v UIW v UNT
Southern Methodist,75,400 Im,1,3:44.09,Andy Baklanov,,SMU Invitational
Southern Methodist,75,400 Im,2,3:50.96,Leo Pelaez,,SMU Invitational
Southern Methodist,75,400 Im,3,3:52.51,Asher Good,,SMU Invitational
Southern Methodist,75,400 Im,4,3:58.69,Joe Umhofer,,SMU Invitational
Southern Methodist,75,400 Im,5,4:01.05,Kristaps Mikelsons,,SMU Classic
Southern Methodist,75,50 Free,1,19.44,Sage Sungail,,SMU Invitational
Southern Methodist,75,50 Free,2,19.70,Harold Lockhart,,SMU Invitational
Southern Methodist,75,50 Free,3,19.76,Benjamin Chateigner,,SMU Invitational
Southern Methodist,75,50 Free,4,20.08,Eli Likins,,SMU Invitational
Southern Methodist,75,50 Free,5,20.17,George Gonzalez,,SMU Invitational
Southern Methodist,75,50 Free,6,20.17,Asher Good,,SMU Invitational
Southern Methodist,75,50 Free,7,20.23,Cameron Thompson,,SMU Invitational
Southern Methodist,75,50 Free,8,20.23,Francis Brennan,,SMU Invitational
Southern Methodist,75,50 Free,9,20.69,Thad Austin,,SMU Invitational
Southern Methodist,75,50 Free,10,20.71,Jack Berube,,SMU vs. Oklahoma Christian
Southern Methodist,75,500 Free,1,4:19.06,Francis Brennan,,SMU Invitational
Southern Methodist,75,500 Free,2,4:19.08,Mark Van Eybergen,,SMU Invitational
Southern Methodist,75,500 Free,3,4:21.07,Jack Henry Forrest,,SMU Invitational
Southern Methodist,75,500 Free,4,4:22.68,Leo Pelaez,,SMU Invitational
Southern Methodist,75,500 Free,5,4:23.21,Made Aubrey Jaya,,SMU Invitational
Southern Methodist,75,500 Free,6,4:27.26,Zach Power,,SMU Invitational
Southern Methodist,75,500 Free,7,4:28.18,Aidan Arie,,SMU Invitational
St. Bonaventure,457,100 Back,1,48.27,Grant Chapa,,Magnus Cup Invitational
St. Bonaventure,457,100 Back,2,48.75,Luigi Termine,,Magnus Cup Invitational
St. Bonaventure,457,100 Back,3,50.50,Henry Wilkes,,Cornell vs St Bonaventure
St. Bonaventure,457,100 Back,4,50.81,Quinn Borchers,,Magnus Cup Invitational
St. Bonaventure,457,100 Back,5,51.46,Cole Tangeman,,Magnus Cup Invitational
St. Bonaventure,457,100 Breast,1,56.00,Mark Polos,,Magnus Cup Invitational
St. Bonaventure,457,100 Breast,2,56.17,Marcos Bravo,,Magnus Cup Invitational
St. Bonaventure,457,100 Breast,3,56.44,Blaise Sadowski,,Magnus Cup Invitational
St. Bonaventure,457,100 Breast,4,57.56,Will Parker,,Magnus Cup Invitational
St. Bonaventure,457,100 Breast,5,57.89,Paul Wissel,,Magnus Cup Invitational
St. Bonaventure,457,100 Breast,6,59.42,Connor Peck,,St. Bonaventure vs. Canisius
St. Bonaventure,457,100 Breast,7,1:00.72,Goran Cindric,,"Rutgers vs. Fordham, St Bonaventure"
St. Bonaventure,457,100 Fly,1,47.75,Mark Mizsei,,Magnus Cup Invitational
St. Bonaventure,457,100 Fly,2,48.09,Joseph Pyon,,Magnus Cup Invitational
St. Bonaventure,457,100 Fly,3,48.61,David Mutter,,Magnus Cup Invitational
St. Bonaventure,457,100 Fly,4,49.39,Carlos Hidalgo,,Magnus Cup Invitational
St. Bonaventure,457,100 Fly,5,49.56,Willyan Matana,,Magnus Cup Invitational
St. Bonaventure,457,100 Fly,6,49.99,Luigi Termine,,Magnus Cup Invitational
St. Bonaventure,457,100 Fly,7,51.08,Grant Chapa,,"Rutgers vs. Fordham, St Bonaventure"
St. Bonaventure,457,100 Fly,8,51.08,Marcos Bravo,,Magnus Cup Invitational
St. Bonaventure,457,100 Fly,9,51.30,Kevyn Collazo Torres,,St. Bonaventure vs. Canisius
St. Bonaventure,457,100 Fly,10,51.68,Quinn Borchers,,Niagara v St Bonaventure
St. Bonaventure,457,100 Free,1,43.93,Emanuele Zingaro,,Magnus Cup Invitational
St. Bonaventure,457,100 Free,2,45.12,Carlos Hidalgo,,Magnus Cup Invitational
St. Bonaventure,457,100 Free,3,45.94,Paul Wissel,,Magnus Cup Invitational
St. Bonaventure,457,100 Free,4,46.43,Mark Cattron,,Magnus Cup Invitational
St. Bonaventure,457,100 Free,5,46.50,Alex Aleinikovas,,Magnus Cup Invitational
St. Bonaventure,457,100 Free,6,46.57,Mark Mizsei,,Magnus Cup Invitational
St. Bonaventure,457,100 Free,7,46.60,Kevyn Collazo Torres,,Cornell vs St Bonaventure
St. Bonaventure,457,100 Free,8,46.76,David Mutter,,Niagara v St Bonaventure
St. Bonaventure,457,100 Free,9,47.03,Will Parker,,Magnus Cup Invitational
St. Bonaventure,457,100 Free,10,47.52,Joseph Pyon,,Cleveland State vs. St. Bonaventure
St. Bonaventure,457,1000 Free,1,9:28.10,Matheus Rinaldi,,Magnus Cup Invitational
St. Bonaventure,457,1000 Free,2,9:31.42,Johnny Edwards,,Magnus Cup Invitational
St. Bonaventure,457,1000 Free,3,9:39.24,Will Foggin,,Magnus Cup Invitational
St. Bonaventure,457,1000 Free,4,9:43.51,Alex Aleinikovas,,Magnus Cup Invitational
St. Bonaventure,457,1000 Free,5,9:54.67,Corey Su,,"Rutgers vs. Fordham, St Bonaventure"
St. Bonaventure,457,1000 Free,6,9:57.55,Max Tucker,,Magnus Cup Invitational
St. Bonaventure,457,1650 Free,1,15:37.69,Johnny Edwards,,Magnus Cup Invitational
St. Bonaventure,457,1650 Free,2,15:45.25,Matheus Rinaldi,,Magnus Cup Invitational
St. Bonaventure,457,1650 Free,3,16:04.81,Will Foggin,,Magnus Cup Invitational
St. Bonaventure,457,1650 Free,4,16:11.21,Alex Aleinikovas,,Magnus Cup Invitational
St. Bonaventure,457,1650 Free,5,16:23.81,Max Tucker,,Magnus Cup Invitational
St. Bonaventure,457,1650 Free,6,16:51.79,Corey Su,,Cleveland State vs. St. Bonaventure
St. Bonaventure,457,200 Back,1,1:48.61,Luigi Termine,,Magnus Cup Invitational
St. Bonaventure,457,200 Back,2,1:50.87,Henry Wilkes,,Cornell vs St Bonaventure
St. Bonaventure,457,200 Back,3,1:51.44,Grant Chapa,,Magnus Cup Invitational
St. Bonaventure,457,200 Back,4,1:54.11,Quinn Borchers,,Magnus Cup Invitational
St. Bonaventure,457,200 Back,5,1:54.12,Cole Tangeman,,Magnus Cup Invitational
St. Bonaventure,457,200 Breast,1,2:02.05,Mark Polos,,Magnus Cup Invitational
St. Bonaventure,457,200 Breast,2,2:03.72,Connor Peck,,Magnus Cup Invitational
St. Bonaventure,457,200 Breast,3,2:07.16,Marcos Bravo,,Magnus Cup Invitational
St. Bonaventure,457,200 Breast,4,2:13.59,Corey Su,,"Rutgers vs. Fordham, St Bonaventure"
St. Bonaventure,457,200 Breast,5,2:15.29,Goran Cindric,,"Rutgers vs. Fordham, St Bonaventure"
St. Bonaventure,457,200 Fly,1,1:45.84,Mark Mizsei,,Magnus Cup Invitational
St. Bonaventure,457,200 Fly,2,1:47.31,David Mutter,,Magnus Cup Invitational
St. Bonaventure,457,200 Fly,3,1:48.68,Joseph Pyon,,Magnus Cup Invitational
St. Bonaventure,457,200 Fly,4,1:48.85,Boray Tuna Goren,,Magnus Cup Invitational
St. Bonaventure,457,200 Fly,5,1:49.11,Willyan Matana,,Magnus Cup Invitational
St. Bonaventure,457,200 Fly,6,1:50.19,Kevyn Collazo Torres,,Magnus Cup Invitational
St. Bonaventure,457,200 Fly,7,1:53.73,Will Foggin,,Magnus Cup Invitational
St. Bonaventure,457,200 Fly,8,1:53.99,Quinn Borchers,,Magnus Cup Invitational
St. Bonaventure,457,200 Fly,9,1:54.93,Max Tucker,,Magnus Cup Invitational
St. Bonaventure,457,200 Free,1,1:39.31,Johnny Edwards,,Magnus Cup Invitational
St. Bonaventure,457,200 Free,2,1:39.39,David Mutter,,Magnus Cup Invitational
St. Bonaventure,457,200 Free,3,1:39.61,Emanuele Zingaro,,Magnus Cup Invitational
St. Bonaventure,457,200 Free,4,1:39.64,Mark Mizsei,,Magnus Cup Invitational
St. Bonaventure,457,200 Free,5,1:41.04,Alex Aleinikovas,,Magnus Cup Invitational
St. Bonaventure,457,200 Free,6,1:41.05,Matheus Rinaldi,,Magnus Cup Invitational
St. Bonaventure,457,200 Free,7,1:41.64,Kevyn Collazo Torres,,Penn State vs. St. Bonaventure
St. Bonaventure,457,200 Free,8,1:42.41,Boray Tuna Goren,,Magnus Cup Invitational
St. Bonaventure,457,200 Free,9,1:43.03,Mark Cattron,,Magnus Cup Invitational
St. Bonaventure,457,200 Free,10,1:44.10,Will Foggin,,Magnus Cup Invitational
St. Bonaventure,457,200 Im,1,1:49.17,Kevyn Collazo Torres,,Magnus Cup Invitational
St. Bonaventure,457,200 Im,2,1:49.40,Grant Chapa,,Magnus Cup Invitational
St. Bonaventure,457,200 Im,3,1:50.31,Connor Peck,,Magnus Cup Invitational
St. Bonaventure,457,200 Im,4,1:51.21,Boray Tuna Goren,,Magnus Cup Invitational
St. Bonaventure,457,200 Im,5,1:52.63,Quinn Borchers,,Magnus Cup Invitational
St. Bonaventure,457,200 Im,6,1:53.17,Mark Polos,,Magnus Cup Invitational
St. Bonaventure,457,200 Im,7,1:53.32,Luigi Termine,,Magnus Cup Invitational
St. Bonaventure,457,200 Im,8,1:54.49,Willyan Matana,,Magnus Cup Invitational
St. Bonaventure,457,200 Im,9,2:02.34,Corey Su,,Penn State vs. St. Bonaventure
St. Bonaventure,457,400 Im,1,3:56.58,Kevyn Collazo Torres,,Magnus Cup Invitational
St. Bonaventure,457,400 Im,2,3:56.90,Boray Tuna Goren,,Magnus Cup Invitational
St. Bonaventure,457,400 Im,3,3:57.89,Connor Peck,,Magnus Cup Invitational
St. Bonaventure,457,400 Im,4,4:09.18,Max Tucker,,Magnus Cup Invitational
St. Bonaventure,457,400 Im,5,4:10.06,Quinn Borchers,,Magnus Cup Invitational
St. Bonaventure,457,400 Im,6,4:13.05,Will Foggin,,Cornell vs St Bonaventure
St. Bonaventure,457,400 Im,7,4:14.59,Corey Su,,Magnus Cup Invitational
St. Bonaventure,457,50 Free,1,20.45,Carlos Hidalgo,,Magnus Cup Invitational
St. Bonaventure,457,50 Free,2,20.50,Emanuele Zingaro,,Magnus Cup Invitational
St. Bonaventure,457,50 Free,3,20.69,Joseph Pyon,,Magnus Cup Invitational
St. Bonaventure,457,50 Free,4,21.08,Paul Wissel,,Magnus Cup Invitational
St. Bonaventure,457,50 Free,5,21.09,David Mutter,,Magnus Cup Invitational
St. Bonaventure,457,50 Free,6,21.45,Will Parker,,"Rutgers vs. Fordham, St Bonaventure"
St. Bonaventure,457,50 Free,7,21.80,Blaise Sadowski,,Magnus Cup Invitational
St. Bonaventure,457,50 Free,8,22.25,Cole Tangeman,,Magnus Cup Invitational
St. Bonaventure,457,50 Free,9,22.28,Mark Cattron,,"Rutgers vs. Fordham, St Bonaventure"
St. Bonaventure,457,50 Free,10,22.40,Kevyn Collazo Torres,,Cornell vs St Bonaventure
St. Bonaventure,457,500 Free,1,4:28.33,Johnny Edwards,,Magnus Cup Invitational
St. Bonaventure,457,500 Free,2,4:29.37,Matheus Rinaldi,,Magnus Cup Invitational
St. Bonaventure,457,500 Free,3,4:31.42,Mark Mizsei,,Magnus Cup Invitational
St. Bonaventure,457,500 Free,4,4:33.67,David Mutter,,Magnus Cup Invitational
St. Bonaventure,457,500 Free,5,4:36.41,Alex Aleinikovas,,Magnus Cup Invitational
St. Bonaventure,457,500 Free,6,4:37.02,Will Foggin,,Magnus Cup Invitational
St. Bonaventure,457,500 Free,7,4:45.13,Max Tucker,,Penn State vs. St. Bonaventure
St. Bonaventure,457,500 Free,8,4:45.49,Mark Cattron,,Magnus Cup Invitational
St. Bonaventure,457,500 Free,9,4:53.61,Corey Su,,Magnus Cup Invitational
St. Bonaventure,457,500 Free,10,4:53.83,Willyan Matana,,Niagara v St Bonaventure
Stanford,112,100 Back,1,46.24,Finn Harland,,SMU Invitational
Stanford,112,100 Back,2,46.61,Hayden Kwan,,SMU Invitational
Stanford,112,100 Back,3,46.79,Omer Wiener,,SMU Invitational
Stanford,112,100 Back,4,47.49,Joshua Zuchowski,,SMU Invitational
Stanford,112,100 Back,5,47.77,Ethan Ekk,,Cal vs. Stanford
Stanford,112,100 Back,6,47.79,Ethan Harrington,,"Stanford vs. Arizona State, California"
Stanford,112,100 Back,7,49.68,Ray Liu,,PAC Invite
Stanford,112,100 Breast,1,51.28,Zhier Fan,,SMU Invitational
Stanford,112,100 Breast,2,52.11,Daniel Li,,SMU Invitational
Stanford,112,100 Breast,3,52.86,Go Nagaoka,,USC vs. Stanford
Stanford,112,100 Breast,4,52.87,Abram Mueller,,SMU Invitational
Stanford,112,100 Breast,5,55.11,Jason Zhao,,"Stanford vs. Arizona State, California"
Stanford,112,100 Breast,6,56.53,Gibson Holmes,,Stanford v UCSD
Stanford,112,100 Fly,1,44.83,Rafael Gu,,SMU Invitational
Stanford,112,100 Fly,2,46.16,Jonathan TAN,,SMU Invitational
Stanford,112,100 Fly,3,46.68,Ethan Harrington,,SMU Invitational
Stanford,112,100 Fly,4,47.10,Andres Dupont,,"Stanford vs. Arizona State, California"
Stanford,112,100 Fly,5,47.25,Henry McFadden,,Cal vs. Stanford
Stanford,112,100 Fly,6,47.79,Hayden Kwan,,SMU Invitational
Stanford,112,100 Fly,7,48.00,Joshua Zuchowski,,Stanford v UCSD
Stanford,112,100 Fly,8,48.31,Connor Jones,,USC vs. Stanford
Stanford,112,100 Fly,9,48.62,Jason Zhao,,Stanford v UCSD
Stanford,112,100 Fly,10,49.70,Abram Mueller,,Stanford v UCSD
Stanford,112,100 Free,1,42.17,Andres Dupont,,"Stanford vs. Arizona State, California"
Stanford,112,100 Free,2,42.41,Rafael Gu,,SMU Invitational
Stanford,112,100 Free,3,42.45,Henry McFadden,,USC vs. Stanford
Stanford,112,100 Free,4,42.77,Ethan Harrington,,SMU Invitational
Stanford,112,100 Free,5,42.78,Jonathan TAN,,SMU Invitational
Stanford,112,100 Free,6,43.33,Jason Zhao,,Cal vs. Stanford
Stanford,112,100 Free,7,43.66,Andy Kravchenko,,SMU Invitational
Stanford,112,100 Free,8,44.41,Go Nagaoka,,SMU Invitational
Stanford,112,100 Free,9,45.23,Finn Harland,,Stanford v UCSD
Stanford,112,100 Free,10,45.41,Abram Mueller,,"Stanford vs. Arizona State, California"
Stanford,112,1000 Free,1,8:42.25,Ethan Ekk,,"Stanford vs. Arizona State, California"
Stanford,112,1000 Free,2,8:48.81,Liam Custer,,USC vs. Stanford
Stanford,112,1000 Free,3,9:03.91,Henry Morrissey,,Stanford v UCSD
Stanford,112,1650 Free,1,14:43.13,Ethan Ekk,,SMU Invitational
Stanford,112,1650 Free,2,14:44.51,Liam Custer,,SMU Invitational
Stanford,112,1650 Free,3,15:11.58,Henry Morrissey,,SMU Invitational
Stanford,112,200 Back,1,1:40.02,Ethan Ekk,,SMU Invitational
Stanford,112,200 Back,2,1:40.98,Joshua Zuchowski,,SMU Invitational
Stanford,112,200 Back,3,1:42.46,Hayden Kwan,,SMU Invitational
Stanford,112,200 Back,4,1:43.55,Omer Wiener,,Stanford v UCSD
Stanford,112,200 Back,5,1:43.55,Ray Liu,,USC vs. Stanford
Stanford,112,200 Back,6,1:44.14,Finn Harland,,"Stanford vs. Arizona State, California"
Stanford,112,200 Back,7,1:46.52,Zhier Fan,,Stanford v UCSD
Stanford,112,200 Back,8,1:47.90,Liam Custer,,Stanford v UCSD
Stanford,112,200 Back,9,1:50.08,Gibson Holmes,,Stanford v UCSD
Stanford,112,200 Breast,1,1:51.88,Daniel Li,,SMU Invitational
Stanford,112,200 Breast,2,1:53.42,Go Nagaoka,,SMU Invitational
Stanford,112,200 Breast,3,1:55.28,Zhier Fan,,USC vs. Stanford
Stanford,112,200 Breast,4,1:55.67,Abram Mueller,,SMU Invitational
Stanford,112,200 Breast,5,1:59.69,Jason Zhao,,SMU Invitational
Stanford,112,200 Fly,1,1:42.27,Henry McFadden,,SMU Invitational
Stanford,112,200 Fly,2,1:42.35,Gibson Holmes,,"Stanford vs. Arizona State, California"
Stanford,112,200 Fly,3,1:43.42,Joshua Zuchowski,,USC vs. Stanford
Stanford,112,200 Fly,4,1:46.54,Connor Jones,,Cal vs. Stanford
Stanford,112,200 Fly,5,1:46.88,Rafael Gu,,"Stanford vs. Arizona State, California"
Stanford,112,200 Fly,6,1:47.49,Hayden Kwan,,Stanford v UCSD
Stanford,112,200 Fly,7,1:47.63,Liam Custer,,Stanford v UCSD
Stanford,112,200 Free,1,1:32.73,Henry McFadden,,"Stanford vs. Arizona State, California"
Stanford,112,200 Free,2,1:33.45,Ethan Ekk,,SMU Invitational
Stanford,112,200 Free,3,1:33.68,Andres Dupont,,SMU Invitational
Stanford,112,200 Free,4,1:34.62,Omer Wiener,,SMU Invitational
Stanford,112,200 Free,5,1:34.93,Jason Zhao,,"Stanford vs. Arizona State, California"
Stanford,112,200 Free,6,1:35.40,Rafael Gu,,Cal vs. Stanford
Stanford,112,200 Free,7,1:35.68,Jonathan TAN,,Cal vs. Stanford
Stanford,112,200 Free,8,1:36.69,Finn Harland,,SMU Invitational
Stanford,112,200 Free,9,1:36.86,Andy Kravchenko,,SMU Invitational
Stanford,112,200 Free,10,1:37.39,Ray Liu,,SMU Invitational
Stanford,112,200 Im,1,1:43.79,Omer Wiener,,SMU Invitational
Stanford,112,200 Im,2,1:43.89,Jason Zhao,,SMU Invitational
Stanford,112,200 Im,3,1:44.74,Daniel Li,,SMU Invitational
Stanford,112,200 Im,4,1:45.37,Gibson Holmes,,"Stanford vs. Arizona State, California"
Stanford,112,200 Im,5,1:46.57,Zhier Fan,,SMU Invitational
Stanford,112,200 Im,6,1:46.65,Ethan Ekk,,"Stanford vs. Arizona State, California"
Stanford,112,200 Im,7,1:47.34,Ray Liu,,USC vs. Stanford
Stanford,112,200 Im,8,1:47.75,Liam Custer,,Cal vs. Stanford
Stanford,112,200 Im,9,1:51.11,Connor Jones,,"Stanford vs. Arizona State, California"
Stanford,112,200 Im,10,1:51.21,Henry McFadden,,PAC Invite
Stanford,112,400 Im,1,3:42.01,Ethan Ekk,,SMU Invitational
Stanford,112,400 Im,2,3:46.01,Joshua Zuchowski,,SMU Invitational
Stanford,112,400 Im,3,3:46.06,Liam Custer,,Cal vs. Stanford
Stanford,112,400 Im,4,3:46.54,Gibson Holmes,,SMU Invitational
Stanford,112,400 Im,5,3:48.08,Ray Liu,,Stanford v UCSD
Stanford,112,400 Im,6,3:50.35,Connor Jones,,SMU Invitational
Stanford,112,50 Free,1,19.13,Rafael Gu,,SMU Invitational
Stanford,112,50 Free,2,19.32,Jonathan TAN,,USC vs. Stanford
Stanford,112,50 Free,3,19.34,Ethan Harrington,,"Stanford vs. Arizona State, California"
Stanford,112,50 Free,4,19.64,Andres Dupont,,SMU Invitational
Stanford,112,50 Free,5,20.00,Andy Kravchenko,,SMU Invitational
Stanford,112,50 Free,6,20.22,Finn Harland,,"Stanford vs. Arizona State, California"
Stanford,112,50 Free,7,20.30,Omer Wiener,,SMU Invitational
Stanford,112,50 Free,8,20.47,Ethan Ekk,,Cal vs. Stanford
Stanford,112,50 Free,9,20.49,Jason Zhao,,Cal vs. Stanford
Stanford,112,50 Free,10,20.59,Henry McFadden,,SMU Invitational
Stanford,112,500 Free,1,4:11.10,Ethan Ekk,,SMU Invitational
Stanford,112,500 Free,2,4:16.36,Henry McFadden,,SMU Invitational
Stanford,112,500 Free,3,4:18.84,Liam Custer,,"Stanford vs. Arizona State, California"
Stanford,112,500 Free,4,4:25.54,Henry Morrissey,,SMU Invitational
Stanford,112,500 Free,5,4:26.34,Andres Dupont,,Stanford v UCSD
Stanford,112,500 Free,6,4:27.01,Connor Jones,,SMU Invitational
Stanford,112,500 Free,7,4:31.73,Daniel Li,,Stanford v UCSD
TCU,318,100 Back,1,46.54,Edgar Cicanci,,Mizzou Invitational
TCU,318,100 Back,2,47.01,Filip Suchanski,,Mizzou Invitational
TCU,318,100 Back,3,48.55,Nigel Forbes,,Mizzou Invitational
TCU,318,100 Back,4,48.58,Nick Rozenberg,,Mizzou Invitational
TCU,318,100 Back,5,49.48,Lior Mizrahi,,Mizzou Invitational
TCU,318,100 Back,6,51.68,Peter Horton,,TCU vs. Oklahoma Christian
TCU,318,100 Breast,1,53.60,Nikola Koltin,,Mizzou Invitational
TCU,318,100 Breast,2,54.17,Shea Skarda,,Mizzou Invitational
TCU,318,100 Breast,3,54.35,Colin Clough,,Mizzou Invitational
TCU,318,100 Breast,4,54.45,Felipe Goncalves,,Mizzou Invitational
TCU,318,100 Breast,5,56.69,Charlie Bishop,,Mizzou Invitational
TCU,318,100 Breast,6,59.01,Grant Klatt,,Mizzou Invitational
TCU,318,100 Breast,7,59.80,Yochanan Meza,,TCU vs. Oklahoma Christian
TCU,318,100 Fly,1,47.01,Lior Mizrahi,,Mizzou Invitational
TCU,318,100 Fly,2,47.54,Nigel Forbes,,Mizzou Invitational
TCU,318,100 Fly,3,47.73,Viktor Hristov,,Mizzou Invitational
TCU,318,100 Fly,4,49.05,Quint Erwin,,Mizzou Invitational
TCU,318,100 Fly,5,49.41,Filip Suchanski,,Mizzou Invitational
TCU,318,100 Fly,6,49.88,Michael Valenzuela,,Mizzou Invitational
TCU,318,100 Fly,7,50.42,Peter Horton,,Mizzou Invitational
TCU,318,100 Fly,8,51.57,Yochanan Meza,,Texas A&M vs TCU
TCU,318,100 Fly,9,52.85,Giannis Skaris,,Mizzou Invitational
TCU,318,100 Fly,10,53.05,Isaac Carr,,Mizzou Invitational
TCU,318,100 Free,1,43.06,Peter Horton,,Mizzou Invitational
TCU,318,100 Free,2,44.14,Viktor Hristov,,Big 12 East Championship
TCU,318,100 Free,3,44.30,Nigel Forbes,,Mizzou Invitational
TCU,318,100 Free,4,44.69,Nick Rozenberg,,Mizzou Invitational
TCU,318,100 Free,5,44.94,Colin Clough,,Mizzou Invitational
TCU,318,100 Free,6,44.94,Luka Cavic,,Big 12 East Championship
TCU,318,100 Free,7,45.03,Edgar Cicanci,,"SMU vs Arizona, TCU"
TCU,318,100 Free,8,45.24,Braedon Ando,,Mizzou Invitational
TCU,318,100 Free,9,45.46,Max Zinn,,Big 12 East Championship
TCU,318,100 Free,10,46.11,Michael Valenzuela,,Mizzou Invitational
TCU,318,1000 Free,1,9:11.91,Aaron Wilmes,,Texas A&M vs TCU
TCU,318,1000 Free,2,9:13.42,Deacon Gutshall,,Mizzou Invitational
TCU,318,1000 Free,3,9:26.92,Braedon Ando,,TCU vs UIW
TCU,318,1000 Free,4,9:30.34,Giannis Skaris,,Mizzou Invitational
TCU,318,1000 Free,5,9:49.59,Max Zinn,,"SMU vs Arizona, TCU"
TCU,318,1650 Free,1,15:18.18,Deacon Gutshall,,Mizzou Invitational
TCU,318,1650 Free,2,15:19.32,Aaron Wilmes,,Big 12 East Championship
TCU,318,1650 Free,3,15:36.42,Braedon Ando,,"SMU vs Arizona, TCU"
TCU,318,1650 Free,4,15:52.04,Giannis Skaris,,Mizzou Invitational
TCU,318,1650 Free,5,16:14.53,Max Zinn,,"SMU vs Arizona, TCU"
TCU,318,200 Back,1,1:41.69,Filip Suchanski,,Mizzou Invitational
TCU,318,200 Back,2,1:42.39,Edgar Cicanci,,Mizzou Invitational
TCU,318,200 Back,3,1:47.04,Nick Rozenberg,,Mizzou Invitational
TCU,318,200 Back,4,1:50.44,Giannis Skaris,,Big 12 East Championship
TCU,318,200 Back,5,1:55.17,Braedon Ando,,Big 12 East Championship
TCU,318,200 Back,6,1:59.27,Lior Mizrahi,,TCU vs. UTPB
TCU,318,200 Breast,1,1:56.07,Felipe Goncalves,,Mizzou Invitational
TCU,318,200 Breast,2,1:56.81,Shea Skarda,,Mizzou Invitational
TCU,318,200 Breast,3,1:58.26,Nikola Koltin,,Mizzou Invitational
TCU,318,200 Breast,4,2:01.04,Luka Cavic,,Mizzou Invitational
TCU,318,200 Breast,5,2:06.90,Yochanan Meza,,Mizzou Invitational
TCU,318,200 Breast,6,2:12.67,Isaac Carr,,Big 12 East Championship
TCU,318,200 Fly,1,1:46.86,Lior Mizrahi,,Mizzou Invitational
TCU,318,200 Fly,2,1:47.05,Viktor Hristov,,Mizzou Invitational
TCU,318,200 Fly,3,1:47.33,Yochanan Meza,,Mizzou Invitational
TCU,318,200 Fly,4,1:47.43,Quint Erwin,,Mizzou Invitational
TCU,318,200 Fly,5,1:47.50,Isaac Carr,,Mizzou Invitational
TCU,318,200 Free,1,1:35.42,Luka Cavic,,Mizzou Invitational
TCU,318,200 Free,2,1:35.47,Filip Suchanski,,Mizzou Invitational
TCU,318,200 Free,3,1:36.65,Viktor Hristov,,Mizzou Invitational
TCU,318,200 Free,4,1:37.07,Aaron Wilmes,,Mizzou Invitational
TCU,318,200 Free,5,1:37.31,Nick Rozenberg,,Mizzou Invitational
TCU,318,200 Free,6,1:37.55,Braedon Ando,,Mizzou Invitational
TCU,318,200 Free,7,1:38.42,Edgar Cicanci,,Mizzou Invitational
TCU,318,200 Free,8,1:38.83,Deacon Gutshall,,Mizzou Invitational
TCU,318,200 Free,9,1:40.07,Isaac Carr,,Mizzou Invitational
TCU,318,200 Free,10,1:43.93,Max Zinn,,TCU vs UIW
TCU,318,200 Im,1,1:48.41,Filip Suchanski,,"SMU vs Arizona, TCU"
TCU,318,200 Im,2,1:48.94,Luka Cavic,,Mizzou Invitational
TCU,318,200 Im,3,1:49.43,Nikola Koltin,,Mizzou Invitational
TCU,318,200 Im,4,1:49.57,Felipe Goncalves,,Mizzou Invitational
TCU,318,200 Im,5,1:51.23,Giannis Skaris,,Texas A&M vs TCU
TCU,318,200 Im,6,1:52.01,Isaac Carr,,Mizzou Invitational
TCU,318,200 Im,7,1:52.90,Charlie Bishop,,Mizzou Invitational
TCU,318,200 Im,8,1:53.50,Yochanan Meza,,Mizzou Invitational
TCU,318,200 Im,9,1:54.92,Shea Skarda,,Mizzou Invitational
TCU,318,200 Im,10,1:56.12,Braedon Ando,,TCU vs. Trinity
TCU,318,400 Im,1,3:44.44,Filip Suchanski,,Mizzou Invitational
TCU,318,400 Im,2,3:47.96,Giannis Skaris,,Mizzou Invitational
TCU,318,400 Im,3,3:55.54,Isaac Carr,,Mizzou Invitational
TCU,318,400 Im,4,4:00.56,Braedon Ando,,Big 12 East Championship
TCU,318,400 Im,5,4:06.95,Yochanan Meza,,Mizzou Invitational
TCU,318,50 Free,1,19.31,Peter Horton,,Mizzou Invitational
TCU,318,50 Free,2,19.79,Nigel Forbes,,Mizzou Invitational
TCU,318,50 Free,3,20.23,Edgar Cicanci,,Mizzou Invitational
TCU,318,50 Free,4,20.44,Colin Clough,,Mizzou Invitational
TCU,318,50 Free,5,20.49,Quint Erwin,,Mizzou Invitational
TCU,318,50 Free,6,20.49,Viktor Hristov,,Mizzou Invitational
TCU,318,50 Free,7,20.84,Nick Rozenberg,,Texas A&M vs TCU
TCU,318,50 Free,8,20.87,Max Zinn,,Big 12 East Championship
TCU,318,50 Free,9,20.92,Charlie Bishop,,Mizzou Invitational
TCU,318,50 Free,10,20.95,Michael Valenzuela,,Mizzou Invitational
TCU,318,500 Free,1,4:26.02,Braedon Ando,,Mizzou Invitational
TCU,318,500 Free,2,4:26.45,Deacon Gutshall,,Mizzou Invitational
TCU,318,500 Free,3,4:27.39,Aaron Wilmes,,Mizzou Invitational
TCU,318,500 Free,4,4:29.55,Giannis Skaris,,Mizzou Invitational
TCU,318,500 Free,5,4:30.77,Isaac Carr,,Mizzou Invitational
TCU,318,500 Free,6,4:35.17,Nick Rozenberg,,Mizzou Invitational
TCU,318,500 Free,7,4:40.72,Max Zinn,,Texas A&M vs TCU
TCU,318,500 Free,8,4:41.41,Filip Suchanski,,TCU vs. UTPB
TCU,318,500 Free,9,4:42.11,Yochanan Meza,,Mizzou Invitational
TCU,318,500 Free,10,4:42.69,Luka Cavic,,TCU vs. Oklahoma Christian
Texas A&M,80,100 Back,1,46.77,John Simmons,,Texas Hall of Fame Invitational
Texas A&M,80,100 Back,2,48.61,Logan Brown,,SMU vs Texas A&M
Texas A&M,80,100 Back,3,48.72,Munzy Kabbara,,Arizona vs. Texas A&M
Texas A&M,80,100 Back,4,48.97,Jack Madoch,,SMU vs Texas A&M
Texas A&M,80,100 Back,5,49.01,AJ Robinson,,Texas Hall of Fame Invitational
Texas A&M,80,100 Back,6,50.74,Wesley Foster,,Texas A&M vs TCU
Texas A&M,80,100 Back,7,52.71,Alejandro Michelena,,USC Invite
Texas A&M,80,100 Back,8,52.88,Bucky Gettys,,Vanderbilt vs Texas A&M and Kentucky
Texas A&M,80,100 Breast,1,52.01,Logan Brown,,Texas Hall of Fame Invitational
Texas A&M,80,100 Breast,2,52.51,Will Heck,,Texas Hall of Fame Invitational
Texas A&M,80,100 Breast,3,53.58,Lane White,,USC Invite
Texas A&M,80,100 Breast,4,53.73,Roberto Bonilla,,SMU vs Texas A&M
Texas A&M,80,100 Fly,1,45.30,Chase Swearingen,,Texas Hall of Fame Invitational
Texas A&M,80,100 Fly,2,46.45,Alejandro Michelena,,Texas Hall of Fame Invitational
Texas A&M,80,100 Fly,3,46.92,Ben Scholl,,Texas Hall of Fame Invitational
Texas A&M,80,100 Fly,4,47.10,John Simmons,,SMU vs Texas A&M
Texas A&M,80,100 Fly,5,47.29,Jack Madoch,,USC Invite
Texas A&M,80,100 Fly,6,48.13,Wesley Foster,,Texas Hall of Fame Invitational
Texas A&M,80,100 Fly,7,50.03,Munzy Kabbara,,Texas Hall of Fame Invitational
Texas A&M,80,100 Fly,8,51.10,AJ Robinson,,Texas Hall of Fame Invitational
Texas A&M,80,100 Fly,9,51.85,Max Vega Cuevas,,Texas Hall of Fame Invitational
Texas A&M,80,100 Fly,10,53.26,Roberto Bonilla,,USC Invite
Texas A&M,80,100 Free,1,42.30,Ben Sytsma,,Texas Hall of Fame Invitational
Texas A&M,80,100 Free,2,42.62,Ben Scholl,,Texas Hall of Fame Invitational
Texas A&M,80,100 Free,3,43.63,Daniil Pancerevas,,Arizona vs. Texas A&M
Texas A&M,80,100 Free,4,44.05,Logan Brown,,Texas A&M vs TCU
Texas A&M,80,100 Free,5,44.08,John Simmons,,Texas Hall of Fame Invitational
Texas A&M,80,100 Free,6,44.26,Chase Swearingen,,Arizona vs. Texas A&M
Texas A&M,80,100 Free,7,44.71,Jack Madoch,,USC Invite
Texas A&M,80,100 Free,8,45.04,Seth Reno,,Arizona vs. Texas A&M
Texas A&M,80,100 Free,9,45.05,Wesley Foster,,Texas Hall of Fame Invitational
Texas A&M,80,100 Free,10,46.38,Bucky Gettys,,SMU vs Texas A&M
Texas A&M,80,1000 Free,1,9:01.61,Bucky Gettys,,SMU vs Texas A&M
Texas A&M,80,1000 Free,2,9:01.92,Batman Filiz,,SMU vs Texas A&M
Texas A&M,80,1000 Free,3,9:11.71,Munzy Kabbara,,SMU vs Texas A&M
Texas A&M,80,1650 Free,1,15:05.24,Bucky Gettys,,Texas Hall of Fame Invitational
Texas A&M,80,1650 Free,2,15:12.42,Batman Filiz,,Texas Hall of Fame Invitational
Texas A&M,80,200 Back,1,1:43.39,Munzy Kabbara,,Arizona vs. Texas A&M
Texas A&M,80,200 Back,2,1:46.41,John Simmons,,Texas Hall of Fame Invitational
Texas A&M,80,200 Back,3,1:46.65,AJ Robinson,,SMU vs Texas A&M
Texas A&M,80,200 Back,4,1:51.51,Bucky Gettys,,Texas Hall of Fame Invitational
Texas A&M,80,200 Breast,1,1:52.11,Logan Brown,,Texas Hall of Fame Invitational
Texas A&M,80,200 Breast,2,1:54.82,Roberto Bonilla,,USC Invite
Texas A&M,80,200 Breast,3,1:56.29,Will Heck,,Texas Hall of Fame Invitational
Texas A&M,80,200 Breast,4,1:59.08,Max Vega Cuevas,,Texas Hall of Fame Invitational
Texas A&M,80,200 Breast,5,1:59.51,Lane White,,USC Invite
Texas A&M,80,200 Fly,1,1:42.47,Alejandro Michelena,,Texas Hall of Fame Invitational
Texas A&M,80,200 Fly,2,1:44.13,Munzy Kabbara,,Texas Hall of Fame Invitational
Texas A&M,80,200 Fly,3,1:44.68,Chase Swearingen,,Texas Hall of Fame Invitational
Texas A&M,80,200 Fly,4,1:45.95,Max Vega Cuevas,,Vanderbilt vs Texas A&M and Kentucky
Texas A&M,80,200 Fly,5,1:47.18,AJ Robinson,,SMU vs Texas A&M
Texas A&M,80,200 Fly,6,1:49.26,Wesley Foster,,SMU vs Texas A&M
Texas A&M,80,200 Free,1,1:35.80,Daniil Pancerevas,,Arizona vs. Texas A&M
Texas A&M,80,200 Free,2,1:36.35,John Simmons,,Texas Hall of Fame Invitational
Texas A&M,80,200 Free,3,1:37.23,Logan Brown,,Texas A&M vs TCU
Texas A&M,80,200 Free,4,1:37.34,Batman Filiz,,Texas Hall of Fame Invitational
Texas A&M,80,200 Free,5,1:37.37,Munzy Kabbara,,Texas A&M vs TCU
Texas A&M,80,200 Free,6,1:37.48,Ben Sytsma,,Texas Hall of Fame Invitational
Texas A&M,80,200 Free,7,1:37.92,Bucky Gettys,,USC Invite
Texas A&M,80,200 Free,8,1:39.15,Max Vega Cuevas,,Vanderbilt vs Texas A&M and Kentucky
Texas A&M,80,200 Free,9,1:39.50,Wesley Foster,,Texas Hall of Fame Invitational
Texas A&M,80,200 Im,1,1:41.59,Logan Brown,,Texas Hall of Fame Invitational
Texas A&M,80,200 Im,2,1:44.04,Munzy Kabbara,,Texas Hall of Fame Invitational
Texas A&M,80,200 Im,3,1:46.00,Daniil Pancerevas,,Arizona vs. Texas A&M
Texas A&M,80,200 Im,4,1:46.60,Max Vega Cuevas,,Texas Hall of Fame Invitational
Texas A&M,80,200 Im,5,1:46.85,AJ Robinson,,Texas Hall of Fame Invitational
Texas A&M,80,200 Im,6,1:47.28,Roberto Bonilla,,USC Invite
Texas A&M,80,200 Im,7,1:50.51,Will Heck,,Texas Hall of Fame Invitational
Texas A&M,80,400 Im,1,3:42.59,Munzy Kabbara,,Texas Hall of Fame Invitational
Texas A&M,80,400 Im,2,3:43.55,AJ Robinson,,Texas Hall of Fame Invitational
Texas A&M,80,400 Im,3,3:46.91,Max Vega Cuevas,,Texas Hall of Fame Invitational
Texas A&M,80,400 Im,4,3:54.81,Roberto Bonilla,,USC Invite
Texas A&M,80,50 Free,1,19.14,Ben Scholl,,Texas Hall of Fame Invitational
Texas A&M,80,50 Free,2,19.22,Ben Sytsma,,Texas Hall of Fame Invitational
Texas A&M,80,50 Free,3,19.44,Chase Swearingen,,Texas Hall of Fame Invitational
Texas A&M,80,50 Free,4,19.83,Alejandro Michelena,,Texas Hall of Fame Invitational
Texas A&M,80,50 Free,5,19.83,John Simmons,,Texas Hall of Fame Invitational
Texas A&M,80,50 Free,6,19.94,Jack Madoch,,USC Invite
Texas A&M,80,50 Free,7,19.94,Logan Brown,,Texas A&M vs TCU
Texas A&M,80,50 Free,8,20.30,Seth Reno,,Arizona vs. Texas A&M
Texas A&M,80,50 Free,9,20.46,Lane White,,USC Invite
Texas A&M,80,50 Free,10,20.49,Daniil Pancerevas,,Texas Hall of Fame Invitational
Texas A&M,80,500 Free,1,4:20.85,Bucky Gettys,,Texas Hall of Fame Invitational
Texas A&M,80,500 Free,2,4:22.86,Batman Filiz,,USC Invite
Texas A&M,80,500 Free,3,4:26.63,AJ Robinson,,Texas Hall of Fame Invitational
Texas A&M,80,500 Free,4,4:29.71,Daniil Pancerevas,,SMU vs Texas A&M
Towson,320,100 Back,1,47.23,Sean Colson,,Patriot Invitational
Towson,320,100 Back,2,49.02,Jed Garner,,Patriot Invitational
Towson,320,100 Back,3,49.18,Nate Decker,,Patriot Invitational
Towson,320,100 Back,4,49.30,Benjamin Eischeid,,Patriot Invitational
Towson,320,100 Back,5,50.43,Hugo Haggard,,Patriot Invitational
Towson,320,100 Back,6,50.68,Owen Cather,,Patriot Invitational
Towson,320,100 Back,7,51.16,David Walton,,George Washington VS Towson
Towson,320,100 Back,8,51.40,Ian Hewett,,Patriot Invitational
Towson,320,100 Back,9,51.78,Daniel McLaughlin,,Thomas Murphy  Invitational
Towson,320,100 Back,10,52.81,Jack Cummins,,La Salle vs. Towson
Towson,320,100 Breast,1,52.65,Jed Garner,,Patriot Invitational
Towson,320,100 Breast,2,53.72,Geoffrey Cradock,,Patriot Invitational
Towson,320,100 Breast,3,54.45,Harry Herrera,,Patriot Invitational
Towson,320,100 Breast,4,56.06,David Walton,,Patriot Invitational
Towson,320,100 Breast,5,56.29,Isak Brkanovic,,Patriot Invitational
Towson,320,100 Breast,6,58.77,Linus Ament,,Patriot Invitational
Towson,320,100 Breast,7,1:00.95,Asher Allebach,,George Washington VS Towson
Towson,320,100 Fly,1,47.10,Benjamin Eischeid,,Patriot Invitational
Towson,320,100 Fly,2,47.98,Sean Colson,,Patriot Invitational
Towson,320,100 Fly,3,48.51,Nicco Gurri,,Patriot Invitational
Towson,320,100 Fly,4,49.91,Geoffrey Cradock,,Patriot Invitational
Towson,320,100 Fly,5,49.98,Julian Najarro Sedar,,Patriot Invitational
Towson,320,100 Fly,6,50.38,Isak Brkanovic,,Patriot Invitational
Towson,320,100 Fly,7,51.02,David Walton,,Thomas Murphy  Invitational
Towson,320,100 Fly,8,51.06,Owen Cather,,Patriot Invitational
Towson,320,100 Fly,9,51.06,Harry Herrera,,Thomas Murphy  Invitational
Towson,320,100 Fly,10,51.07,Ian Lee,,Patriot Invitational
Towson,320,100 Free,1,44.27,Daniel McLaughlin,,Patriot Invitational
Towson,320,100 Free,2,44.71,Benjamin Eischeid,,Patriot Invitational
Towson,320,100 Free,3,45.04,Isak Brkanovic,,Patriot Invitational
Towson,320,100 Free,4,45.16,Sean Colson,,Patriot Invitational
Towson,320,100 Free,5,45.26,Jake Wade,,Patriot Invitational
Towson,320,100 Free,6,45.38,Stephen McDonald,,Patriot Invitational
Towson,320,100 Free,7,45.65,Owen Cromer,,Patriot Invitational
Towson,320,100 Free,8,46.02,Julian Najarro Sedar,,Patriot Invitational
Towson,320,100 Free,9,46.07,Hugo Haggard,,Patriot Invitational
Towson,320,100 Free,10,46.20,Nate Decker,,Patriot Invitational
Towson,320,1000 Free,1,9:13.30,CHRISTIAN Davidson,,Patriot Invitational
Towson,320,1000 Free,2,9:28.64,Zachary Rothman,,Patriot Invitational
Towson,320,1000 Free,3,9:32.14,Christian Johnson,,Patriot Invitational
Towson,320,1000 Free,4,9:35.95,Stephen McDonald,,Patriot Invitational
Towson,320,1000 Free,5,9:41.27,Teddy Ament,,George Mason vs. Towson
Towson,320,1000 Free,6,9:41.73,Linus Ament,,George Mason vs. Towson
Towson,320,1000 Free,7,9:45.55,Anthony Mortellite,,George Washington VS Towson
Towson,320,1650 Free,1,15:18.52,CHRISTIAN Davidson,,Patriot Invitational
Towson,320,1650 Free,2,15:38.53,Zachary Rothman,,Patriot Invitational
Towson,320,1650 Free,3,15:39.12,Stephen McDonald,,Patriot Invitational
Towson,320,1650 Free,4,15:47.91,Christian Johnson,,Patriot Invitational
Towson,320,1650 Free,5,16:06.32,Anthony Mortellite,,Patriot Invitational
Towson,320,1650 Free,6,16:25.97,Teddy Ament,,George Washington VS Towson
Towson,320,1650 Free,7,16:40.83,Linus Ament,,Thomas Murphy  Invitational
Towson,320,200 Back,1,1:42.30,Sean Colson,,Patriot Invitational
Towson,320,200 Back,2,1:45.95,Nate Decker,,Patriot Invitational
Towson,320,200 Back,3,1:47.08,David Walton,,Patriot Invitational
Towson,320,200 Back,4,1:49.23,Ian Hewett,,Patriot Invitational
Towson,320,200 Back,5,1:50.03,Jack Cummins,,Patriot Invitational
Towson,320,200 Back,6,1:53.83,Owen Cather,,Patriot Invitational
Towson,320,200 Back,7,2:00.51,Christian Johnson,,Patriot Invitational
Towson,320,200 Back,8,2:00.72,Hugo Haggard,,Seton Hall vs. Towson
Towson,320,200 Breast,1,1:53.19,Jed Garner,,Patriot Invitational
Towson,320,200 Breast,2,1:58.39,Harry Herrera,,Patriot Invitational
Towson,320,200 Breast,3,1:59.96,Geoffrey Cradock,,Patriot Invitational
Towson,320,200 Breast,4,2:03.61,Linus Ament,,Patriot Invitational
Towson,320,200 Breast,5,2:04.24,Asher Allebach,,Patriot Invitational
Towson,320,200 Fly,1,1:47.18,Nicco Gurri,,Patriot Invitational
Towson,320,200 Fly,2,1:51.52,Anthony Mortellite,,Patriot Invitational
Towson,320,200 Fly,3,1:55.09,Ian Lee,,Thomas Murphy  Invitational
Towson,320,200 Fly,4,1:55.20,Jack Cummins,,Patriot Invitational
Towson,320,200 Fly,5,1:55.73,Ian Hewett,,George Washington VS Towson
Towson,320,200 Fly,6,1:56.13,CHRISTIAN Davidson,,Thomas Murphy  Invitational
Towson,320,200 Fly,7,1:58.39,Asher Allebach,,Patriot Invitational
Towson,320,200 Free,1,1:36.73,Stephen McDonald,,Patriot Invitational
Towson,320,200 Free,2,1:39.11,Nate Decker,,Patriot Invitational
Towson,320,200 Free,3,1:39.27,Daniel McLaughlin,,Patriot Invitational
Towson,320,200 Free,4,1:39.62,Zachary Rothman,,Patriot Invitational
Towson,320,200 Free,5,1:39.76,Anthony Mortellite,,Patriot Invitational
Towson,320,200 Free,6,1:40.15,Hugo Haggard,,Patriot Invitational
Towson,320,200 Free,7,1:40.89,Jake Wade,,Patriot Invitational
Towson,320,200 Free,8,1:40.95,Owen Cromer,,Patriot Invitational
Towson,320,200 Free,9,1:41.45,Teddy Ament,,Patriot Invitational
Towson,320,200 Free,10,1:42.02,Nicco Gurri,,Patriot Invitational
Towson,320,200 Im,1,1:45.76,Jed Garner,,Patriot Invitational
Towson,320,200 Im,2,1:48.34,David Walton,,Patriot Invitational
Towson,320,200 Im,3,1:48.80,Geoffrey Cradock,,Patriot Invitational
Towson,320,200 Im,4,1:48.99,Sean Colson,,Patriot Invitational
Towson,320,200 Im,5,1:49.51,Nate Decker,,Patriot Invitational
Towson,320,200 Im,6,1:50.36,Linus Ament,,Patriot Invitational
Towson,320,200 Im,7,1:51.95,Asher Allebach,,Patriot Invitational
Towson,320,200 Im,8,1:53.43,Harry Herrera,,George Mason vs. Towson
Towson,320,200 Im,9,1:53.75,Jack Cummins,,Patriot Invitational
Towson,320,200 Im,10,1:55.94,Owen Cather,,Patriot Invitational
Towson,320,400 Im,1,3:56.84,David Walton,,Patriot Invitational
Towson,320,400 Im,2,3:58.57,CHRISTIAN Davidson,,Patriot Invitational
Towson,320,400 Im,3,3:58.65,Asher Allebach,,Patriot Invitational
Towson,320,400 Im,4,3:59.24,Linus Ament,,Patriot Invitational
Towson,320,400 Im,5,3:59.80,Jack Cummins,,Patriot Invitational
Towson,320,400 Im,6,4:08.38,Christian Johnson,,Patriot Invitational
Towson,320,50 Free,1,20.17,Daniel McLaughlin,,Patriot Invitational
Towson,320,50 Free,2,20.26,Benjamin Eischeid,,Patriot Invitational
Towson,320,50 Free,3,20.29,Isak Brkanovic,,Patriot Invitational
Towson,320,50 Free,4,20.53,Julian Najarro Sedar,,Patriot Invitational
Towson,320,50 Free,5,20.60,Sean Colson,,Patriot Invitational
Towson,320,50 Free,6,20.68,Jake Wade,,Patriot Invitational
Towson,320,50 Free,7,20.76,Owen Cromer,,Patriot Invitational
Towson,320,50 Free,8,20.81,Harry Herrera,,Patriot Invitational
Towson,320,50 Free,9,20.84,Nicco Gurri,,Patriot Invitational
Towson,320,50 Free,10,21.56,Hugo Haggard,,Thomas Murphy  Invitational
Towson,320,500 Free,1,4:25.33,Stephen McDonald,,Patriot Invitational
Towson,320,500 Free,2,4:26.33,CHRISTIAN Davidson,,Patriot Invitational
Towson,320,500 Free,3,4:28.27,Zachary Rothman,,Patriot Invitational
Towson,320,500 Free,4,4:33.78,Anthony Mortellite,,Patriot Invitational
Towson,320,500 Free,5,4:36.17,Teddy Ament,,Patriot Invitational
Towson,320,500 Free,6,4:37.50,Christian Johnson,,Patriot Invitational
Towson,320,500 Free,7,4:39.98,Linus Ament,,George Washington VS Towson
Towson,320,500 Free,8,4:50.77,Ian Hewett,,Thomas Murphy  Invitational
Towson,320,500 Free,9,5:05.08,Hugo Haggard,,Navy VS Towson
UC San Diego,121,100 Back,1,47.41,William Seymour,,Trailblazer Invitational
UC San Diego,121,100 Back,2,48.26,Jack O'Shaughnessy,,Stanford v UCSD
UC San Diego,121,100 Back,3,48.59,Luigi Franco,,Trailblazer Invitational
UC San Diego,121,100 Back,4,49.27,Shane Burns,,Stanford v UCSD
UC San Diego,121,100 Back,5,50.83,Robby Griswold,,Trailblazer Invitational
UC San Diego,121,100 Back,6,51.12,Jacob Cairns,,Trailblazer Invitational
UC San Diego,121,100 Breast,1,54.09,Bekzhan Yessengeldy,,Trailblazer Invitational
UC San Diego,121,100 Breast,2,54.56,Adrian Bellido,,Trailblazer Invitational
UC San Diego,121,100 Breast,3,55.29,Trent Hollandsworth,,Trailblazer Invitational
UC San Diego,121,100 Breast,4,56.72,Colton Milne,,Stanford v UCSD
UC San Diego,121,100 Breast,5,57.03,Aiden Griffith,,Trailblazer Invitational
UC San Diego,121,100 Breast,6,57.58,Sammy Kan,,"USC vs. UNLV, UC San Diego"
UC San Diego,121,100 Fly,1,46.40,Hunter Cehelnik,,Trailblazer Invitational
UC San Diego,121,100 Fly,2,47.81,Adrian Bellido,,Trailblazer Invitational
UC San Diego,121,100 Fly,3,47.87,Zach Elian,,Trailblazer Invitational
UC San Diego,121,100 Fly,4,48.44,Kyle Kengla,,Trailblazer Invitational
UC San Diego,121,100 Fly,5,48.48,Lucas Brunett,,Stanford v UCSD
UC San Diego,121,100 Fly,6,48.55,Jacob Cairns,,Trailblazer Invitational
UC San Diego,121,100 Fly,7,50.04,William Miller,,"UC San Diego vs. Tulane, UCLA, Wisconsin"
UC San Diego,121,100 Fly,8,50.05,Jacob Wang,,"USC vs. UNLV, UC San Diego"
UC San Diego,121,100 Fly,9,50.12,Jack O'Shaughnessy,,Triton Invitational
UC San Diego,121,100 Fly,10,51.60,Sammy Kan,,"Pepperdine vs. UCSD, UCSB"
UC San Diego,121,100 Free,1,42.94,Hunter Cehelnik,,Trailblazer Invitational
UC San Diego,121,100 Free,2,43.86,Zach Elian,,Trailblazer Invitational
UC San Diego,121,100 Free,3,44.59,Kyle Kengla,,"USC vs. UNLV, UC San Diego"
UC San Diego,121,100 Free,4,44.79,William Seymour,,Trailblazer Invitational
UC San Diego,121,100 Free,5,44.79,Jacob Wang,,"USC vs. UNLV, UC San Diego"
UC San Diego,121,100 Free,6,45.19,Aidan Rikic,,Trailblazer Invitational
UC San Diego,121,100 Free,7,45.38,Lucas Brunett,,Trailblazer Invitational
UC San Diego,121,100 Free,8,45.56,Logan Lakis,,Stanford v UCSD
UC San Diego,121,100 Free,9,45.82,William Miller,,Triton Invitational
UC San Diego,121,100 Free,10,46.64,Landon Egeland,,Trailblazer Invitational
UC San Diego,121,1000 Free,1,9:08.86,Zach Tower,,"USC vs. UNLV, UC San Diego"
UC San Diego,121,1000 Free,2,9:18.52,Charlie Franz,,"USC vs. UNLV, UC San Diego"
UC San Diego,121,1000 Free,3,9:22.66,Landon Egeland,,Stanford v UCSD
UC San Diego,121,1000 Free,4,9:56.21,Skyler Kao,,Stanford v UCSD
UC San Diego,121,1650 Free,1,15:32.83,Zach Tower,,Triton Invitational
UC San Diego,121,1650 Free,2,15:33.63,Landon Egeland,,Trailblazer Invitational
UC San Diego,121,1650 Free,3,15:36.96,Charlie Franz,,Trailblazer Invitational
UC San Diego,121,1650 Free,4,16:59.13,Skyler Kao,,Triton Invitational
UC San Diego,121,200 Back,1,1:43.77,Luigi Franco,,Trailblazer Invitational
UC San Diego,121,200 Back,2,1:46.46,Jack O'Shaughnessy,,Stanford v UCSD
UC San Diego,121,200 Back,3,1:47.21,Shane Burns,,"UC San Diego vs. Tulane, UCLA, Wisconsin"
UC San Diego,121,200 Back,4,1:48.73,Robby Griswold,,"USC vs. UNLV, UC San Diego"
UC San Diego,121,200 Back,5,1:51.37,Colton Milne,,"Pepperdine vs. UCSD, UCSB"
UC San Diego,121,200 Back,6,1:55.58,Jacob Cairns,,Stanford v UCSD
UC San Diego,121,200 Breast,1,1:59.48,Bekzhan Yessengeldy,,"USC vs. UNLV, UC San Diego"
UC San Diego,121,200 Breast,2,2:03.74,Trent Hollandsworth,,Trailblazer Invitational
UC San Diego,121,200 Breast,3,2:04.93,Aiden Griffith,,Trailblazer Invitational
UC San Diego,121,200 Breast,4,2:05.96,Sammy Kan,,"UC San Diego vs. Tulane, UCLA, Wisconsin"
UC San Diego,121,200 Breast,5,2:09.82,Adrian Bellido,,Triton Invitational
UC San Diego,121,200 Fly,1,1:48.09,Jacob Cairns,,Trailblazer Invitational
UC San Diego,121,200 Fly,2,1:49.24,William Miller,,Trailblazer Invitational
UC San Diego,121,200 Fly,3,1:49.90,Adrian Bellido,,Trailblazer Invitational
UC San Diego,121,200 Fly,4,1:51.55,Zach Tower,,Triton Invitational
UC San Diego,121,200 Fly,5,1:57.46,Landon Egeland,,Triton Invitational
UC San Diego,121,200 Fly,6,1:57.96,Colton Milne,,"UC San Diego vs. Tulane, UCLA, Wisconsin"
UC San Diego,121,200 Free,1,1:35.47,Hunter Cehelnik,,Trailblazer Invitational
UC San Diego,121,200 Free,2,1:37.82,Luigi Franco,,Trailblazer Invitational
UC San Diego,121,200 Free,3,1:37.90,Aidan Rikic,,Trailblazer Invitational
UC San Diego,121,200 Free,4,1:38.53,William Seymour,,Trailblazer Invitational
UC San Diego,121,200 Free,5,1:39.01,William Miller,,Trailblazer Invitational
UC San Diego,121,200 Free,6,1:39.47,Landon Egeland,,Trailblazer Invitational
UC San Diego,121,200 Free,7,1:40.49,Charlie Franz,,Triton Invitational
UC San Diego,121,200 Free,8,1:40.65,Shane Burns,,Trailblazer Invitational
UC San Diego,121,200 Free,9,1:41.03,Lucas Brunett,,Trailblazer Invitational
UC San Diego,121,200 Free,10,1:42.65,Filip Kurial,,Stanford v UCSD
UC San Diego,121,200 Im,1,1:47.58,Bekzhan Yessengeldy,,Trailblazer Invitational
UC San Diego,121,200 Im,2,1:50.77,Shane Burns,,Trailblazer Invitational
UC San Diego,121,200 Im,3,1:51.33,Jack O'Shaughnessy,,Trailblazer Invitational
UC San Diego,121,200 Im,4,1:51.53,Aiden Griffith,,Trailblazer Invitational
UC San Diego,121,200 Im,5,1:52.47,Robby Griswold,,Trailblazer Invitational
UC San Diego,121,200 Im,6,1:53.11,Trent Hollandsworth,,Trailblazer Invitational
UC San Diego,121,200 Im,7,1:53.37,Jacob Cairns,,"USC vs. UNLV, UC San Diego"
UC San Diego,121,200 Im,8,1:53.71,Sammy Kan,,"USC vs. UNLV, UC San Diego"
UC San Diego,121,400 Im,1,3:56.94,Shane Burns,,Stanford v UCSD
UC San Diego,121,400 Im,2,3:57.24,Bekzhan Yessengeldy,,"Pepperdine vs. UCSD, UCSB"
UC San Diego,121,400 Im,3,4:02.08,Aiden Griffith,,Trailblazer Invitational
UC San Diego,121,400 Im,4,4:02.84,Colton Milne,,Stanford v UCSD
UC San Diego,121,400 Im,5,4:03.08,Zach Tower,,Trailblazer Invitational
UC San Diego,121,400 Im,6,4:36.61,Sammy Kan,,Stanford v UCSD
UC San Diego,121,50 Free,1,19.84,Hunter Cehelnik,,Trailblazer Invitational
UC San Diego,121,50 Free,2,20.07,William Seymour,,Trailblazer Invitational
UC San Diego,121,50 Free,3,20.24,Zach Elian,,Trailblazer Invitational
UC San Diego,121,50 Free,4,20.56,William Miller,,Trailblazer Invitational
UC San Diego,121,50 Free,5,20.56,Jacob Wang,,"USC vs. UNLV, UC San Diego"
UC San Diego,121,50 Free,6,20.67,Logan Lakis,,"UC San Diego vs. Tulane, UCLA, Wisconsin"
UC San Diego,121,50 Free,7,20.68,Lucas Brunett,,Trailblazer Invitational
UC San Diego,121,50 Free,8,20.75,Aidan Rikic,,Trailblazer Invitational
UC San Diego,121,50 Free,9,20.78,Kyle Kengla,,"USC vs. UNLV, UC San Diego"
UC San Diego,121,50 Free,10,20.86,Adrian Bellido,,Trailblazer Invitational
UC San Diego,121,500 Free,1,4:26.31,Landon Egeland,,Trailblazer Invitational
UC San Diego,121,500 Free,2,4:28.25,Zach Tower,,"USC vs. UNLV, UC San Diego"
UC San Diego,121,500 Free,3,4:28.30,Charlie Franz,,"USC vs. UNLV, UC San Diego"
UC San Diego,121,500 Free,4,4:28.58,Luigi Franco,,Trailblazer Invitational
UC San Diego,121,500 Free,5,4:34.33,Aidan Rikic,,Trailblazer Invitational
UC San Diego,121,500 Free,6,4:44.98,Skyler Kao,,"USC vs. UNLV, UC San Diego"
UC San Diego,121,500 Free,7,4:56.96,William Miller,,Stanford v UCSD
UC-Santa Barbara,194,100 Back,1,47.87,Diego Castaneda,,Navy Fall Invitational
UC-Santa Barbara,194,100 Back,2,48.39,Lucas Hubbard,,Navy Fall Invitational
UC-Santa Barbara,194,100 Back,3,48.47,William Cussimanio,,Navy Fall Invitational
UC-Santa Barbara,194,100 Back,4,49.16,Aneesh Veeravatnam,,Navy Fall Invitational
UC-Santa Barbara,194,100 Back,5,49.35,Taisei Saito,,Navy Fall Invitational
UC-Santa Barbara,194,100 Back,6,51.06,Billy Picht,,Triton Invitational
UC-Santa Barbara,194,100 Back,7,51.31,Owen Bohi,,UCSB vs UOP Dual
UC-Santa Barbara,194,100 Back,8,51.68,Bryden Thielenhaus,,"Cal Baptist vs. Denver, San Diego State, UCSB"
UC-Santa Barbara,194,100 Back,9,52.97,Jack Nugent,,PAC Invite
UC-Santa Barbara,194,100 Back,10,54.33,Jack Ortman,,Navy Fall Invitational
UC-Santa Barbara,194,100 Breast,1,54.36,Michael Petersen,,Navy Fall Invitational
UC-Santa Barbara,194,100 Breast,2,55.05,Jonah Lee,,"Pepperdine vs. UCSD, UCSB"
UC-Santa Barbara,194,100 Breast,3,55.18,Jack Nugent,,Navy Fall Invitational
UC-Santa Barbara,194,100 Breast,4,55.50,Trent Stegina,,Navy Fall Invitational
UC-Santa Barbara,194,100 Breast,5,55.57,Noah Wagner-Jauregg,,Navy Fall Invitational
UC-Santa Barbara,194,100 Breast,6,56.25,Owen Bohi,,"Cal Baptist vs. Denver, San Diego State, UCSB"
UC-Santa Barbara,194,100 Breast,7,56.57,Jason Su,,Navy Fall Invitational
UC-Santa Barbara,194,100 Breast,8,56.82,Connor Martilla,,"Pepperdine vs. UCSD, UCSB"
UC-Santa Barbara,194,100 Breast,9,1:03.77,Jack Ortman,,Triton Invitational
UC-Santa Barbara,194,100 Fly,1,46.51,Zac Tamusaitis,,Navy Fall Invitational
UC-Santa Barbara,194,100 Fly,2,47.67,Bryden Thielenhaus,,Navy Fall Invitational
UC-Santa Barbara,194,100 Fly,3,48.23,Henry Heit,,Navy Fall Invitational
UC-Santa Barbara,194,100 Fly,4,48.23,Billy Picht,,Navy Fall Invitational
UC-Santa Barbara,194,100 Fly,5,48.33,Aneesh Veeravatnam,,Navy Fall Invitational
UC-Santa Barbara,194,100 Fly,6,48.37,Diego Castaneda,,Navy Fall Invitational
UC-Santa Barbara,194,100 Fly,7,48.42,William Cussimanio,,"Pepperdine vs. UCSD, UCSB"
UC-Santa Barbara,194,100 Fly,8,48.43,Noah Wagner-Jauregg,,Navy Fall Invitational
UC-Santa Barbara,194,100 Fly,9,48.80,Lucas Hubbard,,"Cal Baptist vs. Denver, San Diego State, UCSB"
UC-Santa Barbara,194,100 Fly,10,48.97,Taisei Saito,,Navy Fall Invitational
UC-Santa Barbara,194,100 Free,1,43.78,Elek Zettle,,Navy Fall Invitational
UC-Santa Barbara,194,100 Free,2,44.03,Noah Wagner-Jauregg,,Navy Fall Invitational
UC-Santa Barbara,194,100 Free,3,44.09,Mason Wendler,,Navy Fall Invitational
UC-Santa Barbara,194,100 Free,4,44.74,Zac Tamusaitis,,Navy Fall Invitational
UC-Santa Barbara,194,100 Free,5,44.96,Owen Berry,,Navy Fall Invitational
UC-Santa Barbara,194,100 Free,6,45.50,Andrew Lillie,,Navy Fall Invitational
UC-Santa Barbara,194,100 Free,7,45.54,Rob Carpenter,,Navy Fall Invitational
UC-Santa Barbara,194,100 Free,8,45.77,Bryden Thielenhaus,,Triton Invitational
UC-Santa Barbara,194,100 Free,9,46.11,Trent Stegina,,Navy Fall Invitational
UC-Santa Barbara,194,100 Free,10,46.18,Lucas Hubbard,,Triton Invitational
UC-Santa Barbara,194,1000 Free,1,9:21.80,Jack Hendrick,,"Pepperdine vs. UCSD, UCSB"
UC-Santa Barbara,194,1000 Free,2,9:35.52,Andrew Lillie,,"Pepperdine vs. UCSD, UCSB"
UC-Santa Barbara,194,1000 Free,3,9:59.25,Billy Picht,,UCSB vs UOP Dual
UC-Santa Barbara,194,1000 Free,4,10:12.30,Rob Carpenter,,Triton Invitational
UC-Santa Barbara,194,1650 Free,1,15:33.60,Jack Hendrick,,Navy Fall Invitational
UC-Santa Barbara,194,1650 Free,2,15:53.00,Andrew Lillie,,Navy Fall Invitational
UC-Santa Barbara,194,1650 Free,3,16:50.38,Rob Carpenter,,Triton Invitational
UC-Santa Barbara,194,1650 Free,4,16:56.63,Billy Picht,,Triton Invitational
UC-Santa Barbara,194,200 Back,1,1:44.95,Diego Castaneda,,Navy Fall Invitational
UC-Santa Barbara,194,200 Back,2,1:46.09,Lucas Hubbard,,Navy Fall Invitational
UC-Santa Barbara,194,200 Back,3,1:46.38,Aneesh Veeravatnam,,Navy Fall Invitational
UC-Santa Barbara,194,200 Back,4,1:47.84,Taisei Saito,,Navy Fall Invitational
UC-Santa Barbara,194,200 Back,5,1:50.88,Jack Nugent,,"Cal Baptist vs. Denver, San Diego State, UCSB"
UC-Santa Barbara,194,200 Breast,1,1:59.59,Owen Bohi,,Navy Fall Invitational
UC-Santa Barbara,194,200 Breast,2,2:00.21,Jack Nugent,,Navy Fall Invitational
UC-Santa Barbara,194,200 Breast,3,2:00.54,Michael Petersen,,Navy Fall Invitational
UC-Santa Barbara,194,200 Breast,4,2:01.43,Connor Martilla,,Navy Fall Invitational
UC-Santa Barbara,194,200 Breast,5,2:04.12,Jason Su,,Navy Fall Invitational
UC-Santa Barbara,194,200 Breast,6,2:04.77,Trent Stegina,,Navy Fall Invitational
UC-Santa Barbara,194,200 Breast,7,2:07.18,Jack Ortman,,Navy Fall Invitational
UC-Santa Barbara,194,200 Breast,8,2:08.43,Jonah Lee,,UCSB vs UOP Dual
UC-Santa Barbara,194,200 Fly,1,1:46.32,Henry Heit,,Navy Fall Invitational
UC-Santa Barbara,194,200 Fly,2,1:47.41,Bryden Thielenhaus,,Navy Fall Invitational
UC-Santa Barbara,194,200 Fly,3,1:47.84,Lucas Hubbard,,Navy Fall Invitational
UC-Santa Barbara,194,200 Fly,4,1:48.62,Owen Berry,,Navy Fall Invitational
UC-Santa Barbara,194,200 Fly,5,1:48.66,Aneesh Veeravatnam,,Navy Fall Invitational
UC-Santa Barbara,194,200 Fly,6,1:48.85,Billy Picht,,Navy Fall Invitational
UC-Santa Barbara,194,200 Fly,7,1:51.33,Diego Castaneda,,"Cal Baptist vs. Denver, San Diego State, UCSB"
UC-Santa Barbara,194,200 Free,1,1:36.68,Elek Zettle,,Navy Fall Invitational
UC-Santa Barbara,194,200 Free,2,1:36.84,Mason Wendler,,Navy Fall Invitational
UC-Santa Barbara,194,200 Free,3,1:36.90,Owen Berry,,"Cal Baptist vs. Denver, San Diego State, UCSB"
UC-Santa Barbara,194,200 Free,4,1:38.92,Lucas Hubbard,,Navy Fall Invitational
UC-Santa Barbara,194,200 Free,5,1:39.38,Andrew Lillie,,Navy Fall Invitational
UC-Santa Barbara,194,200 Free,6,1:39.46,Rob Carpenter,,"Cal Baptist vs. Denver, San Diego State, UCSB"
UC-Santa Barbara,194,200 Free,7,1:39.56,Jack Ortman,,Navy Fall Invitational
UC-Santa Barbara,194,200 Free,8,1:40.72,Connor Martilla,,"Cal Baptist vs. Denver, San Diego State, UCSB"
UC-Santa Barbara,194,200 Free,9,1:41.88,Jack Hendrick,,"Cal Baptist vs. Denver, San Diego State, UCSB"
UC-Santa Barbara,194,200 Im,1,1:48.66,Owen Bohi,,Navy Fall Invitational
UC-Santa Barbara,194,200 Im,2,1:48.83,Jack Nugent,,Navy Fall Invitational
UC-Santa Barbara,194,200 Im,3,1:49.99,Connor Martilla,,Navy Fall Invitational
UC-Santa Barbara,194,200 Im,4,1:50.11,Henry Heit,,Navy Fall Invitational
UC-Santa Barbara,194,200 Im,5,1:50.14,Diego Castaneda,,Navy Fall Invitational
UC-Santa Barbara,194,200 Im,6,1:51.38,Aneesh Veeravatnam,,Navy Fall Invitational
UC-Santa Barbara,194,200 Im,7,1:52.37,Taisei Saito,,Navy Fall Invitational
UC-Santa Barbara,194,200 Im,8,1:54.17,Jack Hendrick,,"Cal Baptist vs. Denver, San Diego State, UCSB"
UC-Santa Barbara,194,200 Im,9,1:55.19,Jason Su,,Navy Fall Invitational
UC-Santa Barbara,194,200 Im,10,1:55.66,Billy Picht,,Navy Fall Invitational
UC-Santa Barbara,194,400 Im,1,3:51.67,Jack Hendrick,,Navy Fall Invitational
UC-Santa Barbara,194,400 Im,2,3:52.53,Owen Bohi,,Navy Fall Invitational
UC-Santa Barbara,194,400 Im,3,3:54.91,Connor Martilla,,Navy Fall Invitational
UC-Santa Barbara,194,400 Im,4,3:59.58,Andrew Lillie,,Navy Fall Invitational
UC-Santa Barbara,194,50 Free,1,20.10,Zac Tamusaitis,,"Pepperdine vs. UCSD, UCSB"
UC-Santa Barbara,194,50 Free,2,20.18,Elek Zettle,,Navy Fall Invitational
UC-Santa Barbara,194,50 Free,3,20.37,Bryden Thielenhaus,,Navy Fall Invitational
UC-Santa Barbara,194,50 Free,4,20.53,Noah Wagner-Jauregg,,Navy Fall Invitational
UC-Santa Barbara,194,50 Free,5,20.56,Mason Wendler,,"Cal Baptist vs. Denver, San Diego State, UCSB"
UC-Santa Barbara,194,50 Free,6,20.72,Andrew Lillie,,Navy Fall Invitational
UC-Santa Barbara,194,50 Free,7,20.84,Rob Carpenter,,Navy Fall Invitational
UC-Santa Barbara,194,50 Free,8,20.86,William Cussimanio,,Navy Fall Invitational
UC-Santa Barbara,194,50 Free,9,21.26,Michael Petersen,,Navy Fall Invitational
UC-Santa Barbara,194,50 Free,10,21.30,Trent Stegina,,Navy Fall Invitational
UC-Santa Barbara,194,500 Free,1,4:22.04,Owen Berry,,Navy Fall Invitational
UC-Santa Barbara,194,500 Free,2,4:24.37,Jack Hendrick,,Navy Fall Invitational
UC-Santa Barbara,194,500 Free,3,4:29.73,Andrew Lillie,,Navy Fall Invitational
UC-Santa Barbara,194,500 Free,4,4:30.16,Jack Ortman,,Navy Fall Invitational
UC-Santa Barbara,194,500 Free,5,4:32.48,Connor Martilla,,Navy Fall Invitational
UC-Santa Barbara,194,500 Free,6,4:37.21,Rob Carpenter,,Navy Fall Invitational
UC-Santa Barbara,194,500 Free,7,4:43.75,Lucas Hubbard,,PAC Invite
UMBC,138,100 Back,1,47.86,Quinn Marchionini,,Bucknell Invitational
UMBC,138,100 Back,2,49.97,Stefano Perez,,Bucknell Invitational
UMBC,138,100 Back,3,50.33,Nick Bracall,,Bucknell Invitational
UMBC,138,100 Back,4,51.77,Thyn Van Lier,,Bucknell Invitational
UMBC,138,100 Back,5,52.41,Matthew So,,"UMBC vs Navy, William & Mary"
UMBC,138,100 Back,6,52.78,Michael Truong,,Bucknell Invitational
UMBC,138,100 Back,7,52.80,Sean Neils,,"UMBC vs Navy, William & Mary"
UMBC,138,100 Back,8,53.13,Garrett Jones,,Thomas Murphy  Invitational
UMBC,138,100 Back,9,53.61,Brendan Hanlon,,Bucknell Invitational
UMBC,138,100 Back,10,58.44,Axel Mori,,Thomas Murphy  Invitational
UMBC,138,100 Breast,1,55.08,Sean Neils,,Bucknell Invitational
UMBC,138,100 Breast,2,56.69,Elliot Fielder,,Bucknell Invitational
UMBC,138,100 Breast,3,57.49,Matthew Johnson,,Bucknell Invitational
UMBC,138,100 Breast,4,58.08,Matthew Rotunda,,Bucknell Invitational
UMBC,138,100 Breast,5,1:00.07,Thyn Van Lier,,2025 UMBC vs Howard vs VMI
UMBC,138,100 Breast,6,1:00.52,James Tao,,American vs. UMBC
UMBC,138,100 Breast,7,1:03.37,Luke Eskola,,"UMBC vs Navy, William & Mary"
UMBC,138,100 Fly,1,47.74,Stefano Perez,,Bucknell Invitational
UMBC,138,100 Fly,2,48.62,Quinn Marchionini,,Bucknell Invitational
UMBC,138,100 Fly,3,48.83,Matthew So,,Thomas Murphy  Invitational
UMBC,138,100 Fly,4,48.88,Axel Mori,,Bucknell Invitational
UMBC,138,100 Fly,5,50.40,Tyler Kay,,Thomas Murphy  Invitational
UMBC,138,100 Fly,6,50.94,Braden Weise,,"UMBC vs Navy, William & Mary"
UMBC,138,100 Fly,7,51.72,Michael Truong,,Bucknell Invitational
UMBC,138,100 Fly,8,53.57,Matthew Johnson,,Thomas Murphy  Invitational
UMBC,138,100 Fly,9,53.84,Brendan Hanlon,,Salisbury vs. UMBC
UMBC,138,100 Fly,10,54.34,James Tao,,Bucknell Invitational
UMBC,138,100 Free,1,44.17,Sean Neils,,Bucknell Invitational
UMBC,138,100 Free,2,44.45,Braden Weise,,Bucknell Invitational
UMBC,138,100 Free,3,44.64,Matthew So,,Thomas Murphy  Invitational
UMBC,138,100 Free,4,44.75,Stefano Perez,,Bucknell Invitational
UMBC,138,100 Free,5,44.85,Axel Mori,,Bucknell Invitational
UMBC,138,100 Free,6,45.09,Tyler Kay,,Bucknell Invitational
UMBC,138,100 Free,7,45.65,Andrew McEachern,,Bucknell Invitational
UMBC,138,100 Free,8,46.05,Felipe Taveira Lira,,Thomas Murphy  Invitational
UMBC,138,100 Free,9,46.44,Garrett Jones,,Bucknell Invitational
UMBC,138,100 Free,10,47.47,Michael Truong,,Bucknell Invitational
UMBC,138,1000 Free,1,9:42.84,Nick Zaharescu,,Bucknell Invitational
UMBC,138,1000 Free,2,9:45.10,Felipe Taveira Lira,,Bucknell Invitational
UMBC,138,1000 Free,3,9:45.81,Christian Castro,,Bucknell Invitational
UMBC,138,1000 Free,4,9:53.14,Brendan Hanlon,,Bucknell Invitational
UMBC,138,1650 Free,1,15:54.91,Nick Zaharescu,,Bucknell Invitational
UMBC,138,1650 Free,2,15:59.02,Felipe Taveira Lira,,Bucknell Invitational
UMBC,138,1650 Free,3,16:09.82,Christian Castro,,Bucknell Invitational
UMBC,138,1650 Free,4,16:22.10,Brendan Hanlon,,Bucknell Invitational
UMBC,138,200 Back,1,1:48.07,Quinn Marchionini,,Bucknell Invitational
UMBC,138,200 Back,2,1:49.62,Nick Bracall,,Bucknell Invitational
UMBC,138,200 Back,3,2:01.09,Luke Eskola,,American vs. UMBC
UMBC,138,200 Back,4,2:05.39,Brendan Hanlon,,Salisbury vs. UMBC
UMBC,138,200 Breast,1,2:02.54,Elliot Fielder,,Bucknell Invitational
UMBC,138,200 Breast,2,2:03.26,Matthew Johnson,,Bucknell Invitational
UMBC,138,200 Breast,3,2:03.66,James Tao,,Thomas Murphy  Invitational
UMBC,138,200 Breast,4,2:07.02,Matthew Rotunda,,Bucknell Invitational
UMBC,138,200 Breast,5,2:10.42,Luke Eskola,,Thomas Murphy  Invitational
UMBC,138,200 Breast,6,2:13.09,Christian Castro,,Thomas Murphy  Invitational
UMBC,138,200 Breast,7,2:24.21,NICHOLAS POULOS,,"UMBC vs Navy, William & Mary"
UMBC,138,200 Fly,1,1:54.81,Nick Zaharescu,,Thomas Murphy  Invitational
UMBC,138,200 Fly,2,1:56.44,Axel Mori,,Bucknell Invitational
UMBC,138,200 Fly,3,1:58.66,James Tao,,"UMBC vs Navy, William & Mary"
UMBC,138,200 Fly,4,2:00.80,Felipe Taveira Lira,,Salisbury vs. UMBC
UMBC,138,200 Fly,5,2:02.22,Brendan Hanlon,,Thomas Murphy  Invitational
UMBC,138,200 Fly,6,2:04.21,NICHOLAS POULOS,,"UMBC vs Navy, William & Mary"
UMBC,138,200 Fly,7,2:06.24,Luke Eskola,,Salisbury vs. UMBC
UMBC,138,200 Free,1,1:37.94,Andrew McEachern,,Bucknell Invitational
UMBC,138,200 Free,2,1:38.22,Tyler Kay,,Bucknell Invitational
UMBC,138,200 Free,3,1:38.92,Braden Weise,,Bucknell Invitational
UMBC,138,200 Free,4,1:39.02,Felipe Taveira Lira,,Bucknell Invitational
UMBC,138,200 Free,5,1:39.25,Matthew So,,Bucknell Invitational
UMBC,138,200 Free,6,1:42.62,Garrett Jones,,Bucknell Invitational
UMBC,138,200 Free,7,1:43.12,Brendan Hanlon,,Bucknell Invitational
UMBC,138,200 Free,8,1:47.09,Luke Eskola,,Thomas Murphy  Invitational
UMBC,138,200 Free,9,1:47.60,Nick Bracall,,"UMBC vs Navy, William & Mary"
UMBC,138,200 Free,10,1:50.04,Matthew Rotunda,,Salisbury vs. UMBC
UMBC,138,200 Im,1,1:48.67,Tyler Kay,,Bucknell Invitational
UMBC,138,200 Im,2,1:48.88,Quinn Marchionini,,Bucknell Invitational
UMBC,138,200 Im,3,1:51.92,Felipe Taveira Lira,,Thomas Murphy  Invitational
UMBC,138,200 Im,4,1:53.39,James Tao,,Bucknell Invitational
UMBC,138,200 Im,5,1:54.21,Elliot Fielder,,Bucknell Invitational
UMBC,138,200 Im,6,1:54.82,Garrett Jones,,Bucknell Invitational
UMBC,138,200 Im,7,1:55.12,Luke Eskola,,Thomas Murphy  Invitational
UMBC,138,200 Im,8,1:55.18,Matthew Rotunda,,Bucknell Invitational
UMBC,138,200 Im,9,1:56.40,Matthew Johnson,,Bucknell Invitational
UMBC,138,200 Im,10,1:59.15,Michael Truong,,Thomas Murphy  Invitational
UMBC,138,400 Im,1,3:58.91,Felipe Taveira Lira,,Bucknell Invitational
UMBC,138,400 Im,2,3:59.56,James Tao,,Bucknell Invitational
UMBC,138,400 Im,3,4:01.24,Nick Zaharescu,,Bucknell Invitational
UMBC,138,400 Im,4,4:01.48,Nick Bracall,,Bucknell Invitational
UMBC,138,400 Im,5,4:07.83,Luke Eskola,,Thomas Murphy  Invitational
UMBC,138,400 Im,6,4:08.89,Christian Castro,,Thomas Murphy  Invitational
UMBC,138,400 Im,7,4:18.68,Elliot Fielder,,Thomas Murphy  Invitational
UMBC,138,400 Im,8,4:28.01,NICHOLAS POULOS,,Thomas Murphy  Invitational
UMBC,138,50 Free,1,20.14,Stefano Perez,,Bucknell Invitational
UMBC,138,50 Free,2,20.30,Braden Weise,,Bucknell Invitational
UMBC,138,50 Free,3,20.41,Sean Neils,,Bucknell Invitational
UMBC,138,50 Free,4,20.75,Matthew So,,Bucknell Invitational
UMBC,138,50 Free,5,20.95,Axel Mori,,Bucknell Invitational
UMBC,138,50 Free,6,21.05,Quinn Marchionini,,Thomas Murphy  Invitational
UMBC,138,50 Free,7,21.64,Tyler Kay,,Bucknell Invitational
UMBC,138,50 Free,8,21.66,Thyn Van Lier,,Bucknell Invitational
UMBC,138,50 Free,9,21.69,Andrew McEachern,,Bucknell Invitational
UMBC,138,50 Free,10,21.95,Michael Truong,,Bucknell Invitational
UMBC,138,500 Free,1,4:28.61,Andrew McEachern,,Bucknell Invitational
UMBC,138,500 Free,2,4:31.40,Nick Zaharescu,,Bucknell Invitational
UMBC,138,500 Free,3,4:32.70,Felipe Taveira Lira,,Bucknell Invitational
UMBC,138,500 Free,4,4:41.67,Christian Castro,,Bucknell Invitational
UMBC,138,500 Free,5,4:42.97,Brendan Hanlon,,Bucknell Invitational
UMBC,138,500 Free,6,4:57.45,Elliot Fielder,,"UMBC vs Navy, William & Mary"
UMBC,138,500 Free,7,5:01.46,Luke Eskola,,"UMBC vs Navy, William & Mary"
UMBC,138,500 Free,8,5:13.57,NICHOLAS POULOS,,American vs. UMBC
