school_name,team_id,event,rank,time,swimmer,year,meet
Adams State,627,100 Back,1,1:01.62,Ryley Martinez,,Trinity University Tiger Invitational -
Adams State,627,100 Back,2,1:02.04,Ashlyn Popham,,Trinity University Tiger Invitational -
Adams State,627,100 Back,3,1:02.69,Clare Bonham,,Trinity University Tiger Invitational -
Adams State,627,100 Back,4,1:12.58,Brenna Otteman,,Colorado Mines vs. Adams State
Adams State,627,100 Breast,1,1:21.64,Annika Schaak,,Trinity University Tiger Invitational -
Adams State,627,100 Fly,1,1:03.79,Jocelyn Jones,,2025 Dan France Contl Divide-Day 1
Adams State,627,100 Fly,2,1:06.35,Ashlyn Popham,,Intermountain Shootout-Day 2 (Saturday)
Adams State,627,100 Free,1,54.18,Jocelyn Jones,,Trinity University Tiger Invitational -
Adams State,627,100 Free,2,54.76,Ryley Martinez,,Trinity University Tiger Invitational -
Adams State,627,100 Free,3,55.37,Ashlyn Popham,,Trinity University Tiger Invitational -
Adams State,627,100 Free,4,58.74,Brenna Otteman,,Trinity University Tiger Invitational -
Adams State,627,100 Free,5,58.94,Eleanor Schafer,,2026 Colorado College Classic
Adams State,627,100 Free,6,1:00.00,Kennedy Larson,,Trinity University Tiger Invitational -
Adams State,627,100 Free,7,1:00.30,Clare Bonham,,Trinity University Tiger Invitational -
Adams State,627,100 Free,8,1:01.71,Savannah Spicuzza-Woodcock,,Trinity University Tiger Invitational -
Adams State,627,100 Free,9,1:03.55,Lana Rhoads,,Adams State vs. Colorado College
Adams State,627,100 Free,10,1:19.98,Annika Schaak,,2026 Colorado College Classic
Adams State,627,1000 Free,1,11:48.02,Ryley Martinez,,Colorado Mines vs. Adams State vs. CSU Pueblo
Adams State,627,1000 Free,2,12:00.95,Eleanor Schafer,,Intermountain Shootout -
Adams State,627,1000 Free,3,12:05.82,Kennedy Larson,,2025 Dan France Contl Divide-Day 1
Adams State,627,1000 Free,4,13:04.30,Lana Rhoads,,Colorado Mines vs. Adams State
Adams State,627,1000 Free,5,13:35.49,Jenna Lang,,2025 Dan France Contl Divide-Day 1
Adams State,627,1650 Free,1,19:13.73,Ryley Martinez,,Trinity University Tiger Invitational -
Adams State,627,1650 Free,2,19:28.76,Kennedy Larson,,Trinity University Tiger Invitational -
Adams State,627,1650 Free,3,19:41.58,Eleanor Schafer,,2026 Colorado College Classic
Adams State,627,1650 Free,4,21:21.32,Lana Rhoads,,Trinity University Tiger Invitational -
Adams State,627,200 Back,1,2:16.85,Clare Bonham,,Trinity University Tiger Invitational -
Adams State,627,200 Free,1,1:58.34,Jocelyn Jones,,Trinity University Tiger Invitational -
Adams State,627,200 Free,2,2:02.33,Ashlyn Popham,,Trinity University Tiger Invitational -
Adams State,627,200 Free,3,2:08.76,Eleanor Schafer,,Trinity University Tiger Invitational -
Adams State,627,200 Free,4,2:09.10,Kennedy Larson,,Trinity University Tiger Invitational -
Adams State,627,200 Free,5,2:09.17,Ryley Martinez,,Colorado Mines vs. Adams State
Adams State,627,200 Free,6,2:15.86,Lana Rhoads,,Trinity University Tiger Invitational -
Adams State,627,200 Free,7,2:27.89,Jenna Lang,,Intermountain Shootout -
Adams State,627,200 Im,1,2:43.58,Savannah Spicuzza-Woodcock,,Trinity University Tiger Invitational -
Adams State,627,50 Free,1,24.88,Jocelyn Jones,,Trinity University Tiger Invitational -
Adams State,627,50 Free,2,25.05,Ashlyn Popham,,Trinity University Tiger Invitational -
Adams State,627,50 Free,3,25.12,Ryley Martinez,,Trinity University Tiger Invitational -
Adams State,627,50 Free,4,26.62,Brenna Otteman,,Trinity University Tiger Invitational -
Adams State,627,50 Free,5,27.01,Clare Bonham,,Trinity University Tiger Invitational -
Adams State,627,50 Free,6,27.54,Eleanor Schafer,,2026 Colorado College Classic
Adams State,627,50 Free,7,28.34,Savannah Spicuzza-Woodcock,,Adams State vs. Colorado College
Adams State,627,50 Free,8,29.05,Kennedy Larson,,Trinity University Tiger Invitational -
Adams State,627,50 Free,9,29.65,Lana Rhoads,,2026 Colorado College Classic
Adams State,627,50 Free,10,31.77,Annika Schaak,,Trinity University Tiger Invitational -
Adams State,627,500 Free,1,5:30.51,Ryley Martinez,,Trinity University Tiger Invitational -
Adams State,627,500 Free,2,5:40.01,Kennedy Larson,,Trinity University Tiger Invitational -
Adams State,627,500 Free,3,5:40.50,Eleanor Schafer,,2026 Colorado College Classic
Adams State,627,500 Free,4,5:55.57,Ashlyn Popham,,Senior Recognition Meet WCU vs ADAMS
Adams State,627,500 Free,5,6:00.11,Clare Bonham,,2025 Dan France Contl Divide-Day 1
Adams State,627,500 Free,6,6:08.40,Lana Rhoads,,Trinity University Tiger Invitational -
Adams State,627,500 Free,7,6:37.49,Jenna Lang,,2025 Dan France Contl Divide-Day 1
Adelphi,442,100 Back,1,1:00.84,laura moran,,ECAC Winter Championship
Adelphi,442,100 Back,2,1:01.21,Kelly Tula,,ECAC Winter Championship
Adelphi,442,100 Back,3,1:01.60,Emily Munayirji,,Adelphi VS SUNY New Paltz
Adelphi,442,100 Back,4,1:04.18,Aizel Pusing,,St. Joseph's vs. Adelphi
Adelphi,442,100 Back,5,1:04.76,Isabella Chang,,ECAC Winter Championship
Adelphi,442,100 Back,6,1:09.13,Ava Pusing,,Staten Island vs. Adelphi vs. Felician
Adelphi,442,100 Breast,1,1:09.82,Aizel Pusing,,ECAC Winter Championship
Adelphi,442,100 Breast,2,1:11.19,Isabelle Chang,,Adelphi VS SUNY New Paltz
Adelphi,442,100 Breast,3,1:11.73,Natalia Brulinski,,ECAC Winter Championship
Adelphi,442,100 Breast,4,1:13.11,Maya Bieganowski,,Staten Island vs. Adelphi vs. Felician
Adelphi,442,100 Breast,5,1:13.26,Isabella Chang,,ECAC Winter Championship
Adelphi,442,100 Breast,6,1:20.44,Emily Munayirji,,St. Joseph's vs. Adelphi
Adelphi,442,100 Fly,1,59.43,Kelly Tula,,ECAC Winter Championship
Adelphi,442,100 Fly,2,1:01.33,Natalia Brulinski,,ECAC Winter Championship
Adelphi,442,100 Fly,3,1:01.95,Aizel Pusing,,ECAC Winter Championship
Adelphi,442,100 Fly,4,1:04.56,Emily Munayirji,,ECAC Winter Championship
Adelphi,442,100 Fly,5,1:06.09,Ava Pusing,,ECAC Winter Championship
Adelphi,442,100 Fly,6,1:07.78,Daniela Zunich,,ECAC Winter Championship
Adelphi,442,100 Fly,7,1:10.95,Isabelle Chang,,Staten Island vs. Adelphi vs. Felician
Adelphi,442,100 Fly,8,1:14.20,Isabella Bonagura,,"WPI,Bentley, Adelphi, Felician"
Adelphi,442,100 Free,1,55.07,Maya Bieganowski,,ECAC Winter Championship
Adelphi,442,100 Free,2,55.11,Emily Munayirji,,ECAC Winter Championship
Adelphi,442,100 Free,3,57.22,laura moran,,Adelphi VS SUNY New Paltz
Adelphi,442,100 Free,4,57.72,Angelina Fazzino,,St. Joseph's vs. Adelphi
Adelphi,442,100 Free,5,57.90,Sophia Bouyer,,ECAC Winter Championship
Adelphi,442,100 Free,6,58.54,Isabelle Chang,,Bridgeport vs. Adelphi
Adelphi,442,100 Free,7,58.62,Kelly Tula,,"WPI,Bentley, Adelphi, Felician"
Adelphi,442,100 Free,8,58.91,Natalia Brulinski,,Pace vs. Adelphi
Adelphi,442,100 Free,9,1:00.14,Isabella Bonagura,,Adelphi VS SUNY New Paltz
Adelphi,442,100 Free,10,1:03.76,Ava Pusing,,Bridgeport vs. Adelphi
Adelphi,442,1000 Free,1,11:02.15,Emily Munayirji,,Adelphi VS SUNY New Paltz
Adelphi,442,1000 Free,2,11:06.14,Angelina Fazzino,,ECAC Winter Championship
Adelphi,442,1000 Free,3,11:54.65,Kelly Tula,,St. Joseph's vs. Adelphi
Adelphi,442,1000 Free,4,12:32.60,Daniela Zunich,,USMMA vs Adelphi
Adelphi,442,1000 Free,5,12:47.13,Aizel Pusing,,St. Joseph's vs. Adelphi
Adelphi,442,1000 Free,6,12:50.34,Sophia Bouyer,,Staten Island vs. Adelphi vs. Felician
Adelphi,442,1650 Free,1,18:25.74,Angelina Fazzino,,ECAC Winter Championship
Adelphi,442,200 Back,1,2:08.57,Emily Munayirji,,ECAC Winter Championship
Adelphi,442,200 Back,2,2:14.29,laura moran,,ECAC Winter Championship
Adelphi,442,200 Breast,1,2:30.91,Aizel Pusing,,ECAC Winter Championship
Adelphi,442,200 Breast,2,2:35.47,Isabella Chang,,ECAC Winter Championship
Adelphi,442,200 Breast,3,2:42.59,Natalia Brulinski,,Bridgeport vs. Adelphi
Adelphi,442,200 Fly,1,2:16.72,Kelly Tula,,ECAC Winter Championship
Adelphi,442,200 Fly,2,2:23.97,Natalia Brulinski,,ECAC Winter Championship
Adelphi,442,200 Fly,3,2:27.59,Ava Pusing,,ECAC Winter Championship
Adelphi,442,200 Fly,4,2:31.36,Daniela Zunich,,ECAC Winter Championship
Adelphi,442,200 Free,1,1:58.73,Angelina Fazzino,,ECAC Winter Championship
Adelphi,442,200 Free,2,1:59.54,Emily Munayirji,,ECAC Winter Championship
Adelphi,442,200 Free,3,2:00.46,Maya Bieganowski,,ECAC Winter Championship
Adelphi,442,200 Free,4,2:07.79,Isabelle Chang,,Adelphi vs Assumption
Adelphi,442,200 Free,5,2:08.00,Sophia Bouyer,,ECAC Winter Championship
Adelphi,442,200 Free,6,2:12.61,Isabella Bonagura,,ECAC Winter Championship
Adelphi,442,200 Im,1,2:16.64,Emily Munayirji,,Adelphi VS SUNY New Paltz
Adelphi,442,200 Im,2,2:16.97,Maya Bieganowski,,ECAC Winter Championship
Adelphi,442,200 Im,3,2:18.87,Natalia Brulinski,,ECAC Winter Championship
Adelphi,442,200 Im,4,2:20.44,laura moran,,ECAC Winter Championship
Adelphi,442,200 Im,5,2:21.77,Isabella Chang,,ECAC Winter Championship
Adelphi,442,200 Im,6,2:22.68,Daniela Zunich,,ECAC Winter Championship
Adelphi,442,200 Im,7,2:26.96,Aizel Pusing,,"WPI,Bentley, Adelphi, Felician"
Adelphi,442,400 Im,1,4:51.30,Emily Munayirji,,ECAC Winter Championship
Adelphi,442,400 Im,2,5:05.45,Aizel Pusing,,Staten Island vs. Adelphi vs. Felician
Adelphi,442,400 Im,3,5:13.55,Daniela Zunich,,ECAC Winter Championship
Adelphi,442,400 Im,4,5:18.42,Isabelle Chang,,Staten Island vs. Adelphi vs. Felician
Adelphi,442,50 Free,1,24.86,Aizel Pusing,,ECAC Winter Championship
Adelphi,442,50 Free,2,25.84,Isabelle Chang,,Adelphi VS SUNY New Paltz
Adelphi,442,50 Free,3,25.98,laura moran,,Staten Island vs. Adelphi vs. Felician
Adelphi,442,50 Free,4,26.07,Kelly Tula,,Adelphi VS SUNY New Paltz
Adelphi,442,50 Free,5,26.11,Maya Bieganowski,,ECAC Winter Championship
Adelphi,442,50 Free,6,26.28,Emily Munayirji,,ECAC Winter Championship
Adelphi,442,50 Free,7,26.66,Isabella Chang,,Pace vs. Adelphi
Adelphi,442,50 Free,8,26.90,Isabella Bonagura,,Adelphi VS SUNY New Paltz
Adelphi,442,50 Free,9,27.34,Ava Pusing,,ECAC Winter Championship
Adelphi,442,50 Free,10,27.80,Angelina Fazzino,,St. Joseph's vs. Adelphi
Adelphi,442,500 Free,1,5:16.41,Angelina Fazzino,,ECAC Winter Championship
Adelphi,442,500 Free,2,5:19.14,Emily Munayirji,,ECAC Winter Championship
Adelphi,442,500 Free,3,5:52.56,Sophia Bouyer,,ECAC Winter Championship
Adelphi,442,500 Free,4,6:00.30,Daniela Zunich,,Adelphi VS SUNY New Paltz
Adelphi,442,500 Free,5,6:26.89,Isabella Bonagura,,Bridgeport vs. Adelphi
Ashland,217,100 Back,1,56.01,Yasmim Tomita,,Don Kimble Invitational
Ashland,217,100 Back,2,1:00.08,Mary Kate Prall,,Don Kimble Invitational
Ashland,217,100 Back,3,1:02.72,Payton Meyer,,Don Kimble Invitational
Ashland,217,100 Back,4,1:04.04,Anna Ramsier,,Don Kimble Invitational
Ashland,217,100 Back,5,1:04.16,Delaney Spradlin,,Don Kimble Invitational
Ashland,217,100 Back,6,1:12.46,Haleigh Gilmore,,Ashland vs. Malone
Ashland,217,100 Breast,1,1:07.90,Colleen Cox,,Don Kimble Invitational
Ashland,217,100 Breast,2,1:09.45,Brooke Patel,,Don Kimble Invitational
Ashland,217,100 Breast,3,1:09.80,Kit Kat Anderson,,Don Kimble Invitational
Ashland,217,100 Breast,4,1:10.14,Blair Pichola,,Don Kimble Invitational
Ashland,217,100 Breast,5,1:12.89,Raechel Serafimov,,Don Kimble Invitational
Ashland,217,100 Breast,6,1:13.70,Rachel Stanchek,,Don Kimble Invitational
Ashland,217,100 Breast,7,1:15.24,Megan Tomasic,,Don Kimble Invitational
Ashland,217,100 Breast,8,1:17.54,Joselyn Hensley,,Ashland vs. Baldwin Wallace
Ashland,217,100 Fly,1,58.28,Hannah Yemec,,Don Kimble Invitational
Ashland,217,100 Fly,2,59.98,Juliana Pignato,,Don Kimble Invitational
Ashland,217,100 Fly,3,1:00.58,Payton Meyer,,Don Kimble Invitational
Ashland,217,100 Fly,4,1:01.74,Joselyn Hensley,,Ashland vs. Baldwin Wallace
Ashland,217,100 Fly,5,1:03.42,Payton O'Toole,,Bluffton vs. Ohio Northern vs. Ashland
Ashland,217,100 Fly,6,1:04.06,Stephanie Holubetz,,Findlay vs. Ashland
Ashland,217,100 Fly,7,1:05.79,Brooke Patel,,Don Kimble Invitational
Ashland,217,100 Fly,8,1:06.07,Rachel Stanchek,,Don Kimble Invitational
Ashland,217,100 Fly,9,1:06.26,Mary Kate Prall,,Ashland vs. Baldwin Wallace
Ashland,217,100 Free,1,53.63,Payton O'Toole,,Don Kimble Invitational
Ashland,217,100 Free,2,53.84,Kit Kat Anderson,,Don Kimble Invitational
Ashland,217,100 Free,3,54.22,Juliana Pignato,,Don Kimble Invitational
Ashland,217,100 Free,4,54.81,Colleen Cox,,Don Kimble Invitational
Ashland,217,100 Free,5,55.34,Hannah Yemec,,Ashland vs. Malone
Ashland,217,100 Free,6,55.98,Blair Pichola,,Don Kimble Invitational
Ashland,217,100 Free,7,56.47,Katelyn Claugus,,Don Kimble Invitational
Ashland,217,100 Free,8,56.66,Yasmim Tomita,,Oberlin Early Invite
Ashland,217,100 Free,9,57.37,Delaney Spradlin,,Don Kimble Invitational
Ashland,217,100 Free,10,57.54,Megan Tomasic,,Don Kimble Invitational
Ashland,217,1000 Free,1,11:21.47,Brooke Patel,,Ashland vs. Baldwin Wallace
Ashland,217,1000 Free,2,11:35.77,Payton O'Toole,,Bluffton vs. Ohio Northern vs. Ashland
Ashland,217,1000 Free,3,11:43.73,Jaidyn Jordan,,Don Kimble Invitational
Ashland,217,1000 Free,4,11:48.18,Stephanie Holubetz,,Edinboro vs Ashland
Ashland,217,1000 Free,5,11:52.30,Payton Meyer,,Ashland University vs. Mount Union
Ashland,217,1000 Free,6,11:55.18,Joselyn Hensley,,Ashland vs. Malone
Ashland,217,1000 Free,7,12:09.38,Emma Stoll,,Don Kimble Invitational
Ashland,217,1000 Free,8,12:32.69,Nina Nephew,,Ashland vs. W&J
Ashland,217,1000 Free,9,12:54.38,Haleigh Gilmore,,Ashland University vs. Mount Union
Ashland,217,1650 Free,1,18:59.23,Brooke Patel,,Ashland vs. Malone
Ashland,217,1650 Free,2,19:31.90,Jaidyn Jordan,,Don Kimble Invitational
Ashland,217,1650 Free,3,19:42.75,Joselyn Hensley,,Ashland vs. Malone
Ashland,217,1650 Free,4,19:50.50,Stephanie Holubetz,,Don Kimble Invitational
Ashland,217,1650 Free,5,20:25.59,Emma Stoll,,Don Kimble Invitational
Ashland,217,1650 Free,6,21:05.59,Payton Meyer,,Oberlin Early Invite
Ashland,217,200 Back,1,2:02.47,Yasmim Tomita,,Don Kimble Invitational
Ashland,217,200 Back,2,2:13.19,Mary Kate Prall,,Don Kimble Invitational
Ashland,217,200 Back,3,2:18.57,Payton Meyer,,Ashland University vs. Mount Union
Ashland,217,200 Back,4,2:21.55,Anna Ramsier,,Don Kimble Invitational
Ashland,217,200 Back,5,2:24.11,Delaney Spradlin,,Oberlin Early Invite
Ashland,217,200 Back,6,2:30.63,Emma Stoll,,Ashland University vs. Mount Union
Ashland,217,200 Back,7,2:43.81,Haleigh Gilmore,,Ashland University vs. Mount Union
Ashland,217,200 Breast,1,2:29.00,Brooke Patel,,Don Kimble Invitational
Ashland,217,200 Breast,2,2:32.33,Kit Kat Anderson,,Don Kimble Invitational
Ashland,217,200 Breast,3,2:33.95,Blair Pichola,,Don Kimble Invitational
Ashland,217,200 Breast,4,2:37.57,Rachel Stanchek,,Don Kimble Invitational
Ashland,217,200 Breast,5,2:42.09,Colleen Cox,,Don Kimble Invitational
Ashland,217,200 Fly,1,2:11.11,Hannah Yemec,,Don Kimble Invitational
Ashland,217,200 Fly,2,2:13.71,Juliana Pignato,,Don Kimble Invitational
Ashland,217,200 Fly,3,2:14.38,Joselyn Hensley,,Don Kimble Invitational
Ashland,217,200 Fly,4,2:23.87,Payton Meyer,,Ashland University vs Grove City
Ashland,217,200 Fly,5,2:26.45,Stephanie Holubetz,,Don Kimble Invitational
Ashland,217,200 Free,1,1:56.02,Payton O'Toole,,Don Kimble Invitational
Ashland,217,200 Free,2,1:57.12,Kit Kat Anderson,,Don Kimble Invitational
Ashland,217,200 Free,3,1:57.78,Juliana Pignato,,Don Kimble Invitational
Ashland,217,200 Free,4,1:58.71,Yasmim Tomita,,Don Kimble Invitational
Ashland,217,200 Free,5,1:58.91,Hannah Yemec,,Don Kimble Invitational
Ashland,217,200 Free,6,2:01.71,Katelyn Claugus,,Don Kimble Invitational
Ashland,217,200 Free,7,2:04.43,Brooke Patel,,Don Kimble Invitational
Ashland,217,200 Free,8,2:04.45,Joselyn Hensley,,Don Kimble Invitational
Ashland,217,200 Free,9,2:05.89,Jaidyn Jordan,,Don Kimble Invitational
Ashland,217,200 Free,10,2:09.45,Payton Meyer,,Ashland vs. Malone
Ashland,217,200 Im,1,2:11.47,Payton O'Toole,,Don Kimble Invitational
Ashland,217,200 Im,2,2:12.47,Yasmim Tomita,,Don Kimble Invitational
Ashland,217,200 Im,3,2:12.80,Hannah Yemec,,Don Kimble Invitational
Ashland,217,200 Im,4,2:14.03,Juliana Pignato,,Don Kimble Invitational
Ashland,217,200 Im,5,2:14.30,Mary Kate Prall,,Don Kimble Invitational
Ashland,217,200 Im,6,2:14.50,Brooke Patel,,Don Kimble Invitational
Ashland,217,200 Im,7,2:17.03,Kit Kat Anderson,,Oberlin Early Invite
Ashland,217,200 Im,8,2:17.96,Rachel Stanchek,,Don Kimble Invitational
Ashland,217,200 Im,9,2:23.53,Joselyn Hensley,,"Saginaw Valley vs Ashland, Hillsdale, & LSSU"
Ashland,217,200 Im,10,2:24.27,Stephanie Holubetz,,Ashland vs. Malone
Ashland,217,400 Im,1,4:45.71,Brooke Patel,,Don Kimble Invitational
Ashland,217,400 Im,2,4:52.29,Rachel Stanchek,,Don Kimble Invitational
Ashland,217,400 Im,3,4:55.99,Mary Kate Prall,,Ashland vs. Baldwin Wallace
Ashland,217,400 Im,4,5:08.17,Stephanie Holubetz,,Don Kimble Invitational
Ashland,217,50 Free,1,24.13,Colleen Cox,,Don Kimble Invitational
Ashland,217,50 Free,2,24.49,Payton O'Toole,,Don Kimble Invitational
Ashland,217,50 Free,3,25.24,Katelyn Claugus,,Don Kimble Invitational
Ashland,217,50 Free,4,25.75,Megan Tomasic,,Don Kimble Invitational
Ashland,217,50 Free,5,25.82,Kit Kat Anderson,,Don Kimble Invitational
Ashland,217,50 Free,6,25.82,Raechel Serafimov,,Don Kimble Invitational
Ashland,217,50 Free,7,26.26,Juliana Pignato,,Don Kimble Invitational
Ashland,217,50 Free,8,26.26,Blair Pichola,,Ashland vs. Baldwin Wallace
Ashland,217,50 Free,9,26.43,Delaney Spradlin,,Ashland vs. Malone
Ashland,217,50 Free,10,26.53,Anna Ramsier,,Ashland vs. Baldwin Wallace
Ashland,217,500 Free,1,5:26.88,Katelyn Claugus,,Don Kimble Invitational
Ashland,217,500 Free,2,5:28.20,Payton O'Toole,,Ashland vs. Baldwin Wallace
Ashland,217,500 Free,3,5:28.22,Joselyn Hensley,,Don Kimble Invitational
Ashland,217,500 Free,4,5:30.06,Jaidyn Jordan,,Don Kimble Invitational
Ashland,217,500 Free,5,5:34.81,Payton Meyer,,Don Kimble Invitational
Ashland,217,500 Free,6,5:41.32,Stephanie Holubetz,,Don Kimble Invitational
Ashland,217,500 Free,7,5:48.33,Emma Stoll,,Ashland vs. Malone
Ashland,217,500 Free,8,6:07.89,Haleigh Gilmore,,Ashland vs. W&J
Ashland,217,500 Free,9,6:08.01,Nina Nephew,,Ashland vs. Malone
Ashland,217,500 Free,10,6:30.66,Jillian Hull,,Ashland University vs. Mount Union
Assumption,564,100 Back,1,1:02.27,Ella Gilpin,,Harold Anderson Invitational
Assumption,564,100 Back,2,1:03.08,Brooke Silvia,,Harold Anderson Invitational
Assumption,564,100 Back,3,1:04.07,Bella Smith,,Pace vs. Assumption vs. Mount Saint Mary (NY)
Assumption,564,100 Back,4,1:05.24,Ruth Riccobon,,Worcester City Championships
Assumption,564,100 Back,5,1:14.64,Hannah English,,Worcester City Championships
Assumption,564,100 Breast,1,1:05.88,Sophia Lake,,Harold Anderson Invitational
Assumption,564,100 Breast,2,1:12.36,Audrey Hannigan,,Harold Anderson Invitational
Assumption,564,100 Breast,3,1:15.33,Bella Smith,,Bentley vs. Assumption
Assumption,564,100 Breast,4,1:16.95,Regan Lynch,,Harold Anderson Invitational
Assumption,564,100 Breast,5,1:17.68,Aubri Garcia,,Pace vs. Assumption vs. Mount Saint Mary (NY)
Assumption,564,100 Breast,6,1:24.84,Ella Gilpin,,Worcester City Championships
Assumption,564,100 Breast,7,1:27.78,Hannah English,,Worcester City Championships
Assumption,564,100 Fly,1,1:03.28,Bella Smith,,Harold Anderson Invitational
Assumption,564,100 Fly,2,1:03.97,Giulia Faulkner,,Harold Anderson Invitational
Assumption,564,100 Fly,3,1:04.66,Aubri Garcia,,Harold Anderson Invitational
Assumption,564,100 Fly,4,1:05.84,Hannah English,,Harold Anderson Invitational
Assumption,564,100 Fly,5,1:06.08,Ruth Riccobon,,Harold Anderson Invitational
Assumption,564,100 Fly,6,1:06.59,Jasmine Johnson,,Pace vs. Assumption vs. Mount Saint Mary (NY)
Assumption,564,100 Fly,7,1:16.49,Ella Gilpin,,Worcester City Championships
Assumption,564,100 Free,1,56.28,Audrey Hannigan,,Harold Anderson Invitational
Assumption,564,100 Free,2,57.95,Sophia Lake,,Worcester City Championships
Assumption,564,100 Free,3,58.31,Aubri Garcia,,Harold Anderson Invitational
Assumption,564,100 Free,4,59.07,Giulia Faulkner,,Harold Anderson Invitational
Assumption,564,100 Free,5,59.86,Lindsey Downer,,Harold Anderson Invitational
Assumption,564,100 Free,6,1:00.21,Hannah English,,Harold Anderson Invitational
Assumption,564,100 Free,7,1:00.68,Bella Smith,,Worcester City Championships
Assumption,564,100 Free,8,1:00.99,Ella Gilpin,,Southern Connecticut vs Assumption
Assumption,564,100 Free,9,1:02.79,Brooke Silvia,,Adelphi vs Assumption
Assumption,564,100 Free,10,1:03.01,Jasmine Johnson,,Southern Connecticut vs Assumption
Assumption,564,1000 Free,1,11:45.74,Emma Kates,,Pace vs. Assumption vs. Mount Saint Mary (NY)
Assumption,564,1000 Free,2,12:26.44,Lindsey Downer,,Bentley vs. Assumption
Assumption,564,1650 Free,1,19:10.52,Emma Kates,,Harold Anderson Invitational
Assumption,564,1650 Free,2,19:51.05,Ella Gilpin,,Harold Anderson Invitational
Assumption,564,1650 Free,3,20:15.18,Lindsey Downer,,Harold Anderson Invitational
Assumption,564,200 Back,1,2:17.45,Brooke Silvia,,Harold Anderson Invitational
Assumption,564,200 Back,2,2:17.47,Bella Smith,,Harold Anderson Invitational
Assumption,564,200 Back,3,2:22.87,Ella Gilpin,,Southern Connecticut vs Assumption
Assumption,564,200 Breast,1,2:24.42,Sophia Lake,,Harold Anderson Invitational
Assumption,564,200 Breast,2,2:40.61,Bella Smith,,Assumption vs Bridgeport
Assumption,564,200 Breast,3,2:50.71,Regan Lynch,,Harold Anderson Invitational
Assumption,564,200 Fly,1,2:23.86,Ruth Riccobon,,Worcester City Championships
Assumption,564,200 Fly,2,2:27.98,Bella Smith,,Assumption vs Bridgeport
Assumption,564,200 Fly,3,2:45.05,Hannah English,,Pace vs. Assumption vs. Mount Saint Mary (NY)
Assumption,564,200 Free,1,2:07.25,Sophia Lake,,Bentley vs. Assumption
Assumption,564,200 Free,2,2:09.17,Ella Gilpin,,Assumption vs Bridgeport
Assumption,564,200 Free,3,2:10.77,Lindsey Downer,,Harold Anderson Invitational
Assumption,564,200 Free,4,2:11.53,Jasmine Johnson,,Harold Anderson Invitational
Assumption,564,200 Free,5,2:12.01,Emma Kates,,Harold Anderson Invitational
Assumption,564,200 Free,6,2:23.59,Hannah English,,Pace vs. Assumption vs. Mount Saint Mary (NY)
Assumption,564,200 Im,1,2:16.43,Sophia Lake,,Harold Anderson Invitational
Assumption,564,200 Im,2,2:18.35,Bella Smith,,Harold Anderson Invitational
Assumption,564,200 Im,3,2:22.19,Brooke Silvia,,Harold Anderson Invitational
Assumption,564,200 Im,4,2:25.08,Giulia Faulkner,,Harold Anderson Invitational
Assumption,564,200 Im,5,2:30.39,Hannah English,,Harold Anderson Invitational
Assumption,564,200 Im,6,2:32.36,Ella Gilpin,,Worcester City Championships
Assumption,564,200 Im,7,2:34.29,Regan Lynch,,Harold Anderson Invitational
Assumption,564,50 Free,1,25.24,Audrey Hannigan,,Harold Anderson Invitational
Assumption,564,50 Free,2,25.82,Sophia Lake,,Pace vs. Assumption vs. Mount Saint Mary (NY)
Assumption,564,50 Free,3,25.95,Aubri Garcia,,Harold Anderson Invitational
Assumption,564,50 Free,4,27.19,Giulia Faulkner,,Harold Anderson Invitational
Assumption,564,50 Free,5,27.25,Bella Smith,,Harold Anderson Invitational
Assumption,564,50 Free,6,27.48,Brooke Silvia,,Worcester City Championships
Assumption,564,50 Free,7,27.77,Jasmine Johnson,,Assumption vs Bridgeport
Assumption,564,50 Free,8,28.00,Ruth Riccobon,,Worcester City Championships
Assumption,564,50 Free,9,28.74,Hannah English,,Harold Anderson Invitational
Assumption,564,50 Free,10,28.90,Lindsey Downer,,Harold Anderson Invitational
Assumption,564,500 Free,1,5:38.06,Emma Kates,,Harold Anderson Invitational
Assumption,564,500 Free,2,5:45.94,Ella Gilpin,,Harold Anderson Invitational
Assumption,564,500 Free,3,5:48.77,Lindsey Downer,,Harold Anderson Invitational
Augustana (SD),10007690,100 Back,1,57.90,Gracin Larson,,Augie Winter Invitational
Augustana (SD),10007690,100 Back,2,58.19,Ella Ward-Zeller,,Augie Winter Invitational
Augustana (SD),10007690,100 Back,3,58.43,Maggie Lombardi,,Augie Winter Invitational
Augustana (SD),10007690,100 Back,4,58.66,Ashley Peterson,,Augie Winter Invitational
Augustana (SD),10007690,100 Back,5,58.67,Nathalia Silva,,Augie Winter Invitational
Augustana (SD),10007690,100 Back,6,58.81,Addison Pavek,,Augie Winter Invitational
Augustana (SD),10007690,100 Back,7,1:00.09,Tova Blikre,,Augie Winter Invitational
Augustana (SD),10007690,100 Back,8,1:03.41,Lenja Osborne,,Augie Winter Invitational
Augustana (SD),10007690,100 Back,9,1:06.22,Abbegael Nynas,,Beagle Bunch versus The World
Augustana (SD),10007690,100 Breast,1,1:03.74,Ava Brogren,,Augustana vs. Omaha
Augustana (SD),10007690,100 Breast,2,1:05.43,Maria Preuss,,Augie Winter Invitational
Augustana (SD),10007690,100 Breast,3,1:06.26,Jisella Haskamp,,Augie Winter Invitational
Augustana (SD),10007690,100 Breast,4,1:08.10,Laura Lindsay,,Augie Winter Invitational
Augustana (SD),10007690,100 Breast,5,1:08.99,Brianna Ridpath,,Augie Winter Invitational
Augustana (SD),10007690,100 Breast,6,1:10.95,Jocelyn Dirksen,,Augie Winter Invitational
Augustana (SD),10007690,100 Breast,7,1:17.50,Avery Ryder,,Augustana vs. Saint Cloud Stat
Augustana (SD),10007690,100 Fly,1,58.27,Kierstyn Nelson,,Augie Winter Invitational
Augustana (SD),10007690,100 Fly,2,58.53,Lenja Osborne,,Augustana vs. Omaha
Augustana (SD),10007690,100 Fly,3,58.79,Ava Brogren,,Augie Winter Invitational
Augustana (SD),10007690,100 Fly,4,59.16,Maggie Lombardi,,Augie Winter Invitational
Augustana (SD),10007690,100 Fly,5,59.21,Brianna Ridpath,,Augie Winter Invitational
Augustana (SD),10007690,100 Fly,6,59.22,Nathalia Silva,,Augie Winter Invitational
Augustana (SD),10007690,100 Fly,7,59.30,Gracin Larson,,Augie Winter Invitational
Augustana (SD),10007690,100 Fly,8,59.98,Sofia Ospina Betancur,,Augie Winter Invitational
Augustana (SD),10007690,100 Fly,9,1:00.95,Addison Pavek,,Augie Winter Invitational
Augustana (SD),10007690,100 Fly,10,1:00.98,Jisella Haskamp,,Augie Winter Invitational
Augustana (SD),10007690,100 Free,1,52.87,Nathalia Silva,,Augie Winter Invitational
Augustana (SD),10007690,100 Free,2,53.43,Madelyn Buck,,Augustana vs. Omaha
Augustana (SD),10007690,100 Free,3,53.76,Margaret Reed,,Augie Winter Invitational
Augustana (SD),10007690,100 Free,4,53.83,Maria Preuss,,Augustana (SD) vs. Sioux Falls
Augustana (SD),10007690,100 Free,5,54.55,Avery Schuh,,Augustana vs. Omaha
Augustana (SD),10007690,100 Free,6,54.64,Sofia Hein,,Augustana vs. Saint Cloud Stat
Augustana (SD),10007690,100 Free,7,55.20,Ylva Konings,,Augie Winter Invitational
Augustana (SD),10007690,100 Free,8,55.24,Tova Blikre,,Augie Winter Invitational
Augustana (SD),10007690,100 Free,9,55.39,Ava Brogren,,Beagle Bunch versus The World
Augustana (SD),10007690,100 Free,10,55.49,Kierstyn Nelson,,Augustana vs. Saint Cloud Stat
Augustana (SD),10007690,1000 Free,1,10:52.46,Margaret Reed,,Augie Winter Invitational
Augustana (SD),10007690,1000 Free,2,10:53.43,Ylva Konings,,Augustana vs. Omaha
Augustana (SD),10007690,1000 Free,3,10:53.58,Abbegael Nynas,,Augustana vs. Omaha
Augustana (SD),10007690,1000 Free,4,11:13.51,Gaja Valant,,Augustana vs. Omaha
Augustana (SD),10007690,1000 Free,5,11:15.16,Payton Kollmorgen,,Augie Winter Invitational
Augustana (SD),10007690,1000 Free,6,11:17.36,Sofia Ospina Betancur,,Augie Winter Invitational
Augustana (SD),10007690,1000 Free,7,11:19.76,Audrey Johnson,,Augie Winter Invitational
Augustana (SD),10007690,1000 Free,8,11:25.22,Tova Blikre,,South Dakota State vs. Augustana (SD)
Augustana (SD),10007690,1650 Free,1,18:04.07,Margaret Reed,,Augie Winter Invitational
Augustana (SD),10007690,1650 Free,2,18:19.33,Abbegael Nynas,,Augie Winter Invitational
Augustana (SD),10007690,1650 Free,3,18:37.01,Ylva Konings,,Augie Winter Invitational
Augustana (SD),10007690,1650 Free,4,18:37.39,Payton Kollmorgen,,Augie Winter Invitational
Augustana (SD),10007690,1650 Free,5,18:42.29,Sofia Ospina Betancur,,Augie Winter Invitational
Augustana (SD),10007690,1650 Free,6,18:47.38,Audrey Johnson,,Augie Winter Invitational
Augustana (SD),10007690,1650 Free,7,19:02.27,Gaja Valant,,Augie Winter Invitational
Augustana (SD),10007690,200 Back,1,2:06.26,Nathalia Silva,,Augie Winter Invitational
Augustana (SD),10007690,200 Back,2,2:07.06,Ella Ward-Zeller,,Augustana vs. Saint Cloud Stat
Augustana (SD),10007690,200 Back,3,2:07.88,Gracin Larson,,Augie Winter Invitational
Augustana (SD),10007690,200 Back,4,2:08.07,Ashley Peterson,,Augie Winter Invitational
Augustana (SD),10007690,200 Back,5,2:08.26,Abbegael Nynas,,Augie Winter Invitational
Augustana (SD),10007690,200 Back,6,2:09.37,Maggie Lombardi,,Augie Winter Invitational
Augustana (SD),10007690,200 Back,7,2:09.94,Tova Blikre,,Augie Winter Invitational
Augustana (SD),10007690,200 Back,8,2:11.50,Addison Pavek,,Augie Winter Invitational
Augustana (SD),10007690,200 Back,9,2:15.74,Gaja Valant,,Augie Winter Invitational
Augustana (SD),10007690,200 Breast,1,2:22.96,Ava Brogren,,Augie Winter Invitational
Augustana (SD),10007690,200 Breast,2,2:24.28,Maria Preuss,,Augie Winter Invitational
Augustana (SD),10007690,200 Breast,3,2:24.95,Jisella Haskamp,,Augie Winter Invitational
Augustana (SD),10007690,200 Breast,4,2:28.57,Maija Kangas,,Augie Winter Invitational
Augustana (SD),10007690,200 Breast,5,2:29.26,Laura Lindsay,,Augustana vs. Omaha
Augustana (SD),10007690,200 Breast,6,2:31.42,Brianna Ridpath,,Augustana vs. Saint Cloud Stat
Augustana (SD),10007690,200 Breast,7,2:35.49,Jocelyn Dirksen,,Augie Winter Invitational
Augustana (SD),10007690,200 Breast,8,2:39.82,Payton Kollmorgen,,Augie Winter Invitational
Augustana (SD),10007690,200 Fly,1,2:09.64,Sofia Ospina Betancur,,Augie Winter Invitational
Augustana (SD),10007690,200 Fly,2,2:13.73,Addison Pavek,,Augie Winter Invitational
Augustana (SD),10007690,200 Fly,3,2:14.46,Kierstyn Nelson,,Augie Winter Invitational
Augustana (SD),10007690,200 Fly,4,2:14.95,Maggie Lombardi,,Augie Winter Invitational
Augustana (SD),10007690,200 Fly,5,2:15.97,Lenja Osborne,,Augie Winter Invitational
Augustana (SD),10007690,200 Fly,6,2:16.27,Brianna Ridpath,,Augie Winter Invitational
Augustana (SD),10007690,200 Fly,7,2:21.33,Audrey Johnson,,Augie Winter Invitational
Augustana (SD),10007690,200 Fly,8,2:23.74,Jocelyn Dirksen,,Augie Winter Invitational
Augustana (SD),10007690,200 Free,1,1:55.94,Margaret Reed,,Augie Winter Invitational
Augustana (SD),10007690,200 Free,2,1:57.99,Tova Blikre,,Augie Winter Invitational
Augustana (SD),10007690,200 Free,3,1:58.48,Maija Kangas,,Augustana vs. Saint Cloud Stat
Augustana (SD),10007690,200 Free,4,1:59.28,Nathalia Silva,,Augustana (SD) vs. Sioux Falls
Augustana (SD),10007690,200 Free,5,1:59.42,Abbegael Nynas,,Augie Winter Invitational
Augustana (SD),10007690,200 Free,6,1:59.66,Sofia Hein,,Augustana vs. Saint Cloud Stat
Augustana (SD),10007690,200 Free,7,2:00.80,Ava Brogren,,South Dakota State vs. Augustana (SD)
Augustana (SD),10007690,200 Free,8,2:01.31,Ylva Konings,,Augustana (SD) vs. Sioux Falls
Augustana (SD),10007690,200 Free,9,2:01.53,Madelyn Buck,,Augie Winter Invitational
Augustana (SD),10007690,200 Free,10,2:02.22,Avery Schuh,,Augie Winter Invitational
Augustana (SD),10007690,200 Im,1,2:06.49,Ava Brogren,,Augustana vs. Omaha
Augustana (SD),10007690,200 Im,2,2:10.31,Nathalia Silva,,Augie Winter Invitational
Augustana (SD),10007690,200 Im,3,2:13.51,Ella Ward-Zeller,,Augie Winter Invitational
Augustana (SD),10007690,200 Im,4,2:14.02,Audrey Johnson,,Augie Winter Invitational
Augustana (SD),10007690,200 Im,5,2:14.96,Margaret Reed,,Augustana vs. Omaha
Augustana (SD),10007690,200 Im,6,2:15.17,Ylva Konings,,Augie Winter Invitational
Augustana (SD),10007690,200 Im,7,2:16.25,Maija Kangas,,Coyote Extravaganza
Augustana (SD),10007690,200 Im,8,2:24.10,Laura Lindsay,,Beagle Bunch versus The World
Augustana (SD),10007690,400 Im,1,4:41.87,Maija Kangas,,Augie Winter Invitational
Augustana (SD),10007690,400 Im,2,4:43.26,Ylva Konings,,Augie Winter Invitational
Augustana (SD),10007690,400 Im,3,4:44.17,Audrey Johnson,,Augie Winter Invitational
Augustana (SD),10007690,400 Im,4,4:50.25,Ella Ward-Zeller,,Coyote Extravaganza
Augustana (SD),10007690,400 Im,5,4:57.42,Payton Kollmorgen,,Augie Winter Invitational
Augustana (SD),10007690,50 Free,1,24.30,Jisella Haskamp,,Augie Winter Invitational
Augustana (SD),10007690,50 Free,2,24.33,Gracin Larson,,Augie Winter Invitational
Augustana (SD),10007690,50 Free,3,24.56,Nathalia Silva,,Augustana vs. Omaha
Augustana (SD),10007690,50 Free,4,24.62,Maria Preuss,,Augie Winter Invitational
Augustana (SD),10007690,50 Free,5,24.68,Kierstyn Nelson,,Augie Winter Invitational
Augustana (SD),10007690,50 Free,6,24.97,Madelyn Buck,,Augie Winter Invitational
Augustana (SD),10007690,50 Free,7,24.97,Avery Schuh,,Augie Winter Invitational
Augustana (SD),10007690,50 Free,8,25.22,Sofia Hein,,Augustana vs. Saint Cloud Stat
Augustana (SD),10007690,50 Free,9,25.32,Lenja Osborne,,Augie Winter Invitational
Augustana (SD),10007690,50 Free,10,25.44,Ashley Peterson,,Augie Winter Invitational
Augustana (SD),10007690,500 Free,1,5:12.26,Margaret Reed,,Augie Winter Invitational
Augustana (SD),10007690,500 Free,2,5:16.26,Maija Kangas,,Augie Winter Invitational
Augustana (SD),10007690,500 Free,3,5:18.79,Abbegael Nynas,,Augie Winter Invitational
Augustana (SD),10007690,500 Free,4,5:20.05,Ylva Konings,,Augie Winter Invitational
Augustana (SD),10007690,500 Free,5,5:20.17,Tova Blikre,,Augie Winter Invitational
Augustana (SD),10007690,500 Free,6,5:23.04,Sofia Ospina Betancur,,Augie Winter Invitational
Augustana (SD),10007690,500 Free,7,5:32.32,Gaja Valant,,Coyote Extravaganza
Augustana (SD),10007690,500 Free,8,5:32.51,Payton Kollmorgen,,Augie Winter Invitational
Augustana (SD),10007690,500 Free,9,5:56.13,Audrey Johnson,,Beagle Bunch versus The World
Barry,10034633,100 Back,1,58.44,Sofia Ristancev,,NSU Shark Invite
Barry,10034633,100 Back,2,1:00.34,Kyana Higgs,,IRSC vs Barry
Barry,10034633,100 Back,3,1:03.33,Addison Blackburn,,NSU Shark Invite
Barry,10034633,100 Back,4,1:05.20,Kate Rutledge,,IRSC vs Barry
Barry,10034633,100 Breast,1,1:06.92,Evelin ZBISKÓ,,IRSC vs Barry
Barry,10034633,100 Breast,2,1:13.02,Ava McCarthy,,Nova Southeastern vs Barry vs Florida Southern vs Miami
Barry,10034633,100 Fly,1,1:00.14,Addison Blackburn,,IRSC vs Barry
Barry,10034633,100 Fly,2,1:01.65,Jenna Beck,,NSU Shark Invite
Barry,10034633,100 Free,1,52.36,Evelin ZBISKÓ,,NSU Shark Invite
Barry,10034633,100 Free,2,54.90,Ethena Conzemius,,NSU Shark Invite
Barry,10034633,100 Free,3,56.18,Jenna Beck,,IRSC vs Barry
Barry,10034633,100 Free,4,56.26,Isabela Piragine,,Nova Southeastern vs Barry vs Florida Southern vs Miami
Barry,10034633,100 Free,5,56.27,Addison Blackburn,,IRSC vs Barry
Barry,10034633,100 Free,6,57.06,Ava McCarthy,,NSU Shark Invite
Barry,10034633,100 Free,7,1:00.41,Kauri Parsons,,Rollins Vs Barry
Barry,10034633,100 Free,8,1:00.95,Sofia Ristancev,,St. Thomas (FL) vs. Barry
Barry,10034633,100 Free,9,1:03.54,Julieta Cabrera,,St. Thomas (FL) vs. Barry
Barry,10034633,1000 Free,1,10:58.23,Kate Rutledge,,IRSC vs Barry
Barry,10034633,1000 Free,2,11:30.20,Kauri Parsons,,NSU Shark Invite
Barry,10034633,1650 Free,1,18:23.53,Kate Rutledge,,NSU Shark Invite
Barry,10034633,1650 Free,2,19:02.99,Kauri Parsons,,NSU Shark Invite
Barry,10034633,200 Back,1,2:05.18,Sofia Ristancev,,IRSC vs Barry
Barry,10034633,200 Back,2,2:17.80,Kyana Higgs,,IRSC vs Barry
Barry,10034633,200 Back,3,2:22.10,Kauri Parsons,,IRSC vs Barry
Barry,10034633,200 Back,4,2:25.23,Kate Rutledge,,Lynn vs. Barry
Barry,10034633,200 Free,1,1:59.88,Ethena Conzemius,,NSU Shark Invite
Barry,10034633,200 Free,2,2:01.41,Kate Rutledge,,IRSC vs Barry
Barry,10034633,200 Free,3,2:02.30,Kauri Parsons,,NSU Shark Invite
Barry,10034633,200 Free,4,2:02.82,Isabela Piragine,,Nova Southeastern vs Barry vs Florida Southern vs Miami
Barry,10034633,200 Free,5,2:05.13,Jenna Beck,,IRSC vs Barry
Barry,10034633,200 Im,1,2:06.49,Evelin ZBISKÓ,,NSU Shark Invite
Barry,10034633,200 Im,2,2:16.44,Sofia Ristancev,,IRSC vs Barry
Barry,10034633,200 Im,3,2:19.51,Kyana Higgs,,IRSC vs Barry
Barry,10034633,200 Im,4,2:23.10,Kauri Parsons,,IRSC vs Barry
Barry,10034633,50 Free,1,24.34,Evelin ZBISKÓ,,IRSC vs Barry
Barry,10034633,50 Free,2,24.85,Addison Blackburn,,IRSC vs Barry
Barry,10034633,50 Free,3,25.23,Ethena Conzemius,,IRSC vs Barry
Barry,10034633,50 Free,4,25.56,Jenna Beck,,IRSC vs Barry
Barry,10034633,50 Free,5,26.22,Ava McCarthy,,NSU Shark Invite
Barry,10034633,50 Free,6,26.27,Julieta Cabrera,,Nova Southeastern vs Barry vs Florida Southern vs Miami
Barry,10034633,50 Free,7,26.30,Sofia Ristancev,,IRSC vs Barry
Barry,10034633,50 Free,8,26.30,Kyana Higgs,,Nova Southeastern vs Barry vs Florida Southern vs Miami
Barry,10034633,50 Free,9,27.03,Kauri Parsons,,St. Thomas (FL) vs. Barry
Barry,10034633,50 Free,10,27.30,Isabela Piragine,,Nova Southeastern vs Barry vs Florida Southern vs Miami
Barry,10034633,500 Free,1,5:20.23,Kate Rutledge,,IRSC vs Barry
Barry,10034633,500 Free,2,5:31.29,Kauri Parsons,,NSU Shark Invite
Barton,10008686,100 Back,1,1:02.09,Kyliee Marshall,,King Invitational
Barton,10008686,100 Breast,1,1:10.28,Avril Villalobos,,King Invitational
Barton,10008686,100 Breast,2,1:10.64,Brianna Cafarelli,,King Invitational
Barton,10008686,100 Fly,1,1:00.13,Kristina Chudikova,,King Invitational
Barton,10008686,100 Fly,2,1:07.07,Brianna Cafarelli,,Barton vs. Chowan
Barton,10008686,100 Fly,3,1:07.79,Avril Villalobos,,East Carolina vs. Lynchburg vs. Barton
Barton,10008686,100 Free,1,54.29,Kristina Chudikova,,King Invitational
Barton,10008686,100 Free,2,54.53,Cali Younker,,King Invitational
Barton,10008686,1000 Free,1,12:04.93,Ryan Colburn,,King Invitational
Barton,10008686,1650 Free,1,20:01.53,Ryan Colburn,,King Invitational
Barton,10008686,200 Back,1,2:20.47,Kyliee Marshall,,King Invitational
Barton,10008686,200 Breast,1,2:34.76,Brianna Cafarelli,,King Invitational
Barton,10008686,200 Breast,2,2:34.80,Avril Villalobos,,King Invitational
Barton,10008686,200 Free,1,2:01.18,Cali Younker,,King Invitational
Barton,10008686,200 Free,2,2:05.91,Ryan Colburn,,King Invitational
Barton,10008686,200 Im,1,2:20.72,Brianna Cafarelli,,King Invitational
Barton,10008686,200 Im,2,2:24.74,Avril Villalobos,,King Invitational
Barton,10008686,400 Im,1,5:23.37,Brianna Cafarelli,,East Carolina vs. Lynchburg vs. Barton
Barton,10008686,50 Free,1,24.65,Cali Younker,,King Invitational
Barton,10008686,50 Free,2,24.81,Kristina Chudikova,,King Invitational
Barton,10008686,50 Free,3,25.76,Kyliee Marshall,,King Invitational
Barton,10008686,50 Free,4,27.23,Brianna Cafarelli,,East Carolina vs. Lynchburg vs. Barton
Barton,10008686,500 Free,1,5:41.80,Ryan Colburn,,King Invitational
Bentley,225,100 Back,1,1:00.35,Taylor White,,Gompei Invitational
Bentley,225,100 Back,2,1:02.05,Jada Guo,,Gompei Invitational
Bentley,225,100 Back,3,1:02.66,Brydie Olofson,,Gompei Invitational
Bentley,225,100 Back,4,1:03.82,Claudia Walker,,Gompei Invitational
Bentley,225,100 Back,5,1:04.88,Addie Pappentick,,Gompei Invitational
Bentley,225,100 Back,6,1:05.41,Sarah Griffith,,Gompei Invitational
Bentley,225,100 Back,7,1:06.46,Ashlee Favata,,Gompei Invitational
Bentley,225,100 Back,8,1:06.73,Katie Keegan,,Gompei Invitational
Bentley,225,100 Back,9,1:06.87,Denise Castanos,,Gompei Invitational
Bentley,225,100 Back,10,1:06.98,Ava Hapkiewicz,,Gompei Invitational
Bentley,225,100 Breast,1,1:05.92,Skyla Lang,,Gompei Invitational
Bentley,225,100 Breast,2,1:09.86,Samantha Jackson,,Gompei Invitational
Bentley,225,100 Breast,3,1:09.93,Grace Motisi,,Gompei Invitational
Bentley,225,100 Breast,4,1:11.00,Michelle Li,,Gompei Invitational
Bentley,225,100 Breast,5,1:13.30,Bella Montanari,,"WPI,Bentley, Adelphi, Felician"
Bentley,225,100 Breast,6,1:18.46,Josie Nesta,,"Wheaton vs. Bentley, Wellesley"
Bentley,225,100 Breast,7,1:18.51,Caroline Cloxton,,Gompei Invitational
Bentley,225,100 Breast,8,1:22.20,Ava Hapkiewicz,,"Wheaton vs. Bentley, Wellesley"
Bentley,225,100 Breast,9,1:27.52,Maya Weil-Meggison,,"WPI,Bentley, Adelphi, Felician"
Bentley,225,100 Fly,1,59.78,Caroline Ubert,,Gompei Invitational
Bentley,225,100 Fly,2,1:01.42,Fotini Anastasiadou,,Gompei Invitational
Bentley,225,100 Fly,3,1:01.56,Skyla Lang,,Bentley vs Keene State
Bentley,225,100 Fly,4,1:02.61,Josie Nesta,,Gompei Invitational
Bentley,225,100 Fly,5,1:04.09,Katie Keegan,,Gompei Invitational
Bentley,225,100 Fly,6,1:04.29,Lily Rice,,Saint Michael's vs. Bentley
Bentley,225,100 Fly,7,1:05.24,Brydie Olofson,,Gompei Invitational
Bentley,225,100 Fly,8,1:05.28,Rachel Thilow,,Gompei Invitational
Bentley,225,100 Fly,9,1:08.06,Ashlee Favata,,Bentley vs. Assumption
Bentley,225,100 Fly,10,1:09.15,Denise Castanos,,Gompei Invitational
Bentley,225,100 Free,1,55.92,Samantha Jackson,,Gompei Invitational
Bentley,225,100 Free,2,56.00,Fotini Anastasiadou,,Babson College v Bentley University
Bentley,225,100 Free,3,56.16,Taylor White,,Gompei Invitational
Bentley,225,100 Free,4,56.31,Grace Motisi,,Babson College v Bentley University
Bentley,225,100 Free,5,57.05,Brydie Olofson,,Gompei Invitational
Bentley,225,100 Free,6,57.29,Alicia Shatalov,,Gompei Invitational
Bentley,225,100 Free,7,57.39,Bella Montanari,,"WPI,Bentley, Adelphi, Felician"
Bentley,225,100 Free,8,57.58,Caroline Cloxton,,Gompei Invitational
Bentley,225,100 Free,9,58.31,Jada Guo,,Bentley vs. Assumption
Bentley,225,100 Free,10,59.56,Addie Pappentick,,Babson College v Bentley University
Bentley,225,1000 Free,1,10:40.85,Taylor White,,Gompei Invitational
Bentley,225,1000 Free,2,11:11.73,Samantha Jackson,,Gompei Invitational
Bentley,225,1000 Free,3,11:12.52,Grace Motisi,,"Wheaton vs. Bentley, Wellesley"
Bentley,225,1000 Free,4,11:23.87,Cara Schwacke,,Gompei Invitational
Bentley,225,1000 Free,5,11:25.18,Claudia Walker,,Gompei Invitational
Bentley,225,1000 Free,6,11:27.17,Alicia Shatalov,,Gompei Invitational
Bentley,225,1000 Free,7,11:36.08,Caroline Cloxton,,Gompei Invitational
Bentley,225,1000 Free,8,11:53.72,Rachel Thilow,,Gompei Invitational
Bentley,225,1000 Free,9,12:06.09,Katie Keegan,,Bentley vs. Assumption
Bentley,225,1000 Free,10,12:19.53,Brinleigh Callahan,,Saint Michael's vs. Bentley
Bentley,225,1650 Free,1,17:37.06,Taylor White,,Gompei Invitational
Bentley,225,1650 Free,2,18:17.79,Samantha Jackson,,Gompei Invitational
Bentley,225,1650 Free,3,18:49.46,Alicia Shatalov,,Gompei Invitational
Bentley,225,1650 Free,4,18:52.90,Claudia Walker,,Gompei Invitational
Bentley,225,1650 Free,5,19:01.19,Cara Schwacke,,Gompei Invitational
Bentley,225,1650 Free,6,19:44.24,Rachel Thilow,,Gompei Invitational
Bentley,225,200 Back,1,2:10.00,Taylor White,,Gompei Invitational
Bentley,225,200 Back,2,2:11.99,Skyla Lang,,Saint Michael's vs. Bentley
Bentley,225,200 Back,3,2:15.28,Addie Pappentick,,Gompei Invitational
Bentley,225,200 Back,4,2:15.65,Claudia Walker,,Gompei Invitational
Bentley,225,200 Back,5,2:17.47,Jada Guo,,Gompei Invitational
Bentley,225,200 Back,6,2:19.34,Ashlee Favata,,Gompei Invitational
Bentley,225,200 Back,7,2:20.85,Katie Keegan,,Gompei Invitational
Bentley,225,200 Back,8,2:21.35,Ava Hapkiewicz,,Gompei Invitational
Bentley,225,200 Back,9,2:22.01,Sarah Griffith,,Gompei Invitational
Bentley,225,200 Back,10,2:24.05,Denise Castanos,,Gompei Invitational
Bentley,225,200 Breast,1,2:25.07,Skyla Lang,,Gompei Invitational
Bentley,225,200 Breast,2,2:27.94,Samantha Jackson,,Gompei Invitational
Bentley,225,200 Breast,3,2:32.14,Michelle Li,,Gompei Invitational
Bentley,225,200 Breast,4,2:34.17,Grace Motisi,,Gompei Invitational
Bentley,225,200 Breast,5,2:40.96,Josie Nesta,,Gompei Invitational
Bentley,225,200 Breast,6,2:54.69,Caroline Cloxton,,Gompei Invitational
Bentley,225,200 Breast,7,2:56.02,Ava Hapkiewicz,,"Wheaton vs. Bentley, Wellesley"
Bentley,225,200 Fly,1,2:14.52,Caroline Ubert,,Gompei Invitational
Bentley,225,200 Fly,2,2:18.43,Fotini Anastasiadou,,Gompei Invitational
Bentley,225,200 Fly,3,2:18.54,Josie Nesta,,Gompei Invitational
Bentley,225,200 Fly,4,2:24.91,Lily Rice,,"WPI,Bentley, Adelphi, Felician"
Bentley,225,200 Fly,5,2:25.87,Rachel Thilow,,Gompei Invitational
Bentley,225,200 Fly,6,2:30.88,Ashlee Favata,,Saint Michael's vs. Bentley
Bentley,225,200 Fly,7,2:39.29,Denise Castanos,,"Wheaton vs. Bentley, Wellesley"
Bentley,225,200 Free,1,1:56.47,Taylor White,,Gompei Invitational
Bentley,225,200 Free,2,1:59.99,Samantha Jackson,,Gompei Invitational
Bentley,225,200 Free,3,2:02.38,Grace Motisi,,Bentley vs. Assumption
Bentley,225,200 Free,4,2:02.65,Alicia Shatalov,,Gompei Invitational
Bentley,225,200 Free,5,2:03.36,Fotini Anastasiadou,,"Wheaton vs. Bentley, Wellesley"
Bentley,225,200 Free,6,2:04.58,Claudia Walker,,Gompei Invitational
Bentley,225,200 Free,7,2:06.23,Addie Pappentick,,Gompei Invitational
Bentley,225,200 Free,8,2:06.85,Katie Keegan,,"WPI,Bentley, Adelphi, Felician"
Bentley,225,200 Free,9,2:07.11,Caroline Cloxton,,Gompei Invitational
Bentley,225,200 Free,10,2:07.97,Brydie Olofson,,Gompei Invitational
Bentley,225,200 Im,1,2:07.08,Skyla Lang,,Gompei Invitational
Bentley,225,200 Im,2,2:13.74,Grace Motisi,,Gompei Invitational
Bentley,225,200 Im,3,2:14.98,Fotini Anastasiadou,,Gompei Invitational
Bentley,225,200 Im,4,2:19.87,Josie Nesta,,Gompei Invitational
Bentley,225,200 Im,5,2:20.46,Michelle Li,,Gompei Invitational
Bentley,225,200 Im,6,2:23.85,Ashlee Favata,,Gompei Invitational
Bentley,225,200 Im,7,2:24.11,Katie Keegan,,"WPI,Bentley, Adelphi, Felician"
Bentley,225,200 Im,8,2:28.09,Lily Rice,,"WPI,Bentley, Adelphi, Felician"
Bentley,225,200 Im,9,2:29.38,Sarah Griffith,,Gompei Invitational
Bentley,225,400 Im,1,4:34.02,Skyla Lang,,Gompei Invitational
Bentley,225,400 Im,2,4:48.90,Fotini Anastasiadou,,Gompei Invitational
Bentley,225,400 Im,3,5:00.26,Josie Nesta,,Gompei Invitational
Bentley,225,400 Im,4,5:03.34,Ashlee Favata,,Gompei Invitational
Bentley,225,400 Im,5,5:09.72,Michelle Li,,Bentley vs Keene State
Bentley,225,400 Im,6,5:12.66,Katie Keegan,,Brandeis vs Bentley
Bentley,225,50 Free,1,25.44,Fotini Anastasiadou,,Gompei Invitational
Bentley,225,50 Free,2,25.79,Bella Montanari,,Saint Michael's vs. Bentley
Bentley,225,50 Free,3,25.94,Samantha Jackson,,Gompei Invitational
Bentley,225,50 Free,4,26.37,Jada Guo,,Gompei Invitational
Bentley,225,50 Free,5,26.38,Caroline Ubert,,Gompei Invitational
Bentley,225,50 Free,6,26.41,Alicia Shatalov,,Gompei Invitational
Bentley,225,50 Free,7,26.43,Brydie Olofson,,Gompei Invitational
Bentley,225,50 Free,8,26.45,Grace Motisi,,"Wheaton vs. Bentley, Wellesley"
Bentley,225,50 Free,9,26.68,Taylor White,,Bentley vs Keene State
Bentley,225,50 Free,10,27.07,Ava Hapkiewicz,,Gompei Invitational
Bentley,225,500 Free,1,4:59.66,Grace Motisi,,Brandeis vs Bentley
Bentley,225,500 Free,2,5:11.71,Taylor White,,Gompei Invitational
Bentley,225,500 Free,3,5:24.87,Alicia Shatalov,,Gompei Invitational
Bentley,225,500 Free,4,5:24.99,Claudia Walker,,Gompei Invitational
Bentley,225,500 Free,5,5:30.01,Samantha Jackson,,Bentley vs. Assumption
Bentley,225,500 Free,6,5:30.14,Fotini Anastasiadou,,"WPI,Bentley, Adelphi, Felician"
Bentley,225,500 Free,7,5:34.77,Cara Schwacke,,Gompei Invitational
Bentley,225,500 Free,8,5:41.52,Brinleigh Callahan,,"WPI,Bentley, Adelphi, Felician"
Bentley,225,500 Free,9,5:41.74,Caroline Cloxton,,Gompei Invitational
Bentley,225,500 Free,10,5:43.99,Rachel Thilow,,Gompei Invitational
Biola,384,100 Back,1,56.00,Allison Yancey,,La Verne Invitational
Biola,384,100 Back,2,57.42,Morgan Carles,,Azusa Pacific vs. C-M-S vs. Biola
Biola,384,100 Back,3,58.82,Kylie Montiel,,La Verne Invitational
Biola,384,100 Back,4,59.47,Savanna Taylor,,Azusa Pacific vs. C-M-S vs. Biola
Biola,384,100 Back,5,1:00.60,Angie Ahmadi-Kashani,,Biola University Intrasquad
Biola,384,100 Back,6,1:01.21,Chloe Colvard,,Biola vs SFU Day 2
Biola,384,100 Back,7,1:01.49,COCO Friedley,,Biola vs SFU Day 2
Biola,384,100 Back,8,1:02.17,Paige Fast,,Biola vs SFU Day 2
Biola,384,100 Back,9,1:02.36,Drew Johnston,,La Verne Invitational
Biola,384,100 Back,10,1:03.67,Julia Hill,,Biola University Intrasquad
Biola,384,100 Breast,1,1:05.76,Malia Ciolli,,La Verne Invitational
Biola,384,100 Breast,2,1:08.16,Lydia Hawthorne,,La Verne Invitational
Biola,384,100 Breast,3,1:09.61,Rachel Munch,,Triple Distance Invitational
Biola,384,100 Breast,4,1:09.70,Lauren Smith,,La Verne Invitational
Biola,384,100 Breast,5,1:10.28,COCO Friedley,,Bulldog Pentathlon 2025
Biola,384,100 Breast,6,1:10.31,Simei van Staden,,La Verne Invitational
Biola,384,100 Breast,7,1:11.86,Allison Yancey,,Bulldog Pentathlon 2025
Biola,384,100 Breast,8,1:12.32,Angie Ahmadi-Kashani,,Bulldog Pentathlon 2025
Biola,384,100 Breast,9,1:12.35,Addy McCullough,,Bulldog Pentathlon 2025
Biola,384,100 Breast,10,1:15.27,Morgan Carles,,Bulldog Pentathlon 2025
Biola,384,100 Fly,1,56.41,Allison Yancey,,La Verne Invitational
Biola,384,100 Fly,2,56.53,Emilee Elizondo,,La Verne Invitational
Biola,384,100 Fly,3,59.04,Kylie Montiel,,La Verne Invitational
Biola,384,100 Fly,4,59.42,Elizabeth Williams,,La Verne Invitational
Biola,384,100 Fly,5,59.69,Phoebe Munholland,,La Verne Invitational
Biola,384,100 Fly,6,1:00.07,Savanna Taylor,,La Verne Invitational
Biola,384,100 Fly,7,1:00.29,Megan Gifford,,La Verne Invitational
Biola,384,100 Fly,8,1:00.92,Morgan Carles,,Bulldog Pentathlon 2025
Biola,384,100 Fly,9,1:01.73,Angie Ahmadi-Kashani,,Bulldog Pentathlon 2025
Biola,384,100 Fly,10,1:01.76,Addy McCullough,,La Verne Invitational
Biola,384,100 Free,1,52.43,Allison Yancey,,La Verne Invitational
Biola,384,100 Free,2,52.83,Phoebe Munholland,,La Verne Invitational
Biola,384,100 Free,3,54.04,Angie Ahmadi-Kashani,,La Verne Invitational
Biola,384,100 Free,4,54.10,Emilee Elizondo,,Azusa Pacific vs. C-M-S vs. Biola
Biola,384,100 Free,5,54.18,Esther Swanson,,La Verne Invitational
Biola,384,100 Free,6,54.22,Kylie Montiel,,La Verne Invitational
Biola,384,100 Free,7,54.29,Rachel Munch,,Biola University Intrasquad
Biola,384,100 Free,8,54.75,Morgan Carles,,Bulldog Pentathlon 2025
Biola,384,100 Free,9,55.57,Elizabeth Williams,,La Verne Invitational
Biola,384,100 Free,10,56.19,Paige Fast,,Bulldog Pentathlon 2025
Biola,384,1000 Free,1,10:54.88,Angie Ahmadi-Kashani,,Azusa Pacific vs. C-M-S vs. Biola
Biola,384,1000 Free,2,10:55.11,Julia Hill,,La Verne Invitational
Biola,384,1000 Free,3,10:56.72,Paige Fast,,Azusa Pacific vs. C-M-S vs. Biola
Biola,384,1000 Free,4,11:11.46,Chloe Colvard,,Azusa Pacific vs. C-M-S vs. Biola
Biola,384,1000 Free,5,11:16.62,Tessa Halleen,,La Verne Invitational
Biola,384,1000 Free,6,11:28.68,Emily Sheldon,,La Verne Invitational
Biola,384,1000 Free,7,11:39.35,Julia Lecrivain,,Azusa Pacific vs. C-M-S vs. Biola
Biola,384,1000 Free,8,11:42.11,Simei van Staden,,Biola vs. Westmont vs. Masters vs. Concordia
Biola,384,1000 Free,9,11:46.78,Phoenix Word,,La Verne Invitational
Biola,384,1650 Free,1,18:05.46,Julia Hill,,La Verne Invitational
Biola,384,1650 Free,2,18:49.69,Tessa Halleen,,La Verne Invitational
Biola,384,1650 Free,3,19:01.32,Emily Sheldon,,La Verne Invitational
Biola,384,1650 Free,4,19:18.03,Phoenix Word,,La Verne Invitational
Biola,384,200 Back,1,2:03.06,Morgan Carles,,La Verne Invitational
Biola,384,200 Back,2,2:04.17,Allison Yancey,,La Verne Invitational
Biola,384,200 Back,3,2:06.73,Chloe Colvard,,La Verne Invitational
Biola,384,200 Back,4,2:09.22,Kylie Montiel,,La Verne Invitational
Biola,384,200 Back,5,2:11.01,Savanna Taylor,,La Verne Invitational
Biola,384,200 Back,6,2:12.26,Paige Fast,,La Verne Invitational
Biola,384,200 Back,7,2:14.10,COCO Friedley,,Biola University Intrasquad
Biola,384,200 Back,8,2:19.71,Drew Johnston,,Azusa Pacific vs. C-M-S vs. Biola
Biola,384,200 Back,9,2:23.91,Julia Lecrivain,,Azusa Pacific vs. C-M-S vs. Biola
Biola,384,200 Breast,1,2:20.46,Malia Ciolli,,La Verne Invitational
Biola,384,200 Breast,2,2:23.85,COCO Friedley,,La Verne Invitational
Biola,384,200 Breast,3,2:25.61,Rachel Munch,,La Verne Invitational
Biola,384,200 Breast,4,2:26.91,Addy McCullough,,La Verne Invitational
Biola,384,200 Breast,5,2:30.86,Lydia Hawthorne,,Azusa Pacific vs. C-M-S vs. Biola
Biola,384,200 Breast,6,2:45.09,Lauren Smith,,Triple Distance Invitational
Biola,384,200 Fly,1,2:09.55,Emilee Elizondo,,La Verne Invitational
Biola,384,200 Fly,2,2:11.20,Kylie Montiel,,Azusa Pacific vs. C-M-S vs. Biola
Biola,384,200 Fly,3,2:12.00,Lydia Hawthorne,,Azusa Pacific vs. C-M-S vs. Biola
Biola,384,200 Fly,4,2:12.79,Megan Gifford,,La Verne Invitational
Biola,384,200 Fly,5,2:12.80,Elizabeth Williams,,Azusa Pacific vs. C-M-S vs. Biola
Biola,384,200 Free,1,1:53.14,Morgan Carles,,La Verne Invitational
Biola,384,200 Free,2,1:53.95,Rachel Munch,,La Verne Invitational
Biola,384,200 Free,3,1:56.41,Chloe Colvard,,La Verne Invitational
Biola,384,200 Free,4,1:57.10,Esther Swanson,,La Verne Invitational
Biola,384,200 Free,5,1:57.29,Angie Ahmadi-Kashani,,La Verne Invitational
Biola,384,200 Free,6,1:58.45,Julia Hill,,La Verne Invitational
Biola,384,200 Free,7,1:58.95,Paige Fast,,Biola University Intrasquad
Biola,384,200 Free,8,2:01.31,Lydia Hawthorne,,Biola University Intrasquad
Biola,384,200 Free,9,2:01.67,Emily Sheldon,,La Verne Invitational
Biola,384,200 Free,10,2:02.44,Tessa Halleen,,La Verne Invitational
Biola,384,200 Im,1,2:06.96,Allison Yancey,,La Verne Invitational
Biola,384,200 Im,2,2:08.66,COCO Friedley,,Biola University Intrasquad
Biola,384,200 Im,3,2:08.99,Morgan Carles,,La Verne Invitational
Biola,384,200 Im,4,2:11.61,Malia Ciolli,,La Verne Invitational
Biola,384,200 Im,5,2:14.57,Chloe Colvard,,Biola vs. Whittier
Biola,384,200 Im,6,2:14.61,Addy McCullough,,Biola vs SFU Day 2
Biola,384,200 Im,7,2:14.98,Lydia Hawthorne,,La Verne Invitational
Biola,384,200 Im,8,2:16.77,Angie Ahmadi-Kashani,,Biola University Intrasquad
Biola,384,200 Im,9,2:17.45,Simei van Staden,,Biola University Intrasquad
Biola,384,200 Im,10,2:17.80,Rachel Munch,,Biola vs. Westmont vs. Masters vs. Concordia
Biola,384,400 Im,1,4:29.77,COCO Friedley,,La Verne Invitational
Biola,384,400 Im,2,4:33.41,Addy McCullough,,Azusa Pacific vs. C-M-S vs. Biola
Biola,384,400 Im,3,4:39.97,Malia Ciolli,,Azusa Pacific vs. C-M-S vs. Biola
Biola,384,400 Im,4,4:42.73,Lydia Hawthorne,,La Verne Invitational
Biola,384,400 Im,5,4:54.71,Chloe Colvard,,Triple Distance Invitational
Biola,384,400 Im,6,4:57.30,Simei van Staden,,Azusa Pacific vs. C-M-S vs. Biola
Biola,384,50 Free,1,23.82,Phoebe Munholland,,La Verne Invitational
Biola,384,50 Free,2,24.44,Esther Swanson,,La Verne Invitational
Biola,384,50 Free,3,24.56,Lauren Smith,,La Verne Invitational
Biola,384,50 Free,4,24.65,Emilee Elizondo,,La Verne Invitational
Biola,384,50 Free,5,24.76,Kylie Montiel,,La Verne Invitational
Biola,384,50 Free,6,24.77,Morgan Carles,,La Verne Invitational
Biola,384,50 Free,7,24.81,Allison Yancey,,Azusa Pacific vs. C-M-S vs. Biola
Biola,384,50 Free,8,24.87,Savanna Taylor,,La Verne Invitational
Biola,384,50 Free,9,25.29,Elizabeth Williams,,La Verne Invitational
Biola,384,50 Free,10,25.42,Rachel Munch,,Biola University Intrasquad
Biola,384,500 Free,1,5:09.42,Addy McCullough,,La Verne Invitational
Biola,384,500 Free,2,5:11.28,COCO Friedley,,La Verne Invitational
Biola,384,500 Free,3,5:11.88,Rachel Munch,,La Verne Invitational
Biola,384,500 Free,4,5:12.56,Angie Ahmadi-Kashani,,La Verne Invitational
Biola,384,500 Free,5,5:15.84,Julia Hill,,La Verne Invitational
Biola,384,500 Free,6,5:16.91,Chloe Colvard,,La Verne Invitational
Biola,384,500 Free,7,5:18.25,Paige Fast,,La Verne Invitational
Biola,384,500 Free,8,5:20.43,Tessa Halleen,,La Verne Invitational
Biola,384,500 Free,9,5:26.80,Emily Sheldon,,La Verne Invitational
Biola,384,500 Free,10,5:27.27,Simei van Staden,,Azusa Pacific vs. C-M-S vs. Biola
Bloomsburg,227,100 Back,1,58.35,Morgan Holmes,,F&M Invitational
Bloomsburg,227,100 Back,2,59.88,Sarah Pickel,,F&M Invitational
Bloomsburg,227,100 Back,3,1:01.23,Grace McBlain,,Bloomsburg vs. ESU vs. Shippen
Bloomsburg,227,100 Back,4,1:01.27,Maddie Fletcher,,"Kutztown vs.. Bloomsburg, Edinboro"
Bloomsburg,227,100 Back,5,1:02.45,Samantha Linsey,,F&M Invitational
Bloomsburg,227,100 Back,6,1:03.26,Rachel Cunningham,,"Kutztown vs.. Bloomsburg, Edinboro"
Bloomsburg,227,100 Back,7,1:03.47,Sid Beers,,F&M Invitational
Bloomsburg,227,100 Back,8,1:06.74,Sadie Ludwick,,"Kutztown vs.. Bloomsburg, Edinboro"
Bloomsburg,227,100 Back,9,1:07.14,Taleah Ruben,,John A Pidgeon Memorial Invitational
Bloomsburg,227,100 Breast,1,1:04.49,Vanesa Valli,,F&M Invitational
Bloomsburg,227,100 Breast,2,1:05.45,Morgan Keefer,,F&M Invitational
Bloomsburg,227,100 Breast,3,1:07.50,Avery Wenzel,,F&M Invitational
Bloomsburg,227,100 Breast,4,1:08.18,Sadie Ludwick,,F&M Invitational
Bloomsburg,227,100 Breast,5,1:09.57,Taleah Ruben,,F&M Invitational
Bloomsburg,227,100 Breast,6,1:09.68,Jordyn Kinnee,,F&M Invitational
Bloomsburg,227,100 Breast,7,1:11.42,Olivia Igou,,John A Pidgeon Memorial Invitational
Bloomsburg,227,100 Breast,8,1:12.40,Ella Dittmar,,John A Pidgeon Memorial Invitational
Bloomsburg,227,100 Breast,9,1:13.68,Liz Johnson,,Bloomsburg vs. ESU vs. Shippen
Bloomsburg,227,100 Breast,10,1:15.05,Sarah Pickel,,John A Pidgeon Memorial Invitational
Bloomsburg,227,100 Fly,1,57.24,Vanesa Valli,,F&M Invitational
Bloomsburg,227,100 Fly,2,58.33,Ashley Martin,,F&M Invitational
Bloomsburg,227,100 Fly,3,58.68,Grace McBlain,,F&M Invitational
Bloomsburg,227,100 Fly,4,59.94,Maddie Fletcher,,Bloomsburg vs. ESU vs. Shippen
Bloomsburg,227,100 Fly,5,1:01.20,Samantha Linsey,,IUP Last Chance Invitational
Bloomsburg,227,100 Fly,6,1:01.76,Jordyn Kinnee,,Bloomsburg vs. ESU vs. Shippen
Bloomsburg,227,100 Fly,7,1:02.40,Taleah Ruben,,"Kutztown vs.. Bloomsburg, Edinboro"
Bloomsburg,227,100 Fly,8,1:03.18,Kaia Griffith,,F&M Invitational
Bloomsburg,227,100 Fly,9,1:03.88,Sadie Ludwick,,"Kutztown vs.. Bloomsburg, Edinboro"
Bloomsburg,227,100 Fly,10,1:03.91,Rachel Cunningham,,IUP Last Chance Invitational
Bloomsburg,227,100 Free,1,50.77,Morgan Holmes,,F&M Invitational
Bloomsburg,227,100 Free,2,52.36,Rachel Cunningham,,Bloomsburg vs. West Chester
Bloomsburg,227,100 Free,3,52.50,Sid Beers,,F&M Invitational
Bloomsburg,227,100 Free,4,52.94,Samantha Linsey,,F&M Invitational
Bloomsburg,227,100 Free,5,53.45,Vanesa Valli,,F&M Invitational
Bloomsburg,227,100 Free,6,54.84,Morgan Keefer,,IUP Last Chance Invitational
Bloomsburg,227,100 Free,7,55.44,Sarah Pickel,,"Kutztown vs.. Bloomsburg, Edinboro"
Bloomsburg,227,100 Free,8,55.98,Saryn McCullough,,F&M Invitational
Bloomsburg,227,100 Free,9,56.17,Maddie Fletcher,,"Dickinson vs. Bloomsburg, Indiana University of PA"
Bloomsburg,227,100 Free,10,56.41,Olivia Igou,,Bloomsburg vs. West Chester
Bloomsburg,227,1000 Free,1,11:07.12,Ella Dittmar,,F&M Invitational
Bloomsburg,227,1000 Free,2,11:11.84,Saryn McCullough,,F&M Invitational
Bloomsburg,227,1000 Free,3,11:25.87,Kaia Griffith,,F&M Invitational
Bloomsburg,227,1650 Free,1,18:24.29,Ella Dittmar,,F&M Invitational
Bloomsburg,227,1650 Free,2,18:42.45,Saryn McCullough,,F&M Invitational
Bloomsburg,227,1650 Free,3,18:57.60,Kaia Griffith,,F&M Invitational
Bloomsburg,227,200 Back,1,2:06.72,Grace McBlain,,F&M Invitational
Bloomsburg,227,200 Back,2,2:08.06,Maddie Fletcher,,F&M Invitational
Bloomsburg,227,200 Back,3,2:11.92,Sarah Pickel,,F&M Invitational
Bloomsburg,227,200 Back,4,2:18.65,Ashley Martin,,F&M Invitational
Bloomsburg,227,200 Breast,1,2:24.72,Vanesa Valli,,F&M Invitational
Bloomsburg,227,200 Breast,2,2:26.05,Morgan Keefer,,F&M Invitational
Bloomsburg,227,200 Breast,3,2:29.63,Sadie Ludwick,,F&M Invitational
Bloomsburg,227,200 Breast,4,2:29.82,Taleah Ruben,,F&M Invitational
Bloomsburg,227,200 Breast,5,2:30.91,Ella Dittmar,,F&M Invitational
Bloomsburg,227,200 Breast,6,2:34.25,Jordyn Kinnee,,Bloomsburg vs. West Chester
Bloomsburg,227,200 Breast,7,2:35.98,Avery Wenzel,,F&M Invitational
Bloomsburg,227,200 Fly,1,2:04.09,Grace McBlain,,F&M Invitational
Bloomsburg,227,200 Fly,2,2:11.24,Ashley Martin,,F&M Invitational
Bloomsburg,227,200 Fly,3,2:11.97,Jordyn Kinnee,,F&M Invitational
Bloomsburg,227,200 Fly,4,2:14.77,Maddie Fletcher,,Bloomsburg vs. West Chester
Bloomsburg,227,200 Fly,5,2:19.71,Kaia Griffith,,F&M Invitational
Bloomsburg,227,200 Free,1,1:54.34,Morgan Holmes,,F&M Invitational
Bloomsburg,227,200 Free,2,1:56.56,Samantha Linsey,,F&M Invitational
Bloomsburg,227,200 Free,3,1:57.69,Morgan Keefer,,IUP Last Chance Invitational
Bloomsburg,227,200 Free,4,1:57.78,Sarah Pickel,,F&M Invitational
Bloomsburg,227,200 Free,5,1:58.13,Saryn McCullough,,F&M Invitational
Bloomsburg,227,200 Free,6,1:58.47,Rachel Cunningham,,"Kutztown vs.. Bloomsburg, Edinboro"
Bloomsburg,227,200 Free,7,1:58.83,Ella Dittmar,,F&M Invitational
Bloomsburg,227,200 Free,8,1:59.88,Sid Beers,,F&M Invitational
Bloomsburg,227,200 Free,9,2:03.56,Vanesa Valli,,Bloomsburg vs. West Chester
Bloomsburg,227,200 Free,10,2:05.33,Sadie Ludwick,,"Kutztown vs.. Bloomsburg, Edinboro"
Bloomsburg,227,200 Im,1,2:07.86,Grace McBlain,,F&M Invitational
Bloomsburg,227,200 Im,2,2:09.84,Vanesa Valli,,F&M Invitational
Bloomsburg,227,200 Im,3,2:10.14,Maddie Fletcher,,F&M Invitational
Bloomsburg,227,200 Im,4,2:10.26,Taleah Ruben,,F&M Invitational
Bloomsburg,227,200 Im,5,2:11.33,Morgan Keefer,,F&M Invitational
Bloomsburg,227,200 Im,6,2:14.55,Samantha Linsey,,F&M Invitational
Bloomsburg,227,200 Im,7,2:15.03,Sadie Ludwick,,F&M Invitational
Bloomsburg,227,200 Im,8,2:15.04,Jordyn Kinnee,,F&M Invitational
Bloomsburg,227,200 Im,9,2:17.98,Avery Wenzel,,F&M Invitational
Bloomsburg,227,200 Im,10,2:18.08,Ashley Martin,,F&M Invitational
Bloomsburg,227,400 Im,1,4:32.51,Grace McBlain,,F&M Invitational
Bloomsburg,227,400 Im,2,4:40.07,Maddie Fletcher,,F&M Invitational
Bloomsburg,227,400 Im,3,4:41.96,Taleah Ruben,,F&M Invitational
Bloomsburg,227,400 Im,4,4:43.02,Jordyn Kinnee,,F&M Invitational
Bloomsburg,227,400 Im,5,4:44.94,Sadie Ludwick,,F&M Invitational
Bloomsburg,227,400 Im,6,4:57.31,Avery Wenzel,,F&M Invitational
Bloomsburg,227,400 Im,7,4:58.03,Morgan Holmes,,IUP Last Chance Invitational
Bloomsburg,227,50 Free,1,23.62,Rachel Cunningham,,Bloomsburg vs. West Chester
Bloomsburg,227,50 Free,2,23.73,Morgan Holmes,,F&M Invitational
Bloomsburg,227,50 Free,3,24.22,Olivia Igou,,Bloomsburg vs. ESU vs. Shippen
Bloomsburg,227,50 Free,4,24.27,Sid Beers,,Bloomsburg vs. ESU vs. Shippen
Bloomsburg,227,50 Free,5,24.31,Samantha Linsey,,F&M Invitational
Bloomsburg,227,50 Free,6,24.39,Vanesa Valli,,F&M Invitational
Bloomsburg,227,50 Free,7,24.79,Sarah Pickel,,F&M Invitational
Bloomsburg,227,50 Free,8,25.36,Ella Dittmar,,F&M Invitational
Bloomsburg,227,50 Free,9,25.87,Avery Wenzel,,F&M Invitational
Bloomsburg,227,50 Free,10,26.30,Morgan Keefer,,IUP Last Chance Invitational
Bloomsburg,227,500 Free,1,5:17.57,Saryn McCullough,,F&M Invitational
Bloomsburg,227,500 Free,2,5:19.06,Ella Dittmar,,F&M Invitational
Bloomsburg,227,500 Free,3,5:31.60,Kaia Griffith,,F&M Invitational
Bloomsburg,227,500 Free,4,5:31.92,Ashley Martin,,"Dickinson vs. Bloomsburg, Indiana University of PA"
Bloomsburg,227,500 Free,5,5:35.07,Grace McBlain,,John A Pidgeon Memorial Invitational
Bloomsburg,227,500 Free,6,5:41.82,Jordyn Kinnee,,Bloomsburg vs. ESU vs. Shippen
Carson-Newman,10003343,100 Back,1,55.57,Megan corcoran,,2025 UINDY Quad Meet
Carson-Newman,10003343,100 Back,2,56.42,Sarah Covington,,Gamecock Invitational
Carson-Newman,10003343,100 Back,3,58.05,Olivia Kerr Muir,,Emory Fall Invitational
Carson-Newman,10003343,100 Back,4,58.34,Lilli Hilt,,Gamecock Invitational
Carson-Newman,10003343,100 Back,5,58.76,Emma Bowling,,Gamecock Invitational
Carson-Newman,10003343,100 Back,6,58.89,Shelby Gaddis,,Mars Hill vs Carson-Newman
Carson-Newman,10003343,100 Back,7,1:00.67,Martina Ivanova,,Gamecock Invitational
Carson-Newman,10003343,100 Back,8,1:02.67,Taylor Chaney,,Gamecock Invitational
Carson-Newman,10003343,100 Back,9,1:02.77,Morgan Cowan,,Gamecock Invitational
Carson-Newman,10003343,100 Back,10,1:04.20,Delanee Williams,,Emory Fall Invitational
Carson-Newman,10003343,100 Breast,1,1:05.05,Kate Nawyn,,2025 UINDY Quad Meet
Carson-Newman,10003343,100 Breast,2,1:06.37,Paola Gonzalez,,Mars Hill vs Carson-Newman
Carson-Newman,10003343,100 Breast,3,1:07.62,Ana Faria,,Gamecock Invitational
Carson-Newman,10003343,100 Breast,4,1:08.32,Lacey Grace Arnett,,Carson-Newman vs Lenoir-Rhyne and Milligan
Carson-Newman,10003343,100 Breast,5,1:08.66,Chloe Bishop,,Carson-Newman vs Lenoir-Rhyne and Milligan
Carson-Newman,10003343,100 Breast,6,1:10.00,Karstyn Weintz,,Gamecock Invitational
Carson-Newman,10003343,100 Breast,7,1:12.86,Jojo Harris,,Emory Fall Invitational
Carson-Newman,10003343,100 Breast,8,1:18.59,Christa Schlimper,,Carson-Newman vs Lenoir-Rhyne and Milligan
Carson-Newman,10003343,100 Fly,1,57.12,Emma Bowling,,Gamecock Invitational
Carson-Newman,10003343,100 Fly,2,58.08,Megan corcoran,,Wingate vs. Carson-Newman
Carson-Newman,10003343,100 Fly,3,58.62,Martina Ivanova,,Gamecock Invitational
Carson-Newman,10003343,100 Fly,4,58.92,Hannah Huntsman,,Mars Hill vs Carson-Newman
Carson-Newman,10003343,100 Fly,5,59.47,Sarah Covington,,Gamecock Invitational
Carson-Newman,10003343,100 Fly,6,1:01.40,Chloe Bishop,,Mars Hill vs Carson-Newman
Carson-Newman,10003343,100 Fly,7,1:01.78,Lilli Hilt,,Emory Fall Invitational
Carson-Newman,10003343,100 Fly,8,1:02.17,Jojo Harris,,Carson-Newman vs Lenoir-Rhyne and Milligan
Carson-Newman,10003343,100 Fly,9,1:02.57,Fernanda Bautista,,Wingate vs. Carson-Newman
Carson-Newman,10003343,100 Fly,10,1:03.64,Paola Gonzalez,,Gamecock Invitational
Carson-Newman,10003343,100 Free,1,52.11,Emma Bowling,,Emory Fall Invitational
Carson-Newman,10003343,100 Free,2,52.39,Olivia Kerr Muir,,Gamecock Invitational
Carson-Newman,10003343,100 Free,3,54.14,Martina Ivanova,,2025 UINDY Quad Meet
Carson-Newman,10003343,100 Free,4,54.35,Kate Nawyn,,Emory Fall Invitational
Carson-Newman,10003343,100 Free,5,54.77,Lilli Hilt,,Mars Hill vs Carson-Newman
Carson-Newman,10003343,100 Free,6,55.58,Shelby Gaddis,,Carson-Newman vs Lenoir-Rhyne and Milligan
Carson-Newman,10003343,100 Free,7,56.04,Delanee Williams,,Emory Fall Invitational
Carson-Newman,10003343,100 Free,8,56.97,Jojo Harris,,Emory Fall Invitational
Carson-Newman,10003343,100 Free,9,57.10,Hannah Huntsman,,2025 UINDY Quad Meet
Carson-Newman,10003343,100 Free,10,57.10,Fernanda Bautista,,Wingate vs. Carson-Newman
Carson-Newman,10003343,1000 Free,1,10:43.10,Megan corcoran,,Wingate vs. Carson-Newman
Carson-Newman,10003343,1000 Free,2,10:47.04,Ana Faria,,Catawba vs. Carson-Newman
Carson-Newman,10003343,1000 Free,3,10:59.29,Delanee Williams,,Mars Hill vs Carson-Newman
Carson-Newman,10003343,1000 Free,4,11:01.77,Paola Gonzalez,,Gamecock Invitational
Carson-Newman,10003343,1000 Free,5,11:07.38,Fernanda Bautista,,Carson-Newman vs Lenoir-Rhyne and Milligan
Carson-Newman,10003343,1000 Free,6,11:30.35,Morgan Cowan,,Catawba vs. Carson-Newman
Carson-Newman,10003343,1000 Free,7,11:39.80,Jojo Harris,,Mars Hill vs Carson-Newman
Carson-Newman,10003343,1000 Free,8,11:46.80,Christa Schlimper,,Gamecock Invitational
Carson-Newman,10003343,1650 Free,1,18:23.36,Paola Gonzalez,,Gamecock Invitational
Carson-Newman,10003343,1650 Free,2,19:01.02,Fernanda Bautista,,Gamecock Invitational
Carson-Newman,10003343,1650 Free,3,19:32.91,Christa Schlimper,,Gamecock Invitational
Carson-Newman,10003343,1650 Free,4,19:46.58,Jojo Harris,,Gamecock Invitational
Carson-Newman,10003343,200 Back,1,1:59.46,Megan corcoran,,Emory Fall Invitational
Carson-Newman,10003343,200 Back,2,2:02.51,Sarah Covington,,Gamecock Invitational
Carson-Newman,10003343,200 Back,3,2:06.92,Olivia Kerr Muir,,Emory Fall Invitational
Carson-Newman,10003343,200 Back,4,2:09.85,Lilli Hilt,,Emory Fall Invitational
Carson-Newman,10003343,200 Back,5,2:10.58,Martina Ivanova,,Wingate vs. Carson-Newman
Carson-Newman,10003343,200 Back,6,2:11.16,Shelby Gaddis,,2025 UINDY Quad Meet
Carson-Newman,10003343,200 Back,7,2:16.45,Morgan Cowan,,Emory Fall Invitational
Carson-Newman,10003343,200 Back,8,2:17.96,Taylor Chaney,,Gamecock Invitational
Carson-Newman,10003343,200 Back,9,2:32.59,Christa Schlimper,,Emory Fall Invitational
Carson-Newman,10003343,200 Breast,1,2:22.86,Paola Gonzalez,,Gamecock Invitational
Carson-Newman,10003343,200 Breast,2,2:24.78,Ana Faria,,2025 UINDY Quad Meet
Carson-Newman,10003343,200 Breast,3,2:29.31,Kate Nawyn,,Emory Fall Invitational
Carson-Newman,10003343,200 Breast,4,2:29.63,Lacey Grace Arnett,,Gamecock Invitational
Carson-Newman,10003343,200 Breast,5,2:30.90,Chloe Bishop,,Emory Fall Invitational
Carson-Newman,10003343,200 Breast,6,2:33.73,Jojo Harris,,Carson-Newman vs Lenoir-Rhyne and Milligan
Carson-Newman,10003343,200 Breast,7,2:34.80,Lilli Hilt,,Carson-Newman vs Lenoir-Rhyne and Milligan
Carson-Newman,10003343,200 Breast,8,2:36.62,Karstyn Weintz,,Gamecock Invitational
Carson-Newman,10003343,200 Fly,1,2:02.99,Megan corcoran,,Catawba vs. Carson-Newman
Carson-Newman,10003343,200 Fly,2,2:08.12,Martina Ivanova,,Emory Fall Invitational
Carson-Newman,10003343,200 Fly,3,2:11.80,Hannah Huntsman,,Carson-Newman vs Lenoir-Rhyne and Milligan
Carson-Newman,10003343,200 Fly,4,2:17.19,Fernanda Bautista,,Gamecock Invitational
Carson-Newman,10003343,200 Free,1,1:51.31,Megan corcoran,,Gamecock Invitational
Carson-Newman,10003343,200 Free,2,1:53.73,FERNANDA ANTUNES PARANHOS,,Carson-Newman vs Lenoir-Rhyne and Milligan
Carson-Newman,10003343,200 Free,3,1:54.37,Olivia Kerr Muir,,Gamecock Invitational
Carson-Newman,10003343,200 Free,4,1:56.88,Lilli Hilt,,Carson-Newman vs Lenoir-Rhyne and Milligan
Carson-Newman,10003343,200 Free,5,1:58.08,Ana Faria,,Carson-Newman vs Lenoir-Rhyne and Milligan
Carson-Newman,10003343,200 Free,6,1:58.80,Kate Nawyn,,Gamecock Invitational
Carson-Newman,10003343,200 Free,7,1:58.82,Emma Bowling,,Emory Fall Invitational
Carson-Newman,10003343,200 Free,8,1:59.33,Shelby Gaddis,,Catawba vs. Carson-Newman
Carson-Newman,10003343,200 Free,9,2:00.08,Delanee Williams,,Emory Fall Invitational
Carson-Newman,10003343,200 Free,10,2:00.46,Paola Gonzalez,,Emory Fall Invitational
Carson-Newman,10003343,200 Im,1,2:08.03,Megan corcoran,,Carson-Newman vs Lenoir-Rhyne and Milligan
Carson-Newman,10003343,200 Im,2,2:08.38,FERNANDA ANTUNES PARANHOS,,Carson-Newman vs Lenoir-Rhyne and Milligan
Carson-Newman,10003343,200 Im,3,2:08.55,Lilli Hilt,,Emory Fall Invitational
Carson-Newman,10003343,200 Im,4,2:09.11,Paola Gonzalez,,Gamecock Invitational
Carson-Newman,10003343,200 Im,5,2:10.89,Olivia Kerr Muir,,Carson-Newman vs Lenoir-Rhyne and Milligan
Carson-Newman,10003343,200 Im,6,2:11.93,Ana Faria,,2025 UINDY Quad Meet
Carson-Newman,10003343,200 Im,7,2:16.84,Jojo Harris,,Emory Fall Invitational
Carson-Newman,10003343,200 Im,8,2:17.71,Chloe Bishop,,Gamecock Invitational
Carson-Newman,10003343,200 Im,9,2:19.30,Morgan Cowan,,Emory Fall Invitational
Carson-Newman,10003343,200 Im,10,2:19.83,Lacey Grace Arnett,,Gamecock Invitational
Carson-Newman,10003343,400 Im,1,4:26.48,Megan corcoran,,Gamecock Invitational
Carson-Newman,10003343,400 Im,2,4:34.41,Lilli Hilt,,Gamecock Invitational
Carson-Newman,10003343,400 Im,3,4:34.46,Paola Gonzalez,,Gamecock Invitational
Carson-Newman,10003343,400 Im,4,4:38.43,Ana Faria,,Gamecock Invitational
Carson-Newman,10003343,400 Im,5,4:57.62,Morgan Cowan,,Gamecock Invitational
Carson-Newman,10003343,400 Im,6,4:57.77,Jojo Harris,,Gamecock Invitational
Carson-Newman,10003343,400 Im,7,5:19.35,Christa Schlimper,,Mars Hill vs Carson-Newman
Carson-Newman,10003343,50 Free,1,23.75,Emma Bowling,,Carson-Newman vs Lenoir-Rhyne and Milligan
Carson-Newman,10003343,50 Free,2,24.27,Megan corcoran,,Gamecock Invitational
Carson-Newman,10003343,50 Free,3,24.43,Olivia Kerr Muir,,Gamecock Invitational
Carson-Newman,10003343,50 Free,4,24.86,Martina Ivanova,,Gamecock Invitational
Carson-Newman,10003343,50 Free,5,24.94,Kate Nawyn,,Emory Fall Invitational
Carson-Newman,10003343,50 Free,6,25.02,Shelby Gaddis,,Mars Hill vs Carson-Newman
Carson-Newman,10003343,50 Free,7,25.15,Lilli Hilt,,Carson-Newman vs Lenoir-Rhyne and Milligan
Carson-Newman,10003343,50 Free,8,25.16,Hannah Huntsman,,Mars Hill vs Carson-Newman
Carson-Newman,10003343,50 Free,9,25.33,Sarah Covington,,Gamecock Invitational
Carson-Newman,10003343,50 Free,10,25.50,Chloe Bishop,,Gamecock Invitational
Carson-Newman,10003343,500 Free,1,5:00.92,Megan corcoran,,Gamecock Invitational
Carson-Newman,10003343,500 Free,2,5:18.19,Ana Faria,,Mars Hill vs Carson-Newman
Carson-Newman,10003343,500 Free,3,5:19.70,Delanee Williams,,Carson-Newman vs Lenoir-Rhyne and Milligan
Carson-Newman,10003343,500 Free,4,5:30.08,Fernanda Bautista,,Gamecock Invitational
Carson-Newman,10003343,500 Free,5,5:34.91,Shelby Gaddis,,Wingate vs. Carson-Newman
Carson-Newman,10003343,500 Free,6,5:35.56,Jojo Harris,,2025 UINDY Quad Meet
Carson-Newman,10003343,500 Free,7,5:43.73,Karstyn Weintz,,Emory Fall Invitational
Carson-Newman,10003343,500 Free,8,5:44.69,Christa Schlimper,,Gamecock Invitational
Carson-Newman,10003343,500 Free,9,5:57.62,Laura Mathers,,Emory Fall Invitational
Catawba,201,100 Back,1,56.02,Enikő Onofer,,Catawba vs. Carson-Newman
Catawba,201,100 Back,2,56.65,Maggie Cheves,,Kellianne Nagy Fall Frenzy Invite
Catawba,201,100 Back,3,56.88,Eszti Pajor,,Catawba vs. Wingate
Catawba,201,100 Back,4,57.60,Makayla Bazeley,,Kellianne Nagy Fall Frenzy Invite
Catawba,201,100 Back,5,58.12,Ashley Fortin,,Catawba vs. Wingate
Catawba,201,100 Back,6,58.81,Sophie Welborn,,Kellianne Nagy Fall Frenzy Invite
Catawba,201,100 Back,7,59.46,Taylor Wilson,,Kellianne Nagy Fall Frenzy Invite
Catawba,201,100 Back,8,1:01.63,Marleen Plachetka,,Catawba vs. Lenoir-Rhyne
Catawba,201,100 Back,9,1:01.87,Brinkley Watson,,Catawba vs. Lenoir-Rhyne
Catawba,201,100 Back,10,1:02.22,Gabriella Moll,,Catawba vs. Lenoir-Rhyne
Catawba,201,100 Breast,1,1:02.53,Sydney McKenzie,,Kellianne Nagy Fall Frenzy Invite
Catawba,201,100 Breast,2,1:05.00,Gabriella Moll,,Kellianne Nagy Fall Frenzy Invite
Catawba,201,100 Breast,3,1:05.45,Mahee GORY-LAURET,,Catawba vs. Carson-Newman
Catawba,201,100 Breast,4,1:06.06,Hannah Koopmans,,Catawba vs. Gardner-Webb
Catawba,201,100 Breast,5,1:07.29,Laurel Keasler,,Catawba vs. Wingate
Catawba,201,100 Breast,6,1:07.49,Ashley Fortin,,Catawba vs. Carson-Newman
Catawba,201,100 Breast,7,1:07.64,Alana Derringer,,Catawba vs. Carson-Newman
Catawba,201,100 Fly,1,55.29,Enikő Onofer,,Kellianne Nagy Fall Frenzy Invite
Catawba,201,100 Fly,2,55.98,Sydney Peterson,,Queens (NC) vs. Catawba
Catawba,201,100 Fly,3,56.07,Sydney McKenzie,,Kellianne Nagy Fall Frenzy Invite
Catawba,201,100 Fly,4,58.17,Jolina Franke,,Kellianne Nagy Fall Frenzy Invite
Catawba,201,100 Fly,5,58.71,Rebecca Possenti,,Catawba vs. Wingate
Catawba,201,100 Fly,6,59.24,Brinkley Watson,,Catawba vs. Wingate
Catawba,201,100 Fly,7,1:00.41,Maggie Cheves,,Catawba vs. Lenoir-Rhyne
Catawba,201,100 Fly,8,1:00.96,Makayla Bazeley,,Milligan vs. Catawba vs. Roanoke
Catawba,201,100 Fly,9,1:05.50,Gabriella Moll,,Queens (NC) vs. Catawba
Catawba,201,100 Fly,10,1:08.11,Alana Derringer,,Queens (NC) vs. Catawba
Catawba,201,100 Free,1,50.34,Marit Reckmann,,Kellianne Nagy Fall Frenzy Invite
Catawba,201,100 Free,2,51.57,Enikő Onofer,,Kellianne Nagy Fall Frenzy Invite
Catawba,201,100 Free,3,51.92,Eszti Pajor,,Catawba vs. Lenoir-Rhyne
Catawba,201,100 Free,4,52.61,Sydney Peterson,,Kellianne Nagy Fall Frenzy Invite
Catawba,201,100 Free,5,52.97,Brinkley Watson,,Catawba vs. Carson-Newman
Catawba,201,100 Free,6,53.11,Makayla Bazeley,,Catawba vs. Lenoir-Rhyne
Catawba,201,100 Free,7,53.19,Marleen Plachetka,,Kellianne Nagy Fall Frenzy Invite
Catawba,201,100 Free,8,53.35,Sophie Welborn,,Queens (NC) vs. Catawba
Catawba,201,100 Free,9,54.36,Danielle Meinema,,Milligan vs. Catawba vs. Roanoke
Catawba,201,100 Free,10,54.63,Ella Gutenwik,,Milligan vs. Catawba vs. Roanoke
Catawba,201,1000 Free,1,10:11.85,Fiona Byrne,,Catawba vs. Gardner-Webb
Catawba,201,1000 Free,2,10:23.69,Ella Gutenwik,,Kellianne Nagy Fall Frenzy Invite
Catawba,201,1000 Free,3,10:28.42,Danielle Meinema,,Kellianne Nagy Fall Frenzy Invite
Catawba,201,1000 Free,4,10:49.41,Rebecca Possenti,,Catawba vs. Lenoir-Rhyne
Catawba,201,1000 Free,5,10:54.14,Jolina Franke,,Catawba vs. Carson-Newman
Catawba,201,1650 Free,1,17:02.75,Fiona Byrne,,Kellianne Nagy Fall Frenzy Invite
Catawba,201,1650 Free,2,17:15.08,Ella Gutenwik,,Kellianne Nagy Fall Frenzy Invite
Catawba,201,1650 Free,3,17:19.49,Danielle Meinema,,Kellianne Nagy Fall Frenzy Invite
Catawba,201,1650 Free,4,18:15.65,Jolina Franke,,Kellianne Nagy Fall Frenzy Invite
Catawba,201,200 Back,1,2:00.70,Eszti Pajor,,Kellianne Nagy Fall Frenzy Invite
Catawba,201,200 Back,2,2:03.74,Makayla Bazeley,,Kellianne Nagy Fall Frenzy Invite
Catawba,201,200 Back,3,2:05.38,Maggie Cheves,,Kellianne Nagy Fall Frenzy Invite
Catawba,201,200 Back,4,2:06.37,Ashley Fortin,,Kellianne Nagy Fall Frenzy Invite
Catawba,201,200 Back,5,2:07.84,Taylor Wilson,,Catawba vs. Gardner-Webb
Catawba,201,200 Back,6,2:08.92,Sophie Welborn,,Catawba vs. Carson-Newman
Catawba,201,200 Back,7,2:14.52,Rebecca Possenti,,Catawba vs. Lenoir-Rhyne
Catawba,201,200 Back,8,2:17.74,Alana Derringer,,Catawba vs. Lenoir-Rhyne
Catawba,201,200 Breast,1,2:15.99,Sydney McKenzie,,Kellianne Nagy Fall Frenzy Invite
Catawba,201,200 Breast,2,2:18.44,Gabriella Moll,,Kellianne Nagy Fall Frenzy Invite
Catawba,201,200 Breast,3,2:23.50,Hannah Koopmans,,Catawba vs. Gardner-Webb
Catawba,201,200 Breast,4,2:24.51,Mahee GORY-LAURET,,Catawba vs. Carson-Newman
Catawba,201,200 Breast,5,2:27.71,Laurel Keasler,,Kellianne Nagy Fall Frenzy Invite
Catawba,201,200 Breast,6,2:28.71,Alana Derringer,,Catawba vs. Carson-Newman
Catawba,201,200 Fly,1,2:06.30,Danielle Meinema,,Catawba vs. Lenoir-Rhyne
Catawba,201,200 Fly,2,2:07.78,Rebecca Possenti,,Catawba vs. Wingate
Catawba,201,200 Fly,3,2:08.73,Sydney Peterson,,Catawba vs. Wingate
Catawba,201,200 Fly,4,2:08.74,Jolina Franke,,Catawba vs. Wingate
Catawba,201,200 Free,1,1:51.47,Danielle Meinema,,Kellianne Nagy Fall Frenzy Invite
Catawba,201,200 Free,2,1:52.37,Eszti Pajor,,Catawba vs. Wingate
Catawba,201,200 Free,3,1:52.61,Marit Reckmann,,Kellianne Nagy Fall Frenzy Invite
Catawba,201,200 Free,4,1:52.93,FERNANDA REGINA PERA DOS SANTOS,,Catawba vs. Carson-Newman
Catawba,201,200 Free,5,1:53.87,Ella Gutenwik,,Kellianne Nagy Fall Frenzy Invite
Catawba,201,200 Free,6,1:54.55,Brinkley Watson,,Kellianne Nagy Fall Frenzy Invite
Catawba,201,200 Free,7,1:55.71,Fiona Byrne,,Kellianne Nagy Fall Frenzy Invite
Catawba,201,200 Free,8,1:56.51,Makayla Bazeley,,Catawba vs. Gardner-Webb
Catawba,201,200 Free,9,1:56.72,Marleen Plachetka,,Kellianne Nagy Fall Frenzy Invite
Catawba,201,200 Free,10,1:57.59,Taylor Wilson,,Catawba vs. Lenoir-Rhyne
Catawba,201,200 Im,1,2:05.34,Sydney McKenzie,,Kellianne Nagy Fall Frenzy Invite
Catawba,201,200 Im,2,2:08.24,FERNANDA REGINA PERA DOS SANTOS,,Catawba vs. Carson-Newman
Catawba,201,200 Im,3,2:09.51,Makayla Bazeley,,Kellianne Nagy Fall Frenzy Invite
Catawba,201,200 Im,4,2:09.92,Gabriella Moll,,Kellianne Nagy Fall Frenzy Invite
Catawba,201,200 Im,5,2:10.22,Sydney Peterson,,Catawba vs. Lenoir-Rhyne
Catawba,201,200 Im,6,2:10.54,Ashley Fortin,,Kellianne Nagy Fall Frenzy Invite
Catawba,201,200 Im,7,2:11.40,Ella Gutenwik,,Catawba vs. Lenoir-Rhyne
Catawba,201,200 Im,8,2:12.77,Hannah Koopmans,,Kellianne Nagy Fall Frenzy Invite
Catawba,201,200 Im,9,2:14.48,Alana Derringer,,Kellianne Nagy Fall Frenzy Invite
Catawba,201,200 Im,10,2:16.44,Laurel Keasler,,Kellianne Nagy Fall Frenzy Invite
Catawba,201,400 Im,1,4:37.73,Gabriella Moll,,Queens (NC) vs. Catawba
Catawba,201,400 Im,2,4:53.33,Alana Derringer,,Kellianne Nagy Fall Frenzy Invite
Catawba,201,50 Free,1,22.99,Marit Reckmann,,Kellianne Nagy Fall Frenzy Invite
Catawba,201,50 Free,2,23.60,Eszti Pajor,,Kellianne Nagy Fall Frenzy Invite
Catawba,201,50 Free,3,23.79,Enikő Onofer,,Catawba vs. Carson-Newman
Catawba,201,50 Free,4,23.83,Marleen Plachetka,,Kellianne Nagy Fall Frenzy Invite
Catawba,201,50 Free,5,24.20,Sydney Peterson,,Kellianne Nagy Fall Frenzy Invite
Catawba,201,50 Free,6,24.35,Sophie Welborn,,Kellianne Nagy Fall Frenzy Invite
Catawba,201,50 Free,7,24.54,Sydney McKenzie,,Catawba vs. Lenoir-Rhyne
Catawba,201,50 Free,8,24.59,Maggie Cheves,,Kellianne Nagy Fall Frenzy Invite
Catawba,201,50 Free,9,24.60,Brinkley Watson,,Catawba vs. Gardner-Webb
Catawba,201,50 Free,10,24.65,Taylor Wilson,,Kellianne Nagy Fall Frenzy Invite
Catawba,201,500 Free,1,4:57.70,Danielle Meinema,,Kellianne Nagy Fall Frenzy Invite
Catawba,201,500 Free,2,4:58.97,Fiona Byrne,,Kellianne Nagy Fall Frenzy Invite
Catawba,201,500 Free,3,4:59.98,Ella Gutenwik,,Kellianne Nagy Fall Frenzy Invite
Catawba,201,500 Free,4,5:12.46,Jolina Franke,,Kellianne Nagy Fall Frenzy Invite
Catawba,201,500 Free,5,5:13.10,Rebecca Possenti,,Kellianne Nagy Fall Frenzy Invite
Chowan,10007086,100 Back,1,59.29,Sara Turanjanin,,King Invitational
Chowan,10007086,100 Back,2,1:05.03,Hasnae Idrissi,,King Invitational
Chowan,10007086,100 Back,3,1:19.29,Elizabeth Waltz,,King Invitational
Chowan,10007086,100 Breast,1,1:06.15,Vanja Romic,,King Invitational
Chowan,10007086,100 Fly,1,1:03.52,Emma Rooney,,King Invitational
Chowan,10007086,100 Fly,2,1:09.76,Hasnae Idrissi,,VWU vs Chowan
Chowan,10007086,100 Fly,3,1:09.77,Ariana Vizcaya,,Converse vs. UNCP/Barton/Chowan
Chowan,10007086,100 Free,1,54.31,Vanja Romic,,King Invitational
Chowan,10007086,100 Free,2,55.05,Sara Turanjanin,,King Invitational
Chowan,10007086,100 Free,3,55.86,Lina Danna,,King Invitational
Chowan,10007086,100 Free,4,1:15.22,Elizabeth Waltz,,King Invitational
Chowan,10007086,1000 Free,1,11:34.37,Emma Rooney,,Barton vs. Chowan
Chowan,10007086,1650 Free,1,20:12.25,Emma Rooney,,Chowan vs. William Peace
Chowan,10007086,200 Back,1,2:25.83,Hasnae Idrissi,,King Invitational
Chowan,10007086,200 Back,2,2:55.56,Elizabeth Waltz,,King Invitational
Chowan,10007086,200 Breast,1,2:38.10,Emma Rooney,,King Invitational
Chowan,10007086,200 Breast,2,2:46.36,Vanja Romic,,Chowan vs. William Peace
Chowan,10007086,200 Breast,3,3:00.48,Ariana Vizcaya,,VWU vs Chowan
Chowan,10007086,200 Free,1,2:04.65,Lina Danna,,King Invitational
Chowan,10007086,200 Free,2,2:11.42,Emma Rooney,,W&L Senior Meet - RMC.Chowan
Chowan,10007086,200 Im,1,2:13.85,Vanja Romic,,King Invitational
Chowan,10007086,200 Im,2,2:26.44,Emma Rooney,,Barton vs. Chowan
Chowan,10007086,200 Im,3,2:37.56,Ariana Vizcaya,,Converse vs. UNCP/Barton/Chowan
Chowan,10007086,400 Im,1,4:51.92,Emma Rooney,,King Invitational
Chowan,10007086,50 Free,1,25.36,Sara Turanjanin,,King Invitational
Chowan,10007086,50 Free,2,26.21,Vanja Romic,,King Invitational
Chowan,10007086,50 Free,3,26.84,Lina Danna,,King Invitational
Chowan,10007086,50 Free,4,27.18,Hasnae Idrissi,,King Invitational
Chowan,10007086,50 Free,5,28.36,Emma Rooney,,Converse vs. UNCP/Barton/Chowan
Chowan,10007086,50 Free,6,28.83,Ariana Vizcaya,,King Invitational
Chowan,10007086,50 Free,7,30.46,Elizabeth Waltz,,Barton vs. Chowan
Chowan,10007086,500 Free,1,5:26.48,Emma Rooney,,King Invitational
Chowan,10007086,500 Free,2,5:41.69,Lina Danna,,King Invitational
Clarion,114,100 Back,1,57.27,Zoey BecK,,Zippy Invitational
Clarion,114,100 Back,2,58.22,Sydney Updegrave,,Zippy Invitational
Clarion,114,100 Back,3,58.54,Erika Zimmerman,,Zippy Invitational
Clarion,114,100 Back,4,58.62,Reese Charney,,Zippy Invitational
Clarion,114,100 Back,5,59.01,Raely FaJohn,,Zippy Invitational
Clarion,114,100 Back,6,59.83,Stella Chierico,,Zippy Invitational
Clarion,114,100 Back,7,1:00.58,Amanda Fetsko,,Zippy Invitational
Clarion,114,100 Back,8,1:01.20,Rachel Carapella,,Zippy Invitational
Clarion,114,100 Back,9,1:03.42,Elli Patterson,,Zippy Invitational
Clarion,114,100 Back,10,1:03.63,Caitlyn Brennan,,PennWest Duals
Clarion,114,100 Breast,1,1:07.59,Eva Molenaar,,Zippy Invitational
Clarion,114,100 Breast,2,1:08.51,Madelynn McTeer,,Zippy Invitational
Clarion,114,100 Breast,3,1:08.74,Zara Paisley,,Zippy Invitational
Clarion,114,100 Breast,4,1:09.35,Elli Knausz,,Gannon vs Clarion
Clarion,114,100 Breast,5,1:11.01,Erika Zimmerman,,Ralph Johnson Invitational
Clarion,114,100 Breast,6,1:11.85,Chloe Albrecht,,Zippy Invitational
Clarion,114,100 Breast,7,1:14.04,Amelia Romano,,PennWest Duals
Clarion,114,100 Breast,8,1:14.79,Emma Dorsey,,Crimson Hawk Fall Invitational
Clarion,114,100 Fly,1,57.15,Rachael Hess,,Zippy Invitational
Clarion,114,100 Fly,2,58.55,Rachel Carapella,,Zippy Invitational
Clarion,114,100 Fly,3,58.60,Gina DiNapoli,,Zippy Invitational
Clarion,114,100 Fly,4,59.66,Caitlyn Brennan,,Zippy Invitational
Clarion,114,100 Fly,5,59.88,Emma Dorsey,,Zippy Invitational
Clarion,114,100 Fly,6,1:01.51,Reese Charney,,Zippy Invitational
Clarion,114,100 Fly,7,1:02.38,Elli Knausz,,Zippy Invitational
Clarion,114,100 Fly,8,1:02.47,Sarah Grimenstein,,Zippy Invitational
Clarion,114,100 Fly,9,1:02.88,Amelia Romano,,Zippy Invitational
Clarion,114,100 Fly,10,1:04.19,Stella Chierico,,Zippy Invitational
Clarion,114,100 Free,1,51.94,Amanda Fetsko,,Zippy Invitational
Clarion,114,100 Free,2,52.53,Madelynn McTeer,,Zippy Invitational
Clarion,114,100 Free,3,52.89,Raely FaJohn,,Zippy Invitational
Clarion,114,100 Free,4,53.38,Joslyn Jurski,,Zippy Invitational
Clarion,114,100 Free,5,53.45,Elli Knausz,,Zippy Invitational
Clarion,114,100 Free,6,53.93,Erika Zimmerman,,Shippensburg vs Clarion
Clarion,114,100 Free,7,54.11,Zara Paisley,,Zippy Invitational
Clarion,114,100 Free,8,55.16,Gina DiNapoli,,Zippy Invitational
Clarion,114,100 Free,9,55.43,Sarah Grimenstein,,PennWest Duals
Clarion,114,100 Free,10,55.53,Reese Charney,,Zippy Invitational
Clarion,114,1000 Free,1,10:35.28,Joslyn Jurski,,Zippy Invitational
Clarion,114,1000 Free,2,11:08.76,lily Linscheid,,Zippy Invitational
Clarion,114,1000 Free,3,11:18.78,Sydney Harper,,Zippy Invitational
Clarion,114,1000 Free,4,11:21.06,Addi Busch,,Zippy Invitational
Clarion,114,1000 Free,5,11:33.28,Caitlyn Brennan,,Zippy Invitational
Clarion,114,1000 Free,6,11:33.83,Amelia Romano,,Bloomsburg vs Clarion
Clarion,114,1650 Free,1,17:36.67,Joslyn Jurski,,Zippy Invitational
Clarion,114,1650 Free,2,18:30.74,lily Linscheid,,Zippy Invitational
Clarion,114,1650 Free,3,18:38.51,Sydney Harper,,Zippy Invitational
Clarion,114,1650 Free,4,18:46.18,Addi Busch,,Zippy Invitational
Clarion,114,1650 Free,5,19:03.62,Caitlyn Brennan,,Zippy Invitational
Clarion,114,200 Back,1,2:06.99,Sydney Updegrave,,Zippy Invitational
Clarion,114,200 Back,2,2:07.71,Zoey BecK,,Zippy Invitational
Clarion,114,200 Back,3,2:09.79,Caitlyn Brennan,,Zippy Invitational
Clarion,114,200 Back,4,2:09.90,Erika Zimmerman,,Zippy Invitational
Clarion,114,200 Back,5,2:10.56,Rachel Carapella,,Zippy Invitational
Clarion,114,200 Back,6,2:11.25,Reese Charney,,Zippy Invitational
Clarion,114,200 Back,7,2:13.77,Stella Chierico,,Zippy Invitational
Clarion,114,200 Back,8,2:16.02,Elli Patterson,,Zippy Invitational
Clarion,114,200 Back,9,2:16.17,Addi Busch,,Zippy Invitational
Clarion,114,200 Back,10,2:20.47,Sydney Harper,,Zippy Invitational
Clarion,114,200 Breast,1,2:23.76,Eva Molenaar,,Zippy Invitational
Clarion,114,200 Breast,2,2:24.44,Elli Knausz,,Zippy Invitational
Clarion,114,200 Breast,3,2:32.10,Amelia Romano,,Zippy Invitational
Clarion,114,200 Breast,4,2:34.94,Zara Paisley,,Zippy Invitational
Clarion,114,200 Breast,5,2:36.03,Chloe Albrecht,,Zippy Invitational
Clarion,114,200 Breast,6,2:45.17,Emma Dorsey,,Gannon vs Clarion
Clarion,114,200 Fly,1,2:08.97,Rachael Hess,,Zippy Invitational
Clarion,114,200 Fly,2,2:12.89,Emma Dorsey,,Zippy Invitational
Clarion,114,200 Fly,3,2:14.94,Sarah Grimenstein,,Zippy Invitational
Clarion,114,200 Fly,4,2:16.45,Caitlyn Brennan,,Zippy Invitational
Clarion,114,200 Free,1,1:52.74,Joslyn Jurski,,Zippy Invitational
Clarion,114,200 Free,2,1:53.00,Amanda Fetsko,,Zippy Invitational
Clarion,114,200 Free,3,1:55.18,Raely FaJohn,,Zippy Invitational
Clarion,114,200 Free,4,1:55.62,Madelynn McTeer,,Zippy Invitational
Clarion,114,200 Free,5,1:57.27,Sarah Grimenstein,,Zippy Invitational
Clarion,114,200 Free,6,1:57.90,Elli Knausz,,Ralph Johnson Invitational
Clarion,114,200 Free,7,1:58.33,Sydney Updegrave,,Zippy Invitational
Clarion,114,200 Free,8,2:00.63,Amelia Romano,,Zippy Invitational
Clarion,114,200 Free,9,2:00.91,Zara Paisley,,Zippy Invitational
Clarion,114,200 Free,10,2:02.05,lily Linscheid,,Zippy Invitational
Clarion,114,200 Im,1,2:07.08,Elli Knausz,,Zippy Invitational
Clarion,114,200 Im,2,2:09.89,Sarah Grimenstein,,Zippy Invitational
Clarion,114,200 Im,3,2:10.77,Rachael Hess,,Zippy Invitational
Clarion,114,200 Im,4,2:12.16,Eva Molenaar,,Zippy Invitational
Clarion,114,200 Im,5,2:17.57,Emma Dorsey,,Zippy Invitational
Clarion,114,200 Im,6,2:18.30,Gina DiNapoli,,Zippy Invitational
Clarion,114,200 Im,7,2:20.00,Chloe Albrecht,,Zippy Invitational
Clarion,114,200 Im,8,2:20.72,Amelia Romano,,Ralph Johnson Invitational
Clarion,114,200 Im,9,2:32.53,Sydney Harper,,Crimson Hawk Fall Invitational
Clarion,114,400 Im,1,4:31.43,Elli Knausz,,Zippy Invitational
Clarion,114,400 Im,2,4:39.64,Sarah Grimenstein,,Zippy Invitational
Clarion,114,400 Im,3,4:47.62,Eva Molenaar,,Zippy Invitational
Clarion,114,400 Im,4,5:03.54,Sydney Harper,,Zippy Invitational
Clarion,114,400 Im,5,5:09.90,Caitlyn Brennan,,Bloomsburg vs Clarion
Clarion,114,50 Free,1,23.88,Erika Zimmerman,,Zippy Invitational
Clarion,114,50 Free,2,24.01,Madelynn McTeer,,Zippy Invitational
Clarion,114,50 Free,3,24.14,Raely FaJohn,,Zippy Invitational
Clarion,114,50 Free,4,24.40,Amanda Fetsko,,Zippy Invitational
Clarion,114,50 Free,5,24.75,Rachael Hess,,Zippy Invitational
Clarion,114,50 Free,6,24.88,Zoey BecK,,Zippy Invitational
Clarion,114,50 Free,7,24.90,Sarah Grimenstein,,Zippy Invitational
Clarion,114,50 Free,8,24.92,Zara Paisley,,Zippy Invitational
Clarion,114,50 Free,9,25.21,Elli Knausz,,Shippensburg vs Clarion
Clarion,114,50 Free,10,25.22,Rachel Carapella,,Zippy Invitational
Clarion,114,500 Free,1,5:03.47,Joslyn Jurski,,Zippy Invitational
Clarion,114,500 Free,2,5:21.95,Sydney Harper,,Zippy Invitational
Clarion,114,500 Free,3,5:22.51,Amelia Romano,,Zippy Invitational
Clarion,114,500 Free,4,5:24.15,Addi Busch,,Zippy Invitational
Clarion,114,500 Free,5,5:26.54,lily Linscheid,,Zippy Invitational
Clarion,114,500 Free,6,5:28.14,Amanda Fetsko,,Shippensburg vs Clarion
Colorado Mesa,517,100 Back,1,54.27,Taylar Hooton,,TYR/CMU Invitational
Colorado Mesa,517,100 Back,2,55.61,Abby Uhl,,TYR/CMU Invitational
Colorado Mesa,517,100 Back,3,56.13,Anna Beck,,BYU v AFA v CMU
Colorado Mesa,517,100 Back,4,57.37,Reagan Horn,,UNLV Invite
Colorado Mesa,517,100 Back,5,57.47,Kendyll Wilkinson,,TYR/CMU Invitational
Colorado Mesa,517,100 Back,6,58.35,Ella Stack,,TYR/CMU Invitational
Colorado Mesa,517,100 Back,7,58.44,sofia shuler,,Intermountain Shootout -
Colorado Mesa,517,100 Back,8,59.44,Elli Williams,,TYR/CMU Invitational
Colorado Mesa,517,100 Breast,1,1:02.17,Antonia Leese,,UNLV Invite
Colorado Mesa,517,100 Breast,2,1:03.91,Melina GIRAUDEAU,,Denver vs. Wyoming vs. Colorado Mesa
Colorado Mesa,517,100 Breast,3,1:04.49,Georgia Hatzenbeller,,TYR/CMU Invitational
Colorado Mesa,517,100 Breast,4,1:05.19,Maya Clise,,Intermountain Shootout -
Colorado Mesa,517,100 Breast,5,1:05.46,Kate Speerschneider,,TYR/CMU Invitational
Colorado Mesa,517,100 Breast,6,1:06.00,ava Bains,,Denver vs. Wyoming vs. Colorado Mesa
Colorado Mesa,517,100 Breast,7,1:07.67,Emma Kimbrough,,Intermountain Shootout -
Colorado Mesa,517,100 Fly,1,54.33,Ada Qunell,,TYR/CMU Invitational
Colorado Mesa,517,100 Fly,2,54.72,Kiara Borchardt,,UNLV Invite
Colorado Mesa,517,100 Fly,3,56.30,Amber Siverts,,TYR/CMU Invitational
Colorado Mesa,517,100 Fly,4,56.53,Anna Beck,,TYR/CMU Invitational
Colorado Mesa,517,100 Fly,5,56.87,Tori Bartusiak,,BYU v AFA v CMU
Colorado Mesa,517,100 Fly,6,56.94,Syd Oneil,,UNLV Invite
Colorado Mesa,517,100 Fly,7,56.96,Taylar Hooton,,UNLV Invite
Colorado Mesa,517,100 Fly,8,57.79,Kyla Babson,,TYR/CMU Invitational
Colorado Mesa,517,100 Fly,9,57.85,Georgia Hatzenbeller,,TYR/CMU Invitational
Colorado Mesa,517,100 Fly,10,58.29,Olivia Hansson,,Intermountain Shootout-Day 2 (Saturday)
Colorado Mesa,517,100 Free,1,49.50,Ada Qunell,,TYR/CMU Invitational
Colorado Mesa,517,100 Free,2,51.08,Taylar Hooton,,UNLV Invite
Colorado Mesa,517,100 Free,3,51.46,Kendyll Wilkinson,,BYU v AFA v CMU
Colorado Mesa,517,100 Free,4,51.58,Reagan Horn,,TYR/CMU Invitational
Colorado Mesa,517,100 Free,5,51.62,Hanna Sasivarevic,,BYU v AFA v CMU
Colorado Mesa,517,100 Free,6,51.78,Abby Uhl,,TYR/CMU Invitational
Colorado Mesa,517,100 Free,7,52.10,Olivia Hansson,,BYU v AFA v CMU
Colorado Mesa,517,100 Free,8,52.63,Tori Bartusiak,,BYU v AFA v CMU
Colorado Mesa,517,100 Free,9,52.97,Linnea Sjöberg,,TYR/CMU Invitational
Colorado Mesa,517,100 Free,10,53.68,Elli Williams,,BYU v AFA v CMU
Colorado Mesa,517,1000 Free,1,9:57.07,Olivia Hansson,,Intermountain Shootout -
Colorado Mesa,517,1000 Free,2,10:09.50,Maya Clise,,Intermountain Shootout -
Colorado Mesa,517,1000 Free,3,10:11.41,Hanna Sasivarevic,,TYR/CMU Invitational
Colorado Mesa,517,1000 Free,4,10:17.31,Melaina Howard,,TYR/CMU Invitational
Colorado Mesa,517,1000 Free,5,10:20.16,Syd Oneil,,Intermountain Shootout -
Colorado Mesa,517,1000 Free,6,10:30.87,Amelia Fish,,Intermountain Shootout -
Colorado Mesa,517,1000 Free,7,10:31.05,Haven Hinkle,,TYR/CMU Invitational
Colorado Mesa,517,1000 Free,8,10:37.57,Eva Lehmkuhler,,TYR/CMU Invitational
Colorado Mesa,517,1000 Free,9,10:47.69,Linnea Sjöberg,,Intermountain Shootout -
Colorado Mesa,517,1650 Free,1,16:31.46,Olivia Hansson,,TYR/CMU Invitational
Colorado Mesa,517,1650 Free,2,16:59.26,Hanna Sasivarevic,,UNLV Invite
Colorado Mesa,517,1650 Free,3,17:05.90,Melaina Howard,,TYR/CMU Invitational
Colorado Mesa,517,1650 Free,4,17:16.78,Syd Oneil,,TYR/CMU Invitational
Colorado Mesa,517,1650 Free,5,17:34.67,Amelia Fish,,TYR/CMU Invitational
Colorado Mesa,517,1650 Free,6,17:39.44,Maya Clise,,UNLV Invite
Colorado Mesa,517,200 Back,1,1:58.82,Abby Uhl,,TYR/CMU Invitational
Colorado Mesa,517,200 Back,2,2:01.55,Taylar Hooton,,TYR/CMU Invitational
Colorado Mesa,517,200 Back,3,2:03.50,Anna Beck,,TYR/CMU Invitational
Colorado Mesa,517,200 Back,4,2:03.81,Kendyll Wilkinson,,Intermountain Shootout-Day 2 (Saturday)
Colorado Mesa,517,200 Back,5,2:05.24,sofia shuler,,Intermountain Shootout-Day 2 (Saturday)
Colorado Mesa,517,200 Back,6,2:06.08,Ella Stack,,TYR/CMU Invitational
Colorado Mesa,517,200 Breast,1,2:17.16,Melina GIRAUDEAU,,Denver vs. Wyoming vs. Colorado Mesa
Colorado Mesa,517,200 Breast,2,2:17.94,Antonia Leese,,TYR/CMU Invitational
Colorado Mesa,517,200 Breast,3,2:19.85,Maya Clise,,Intermountain Shootout-Day 2 (Saturday)
Colorado Mesa,517,200 Breast,4,2:21.89,Georgia Hatzenbeller,,UNLV Invite
Colorado Mesa,517,200 Breast,5,2:22.25,ava Bains,,TYR/CMU Invitational
Colorado Mesa,517,200 Breast,6,2:24.35,Emma Kimbrough,,Intermountain Shootout-Day 2 (Saturday)
Colorado Mesa,517,200 Breast,7,2:24.56,Gabby DeLuna,,TYR/CMU Invitational
Colorado Mesa,517,200 Breast,8,2:26.63,Kate Speerschneider,,TYR/CMU Invitational
Colorado Mesa,517,200 Breast,9,2:36.54,Eva Lehmkuhler,,Intermountain Shootout-Day 2 (Saturday)
Colorado Mesa,517,200 Fly,1,2:02.16,Kiara Borchardt,,TYR/CMU Invitational
Colorado Mesa,517,200 Fly,2,2:02.51,Tori Bartusiak,,Denver vs. Wyoming vs. Colorado Mesa
Colorado Mesa,517,200 Fly,3,2:03.73,Syd Oneil,,Intermountain Shootout -
Colorado Mesa,517,200 Fly,4,2:04.23,Amber Siverts,,TYR/CMU Invitational
Colorado Mesa,517,200 Fly,5,2:06.77,Gabby DeLuna,,TYR/CMU Invitational
Colorado Mesa,517,200 Fly,6,2:07.82,Kyla Babson,,TYR/CMU Invitational
Colorado Mesa,517,200 Fly,7,2:07.83,Eva Lehmkuhler,,TYR/CMU Invitational
Colorado Mesa,517,200 Fly,8,2:08.31,Haven Hinkle,,BYU v AFA v CMU
Colorado Mesa,517,200 Free,1,1:46.95,Ada Qunell,,TYR/CMU Invitational
Colorado Mesa,517,200 Free,2,1:48.53,Olivia Hansson,,Intermountain Shootout -
Colorado Mesa,517,200 Free,3,1:50.00,Hanna Sasivarevic,,TYR/CMU Invitational
Colorado Mesa,517,200 Free,4,1:50.33,Kendyll Wilkinson,,TYR/CMU Invitational
Colorado Mesa,517,200 Free,5,1:50.64,Linnea Sjöberg,,TYR/CMU Invitational
Colorado Mesa,517,200 Free,6,1:51.16,Abby Uhl,,TYR/CMU Invitational
Colorado Mesa,517,200 Free,7,1:54.69,Ella Stack,,TYR/CMU Invitational
Colorado Mesa,517,200 Free,8,1:56.32,Melaina Howard,,TYR/CMU Invitational
Colorado Mesa,517,200 Free,9,1:56.56,ava Bains,,TYR/CMU Invitational
Colorado Mesa,517,200 Free,10,1:58.54,Amelia Fish,,TYR/CMU Invitational
Colorado Mesa,517,200 Im,1,2:02.97,Taylar Hooton,,TYR/CMU Invitational
Colorado Mesa,517,200 Im,2,2:03.69,Ada Qunell,,TYR/CMU Invitational
Colorado Mesa,517,200 Im,3,2:04.47,Abby Uhl,,TYR/CMU Invitational
Colorado Mesa,517,200 Im,4,2:05.77,Tori Bartusiak,,TYR/CMU Invitational
Colorado Mesa,517,200 Im,5,2:05.95,Kendyll Wilkinson,,UNLV Invite
Colorado Mesa,517,200 Im,6,2:07.13,Olivia Hansson,,UNLV Invite
Colorado Mesa,517,200 Im,7,2:07.14,Amber Siverts,,TYR/CMU Invitational
Colorado Mesa,517,200 Im,8,2:07.27,Gabby DeLuna,,TYR/CMU Invitational
Colorado Mesa,517,200 Im,9,2:07.83,ava Bains,,TYR/CMU Invitational
Colorado Mesa,517,200 Im,10,2:08.58,Haven Hinkle,,UNLV Invite
Colorado Mesa,517,400 Im,1,4:25.52,Olivia Hansson,,BYU v AFA v CMU
Colorado Mesa,517,400 Im,2,4:25.81,Tori Bartusiak,,TYR/CMU Invitational
Colorado Mesa,517,400 Im,3,4:27.98,Haven Hinkle,,TYR/CMU Invitational
Colorado Mesa,517,400 Im,4,4:28.02,Gabby DeLuna,,TYR/CMU Invitational
Colorado Mesa,517,400 Im,5,4:30.64,ava Bains,,TYR/CMU Invitational
Colorado Mesa,517,400 Im,6,4:35.73,Emma Kimbrough,,Intermountain Shootout-Day 2 (Saturday)
Colorado Mesa,517,400 Im,7,4:36.81,Kyla Babson,,TYR/CMU Invitational
Colorado Mesa,517,50 Free,1,23.31,Ada Qunell,,TYR/CMU Invitational
Colorado Mesa,517,50 Free,2,23.33,Reagan Horn,,TYR/CMU Invitational
Colorado Mesa,517,50 Free,3,23.83,Kiara Borchardt,,TYR/CMU Invitational
Colorado Mesa,517,50 Free,4,23.90,Taylar Hooton,,TYR/CMU Invitational
Colorado Mesa,517,50 Free,5,24.14,Elli Williams,,TYR/CMU Invitational
Colorado Mesa,517,50 Free,6,24.25,Anna Beck,,TYR/CMU Invitational
Colorado Mesa,517,50 Free,7,24.46,Ella Stack,,TYR/CMU Invitational
Colorado Mesa,517,50 Free,8,24.62,Georgia Hatzenbeller,,TYR/CMU Invitational
Colorado Mesa,517,50 Free,9,24.72,Abby Uhl,,TYR/CMU Invitational
Colorado Mesa,517,50 Free,10,24.89,Linnea Sjöberg,,Intermountain Shootout -
Colorado Mesa,517,500 Free,1,4:49.90,Olivia Hansson,,BYU v AFA v CMU
Colorado Mesa,517,500 Free,2,4:56.06,Hanna Sasivarevic,,TYR/CMU Invitational
Colorado Mesa,517,500 Free,3,4:58.54,Ada Qunell,,UNLV Invite
Colorado Mesa,517,500 Free,4,4:59.73,Linnea Sjöberg,,TYR/CMU Invitational
Colorado Mesa,517,500 Free,5,5:02.18,Haven Hinkle,,TYR/CMU Invitational
Colorado Mesa,517,500 Free,6,5:02.76,Maya Clise,,UNLV Invite
Colorado Mesa,517,500 Free,7,5:02.87,Melaina Howard,,TYR/CMU Invitational
Colorado Mesa,517,500 Free,8,5:03.46,Syd Oneil,,BYU v AFA v CMU
Colorado Mesa,517,500 Free,9,5:07.47,Eva Lehmkuhler,,TYR/CMU Invitational
Colorado Mesa,517,500 Free,10,5:13.19,Amelia Fish,,Intermountain Shootout-Day 2 (Saturday)
Colorado Mines,50,100 Back,1,56.05,Mary Flikkema,,TYR/CMU Invitational
Colorado Mines,50,100 Back,2,58.56,Emi Jedryka,,TYR/CMU Invitational
Colorado Mines,50,100 Back,3,1:01.54,Ava Burger,,Colorado School of Mines Intrasquad
Colorado Mines,50,100 Back,4,1:02.01,Jennifer Pierson,,Colorado School of Mines Intrasquad
Colorado Mines,50,100 Back,5,1:03.57,Mikaela Khan,,Colorado School of Mines Intrasquad
Colorado Mines,50,100 Back,6,1:03.68,Elizabeth Powers,,Colorado School of Mines Intrasquad
Colorado Mines,50,100 Back,7,1:03.83,Eden Addison,,Colorado School of Mines Intrasquad
Colorado Mines,50,100 Back,8,1:05.52,Kylie VanderMeer,,Colorado School of Mines Intrasquad
Colorado Mines,50,100 Back,9,1:06.08,Kaya Flaherty,,Colorado School of Mines Intrasquad
Colorado Mines,50,100 Back,10,1:06.46,Anna Bream,,Colorado School of Mines Intrasquad
Colorado Mines,50,100 Breast,1,1:01.95,Jordan Tierney,,TYR/CMU Invitational
Colorado Mines,50,100 Breast,2,1:03.94,Ava Burger,,TYR/CMU Invitational
Colorado Mines,50,100 Breast,3,1:04.19,Anna Bream,,TYR/CMU Invitational
Colorado Mines,50,100 Breast,4,1:04.60,Cameryn Schmidt,,TYR/CMU Invitational
Colorado Mines,50,100 Breast,5,1:06.97,Zoe Phoebus,,TYR/CMU Invitational
Colorado Mines,50,100 Breast,6,1:07.07,Willow Coburn,,TYR/CMU Invitational
Colorado Mines,50,100 Breast,7,1:08.76,Sophia Cristal,,TYR/CMU Invitational
Colorado Mines,50,100 Breast,8,1:13.31,Kylie VanderMeer,,Colorado School of Mines Intrasquad
Colorado Mines,50,100 Breast,9,1:14.46,Jennifer Pierson,,Colorado School of Mines Intrasquad
Colorado Mines,50,100 Breast,10,1:14.90,Abby Swanson,,Colorado School of Mines Intrasquad
Colorado Mines,50,100 Fly,1,55.07,Kaya Flaherty,,TYR/CMU Invitational
Colorado Mines,50,100 Fly,2,56.66,Jennifer Pierson,,TYR/CMU Invitational
Colorado Mines,50,100 Fly,3,56.75,Savannah Karas,,TYR/CMU Invitational
Colorado Mines,50,100 Fly,4,57.17,Michelle Murphy,,TYR/CMU Invitational
Colorado Mines,50,100 Fly,5,57.35,Kylie VanderMeer,,TYR/CMU Invitational
Colorado Mines,50,100 Fly,6,58.38,Cameryn Schmidt,,TYR/CMU Invitational
Colorado Mines,50,100 Fly,7,58.57,Sophia Cristal,,TYR/CMU Invitational
Colorado Mines,50,100 Fly,8,59.07,Mikaela Khan,,Colorado Mines vs. Colorado College
Colorado Mines,50,100 Fly,9,59.77,Mary Flikkema,,TYR/CMU Invitational
Colorado Mines,50,100 Fly,10,1:00.31,Anna Bream,,TYR/CMU Invitational
Colorado Mines,50,100 Free,1,51.67,Jennifer Pierson,,TYR/CMU Invitational
Colorado Mines,50,100 Free,2,51.69,Kaya Flaherty,,TYR/CMU Invitational
Colorado Mines,50,100 Free,3,51.91,Michelle Murphy,,TYR/CMU Invitational
Colorado Mines,50,100 Free,4,52.20,Ava LaBrose,,TYR/CMU Invitational
Colorado Mines,50,100 Free,5,52.81,Jordan Tierney,,TYR/CMU Invitational
Colorado Mines,50,100 Free,6,52.88,Abby Swanson,,TYR/CMU Invitational
Colorado Mines,50,100 Free,7,53.20,Kylie VanderMeer,,TYR/CMU Invitational
Colorado Mines,50,100 Free,8,53.46,Sophia Cristal,,TYR/CMU Invitational
Colorado Mines,50,100 Free,9,53.80,Mikaela Khan,,TYR/CMU Invitational
Colorado Mines,50,100 Free,10,54.34,Ava Burger,,TYR/CMU Invitational
Colorado Mines,50,1000 Free,1,10:11.89,Julie Gill,,TYR/CMU Invitational
Colorado Mines,50,1000 Free,2,10:31.31,Elizabeth Powers,,TYR/CMU Invitational
Colorado Mines,50,1000 Free,3,10:37.54,Eden Addison,,TYR/CMU Invitational
Colorado Mines,50,1650 Free,1,17:24.05,Julie Gill,,TYR/CMU Invitational
Colorado Mines,50,1650 Free,2,17:32.52,Elizabeth Powers,,TYR/CMU Invitational
Colorado Mines,50,200 Back,1,2:04.16,Emi Jedryka,,TYR/CMU Invitational
Colorado Mines,50,200 Back,2,2:06.82,Mary Flikkema,,Colorado Mines vs. Colorado College
Colorado Mines,50,200 Back,3,2:07.07,Anna Bream,,Denver vs. Colorado Mines
Colorado Mines,50,200 Back,4,2:07.37,Eden Addison,,TYR/CMU Invitational
Colorado Mines,50,200 Back,5,2:12.51,Ava Burger,,Denver vs. Colorado Mines
Colorado Mines,50,200 Back,6,2:16.13,Elizabeth Powers,,Colorado Mines vs. Adams State vs. CSU Pueblo
Colorado Mines,50,200 Breast,1,2:16.05,Anna Bream,,TYR/CMU Invitational
Colorado Mines,50,200 Breast,2,2:17.91,Cameryn Schmidt,,TYR/CMU Invitational
Colorado Mines,50,200 Breast,3,2:18.61,Jordan Tierney,,TYR/CMU Invitational
Colorado Mines,50,200 Breast,4,2:22.65,Ava Burger,,TYR/CMU Invitational
Colorado Mines,50,200 Breast,5,2:24.14,Zoe Phoebus,,TYR/CMU Invitational
Colorado Mines,50,200 Breast,6,2:24.80,Willow Coburn,,TYR/CMU Invitational
Colorado Mines,50,200 Fly,1,2:01.08,Mikaela Khan,,TYR/CMU Invitational
Colorado Mines,50,200 Fly,2,2:03.90,Savannah Karas,,TYR/CMU Invitational
Colorado Mines,50,200 Fly,3,2:03.94,Kaya Flaherty,,TYR/CMU Invitational
Colorado Mines,50,200 Fly,4,2:08.20,Anna Bream,,TYR/CMU Invitational
Colorado Mines,50,200 Fly,5,2:12.91,Elizabeth Powers,,Colorado Mines vs. Colorado College
Colorado Mines,50,200 Fly,6,2:13.46,Julie Gill,,TYR/CMU Invitational
Colorado Mines,50,200 Free,1,1:50.49,Ava LaBrose,,TYR/CMU Invitational
Colorado Mines,50,200 Free,2,1:52.61,Jennifer Pierson,,TYR/CMU Invitational
Colorado Mines,50,200 Free,3,1:52.94,Michelle Murphy,,TYR/CMU Invitational
Colorado Mines,50,200 Free,4,1:53.79,Mikaela Khan,,TYR/CMU Invitational
Colorado Mines,50,200 Free,5,1:55.43,Elizabeth Powers,,TYR/CMU Invitational
Colorado Mines,50,200 Free,6,1:55.87,Abby Swanson,,TYR/CMU Invitational
Colorado Mines,50,200 Free,7,1:57.24,Kaya Flaherty,,Denver vs. Colorado Mines
Colorado Mines,50,200 Free,8,1:57.25,Eden Addison,,Denver vs. Colorado Mines
Colorado Mines,50,200 Free,9,1:58.38,Anna Bream,,"UNC, School of Mines vs Wyomin"
Colorado Mines,50,200 Free,10,1:59.13,Samantha Crane,,Colorado Mines vs. Adams State
Colorado Mines,50,200 Im,1,2:02.53,Anna Bream,,TYR/CMU Invitational
Colorado Mines,50,200 Im,2,2:07.21,Ava LaBrose,,TYR/CMU Invitational
Colorado Mines,50,200 Im,3,2:07.43,Mikaela Khan,,TYR/CMU Invitational
Colorado Mines,50,200 Im,4,2:07.64,Ava Burger,,TYR/CMU Invitational
Colorado Mines,50,200 Im,5,2:07.69,Michelle Murphy,,TYR/CMU Invitational
Colorado Mines,50,200 Im,6,2:08.13,Zoe Phoebus,,TYR/CMU Invitational
Colorado Mines,50,200 Im,7,2:08.40,Willow Coburn,,TYR/CMU Invitational
Colorado Mines,50,200 Im,8,2:11.37,Savannah Karas,,TYR/CMU Invitational
Colorado Mines,50,200 Im,9,2:19.07,Kylie VanderMeer,,Colorado School of Mines Intrasquad
Colorado Mines,50,200 Im,10,2:19.92,Eden Addison,,Colorado School of Mines Intrasquad
Colorado Mines,50,400 Im,1,4:18.23,Anna Bream,,TYR/CMU Invitational
Colorado Mines,50,400 Im,2,4:31.05,Mikaela Khan,,TYR/CMU Invitational
Colorado Mines,50,400 Im,3,4:31.52,Willow Coburn,,TYR/CMU Invitational
Colorado Mines,50,400 Im,4,4:31.93,Zoe Phoebus,,TYR/CMU Invitational
Colorado Mines,50,400 Im,5,4:39.76,Ava Burger,,TYR/CMU Invitational
Colorado Mines,50,400 Im,6,4:40.86,Julie Gill,,TYR/CMU Invitational
Colorado Mines,50,50 Free,1,23.41,Cameryn Schmidt,,TYR/CMU Invitational
Colorado Mines,50,50 Free,2,23.61,Kaya Flaherty,,TYR/CMU Invitational
Colorado Mines,50,50 Free,3,23.74,Jennifer Pierson,,TYR/CMU Invitational
Colorado Mines,50,50 Free,4,24.17,Abby Swanson,,TYR/CMU Invitational
Colorado Mines,50,50 Free,5,24.19,Jordan Tierney,,TYR/CMU Invitational
Colorado Mines,50,50 Free,6,24.31,Sophia Cristal,,TYR/CMU Invitational
Colorado Mines,50,50 Free,7,24.77,Kylie VanderMeer,,TYR/CMU Invitational
Colorado Mines,50,50 Free,8,24.78,Emi Jedryka,,TYR/CMU Invitational
Colorado Mines,50,50 Free,9,24.86,Mary Flikkema,,TYR/CMU Invitational
Colorado Mines,50,50 Free,10,25.02,Michelle Murphy,,Colorado Mines vs. Colorado College
Colorado Mines,50,500 Free,1,5:04.06,Mikaela Khan,,TYR/CMU Invitational
Colorado Mines,50,500 Free,2,5:05.13,Elizabeth Powers,,TYR/CMU Invitational
Colorado Mines,50,500 Free,3,5:05.25,Ava LaBrose,,TYR/CMU Invitational
Colorado Mines,50,500 Free,4,5:06.33,Julie Gill,,TYR/CMU Invitational
Colorado Mines,50,500 Free,5,5:10.03,Eden Addison,,TYR/CMU Invitational
Colorado Mines,50,500 Free,6,5:28.19,Samantha Crane,,Colorado Mines vs. Adams State
Concordia,542,100 Back,1,1:00.42,Carissa Ward,,Chapman vs. Occidental vs. Concordia
Concordia,542,100 Back,2,1:05.22,Aubrie Carver,,Biola vs. Westmont vs. Masters vs. Concordia
Concordia,542,100 Back,3,1:06.45,Alexandra Grant,,Chapman vs. Occidental vs. Concordia
Concordia,542,100 Back,4,1:08.10,Aliyah Treadwell,,Chapman vs. Occidental vs. Concordia
Concordia,542,100 Breast,1,1:13.21,Alex Leland,,Biola vs. Westmont vs. Masters vs. Concordia
Concordia,542,100 Breast,2,1:22.30,Mikayla Barre,,Chapman vs. Occidental vs. Concordia
Concordia,542,100 Fly,1,1:04.81,Carissa Ward,,Chapman vs. Occidental vs. Concordia
Concordia,542,100 Fly,2,1:04.86,Aranza Martha,,Chapman vs. Occidental vs. Concordia
Concordia,542,100 Fly,3,1:05.32,Payton Doak,,Biola vs. Westmont vs. Masters vs. Concordia
Concordia,542,100 Fly,4,1:07.79,Aubrie Carver,,Chapman vs. Occidental vs. Concordia
Concordia,542,100 Fly,5,1:09.11,Makayla Novak,,Biola vs. Westmont vs. Masters vs. Concordia
Concordia,542,100 Free,1,56.16,Hannah Edwards,,Triple Distance Invitational
Concordia,542,100 Free,2,57.99,Aubrie Carver,,Chapman vs. Occidental vs. Concordia
Concordia,542,100 Free,3,59.21,Payton Doak,,Triple Distance Invitational
Concordia,542,100 Free,4,59.95,Aranza Martha,,2026 Chris Knorr Invite
Concordia,542,100 Free,5,59.99,Makayla Novak,,2026 Chris Knorr Invite
Concordia,542,100 Free,6,1:00.23,Alexandra Grant,,Biola vs. Westmont vs. Masters vs. Concordia
Concordia,542,100 Free,7,1:00.78,Lilly Hartwell,,Triple Distance Invitational
Concordia,542,200 Back,1,2:12.30,Carissa Ward,,Triple Distance Invitational
Concordia,542,200 Back,2,2:21.54,Aubrie Carver,,Triple Distance Invitational
Concordia,542,200 Breast,1,2:45.13,Alex Leland,,Triple Distance Invitational
Concordia,542,200 Free,1,2:03.12,Hannah Edwards,,Triple Distance Invitational
Concordia,542,200 Free,2,2:06.16,Makayla Novak,,Chapman vs. Occidental vs. Concordia
Concordia,542,200 Free,3,2:08.65,Payton Doak,,Westmont vs. Asuza Pacific
Concordia,542,200 Free,4,2:13.03,Alexandra Grant,,Triple Distance Invitational
Concordia,542,200 Free,5,2:16.24,Aliyah Treadwell,,Biola vs. Westmont vs. Masters vs. Concordia
Concordia,542,200 Free,6,2:16.92,Aranza Martha,,Triple Distance Invitational
Concordia,542,200 Free,7,2:17.59,Lilly Hartwell,,Triple Distance Invitational
Concordia,542,200 Im,1,2:16.82,Carissa Ward,,2026 Chris Knorr Invite
Concordia,542,400 Im,1,4:47.80,Carissa Ward,,Chapman vs. Occidental vs. Concordia
Concordia,542,400 Im,2,5:05.23,Aubrie Carver,,Chapman vs. Occidental vs. Concordia
Concordia,542,50 Free,1,25.45,Hannah Edwards,,Westmont vs. Asuza Pacific
Concordia,542,50 Free,2,26.06,Alex Leland,,2026 Chris Knorr Invite
Concordia,542,50 Free,3,26.28,Aranza Martha,,Chapman vs. Occidental vs. Concordia
Concordia,542,50 Free,4,27.01,Lilly Hartwell,,Westmont vs. Asuza Pacific
Concordia,542,50 Free,5,27.82,Payton Doak,,Triple Distance Invitational
Concordia,542,50 Free,6,27.83,Aubrie Carver,,Chapman vs. Occidental vs. Concordia
Concordia,542,50 Free,7,28.16,Alexandra Grant,,Biola vs. Westmont vs. Masters vs. Concordia
Concordia,542,50 Free,8,28.80,Makayla Novak,,Triple Distance Invitational
Concordia,542,50 Free,9,31.31,Mikayla Barre,,2026 Chris Knorr Invite
Concordia,542,50 Free,10,37.60,Kaylee Fancher-Hurley,,Westmont vs. Asuza Pacific
Concordia,542,500 Free,1,5:44.83,Payton Doak,,Chapman vs. Occidental vs. Concordia
Converse,8475,100 Back,1,1:01.84,Mayle Iwanski,,Centre Invitational
Converse,8475,100 Back,2,1:02.15,Alison Ludeman,,Centre Invitational
Converse,8475,100 Back,3,1:04.83,Kaitlin Williams,,Centre Invitational
Converse,8475,100 Back,4,1:05.32,Liz Klanderman,,Converse vs. Emmanuel
Converse,8475,100 Back,5,1:07.17,Valerie Perez,,Centre Invitational
Converse,8475,100 Back,6,1:10.09,Gabriella Pinheiro,,Centre Invitational
Converse,8475,100 Breast,1,1:09.13,Ember Hill,,Centre Invitational
Converse,8475,100 Breast,2,1:11.03,Kate Hollingsworth,,Converse vs. Emmanuel
Converse,8475,100 Breast,3,1:11.57,Hannah Huante,,Converse vs. Emmanuel
Converse,8475,100 Breast,4,1:12.61,Liz Klanderman,,Centre Invitational
Converse,8475,100 Breast,5,1:13.58,Juli Ganim,,Centre Invitational
Converse,8475,100 Fly,1,57.76,Maya Guevara,,Centre Invitational
Converse,8475,100 Fly,2,58.68,Kayla Smith,,Centre Invitational
Converse,8475,100 Fly,3,1:02.21,Mayle Iwanski,,Centre Invitational
Converse,8475,100 Fly,4,1:04.29,Kaitlin Williams,,King vs. Converse
Converse,8475,100 Fly,5,1:05.76,Hannah Huante,,Converse vs. Lenoir-Rhyne
Converse,8475,100 Fly,6,1:06.76,Liz Klanderman,,Centre Invitational
Converse,8475,100 Fly,7,1:07.30,Kate Hollingsworth,,Centre Invitational
Converse,8475,100 Fly,8,1:12.86,Valerie Perez,,Converse vs. Emmanuel
Converse,8475,100 Free,1,51.46,Kayla Smith,,Centre Invitational
Converse,8475,100 Free,2,53.01,Alison Ludeman,,Centre Invitational
Converse,8475,100 Free,3,54.14,Maya Guevara,,Centre Invitational
Converse,8475,100 Free,4,56.26,Mayle Iwanski,,Centre Invitational
Converse,8475,100 Free,5,57.02,Hannah Huante,,Centre Invitational
Converse,8475,100 Free,6,57.06,Juli Ganim,,Converse vs. Emmanuel
Converse,8475,100 Free,7,1:00.90,Marie Durflinger,,King vs. Converse
Converse,8475,100 Free,8,1:02.08,Valerie Perez,,Converse vs. UNCP/Barton/Chowan
Converse,8475,1000 Free,1,11:32.38,Valerie Perez,,Converse vs. Emmanuel
Converse,8475,1000 Free,2,11:32.39,Kaitlin Williams,,Converse vs. King
Converse,8475,1650 Free,1,19:04.58,Valerie Perez,,Centre Invitational
Converse,8475,1650 Free,2,19:44.84,Kaitlin Williams,,Centre Invitational
Converse,8475,200 Back,1,2:19.25,Alison Ludeman,,Converse vs. King
Converse,8475,200 Back,2,2:20.32,Mayle Iwanski,,Converse vs Lenoir-Rhyne
Converse,8475,200 Back,3,2:23.31,Kaitlin Williams,,Converse vs Lenoir-Rhyne
Converse,8475,200 Back,4,2:26.88,Valerie Perez,,Centre Invitational
Converse,8475,200 Back,5,2:31.44,Hannah Huante,,Emmanuel Fall Invite
Converse,8475,200 Back,6,2:35.75,Gabriella Pinheiro,,Emmanuel Fall Invite
Converse,8475,200 Breast,1,2:33.71,Ember Hill,,Centre Invitational
Converse,8475,200 Breast,2,2:35.43,Liz Klanderman,,Centre Invitational
Converse,8475,200 Breast,3,2:36.99,Hannah Huante,,Centre Invitational
Converse,8475,200 Breast,4,2:39.22,Kate Hollingsworth,,Centre Invitational
Converse,8475,200 Fly,1,2:17.58,Maya Guevara,,Emmanuel Fall Invite
Converse,8475,200 Fly,2,2:19.83,Mayle Iwanski,,Centre Invitational
Converse,8475,200 Fly,3,2:22.94,Kaitlin Williams,,Converse vs. King
Converse,8475,200 Fly,4,2:31.96,Kate Hollingsworth,,Converse vs Lenoir-Rhyne
Converse,8475,200 Free,1,1:57.39,Alison Ludeman,,Centre Invitational
Converse,8475,200 Free,2,2:02.14,Kayla Smith,,Centre Invitational
Converse,8475,200 Free,3,2:02.81,Maya Guevara,,Converse vs. UNCP/Barton/Chowan
Converse,8475,200 Free,4,2:04.37,Valerie Perez,,Centre Invitational
Converse,8475,200 Free,5,2:05.48,Juli Ganim,,Centre Invitational
Converse,8475,200 Free,6,2:08.41,Hannah Huante,,Emmanuel Fall Invite
Converse,8475,200 Free,7,2:13.13,Kate Hollingsworth,,Converse vs. King
Converse,8475,200 Free,8,2:17.52,Marie Durflinger,,Centre Invitational
Converse,8475,200 Im,1,2:19.54,Liz Klanderman,,Centre Invitational
Converse,8475,200 Im,2,2:19.76,Hannah Huante,,Centre Invitational
Converse,8475,200 Im,3,2:20.96,Maya Guevara,,Converse vs. UNCP/Barton/Chowan
Converse,8475,200 Im,4,2:21.84,Ember Hill,,Centre Invitational
Converse,8475,200 Im,5,2:21.90,Kate Hollingsworth,,Centre Invitational
Converse,8475,200 Im,6,2:31.90,Juli Ganim,,Emmanuel Fall Invite
Converse,8475,400 Im,1,4:59.66,Hannah Huante,,Centre Invitational
Converse,8475,400 Im,2,5:00.75,Liz Klanderman,,Centre Invitational
Converse,8475,400 Im,3,5:07.09,Kate Hollingsworth,,Centre Invitational
Converse,8475,50 Free,1,24.35,Kayla Smith,,Centre Invitational
Converse,8475,50 Free,2,24.68,Alison Ludeman,,Centre Invitational
Converse,8475,50 Free,3,24.70,Maya Guevara,,Centre Invitational
Converse,8475,50 Free,4,26.15,Juli Ganim,,Centre Invitational
Converse,8475,50 Free,5,26.74,Hannah Huante,,King vs. Converse
Converse,8475,50 Free,6,27.00,Mayle Iwanski,,Centre Invitational
Converse,8475,50 Free,7,27.80,Valerie Perez,,Converse vs. King
Converse,8475,50 Free,8,27.92,Marie Durflinger,,Centre Invitational
Converse,8475,50 Free,9,27.95,Gabriella Pinheiro,,Centre Invitational
Converse,8475,50 Free,10,28.57,Kaitlin Williams,,Converse vs. Emmanuel
Converse,8475,500 Free,1,5:27.15,Valerie Perez,,Centre Invitational
Converse,8475,500 Free,2,5:27.71,Mayle Iwanski,,Centre Invitational
Converse,8475,500 Free,3,5:35.17,Kaitlin Williams,,King vs. Converse
Davenport,10012529,100 Back,1,56.41,Alicja Pinkowicz,,Don Kimble Invitational
Davenport,10012529,100 Back,2,58.16,Mikayla Reimink,,Don Kimble Invitational
Davenport,10012529,100 Back,3,59.37,Nadia Jastrzabek,,Wayne State vs. Davenport
Davenport,10012529,100 Back,4,1:02.21,Asyia shank,,"Hillsdale vs. Albion, Davenport"
Davenport,10012529,100 Back,5,1:04.56,Makayla Muir,,Don Kimble Invitational
Davenport,10012529,100 Back,6,1:04.96,Lillian Larson,,GVSU vs. Davenport
Davenport,10012529,100 Back,7,1:13.92,Nicol Zunno,,"Hillsdale vs. Albion, Davenport"
Davenport,10012529,100 Breast,1,1:02.76,Zofia Janaszek-Seydlitz,,Don Kimble Invitational
Davenport,10012529,100 Breast,2,1:03.66,Claire DeKievit,,Don Kimble Invitational
Davenport,10012529,100 Breast,3,1:07.47,Nadia Jastrzabek,,GVSU vs. Davenport
Davenport,10012529,100 Breast,4,1:07.54,Abby Wampler,,Don Kimble Invitational
Davenport,10012529,100 Breast,5,1:12.49,Nicol Zunno,,Don Kimble Invitational
Davenport,10012529,100 Breast,6,1:13.53,Mikayla Reimink,,"Hillsdale vs. Albion, Davenport"
Davenport,10012529,100 Breast,7,1:16.95,Lillian Larson,,"Hillsdale vs. Albion, Davenport"
Davenport,10012529,100 Breast,8,1:17.17,Ella Krug,,Aquinas vs Davenport
Davenport,10012529,100 Fly,1,55.72,Asyia shank,,Don Kimble Invitational
Davenport,10012529,100 Fly,2,55.74,Alicja Pinkowicz,,Don Kimble Invitational
Davenport,10012529,100 Fly,3,59.56,Brooke Houser,,Don Kimble Invitational
Davenport,10012529,100 Fly,4,1:00.36,Mikayla Reimink,,Don Kimble Invitational
Davenport,10012529,100 Fly,5,1:01.08,Lillian Larson,,Wayne State vs. Davenport
Davenport,10012529,100 Fly,6,1:01.46,Claire DeKievit,,Don Kimble Invitational
Davenport,10012529,100 Fly,7,1:02.58,Ella Krug,,Don Kimble Invitational
Davenport,10012529,100 Fly,8,1:03.66,Aubrey Underwood,,Aquinas vs Davenport
Davenport,10012529,100 Fly,9,1:04.28,Abby Wampler,,Don Kimble Invitational
Davenport,10012529,100 Free,1,51.86,Nadia Jastrzabek,,Davenport vs. Saginaw Valley
Davenport,10012529,100 Free,2,53.55,Alicja Pinkowicz,,Don Kimble Invitational
Davenport,10012529,100 Free,3,53.65,Zofia Janaszek-Seydlitz,,Don Kimble Invitational
Davenport,10012529,100 Free,4,54.09,Asyia shank,,Aquinas vs Davenport
Davenport,10012529,100 Free,5,54.58,Shea Opdahl,,Don Kimble Invitational
Davenport,10012529,100 Free,6,55.17,Aubrey Underwood,,Aquinas vs Davenport
Davenport,10012529,100 Free,7,55.45,Claire DeKievit,,GVSU vs. Davenport
Davenport,10012529,100 Free,8,55.56,Mikayla Reimink,,Davenport vs. Saginaw Valley
Davenport,10012529,100 Free,9,57.42,Makayla Muir,,Don Kimble Invitational
Davenport,10012529,100 Free,10,58.06,Abby Wampler,,Davenport October Invite
Davenport,10012529,1000 Free,1,10:40.52,Aubrey Underwood,,Davenport October Invite
Davenport,10012529,1000 Free,2,10:54.83,Abby Wampler,,Wayne State vs. Davenport
Davenport,10012529,1000 Free,3,11:23.54,Makayla Muir,,Davenport vs. Saginaw Valley
Davenport,10012529,1650 Free,1,18:03.13,Aubrey Underwood,,Don Kimble Invitational
Davenport,10012529,1650 Free,2,18:26.99,Abby Wampler,,Aquinas vs Davenport
Davenport,10012529,1650 Free,3,19:17.21,Makayla Muir,,Aquinas vs Davenport
Davenport,10012529,200 Back,1,2:00.76,Alicja Pinkowicz,,Don Kimble Invitational
Davenport,10012529,200 Back,2,2:09.23,Mikayla Reimink,,Don Kimble Invitational
Davenport,10012529,200 Back,3,2:09.37,Abby Wampler,,Davenport vs. Saginaw Valley
Davenport,10012529,200 Back,4,2:16.91,Makayla Muir,,Don Kimble Invitational
Davenport,10012529,200 Back,5,2:21.75,Lillian Larson,,GVSU vs. Davenport
Davenport,10012529,200 Breast,1,2:17.84,Zofia Janaszek-Seydlitz,,Don Kimble Invitational
Davenport,10012529,200 Breast,2,2:26.25,Abby Wampler,,Davenport vs. Saginaw Valley
Davenport,10012529,200 Breast,3,2:26.66,Claire DeKievit,,Don Kimble Invitational
Davenport,10012529,200 Breast,4,2:37.61,Ella Krug,,Don Kimble Invitational
Davenport,10012529,200 Breast,5,2:43.69,Nicol Zunno,,Don Kimble Invitational
Davenport,10012529,200 Fly,1,2:06.24,Alicja Pinkowicz,,Don Kimble Invitational
Davenport,10012529,200 Fly,2,2:09.25,Asyia shank,,Don Kimble Invitational
Davenport,10012529,200 Fly,3,2:20.03,Lillian Larson,,Davenport October Invite
Davenport,10012529,200 Fly,4,2:22.30,Ella Krug,,Don Kimble Invitational
Davenport,10012529,200 Fly,5,2:22.86,Brooke Houser,,Aquinas vs Davenport
Davenport,10012529,200 Fly,6,2:31.60,Aubrey Underwood,,Davenport October Invite
Davenport,10012529,200 Free,1,1:57.11,Aubrey Underwood,,Don Kimble Invitational
Davenport,10012529,200 Free,2,1:59.02,Abby Wampler,,GVSU vs. Davenport
Davenport,10012529,200 Free,3,2:00.13,Claire DeKievit,,Davenport vs. Saginaw Valley
Davenport,10012529,200 Free,4,2:04.16,Asyia shank,,GVSU vs. Davenport
Davenport,10012529,200 Free,5,2:04.22,Shea Opdahl,,Davenport vs. Saginaw Valley
Davenport,10012529,200 Free,6,2:05.19,Makayla Muir,,Wayne State vs. Davenport
Davenport,10012529,200 Free,7,2:05.23,Mikayla Reimink,,Wayne State vs. Davenport
Davenport,10012529,200 Free,8,2:05.66,Lillian Larson,,Aquinas vs Davenport
Davenport,10012529,200 Free,9,2:07.17,Brooke Houser,,Davenport vs. Saginaw Valley
Davenport,10012529,200 Free,10,2:11.19,Ella Krug,,Wayne State vs. Davenport
Davenport,10012529,200 Im,1,2:08.87,Zofia Janaszek-Seydlitz,,Davenport vs. Saginaw Valley
Davenport,10012529,200 Im,2,2:09.54,Abby Wampler,,Davenport vs. Saginaw Valley
Davenport,10012529,200 Im,3,2:13.88,Lillian Larson,,Don Kimble Invitational
Davenport,10012529,200 Im,4,2:15.09,Aubrey Underwood,,Wayne State vs. Davenport
Davenport,10012529,200 Im,5,2:15.56,Claire DeKievit,,Wayne State vs. Davenport
Davenport,10012529,200 Im,6,2:22.17,Mikayla Reimink,,Davenport October Invite
Davenport,10012529,200 Im,7,2:28.42,Ella Krug,,Aquinas vs Davenport
Davenport,10012529,200 Im,8,2:29.97,Nicol Zunno,,Wayne State vs. Davenport
Davenport,10012529,400 Im,1,4:38.28,Abby Wampler,,Don Kimble Invitational
Davenport,10012529,400 Im,2,4:41.74,Lillian Larson,,Don Kimble Invitational
Davenport,10012529,400 Im,3,4:43.63,Aubrey Underwood,,Don Kimble Invitational
Davenport,10012529,50 Free,1,23.86,Nadia Jastrzabek,,Wayne State vs. Davenport
Davenport,10012529,50 Free,2,24.03,Zofia Janaszek-Seydlitz,,Don Kimble Invitational
Davenport,10012529,50 Free,3,24.59,Asyia shank,,Don Kimble Invitational
Davenport,10012529,50 Free,4,25.03,Mikayla Reimink,,Don Kimble Invitational
Davenport,10012529,50 Free,5,25.09,Alicja Pinkowicz,,Davenport October Invite
Davenport,10012529,50 Free,6,25.35,Brooke Houser,,Don Kimble Invitational
Davenport,10012529,50 Free,7,25.37,Shea Opdahl,,Don Kimble Invitational
Davenport,10012529,50 Free,8,26.10,Julia Mizik,,"2025 MN, LP, & UP Showdown - Day 1"
Davenport,10012529,50 Free,9,26.26,Abby Wampler,,GVSU vs. Davenport
Davenport,10012529,50 Free,10,26.43,Claire DeKievit,,GVSU vs. Davenport
Davenport,10012529,500 Free,1,5:11.87,Aubrey Underwood,,Don Kimble Invitational
Davenport,10012529,500 Free,2,5:20.80,Abby Wampler,,Wayne State vs. Davenport
Davenport,10012529,500 Free,3,5:25.65,Makayla Muir,,Don Kimble Invitational
Davenport,10012529,500 Free,4,5:33.32,Claire DeKievit,,Aquinas vs Davenport
Davenport,10012529,500 Free,5,5:35.28,Lillian Larson,,Aquinas vs Davenport
Davenport,10012529,500 Free,6,5:53.16,Shea Opdahl,,"Hillsdale vs. Albion, Davenport"
Davenport,10012529,500 Free,7,5:59.20,Nicol Zunno,,Davenport vs. Saginaw Valley
Davenport,10012529,500 Free,8,5:59.40,Brooke Houser,,"Hillsdale vs. Albion, Davenport"
Davis and Elkins,628,100 Free,1,55.23,Daphine McCann,,Corbiere-Merion Invitational
Davis and Elkins,628,100 Free,2,55.29,Savannah Foley,,Corbiere-Merion Invitational
Davis and Elkins,628,100 Free,3,56.59,Lauren Lockwood,,Corbiere-Merion Invitational
Davis and Elkins,628,100 Free,4,56.96,Julianne Hobson,,Davis and Elkins vs. Wheeling
Davis and Elkins,628,100 Free,5,1:00.22,Anikka Peterson,,WV State Games
Davis and Elkins,628,100 Free,6,1:02.43,Emma Andrews,,Davis and Elkins vs. Wheeling
Davis and Elkins,628,100 Free,7,1:02.71,Jolie McGaughan,,Corbiere-Merion Invitational
Davis and Elkins,628,100 Free,8,1:03.22,Courtney Luikart,,Corbiere-Merion Invitational
Davis and Elkins,628,100 Free,9,1:03.95,Grace Janas,,Battle of the Hills
Davis and Elkins,628,100 Free,10,1:05.88,Caidence Reece,,Corbiere-Merion Invitational
Davis and Elkins,628,1000 Free,1,11:52.92,Grace Janas,,Corbiere-Merion Invitational
Davis and Elkins,628,1000 Free,2,11:57.15,Anikka Peterson,,Davis and Elkins vs. Wheeling
Davis and Elkins,628,1000 Free,3,12:29.69,Savannah Foley,,California vs. D&E and WVWC
Davis and Elkins,628,1000 Free,4,13:49.31,Emma Andrews,,D&E vs. Fairmont
Davis and Elkins,628,1000 Free,5,14:17.03,Caidence Reece,,Davis and Elkins vs. Wheeling
Davis and Elkins,628,1650 Free,1,19:38.71,Grace Janas,,Corbiere-Merion Invitational
Davis and Elkins,628,200 Free,1,2:03.69,Savannah Foley,,Corbiere-Merion Invitational
Davis and Elkins,628,200 Free,2,2:06.46,Julianne Hobson,,California vs. D&E and WVWC
Davis and Elkins,628,200 Free,3,2:06.49,Anikka Peterson,,Corbiere-Merion Invitational
Davis and Elkins,628,200 Free,4,2:07.03,Lauren Lockwood,,Davis and Elkins vs. Wheeling
Davis and Elkins,628,200 Free,5,2:09.85,Grace Janas,,Corbiere-Merion Invitational
Davis and Elkins,628,200 Free,6,2:16.40,Jolie McGaughan,,D&E vs. Fairmont
Davis and Elkins,628,200 Free,7,2:19.53,Emma Andrews,,California vs. D&E and WVWC
Davis and Elkins,628,200 Free,8,2:23.07,Aly Schaefer,,Corbiere-Merion Invitational
Davis and Elkins,628,200 Free,9,2:28.62,Caidence Reece,,Corbiere-Merion Invitational
Davis and Elkins,628,50 Free,1,25.30,Savannah Foley,,Corbiere-Merion Invitational
Davis and Elkins,628,50 Free,2,25.40,Julianne Hobson,,Corbiere-Merion Invitational
Davis and Elkins,628,50 Free,3,25.73,Daphine McCann,,Corbiere-Merion Invitational
Davis and Elkins,628,50 Free,4,25.79,Lauren Lockwood,,Corbiere-Merion Invitational
Davis and Elkins,628,50 Free,5,27.17,Kenzi Hays,,Salem Relays
Davis and Elkins,628,50 Free,6,28.09,Emma Andrews,,Corbiere-Merion Invitational
Davis and Elkins,628,50 Free,7,28.51,Max Sutherland,,Battle of the Hill WVWC
Davis and Elkins,628,50 Free,8,28.55,Jolie McGaughan,,Battle of the Hills
Davis and Elkins,628,50 Free,9,29.18,Courtney Luikart,,Corbiere-Merion Invitational
Davis and Elkins,628,50 Free,10,29.31,Caidence Reece,,Corbiere-Merion Invitational
Davis and Elkins,628,500 Free,1,5:29.64,Anikka Peterson,,Corbiere-Merion Invitational
Davis and Elkins,628,500 Free,2,5:44.31,Grace Janas,,Corbiere-Merion Invitational
Davis and Elkins,628,500 Free,3,5:52.42,Savannah Foley,,California vs. D&E and WVWC
Davis and Elkins,628,500 Free,4,6:17.88,Emma Andrews,,Corbiere-Merion Invitational
Davis and Elkins,628,500 Free,5,6:57.21,Caidence Reece,,Davis and Elkins vs. Wheeling
Staten Island,312,100 Back,1,1:02.80,Maja Tomaszewska,,Ranger Invitational
Staten Island,312,100 Back,2,1:05.16,Nicole Conroy,,Ranger Invitational
Staten Island,312,100 Back,3,1:10.33,Michalina Bukowska,,Staten Island vs. Pace vs. Hunter
Staten Island,312,100 Back,4,1:22.73,Karen Yacoub,,Ranger Invitational
Staten Island,312,100 Breast,1,1:09.42,Polly Struck,,Dolphin Kick Off Invite
Staten Island,312,100 Breast,2,1:18.34,Michalina Bukowska,,Staten Island vs. Brooklyn
Staten Island,312,100 Breast,3,1:36.64,Karen Yacoub,,Staten Island vs. Brooklyn
Staten Island,312,100 Fly,1,58.08,Maria Janecka,,Ranger Invitational
Staten Island,312,100 Fly,2,1:01.73,Aurelia Barbagallo,,Ranger Invitational
Staten Island,312,100 Fly,3,1:06.11,Polly Struck,,Ranger Invitational
Staten Island,312,100 Fly,4,1:08.83,Caitlyn Halligan,,Ranger Invitational
Staten Island,312,100 Fly,5,1:09.86,Michalina Bukowska,,Staten Island vs Sarah Lawrence vs MSMC
Staten Island,312,100 Free,1,52.90,Maria Janecka,,Ranger Invitational
Staten Island,312,100 Free,2,57.98,Aurelia Barbagallo,,Ranger Invitational
Staten Island,312,100 Free,3,58.89,Michalina Bukowska,,University of Bridgeport vs St
Staten Island,312,100 Free,4,59.91,Nicole Conroy,,Staten Island vs. Adelphi vs. Felician
Staten Island,312,100 Free,5,1:00.23,Maja Tomaszewska,,Dolphin Kick Off Invite
Staten Island,312,100 Free,6,1:00.51,Caitlyn Halligan,,Ranger Invitational
Staten Island,312,100 Free,7,1:03.55,Katarina Tsirlin,,Ranger Invitational
Staten Island,312,100 Free,8,1:17.42,Karen Yacoub,,Ranger Invitational
Staten Island,312,1000 Free,1,11:59.36,Maria Janecka,,Staten Island vs Sarah Lawrence vs MSMC
Staten Island,312,1000 Free,2,11:59.96,Michalina Bukowska,,Ranger Invitational
Staten Island,312,1000 Free,3,12:50.42,Katarina Tsirlin,,University of Bridgeport vs St
Staten Island,312,1650 Free,1,19:44.15,Michalina Bukowska,,Ranger Invitational
Staten Island,312,200 Back,1,2:14.38,Maja Tomaszewska,,Ranger Invitational
Staten Island,312,200 Back,2,2:28.07,Nicole Conroy,,Staten Island vs. Pace vs. Hunter
Staten Island,312,200 Breast,1,2:29.38,Polly Struck,,Dolphin Kick Off Invite
Staten Island,312,200 Breast,2,3:12.23,Katarina Tsirlin,,Staten Island vs Saint Michaels
Staten Island,312,200 Breast,3,3:36.38,Karen Yacoub,,Staten Island vs Sarah Lawrence vs MSMC
Staten Island,312,200 Fly,1,2:18.22,Aurelia Barbagallo,,Ranger Invitational
Staten Island,312,200 Free,1,1:55.68,Maria Janecka,,Ranger Invitational
Staten Island,312,200 Free,2,2:04.70,Michalina Bukowska,,Ranger Invitational
Staten Island,312,200 Free,3,2:07.43,Polly Struck,,Staten Island vs Sarah Lawrence vs MSMC
Staten Island,312,200 Free,4,2:11.38,Maja Tomaszewska,,Staten Island vs. Adelphi vs. Felician
Staten Island,312,200 Free,5,2:13.87,Caitlyn Halligan,,Staten Island vs. Brooklyn
Staten Island,312,200 Free,6,2:17.34,Aurelia Barbagallo,,Staten Island vs Sarah Lawrence vs MSMC
Staten Island,312,200 Free,7,2:18.99,Katarina Tsirlin,,Ranger Invitational
Staten Island,312,200 Free,8,2:20.24,Nicole Conroy,,Staten Island vs. Adelphi vs. Felician
Staten Island,312,200 Free,9,2:56.77,Karen Yacoub,,Staten Island vs. Baruch
Staten Island,312,200 Im,1,2:16.18,Polly Struck,,Ranger Invitational
Staten Island,312,200 Im,2,2:25.06,Maja Tomaszewska,,Staten Island vs Saint Michaels
Staten Island,312,200 Im,3,2:29.55,Aurelia Barbagallo,,Staten Island vs FDU
Staten Island,312,400 Im,1,4:49.52,Polly Struck,,Ranger Invitational
Staten Island,312,400 Im,2,4:55.09,Maria Janecka,,Staten Island vs Sarah Lawrence vs MSMC
Staten Island,312,400 Im,3,5:22.66,Michalina Bukowska,,Staten Island vs Sarah Lawrence vs MSMC
Staten Island,312,50 Free,1,24.31,Maria Janecka,,Dolphin Kick Off Invite
Staten Island,312,50 Free,2,26.11,Maja Tomaszewska,,Ranger Invitational
Staten Island,312,50 Free,3,26.43,Nicole Conroy,,Dolphin Kick Off Invite
Staten Island,312,50 Free,4,26.85,Caitlyn Halligan,,Ranger Invitational
Staten Island,312,50 Free,5,26.98,Aurelia Barbagallo,,Ranger Invitational
Staten Island,312,50 Free,6,27.72,Michalina Bukowska,,Staten Island vs. Adelphi vs. Felician
Staten Island,312,50 Free,7,30.09,Katarina Tsirlin,,Ranger Invitational
Staten Island,312,50 Free,8,34.61,Karen Yacoub,,Ranger Invitational
Staten Island,312,50 Free,9,40.54,Jacqueline DeFranco,,Staten Island vs Sarah Lawrence vs MSMC
Staten Island,312,500 Free,1,5:40.21,Michalina Bukowska,,Ranger Invitational
Staten Island,312,500 Free,2,5:45.60,Polly Struck,,Staten Island vs. Brooklyn
Staten Island,312,500 Free,3,6:07.07,Katarina Tsirlin,,Ranger Invitational
Staten Island,312,500 Free,4,6:20.25,Caitlyn Halligan,,Staten Island vs. Pace vs. Hunter
