school_name,team_id,event,rank,time,swimmer,year,meet
Incarnate Word,154,100 Back,1,55.91,Laney Skrobanek,,Kellianne Nagy Fall Frenzy Invite
Incarnate Word,154,100 Back,2,56.75,Kirstin Schauss,,Kellianne Nagy Fall Frenzy Invite
Incarnate Word,154,100 Back,3,59.30,Grace Clevenger,,Kellianne Nagy Fall Frenzy Invite
Incarnate Word,154,100 Back,4,59.66,Bella Derby,,Trinity v UIW
Incarnate Word,154,100 Back,5,59.86,Abigail Nelson,,SMU v OCU v UIW v UNT
Incarnate Word,154,100 Back,6,1:05.44,Emily Fosbenner,,SMU v OCU v UIW v UNT
Incarnate Word,154,100 Breast,1,1:02.75,Jada Ashford,,Kellianne Nagy Fall Frenzy Invite
Incarnate Word,154,100 Breast,2,1:06.42,Grace Clevenger,,Kellianne Nagy Fall Frenzy Invite
Incarnate Word,154,100 Breast,3,1:07.34,Gabriella Luna,,Kellianne Nagy Fall Frenzy Invite
Incarnate Word,154,100 Breast,4,1:07.54,Elif Eda Altintas,,Kellianne Nagy Fall Frenzy Invite
Incarnate Word,154,100 Fly,1,55.58,Kirstin Schauss,,Kellianne Nagy Fall Frenzy Invite
Incarnate Word,154,100 Fly,2,56.81,Laney Skrobanek,,Kellianne Nagy Fall Frenzy Invite
Incarnate Word,154,100 Fly,3,58.30,Adriana Roldan,,TCU vs UIW
Incarnate Word,154,100 Fly,4,58.66,Gracie Solis,,Kellianne Nagy Fall Frenzy Invite
Incarnate Word,154,100 Fly,5,58.80,Abigail Nelson,,SMU v OCU v UIW v UNT
Incarnate Word,154,100 Fly,6,59.30,Harmonee Freelon,,Kellianne Nagy Fall Frenzy Invite
Incarnate Word,154,100 Fly,7,59.61,Bella Derby,,Kellianne Nagy Fall Frenzy Invite
Incarnate Word,154,100 Fly,8,59.81,KC Nwaeze,,Kellianne Nagy Fall Frenzy Invite
Incarnate Word,154,100 Fly,9,1:00.00,Kayley Radford,,TCU vs UIW
Incarnate Word,154,100 Fly,10,1:00.78,Haley Finley,,Kellianne Nagy Fall Frenzy Invite
Incarnate Word,154,100 Free,1,50.11,Jada Ashford,,Kellianne Nagy Fall Frenzy Invite
Incarnate Word,154,100 Free,2,53.07,KC Nwaeze,,Kellianne Nagy Fall Frenzy Invite
Incarnate Word,154,100 Free,3,53.45,Harmonee Freelon,,Kellianne Nagy Fall Frenzy Invite
Incarnate Word,154,100 Free,4,54.20,Addy Wilson,,TCU vs UIW
Incarnate Word,154,100 Free,5,54.36,Blanca Sanz Bosquet,,Kellianne Nagy Fall Frenzy Invite
Incarnate Word,154,100 Free,6,54.56,Haley Finley,,TCU vs UIW
Incarnate Word,154,100 Free,7,54.60,Lauren Matula,,SMU v OCU v UIW v UNT
Incarnate Word,154,100 Free,8,54.81,Kirstin Schauss,,UTRGV vs UIW
Incarnate Word,154,100 Free,9,55.54,Grace Clevenger,,UIW vs. Sothwestern
Incarnate Word,154,100 Free,10,58.88,Emily Fosbenner,,SMU v OCU v UIW v UNT
Incarnate Word,154,1000 Free,1,10:34.24,Teha Molina De La Rosa,,SMU v OCU v UIW v UNT
Incarnate Word,154,1000 Free,2,10:39.46,Megan Lopez,,SMU v OCU v UIW v UNT
Incarnate Word,154,1000 Free,3,10:48.32,Lauren Matula,,Kellianne Nagy Fall Frenzy Invite
Incarnate Word,154,1650 Free,1,17:48.34,Teha Molina De La Rosa,,Kellianne Nagy Fall Frenzy Invite
Incarnate Word,154,1650 Free,2,17:54.79,Lauren Matula,,Kellianne Nagy Fall Frenzy Invite
Incarnate Word,154,1650 Free,3,17:57.56,Megan Lopez,,Kellianne Nagy Fall Frenzy Invite
Incarnate Word,154,200 Back,1,2:03.43,Kirstin Schauss,,Kellianne Nagy Fall Frenzy Invite
Incarnate Word,154,200 Back,2,2:08.74,Laney Skrobanek,,Kellianne Nagy Fall Frenzy Invite
Incarnate Word,154,200 Back,3,2:10.34,Bella Derby,,SMU v OCU v UIW v UNT
Incarnate Word,154,200 Back,4,2:10.91,Addy Wilson,,SMU v OCU v UIW v UNT
Incarnate Word,154,200 Back,5,2:13.58,Abigail Nelson,,Kellianne Nagy Fall Frenzy Invite
Incarnate Word,154,200 Breast,1,2:25.69,Gabriella Luna,,Kellianne Nagy Fall Frenzy Invite
Incarnate Word,154,200 Breast,2,2:26.68,Grace Clevenger,,Kellianne Nagy Fall Frenzy Invite
Incarnate Word,154,200 Breast,3,2:27.53,Elif Eda Altintas,,Kellianne Nagy Fall Frenzy Invite
Incarnate Word,154,200 Breast,4,2:37.24,Kayley Radford,,Trinity v UIW
Incarnate Word,154,200 Fly,1,2:02.91,Adriana Roldan,,Kellianne Nagy Fall Frenzy Invite
Incarnate Word,154,200 Fly,2,2:05.59,Kayley Radford,,Kellianne Nagy Fall Frenzy Invite
Incarnate Word,154,200 Fly,3,2:06.95,Blanca Sanz Bosquet,,Kellianne Nagy Fall Frenzy Invite
Incarnate Word,154,200 Fly,4,2:07.77,Addy Wilson,,SMU v OCU v UIW v UNT
Incarnate Word,154,200 Fly,5,2:10.04,Gracie Solis,,Kellianne Nagy Fall Frenzy Invite
Incarnate Word,154,200 Fly,6,2:16.09,Bella Derby,,UIW vs. Sothwestern
Incarnate Word,154,200 Free,1,1:54.15,Blanca Sanz Bosquet,,Kellianne Nagy Fall Frenzy Invite
Incarnate Word,154,200 Free,2,1:54.83,Teha Molina De La Rosa,,Kellianne Nagy Fall Frenzy Invite
Incarnate Word,154,200 Free,3,1:55.61,Addy Wilson,,Kellianne Nagy Fall Frenzy Invite
Incarnate Word,154,200 Free,4,1:55.91,Lauren Matula,,Kellianne Nagy Fall Frenzy Invite
Incarnate Word,154,200 Free,5,1:57.24,Megan Lopez,,Kellianne Nagy Fall Frenzy Invite
Incarnate Word,154,200 Free,6,1:57.45,Kayley Radford,,Kellianne Nagy Fall Frenzy Invite
Incarnate Word,154,200 Free,7,1:59.27,Adriana Roldan,,UTRGV vs UIW
Incarnate Word,154,200 Free,8,2:00.69,Laney Skrobanek,,TCU vs UIW
Incarnate Word,154,200 Free,9,2:02.93,Harmonee Freelon,,Trinity v UIW
Incarnate Word,154,200 Free,10,2:05.25,Lilly Payton,,SMU v OCU v UIW v UNT
Incarnate Word,154,200 Im,1,2:07.39,Adriana Roldan,,Kellianne Nagy Fall Frenzy Invite
Incarnate Word,154,200 Im,2,2:08.98,Kayley Radford,,Kellianne Nagy Fall Frenzy Invite
Incarnate Word,154,200 Im,3,2:09.56,Grace Clevenger,,Kellianne Nagy Fall Frenzy Invite
Incarnate Word,154,200 Im,4,2:10.77,Addy Wilson,,Kellianne Nagy Fall Frenzy Invite
Incarnate Word,154,200 Im,5,2:10.88,Elif Eda Altintas,,Kellianne Nagy Fall Frenzy Invite
Incarnate Word,154,200 Im,6,2:13.75,Gabriella Luna,,Kellianne Nagy Fall Frenzy Invite
Incarnate Word,154,200 Im,7,2:17.25,Gracie Solis,,Kellianne Nagy Fall Frenzy Invite
Incarnate Word,154,400 Im,1,4:27.11,Adriana Roldan,,Kellianne Nagy Fall Frenzy Invite
Incarnate Word,154,400 Im,2,4:35.06,Addy Wilson,,Kellianne Nagy Fall Frenzy Invite
Incarnate Word,154,400 Im,3,4:39.83,Kayley Radford,,Kellianne Nagy Fall Frenzy Invite
Incarnate Word,154,400 Im,4,4:56.95,Gracie Solis,,UIW vs. Sothwestern
Incarnate Word,154,50 Free,1,22.85,Jada Ashford,,Kellianne Nagy Fall Frenzy Invite
Incarnate Word,154,50 Free,2,24.17,Kirstin Schauss,,Kellianne Nagy Fall Frenzy Invite
Incarnate Word,154,50 Free,3,24.32,KC Nwaeze,,Kellianne Nagy Fall Frenzy Invite
Incarnate Word,154,50 Free,4,24.48,Harmonee Freelon,,Kellianne Nagy Fall Frenzy Invite
Incarnate Word,154,50 Free,5,24.52,Haley Finley,,SMU v OCU v UIW v UNT
Incarnate Word,154,50 Free,6,24.68,Abigail Nelson,,Kellianne Nagy Fall Frenzy Invite
Incarnate Word,154,50 Free,7,25.92,Blanca Sanz Bosquet,,Kellianne Nagy Fall Frenzy Invite
Incarnate Word,154,50 Free,8,26.12,Kait Weightman,,UIW vs. Sothwestern
Incarnate Word,154,50 Free,9,26.14,Lauren Matula,,SMU v OCU v UIW v UNT
Incarnate Word,154,50 Free,10,26.21,Addy Wilson,,TCU vs UIW
Incarnate Word,154,500 Free,1,5:06.17,Teha Molina De La Rosa,,Kellianne Nagy Fall Frenzy Invite
Incarnate Word,154,500 Free,2,5:06.51,Blanca Sanz Bosquet,,Kellianne Nagy Fall Frenzy Invite
Incarnate Word,154,500 Free,3,5:07.36,Lauren Matula,,Kellianne Nagy Fall Frenzy Invite
Incarnate Word,154,500 Free,4,5:13.78,Megan Lopez,,SMU v OCU v UIW v UNT
Kentucky,176,100 Back,1,53.22,Fernanda Goeij,,Tennessee vs Kentucky
Kentucky,176,100 Back,2,53.25,Grace Frericks,,Louisville vs Kentucky
Kentucky,176,100 Back,3,54.02,Ally Frame,,Vanderbilt vs Texas A&M and Kentucky
Kentucky,176,100 Back,4,55.47,Kelsey Stuck,,Tennessee vs Kentucky
Kentucky,176,100 Back,5,57.11,Lily DeLong,,Ohio State invitational
Kentucky,176,100 Breast,1,1:01.17,Olivia Stewart,,Tennessee vs Kentucky
Kentucky,176,100 Breast,2,1:01.96,Sarah Anne Shaffer,,Vanderbilt vs Texas A&M and Kentucky
Kentucky,176,100 Breast,3,1:02.24,Marie Belli,,Vanderbilt vs Texas A&M and Kentucky
Kentucky,176,100 Fly,1,54.09,Arianna Wertheim,,Vanderbilt vs Texas A&M and Kentucky
Kentucky,176,100 Fly,2,54.69,Billie Sherratt,,Louisiana State vs. Kentucky
Kentucky,176,100 Fly,3,54.83,Maddy Hartley,,Louisville vs Kentucky
Kentucky,176,100 Fly,4,57.69,Fernanda Goeij,,Ohio State invitational
Kentucky,176,100 Fly,5,57.73,Hayden Penny,,Ohio State invitational
Kentucky,176,100 Fly,6,58.02,Ally Frame,,Ohio State invitational
Kentucky,176,100 Fly,7,58.11,Charlotte Driesse,,Louisiana State vs. Kentucky
Kentucky,176,100 Fly,8,58.11,Marie Belli,,Ohio State invitational
Kentucky,176,100 Fly,9,58.15,Madi McGlothen,,Ohio State invitational
Kentucky,176,100 Fly,10,58.32,Kelsey Stuck,,Ohio State invitational
Kentucky,176,100 Free,1,49.96,Lauren West,,Louisville vs Kentucky
Kentucky,176,100 Free,2,50.20,Madi McGlothen,,Tennessee vs Kentucky
Kentucky,176,100 Free,3,50.46,Grace Frericks,,Louisiana State vs. Kentucky
Kentucky,176,100 Free,4,50.52,Katy Jost,,Ohio State invitational
Kentucky,176,100 Free,5,50.83,Hayden Penny,,Vanderbilt vs Texas A&M and Kentucky
Kentucky,176,100 Free,6,51.30,Charlotte Driesse,,Louisville vs Kentucky
Kentucky,176,100 Free,7,51.39,Kelsey Stuck,,Vanderbilt vs Texas A&M and Kentucky
Kentucky,176,100 Free,8,52.43,Ava Fuller,,Louisville vs Kentucky
Kentucky,176,100 Free,9,52.78,Libby Grether,,Tennessee vs Kentucky
Kentucky,176,100 Free,10,53.03,Eli Summa,,Louisiana State vs. Kentucky
Kentucky,176,1000 Free,1,9:49.41,Libby Grether,,Louisville vs Kentucky
Kentucky,176,1000 Free,2,9:53.84,Paige Housman,,Vanderbilt vs Texas A&M and Kentucky
Kentucky,176,1000 Free,3,9:54.44,Katy Jost,,Tennessee vs Kentucky
Kentucky,176,1000 Free,4,9:58.13,Sharon Guerrero Cho,,Tennessee vs Kentucky
Kentucky,176,1000 Free,5,10:04.83,Abby Dunford,,Vanderbilt vs Texas A&M and Kentucky
Kentucky,176,1650 Free,1,16:29.34,Libby Grether,,Ohio State invitational
Kentucky,176,1650 Free,2,16:30.64,Paige Housman,,Ohio State invitational
Kentucky,176,1650 Free,3,16:31.65,Katy Jost,,Ohio State invitational
Kentucky,176,1650 Free,4,16:59.06,Sharon Guerrero Cho,,Ohio State invitational
Kentucky,176,200 Back,1,1:54.40,Fernanda Goeij,,Louisville vs Kentucky
Kentucky,176,200 Back,2,1:54.89,Grace Frericks,,Louisville vs Kentucky
Kentucky,176,200 Back,3,1:57.08,Marie Belli,,Ohio State invitational
Kentucky,176,200 Back,4,1:57.45,Ally Frame,,Vanderbilt vs Texas A&M and Kentucky
Kentucky,176,200 Back,5,2:01.80,Kelsey Stuck,,Ohio State invitational
Kentucky,176,200 Back,6,2:13.61,Lily DeLong,,Louisville vs Kentucky
Kentucky,176,200 Breast,1,2:11.57,Olivia Stewart,,Tennessee vs Kentucky
Kentucky,176,200 Breast,2,2:12.68,Sarah Anne Shaffer,,Louisville vs Kentucky
Kentucky,176,200 Breast,3,2:15.02,Marie Belli,,Louisiana State vs. Kentucky
Kentucky,176,200 Breast,4,2:15.20,Hayden Penny,,Vanderbilt vs Texas A&M and Kentucky
Kentucky,176,200 Fly,1,1:57.51,Billie Sherratt,,Louisiana State vs. Kentucky
Kentucky,176,200 Fly,2,1:59.66,Arianna Wertheim,,Vanderbilt vs Texas A&M and Kentucky
Kentucky,176,200 Fly,3,2:00.98,Maddy Hartley,,Ohio State invitational
Kentucky,176,200 Fly,4,2:03.24,Hayden Penny,,Louisville vs Kentucky
Kentucky,176,200 Fly,5,2:07.00,Libby Grether,,Louisiana State vs. Kentucky
Kentucky,176,200 Free,1,1:46.89,Madi McGlothen,,Tennessee vs Kentucky
Kentucky,176,200 Free,2,1:47.04,Katy Jost,,Ohio State invitational
Kentucky,176,200 Free,3,1:47.85,Lauren West,,Ohio State invitational
Kentucky,176,200 Free,4,1:48.62,Hayden Penny,,Ohio State invitational
Kentucky,176,200 Free,5,1:48.87,Grace Frericks,,Ohio State invitational
Kentucky,176,200 Free,6,1:49.16,Charlotte Driesse,,Ohio State invitational
Kentucky,176,200 Free,7,1:49.53,Maddy Hartley,,Ohio State invitational
Kentucky,176,200 Free,8,1:49.64,Libby Grether,,Ohio State invitational
Kentucky,176,200 Free,9,1:50.04,Arianna Wertheim,,Louisville vs Kentucky
Kentucky,176,200 Free,10,1:50.07,Eli Summa,,Louisiana State vs. Kentucky
Kentucky,176,200 Im,1,1:59.14,Hayden Penny,,Vanderbilt vs Texas A&M and Kentucky
Kentucky,176,200 Im,2,1:59.58,Fernanda Goeij,,Vanderbilt vs Texas A&M and Kentucky
Kentucky,176,200 Im,3,1:59.94,Marie Belli,,Ohio State invitational
Kentucky,176,200 Im,4,2:01.16,Madi McGlothen,,Ohio State invitational
Kentucky,176,200 Im,5,2:01.27,Arianna Wertheim,,Tennessee vs Kentucky
Kentucky,176,200 Im,6,2:02.41,Billie Sherratt,,Ohio State invitational
Kentucky,176,200 Im,7,2:03.17,Paige Housman,,Louisiana State vs. Kentucky
Kentucky,176,200 Im,8,2:03.33,Charlotte Driesse,,Ohio State invitational
Kentucky,176,200 Im,9,2:04.77,Olivia Stewart,,Ohio State invitational
Kentucky,176,200 Im,10,2:08.44,Sarah Anne Shaffer,,Ohio State invitational
Kentucky,176,400 Im,1,4:09.43,Fernanda Goeij,,Ohio State invitational
Kentucky,176,400 Im,2,4:11.84,Hayden Penny,,Ohio State invitational
Kentucky,176,400 Im,3,4:15.11,Marie Belli,,Ohio State invitational
Kentucky,176,400 Im,4,4:16.18,Paige Housman,,Ohio State invitational
Kentucky,176,400 Im,5,4:16.78,Billie Sherratt,,Ohio State invitational
Kentucky,176,400 Im,6,4:18.12,Arianna Wertheim,,Ohio State invitational
Kentucky,176,400 Im,7,4:18.51,Madi McGlothen,,Ohio State invitational
Kentucky,176,50 Free,1,22.84,Grace Frericks,,Ohio State invitational
Kentucky,176,50 Free,2,23.26,Maddy Hartley,,Louisville vs Kentucky
Kentucky,176,50 Free,3,23.39,Lauren West,,Ohio State invitational
Kentucky,176,50 Free,4,23.58,Arianna Wertheim,,Louisville vs Kentucky
Kentucky,176,50 Free,5,23.61,Charlotte Driesse,,Vanderbilt vs Texas A&M and Kentucky
Kentucky,176,50 Free,6,23.64,Madi McGlothen,,Tennessee vs Kentucky
Kentucky,176,50 Free,7,23.77,Ally Frame,,Ohio State invitational
Kentucky,176,50 Free,8,23.85,Kelsey Stuck,,Tennessee vs Kentucky
Kentucky,176,50 Free,9,24.25,Lily DeLong,,Ohio State invitational
Kentucky,176,50 Free,10,24.48,Ava Fuller,,Louisville vs Kentucky
Kentucky,176,500 Free,1,4:45.37,Madi McGlothen,,Ohio State invitational
Kentucky,176,500 Free,2,4:46.34,Katy Jost,,Ohio State invitational
Kentucky,176,500 Free,3,4:46.91,Libby Grether,,Louisville vs Kentucky
Kentucky,176,500 Free,4,4:47.96,Paige Housman,,Ohio State invitational
Kentucky,176,500 Free,5,4:49.13,Arianna Wertheim,,Ohio State invitational
Kentucky,176,500 Free,6,4:50.74,Hayden Penny,,Ohio State invitational
Kentucky,176,500 Free,7,4:55.92,Charlotte Driesse,,Ohio State invitational
Kentucky,176,500 Free,8,4:56.34,Sharon Guerrero Cho,,Ohio State invitational
Kentucky,176,500 Free,9,5:01.37,Eli Summa,,Ohio State invitational
Kentucky,176,500 Free,10,5:02.15,Ava Fuller,,Ohio State invitational
Louisville,174,100 Back,1,51.82,Camille Murray,,Louisville vs. Missouri
Louisville,174,100 Back,2,51.90,Julie Mishler,,Ohio State invitational
Louisville,174,100 Back,3,53.34,Xeniya IGNATOVA,,Ohio State invitational
Louisville,174,100 Back,4,53.85,Kim Emely Herkle,,Louisville vs Kentucky
Louisville,174,100 Back,5,54.04,Abby Karl,,Ohio State invitational
Louisville,174,100 Back,6,54.75,Avery Karl,,Louisville vs Notre Dame
Louisville,174,100 Back,7,55.24,Sadie Murphy,,Louisville vs Notre Dame
Louisville,174,100 Breast,1,58.45,Anastasia GORBENKO,,Louisville vs. Missouri
Louisville,174,100 Breast,2,58.97,Mia Cheatwood,,Louisville vs Kentucky
Louisville,174,100 Breast,3,59.66,Caroline Larsen,,Ohio State invitational
Louisville,174,100 Breast,4,59.94,Ella Welch,,"Tennessee vs. Auburn, Lousivlle"
Louisville,174,100 Breast,5,1:00.36,ANNA INAGAKI,,Louisville vs Notre Dame
Louisville,174,100 Breast,6,1:00.92,Kim Emely Herkle,,Ohio State invitational
Louisville,174,100 Breast,7,1:02.99,Lily Willis,,Ohio State invitational
Louisville,174,100 Fly,1,51.34,Ella Welch,,Ohio State invitational
Louisville,174,100 Fly,2,51.49,Caroline Larsen,,Ohio State invitational
Louisville,174,100 Fly,3,53.45,Karoline Barrett,,Ohio State invitational
Louisville,174,100 Fly,4,53.67,Camille Murray,,Ohio State invitational
Louisville,174,100 Fly,5,53.94,Sophia Rodriguez,,Ohio State invitational
Louisville,174,100 Fly,6,55.15,Kaitlyn Sallows,,Louisville vs Kentucky
Louisville,174,100 Fly,7,56.08,Avery Karl,,Ohio State invitational
Louisville,174,100 Fly,8,56.22,Summer Cardwell,,SMU Classic
Louisville,174,100 Fly,9,57.16,Maya Bezanson,,Ohio State invitational
Louisville,174,100 Fly,10,57.47,Kim Emely Herkle,,Ohio State invitational
Louisville,174,100 Free,1,47.38,Caroline Larsen,,"Tennessee vs. Auburn, Lousivlle"
Louisville,174,100 Free,2,47.38,Julia Dennis,,Ohio State invitational
Louisville,174,100 Free,3,47.61,Julie Mishler,,Ohio State invitational
Louisville,174,100 Free,4,48.30,Daria Golovaty,,Ohio State invitational
Louisville,174,100 Free,5,48.39,Ella Welch,,Ohio State invitational
Louisville,174,100 Free,6,49.69,Xeniya IGNATOVA,,Ohio State invitational
Louisville,174,100 Free,7,50.07,Abby Karl,,Ohio State invitational
Louisville,174,100 Free,8,50.25,Karoline Barrett,,Ohio State invitational
Louisville,174,100 Free,9,50.34,Avery Karl,,Louisville vs Notre Dame
Louisville,174,100 Free,10,50.80,Maya Bezanson,,Ohio State invitational
Louisville,174,1000 Free,1,9:35.15,Letícia FASSINA ROMÃO,,Louisville vs Notre Dame
Louisville,174,1000 Free,2,9:37.10,Thilda Häll,,Louisville vs. Missouri
Louisville,174,1000 Free,3,9:46.45,Daria Golovaty,,"Tennessee vs. Auburn, Lousivlle"
Louisville,174,1000 Free,4,9:54.20,Maya Bezanson,,Louisville vs Kentucky
Louisville,174,1000 Free,5,9:58.79,Summer Cardwell,,Louisville vs Notre Dame
Louisville,174,1650 Free,1,15:57.78,Letícia FASSINA ROMÃO,,Ohio State invitational
Louisville,174,1650 Free,2,16:59.39,Maya Bezanson,,Ohio State invitational
Louisville,174,200 Back,1,1:53.46,Xeniya IGNATOVA,,Ohio State invitational
Louisville,174,200 Back,2,1:56.26,Camille Murray,,Ohio State invitational
Louisville,174,200 Back,3,1:56.63,Julie Mishler,,SMU Classic
Louisville,174,200 Back,4,1:58.15,Sadie Murphy,,Ohio State invitational
Louisville,174,200 Back,5,1:58.45,Maya Bezanson,,Louisville vs Kentucky
Louisville,174,200 Back,6,2:01.18,Kim Emely Herkle,,Louisville vs Xavier
Louisville,174,200 Back,7,2:08.00,Letícia FASSINA ROMÃO,,Louisville vs Xavier
Louisville,174,200 Breast,1,2:07.14,Mia Cheatwood,,Ohio State invitational
Louisville,174,200 Breast,2,2:09.07,Kim Emely Herkle,,Ohio State invitational
Louisville,174,200 Breast,3,2:11.05,ANNA INAGAKI,,Louisville vs Notre Dame
Louisville,174,200 Breast,4,2:13.60,Ella Welch,,SMU Classic
Louisville,174,200 Breast,5,2:17.92,Lily Willis,,Ohio State invitational
Louisville,174,200 Fly,1,1:58.11,Ella Welch,,Louisville vs Notre Dame
Louisville,174,200 Fly,2,1:58.71,Summer Cardwell,,Ohio State invitational
Louisville,174,200 Fly,3,1:59.42,Kaitlyn Sallows,,Louisville vs Kentucky
Louisville,174,200 Fly,4,2:01.40,Sophia Rodriguez,,Ohio State invitational
Louisville,174,200 Fly,5,2:02.34,Daria Golovaty,,SMU Classic
Louisville,174,200 Free,1,1:43.52,Daria Golovaty,,Ohio State invitational
Louisville,174,200 Free,2,1:44.26,Summer Cardwell,,Louisville vs Kentucky
Louisville,174,200 Free,3,1:45.32,Caroline Larsen,,Louisville vs Notre Dame
Louisville,174,200 Free,4,1:45.64,Julia Dennis,,Louisville vs Kentucky
Louisville,174,200 Free,5,1:46.65,Xeniya IGNATOVA,,Ohio State invitational
Louisville,174,200 Free,6,1:47.02,Letícia FASSINA ROMÃO,,Ohio State invitational
Louisville,174,200 Free,7,1:47.48,Maya Bezanson,,Louisville vs Notre Dame
Louisville,174,200 Free,8,1:47.88,Amelia Bodenstab,,"Tennessee vs. Auburn, Lousivlle"
Louisville,174,200 Free,9,1:48.59,Sadie Murphy,,Louisville vs Kentucky
Louisville,174,200 Im,1,1:57.27,Summer Cardwell,,"Tennessee vs. Auburn, Lousivlle"
Louisville,174,200 Im,2,1:57.98,Kim Emely Herkle,,Ohio State invitational
Louisville,174,200 Im,3,1:59.03,Mia Cheatwood,,Ohio State invitational
Louisville,174,200 Im,4,2:01.52,ANNA INAGAKI,,Ohio State invitational
Louisville,174,200 Im,5,2:01.63,Kaitlyn Sallows,,Louisville vs Kentucky
Louisville,174,200 Im,6,2:01.88,Sadie Murphy,,Louisville vs Kentucky
Louisville,174,200 Im,7,2:02.02,Xeniya IGNATOVA,,SMU Classic
Louisville,174,200 Im,8,2:02.39,Maya Bezanson,,Louisville vs Kentucky
Louisville,174,200 Im,9,2:03.83,Lily Willis,,Ohio State invitational
Louisville,174,200 Im,10,2:06.98,Daria Golovaty,,Louisville vs Xavier
Louisville,174,400 Im,1,4:10.83,Kim Emely Herkle,,Ohio State invitational
Louisville,174,400 Im,2,4:12.47,Summer Cardwell,,SMU Classic
Louisville,174,400 Im,3,4:13.16,Maya Bezanson,,Louisville vs Notre Dame
Louisville,174,400 Im,4,4:18.19,Kaitlyn Sallows,,Ohio State invitational
Louisville,174,400 Im,5,4:23.71,Lily Willis,,Ohio State invitational
Louisville,174,50 Free,1,21.21,Julia Dennis,,"Tennessee vs. Auburn, Lousivlle"
Louisville,174,50 Free,2,21.70,Caroline Larsen,,"Tennessee vs. Auburn, Lousivlle"
Louisville,174,50 Free,3,21.83,Julie Mishler,,Ohio State invitational
Louisville,174,50 Free,4,22.14,Ella Welch,,Ohio State invitational
Louisville,174,50 Free,5,22.78,Abby Karl,,Ohio State invitational
Louisville,174,50 Free,6,22.91,Karoline Barrett,,Louisville vs Kentucky
Louisville,174,50 Free,7,23.01,Avery Karl,,Louisville vs Kentucky
Louisville,174,50 Free,8,23.25,Daria Golovaty,,Ohio State invitational
Louisville,174,50 Free,9,23.54,Sophia Rodriguez,,Ohio State invitational
Louisville,174,50 Free,10,24.13,Xeniya IGNATOVA,,Ohio State invitational
Louisville,174,500 Free,1,4:40.98,Daria Golovaty,,Ohio State invitational
Louisville,174,500 Free,2,4:41.56,Letícia FASSINA ROMÃO,,Ohio State invitational
Louisville,174,500 Free,3,4:43.69,Thilda Häll,,Louisville vs. Missouri
Louisville,174,500 Free,4,4:44.64,Summer Cardwell,,Louisville vs Kentucky
Louisville,174,500 Free,5,4:45.54,Maya Bezanson,,Louisville vs Notre Dame
Louisville,174,500 Free,6,4:49.09,Kaitlyn Sallows,,"Tennessee vs. Auburn, Lousivlle"
Louisville,174,500 Free,7,4:49.14,Xeniya IGNATOVA,,Louisville vs Notre Dame
Louisville,174,500 Free,8,4:50.00,Amelia Bodenstab,,Louisville vs Kentucky
Maine,169,100 Back,1,57.80,Charlie Hoover,,Maine Collegiate Invite
Maine,169,100 Back,2,59.80,Amelia Obszarny,,Harold Anderson Invitational
Maine,169,100 Back,3,1:00.35,Bella Wilkinson,,Harold Anderson Invitational
Maine,169,100 Back,4,1:00.42,Alicia Littler,,Harold Anderson Invitational
Maine,169,100 Back,5,1:00.51,Emily Yorkievitz,,Maine vs UNH
Maine,169,100 Back,6,1:00.52,Amelia Habgood,,Harold Anderson Invitational
Maine,169,100 Back,7,1:02.55,Kendra Canale,,Harold Anderson Invitational
Maine,169,100 Back,8,1:03.09,Lili Nelson,,Maine Collegiate Invite
Maine,169,100 Back,9,1:04.41,Isabelle Irani,,Maine vs. Maine Maritime
Maine,169,100 Back,10,1:05.48,Elle Davis,,Maine vs UNH
Maine,169,100 Breast,1,1:06.21,Laura Dube,,Maine Collegiate Invite
Maine,169,100 Breast,2,1:06.24,Eva Welsh,,Maine Collegiate Invite
Maine,169,100 Breast,3,1:07.37,Maddie Baldwin,,Harold Anderson Invitational
Maine,169,100 Breast,4,1:08.27,Gabi Volpe,,Maine vs UNH
Maine,169,100 Breast,5,1:09.30,Alexa Coughlan,,Harold Anderson Invitational
Maine,169,100 Breast,6,1:09.69,Elle Cadigan,,Harold Anderson Invitational
Maine,169,100 Breast,7,1:10.37,Ula Haller,,Maine Collegiate Invite
Maine,169,100 Breast,8,1:13.09,Grace Hanke,,Maine Collegiate Invite
Maine,169,100 Fly,1,56.96,Charlie Hoover,,Maine Collegiate Invite
Maine,169,100 Fly,2,58.35,Nicki Harkins,,Maine Collegiate Invite
Maine,169,100 Fly,3,58.74,Emily Yorkievitz,,Harold Anderson Invitational
Maine,169,100 Fly,4,59.05,Macy Organ,,Harold Anderson Invitational
Maine,169,100 Fly,5,59.36,Isabelle Irani,,Harold Anderson Invitational
Maine,169,100 Fly,6,1:00.42,Kathleen Bendoraitis,,Harold Anderson Invitational
Maine,169,100 Fly,7,1:00.66,Eva Welsh,,Maine vs UVM
Maine,169,100 Fly,8,1:01.21,Mia Poirier,,Maine vs. New Brunswick
Maine,169,100 Fly,9,1:01.33,Grace Hanke,,Maine Collegiate Invite
Maine,169,100 Fly,10,1:02.17,Erin Madigan,,Maine vs. Maine Maritime
Maine,169,100 Free,1,52.47,Charlie Hoover,,Maine Collegiate Invite
Maine,169,100 Free,2,52.71,Mia Poirier,,Harold Anderson Invitational
Maine,169,100 Free,3,53.26,Nicki Harkins,,Maine Collegiate Invite
Maine,169,100 Free,4,53.41,Emily Yorkievitz,,Harold Anderson Invitational
Maine,169,100 Free,5,53.83,Elle Cadigan,,Harold Anderson Invitational
Maine,169,100 Free,6,53.85,Alicia Littler,,Maine Collegiate Invite
Maine,169,100 Free,7,54.09,Amelia Obszarny,,Maine vs. Bowdoin
Maine,169,100 Free,8,54.50,Bella Wilkinson,,Maine Collegiate Invite
Maine,169,100 Free,9,54.85,Carmen Braden,,Maine Collegiate Invite
Maine,169,100 Free,10,54.92,Laura Dube,,Maine Collegiate Invite
Maine,169,1000 Free,1,10:49.47,Lili Nelson,,Maine Collegiate Invite
Maine,169,1000 Free,2,10:52.70,Erin Madigan,,Maine Collegiate Invite
Maine,169,1000 Free,3,11:06.56,Lydia Williams,,Maine Collegiate Invite
Maine,169,1000 Free,4,11:10.00,Kathleen Bendoraitis,,Maine vs UNH
Maine,169,1000 Free,5,11:13.33,Bella Wilkinson,,Maine vs UNH
Maine,169,1000 Free,6,11:26.52,Gabi Volpe,,Maine vs. Bowdoin
Maine,169,1000 Free,7,11:29.89,Ada Tullis,,Maine Collegiate Invite
Maine,169,1650 Free,1,17:32.98,Nicki Harkins,,Harold Anderson Invitational
Maine,169,1650 Free,2,17:51.81,Lili Nelson,,Maine Collegiate Invite
Maine,169,1650 Free,3,18:03.75,Erin Madigan,,Maine Collegiate Invite
Maine,169,1650 Free,4,18:10.41,Kathleen Bendoraitis,,Harold Anderson Invitational
Maine,169,1650 Free,5,18:21.03,Lydia Williams,,Maine Collegiate Invite
Maine,169,1650 Free,6,18:31.78,Carmen Braden,,Harold Anderson Invitational
Maine,169,1650 Free,7,19:14.68,Ada Tullis,,Maine Collegiate Invite
Maine,169,200 Back,1,2:07.96,Charlie Hoover,,Harold Anderson Invitational
Maine,169,200 Back,2,2:09.07,Amelia Obszarny,,Maine vs UVM
Maine,169,200 Back,3,2:10.30,Bella Wilkinson,,Maine Collegiate Invite
Maine,169,200 Back,4,2:10.65,Alicia Littler,,Maine Collegiate Invite
Maine,169,200 Back,5,2:11.29,Emily Yorkievitz,,Maine vs UNH
Maine,169,200 Back,6,2:11.84,Amelia Habgood,,Harold Anderson Invitational
Maine,169,200 Back,7,2:13.23,Gabi Volpe,,Maine Collegiate Invite
Maine,169,200 Back,8,2:15.43,Kendra Canale,,Harold Anderson Invitational
Maine,169,200 Back,9,2:18.98,Isabelle Irani,,Maine Collegiate Invite
Maine,169,200 Back,10,2:23.19,Lydia Williams,,Maine vs. Maine Maritime
Maine,169,200 Breast,1,2:21.54,Eva Welsh,,Harold Anderson Invitational
Maine,169,200 Breast,2,2:25.31,Gabi Volpe,,Harold Anderson Invitational
Maine,169,200 Breast,3,2:25.50,Laura Dube,,Harold Anderson Invitational
Maine,169,200 Breast,4,2:27.35,Alexa Coughlan,,Harold Anderson Invitational
Maine,169,200 Breast,5,2:30.38,Maddie Baldwin,,Harold Anderson Invitational
Maine,169,200 Breast,6,2:30.68,Ula Haller,,Maine Collegiate Invite
Maine,169,200 Breast,7,2:37.36,Elle Cadigan,,Harold Anderson Invitational
Maine,169,200 Breast,8,2:39.17,Grace Hanke,,Maine vs UNH
Maine,169,200 Breast,9,2:39.72,Erin Madigan,,Maine Collegiate Invite
Maine,169,200 Fly,1,2:07.49,Mia Poirier,,Harold Anderson Invitational
Maine,169,200 Fly,2,2:09.88,Macy Organ,,Maine vs UNH
Maine,169,200 Fly,3,2:10.26,Eva Welsh,,Maine Collegiate Invite
Maine,169,200 Fly,4,2:10.48,Charlie Hoover,,Maine vs. Bowdoin
Maine,169,200 Fly,5,2:11.58,Erin Madigan,,Harold Anderson Invitational
Maine,169,200 Fly,6,2:13.44,Isabelle Irani,,Harold Anderson Invitational
Maine,169,200 Fly,7,2:14.65,Grace Hanke,,Harold Anderson Invitational
Maine,169,200 Fly,8,2:14.68,Kathleen Bendoraitis,,Maine Collegiate Invite
Maine,169,200 Fly,9,2:24.31,Amelia Habgood,,Maine Collegiate Invite
Maine,169,200 Fly,10,2:25.77,Gabi Volpe,,Maine vs. Bowdoin
Maine,169,200 Free,1,1:54.37,Mia Poirier,,Harold Anderson Invitational
Maine,169,200 Free,2,1:54.97,Nicki Harkins,,Harold Anderson Invitational
Maine,169,200 Free,3,1:55.24,Charlie Hoover,,Harold Anderson Invitational
Maine,169,200 Free,4,1:56.68,Emily Yorkievitz,,Maine Collegiate Invite
Maine,169,200 Free,5,1:57.35,Alicia Littler,,Maine Collegiate Invite
Maine,169,200 Free,6,1:58.17,Lydia Williams,,Harold Anderson Invitational
Maine,169,200 Free,7,1:58.69,Amelia Obszarny,,Maine Collegiate Invite
Maine,169,200 Free,8,1:58.87,Lili Nelson,,Harold Anderson Invitational
Maine,169,200 Free,9,1:58.92,Bella Wilkinson,,Maine Collegiate Invite
Maine,169,200 Free,10,1:59.56,Laura Dube,,Maine vs. Maine Maritime
Maine,169,200 Im,1,2:07.44,Eva Welsh,,Harold Anderson Invitational
Maine,169,200 Im,2,2:07.53,Charlie Hoover,,Harold Anderson Invitational
Maine,169,200 Im,3,2:09.71,Gabi Volpe,,Harold Anderson Invitational
Maine,169,200 Im,4,2:10.62,Laura Dube,,Maine Collegiate Invite
Maine,169,200 Im,5,2:12.86,Bella Wilkinson,,Maine Collegiate Invite
Maine,169,200 Im,6,2:13.88,Elle Cadigan,,Maine vs. New Brunswick
Maine,169,200 Im,7,2:14.20,Amelia Habgood,,Maine Collegiate Invite
Maine,169,200 Im,8,2:14.81,Grace Hanke,,Harold Anderson Invitational
Maine,169,200 Im,9,2:15.99,Ula Haller,,Maine Collegiate Invite
Maine,169,200 Im,10,2:16.37,Erin Madigan,,Maine Collegiate Invite
Maine,169,400 Im,1,4:33.91,Eva Welsh,,Harold Anderson Invitational
Maine,169,400 Im,2,4:40.45,Gabi Volpe,,Harold Anderson Invitational
Maine,169,400 Im,3,4:44.25,Grace Hanke,,Harold Anderson Invitational
Maine,169,400 Im,4,4:46.13,Erin Madigan,,Maine Collegiate Invite
Maine,169,400 Im,5,4:48.02,Kathleen Bendoraitis,,Maine Collegiate Invite
Maine,169,400 Im,6,4:49.76,Ula Haller,,Harold Anderson Invitational
Maine,169,400 Im,7,4:50.67,Amelia Habgood,,Maine Collegiate Invite
Maine,169,400 Im,8,4:58.85,Carmen Braden,,Maine Collegiate Invite
Maine,169,50 Free,1,24.11,Amelia Obszarny,,Maine Collegiate Invite
Maine,169,50 Free,2,24.14,Charlie Hoover,,Maine Collegiate Invite
Maine,169,50 Free,3,24.39,Mia Poirier,,Harold Anderson Invitational
Maine,169,50 Free,4,24.42,Elle Cadigan,,Harold Anderson Invitational
Maine,169,50 Free,5,24.49,Emily Yorkievitz,,Harold Anderson Invitational
Maine,169,50 Free,6,24.79,Alicia Littler,,Maine Collegiate Invite
Maine,169,50 Free,7,24.84,Laura Dube,,Maine Collegiate Invite
Maine,169,50 Free,8,25.16,Nicki Harkins,,Maine Collegiate Invite
Maine,169,50 Free,9,25.22,Carmen Braden,,Maine Collegiate Invite
Maine,169,50 Free,10,25.38,Bella Wilkinson,,Harold Anderson Invitational
Maine,169,500 Free,1,5:05.48,Nicki Harkins,,Maine Collegiate Invite
Maine,169,500 Free,2,5:12.82,Lili Nelson,,Maine Collegiate Invite
Maine,169,500 Free,3,5:13.49,Bella Wilkinson,,Harold Anderson Invitational
Maine,169,500 Free,4,5:16.34,Eva Welsh,,Maine Collegiate Invite
Maine,169,500 Free,5,5:16.49,Lydia Williams,,Maine Collegiate Invite
Maine,169,500 Free,6,5:18.86,Carmen Braden,,Harold Anderson Invitational
Maine,169,500 Free,7,5:19.14,Erin Madigan,,Harold Anderson Invitational
Maine,169,500 Free,8,5:19.97,Amelia Habgood,,Harold Anderson Invitational
Maine,169,500 Free,9,5:20.37,Kathleen Bendoraitis,,Harold Anderson Invitational
Maine,169,500 Free,10,5:25.44,Gabi Volpe,,Maine Collegiate Invite
Massachusetts,421,100 Back,1,56.02,Maria Grishaeva,,Terrier Invitational
Massachusetts,421,100 Back,2,57.31,Courtney Tedesco,,Terrier Invitational
Massachusetts,421,100 Back,3,58.20,Beren Cakiroglu,,Colgate Invitational
Massachusetts,421,100 Back,4,1:01.15,Flora Klimesch,,Tate Ramsden Invitational
Massachusetts,421,100 Back,5,1:01.62,Brynn Morris,,Terrier Invitational
Massachusetts,421,100 Back,6,1:01.81,Karinne Everly,,Colgate Invitational
Massachusetts,421,100 Back,7,1:01.92,Sophie Porter,,UMass (Amherst) vs. Bryant
Massachusetts,421,100 Back,8,1:02.97,Olga Dimitra Stoura,,Tate Ramsden Invitational
Massachusetts,421,100 Back,9,1:05.00,Lexi Alexen,,Tate Ramsden Invitational
Massachusetts,421,100 Back,10,1:07.71,Kendall Gilbert,,Colgate Invitational
Massachusetts,421,100 Breast,1,1:03.08,Kate Baranova,,Terrier Invitational
Massachusetts,421,100 Breast,2,1:03.11,Lindsay Burbage,,Terrier Invitational
Massachusetts,421,100 Breast,3,1:06.69,Maria Grishaeva,,Tate Ramsden Invitational
Massachusetts,421,100 Breast,4,1:06.78,Kendall Gilbert,,Terrier Invitational
Massachusetts,421,100 Breast,5,1:07.61,Beren Cakiroglu,,Colgate Invitational
Massachusetts,421,100 Breast,6,1:08.84,Diya Ackerman-Vallala,,Tate Ramsden Invitational
Massachusetts,421,100 Breast,7,1:09.92,Courtney Tedesco,,Tate Ramsden Invitational
Massachusetts,421,100 Breast,8,1:16.49,Anna McCarthy,,Tate Ramsden Invitational
Massachusetts,421,100 Breast,9,1:18.88,Brynn Morris,,Tate Ramsden Invitational
Massachusetts,421,100 Fly,1,55.36,Karinne Everly,,Terrier Invitational
Massachusetts,421,100 Fly,2,57.15,Courtney Tedesco,,Massachusetts vs. Boston University
Massachusetts,421,100 Fly,3,58.81,Hannah Schoenauer,,Colgate Invitational
Massachusetts,421,100 Fly,4,58.99,Maria Grishaeva,,Terrier Invitational
Massachusetts,421,100 Fly,5,59.31,Flora Klimesch,,Tate Ramsden Invitational
Massachusetts,421,100 Fly,6,59.36,Beren Cakiroglu,,Tate Ramsden Invitational
Massachusetts,421,100 Fly,7,59.45,Diya Ackerman-Vallala,,Terrier Invitational
Massachusetts,421,100 Fly,8,1:00.50,Lindsay Burbage,,Tate Ramsden Invitational
Massachusetts,421,100 Fly,9,1:02.12,Olga Dimitra Stoura,,Boston College vs. UMass
Massachusetts,421,100 Fly,10,1:02.12,Anna McCarthy,,Connecticut vs. UMASS
Massachusetts,421,100 Free,1,51.47,Beren Cakiroglu,,Terrier Invitational
Massachusetts,421,100 Free,2,51.96,Courtney Tedesco,,Terrier Invitational
Massachusetts,421,100 Free,3,54.24,Karinne Everly,,Colgate Invitational
Massachusetts,421,100 Free,4,54.34,Maria Grishaeva,,Terrier Invitational
Massachusetts,421,100 Free,5,54.35,Diya Ackerman-Vallala,,Massachusetts vs. Boston University
Massachusetts,421,100 Free,6,54.68,Anna McCarthy,,Terrier Invitational
Massachusetts,421,100 Free,7,54.94,Kate Baranova,,Terrier Invitational
Massachusetts,421,100 Free,8,55.05,Molly Nelson,,Terrier Invitational
Massachusetts,421,100 Free,9,55.23,Brynn Morris,,Terrier Invitational
Massachusetts,421,100 Free,10,56.01,Olga Dimitra Stoura,,Tate Ramsden Invitational
Massachusetts,421,1000 Free,1,10:21.90,Ece Yildirim,,Terrier Invitational
Massachusetts,421,1000 Free,2,10:25.50,Flora Klimesch,,Massachusetts vs. Boston University
Massachusetts,421,1000 Free,3,10:36.93,Lexi Alexen,,Terrier Invitational
Massachusetts,421,1000 Free,4,10:49.73,Sophie Porter,,Terrier Invitational
Massachusetts,421,1000 Free,5,10:55.34,Molly Nelson,,Terrier Invitational
Massachusetts,421,1000 Free,6,11:21.94,Olga Dimitra Stoura,,Colgate Invitational
Massachusetts,421,1000 Free,7,11:28.54,Kate Baranova,,Tate Ramsden Invitational
Massachusetts,421,1000 Free,8,11:44.24,Lindsay Burbage,,Tate Ramsden Invitational
Massachusetts,421,1650 Free,1,17:08.29,Ece Yildirim,,Terrier Invitational
Massachusetts,421,1650 Free,2,17:17.49,Flora Klimesch,,Terrier Invitational
Massachusetts,421,1650 Free,3,17:36.19,Lexi Alexen,,Terrier Invitational
Massachusetts,421,1650 Free,4,17:57.71,Sophie Porter,,Terrier Invitational
Massachusetts,421,1650 Free,5,18:01.46,Molly Nelson,,Terrier Invitational
Massachusetts,421,1650 Free,6,18:46.24,Olga Dimitra Stoura,,Colgate Invitational
Massachusetts,421,1650 Free,7,18:57.98,Kate Baranova,,Tate Ramsden Invitational
Massachusetts,421,1650 Free,8,19:39.00,Lindsay Burbage,,Tate Ramsden Invitational
Massachusetts,421,200 Back,1,2:05.14,Maria Grishaeva,,UMass (Amherst) vs. Bryant
Massachusetts,421,200 Back,2,2:07.34,Olga Dimitra Stoura,,Terrier Invitational
Massachusetts,421,200 Back,3,2:11.28,Sophie Porter,,Terrier Invitational
Massachusetts,421,200 Back,4,2:19.64,Lexi Alexen,,Boston College vs. UMass
Massachusetts,421,200 Back,5,2:22.99,Molly Nelson,,Tate Ramsden Invitational
Massachusetts,421,200 Breast,1,2:15.15,Maria Grishaeva,,Terrier Invitational
Massachusetts,421,200 Breast,2,2:21.02,Lindsay Burbage,,Terrier Invitational
Massachusetts,421,200 Breast,3,2:22.10,Kendall Gilbert,,Terrier Invitational
Massachusetts,421,200 Breast,4,2:22.49,Kate Baranova,,Terrier Invitational
Massachusetts,421,200 Breast,5,2:22.84,Diya Ackerman-Vallala,,Terrier Invitational
Massachusetts,421,200 Breast,6,2:40.63,Ece Yildirim,,Tate Ramsden Invitational
Massachusetts,421,200 Fly,1,2:02.79,Karinne Everly,,Terrier Invitational
Massachusetts,421,200 Fly,2,2:06.85,Hannah Schoenauer,,Terrier Invitational
Massachusetts,421,200 Fly,3,2:09.62,Flora Klimesch,,Boston College vs. UMass
Massachusetts,421,200 Fly,4,2:10.33,Diya Ackerman-Vallala,,Tate Ramsden Invitational
Massachusetts,421,200 Fly,5,2:10.51,Lexi Alexen,,Terrier Invitational
Massachusetts,421,200 Fly,6,2:17.35,Courtney Tedesco,,Tate Ramsden Invitational
Massachusetts,421,200 Fly,7,2:24.76,Anna McCarthy,,Colgate Invitational
Massachusetts,421,200 Free,1,1:51.90,Beren Cakiroglu,,Terrier Invitational
Massachusetts,421,200 Free,2,1:53.09,Hannah Schoenauer,,Terrier Invitational
Massachusetts,421,200 Free,3,1:55.07,Olga Dimitra Stoura,,Terrier Invitational
Massachusetts,421,200 Free,4,1:55.41,Flora Klimesch,,Terrier Invitational
Massachusetts,421,200 Free,5,1:56.33,Diya Ackerman-Vallala,,Massachusetts vs. Boston University
Massachusetts,421,200 Free,6,1:56.49,Lexi Alexen,,Terrier Invitational
Massachusetts,421,200 Free,7,1:57.56,Anna McCarthy,,Terrier Invitational
Massachusetts,421,200 Free,8,1:58.07,Molly Nelson,,Terrier Invitational
Massachusetts,421,200 Free,9,1:59.55,Sophie Porter,,Terrier Invitational
Massachusetts,421,200 Free,10,2:03.35,Kendall Gilbert,,Tate Ramsden Invitational
Massachusetts,421,200 Im,1,2:01.39,Maria Grishaeva,,Terrier Invitational
Massachusetts,421,200 Im,2,2:05.20,Lindsay Burbage,,Terrier Invitational
Massachusetts,421,200 Im,3,2:06.97,Diya Ackerman-Vallala,,Terrier Invitational
Massachusetts,421,200 Im,4,2:07.22,Karinne Everly,,Terrier Invitational
Massachusetts,421,200 Im,5,2:09.21,Beren Cakiroglu,,Tate Ramsden Invitational
Massachusetts,421,200 Im,6,2:15.09,Kendall Gilbert,,Terrier Invitational
Massachusetts,421,200 Im,7,2:15.89,Kate Baranova,,Tate Ramsden Invitational
Massachusetts,421,200 Im,8,2:19.42,Ece Yildirim,,Massachusetts vs. Boston University
Massachusetts,421,200 Im,9,2:20.68,Anna McCarthy,,Tate Ramsden Invitational
Massachusetts,421,400 Im,1,4:18.75,Maria Grishaeva,,Terrier Invitational
Massachusetts,421,400 Im,2,4:30.39,Diya Ackerman-Vallala,,Terrier Invitational
Massachusetts,421,400 Im,3,4:38.75,Hannah Schoenauer,,Tate Ramsden Invitational
Massachusetts,421,400 Im,4,4:39.07,Ece Yildirim,,Terrier Invitational
Massachusetts,421,50 Free,1,23.56,Courtney Tedesco,,Terrier Invitational
Massachusetts,421,50 Free,2,23.80,Beren Cakiroglu,,Terrier Invitational
Massachusetts,421,50 Free,3,23.94,Karinne Everly,,Terrier Invitational
Massachusetts,421,50 Free,4,25.01,Kate Baranova,,Terrier Invitational
Massachusetts,421,50 Free,5,25.12,Lindsay Burbage,,Tate Ramsden Invitational
Massachusetts,421,50 Free,6,25.19,Diya Ackerman-Vallala,,Tate Ramsden Invitational
Massachusetts,421,50 Free,7,25.30,Brynn Morris,,Terrier Invitational
Massachusetts,421,50 Free,8,25.36,Hannah Schoenauer,,Tate Ramsden Invitational
Massachusetts,421,50 Free,9,25.55,Anna McCarthy,,Terrier Invitational
Massachusetts,421,50 Free,10,25.84,Maria Grishaeva,,Terrier Invitational
Massachusetts,421,500 Free,1,5:02.64,Flora Klimesch,,Terrier Invitational
Massachusetts,421,500 Free,2,5:02.88,Hannah Schoenauer,,Terrier Invitational
Massachusetts,421,500 Free,3,5:04.44,Lexi Alexen,,Terrier Invitational
Massachusetts,421,500 Free,4,5:07.62,Molly Nelson,,Terrier Invitational
Massachusetts,421,500 Free,5,5:07.75,Ece Yildirim,,Terrier Invitational
Massachusetts,421,500 Free,6,5:09.61,Olga Dimitra Stoura,,Terrier Invitational
Massachusetts,421,500 Free,7,5:10.56,Sophie Porter,,Terrier Invitational
Massachusetts,421,500 Free,8,5:27.52,Kendall Gilbert,,Tate Ramsden Invitational
Massachusetts,421,500 Free,9,5:46.60,Brynn Morris,,Tate Ramsden Invitational
Michigan,89,100 Back,1,49.17,Bella Sims,,CSCAA Dual Challenge - Championship
Michigan,89,100 Back,2,51.39,Lexi Greenhawt,,CSCAA Challenge (Mich vs. Tenn)
Michigan,89,100 Back,3,52.57,Ariana Zhao,,CSCAA Dual Challenge - Championship
Michigan,89,100 Back,4,52.90,Lily Cleason,,CSCAA Dual Challenge - Championship
Michigan,89,100 Back,5,53.12,Lila Higgo,,CSCAA Challenge (Mich vs. Tenn)
Michigan,89,100 Back,6,53.16,Milla Drakopoulos,,Ohio State vs. Michigan
Michigan,89,100 Back,7,53.84,Anna Hulan,,Tennessee Invitational
Michigan,89,100 Back,8,55.32,Lucy Rooney,,Tennessee Invitational
Michigan,89,100 Back,9,55.87,Brady Kendall,,Be Better Invitational
Michigan,89,100 Breast,1,58.12,Letitia SIM,,CSCAA Dual Challenge - Championship
Michigan,89,100 Breast,2,1:00.47,Cecilia Howard,,CSCAA Dual Challenge - Championship
Michigan,89,100 Breast,3,1:00.57,Sarah Pasquella,,Ohio State vs. Michigan
Michigan,89,100 Breast,4,1:00.93,Devon Kitchel,,Ohio State vs. Michigan
Michigan,89,100 Breast,5,1:02.24,Natalie Walklett,,Tennessee Invitational
Michigan,89,100 Fly,1,50.98,Brady Kendall,,CSCAA Challenge (Mich vs. Tenn)
Michigan,89,100 Fly,2,51.40,Hannah Bellard,,CSCAA Dual Challenge - Championship
Michigan,89,100 Fly,3,51.62,Leila Fack,,CSCAA Challenge (Mich vs. Tenn)
Michigan,89,100 Fly,4,52.16,Anna Boemer,,CSCAA Challenge (Mich vs. Tenn)
Michigan,89,100 Fly,5,52.62,Lexi Greenhawt,,"Michigan vs. Northwestern, UCLA"
Michigan,89,100 Fly,6,53.16,Montse Spielmann,,Tennessee Invitational
Michigan,89,100 Fly,7,53.36,Bella Sims,,CSCAA Challenge (Mich vs. Tenn)
Michigan,89,100 Fly,8,53.98,Ella Jo Piersma,,"Michigan vs. Northwestern, UCLA"
Michigan,89,100 Fly,9,54.22,Ariana Zhao,,Tennessee Invitational
Michigan,89,100 Fly,10,54.39,Stephanie Balduccini,,Michigan vs Pitt vs Oakland Univ
Michigan,89,100 Free,1,46.96,Bella Sims,,CSCAA Challenge (Mich vs. Tenn)
Michigan,89,100 Free,2,46.98,Stephanie Balduccini,,CSCAA Challenge (Mich vs. Tenn)
Michigan,89,100 Free,3,47.40,Lexi Greenhawt,,Tennessee Invitational
Michigan,89,100 Free,4,47.78,Leila Fack,,CSCAA Dual Challenge (Mich vs. Tenn)
Michigan,89,100 Free,5,48.57,Christey Liang,,CSCAA Challenge (Mich vs. Tenn)
Michigan,89,100 Free,6,48.80,Ella Jo Piersma,,CSCAA Challenge (Mich vs. Tenn)
Michigan,89,100 Free,7,48.91,Brady Kendall,,"Michigan vs. Northwestern, UCLA"
Michigan,89,100 Free,8,48.98,Malia Amuan,,CSCAA Challenge (Mich vs. Tenn)
Michigan,89,100 Free,9,49.48,Lila Higgo,,Tennessee Invitational
Michigan,89,100 Free,10,49.85,Sarah Pasquella,,Michigan vs. Indiana
Michigan,89,1000 Free,1,9:40.72,Rebecca Diaconescu,,"Michigan vs. Northwestern, UCLA"
Michigan,89,1000 Free,2,9:44.43,Marian Ploeger,,"Michigan vs. Northwestern, UCLA"
Michigan,89,1000 Free,3,9:55.95,Madison Smith,,Michigan vs. Indiana
Michigan,89,1000 Free,4,9:56.61,Montse Spielmann,,Michigan vs. Indiana
Michigan,89,1650 Free,1,16:09.03,Rebecca Diaconescu,,Tennessee Invitational
Michigan,89,1650 Free,2,16:15.72,Marian Ploeger,,Tennessee Invitational
Michigan,89,1650 Free,3,16:26.55,Madison Smith,,Tennessee Invitational
Michigan,89,200 Back,1,1:51.26,Bella Sims,,"Michigan vs. Northwestern, UCLA"
Michigan,89,200 Back,2,1:53.46,Lily Cleason,,CSCAA Dual Challenge (Mich vs. Tenn)
Michigan,89,200 Back,3,1:55.09,Ariana Zhao,,CSCAA Dual Challenge (Mich vs. Tenn)
Michigan,89,200 Back,4,1:55.79,Milla Drakopoulos,,Ohio State vs. Michigan
Michigan,89,200 Back,5,1:55.91,Anna Hulan,,"CSCAA Dual (UVA vs. Mich Women, UT vs. ASU Men)"
Michigan,89,200 Back,6,1:57.79,Lucy Rooney,,Ohio State vs. Michigan
Michigan,89,200 Back,7,1:59.93,Hannah Bellard,,ND vs UM vs WISC
Michigan,89,200 Back,8,1:59.99,Malia Amuan,,ND vs UM vs WISC
Michigan,89,200 Back,9,2:05.32,Rebecca Diaconescu,,Michigan vs Pitt vs Oakland Univ
Michigan,89,200 Breast,1,2:06.52,Letitia SIM,,CSCAA Dual Challenge - Championship
Michigan,89,200 Breast,2,2:11.36,Sarah Pasquella,,Ohio State vs. Michigan
Michigan,89,200 Breast,3,2:11.38,Devon Kitchel,,Ohio State vs. Michigan
Michigan,89,200 Breast,4,2:13.23,Natalie Walklett,,CSCAA Dual Challenge - Championship
Michigan,89,200 Breast,5,2:14.26,Cecilia Howard,,CSCAA Dual Challenge (Mich vs. Tenn)
Michigan,89,200 Fly,1,1:50.72,Hannah Bellard,,Michigan vs. Indiana
Michigan,89,200 Fly,2,1:55.01,Bella Sims,,Michigan vs Pitt vs Oakland Univ
Michigan,89,200 Fly,3,1:55.79,Leila Fack,,CSCAA Dual Challenge - Championship
Michigan,89,200 Fly,4,1:56.76,Montse Spielmann,,Ohio State vs. Michigan
Michigan,89,200 Fly,5,1:57.18,Devon Kitchel,,"Michigan vs. Northwestern, UCLA"
Michigan,89,200 Fly,6,1:57.51,Anna Boemer,,CSCAA Dual Challenge (Mich vs. Tenn)
Michigan,89,200 Fly,7,1:59.77,Ella Jo Piersma,,"Michigan vs. Northwestern, UCLA"
Michigan,89,200 Fly,8,2:11.38,Madison Smith,,Michigan vs Pitt vs Oakland Univ
Michigan,89,200 Free,1,1:41.17,Bella Sims,,"CSCAA Dual (UVA vs. Mich Women, UT vs. ASU Men)"
Michigan,89,200 Free,2,1:41.40,Stephanie Balduccini,,CSCAA Challenge (Mich vs. Tenn)
Michigan,89,200 Free,3,1:44.03,Hannah Bellard,,"Michigan vs. Northwestern, UCLA"
Michigan,89,200 Free,4,1:44.81,Christey Liang,,CSCAA Challenge (Mich vs. Tenn)
Michigan,89,200 Free,5,1:45.16,Malia Amuan,,CSCAA Dual Challenge (Mich vs. Tenn)
Michigan,89,200 Free,6,1:45.94,Ella Jo Piersma,,"CSCAA Dual (UVA vs. Mich Women, UT vs. ASU Men)"
Michigan,89,200 Free,7,1:46.56,Sarah Pasquella,,Tennessee Invitational
Michigan,89,200 Free,8,1:47.57,Montse Spielmann,,Tennessee Invitational
Michigan,89,200 Free,9,1:47.88,Rebecca Diaconescu,,CSCAA Challenge (Mich vs. Tenn)
Michigan,89,200 Free,10,1:49.55,Lucy Rooney,,Tennessee Invitational
Michigan,89,200 Im,1,1:54.59,Bella Sims,,CSCAA Dual Challenge (Mich vs. Tenn)
Michigan,89,200 Im,2,1:55.78,Letitia SIM,,"CSCAA Dual (UVA vs. Mich Women, UT vs. ASU Men)"
Michigan,89,200 Im,3,1:57.69,Devon Kitchel,,Ohio State vs. Michigan
Michigan,89,200 Im,4,1:59.87,Natalie Walklett,,Tennessee Invitational
Michigan,89,200 Im,5,1:59.99,Hannah Bellard,,ND vs UM vs WISC
Michigan,89,200 Im,6,2:00.40,Malia Amuan,,Michigan vs. Indiana
Michigan,89,200 Im,7,2:00.86,Anna Hulan,,CSCAA Dual Challenge - Championship
Michigan,89,200 Im,8,2:01.29,Cecilia Howard,,Tennessee Invitational
Michigan,89,200 Im,9,2:02.84,Ariana Zhao,,Tennessee Invitational
Michigan,89,200 Im,10,2:04.55,Marian Ploeger,,Michigan vs. Indiana
Michigan,89,400 Im,1,3:58.02,Bella Sims,,CSCAA Challenge (Mich vs. Tenn)
Michigan,89,400 Im,2,4:05.92,Hannah Bellard,,CSCAA Challenge (Mich vs. Tenn)
Michigan,89,400 Im,3,4:16.31,Devon Kitchel,,"Michigan vs. Northwestern, UCLA"
Michigan,89,400 Im,4,4:18.55,Marian Ploeger,,CSCAA Challenge (Mich vs. Tenn)
Michigan,89,400 Im,5,4:23.81,Natalie Walklett,,"Michigan vs. Northwestern, UCLA"
Michigan,89,50 Free,1,21.34,Brady Kendall,,"CSCAA Dual (UVA vs. Mich Women, UT vs. ASU Men)"
Michigan,89,50 Free,2,21.53,Lexi Greenhawt,,CSCAA Challenge (Mich vs. Tenn)
Michigan,89,50 Free,3,21.97,Stephanie Balduccini,,"CSCAA Dual (UVA vs. Mich Women, UT vs. ASU Men)"
Michigan,89,50 Free,4,22.25,Bella Sims,,"Michigan vs. Northwestern, UCLA"
Michigan,89,50 Free,5,22.64,Ella Jo Piersma,,CSCAA Challenge (Mich vs. Tenn)
Michigan,89,50 Free,6,22.66,Leila Fack,,"Michigan vs. Northwestern, UCLA"
Michigan,89,50 Free,7,22.73,Anna Boemer,,Tennessee Invitational
Michigan,89,50 Free,8,22.73,Lila Higgo,,CSCAA Dual Challenge - Championship
Michigan,89,50 Free,9,22.91,Christey Liang,,"CSCAA Dual (UVA vs. Mich Women, UT vs. ASU Men)"
Michigan,89,50 Free,10,23.01,Lily Cleason,,Be Better Invitational
Michigan,89,500 Free,1,4:35.55,Hannah Bellard,,CSCAA Dual Challenge (Mich vs. Tenn)
Michigan,89,500 Free,2,4:39.76,Bella Sims,,CSCAA Dual Challenge - Championship
Michigan,89,500 Free,3,4:43.59,Marian Ploeger,,CSCAA Dual Challenge (Mich vs. Tenn)
Michigan,89,500 Free,4,4:44.28,Rebecca Diaconescu,,Ohio State vs. Michigan
Michigan,89,500 Free,5,4:48.20,Madison Smith,,"CSCAA Dual (UVA vs. Mich Women, UT vs. ASU Men)"
Michigan,89,500 Free,6,4:49.21,Montse Spielmann,,Ohio State vs. Michigan
Milwaukee,369,100 Back,1,54.66,Mara Freeman,,21st House of Champions Invitational
Milwaukee,369,100 Back,2,55.50,Christiana Brooks,,21st House of Champions Invitational
Milwaukee,369,100 Back,3,57.06,Anika Svenning,,21st House of Champions Invitational
Milwaukee,369,100 Back,4,57.15,Elli Moss,,Milwaukee vs. MSOE
Milwaukee,369,100 Back,5,58.61,Carly Plate,,21st House of Champions Invitational
Milwaukee,369,100 Back,6,59.09,Bree Vanden Burgt,,21st House of Champions Invitational
Milwaukee,369,100 Back,7,1:00.14,Kylee Radigan,,21st House of Champions Invitational
Milwaukee,369,100 Back,8,1:00.68,Cat Fonda,,Milwaukee Intrasquad/Alumni
Milwaukee,369,100 Back,9,1:02.46,Brielle Laube,,"IU Indianapolis vs. Cleveland State, UWGB, Milwaukee"
Milwaukee,369,100 Back,10,1:04.49,Kate Hackett,,Milwaukee Intrasquad/Alumni
Milwaukee,369,100 Breast,1,1:01.05,Gabrielle LePine,,21st House of Champions Invitational
Milwaukee,369,100 Breast,2,1:05.56,Ava Schlageter,,21st House of Champions Invitational
Milwaukee,369,100 Breast,3,1:06.04,Hanna DeGrace,,21st House of Champions Invitational
Milwaukee,369,100 Breast,4,1:06.09,Nadia Switalski,,21st House of Champions Invitational
Milwaukee,369,100 Breast,5,1:06.64,Elena Zippel,,21st House of Champions Invitational
Milwaukee,369,100 Breast,6,1:10.65,Bella Sponseller,,Milwaukee vs. MSOE
Milwaukee,369,100 Breast,7,1:11.32,Johanna Edgren,,Milwaukee vs. Wheaton (IL)
Milwaukee,369,100 Breast,8,1:11.96,Kate Hackett,,Wisconsin Showcase
Milwaukee,369,100 Breast,9,1:14.59,Lilly Nesson,,Wisconsin Showcase
Milwaukee,369,100 Fly,1,55.26,Maddi Hayashi,,21st House of Champions Invitational
Milwaukee,369,100 Fly,2,57.18,Brielle Laube,,21st House of Champions Invitational
Milwaukee,369,100 Fly,3,59.00,Ricky Thomas,,Milwaukee vs. Wheaton (IL)
Milwaukee,369,100 Fly,4,59.40,Christiana Brooks,,Milwaukee vs. Wheaton (IL)
Milwaukee,369,100 Fly,5,59.73,Johanna Edgren,,21st House of Champions Invitational
Milwaukee,369,100 Fly,6,1:00.14,Noelle Bryan,,21st House of Champions Invitational
Milwaukee,369,100 Fly,7,1:00.46,Natalie DiProspero,,Milwaukee Intrasquad/Alumni
Milwaukee,369,100 Fly,8,1:01.21,Bella Sponseller,,Milwaukee vs. Wheaton (IL)
Milwaukee,369,100 Fly,9,1:03.40,Carly Plate,,Wisconsin Showcase
Milwaukee,369,100 Fly,10,1:03.95,Lilly Nesson,,21st House of Champions Invitational
Milwaukee,369,100 Free,1,50.73,Christiana Brooks,,21st House of Champions Invitational
Milwaukee,369,100 Free,2,51.73,Brielle Laube,,21st House of Champions Invitational
Milwaukee,369,100 Free,3,51.84,Gabrielle LePine,,21st House of Champions Invitational
Milwaukee,369,100 Free,4,52.27,Grace Hudson,,21st House of Champions Invitational
Milwaukee,369,100 Free,5,52.60,Audrey Dixon,,21st House of Champions Invitational
Milwaukee,369,100 Free,6,52.68,Carly Plate,,21st House of Champions Invitational
Milwaukee,369,100 Free,7,52.89,Kalli Stark,,21st House of Champions Invitational
Milwaukee,369,100 Free,8,53.00,Johanna Edgren,,21st House of Champions Invitational
Milwaukee,369,100 Free,9,53.37,Natalie DiProspero,,Wisconsin Showcase
Milwaukee,369,100 Free,10,53.68,Noelle Bryan,,21st House of Champions Invitational
Milwaukee,369,1000 Free,1,10:32.96,Ricky Thomas,,21st House of Champions Invitational
Milwaukee,369,1000 Free,2,10:41.80,Lilly Nesson,,21st House of Champions Invitational
Milwaukee,369,1000 Free,3,10:41.82,Audrey Dixon,,21st House of Champions Invitational
Milwaukee,369,1000 Free,4,10:50.05,Bree Vanden Burgt,,21st House of Champions Invitational
Milwaukee,369,1650 Free,1,17:29.10,Ricky Thomas,,21st House of Champions Invitational
Milwaukee,369,1650 Free,2,17:33.48,Lilly Nesson,,21st House of Champions Invitational
Milwaukee,369,1650 Free,3,17:36.90,Audrey Dixon,,21st House of Champions Invitational
Milwaukee,369,1650 Free,4,18:00.60,Bree Vanden Burgt,,21st House of Champions Invitational
Milwaukee,369,200 Back,1,2:01.85,Mara Freeman,,21st House of Champions Invitational
Milwaukee,369,200 Back,2,2:02.34,Elli Moss,,Milwaukee vs. MSOE
Milwaukee,369,200 Back,3,2:03.15,Cat Fonda,,21st House of Champions Invitational
Milwaukee,369,200 Back,4,2:06.69,Anika Svenning,,21st House of Champions Invitational
Milwaukee,369,200 Back,5,2:07.45,Bree Vanden Burgt,,21st House of Champions Invitational
Milwaukee,369,200 Back,6,2:09.77,Ricky Thomas,,Milwaukee vs. UW-Green Bay
Milwaukee,369,200 Back,7,2:10.26,Kate Hackett,,21st House of Champions Invitational
Milwaukee,369,200 Breast,1,2:20.52,Gabrielle LePine,,Wisconsin Showcase
Milwaukee,369,200 Breast,2,2:22.17,Nadia Switalski,,21st House of Champions Invitational
Milwaukee,369,200 Breast,3,2:25.03,Hanna DeGrace,,21st House of Champions Invitational
Milwaukee,369,200 Breast,4,2:26.31,Kate Hackett,,21st House of Champions Invitational
Milwaukee,369,200 Breast,5,2:27.23,Ava Schlageter,,21st House of Champions Invitational
Milwaukee,369,200 Breast,6,2:29.17,Bella Sponseller,,21st House of Champions Invitational
Milwaukee,369,200 Breast,7,2:35.41,Johanna Edgren,,"IU Indianapolis vs. Cleveland State, UWGB, Milwaukee"
Milwaukee,369,200 Breast,8,2:40.27,Elena Zippel,,Wisconsin Showcase
Milwaukee,369,200 Fly,1,2:02.61,Maddi Hayashi,,21st House of Champions Invitational
Milwaukee,369,200 Fly,2,2:06.52,Ricky Thomas,,21st House of Champions Invitational
Milwaukee,369,200 Fly,3,2:07.00,Natalie DiProspero,,21st House of Champions Invitational
Milwaukee,369,200 Fly,4,2:22.35,Kate Hackett,,Milwaukee vs. Illinois-Chicago
Milwaukee,369,200 Fly,5,2:28.00,Johanna Edgren,,Milwaukee vs. MSOE
Milwaukee,369,200 Free,1,1:52.99,Natalie DiProspero,,21st House of Champions Invitational
Milwaukee,369,200 Free,2,1:53.70,Ricky Thomas,,21st House of Champions Invitational
Milwaukee,369,200 Free,3,1:53.79,Cat Fonda,,21st House of Champions Invitational
Milwaukee,369,200 Free,4,1:53.80,Audrey Dixon,,21st House of Champions Invitational
Milwaukee,369,200 Free,5,1:54.34,Grace Hudson,,21st House of Champions Invitational
Milwaukee,369,200 Free,6,1:57.56,Anika Svenning,,21st House of Champions Invitational
Milwaukee,369,200 Free,7,1:59.87,Johanna Edgren,,Milwaukee vs. UW-Green Bay
Milwaukee,369,200 Free,8,2:02.66,Bree Vanden Burgt,,Wisconsin Showcase
Milwaukee,369,200 Free,9,2:05.12,Lilly Nesson,,Milwaukee Intrasquad/Alumni
Milwaukee,369,200 Im,1,2:03.41,Ricky Thomas,,21st House of Champions Invitational
Milwaukee,369,200 Im,2,2:06.63,Natalie DiProspero,,21st House of Champions Invitational
Milwaukee,369,200 Im,3,2:10.24,Johanna Edgren,,21st House of Champions Invitational
Milwaukee,369,200 Im,4,2:11.29,Nadia Switalski,,21st House of Champions Invitational
Milwaukee,369,200 Im,5,2:11.88,Anika Svenning,,21st House of Champions Invitational
Milwaukee,369,200 Im,6,2:12.02,Kate Hackett,,21st House of Champions Invitational
Milwaukee,369,200 Im,7,2:12.13,Maddi Hayashi,,Milwaukee vs. MSOE
Milwaukee,369,200 Im,8,2:12.63,Elli Moss,,21st House of Champions Invitational
Milwaukee,369,200 Im,9,2:13.75,Bella Sponseller,,21st House of Champions Invitational
Milwaukee,369,200 Im,10,2:14.72,Ava Schlageter,,21st House of Champions Invitational
Milwaukee,369,400 Im,1,4:28.40,Ricky Thomas,,21st House of Champions Invitational
Milwaukee,369,400 Im,2,4:36.81,Natalie DiProspero,,"IU Indianapolis vs. Cleveland State, UWGB, Milwaukee"
Milwaukee,369,400 Im,3,4:38.16,Kate Hackett,,21st House of Champions Invitational
Milwaukee,369,400 Im,4,4:40.62,Lilly Nesson,,21st House of Champions Invitational
Milwaukee,369,400 Im,5,4:42.40,Johanna Edgren,,21st House of Champions Invitational
Milwaukee,369,400 Im,6,4:47.56,Bella Sponseller,,21st House of Champions Invitational
Milwaukee,369,50 Free,1,23.09,Gabrielle LePine,,21st House of Champions Invitational
Milwaukee,369,50 Free,2,23.26,Christiana Brooks,,21st House of Champions Invitational
Milwaukee,369,50 Free,3,23.58,Brielle Laube,,21st House of Champions Invitational
Milwaukee,369,50 Free,4,23.63,Elena Zippel,,21st House of Champions Invitational
Milwaukee,369,50 Free,5,23.99,Mara Freeman,,21st House of Champions Invitational
Milwaukee,369,50 Free,6,24.04,Carly Plate,,21st House of Champions Invitational
Milwaukee,369,50 Free,7,24.23,Noelle Bryan,,21st House of Champions Invitational
Milwaukee,369,50 Free,8,24.23,Natalie DiProspero,,21st House of Champions Invitational
Milwaukee,369,50 Free,9,24.42,Kalli Stark,,21st House of Champions Invitational
Milwaukee,369,50 Free,10,24.61,Maddi Hayashi,,21st House of Champions Invitational
Milwaukee,369,500 Free,1,5:05.73,Cat Fonda,,21st House of Champions Invitational
Milwaukee,369,500 Free,2,5:05.93,Audrey Dixon,,21st House of Champions Invitational
Milwaukee,369,500 Free,3,5:11.24,Lilly Nesson,,21st House of Champions Invitational
Milwaukee,369,500 Free,4,5:12.45,Bree Vanden Burgt,,21st House of Champions Invitational
Milwaukee,369,500 Free,5,5:13.24,Grace Hudson,,21st House of Champions Invitational
Milwaukee,369,500 Free,6,5:14.73,Ricky Thomas,,Milwaukee vs. Illinois-Chicago
Milwaukee,369,500 Free,7,5:18.41,Natalie DiProspero,,Milwaukee vs. UW-Green Bay
Milwaukee,369,500 Free,8,5:19.34,Elli Moss,,Milwaukee vs. Wheaton (IL)
Milwaukee,369,500 Free,9,5:23.16,Johanna Edgren,,Milwaukee vs. UW-Green Bay
Minnesota,31,100 Back,1,52.76,Ava Yablonski,,Minnesota Invitational
Minnesota,31,100 Back,2,53.54,Kamdyn Periat,,Minnesota vs Wisconsin
Minnesota,31,100 Back,3,54.24,Finnly Jollands,,Minnesota Invitational
Minnesota,31,100 Back,4,54.53,Mira Keller,,Minnesota Invitational
Minnesota,31,100 Back,5,54.59,Faith Johnson,,Minnesota Invitational
Minnesota,31,100 Back,6,55.84,Elise Jacobs,,Minnesota Invitational
Minnesota,31,100 Back,7,56.76,Morgan Thomas,,"Minnesota vs. St Thomas, South Dakota"
Minnesota,31,100 Back,8,57.13,Kayla Barr,,GT DMT: Minnesota vs. Georgia Tech
Minnesota,31,100 Back,9,1:00.04,Peyton Ross,,"Minnesota vs. St Thomas, South Dakota"
Minnesota,31,100 Back,10,1:00.58,Jade Roghair,,GT DMT: Minnesota vs. Georgia Tech
Minnesota,31,100 Breast,1,1:01.88,Georgia Kahler,,Minnesota Invitational
Minnesota,31,100 Breast,2,1:02.22,Emma Fellman,,Minnesota Invitational
Minnesota,31,100 Breast,3,1:02.32,Keira Mullins,,Minnesota vs Wisconsin
Minnesota,31,100 Breast,4,1:02.51,Ava Goodno,,Minnesota Invitational
Minnesota,31,100 Breast,5,1:02.97,Grace Drabot,,Minnesota vs Wisconsin
Minnesota,31,100 Breast,6,1:08.52,Katie McCarthy,,"Minnesota vs. St Thomas, South Dakota"
Minnesota,31,100 Fly,1,52.21,Morgan Thomas,,Minnesota vs Wisconsin
Minnesota,31,100 Fly,2,53.42,Ava Yablonski,,Minnesota Invitational
Minnesota,31,100 Fly,3,53.88,Rachel Conley,,Minnesota Invitational
Minnesota,31,100 Fly,4,54.38,Mina Kaljevic,,Minnesota Invitational
Minnesota,31,100 Fly,5,54.56,Claire Reinke,,Minnesota Invitational
Minnesota,31,100 Fly,6,55.26,Peyton Ross,,GT DMT: Auburn vs. Minnesota
Minnesota,31,100 Fly,7,55.36,Faith Johnson,,Minnesota Invitational
Minnesota,31,100 Fly,8,56.16,Mira Keller,,Minnesota vs Wisconsin
Minnesota,31,100 Fly,9,57.85,Katie McCarthy,,Minnesota vs Wisconsin
Minnesota,31,100 Fly,10,57.87,Grace Drabot,,Minnesota Invitational
Minnesota,31,100 Free,1,48.75,Mina Kaljevic,,Minnesota vs Wisconsin
Minnesota,31,100 Free,2,49.32,Morgan Thomas,,GT DMT: Minnesota vs. Georgia Tech
Minnesota,31,100 Free,3,49.46,Livi Wanner,,Minnesota Invitational
Minnesota,31,100 Free,4,49.81,Anja Kaljevic,,Minnesota Invitational
Minnesota,31,100 Free,5,49.88,Paige Moreen,,Minnesota vs Wisconsin
Minnesota,31,100 Free,6,50.34,Kamdyn Periat,,Minnesota Invitational
Minnesota,31,100 Free,7,50.90,Ava Yablonski,,GT DMT: Minnesota vs. Georgia Tech
Minnesota,31,100 Free,8,51.62,Jade Roghair,,Minnesota vs Wisconsin
Minnesota,31,100 Free,9,51.92,Mira Keller,,Minnesota Invitational
Minnesota,31,100 Free,10,52.10,Finnly Jollands,,Iowa vs Minnesota
Minnesota,31,1000 Free,1,9:42.92,Katie McCarthy,,Minnesota vs Wisconsin
Minnesota,31,1000 Free,2,10:00.28,Jade Roghair,,"Tampa vs. Minnesota, Notre Dame"
Minnesota,31,1000 Free,3,10:08.57,Anja Kaljevic,,"Minnesota vs. St Thomas, South Dakota"
Minnesota,31,1000 Free,4,10:19.23,Kayla Barr,,"Minnesota vs. St Thomas, South Dakota"
Minnesota,31,1650 Free,1,16:14.02,Katie McCarthy,,Minnesota Invitational
Minnesota,31,1650 Free,2,16:45.35,Jade Roghair,,Minnesota Invitational
Minnesota,31,200 Back,1,1:57.12,Ava Yablonski,,Minnesota vs Wisconsin
Minnesota,31,200 Back,2,1:57.62,Mira Keller,,Minnesota Invitational
Minnesota,31,200 Back,3,1:58.36,Finnly Jollands,,GT DMT: Auburn vs. Minnesota
Minnesota,31,200 Back,4,1:58.92,Faith Johnson,,Minnesota Invitational
Minnesota,31,200 Back,5,1:59.57,Elise Jacobs,,Minnesota Invitational
Minnesota,31,200 Back,6,2:00.16,Kamdyn Periat,,Minnesota Invitational
Minnesota,31,200 Back,7,2:02.07,Kayla Barr,,Minnesota Invitational
Minnesota,31,200 Back,8,2:02.87,Peyton Ross,,Minnesota Invitational
Minnesota,31,200 Breast,1,2:13.43,Grace Drabot,,Minnesota Invitational
Minnesota,31,200 Breast,2,2:15.12,Keira Mullins,,Minnesota Invitational
Minnesota,31,200 Breast,3,2:15.19,Emma Fellman,,Minnesota vs Wisconsin
Minnesota,31,200 Breast,4,2:16.34,Georgia Kahler,,Minnesota Invitational
Minnesota,31,200 Breast,5,2:18.98,Ava Goodno,,GT DMT: Minnesota vs. Georgia Tech
Minnesota,31,200 Breast,6,2:30.42,Faith Johnson,,GT DMT: Minnesota vs. Georgia Tech
Minnesota,31,200 Fly,1,1:58.19,Rachel Conley,,Minnesota vs Wisconsin
Minnesota,31,200 Fly,2,1:58.44,Katie McCarthy,,GT DMT: Minnesota vs. Georgia Tech
Minnesota,31,200 Fly,3,1:58.88,Ava Yablonski,,Minnesota Invitational
Minnesota,31,200 Fly,4,2:00.22,Peyton Ross,,Minnesota vs Wisconsin
Minnesota,31,200 Fly,5,2:00.89,Claire Reinke,,"Tampa vs. Minnesota, Notre Dame"
Minnesota,31,200 Fly,6,2:03.01,Faith Johnson,,Minnesota vs Wisconsin
Minnesota,31,200 Fly,7,2:06.77,Kayla Barr,,GT DMT: Minnesota vs. Georgia Tech
Minnesota,31,200 Free,1,1:46.34,Anja Kaljevic,,Minnesota vs Wisconsin
Minnesota,31,200 Free,2,1:46.61,Mina Kaljevic,,Minnesota vs Wisconsin
Minnesota,31,200 Free,3,1:48.36,Katie McCarthy,,GT DMT: Auburn vs. Minnesota
Minnesota,31,200 Free,4,1:48.48,Jade Roghair,,Minnesota Invitational
Minnesota,31,200 Free,5,1:49.50,Rachel Conley,,Minnesota Invitational
Minnesota,31,200 Free,6,1:50.18,Kayla Barr,,Minnesota vs Wisconsin
Minnesota,31,200 Free,7,1:50.37,Livi Wanner,,Minnesota Invitational
Minnesota,31,200 Free,8,1:51.46,Paige Moreen,,Minnesota Invitational
Minnesota,31,200 Free,9,1:53.54,Grace Drabot,,"Minnesota vs. St Thomas, South Dakota"
Minnesota,31,200 Free,10,1:54.86,Kamdyn Periat,,"Minnesota vs. St Thomas, South Dakota"
Minnesota,31,200 Im,1,1:58.91,Katie McCarthy,,GT DMT: Auburn vs. Minnesota
Minnesota,31,200 Im,2,1:59.83,Grace Drabot,,Minnesota Invitational
Minnesota,31,200 Im,3,2:02.67,Kayla Barr,,GT DMT: Minnesota vs. Georgia Tech
Minnesota,31,200 Im,4,2:02.99,Keira Mullins,,Minnesota Invitational
Minnesota,31,200 Im,5,2:03.36,Peyton Ross,,Minnesota Invitational
Minnesota,31,200 Im,6,2:04.67,Emma Fellman,,Minnesota Invitational
Minnesota,31,200 Im,7,2:05.54,Mira Keller,,Minnesota Invitational
Minnesota,31,200 Im,8,2:06.28,Rachel Conley,,GT DMT: Minnesota vs. Georgia Tech
Minnesota,31,200 Im,9,2:06.66,Elise Jacobs,,Minnesota Invitational
Minnesota,31,200 Im,10,2:06.76,Claire Reinke,,Minnesota Invitational
Minnesota,31,400 Im,1,4:10.85,Katie McCarthy,,Minnesota vs Wisconsin
Minnesota,31,400 Im,2,4:14.54,Grace Drabot,,Minnesota Invitational
Minnesota,31,400 Im,3,4:19.29,Kayla Barr,,Minnesota vs Wisconsin
Minnesota,31,400 Im,4,4:20.24,Peyton Ross,,Minnesota vs Wisconsin
Minnesota,31,50 Free,1,22.10,Livi Wanner,,Minnesota vs Wisconsin
Minnesota,31,50 Free,2,22.23,Morgan Thomas,,Minnesota Invitational
Minnesota,31,50 Free,3,22.70,Mina Kaljevic,,Minnesota Invitational
Minnesota,31,50 Free,4,22.85,Kamdyn Periat,,Minnesota Invitational
Minnesota,31,50 Free,5,22.87,Paige Moreen,,Minnesota vs Wisconsin
Minnesota,31,50 Free,6,23.02,Ava Yablonski,,Minnesota Invitational
Minnesota,31,50 Free,7,23.07,Rachel Conley,,Minnesota Invitational
Minnesota,31,50 Free,8,23.18,Georgia Kahler,,Minnesota Invitational
Minnesota,31,50 Free,9,23.56,Finnly Jollands,,Minnesota Invitational
Minnesota,31,50 Free,10,23.87,Faith Johnson,,Minnesota Invitational
Minnesota,31,500 Free,1,4:45.12,Katie McCarthy,,Minnesota Invitational
Minnesota,31,500 Free,2,4:46.85,Anja Kaljevic,,Minnesota Invitational
Minnesota,31,500 Free,3,4:48.06,Jade Roghair,,Minnesota Invitational
Minnesota,31,500 Free,4,4:51.33,Kayla Barr,,Minnesota Invitational
Minnesota,31,500 Free,5,5:02.15,Grace Drabot,,Iowa vs Minnesota
Missouri,431,100 Back,1,53.07,Libby Bakker,,Mizzou Invitational
Missouri,431,100 Back,2,53.33,Sydney Bales,,Mizzou Invitational
Missouri,431,100 Back,3,54.58,Maeve DeYoung,,Mizzou Invitational
Missouri,431,100 Back,4,54.75,Annabelle Wentzel,,Mizzou Invitational
Missouri,431,100 Back,5,55.61,Piper McNeil,,Mizzou Invitational
Missouri,431,100 Back,6,56.96,Avery Stein,,Louisville vs. Missouri
Missouri,431,100 Breast,1,59.41,Zara Zallen,,Mizzou Invitational
Missouri,431,100 Breast,2,59.80,Lina Bank,,Mizzou Invitational
Missouri,431,100 Breast,3,1:01.38,Paige Striley,,Mizzou Invitational
Missouri,431,100 Breast,4,1:04.36,Avery Stein,,Mizzou Invitational
Missouri,431,100 Breast,5,1:04.99,Eleanor Hughes,,Mizzou Invitational
Missouri,431,100 Breast,6,1:05.92,Zuza Krasnicki,,Louisville vs. Missouri
Missouri,431,100 Fly,1,52.47,Paige Striley,,Mizzou Invitational
Missouri,431,100 Fly,2,52.84,Kylee Sullivan,,Mizzou Invitational
Missouri,431,100 Fly,3,53.42,Zara Zallen,,Louisville vs. Missouri
Missouri,431,100 Fly,4,53.87,Maeve DeYoung,,Mizzou Invitational
Missouri,431,100 Fly,5,53.98,Annabelle Wentzel,,"Missouri vs. Vanderbilt, McKendree"
Missouri,431,100 Fly,6,54.10,Sydney Bales,,Mizzou Invitational
Missouri,431,100 Fly,7,54.24,Grace Hanson,,Mizzou Invitational
Missouri,431,100 Fly,8,55.26,Katie Kuehn,,Mizzou Invitational
Missouri,431,100 Fly,9,55.56,Francesca Smith,,"Missouri vs. Vanderbilt, McKendree"
Missouri,431,100 Fly,10,55.68,Haiden Schoessel,,Louisville vs. Missouri
Missouri,431,100 Free,1,48.49,Zara Zallen,,Mizzou Invitational
Missouri,431,100 Free,2,48.87,Francesca Smith,,Mizzou Invitational
Missouri,431,100 Free,3,49.87,Lina Bank,,"Missouri vs. Vanderbilt, McKendree"
Missouri,431,100 Free,4,49.96,Katie Kuehn,,Mizzou Invitational
Missouri,431,100 Free,5,50.26,Haiden Schoessel,,Mizzou Invitational
Missouri,431,100 Free,6,50.67,Peyton Drexler,,Mizzou Invitational
Missouri,431,100 Free,7,50.71,Zuza Krasnicki,,Mizzou Invitational
Missouri,431,100 Free,8,50.80,Kylee Sullivan,,Mizzou Invitational
Missouri,431,100 Free,9,51.44,Grace Hanson,,Louisville vs. Missouri
Missouri,431,100 Free,10,51.62,Libby Bakker,,Purdue vs. Missouri
Missouri,431,1000 Free,1,9:52.65,Peyton Drexler,,"Missouri vs. Vanderbilt, McKendree"
Missouri,431,1000 Free,2,9:54.96,Zoe Schneider,,Mizzou Invitational
Missouri,431,1000 Free,3,10:02.32,Katie Gresik,,Louisville vs. Missouri
Missouri,431,1000 Free,4,10:03.95,Danielle Gleason,,Louisville vs. Missouri
Missouri,431,1650 Free,1,16:20.34,Zoe Schneider,,Mizzou Invitational
Missouri,431,1650 Free,2,16:36.55,Peyton Drexler,,Mizzou Invitational
Missouri,431,1650 Free,3,16:51.37,Danielle Gleason,,Mizzou Invitational
Missouri,431,1650 Free,4,16:52.72,Katie Gresik,,Mizzou Invitational
Missouri,431,200 Back,1,1:55.45,Libby Bakker,,Mizzou Invitational
Missouri,431,200 Back,2,1:57.78,Maeve DeYoung,,Mizzou Invitational
Missouri,431,200 Back,3,1:58.30,Piper McNeil,,Mizzou Invitational
Missouri,431,200 Back,4,1:58.38,Sydney Bales,,Mizzou Invitational
Missouri,431,200 Back,5,2:04.41,Annabelle Wentzel,,Louisville vs. Missouri
Missouri,431,200 Breast,1,2:14.10,Lina Bank,,"Missouri vs. Vanderbilt, McKendree"
Missouri,431,200 Breast,2,2:18.40,Peyton Drexler,,Louisville vs. Missouri
Missouri,431,200 Breast,3,2:21.58,Eleanor Hughes,,Mizzou Invitational
Missouri,431,200 Breast,4,2:23.46,Katie Gresik,,Louisville vs. Missouri
Missouri,431,200 Breast,5,2:28.41,Avery Stein,,Purdue vs. Missouri
Missouri,431,200 Fly,1,1:58.49,Maeve DeYoung,,Mizzou Invitational
Missouri,431,200 Fly,2,1:59.13,Kylee Sullivan,,Louisville vs. Missouri
Missouri,431,200 Fly,3,2:01.77,Danielle Gleason,,Mizzou Invitational
Missouri,431,200 Fly,4,2:02.09,Annabelle Wentzel,,"Missouri vs. Vanderbilt, McKendree"
Missouri,431,200 Free,1,1:47.60,Zara Zallen,,"Missouri vs. Vanderbilt, McKendree"
Missouri,431,200 Free,2,1:48.33,Libby Bakker,,Mizzou Invitational
Missouri,431,200 Free,3,1:48.45,Piper McNeil,,Louisville vs. Missouri
Missouri,431,200 Free,4,1:48.67,Danielle Gleason,,Mizzou Invitational
Missouri,431,200 Free,5,1:48.77,Francesca Smith,,Mizzou Invitational
Missouri,431,200 Free,6,1:48.78,Katie Gresik,,Mizzou Invitational
Missouri,431,200 Free,7,1:49.22,Zoe Schneider,,Mizzou Invitational
Missouri,431,200 Free,8,1:49.77,Peyton Drexler,,Louisville vs. Missouri
Missouri,431,200 Free,9,1:53.56,Zuza Krasnicki,,Mizzou Invitational
Missouri,431,200 Im,1,2:00.61,Piper McNeil,,Mizzou Invitational
Missouri,431,200 Im,2,2:01.74,Zoe Schneider,,Mizzou Invitational
Missouri,431,200 Im,3,2:01.85,Kylee Sullivan,,Mizzou Invitational
Missouri,431,200 Im,4,2:03.49,Libby Bakker,,Louisville vs. Missouri
Missouri,431,200 Im,5,2:03.84,Maeve DeYoung,,Louisville vs. Missouri
Missouri,431,200 Im,6,2:04.09,Avery Stein,,Mizzou Invitational
Missouri,431,200 Im,7,2:07.41,Lina Bank,,Purdue vs. Missouri
Missouri,431,200 Im,8,2:08.15,Eleanor Hughes,,Mizzou Invitational
Missouri,431,200 Im,9,2:12.17,Katie Gresik,,Purdue vs. Missouri
Missouri,431,400 Im,1,4:12.08,Zoe Schneider,,Mizzou Invitational
Missouri,431,400 Im,2,4:13.09,Piper McNeil,,Mizzou Invitational
Missouri,431,400 Im,3,4:20.43,Peyton Drexler,,Mizzou Invitational
Missouri,431,400 Im,4,4:23.49,Katie Gresik,,Mizzou Invitational
Missouri,431,400 Im,5,4:32.64,Eleanor Hughes,,Mizzou Invitational
Missouri,431,50 Free,1,22.49,Francesca Smith,,Mizzou Invitational
Missouri,431,50 Free,2,22.57,Katie Kuehn,,Mizzou Invitational
Missouri,431,50 Free,3,22.58,Zara Zallen,,Mizzou Invitational
Missouri,431,50 Free,4,23.04,Haiden Schoessel,,Mizzou Invitational
Missouri,431,50 Free,5,23.21,Paige Striley,,Mizzou Invitational
Missouri,431,50 Free,6,23.25,Kylee Sullivan,,Mizzou Invitational
Missouri,431,50 Free,7,23.26,Libby Bakker,,Mizzou Invitational
Missouri,431,50 Free,8,23.33,Zuza Krasnicki,,Mizzou Invitational
Missouri,431,50 Free,9,23.42,Grace Hanson,,"Missouri vs. Vanderbilt, McKendree"
Missouri,431,50 Free,10,23.57,Avery Stein,,Mizzou Invitational
Missouri,431,500 Free,1,4:45.76,Zoe Schneider,,Mizzou Invitational
Missouri,431,500 Free,2,4:46.55,Peyton Drexler,,Mizzou Invitational
Missouri,431,500 Free,3,4:50.44,Katie Gresik,,Mizzou Invitational
Missouri,431,500 Free,4,4:50.78,Danielle Gleason,,Mizzou Invitational
Missouri,431,500 Free,5,4:53.37,Piper McNeil,,Louisville vs. Missouri
Nebraska-Omaha,97,100 Back,1,56.31,Kate Novinski,,Nebraska-Omaha vs. Missouri State
Nebraska-Omaha,97,100 Back,2,56.49,Danica Brunk,,Nebraska-Omaha vs. Missouri State
Nebraska-Omaha,97,100 Back,3,58.09,Mia Jacobs,,SIU A3 Performance Invite
Nebraska-Omaha,97,100 Back,4,58.47,Leah Spencer,,Augustana vs. Omaha
Nebraska-Omaha,97,100 Back,5,58.52,Kira Jacobs,,"Omaha vs. Iowa Western, College of Saint Mary"
Nebraska-Omaha,97,100 Back,6,59.99,Rachel Shelstad,,Nebraska-Omaha vs. Missouri State
Nebraska-Omaha,97,100 Back,7,1:00.46,Kate Kochenderfer,,Nebraska-Omaha vs. Missouri State
Nebraska-Omaha,97,100 Back,8,1:00.49,Olivia Dendinger,,"Nebraska vs. Omaha, South Dakota State"
Nebraska-Omaha,97,100 Back,9,1:01.19,Halle Kuck,,SIU A3 Performance Invite
Nebraska-Omaha,97,100 Back,10,1:04.08,Addisyn Storms,,Augustana vs. Omaha
Nebraska-Omaha,97,100 Breast,1,1:02.91,Addisyn Storms,,Nebraska-Omaha vs. Missouri State
Nebraska-Omaha,97,100 Breast,2,1:04.39,Ella Drewes,,SIU A3 Performance Invite
Nebraska-Omaha,97,100 Breast,3,1:04.71,Olivia Dendinger,,Nebraska-Omaha vs. South Dakota
Nebraska-Omaha,97,100 Breast,4,1:04.94,Lauren McDonagh,,Nebraska-Omaha vs. Missouri State
Nebraska-Omaha,97,100 Breast,5,1:05.17,Alaina Agnew,,Nebraska-Omaha vs. Missouri State
Nebraska-Omaha,97,100 Breast,6,1:05.89,Emma Wisker,,Nebraska-Omaha vs. Missouri State
Nebraska-Omaha,97,100 Breast,7,1:07.77,Kadence Jeffries,,SIU A3 Performance Invite
Nebraska-Omaha,97,100 Breast,8,1:08.19,Aubrey Hutter,,Nebraska-Omaha vs. Missouri State
Nebraska-Omaha,97,100 Breast,9,1:08.59,Julia Smirnoff,,SIU A3 Performance Invite
Nebraska-Omaha,97,100 Fly,1,56.14,Catalina Kahan,,SIU A3 Performance Invite
Nebraska-Omaha,97,100 Fly,2,56.22,Julia Thomas,,SIU A3 Performance Invite
Nebraska-Omaha,97,100 Fly,3,58.05,Mia Jacobs,,Nebraska-Omaha vs. Rockhurst
Nebraska-Omaha,97,100 Fly,4,58.55,Ashlyn Penas,,SIU A3 Performance Invite
Nebraska-Omaha,97,100 Fly,5,59.37,Emma Wisker,,Nebraska-Omaha vs. Missouri State
Nebraska-Omaha,97,100 Fly,6,59.52,Kira Jacobs,,Nebraska-Omaha vs. South Dakota
Nebraska-Omaha,97,100 Fly,7,1:00.02,Addisyn Storms,,"Omaha vs. Iowa Western, College of Saint Mary"
Nebraska-Omaha,97,100 Fly,8,1:00.54,Olivia Dendinger,,Nebraska-Omaha vs. Missouri State
Nebraska-Omaha,97,100 Fly,9,1:00.71,Kate Novinski,,Nebraska-Omaha vs. Rockhurst
Nebraska-Omaha,97,100 Fly,10,1:02.90,Mackenzie Resch,,Saint Thomas vs. Omaha
Nebraska-Omaha,97,100 Free,1,51.35,Julia Thomas,,SIU A3 Performance Invite
Nebraska-Omaha,97,100 Free,2,51.83,Leah Spencer,,Nebraska-Omaha vs. Missouri State
Nebraska-Omaha,97,100 Free,3,51.93,Kira Jacobs,,SIU A3 Performance Invite
Nebraska-Omaha,97,100 Free,4,52.59,Rachel Shelstad,,Nebraska-Omaha vs. Missouri State
Nebraska-Omaha,97,100 Free,5,52.81,Danica Brunk,,SIU A3 Performance Invite
Nebraska-Omaha,97,100 Free,6,52.85,Catalina Kahan,,SIU A3 Performance Invite
Nebraska-Omaha,97,100 Free,7,53.39,Kate Novinski,,Nebraska-Omaha vs. Missouri State
Nebraska-Omaha,97,100 Free,8,53.43,Ashlyn Penas,,SIU A3 Performance Invite
Nebraska-Omaha,97,100 Free,9,53.57,Olivia Dendinger,,Saint Thomas vs. Omaha
Nebraska-Omaha,97,100 Free,10,53.84,Alaina Agnew,,Nebraska-Omaha vs. Missouri State
Nebraska-Omaha,97,1000 Free,1,10:32.98,Aubrey Hutter,,Nebraska-Omaha vs. South Dakota
Nebraska-Omaha,97,1000 Free,2,10:37.84,Kate Kochenderfer,,Saint Thomas vs. Omaha
Nebraska-Omaha,97,1000 Free,3,10:38.59,Kadence Jeffries,,Saint Thomas vs. Omaha
Nebraska-Omaha,97,1000 Free,4,10:42.30,Kira Jacobs,,Augustana vs. Omaha
Nebraska-Omaha,97,1000 Free,5,10:46.75,Julia Thomas,,"Omaha vs. Iowa Western, College of Saint Mary"
Nebraska-Omaha,97,1000 Free,6,11:22.75,Olivia Dendinger,,Augustana vs. Omaha
Nebraska-Omaha,97,1650 Free,1,17:31.28,Aubrey Hutter,,SIU A3 Performance Invite
Nebraska-Omaha,97,1650 Free,2,17:48.25,Kate Kochenderfer,,SIU A3 Performance Invite
Nebraska-Omaha,97,1650 Free,3,18:01.35,Kadence Jeffries,,SIU A3 Performance Invite
Nebraska-Omaha,97,200 Back,1,2:02.49,Kate Novinski,,SIU A3 Performance Invite
Nebraska-Omaha,97,200 Back,2,2:03.02,Mia Jacobs,,Nebraska-Omaha vs. Missouri State
Nebraska-Omaha,97,200 Back,3,2:06.26,Kira Jacobs,,Augustana vs. Omaha
Nebraska-Omaha,97,200 Back,4,2:09.33,Danica Brunk,,Nebraska-Omaha vs. Missouri State
Nebraska-Omaha,97,200 Back,5,2:11.14,Leah Spencer,,"Omaha vs. Iowa Western, College of Saint Mary"
Nebraska-Omaha,97,200 Back,6,2:11.93,Kate Kochenderfer,,"Omaha vs. Iowa Western, College of Saint Mary"
Nebraska-Omaha,97,200 Back,7,2:17.54,Halle Kuck,,"Omaha vs. Iowa Western, College of Saint Mary"
Nebraska-Omaha,97,200 Breast,1,2:16.55,Addisyn Storms,,Nebraska-Omaha vs. Missouri State
Nebraska-Omaha,97,200 Breast,2,2:21.10,Olivia Dendinger,,SIU A3 Performance Invite
Nebraska-Omaha,97,200 Breast,3,2:24.37,Emma Wisker,,Nebraska-Omaha vs. Missouri State
Nebraska-Omaha,97,200 Breast,4,2:24.97,Lauren McDonagh,,Nebraska-Omaha vs. Missouri State
Nebraska-Omaha,97,200 Breast,5,2:25.43,Ella Drewes,,Saint Thomas vs. Omaha
Nebraska-Omaha,97,200 Breast,6,2:25.74,Aubrey Hutter,,SIU A3 Performance Invite
Nebraska-Omaha,97,200 Breast,7,2:27.28,Kadence Jeffries,,Nebraska-Omaha vs. Missouri State
Nebraska-Omaha,97,200 Breast,8,2:27.51,Alaina Agnew,,SIU A3 Performance Invite
Nebraska-Omaha,97,200 Breast,9,2:28.41,Mia Jacobs,,"Omaha vs. Iowa Western, College of Saint Mary"
Nebraska-Omaha,97,200 Breast,10,2:32.69,Julia Smirnoff,,SIU A3 Performance Invite
Nebraska-Omaha,97,200 Fly,1,2:05.75,Julia Thomas,,SIU A3 Performance Invite
Nebraska-Omaha,97,200 Fly,2,2:10.04,Mia Jacobs,,Saint Thomas vs. Omaha
Nebraska-Omaha,97,200 Fly,3,2:11.15,Catalina Kahan,,Saint Thomas vs. Omaha
Nebraska-Omaha,97,200 Fly,4,2:14.29,Aubrey Hutter,,Augustana vs. Omaha
Nebraska-Omaha,97,200 Fly,5,2:19.83,Emma Wisker,,"Omaha vs. Iowa Western, College of Saint Mary"
Nebraska-Omaha,97,200 Fly,6,2:25.40,Ashlyn Penas,,Augustana vs. Omaha
Nebraska-Omaha,97,200 Fly,7,2:30.37,Olivia Dendinger,,"Omaha vs. Iowa Western, College of Saint Mary"
Nebraska-Omaha,97,200 Free,1,1:50.80,Kira Jacobs,,Nebraska-Omaha vs. Missouri State
Nebraska-Omaha,97,200 Free,2,1:52.66,Leah Spencer,,Nebraska-Omaha vs. Missouri State
Nebraska-Omaha,97,200 Free,3,1:54.03,Kate Kochenderfer,,Nebraska-Omaha vs. Missouri State
Nebraska-Omaha,97,200 Free,4,1:54.52,Julia Thomas,,Augustana vs. Omaha
Nebraska-Omaha,97,200 Free,5,1:55.29,Mia Jacobs,,Nebraska-Omaha vs. Rockhurst
Nebraska-Omaha,97,200 Free,6,1:55.75,Kadence Jeffries,,SIU A3 Performance Invite
Nebraska-Omaha,97,200 Free,7,1:55.92,Aubrey Hutter,,SIU A3 Performance Invite
Nebraska-Omaha,97,200 Free,8,1:57.74,Kate Novinski,,Augustana vs. Omaha
Nebraska-Omaha,97,200 Free,9,1:57.81,Ashlyn Penas,,Saint Thomas vs. Omaha
Nebraska-Omaha,97,200 Free,10,1:57.96,Mackenzie Resch,,Nebraska-Omaha vs. Missouri State
Nebraska-Omaha,97,200 Im,1,2:04.41,Olivia Dendinger,,SIU A3 Performance Invite
Nebraska-Omaha,97,200 Im,2,2:05.83,Addisyn Storms,,Saint Thomas vs. Omaha
Nebraska-Omaha,97,200 Im,3,2:06.73,Mia Jacobs,,SIU A3 Performance Invite
Nebraska-Omaha,97,200 Im,4,2:06.92,Kira Jacobs,,Saint Thomas vs. Omaha
Nebraska-Omaha,97,200 Im,5,2:09.75,Lauren McDonagh,,SIU A3 Performance Invite
Nebraska-Omaha,97,200 Im,6,2:11.23,Emma Wisker,,SIU A3 Performance Invite
Nebraska-Omaha,97,200 Im,7,2:14.03,Aubrey Hutter,,Augustana vs. Omaha
Nebraska-Omaha,97,200 Im,8,2:19.13,Kate Kochenderfer,,Augustana vs. Omaha
Nebraska-Omaha,97,200 Im,9,2:19.66,Ella Drewes,,"Omaha vs. Iowa Western, College of Saint Mary"
Nebraska-Omaha,97,200 Im,10,2:20.79,Alaina Agnew,,"Omaha vs. Iowa Western, College of Saint Mary"
Nebraska-Omaha,97,400 Im,1,4:29.89,Mia Jacobs,,SIU A3 Performance Invite
Nebraska-Omaha,97,400 Im,2,4:34.16,Olivia Dendinger,,SIU A3 Performance Invite
Nebraska-Omaha,97,400 Im,3,4:34.69,Addisyn Storms,,Saint Thomas vs. Omaha
Nebraska-Omaha,97,400 Im,4,4:35.94,Kira Jacobs,,Saint Louis vs. Omaha
Nebraska-Omaha,97,400 Im,5,4:51.69,Emma Wisker,,Saint Thomas vs. Omaha
Nebraska-Omaha,97,50 Free,1,23.53,Julia Thomas,,SIU A3 Performance Invite
Nebraska-Omaha,97,50 Free,2,23.83,Leah Spencer,,Saint Thomas vs. Omaha
Nebraska-Omaha,97,50 Free,3,23.87,Catalina Kahan,,SIU A3 Performance Invite
Nebraska-Omaha,97,50 Free,4,23.98,Rachel Shelstad,,SIU A3 Performance Invite
Nebraska-Omaha,97,50 Free,5,23.99,Danica Brunk,,Saint Thomas vs. Omaha
Nebraska-Omaha,97,50 Free,6,24.18,Alaina Agnew,,SIU A3 Performance Invite
Nebraska-Omaha,97,50 Free,7,24.36,Kate Novinski,,SIU A3 Performance Invite
Nebraska-Omaha,97,50 Free,8,24.55,Olivia Dendinger,,Nebraska-Omaha vs. Rockhurst
Nebraska-Omaha,97,50 Free,9,24.57,Ashlyn Penas,,Saint Thomas vs. Omaha
Nebraska-Omaha,97,50 Free,10,24.75,Kira Jacobs,,"Omaha vs. Iowa Western, College of Saint Mary"
Nebraska-Omaha,97,500 Free,1,5:03.41,Kira Jacobs,,SIU A3 Performance Invite
Nebraska-Omaha,97,500 Free,2,5:06.51,Kate Kochenderfer,,Saint Thomas vs. Omaha
Nebraska-Omaha,97,500 Free,3,5:08.10,Aubrey Hutter,,SIU A3 Performance Invite
Nebraska-Omaha,97,500 Free,4,5:08.70,Kadence Jeffries,,SIU A3 Performance Invite
Nebraska-Omaha,97,500 Free,5,5:18.13,Leah Spencer,,Nebraska-Omaha vs. Rockhurst
Nebraska-Omaha,97,500 Free,6,5:19.87,Kate Novinski,,"Omaha vs. Iowa Western, College of Saint Mary"
Nebraska-Omaha,97,500 Free,7,5:26.82,Emma Wisker,,"Omaha vs. Iowa Western, College of Saint Mary"
North Carolina,60,100 Back,1,52.06,Sophia Frei,,Gamecock Invitational
North Carolina,60,100 Back,2,52.06,Emma Karam,,"UNC vs. Boston College, UNC-Wilmington"
North Carolina,60,100 Back,3,52.76,Kamryn Meskill,,Gamecock Invitational
North Carolina,60,100 Back,4,54.38,Tom Mienis,,Gamecock Invitational
North Carolina,60,100 Back,5,54.78,Eden Goettsch,,Gamecock Invitational
North Carolina,60,100 Back,6,55.01,Adeline Cloutier,,Gamecock Invitational
North Carolina,60,100 Back,7,55.34,Maren Conze,,UVA vs UNC
North Carolina,60,100 Breast,1,59.97,Skyler Smith,,"UNC vs. Boston College, UNC-Wilmington"
North Carolina,60,100 Breast,2,1:00.43,Samantha Armand,,UVA vs UNC
North Carolina,60,100 Breast,3,1:01.74,Kamryn Meskill,,Gamecock Invitational
North Carolina,60,100 Breast,4,1:02.50,Olympia Pope,,North Carolina vs. NC State
North Carolina,60,100 Breast,5,1:02.58,Ava Muzzy,,South Carolina vs. North Carolina
North Carolina,60,100 Breast,6,1:04.45,Mackenzie Headley,,Duke vs UNC
North Carolina,60,100 Breast,7,1:07.43,Adeline Cloutier,,UVA vs UNC
North Carolina,60,100 Fly,1,53.11,Kamryn Meskill,,Gamecock Invitational
North Carolina,60,100 Fly,2,53.46,Mary Macaulay,,UVA vs UNC
North Carolina,60,100 Fly,3,53.56,Taylor Bloom,,Gamecock Invitational
North Carolina,60,100 Fly,4,53.97,Emma Karam,,North Carolina vs. NC State
North Carolina,60,100 Fly,5,54.12,Lily Sawyer,,Gamecock Invitational
North Carolina,60,100 Fly,6,54.67,Chloe Stinson,,Gamecock Invitational
North Carolina,60,100 Fly,7,54.92,Sophia Frei,,Gamecock Invitational
North Carolina,60,100 Fly,8,55.83,Mackenzie Headley,,Gamecock Invitational
North Carolina,60,100 Fly,9,57.03,Aislin Farris,,Gamecock Invitational
North Carolina,60,100 Fly,10,57.37,Emma Sayers,,"UNC vs. Boston College, UNC-Wilmington"
North Carolina,60,100 Free,1,48.93,Michaela Chokureva,,North Carolina vs. NC State
North Carolina,60,100 Free,2,49.20,Kamryn Meskill,,Gamecock Invitational
North Carolina,60,100 Free,3,50.16,Mackenzie Headley,,"UNC vs. Boston College, UNC-Wilmington"
North Carolina,60,100 Free,4,50.53,Chloe Stinson,,Gamecock Invitational
North Carolina,60,100 Free,5,50.76,Eden Goettsch,,Gamecock Invitational
North Carolina,60,100 Free,6,51.00,Lily Sawyer,,North Carolina vs. NC State
North Carolina,60,100 Free,7,51.17,Lily Reader,,Duke vs UNC
North Carolina,60,100 Free,8,51.40,Ava Muzzy,,Gamecock Invitational
North Carolina,60,100 Free,9,51.87,Marija Romanovskij,,North Carolina vs. NC State
North Carolina,60,100 Free,10,51.89,Madeline Smith,,Duke vs UNC
North Carolina,60,1000 Free,1,9:47.97,Lily Reader,,North Carolina vs. NC State
North Carolina,60,1000 Free,2,9:53.14,Lexie Ward,,UVA vs UNC
North Carolina,60,1000 Free,3,10:00.22,Aislin Farris,,UVA vs UNC
North Carolina,60,1000 Free,4,10:04.36,Grace Hodgins,,Duke vs UNC
North Carolina,60,1000 Free,5,10:10.09,Emma Sayers,,North Carolina vs. NC State
North Carolina,60,1650 Free,1,16:26.80,Lily Reader,,Gamecock Invitational
North Carolina,60,1650 Free,2,16:35.69,Lexie Ward,,Gamecock Invitational
North Carolina,60,1650 Free,3,16:44.68,Grace Hodgins,,Gamecock Invitational
North Carolina,60,1650 Free,4,16:53.53,Emma Sayers,,Gamecock Invitational
North Carolina,60,200 Back,1,1:52.63,Sophia Frei,,North Carolina vs. NC State
North Carolina,60,200 Back,2,1:53.42,Emma Karam,,South Carolina vs. North Carolina
North Carolina,60,200 Back,3,1:56.19,Tom Mienis,,Gamecock Invitational
North Carolina,60,200 Back,4,1:56.74,Maren Conze,,Gamecock Invitational
North Carolina,60,200 Back,5,1:56.80,Aislin Farris,,North Carolina vs. NC State
North Carolina,60,200 Back,6,2:00.06,Ava Muzzy,,"UNC vs. Boston College, UNC-Wilmington"
North Carolina,60,200 Back,7,2:00.14,Adeline Cloutier,,Gamecock Invitational
North Carolina,60,200 Back,8,2:00.60,Lexie Ward,,Gamecock Invitational
North Carolina,60,200 Breast,1,2:11.07,Mary Macaulay,,North Carolina vs. NC State
North Carolina,60,200 Breast,2,2:11.95,Samantha Armand,,UVA vs UNC
North Carolina,60,200 Breast,3,2:14.96,Ava Muzzy,,South Carolina vs. North Carolina
North Carolina,60,200 Breast,4,2:15.33,Olympia Pope,,North Carolina vs. NC State
North Carolina,60,200 Breast,5,2:18.84,Aislin Farris,,UVA vs UNC
North Carolina,60,200 Breast,6,2:19.90,Taylor Bloom,,UNC vs. Queens
North Carolina,60,200 Fly,1,1:55.19,Taylor Bloom,,North Carolina vs. NC State
North Carolina,60,200 Fly,2,1:56.17,Mary Macaulay,,Duke vs UNC
North Carolina,60,200 Fly,3,1:57.73,Aislin Farris,,North Carolina vs. NC State
North Carolina,60,200 Fly,4,2:01.26,Lily Sawyer,,Gamecock Invitational
North Carolina,60,200 Fly,5,2:01.88,Emma Sayers,,"UNC vs. Boston College, UNC-Wilmington"
North Carolina,60,200 Fly,6,2:02.32,Ava Muzzy,,UVA vs UNC
North Carolina,60,200 Fly,7,2:04.74,Lexie Ward,,Duke vs UNC
North Carolina,60,200 Fly,8,2:05.42,Lily Reader,,Gamecock Invitational
North Carolina,60,200 Free,1,1:45.75,Maren Conze,,Gamecock Invitational
North Carolina,60,200 Free,2,1:47.44,Mary Macaulay,,Gamecock Invitational
North Carolina,60,200 Free,3,1:48.14,Ava Muzzy,,"UNC vs. Boston College, UNC-Wilmington"
North Carolina,60,200 Free,4,1:48.32,Lily Reader,,Gamecock Invitational
North Carolina,60,200 Free,5,1:48.86,Emma Karam,,Gamecock Invitational
North Carolina,60,200 Free,6,1:49.09,Lily Sawyer,,South Carolina vs. North Carolina
North Carolina,60,200 Free,7,1:50.68,Lexie Ward,,Gamecock Invitational
North Carolina,60,200 Free,8,1:50.95,Tiffany Murillo Jinete,,North Carolina vs. NC State
North Carolina,60,200 Free,9,1:51.01,Emma Sayers,,Gamecock Invitational
North Carolina,60,200 Free,10,1:51.79,Michaela Chokureva,,Gamecock Invitational
North Carolina,60,200 Im,1,1:57.17,Mary Macaulay,,UVA vs UNC
North Carolina,60,200 Im,2,2:00.22,Samantha Armand,,UVA vs UNC
North Carolina,60,200 Im,3,2:00.52,Aislin Farris,,North Carolina vs. NC State
North Carolina,60,200 Im,4,2:00.68,Ava Muzzy,,Gamecock Invitational
North Carolina,60,200 Im,5,2:02.26,Taylor Bloom,,Gamecock Invitational
North Carolina,60,200 Im,6,2:02.46,Emma Karam,,Duke vs UNC
North Carolina,60,200 Im,7,2:02.98,Kamryn Meskill,,UVA vs UNC
North Carolina,60,200 Im,8,2:04.73,Lexie Ward,,"UNC vs. Boston College, UNC-Wilmington"
North Carolina,60,200 Im,9,2:06.70,Adeline Cloutier,,UVA vs UNC
North Carolina,60,400 Im,1,4:09.85,Mary Macaulay,,Gamecock Invitational
North Carolina,60,400 Im,2,4:10.62,Aislin Farris,,Gamecock Invitational
North Carolina,60,400 Im,3,4:14.88,Ava Muzzy,,Gamecock Invitational
North Carolina,60,400 Im,4,4:21.92,Lexie Ward,,Gamecock Invitational
North Carolina,60,400 Im,5,4:31.47,Grace Hodgins,,Gamecock Invitational
North Carolina,60,50 Free,1,22.33,Kamryn Meskill,,UVA vs UNC
North Carolina,60,50 Free,2,22.93,Michaela Chokureva,,North Carolina vs. NC State
North Carolina,60,50 Free,3,22.99,Mackenzie Headley,,North Carolina vs. NC State
North Carolina,60,50 Free,4,23.02,Chloe Stinson,,"UNC vs. Boston College, UNC-Wilmington"
North Carolina,60,50 Free,5,23.20,Eden Goettsch,,Gamecock Invitational
North Carolina,60,50 Free,6,23.45,Sophia Frei,,Gamecock Invitational
North Carolina,60,50 Free,7,23.59,Marija Romanovskij,,North Carolina vs. NC State
North Carolina,60,50 Free,8,24.01,Adeline Cloutier,,Gamecock Invitational
North Carolina,60,50 Free,9,24.30,Lily Reader,,UNC vs. Queens
North Carolina,60,50 Free,10,24.46,Lily Sawyer,,North Carolina vs. NC State
North Carolina,60,500 Free,1,4:44.82,Maren Conze,,North Carolina vs. NC State
North Carolina,60,500 Free,2,4:46.23,Lily Reader,,North Carolina vs. NC State
North Carolina,60,500 Free,3,4:47.98,Ava Muzzy,,Gamecock Invitational
North Carolina,60,500 Free,4,4:48.87,Lexie Ward,,Gamecock Invitational
North Carolina,60,500 Free,5,4:50.06,Aislin Farris,,Gamecock Invitational
North Carolina,60,500 Free,6,4:52.86,Emma Sayers,,Gamecock Invitational
North Carolina,60,500 Free,7,4:54.82,Lily Sawyer,,UVA vs UNC
North Carolina,60,500 Free,8,4:57.96,Tiffany Murillo Jinete,,North Carolina vs. NC State
North Carolina,60,500 Free,9,5:00.84,Grace Hodgins,,Duke vs UNC
Notre Dame,53,100 Back,1,53.54,Lente Geelen,,Miami Invitational
Notre Dame,53,100 Back,2,53.62,Emily Hamill,,Miami Invitational
Notre Dame,53,100 Back,3,55.33,Tess Heavner,,Miami Invitational
Notre Dame,53,100 Back,4,55.89,Gretchen Lueking,,Notre Dame vs Northwestern
Notre Dame,53,100 Back,5,56.14,Sailor Whowell,,Miami Invitational
Notre Dame,53,100 Back,6,57.24,Kate Hotem,,Louisville vs Notre Dame
Notre Dame,53,100 Breast,1,1:01.55,Mary Codevilla,,Tim Welsh Classic
Notre Dame,53,100 Breast,2,1:02.30,Julieta Tracy,,Miami Invitational
Notre Dame,53,100 Breast,3,1:02.57,Gracyn Lanning,,Notre Dame vs Northwestern
Notre Dame,53,100 Breast,4,1:02.99,Gigi Baldacci,,Tim Welsh Classic
Notre Dame,53,100 Breast,5,1:05.86,LilyAnne Darcy,,Miami Invitational
Notre Dame,53,100 Breast,6,1:07.39,Meghan Christman,,Tim Welsh Classic
Notre Dame,53,100 Fly,1,52.95,Hollie Widdows,,Tim Welsh Classic
Notre Dame,53,100 Fly,2,53.35,Becky Rentz,,Notre Dame vs Northwestern
Notre Dame,53,100 Fly,3,54.49,Gretchen Lueking,,Tim Welsh Classic
Notre Dame,53,100 Fly,4,54.82,Gracyn Lanning,,Tim Welsh Classic
Notre Dame,53,100 Fly,5,54.99,Carli Cronk,,World Aquatics World Cup - Westmont
Notre Dame,53,100 Fly,6,55.62,Emily Kitayama,,Miami Invitational
Notre Dame,53,100 Fly,7,56.72,Lainey Mullins,,World Aquatics World Cup - Westmont
Notre Dame,53,100 Fly,8,57.56,Grace Brenneman,,Tim Welsh Classic
Notre Dame,53,100 Fly,9,59.35,Alyssa Street,,Tim Welsh Classic
Notre Dame,53,100 Fly,10,59.42,Kate Hotem,,Miami Invitational
Notre Dame,53,100 Free,1,48.24,Hollie Widdows,,Miami Invitational
Notre Dame,53,100 Free,2,50.00,Kate Simon,,Notre Dame vs Northwestern
Notre Dame,53,100 Free,3,50.10,Lente Geelen,,Miami Invitational
Notre Dame,53,100 Free,4,50.21,Becky Rentz,,Tim Welsh Classic
Notre Dame,53,100 Free,5,50.56,Emily Hamill,,Miami Invitational
Notre Dame,53,100 Free,6,50.66,Grace Brenneman,,Miami Invitational
Notre Dame,53,100 Free,7,50.67,Greta Marlene Kolbeck,,Notre Dame vs Northwestern
Notre Dame,53,100 Free,8,50.96,Gretchen Lueking,,Tim Welsh Classic
Notre Dame,53,100 Free,9,51.36,Emily Kitayama,,Tim Welsh Classic
Notre Dame,53,100 Free,10,51.70,Sailor Whowell,,Tim Welsh Classic
Notre Dame,53,1000 Free,1,10:06.35,Alyssa Street,,Tim Welsh Classic
Notre Dame,53,1000 Free,2,10:08.87,Ava Pape,,Notre Dame vs Northwestern
Notre Dame,53,1000 Free,3,10:15.78,Lainey Mullins,,ND vs UM vs WISC
Notre Dame,53,1000 Free,4,10:17.80,Abby O'Sullivan,,Louisville vs Notre Dame
Notre Dame,53,1000 Free,5,11:09.86,Maddie Faikish,,ND vs UM vs WISC
Notre Dame,53,1650 Free,1,16:51.36,Alyssa Street,,Miami Invitational
Notre Dame,53,1650 Free,2,16:59.41,Ava Pape,,Miami Invitational
Notre Dame,53,200 Back,1,1:53.91,Emily Hamill,,Miami Invitational
Notre Dame,53,200 Back,2,1:59.72,Kate Hotem,,Miami Invitational
Notre Dame,53,200 Back,3,2:00.23,Tess Heavner,,Miami Invitational
Notre Dame,53,200 Back,4,2:01.73,Alyssa Street,,Louisville vs Notre Dame
Notre Dame,53,200 Back,5,2:02.98,Ava Pape,,World Aquatics World Cup - Westmont
Notre Dame,53,200 Breast,1,2:12.85,Gracyn Lanning,,Notre Dame vs Northwestern
Notre Dame,53,200 Breast,2,2:14.75,Julieta Tracy,,Miami Invitational
Notre Dame,53,200 Breast,3,2:15.40,Mary Codevilla,,Tim Welsh Classic
Notre Dame,53,200 Breast,4,2:18.07,Emily Kitayama,,Notre Dame vs Northwestern
Notre Dame,53,200 Breast,5,2:18.12,Gigi Baldacci,,Miami Invitational
Notre Dame,53,200 Breast,6,2:21.55,LilyAnne Darcy,,Miami Invitational
Notre Dame,53,200 Fly,1,1:55.28,Carli Cronk,,Tim Welsh Classic
Notre Dame,53,200 Fly,2,1:57.36,Lainey Mullins,,Miami Invitational
Notre Dame,53,200 Fly,3,1:58.11,Emily Kitayama,,Notre Dame vs Northwestern
Notre Dame,53,200 Fly,4,2:04.31,Abby O'Sullivan,,Tim Welsh Classic
Notre Dame,53,200 Free,1,1:46.06,Carli Cronk,,Notre Dame vs Northwestern
Notre Dame,53,200 Free,2,1:47.04,Hollie Widdows,,Miami Invitational
Notre Dame,53,200 Free,3,1:47.47,Emily Hamill,,Miami Invitational
Notre Dame,53,200 Free,4,1:47.65,Becky Rentz,,Miami Invitational
Notre Dame,53,200 Free,5,1:47.91,Lainey Mullins,,Notre Dame vs Northwestern
Notre Dame,53,200 Free,6,1:48.17,Kate Simon,,Notre Dame vs Northwestern
Notre Dame,53,200 Free,7,1:48.76,Greta Marlene Kolbeck,,Notre Dame vs Northwestern
Notre Dame,53,200 Free,8,1:50.31,Emily Kitayama,,Miami Invitational
Notre Dame,53,200 Free,9,1:51.68,Julieta Tracy,,Tim Welsh Classic
Notre Dame,53,200 Free,10,1:52.80,Gretchen Lueking,,Louisville vs Notre Dame
Notre Dame,53,200 Im,1,2:00.49,Emily Kitayama,,Miami Invitational
Notre Dame,53,200 Im,2,2:01.29,Lainey Mullins,,Tim Welsh Classic
Notre Dame,53,200 Im,3,2:01.39,Julieta Tracy,,Miami Invitational
Notre Dame,53,200 Im,4,2:01.68,Gretchen Lueking,,Tim Welsh Classic
Notre Dame,53,200 Im,5,2:01.84,Gracyn Lanning,,Tim Welsh Classic
Notre Dame,53,200 Im,6,2:01.89,Mary Codevilla,,Miami Invitational
Notre Dame,53,200 Im,7,2:02.37,Carli Cronk,,Miami (FL) vs. Notre Dame
Notre Dame,53,200 Im,8,2:02.50,Tess Heavner,,Miami Invitational
Notre Dame,53,200 Im,9,2:03.55,Kate Hotem,,Miami Invitational
Notre Dame,53,200 Im,10,2:07.40,Ava Pape,,World Aquatics World Cup - Westmont
Notre Dame,53,400 Im,1,4:08.80,Carli Cronk,,Tim Welsh Classic
Notre Dame,53,400 Im,2,4:15.09,Lainey Mullins,,Tim Welsh Classic
Notre Dame,53,400 Im,3,4:18.65,Alyssa Street,,Miami Invitational
Notre Dame,53,400 Im,4,4:22.36,Abby O'Sullivan,,Tim Welsh Classic
Notre Dame,53,400 Im,5,4:23.57,Ava Pape,,World Aquatics World Cup - Westmont
Notre Dame,53,400 Im,6,4:24.26,Kate Hotem,,Miami Invitational
Notre Dame,53,50 Free,1,22.45,Hollie Widdows,,Miami Invitational
Notre Dame,53,50 Free,2,23.02,Becky Rentz,,Notre Dame vs Northwestern
Notre Dame,53,50 Free,3,23.02,Grace Brenneman,,Miami Invitational
Notre Dame,53,50 Free,4,23.14,Kate Simon,,Notre Dame vs Northwestern
Notre Dame,53,50 Free,5,23.28,Sailor Whowell,,Tim Welsh Classic
Notre Dame,53,50 Free,6,23.30,Lente Geelen,,Miami Invitational
Notre Dame,53,50 Free,7,23.40,Gigi Baldacci,,Miami Invitational
Notre Dame,53,50 Free,8,23.83,Meghan Christman,,Notre Dame vs Northwestern
Notre Dame,53,50 Free,9,24.06,Emily Kitayama,,Miami Invitational
Notre Dame,53,50 Free,10,24.32,Emily Hamill,,Miami Invitational
Notre Dame,53,500 Free,1,4:44.78,Lainey Mullins,,Miami Invitational
Notre Dame,53,500 Free,2,4:48.51,Emily Hamill,,Tim Welsh Classic
Notre Dame,53,500 Free,3,4:50.15,Alyssa Street,,Miami Invitational
Notre Dame,53,500 Free,4,4:51.75,Carli Cronk,,Miami (FL) vs. Notre Dame
Notre Dame,53,500 Free,5,4:53.49,Greta Marlene Kolbeck,,Miami Invitational
Notre Dame,53,500 Free,6,4:58.12,Abby O'Sullivan,,Miami Invitational
Notre Dame,53,500 Free,7,4:58.92,Ava Pape,,Miami Invitational
Notre Dame,53,500 Free,8,5:26.89,Maddie Faikish,,ND vs UM vs WISC
Pacific,413,100 Back,1,55.03,Annelise Thomas,,UNLV Invite
Pacific,413,100 Back,2,55.62,Diana Chan,,Trailblazer Invitational
Pacific,413,100 Back,3,1:00.01,Sophia Pinkham,,UNLV Invite
Pacific,413,100 Back,4,1:00.26,Macy Coad,,Trailblazer Invitational
Pacific,413,100 Back,5,1:01.26,Patricia Mae Torres,,UNLV Invite
Pacific,413,100 Breast,1,1:04.37,Laureen ROUSSEL,,Trailblazer Invitational
Pacific,413,100 Breast,2,1:04.54,Whitney Merriman,,UCSB vs UOP Dual
Pacific,413,100 Breast,3,1:05.54,Tayler Ziegler,,UNLV Invite
Pacific,413,100 Breast,4,1:07.29,Katie Honey,,Trailblazer Invitational
Pacific,413,100 Breast,5,1:10.24,Sophie Scroggins,,UNLV Invite
Pacific,413,100 Fly,1,56.46,Annelise Thomas,,UCSB vs UOP Dual
Pacific,413,100 Fly,2,57.73,Michela Portelli,,UCSB vs UOP Dual
Pacific,413,100 Fly,3,58.53,Lilliana Noriega,,PAC Invite
Pacific,413,100 Fly,4,58.59,Ava Harlos,,Pacific vs. UC Santa Cruz vs. San Jose State
Pacific,413,100 Fly,5,58.88,Sophia Pinkham,,Trailblazer Invitational
Pacific,413,100 Fly,6,1:01.12,Ruby Height,,UNLV Invite
Pacific,413,100 Fly,7,1:01.72,Macy Coad,,Trailblazer Invitational
Pacific,413,100 Fly,8,1:01.93,Sydney Meyer,,Pacific vs. UC Santa Cruz vs. San Jose State
Pacific,413,100 Fly,9,1:03.83,Whitney Merriman,,Trailblazer Invitational
Pacific,413,100 Free,1,51.31,Christina Agiomamitou,,UCSB vs UOP Dual
Pacific,413,100 Free,2,51.77,Josie Fields,,UNLV Invite
Pacific,413,100 Free,3,51.87,Amanda Schweichler,,UCSB vs UOP Dual
Pacific,413,100 Free,4,52.32,Kate Geiger,,UNLV Invite
Pacific,413,100 Free,5,52.46,Lilliana Noriega,,PAC Invite
Pacific,413,100 Free,6,52.63,Tayler Ziegler,,UNLV Invite
Pacific,413,100 Free,7,53.08,Diana Chan,,Pacific vs. UC Santa Cruz vs. San Jose State
Pacific,413,100 Free,8,53.55,Ruby Height,,Trailblazer Invitational
Pacific,413,100 Free,9,53.76,Sophia Pinkham,,UNLV Invite
Pacific,413,100 Free,10,54.08,Erin Schuch,,UNLV Invite
Pacific,413,1000 Free,1,10:11.78,Christina Agiomamitou,,Pacific vs. UC Santa Cruz vs. San Jose State
Pacific,413,1000 Free,2,10:32.46,Erin Schuch,,UCSB vs UOP Dual
Pacific,413,1000 Free,3,10:32.93,Ava Harlos,,UCSB vs UOP Dual
Pacific,413,1000 Free,4,10:55.11,Madison Arnold,,Pacific vs. UC Santa Cruz vs. San Jose State
Pacific,413,1650 Free,1,17:16.47,Christina Agiomamitou,,PAC Invite
Pacific,413,1650 Free,2,17:40.29,Erin Schuch,,PAC Invite
Pacific,413,1650 Free,3,18:18.33,Madison Arnold,,PAC Invite
Pacific,413,200 Back,1,2:05.09,Diana Chan,,Pacific vs. UC Santa Cruz vs. San Jose State
Pacific,413,200 Back,2,2:07.81,Sophia Pinkham,,Trailblazer Invitational
Pacific,413,200 Back,3,2:08.91,Macy Coad,,UNLV Invite
Pacific,413,200 Back,4,2:23.99,Patricia Mae Torres,,Pacific vs. Fresno Pacific
Pacific,413,200 Breast,1,2:19.02,Annelise Thomas,,UNLV Invite
Pacific,413,200 Breast,2,2:19.43,Laureen ROUSSEL,,UNLV Invite
Pacific,413,200 Breast,3,2:20.99,Whitney Merriman,,UNLV Invite
Pacific,413,200 Breast,4,2:24.22,Katie Honey,,UCSB vs UOP Dual
Pacific,413,200 Breast,5,2:33.97,Sophie Scroggins,,UNLV Invite
Pacific,413,200 Fly,1,2:06.86,Ava Harlos,,Pacific vs. UC Santa Cruz vs. San Jose State
Pacific,413,200 Fly,2,2:14.27,Sydney Meyer,,UCSB vs UOP Dual
Pacific,413,200 Fly,3,2:15.41,Michela Portelli,,UCSB vs UOP Dual
Pacific,413,200 Free,1,1:48.85,Christina Agiomamitou,,UCSB vs UOP Dual
Pacific,413,200 Free,2,1:53.15,Josie Fields,,Pacific vs. UC Santa Cruz vs. San Jose State
Pacific,413,200 Free,3,1:54.55,Kate Geiger,,UNLV Invite
Pacific,413,200 Free,4,1:55.19,Diana Chan,,Trailblazer Invitational
Pacific,413,200 Free,5,1:55.28,Amanda Schweichler,,Pacific vs. UC Santa Cruz vs. San Jose State
Pacific,413,200 Free,6,1:55.59,Sophia Pinkham,,UNLV Invite
Pacific,413,200 Free,7,1:55.69,Ruby Height,,UCSB vs UOP Dual
Pacific,413,200 Free,8,1:56.41,Erin Schuch,,Pacific vs. UC Santa Cruz vs. San Jose State
Pacific,413,200 Free,9,1:58.91,Madison Arnold,,Trailblazer Invitational
Pacific,413,200 Free,10,2:01.14,Lexy Lewis,,UNLV Invite
Pacific,413,200 Im,1,2:05.09,Annelise Thomas,,UNLV Invite
Pacific,413,200 Im,2,2:07.17,Whitney Merriman,,UNLV Invite
Pacific,413,200 Im,3,2:09.53,Ava Harlos,,UCSB vs UOP Dual
Pacific,413,200 Im,4,2:10.63,Macy Coad,,Trailblazer Invitational
Pacific,413,200 Im,5,2:12.98,Laureen ROUSSEL,,Trailblazer Invitational
Pacific,413,200 Im,6,2:15.93,Sydney Meyer,,UNLV Invite
Pacific,413,200 Im,7,2:23.11,Patricia Mae Torres,,PAC Invite
Pacific,413,400 Im,1,4:36.13,Ava Harlos,,Trailblazer Invitational
Pacific,413,400 Im,2,4:36.69,Whitney Merriman,,Trailblazer Invitational
Pacific,413,400 Im,3,4:38.75,Macy Coad,,UNLV Invite
Pacific,413,400 Im,4,4:46.36,Sydney Meyer,,UNLV Invite
Pacific,413,50 Free,1,23.49,Lilliana Noriega,,Trailblazer Invitational
Pacific,413,50 Free,2,23.69,Tayler Ziegler,,Pacific vs. UC Santa Cruz vs. San Jose State
Pacific,413,50 Free,3,23.80,Josie Fields,,UNLV Invite
Pacific,413,50 Free,4,23.97,Amanda Schweichler,,UCSB vs UOP Dual
Pacific,413,50 Free,5,24.03,Kate Geiger,,UNLV Invite
Pacific,413,50 Free,6,24.86,Diana Chan,,UNLV Invite
Pacific,413,50 Free,7,24.92,Madison Arnold,,Trailblazer Invitational
Pacific,413,50 Free,8,24.96,Ruby Height,,UCSB vs UOP Dual
Pacific,413,50 Free,9,25.02,Christina Agiomamitou,,UCSB vs UOP Dual
Pacific,413,50 Free,10,25.06,Ava Harlos,,Trailblazer Invitational
Pacific,413,500 Free,1,4:57.45,Christina Agiomamitou,,UCSB vs UOP Dual
Pacific,413,500 Free,2,5:06.93,Erin Schuch,,Pacific vs. UC Santa Cruz vs. San Jose State
Pacific,413,500 Free,3,5:14.58,Ava Harlos,,Trailblazer Invitational
Pacific,413,500 Free,4,5:17.14,Sophia Pinkham,,UNLV Invite
Pacific,413,500 Free,5,5:18.70,Madison Arnold,,UNLV Invite
Pacific,413,500 Free,6,5:19.98,Diana Chan,,PAC Invite
Penn,416,100 Back,1,52.77,Kate Levensten,,Princeton Big Al Invitational
Penn,416,100 Back,2,53.18,Amy Qin,,Princeton Big Al Invitational
Penn,416,100 Back,3,53.57,Brianna Cong,,Princeton Big Al Invitational
Penn,416,100 Back,4,54.75,Charlotte Holliday,,Princeton Big Al Invitational
Penn,416,100 Back,5,54.82,Connie Wang,,Princeton Big Al Invitational
Penn,416,100 Back,6,55.01,Margaret Hu,,Princeton Big Al Invitational
Penn,416,100 Back,7,56.00,Olivia Safarikova,,Princeton Big Al Invitational
Penn,416,100 Back,8,1:06.78,Sophie Henriksen,,Penn vs. Villanova
Penn,416,100 Breast,1,1:01.56,Kate Handley,,Princeton Big Al Invitational
Penn,416,100 Breast,2,1:02.52,Meredith Holcomb,,Princeton Big Al Invitational
Penn,416,100 Breast,3,1:05.06,Abby Druhan,,Princeton Big Al Invitational
Penn,416,100 Breast,4,1:05.70,Hannah Pecze,,UPENN vs Dartmouth vs Yale
Penn,416,100 Breast,5,1:08.83,Sienna Wiggins,,Princeton Big Al Invitational
Penn,416,100 Breast,6,1:09.41,Maddy Morawski,,Penn at West Chester
Penn,416,100 Fly,1,52.89,Kayla Fu,,"Cornell vs Penn, Princeton"
Penn,416,100 Fly,2,53.30,Margaret Hu,,Princeton Big Al Invitational
Penn,416,100 Fly,3,53.65,Kate Levensten,,Princeton Big Al Invitational
Penn,416,100 Fly,4,53.72,Brianna Cong,,Princeton Big Al Invitational
Penn,416,100 Fly,5,53.84,Amy Qin,,Princeton Big Al Invitational
Penn,416,100 Fly,6,53.88,Amber Smith,,Princeton Big Al Invitational
Penn,416,100 Fly,7,56.38,Sophie Henriksen,,"Cornell vs Penn, Princeton"
Penn,416,100 Fly,8,56.88,Lily Zhang,,UPENN vs Dartmouth vs Yale
Penn,416,100 Fly,9,57.19,Caroline Cancelmo,,Princeton Big Al Invitational
Penn,416,100 Fly,10,57.95,Erica Maltsev,,Princeton Big Al Invitational
Penn,416,100 Free,1,48.90,Kayla Fu,,"Cornell vs Penn, Princeton"
Penn,416,100 Free,2,49.78,Amy Qin,,UPENN vs Dartmouth vs Yale
Penn,416,100 Free,3,50.15,Connie Wang,,Penn at West Chester
Penn,416,100 Free,4,50.41,Amber Smith,,Princeton Big Al Invitational
Penn,416,100 Free,5,50.86,Brianna Cong,,Princeton Big Al Invitational
Penn,416,100 Free,6,51.01,Lily Zhang,,Princeton Big Al Invitational
Penn,416,100 Free,7,51.06,Olivia Safarikova,,Princeton Big Al Invitational
Penn,416,100 Free,8,51.37,Sophie Henriksen,,Princeton Big Al Invitational
Penn,416,100 Free,9,51.39,Katya Eruslanova,,Penn at West Chester
Penn,416,100 Free,10,52.27,Margaret Hu,,UPENN vs Dartmouth vs Yale
Penn,416,1000 Free,1,9:41.43,Anna Moehn,,UPENN vs Dartmouth vs Yale
Penn,416,1000 Free,2,9:44.75,Sydney Bergstrom,,UPENN vs Dartmouth vs Yale
Penn,416,1000 Free,3,9:58.59,Anna Boeckman,,UPENN vs Dartmouth vs Yale
Penn,416,1000 Free,4,10:09.48,Maggie Straley,,UPENN vs Dartmouth vs Yale
Penn,416,1000 Free,5,10:16.60,Caroline Cancelmo,,Princeton Big Al Invitational
Penn,416,1000 Free,6,10:29.19,Jenna Jacobs,,Princeton Big Al Invitational
Penn,416,1000 Free,7,10:31.72,Abby Druhan,,Princeton Big Al Invitational
Penn,416,1000 Free,8,10:35.95,Meredith Holcomb,,Drexel Vs UPenn
Penn,416,1650 Free,1,16:09.74,Sydney Bergstrom,,Princeton Big Al Invitational
Penn,416,1650 Free,2,16:11.18,Anna Moehn,,Princeton Big Al Invitational
Penn,416,1650 Free,3,16:38.82,Anna Boeckman,,Princeton Big Al Invitational
Penn,416,1650 Free,4,16:54.77,Caroline Cancelmo,,Princeton Big Al Invitational
Penn,416,1650 Free,5,16:56.86,Maggie Straley,,Princeton Big Al Invitational
Penn,416,1650 Free,6,17:19.92,Jenna Jacobs,,Princeton Big Al Invitational
Penn,416,1650 Free,7,17:28.97,Abby Druhan,,Princeton Big Al Invitational
Penn,416,200 Back,1,1:55.17,Brianna Cong,,"Cornell vs Penn, Princeton"
Penn,416,200 Back,2,1:55.22,Kate Levensten,,Princeton Big Al Invitational
Penn,416,200 Back,3,1:56.91,Katya Eruslanova,,UPENN vs Dartmouth vs Yale
Penn,416,200 Back,4,1:59.71,Charlotte Holliday,,Princeton Big Al Invitational
Penn,416,200 Back,5,2:00.38,Erica Maltsev,,Princeton Big Al Invitational
Penn,416,200 Back,6,2:00.39,Olivia Safarikova,,Princeton Big Al Invitational
Penn,416,200 Back,7,2:00.57,Sophie Henriksen,,Princeton Big Al Invitational
Penn,416,200 Back,8,2:01.13,Connie Wang,,Penn vs. Villanova
Penn,416,200 Back,9,2:02.42,Amy Qin,,Drexel Vs UPenn
Penn,416,200 Back,10,2:07.55,Anna Moehn,,Penn at West Chester
Penn,416,200 Breast,1,2:13.99,Meredith Holcomb,,Princeton Big Al Invitational
Penn,416,200 Breast,2,2:14.92,Kate Handley,,Princeton Big Al Invitational
Penn,416,200 Breast,3,2:19.81,Abby Druhan,,Princeton Big Al Invitational
Penn,416,200 Breast,4,2:22.51,Hannah Pecze,,UPENN vs Dartmouth vs Yale
Penn,416,200 Breast,5,2:24.05,Anna Boeckman,,Drexel Vs UPenn
Penn,416,200 Breast,6,2:25.07,Maddy Morawski,,Princeton Big Al Invitational
Penn,416,200 Breast,7,2:25.34,Sydney Bergstrom,,Penn at West Chester
Penn,416,200 Fly,1,1:58.21,Margaret Hu,,UPENN vs Dartmouth vs Yale
Penn,416,200 Fly,2,2:00.18,Katya Eruslanova,,Princeton Big Al Invitational
Penn,416,200 Fly,3,2:00.34,Lily Zhang,,Princeton Big Al Invitational
Penn,416,200 Fly,4,2:01.53,Anna Moehn,,Penn at West Chester
Penn,416,200 Fly,5,2:01.56,Erica Maltsev,,"Cornell vs Penn, Princeton"
Penn,416,200 Fly,6,2:05.18,Caroline Cancelmo,,Princeton Big Al Invitational
Penn,416,200 Fly,7,2:09.25,Sydney Bergstrom,,Drexel Vs UPenn
Penn,416,200 Fly,8,2:13.73,Maddy Morawski,,UPENN vs Dartmouth vs Yale
Penn,416,200 Fly,9,2:14.15,Maggie Straley,,Penn v. Columbia
Penn,416,200 Free,1,1:47.80,Anna Moehn,,Princeton Big Al Invitational
Penn,416,200 Free,2,1:48.13,Katya Eruslanova,,UPENN vs Dartmouth vs Yale
Penn,416,200 Free,3,1:48.57,Kayla Fu,,Penn v. Columbia
Penn,416,200 Free,4,1:49.15,Olivia Safarikova,,UPENN vs Dartmouth vs Yale
Penn,416,200 Free,5,1:49.34,Sophie Henriksen,,Princeton Big Al Invitational
Penn,416,200 Free,6,1:49.64,Lily Zhang,,Princeton Big Al Invitational
Penn,416,200 Free,7,1:49.68,Jenna Jacobs,,UPENN vs Dartmouth vs Yale
Penn,416,200 Free,8,1:50.38,Maggie Straley,,Princeton Big Al Invitational
Penn,416,200 Free,9,1:50.83,Amber Smith,,Princeton Big Al Invitational
Penn,416,200 Free,10,1:52.22,Caroline Cancelmo,,Princeton Big Al Invitational
Penn,416,200 Im,1,1:59.26,Katya Eruslanova,,Princeton Big Al Invitational
Penn,416,200 Im,2,2:01.32,Erica Maltsev,,Princeton Big Al Invitational
Penn,416,200 Im,3,2:01.92,Kate Levensten,,Princeton Big Al Invitational
Penn,416,200 Im,4,2:02.18,Meredith Holcomb,,Princeton Big Al Invitational
Penn,416,200 Im,5,2:04.11,Olivia Safarikova,,Princeton Big Al Invitational
Penn,416,200 Im,6,2:04.12,Charlotte Holliday,,Princeton Big Al Invitational
Penn,416,200 Im,7,2:04.41,Kayla Fu,,Penn v. Columbia
Penn,416,200 Im,8,2:05.48,Anna Moehn,,UPENN vs Dartmouth vs Yale
Penn,416,200 Im,9,2:06.89,Abby Druhan,,Princeton Big Al Invitational
Penn,416,200 Im,10,2:07.37,Amy Qin,,Penn at West Chester
Penn,416,400 Im,1,4:15.17,Katya Eruslanova,,Princeton Big Al Invitational
Penn,416,400 Im,2,4:17.60,Erica Maltsev,,Princeton Big Al Invitational
Penn,416,400 Im,3,4:19.33,Meredith Holcomb,,Princeton Big Al Invitational
Penn,416,400 Im,4,4:22.27,Sydney Bergstrom,,Princeton Big Al Invitational
Penn,416,400 Im,5,4:25.94,Anna Boeckman,,Princeton Big Al Invitational
Penn,416,400 Im,6,4:34.97,Maddy Morawski,,Princeton Big Al Invitational
Penn,416,50 Free,1,22.56,Kayla Fu,,Princeton Big Al Invitational
Penn,416,50 Free,2,22.72,Amy Qin,,Princeton Big Al Invitational
Penn,416,50 Free,3,23.28,Amber Smith,,Princeton Big Al Invitational
Penn,416,50 Free,4,23.42,Brianna Cong,,Princeton Big Al Invitational
Penn,416,50 Free,5,23.47,Connie Wang,,Princeton Big Al Invitational
Penn,416,50 Free,6,23.58,Margaret Hu,,Princeton Big Al Invitational
Penn,416,50 Free,7,24.50,Sophie Henriksen,,Princeton Big Al Invitational
Penn,416,50 Free,8,24.68,Lily Zhang,,Princeton Big Al Invitational
Penn,416,50 Free,9,24.70,Olivia Safarikova,,Princeton Big Al Invitational
Penn,416,50 Free,10,24.71,Jenna Jacobs,,Princeton Big Al Invitational
Penn,416,500 Free,1,4:43.58,Anna Moehn,,Princeton Big Al Invitational
Penn,416,500 Free,2,4:45.02,Sydney Bergstrom,,Princeton Big Al Invitational
Penn,416,500 Free,3,4:52.48,Maggie Straley,,Princeton Big Al Invitational
Penn,416,500 Free,4,4:53.23,Anna Boeckman,,Princeton Big Al Invitational
Penn,416,500 Free,5,4:54.03,Jenna Jacobs,,UPENN vs Dartmouth vs Yale
Penn,416,500 Free,6,4:54.09,Lily Zhang,,Princeton Big Al Invitational
Penn,416,500 Free,7,4:55.00,Sophie Henriksen,,Princeton Big Al Invitational
Penn,416,500 Free,8,4:55.05,Kayla Fu,,Penn at West Chester
Penn,416,500 Free,9,4:57.04,Caroline Cancelmo,,Princeton Big Al Invitational
Penn,416,500 Free,10,4:57.82,Abby Druhan,,Princeton Big Al Invitational
Pittsburgh,405,100 Back,1,51.03,Claire Jansen,,Texas Hall of Fame Invitational
Pittsburgh,405,100 Back,2,52.14,Sydney Gring,,Texas Hall of Fame Invitational
Pittsburgh,405,100 Back,3,52.59,Mary Clarke,,Texas Hall of Fame Invitational
Pittsburgh,405,100 Back,4,53.37,Parker Del Balso,,Texas Hall of Fame Invitational
Pittsburgh,405,100 Back,5,53.42,Avery Kudlac,,West Virginia vs. Pittsburgh
Pittsburgh,405,100 Back,6,54.28,Sof Tijunelis,,Texas Hall of Fame Invitational
Pittsburgh,405,100 Back,7,56.06,Anna Wiechertjes,,Texas Hall of Fame Invitational
Pittsburgh,405,100 Back,8,58.95,Kate Bailey,,West Virginia vs. Pittsburgh
Pittsburgh,405,100 Back,9,1:00.50,Jayla Pina,,Pitt-CMU-Duquesne Relays
Pittsburgh,405,100 Breast,1,1:00.84,Angelina Messina,,Texas Hall of Fame Invitational
Pittsburgh,405,100 Breast,2,1:02.51,Jessica Strong,,Texas Hall of Fame Invitational
Pittsburgh,405,100 Breast,3,1:02.82,Jayla Pina,,Texas Hall of Fame Invitational
Pittsburgh,405,100 Breast,4,1:04.37,Giona Lavorini,,Texas Hall of Fame Invitational
Pittsburgh,405,100 Fly,1,51.48,Sydney Gring,,Texas Hall of Fame Invitational
Pittsburgh,405,100 Fly,2,53.43,Avery Kudlac,,West Virginia vs. Pittsburgh
Pittsburgh,405,100 Fly,3,53.74,Allie Witdoeckt,,Texas Hall of Fame Invitational
Pittsburgh,405,100 Fly,4,54.62,Olivia Yoo,,Texas Hall of Fame Invitational
Pittsburgh,405,100 Fly,5,54.70,Avery Hafele,,Texas Hall of Fame Invitational
Pittsburgh,405,100 Fly,6,56.64,Kate Bailey,,Texas Hall of Fame Invitational
Pittsburgh,405,100 Fly,7,56.67,Jessica Strong,,Texas Hall of Fame Invitational
Pittsburgh,405,100 Fly,8,58.02,Kimmy Shannon,,Texas Hall of Fame Invitational
Pittsburgh,405,100 Fly,9,58.75,Emily Bucaro,,Texas Hall of Fame Invitational
Pittsburgh,405,100 Free,1,48.28,Avery Kudlac,,Texas Hall of Fame Invitational
Pittsburgh,405,100 Free,2,48.61,Mary Clarke,,Texas Hall of Fame Invitational
Pittsburgh,405,100 Free,3,50.00,Claire Jansen,,West Virginia vs. Pittsburgh
Pittsburgh,405,100 Free,4,50.22,Sof Tijunelis,,Texas Hall of Fame Invitational
Pittsburgh,405,100 Free,5,50.36,Anna Wiechertjes,,Texas Hall of Fame Invitational
Pittsburgh,405,100 Free,6,50.80,Allie Witdoeckt,,West Virginia vs. Pittsburgh
Pittsburgh,405,100 Free,7,51.19,Avery Hafele,,"Akron vs. Miami, Pittsburgh"
Pittsburgh,405,100 Free,8,51.53,Emily Bucaro,,Texas Hall of Fame Invitational
Pittsburgh,405,1000 Free,1,9:56.82,Emily Bucaro,,"Akron vs. Miami, Pittsburgh"
Pittsburgh,405,1000 Free,2,10:03.72,Kimmy Shannon,,"Akron vs. Miami, Pittsburgh"
Pittsburgh,405,1000 Free,3,10:31.10,Allie Witdoeckt,,Penn State vs. Pitt
Pittsburgh,405,1000 Free,4,11:08.38,Jayla Pina,,Penn State vs. Pitt
Pittsburgh,405,1000 Free,5,11:13.97,Kate Bailey,,Michigan vs Pitt vs Oakland Univ
Pittsburgh,405,1650 Free,1,16:33.69,Emily Bucaro,,Texas Hall of Fame Invitational
Pittsburgh,405,200 Back,1,1:50.47,Claire Jansen,,Texas Hall of Fame Invitational
Pittsburgh,405,200 Back,2,1:54.82,Kimmy Shannon,,Texas Hall of Fame Invitational
Pittsburgh,405,200 Back,3,1:56.25,Parker Del Balso,,Texas Hall of Fame Invitational
Pittsburgh,405,200 Back,4,1:58.72,Allie Witdoeckt,,Texas Hall of Fame Invitational
Pittsburgh,405,200 Back,5,1:59.71,Sof Tijunelis,,Texas Hall of Fame Invitational
Pittsburgh,405,200 Back,6,2:00.80,Mary Clarke,,Texas Hall of Fame Invitational
Pittsburgh,405,200 Breast,1,2:11.36,Angelina Messina,,Texas Hall of Fame Invitational
Pittsburgh,405,200 Breast,2,2:15.59,Kimmy Shannon,,West Virginia vs. Pittsburgh
Pittsburgh,405,200 Breast,3,2:17.67,Jessica Strong,,Texas Hall of Fame Invitational
Pittsburgh,405,200 Breast,4,2:18.73,Giona Lavorini,,Texas Hall of Fame Invitational
Pittsburgh,405,200 Breast,5,2:19.13,Jayla Pina,,Texas Hall of Fame Invitational
Pittsburgh,405,200 Fly,1,1:56.07,Sydney Gring,,Penn State vs. Pitt
Pittsburgh,405,200 Fly,2,2:00.40,Kimmy Shannon,,West Virginia vs. Pittsburgh
Pittsburgh,405,200 Fly,3,2:00.71,Olivia Yoo,,Texas Hall of Fame Invitational
Pittsburgh,405,200 Fly,4,2:01.60,Allie Witdoeckt,,Texas Hall of Fame Invitational
Pittsburgh,405,200 Fly,5,2:03.95,Emily Bucaro,,West Virginia vs. Pittsburgh
Pittsburgh,405,200 Fly,6,2:05.75,Kate Bailey,,Penn State vs. Pitt
Pittsburgh,405,200 Free,1,1:46.42,Avery Kudlac,,Penn State vs. Pitt
Pittsburgh,405,200 Free,2,1:46.73,Mary Clarke,,Texas Hall of Fame Invitational
Pittsburgh,405,200 Free,3,1:47.12,Claire Jansen,,Texas Hall of Fame Invitational
Pittsburgh,405,200 Free,4,1:47.19,Sydney Gring,,World Aquatics World Cup - Westmont
Pittsburgh,405,200 Free,5,1:48.27,Kimmy Shannon,,Penn State vs. Pitt
Pittsburgh,405,200 Free,6,1:49.28,Parker Del Balso,,"Akron vs. Miami, Pittsburgh"
Pittsburgh,405,200 Free,7,1:52.70,Allie Witdoeckt,,"Akron vs. Miami, Pittsburgh"
Pittsburgh,405,200 Im,1,1:57.20,Sydney Gring,,Texas Hall of Fame Invitational
Pittsburgh,405,200 Im,2,1:58.50,Kimmy Shannon,,Texas Hall of Fame Invitational
Pittsburgh,405,200 Im,3,2:02.16,Angelina Messina,,Texas Hall of Fame Invitational
Pittsburgh,405,200 Im,4,2:05.62,Jayla Pina,,Texas Hall of Fame Invitational
Pittsburgh,405,200 Im,5,2:08.06,Giona Lavorini,,Texas Hall of Fame Invitational
Pittsburgh,405,400 Im,1,4:07.80,Kimmy Shannon,,Texas Hall of Fame Invitational
Pittsburgh,405,400 Im,2,4:21.62,Emily Bucaro,,Texas Hall of Fame Invitational
Pittsburgh,405,50 Free,1,22.35,Avery Kudlac,,Texas Hall of Fame Invitational
Pittsburgh,405,50 Free,2,22.35,Sydney Gring,,Texas Hall of Fame Invitational
Pittsburgh,405,50 Free,3,22.51,Claire Jansen,,Texas Hall of Fame Invitational
Pittsburgh,405,50 Free,4,22.64,Anna Wiechertjes,,Texas Hall of Fame Invitational
Pittsburgh,405,50 Free,5,23.06,Avery Hafele,,Texas Hall of Fame Invitational
Pittsburgh,405,50 Free,6,23.23,Sof Tijunelis,,West Virginia vs. Pittsburgh
Pittsburgh,405,50 Free,7,23.40,Mary Clarke,,Texas Hall of Fame Invitational
Pittsburgh,405,50 Free,8,23.62,Jayla Pina,,Texas Hall of Fame Invitational
Pittsburgh,405,50 Free,9,24.25,Allie Witdoeckt,,"Akron vs. Miami, Pittsburgh"
Pittsburgh,405,50 Free,10,24.39,Olivia Yoo,,Texas Hall of Fame Invitational
Pittsburgh,405,500 Free,1,4:48.46,Kimmy Shannon,,Penn State vs. Pitt
Pittsburgh,405,500 Free,2,4:51.65,Emily Bucaro,,Texas Hall of Fame Invitational
Pittsburgh,405,500 Free,3,4:52.99,Mary Clarke,,Penn State vs. Pitt
Pittsburgh,405,500 Free,4,5:05.70,Allie Witdoeckt,,Penn State vs. Pitt
South Carolina,95,100 Back,1,52.04,Amy Riordan,,South Carolina vs. North Carolina
South Carolina,95,100 Back,2,53.10,Dylan Scholes,,Queens vs. South Carolina
South Carolina,95,100 Back,3,53.70,Megan Maholic,,Gamecock Invitational
South Carolina,95,100 Back,4,53.79,Katie Buehler,,Gamecock Invitational
South Carolina,95,100 Back,5,54.08,Tori Abruzzo,,Gamecock Invitational
South Carolina,95,100 Back,6,54.44,Taylor Grimley,,South Carolina v. Virginia Tech
South Carolina,95,100 Back,7,54.77,Samantha Chan,,Gamecock Invitational
South Carolina,95,100 Back,8,54.95,Caroline Chasser,,South Carolina vs. Georgia
South Carolina,95,100 Breast,1,1:00.88,Maddy Huggins,,Florida State vs. South Carolina
South Carolina,95,100 Breast,2,1:00.94,Elizabeth Goodwin-Birnie,,South Carolina v. Virginia Tech
South Carolina,95,100 Breast,3,1:01.59,Caroline Kudela,,Florida State vs. South Carolina
South Carolina,95,100 Breast,4,1:01.67,Delaney Franklin,,South Carolina vs. Georgia
South Carolina,95,100 Breast,5,1:02.03,Molly Yacoviello,,South Carolina vs. Georgia
South Carolina,95,100 Breast,6,1:02.48,Alexis Dalton,,Gamecock Invitational
South Carolina,95,100 Breast,7,1:03.79,Kesa Taivassalo,,Gamecock Invitational
South Carolina,95,100 Breast,8,1:04.90,Emily Eaton,,Gamecock Invitational
South Carolina,95,100 Fly,1,52.74,jordan agliano,,Gamecock Invitational
South Carolina,95,100 Fly,2,52.93,Taylor Grimley,,Gamecock Invitational
South Carolina,95,100 Fly,3,53.88,Samantha Chan,,Florida State vs. South Carolina
South Carolina,95,100 Fly,4,54.10,Amy Riordan,,Queens vs. South Carolina
South Carolina,95,100 Fly,5,54.34,Megan Maholic,,Gamecock Invitational
South Carolina,95,100 Fly,6,56.03,Elizabeth Goodwin-Birnie,,South Carolina v. Virginia Tech
South Carolina,95,100 Fly,7,56.43,Tori Abruzzo,,Arkansas vs. South Carolina
South Carolina,95,100 Fly,8,56.79,Kara West,,Gamecock Invitational
South Carolina,95,100 Fly,9,57.67,Delaney Franklin,,Gamecock Invitational
South Carolina,95,100 Fly,10,58.08,Meaghan Harnish,,Gamecock Invitational
South Carolina,95,100 Free,1,48.85,Amy Riordan,,Gamecock Invitational
South Carolina,95,100 Free,2,49.15,Dylan Scholes,,Gamecock Invitational
South Carolina,95,100 Free,3,50.06,Kara West,,South Carolina v. Virginia Tech
South Carolina,95,100 Free,4,50.20,Sofia Luper,,South Carolina v. Virginia Tech
South Carolina,95,100 Free,5,50.33,Ellery Ottem,,South Carolina v. Virginia Tech
South Carolina,95,100 Free,6,50.82,Samantha Chan,,Gamecock Invitational
South Carolina,95,100 Free,7,51.00,Katie Buehler,,South Carolina vs. Georgia
South Carolina,95,100 Free,8,51.00,Caroline Kudela,,Gamecock Invitational
South Carolina,95,100 Free,9,51.14,Alexis Dalton,,Gamecock Invitational
South Carolina,95,100 Free,10,51.25,Nora Fluck,,Gamecock Invitational
South Carolina,95,1000 Free,1,9:43.64,Nora Fluck,,Florida State vs. South Carolina
South Carolina,95,1000 Free,2,9:45.68,Breckin Gormley,,Arkansas vs. South Carolina
South Carolina,95,1000 Free,3,9:47.58,Emma Reiser,,South Carolina vs. North Carolina
South Carolina,95,1000 Free,4,9:57.15,Meaghan Harnish,,South Carolina vs. Georgia
South Carolina,95,1000 Free,5,10:17.14,Grace Daniels,,Queens vs. South Carolina
South Carolina,95,1650 Free,1,16:23.74,Nora Fluck,,Gamecock Invitational
South Carolina,95,1650 Free,2,16:30.32,Emma Reiser,,Gamecock Invitational
South Carolina,95,1650 Free,3,16:32.80,Breckin Gormley,,Gamecock Invitational
South Carolina,95,1650 Free,4,17:13.65,Grace Daniels,,Gamecock Invitational
South Carolina,95,200 Back,1,1:51.78,Amy Riordan,,South Carolina v. Virginia Tech
South Carolina,95,200 Back,2,1:56.25,Katie Buehler,,South Carolina vs. North Carolina
South Carolina,95,200 Back,3,1:56.60,Tori Abruzzo,,South Carolina vs. Georgia
South Carolina,95,200 Back,4,1:57.13,Megan Maholic,,Florida State vs. South Carolina
South Carolina,95,200 Back,5,1:57.47,Caroline Chasser,,South Carolina vs. North Carolina
South Carolina,95,200 Back,6,1:57.68,jordan agliano,,Queens vs. South Carolina
South Carolina,95,200 Back,7,2:02.76,Grace Daniels,,Gamecock Invitational
South Carolina,95,200 Breast,1,2:09.92,Delaney Franklin,,Gamecock Invitational
South Carolina,95,200 Breast,2,2:12.50,Molly Yacoviello,,South Carolina vs. Georgia
South Carolina,95,200 Breast,3,2:13.06,Meaghan Harnish,,Gamecock Invitational
South Carolina,95,200 Breast,4,2:15.07,Alexis Dalton,,Gamecock Invitational
South Carolina,95,200 Breast,5,2:15.13,Caroline Kudela,,South Carolina vs. Georgia
South Carolina,95,200 Breast,6,2:15.96,Kesa Taivassalo,,Florida State vs. South Carolina
South Carolina,95,200 Breast,7,2:17.51,Elizabeth Goodwin-Birnie,,Gamecock Invitational
South Carolina,95,200 Fly,1,1:55.70,jordan agliano,,South Carolina v. Virginia Tech
South Carolina,95,200 Fly,2,1:58.03,Molly Yacoviello,,Arkansas vs. South Carolina
South Carolina,95,200 Fly,3,1:58.11,Breckin Gormley,,South Carolina vs. Georgia
South Carolina,95,200 Fly,4,1:58.30,Tori Abruzzo,,South Carolina v. Virginia Tech
South Carolina,95,200 Fly,5,1:58.49,Taylor Grimley,,South Carolina vs. Georgia
South Carolina,95,200 Fly,6,2:00.81,Samantha Chan,,Florida State vs. South Carolina
South Carolina,95,200 Fly,7,2:01.23,Delaney Franklin,,Queens vs. South Carolina
South Carolina,95,200 Fly,8,2:04.34,Meaghan Harnish,,South Carolina v. Virginia Tech
South Carolina,95,200 Free,1,1:43.75,Amy Riordan,,Gamecock Invitational
South Carolina,95,200 Free,2,1:46.55,Breckin Gormley,,Florida State vs. South Carolina
South Carolina,95,200 Free,3,1:47.61,Ellery Ottem,,South Carolina v. Virginia Tech
South Carolina,95,200 Free,4,1:47.75,Meaghan Harnish,,Gamecock Invitational
South Carolina,95,200 Free,5,1:47.99,jordan agliano,,Gamecock Invitational
South Carolina,95,200 Free,6,1:48.34,Dylan Scholes,,Gamecock Invitational
South Carolina,95,200 Free,7,1:48.79,Nora Fluck,,Gamecock Invitational
South Carolina,95,200 Free,8,1:48.80,Sofia Luper,,South Carolina vs. Georgia
South Carolina,95,200 Free,9,1:49.60,Emma Reiser,,Gamecock Invitational
South Carolina,95,200 Free,10,1:53.59,Grace Daniels,,Gamecock Invitational
South Carolina,95,200 Im,1,1:57.15,Delaney Franklin,,Gamecock Invitational
South Carolina,95,200 Im,2,1:59.87,Molly Yacoviello,,South Carolina vs. Georgia
South Carolina,95,200 Im,3,2:00.36,Meaghan Harnish,,Gamecock Invitational
South Carolina,95,200 Im,4,2:02.38,Breckin Gormley,,Queens vs. South Carolina
South Carolina,95,200 Im,5,2:02.46,Tori Abruzzo,,South Carolina v. Virginia Tech
South Carolina,95,200 Im,6,2:03.35,Sofia Luper,,Gamecock Invitational
South Carolina,95,200 Im,7,2:03.60,Caroline Chasser,,Gamecock Invitational
South Carolina,95,200 Im,8,2:04.22,Elizabeth Goodwin-Birnie,,Gamecock Invitational
South Carolina,95,200 Im,9,2:05.48,Maddy Huggins,,Florida State vs. South Carolina
South Carolina,95,200 Im,10,2:06.55,Kesa Taivassalo,,Florida State vs. South Carolina
South Carolina,95,400 Im,1,4:10.67,Meaghan Harnish,,Gamecock Invitational
South Carolina,95,400 Im,2,4:14.48,Tori Abruzzo,,Gamecock Invitational
South Carolina,95,400 Im,3,4:14.50,Delaney Franklin,,South Carolina vs. North Carolina
South Carolina,95,400 Im,4,4:19.79,Caroline Chasser,,Gamecock Invitational
South Carolina,95,50 Free,1,22.55,Dylan Scholes,,South Carolina vs. North Carolina
South Carolina,95,50 Free,2,22.91,Kara West,,South Carolina v. Virginia Tech
South Carolina,95,50 Free,3,23.12,Taylor Grimley,,Queens vs. South Carolina
South Carolina,95,50 Free,4,23.26,Samantha Chan,,Gamecock Invitational
South Carolina,95,50 Free,5,23.31,Emily Eaton,,South Carolina vs. Georgia
South Carolina,95,50 Free,6,23.59,Ellery Ottem,,Gamecock Invitational
South Carolina,95,50 Free,7,23.74,Katie Buehler,,Gamecock Invitational
South Carolina,95,50 Free,8,23.83,jordan agliano,,Queens vs. South Carolina
South Carolina,95,50 Free,9,23.85,Amy Riordan,,South Carolina vs. Georgia
South Carolina,95,50 Free,10,23.95,Elizabeth Goodwin-Birnie,,Gamecock Invitational
South Carolina,95,500 Free,1,4:42.82,Nora Fluck,,Gamecock Invitational
South Carolina,95,500 Free,2,4:45.10,Breckin Gormley,,Florida State vs. South Carolina
South Carolina,95,500 Free,3,4:45.10,Emma Reiser,,Gamecock Invitational
South Carolina,95,500 Free,4,4:51.01,jordan agliano,,Gamecock Invitational
South Carolina,95,500 Free,5,4:52.48,Ellery Ottem,,Queens vs. South Carolina
South Carolina,95,500 Free,6,4:58.78,Sofia Luper,,Gamecock Invitational
South Carolina,95,500 Free,7,5:01.66,Grace Daniels,,Gamecock Invitational
South Dakota,83,100 Back,1,55.15,Henley Hatzung,,UST Tommie Invitational
South Dakota,83,100 Back,2,55.37,Grace Schultz,,UST Tommie Invitational
South Dakota,83,100 Back,3,56.54,Anna Balfanz,,UST Tommie Invitational
South Dakota,83,100 Back,4,56.62,Tatum O'Shea,,UST Tommie Invitational
South Dakota,83,100 Back,5,56.75,Gabbie Ahrendt,,UST Tommie Invitational
South Dakota,83,100 Back,6,57.16,Lauren Anderson,,UST Tommie Invitational
South Dakota,83,100 Back,7,57.72,Faith Leitel,,UST Tommie Invitational
South Dakota,83,100 Back,8,57.90,Zoe Afman,,UST Tommie Invitational
South Dakota,83,100 Back,9,58.02,Taylor Buhr,,UST Tommie Invitational
South Dakota,83,100 Back,10,58.66,Emerson Smith,,UST Tommie Invitational
South Dakota,83,100 Breast,1,1:02.75,Taylor Buhr,,UST Tommie Invitational
South Dakota,83,100 Breast,2,1:03.32,Madilyn Gehrke,,UST Tommie Invitational
South Dakota,83,100 Breast,3,1:04.20,Quin Mahler-Moreno,,UST Tommie Invitational
South Dakota,83,100 Breast,4,1:07.34,Blake Currie,,UST Tommie Invitational
South Dakota,83,100 Breast,5,1:07.91,Phoebe Paarlberg,,Coyote Extravaganza
South Dakota,83,100 Breast,6,1:11.26,Zoe Afman,,Coyote Extravaganza
South Dakota,83,100 Breast,7,1:11.38,Gabbie Ahrendt,,South Dakota vs. St. Thomas
South Dakota,83,100 Fly,1,54.90,Gabbie Ahrendt,,UST Tommie Invitational
South Dakota,83,100 Fly,2,55.58,Lauren Eschmeyer,,UST Tommie Invitational
South Dakota,83,100 Fly,3,56.64,Anna Balfanz,,UST Tommie Invitational
South Dakota,83,100 Fly,4,56.88,Henley Hatzung,,UST Tommie Invitational
South Dakota,83,100 Fly,5,57.09,Maddie Schrank,,UST Tommie Invitational
South Dakota,83,100 Fly,6,58.24,Dawsyn Green,,UST Tommie Invitational
South Dakota,83,100 Fly,7,59.27,Alex Peterson,,UST Tommie Invitational
South Dakota,83,100 Fly,8,59.91,Emily DiProspero,,South Dakota vs. St. Thomas
South Dakota,83,100 Fly,9,1:00.07,Chloe Miller,,UST Tommie Invitational
South Dakota,83,100 Fly,10,1:01.02,Alexa Van Dyne,,UST Tommie Invitational
South Dakota,83,100 Free,1,51.56,Madilyn Gehrke,,UST Tommie Invitational
South Dakota,83,100 Free,2,51.97,Carson White,,UST Tommie Invitational
South Dakota,83,100 Free,3,52.00,Emily DiProspero,,UST Tommie Invitational
South Dakota,83,100 Free,4,52.53,Anna Balfanz,,UST Tommie Invitational
South Dakota,83,100 Free,5,52.66,Lauren Eschmeyer,,UST Tommie Invitational
South Dakota,83,100 Free,6,53.06,Henley Hatzung,,"Kansas vs. USD, Missouri S&T"
South Dakota,83,100 Free,7,53.52,Chloe Miller,,UST Tommie Invitational
South Dakota,83,100 Free,8,53.72,Gabbie Ahrendt,,"Minnesota vs Nebraska, South Dakota"
South Dakota,83,100 Free,9,53.87,Alex Peterson,,UST Tommie Invitational
South Dakota,83,100 Free,10,54.01,Emerson Smith,,UST Tommie Invitational
South Dakota,83,1000 Free,1,10:14.24,Emily DiProspero,,UST Tommie Invitational
South Dakota,83,1000 Free,2,10:24.53,Camilla Brogger-Andersen,,UST Tommie Invitational
South Dakota,83,1000 Free,3,10:40.67,Ashley Koenig,,UST Tommie Invitational
South Dakota,83,1000 Free,4,10:48.20,Quin Mahler-Moreno,,South Dakota vs. St. Thomas
South Dakota,83,1000 Free,5,11:00.85,Shyann Kissinger,,South Dakota vs. Minnesota State vs. Augustana
South Dakota,83,1000 Free,6,11:28.96,Taylor Horan,,"Kansas vs. USD, Missouri S&T"
South Dakota,83,1000 Free,7,11:29.94,Lauren Anderson,,South Dakota vs. St. Thomas
South Dakota,83,1650 Free,1,16:57.36,Emily DiProspero,,UST Tommie Invitational
South Dakota,83,1650 Free,2,17:13.12,Camilla Brogger-Andersen,,UST Tommie Invitational
South Dakota,83,1650 Free,3,17:40.47,Ashley Koenig,,UST Tommie Invitational
South Dakota,83,1650 Free,4,18:09.22,Shyann Kissinger,,UST Tommie Invitational
South Dakota,83,200 Back,1,1:59.31,Henley Hatzung,,UST Tommie Invitational
South Dakota,83,200 Back,2,2:01.62,Grace Schultz,,UST Tommie Invitational
South Dakota,83,200 Back,3,2:04.11,Lauren Anderson,,UST Tommie Invitational
South Dakota,83,200 Back,4,2:04.29,Emerson Smith,,UST Tommie Invitational
South Dakota,83,200 Back,5,2:04.35,Tatum O'Shea,,UST Tommie Invitational
South Dakota,83,200 Back,6,2:04.55,Faith Leitel,,UST Tommie Invitational
South Dakota,83,200 Back,7,2:08.44,Zoe Afman,,UST Tommie Invitational
South Dakota,83,200 Back,8,2:12.24,Shyann Kissinger,,South Dakota vs. Minnesota State vs. Augustana
South Dakota,83,200 Back,9,2:14.48,Camilla Brogger-Andersen,,"Kansas vs. USD, Missouri S&T"
South Dakota,83,200 Back,10,2:18.48,Ashley Koenig,,Coyote Extravaganza
South Dakota,83,200 Breast,1,2:17.25,Taylor Buhr,,UST Tommie Invitational
South Dakota,83,200 Breast,2,2:23.97,Quin Mahler-Moreno,,UST Tommie Invitational
South Dakota,83,200 Breast,3,2:24.36,Blake Currie,,UST Tommie Invitational
South Dakota,83,200 Breast,4,2:32.30,Zoe Afman,,"Minnesota vs Nebraska, South Dakota"
South Dakota,83,200 Breast,5,2:36.25,Phoebe Paarlberg,,South Dakota vs. Minnesota State vs. Augustana
South Dakota,83,200 Fly,1,2:03.33,Dawsyn Green,,UST Tommie Invitational
South Dakota,83,200 Fly,2,2:06.19,Maddie Schrank,,UST Tommie Invitational
South Dakota,83,200 Fly,3,2:08.39,Lauren Eschmeyer,,UST Tommie Invitational
South Dakota,83,200 Fly,4,2:09.07,Gabbie Ahrendt,,Coyote Extravaganza
South Dakota,83,200 Fly,5,2:16.29,Emily DiProspero,,South Dakota vs. Iowa State
South Dakota,83,200 Fly,6,2:21.05,Taylor Horan,,Nebraska-Omaha vs. South Dakota
South Dakota,83,200 Free,1,1:49.88,Emily DiProspero,,UST Tommie Invitational
South Dakota,83,200 Free,2,1:51.40,Gabbie Ahrendt,,UST Tommie Invitational
South Dakota,83,200 Free,3,1:52.39,Carson White,,UST Tommie Invitational
South Dakota,83,200 Free,4,1:52.66,Blake Currie,,South Dakota vs. St. Thomas Relay Meet
South Dakota,83,200 Free,5,1:53.14,Emerson Smith,,UST Tommie Invitational
South Dakota,83,200 Free,6,1:53.15,Camilla Brogger-Andersen,,UST Tommie Invitational
South Dakota,83,200 Free,7,1:53.74,Tatum O'Shea,,UST Tommie Invitational
South Dakota,83,200 Free,8,1:53.87,Taylor Horan,,UST Tommie Invitational
South Dakota,83,200 Free,9,1:54.01,Quin Mahler-Moreno,,UST Tommie Invitational
South Dakota,83,200 Free,10,1:56.39,Shyann Kissinger,,UST Tommie Invitational
South Dakota,83,200 Im,1,2:04.05,Gabbie Ahrendt,,UST Tommie Invitational
South Dakota,83,200 Im,2,2:04.99,Grace Schultz,,UST Tommie Invitational
South Dakota,83,200 Im,3,2:05.04,Taylor Buhr,,UST Tommie Invitational
South Dakota,83,200 Im,4,2:07.36,Tatum O'Shea,,UST Tommie Invitational
South Dakota,83,200 Im,5,2:07.91,Dawsyn Green,,UST Tommie Invitational
South Dakota,83,200 Im,6,2:08.90,Zoe Afman,,UST Tommie Invitational
South Dakota,83,200 Im,7,2:11.40,Faith Leitel,,UST Tommie Invitational
South Dakota,83,200 Im,8,2:11.87,Maddie Schrank,,UST Tommie Invitational
South Dakota,83,200 Im,9,2:12.57,Quin Mahler-Moreno,,Nebraska-Omaha vs. South Dakota
South Dakota,83,200 Im,10,2:15.90,Blake Currie,,UST Tommie Invitational
South Dakota,83,400 Im,1,4:30.02,Dawsyn Green,,UST Tommie Invitational
South Dakota,83,400 Im,2,4:34.17,Quin Mahler-Moreno,,UST Tommie Invitational
South Dakota,83,400 Im,3,4:41.50,Ashley Koenig,,UST Tommie Invitational
South Dakota,83,400 Im,4,4:42.66,Emily DiProspero,,Coyote Extravaganza
South Dakota,83,400 Im,5,4:44.95,Taylor Buhr,,Coyote Extravaganza
South Dakota,83,400 Im,6,4:46.82,Maddie Schrank,,"Kansas vs. USD, Missouri S&T"
South Dakota,83,400 Im,7,4:47.71,Blake Currie,,UST Tommie Invitational
South Dakota,83,50 Free,1,23.32,Henley Hatzung,,UST Tommie Invitational
South Dakota,83,50 Free,2,23.84,Carson White,,UST Tommie Invitational
South Dakota,83,50 Free,3,23.89,Lauren Eschmeyer,,UST Tommie Invitational
South Dakota,83,50 Free,4,23.90,Madilyn Gehrke,,UST Tommie Invitational
South Dakota,83,50 Free,5,23.98,Chloe Miller,,UST Tommie Invitational
South Dakota,83,50 Free,6,23.99,Anna Balfanz,,UST Tommie Invitational
South Dakota,83,50 Free,7,24.18,Alex Peterson,,UST Tommie Invitational
South Dakota,83,50 Free,8,24.73,Emily DiProspero,,UST Tommie Invitational
South Dakota,83,50 Free,9,24.78,Zoe Afman,,UST Tommie Invitational
South Dakota,83,50 Free,10,24.86,Grace Schultz,,Coyote Extravaganza
South Dakota,83,500 Free,1,4:54.05,Emily DiProspero,,UST Tommie Invitational
South Dakota,83,500 Free,2,4:59.34,Quin Mahler-Moreno,,UST Tommie Invitational
South Dakota,83,500 Free,3,4:59.41,Carson White,,UST Tommie Invitational
South Dakota,83,500 Free,4,5:00.97,Camilla Brogger-Andersen,,UST Tommie Invitational
South Dakota,83,500 Free,5,5:08.12,Ashley Koenig,,UST Tommie Invitational
South Dakota,83,500 Free,6,5:08.70,Shyann Kissinger,,UST Tommie Invitational
South Dakota,83,500 Free,7,5:09.81,Taylor Horan,,UST Tommie Invitational
South Dakota,83,500 Free,8,5:17.22,Lauren Anderson,,UST Tommie Invitational
South Dakota,83,500 Free,9,5:36.27,Faith Leitel,,Coyote Extravaganza
Southern Indiana,10028295,100 Back,1,57.11,Hannah Pryor,,21st House of Champions Invitational
Southern Indiana,10028295,100 Back,2,58.53,Elizabeth Ketcham,,21st House of Champions Invitational
Southern Indiana,10028295,100 Back,3,59.32,Alivia Scott,,21st House of Champions Invitational
Southern Indiana,10028295,100 Back,4,1:00.33,Simone Green,,21st House of Champions Invitational
Southern Indiana,10028295,100 Back,5,1:00.70,Naomi Weaver,,21st House of Champions Invitational
Southern Indiana,10028295,100 Back,6,1:02.40,Makana Goss,,21st House of Champions Invitational
Southern Indiana,10028295,100 Back,7,1:02.89,Abbi Hendren,,21st House of Champions Invitational
Southern Indiana,10028295,100 Back,8,1:05.77,Addie Holmes,,USI vs. UIC
Southern Indiana,10028295,100 Breast,1,1:05.19,Emma Gabhart,,21st House of Champions Invitational
Southern Indiana,10028295,100 Breast,2,1:06.82,Hayden Shurtz,,Dan Ross Invitational
Southern Indiana,10028295,100 Breast,3,1:08.73,Addie Holmes,,21st House of Champions Invitational
Southern Indiana,10028295,100 Breast,4,1:09.38,Jadyn Lite,,21st House of Champions Invitational
Southern Indiana,10028295,100 Breast,5,1:14.37,Isabella Lindberg,,21st House of Champions Invitational
Southern Indiana,10028295,100 Breast,6,1:15.91,Erica Williamson,,21st House of Champions Invitational
Southern Indiana,10028295,100 Fly,1,57.07,Elizabeth Ketcham,,21st House of Champions Invitational
Southern Indiana,10028295,100 Fly,2,58.08,Hannah Pryor,,21st House of Champions Invitational
Southern Indiana,10028295,100 Fly,3,59.00,Sarah-Catherine Dawson,,21st House of Champions Invitational
Southern Indiana,10028295,100 Fly,4,59.51,Naomi Weaver,,21st House of Champions Invitational
Southern Indiana,10028295,100 Fly,5,1:01.17,Simone Green,,21st House of Champions Invitational
Southern Indiana,10028295,100 Fly,6,1:01.19,Emma Gabhart,,21st House of Champions Invitational
Southern Indiana,10028295,100 Fly,7,1:02.40,Emma Ettensohn,,21st House of Champions Invitational
Southern Indiana,10028295,100 Fly,8,1:04.23,Addie Holmes,,21st House of Champions Invitational
Southern Indiana,10028295,100 Fly,9,1:07.07,Jadyn Lite,,"IU-Indianapolis vs. Evansville, Southern Indiana, Valpo"
Southern Indiana,10028295,100 Fly,10,1:14.96,Isabella Lindberg,,UE Double Dual 2025
Southern Indiana,10028295,100 Free,1,52.99,Elizabeth Ketcham,,21st House of Champions Invitational
Southern Indiana,10028295,100 Free,2,53.72,Mattie Smith,,21st House of Champions Invitational
Southern Indiana,10028295,100 Free,3,53.88,Caiya Cooper,,21st House of Champions Invitational
Southern Indiana,10028295,100 Free,4,54.25,Simone Green,,21st House of Champions Invitational
Southern Indiana,10028295,100 Free,5,54.97,Audrey Kalvaitis,,21st House of Champions Invitational
Southern Indiana,10028295,100 Free,6,54.97,Alivia Scott,,21st House of Champions Invitational
Southern Indiana,10028295,100 Free,7,55.45,Hannah Pryor,,USI vs. UIC
Southern Indiana,10028295,100 Free,8,56.11,Avery Dickerson,,21st House of Champions Invitational
Southern Indiana,10028295,100 Free,9,56.46,Emma Ettensohn,,21st House of Champions Invitational
Southern Indiana,10028295,100 Free,10,56.46,Hayden Shurtz,,21st House of Champions Invitational
Southern Indiana,10028295,1000 Free,1,10:40.99,Mattie Smith,,21st House of Champions Invitational
Southern Indiana,10028295,1000 Free,2,11:02.16,Audrey Kalvaitis,,21st House of Champions Invitational
Southern Indiana,10028295,1650 Free,1,17:49.30,Mattie Smith,,21st House of Champions Invitational
Southern Indiana,10028295,1650 Free,2,18:16.37,Audrey Kalvaitis,,21st House of Champions Invitational
Southern Indiana,10028295,200 Back,1,2:03.29,Hannah Pryor,,21st House of Champions Invitational
Southern Indiana,10028295,200 Back,2,2:07.51,Addie Holmes,,21st House of Champions Invitational
Southern Indiana,10028295,200 Back,3,2:16.90,Mattie Smith,,UE Double Dual 2025
Southern Indiana,10028295,200 Back,4,2:17.82,Alivia Scott,,"Bellarmine vs. Butler, Southern Indiana"
Southern Indiana,10028295,200 Back,5,2:17.95,Naomi Weaver,,UE Double Dual 2025
Southern Indiana,10028295,200 Back,6,2:20.44,Makana Goss,,21st House of Champions Invitational
Southern Indiana,10028295,200 Breast,1,2:20.67,Emma Gabhart,,21st House of Champions Invitational
Southern Indiana,10028295,200 Breast,2,2:35.54,Jadyn Lite,,21st House of Champions Invitational
Southern Indiana,10028295,200 Breast,3,2:43.19,Erica Williamson,,21st House of Champions Invitational
Southern Indiana,10028295,200 Breast,4,2:44.04,Isabella Lindberg,,21st House of Champions Invitational
Southern Indiana,10028295,200 Fly,1,2:12.26,Sarah-Catherine Dawson,,21st House of Champions Invitational
Southern Indiana,10028295,200 Fly,2,2:15.56,Naomi Weaver,,21st House of Champions Invitational
Southern Indiana,10028295,200 Free,1,1:54.49,Caiya Cooper,,21st House of Champions Invitational
Southern Indiana,10028295,200 Free,2,1:56.81,Addie Holmes,,21st House of Champions Invitational
Southern Indiana,10028295,200 Free,3,1:56.99,Mattie Smith,,21st House of Champions Invitational
Southern Indiana,10028295,200 Free,4,1:58.14,Audrey Kalvaitis,,21st House of Champions Invitational
Southern Indiana,10028295,200 Free,5,2:02.46,Abbi Hendren,,21st House of Champions Invitational
Southern Indiana,10028295,200 Free,6,2:03.14,Alivia Scott,,"Bellarmine vs. Butler, Southern Indiana"
Southern Indiana,10028295,200 Free,7,2:03.37,Avery Dickerson,,21st House of Champions Invitational
Southern Indiana,10028295,200 Free,8,2:08.10,Sarah-Catherine Dawson,,21st House of Champions Invitational
Southern Indiana,10028295,200 Free,9,2:08.80,Jadyn Lite,,"Bellarmine vs. Butler, Southern Indiana"
Southern Indiana,10028295,200 Im,1,2:04.91,Emma Gabhart,,21st House of Champions Invitational
Southern Indiana,10028295,200 Im,2,2:08.10,Hannah Pryor,,21st House of Champions Invitational
Southern Indiana,10028295,200 Im,3,2:11.29,Addie Holmes,,21st House of Champions Invitational
Southern Indiana,10028295,200 Im,4,2:19.22,Jadyn Lite,,21st House of Champions Invitational
Southern Indiana,10028295,200 Im,5,2:20.65,Sarah-Catherine Dawson,,21st House of Champions Invitational
Southern Indiana,10028295,400 Im,1,4:32.01,Emma Gabhart,,21st House of Champions Invitational
Southern Indiana,10028295,400 Im,2,4:41.39,Addie Holmes,,21st House of Champions Invitational
Southern Indiana,10028295,400 Im,3,5:02.95,Jadyn Lite,,"IU-Indianapolis vs. Evansville, Southern Indiana, Valpo"
Southern Indiana,10028295,50 Free,1,24.33,Elizabeth Ketcham,,21st House of Champions Invitational
Southern Indiana,10028295,50 Free,2,24.80,Caiya Cooper,,21st House of Champions Invitational
Southern Indiana,10028295,50 Free,3,24.80,Audrey Kalvaitis,,21st House of Champions Invitational
Southern Indiana,10028295,50 Free,4,24.80,Simone Green,,21st House of Champions Invitational
Southern Indiana,10028295,50 Free,5,24.89,Alivia Scott,,21st House of Champions Invitational
Southern Indiana,10028295,50 Free,6,25.22,Emma Ettensohn,,21st House of Champions Invitational
Southern Indiana,10028295,50 Free,7,25.29,Hayden Shurtz,,21st House of Champions Invitational
Southern Indiana,10028295,50 Free,8,25.80,Hannah Pryor,,USI vs. UIC
Southern Indiana,10028295,50 Free,9,25.86,Avery Dickerson,,21st House of Champions Invitational
Southern Indiana,10028295,50 Free,10,25.86,Sarah-Catherine Dawson,,"Bellarmine vs. Butler, Southern Indiana"
Southern Indiana,10028295,500 Free,1,5:07.80,Caiya Cooper,,21st House of Champions Invitational
Southern Indiana,10028295,500 Free,2,5:12.05,Mattie Smith,,21st House of Champions Invitational
Southern Indiana,10028295,500 Free,3,5:22.32,Audrey Kalvaitis,,21st House of Champions Invitational
Southern Indiana,10028295,500 Free,4,5:43.75,Avery Dickerson,,21st House of Champions Invitational
St Thomas (MN),469,100 Back,1,54.36,Jordyn Davis,,UST Tommie Invitational
St Thomas (MN),469,100 Back,2,57.59,Willow Larsen,,UST Tommie Invitational
St Thomas (MN),469,100 Back,3,57.85,Grace Hehr,,UST Tommie Invitational
St Thomas (MN),469,100 Back,4,57.90,Ellie Undem,,UST Tommie Invitational
St Thomas (MN),469,100 Back,5,57.95,Jin-Jae Robinson,,UST Tommie Invitational
St Thomas (MN),469,100 Back,6,58.47,Libby Fischer,,Saint Thomas (MN) vs. Saint Cloud
St Thomas (MN),469,100 Back,7,59.04,Jane Busboom,,Saint Thomas (MN) vs. Saint Cloud
St Thomas (MN),469,100 Back,8,59.72,Kathryn Bonneville,,UST Tommie Invitational
St Thomas (MN),469,100 Back,9,1:00.19,Katie Spanier,,UST Tommie Invitational
St Thomas (MN),469,100 Back,10,1:01.03,Makenna Monday,,UST Tommie Invitational
St Thomas (MN),469,100 Breast,1,1:03.97,Brooke Gothard,,Saint Thomas (MN) vs. Saint Cloud
St Thomas (MN),469,100 Breast,2,1:04.76,Amber Hess,,UST Purple & Gray Intrasquad
St Thomas (MN),469,100 Breast,3,1:05.22,Izabelle Schwartz,,UST Tommie Invitational
St Thomas (MN),469,100 Breast,4,1:06.57,Tessa Jones,,UST Tommie Invitational
St Thomas (MN),469,100 Breast,5,1:06.90,Hailey Riley,,UST Purple & Gray Intrasquad
St Thomas (MN),469,100 Breast,6,1:07.31,Camille Johnson,,Saint Thomas vs. Omaha
St Thomas (MN),469,100 Fly,1,55.87,Jordyn Davis,,UST Tommie Invitational
St Thomas (MN),469,100 Fly,2,57.88,Isabella Shering,,UST Purple & Gray Intrasquad
St Thomas (MN),469,100 Fly,3,58.44,Emily Wooden,,UST Tommie Invitational
St Thomas (MN),469,100 Fly,4,1:00.46,Madison Parkin,,Saint Thomas (MN) vs. Saint Cloud
St Thomas (MN),469,100 Fly,5,1:00.49,Makenna Monday,,UST Tommie Invitational
St Thomas (MN),469,100 Fly,6,1:01.05,Hailey Riley,,Saint Thomas vs. Omaha
St Thomas (MN),469,100 Fly,7,1:01.82,Tessa Jones,,UST Tommie Invitational
St Thomas (MN),469,100 Fly,8,1:02.10,Ava Williamson,,Saint Thomas (MN) vs. Saint Cloud
St Thomas (MN),469,100 Fly,9,1:02.11,Katie Spanier,,UST Tommie Invitational
St Thomas (MN),469,100 Free,1,51.77,Ellie Undem,,UST Tommie Invitational
St Thomas (MN),469,100 Free,2,52.67,Mary Selden,,UST Tommie Invitational
St Thomas (MN),469,100 Free,3,52.95,Brooke Gothard,,Saint Thomas (MN) vs. Saint Cloud
St Thomas (MN),469,100 Free,4,53.06,Amber Hess,,Saint Thomas vs. Omaha
St Thomas (MN),469,100 Free,5,53.54,Jordyn Davis,,UST Tommie Invitational
St Thomas (MN),469,100 Free,6,53.74,Eden Hill,,UST Tommie Invitational
St Thomas (MN),469,100 Free,7,54.20,Jane Busboom,,Saint Thomas (MN) vs. Saint Cloud
St Thomas (MN),469,100 Free,8,54.20,Madeline Byrne,,UST Tommie Invitational
St Thomas (MN),469,100 Free,9,54.21,Libby Fischer,,UST Tommie Invitational
St Thomas (MN),469,100 Free,10,54.31,Camille Johnson,,UST Tommie Invitational
St Thomas (MN),469,1000 Free,1,10:26.00,Sophia Hayes,,UST Tommie Invitational
St Thomas (MN),469,1000 Free,2,10:31.15,Clare Liebl,,Saint Thomas (MN) vs. Saint Cloud
St Thomas (MN),469,1000 Free,3,10:40.04,Katie Prunty,,Saint Thomas vs. Omaha
St Thomas (MN),469,1000 Free,4,10:52.61,Tessa Lindstrom,,"Minnesota vs. St Thomas, South Dakota"
St Thomas (MN),469,1000 Free,5,11:14.16,Madeline Elseth,,UST Tommie Invitational
St Thomas (MN),469,1650 Free,1,17:21.16,Sophia Hayes,,UST Tommie Invitational
St Thomas (MN),469,1650 Free,2,18:01.29,Clare Liebl,,UST Tommie Invitational
St Thomas (MN),469,1650 Free,3,18:04.63,Katie Prunty,,UST Tommie Invitational
St Thomas (MN),469,1650 Free,4,18:43.71,Madeline Elseth,,UST Tommie Invitational
St Thomas (MN),469,200 Back,1,2:01.99,Jordyn Davis,,UST Tommie Invitational
St Thomas (MN),469,200 Back,2,2:04.60,Jin-Jae Robinson,,Saint Thomas (MN) vs. Saint Cloud
St Thomas (MN),469,200 Back,3,2:05.48,Kathryn Bonneville,,UST Tommie Invitational
St Thomas (MN),469,200 Back,4,2:06.12,Isabella Shering,,Saint Thomas (MN) vs. Saint Cloud
St Thomas (MN),469,200 Back,5,2:07.47,Katie Spanier,,Saint Thomas (MN) vs. Saint Cloud
St Thomas (MN),469,200 Back,6,2:07.53,Grace Hehr,,Saint Thomas vs. Omaha
St Thomas (MN),469,200 Back,7,2:07.65,Makenna Monday,,UST Tommie Invitational
St Thomas (MN),469,200 Back,8,2:09.21,Willow Larsen,,UST Tommie Invitational
St Thomas (MN),469,200 Back,9,2:11.97,Sydney Holinka,,UST Tommie Invitational
St Thomas (MN),469,200 Back,10,2:16.81,Ava Williamson,,UST Tommie Invitational
St Thomas (MN),469,200 Breast,1,2:21.31,Izabelle Schwartz,,UST Tommie Invitational
St Thomas (MN),469,200 Breast,2,2:23.68,Tessa Jones,,Saint Thomas (MN) vs. Saint Cloud
St Thomas (MN),469,200 Breast,3,2:24.12,Brooke Gothard,,Saint Thomas vs. Omaha
St Thomas (MN),469,200 Breast,4,2:25.82,Amber Hess,,UST Tommie Invitational
St Thomas (MN),469,200 Breast,5,2:26.54,Hailey Riley,,UST Tommie Invitational
St Thomas (MN),469,200 Fly,1,2:07.53,Emily Wooden,,Saint Thomas (MN) vs. Saint Cloud
St Thomas (MN),469,200 Fly,2,2:09.18,Isabella Shering,,Saint Thomas (MN) vs. Saint Cloud
St Thomas (MN),469,200 Fly,3,2:11.86,Madison Parkin,,UST Tommie Invitational
St Thomas (MN),469,200 Free,1,1:54.06,Mary Selden,,UST Tommie Invitational
St Thomas (MN),469,200 Free,2,1:54.83,Sophia Hayes,,Saint Thomas (MN) vs. Saint Cloud
St Thomas (MN),469,200 Free,3,1:56.17,Jin-Jae Robinson,,Saint Thomas (MN) vs. Saint Cloud
St Thomas (MN),469,200 Free,4,1:57.42,Katie Prunty,,UST Purple & Gray Intrasquad
St Thomas (MN),469,200 Free,5,1:59.09,Madeline Elseth,,UST Tommie Invitational
St Thomas (MN),469,200 Free,6,1:59.14,Clare Liebl,,Saint Thomas vs. Omaha
St Thomas (MN),469,200 Free,7,1:59.54,Tessa Jones,,"Northern Iowa vs. Iowa State, St. Thomas"
St Thomas (MN),469,200 Free,8,1:59.72,Madeline Byrne,,UST Tommie Invitational
St Thomas (MN),469,200 Free,9,2:01.09,Jane Busboom,,South Dakota vs. St. Thomas
St Thomas (MN),469,200 Free,10,2:02.51,Mariah Reynolds,,UST Tommie Invitational
St Thomas (MN),469,200 Im,1,2:05.99,Brooke Gothard,,UST Tommie Invitational
St Thomas (MN),469,200 Im,2,2:08.58,Tessa Jones,,UST Tommie Invitational
St Thomas (MN),469,200 Im,3,2:09.78,Hailey Riley,,UST Purple & Gray Intrasquad
St Thomas (MN),469,200 Im,4,2:11.34,Amber Hess,,UST Purple & Gray Intrasquad
St Thomas (MN),469,200 Im,5,2:11.72,Izabelle Schwartz,,UST Purple & Gray Intrasquad
St Thomas (MN),469,200 Im,6,2:11.87,Isabella Shering,,UST Purple & Gray Intrasquad
St Thomas (MN),469,200 Im,7,2:13.26,Willow Larsen,,UST Tommie Invitational
St Thomas (MN),469,200 Im,8,2:13.95,Camille Johnson,,Saint Thomas vs. Omaha
St Thomas (MN),469,200 Im,9,2:14.44,Katie Spanier,,Saint Thomas vs. Omaha
St Thomas (MN),469,200 Im,10,2:15.02,Madison Parkin,,Saint Thomas vs. Omaha
St Thomas (MN),469,400 Im,1,4:33.20,Tessa Jones,,UST Tommie Invitational
St Thomas (MN),469,400 Im,2,4:46.85,Katie Spanier,,UST Tommie Invitational
St Thomas (MN),469,400 Im,3,4:47.26,Madison Parkin,,UST Tommie Invitational
St Thomas (MN),469,50 Free,1,23.60,Ellie Undem,,Saint Thomas vs. Omaha
St Thomas (MN),469,50 Free,2,23.97,Amber Hess,,UST Tommie Invitational
St Thomas (MN),469,50 Free,3,24.10,Brooke Gothard,,UST Tommie Invitational
St Thomas (MN),469,50 Free,4,24.17,Jordyn Davis,,Saint Thomas vs. Omaha
St Thomas (MN),469,50 Free,5,24.41,Libby Fischer,,UST Tommie Invitational
St Thomas (MN),469,50 Free,6,24.53,Emily Wooden,,Saint Thomas vs. Omaha
St Thomas (MN),469,50 Free,7,24.73,Maddie francois,,"Minnesota vs. St Thomas, South Dakota"
St Thomas (MN),469,50 Free,8,24.89,Madeline Byrne,,UST Tommie Invitational
St Thomas (MN),469,50 Free,9,24.96,Eden Hill,,Saint Thomas vs. Omaha
St Thomas (MN),469,50 Free,10,25.05,Mary Selden,,Saint Thomas vs. Omaha
St Thomas (MN),469,500 Free,1,5:00.62,Sophia Hayes,,UST Tommie Invitational
St Thomas (MN),469,500 Free,2,5:08.77,Jin-Jae Robinson,,UST Tommie Invitational
St Thomas (MN),469,500 Free,3,5:10.16,Katie Prunty,,UST Purple & Gray Intrasquad
St Thomas (MN),469,500 Free,4,5:10.98,Clare Liebl,,UST Tommie Invitational
St Thomas (MN),469,500 Free,5,5:11.60,Mary Selden,,UST Tommie Invitational
St Thomas (MN),469,500 Free,6,5:18.52,Tessa Lindstrom,,"Minnesota vs. St Thomas, South Dakota"
St Thomas (MN),469,500 Free,7,5:24.32,Madeline Elseth,,UST Tommie Invitational
Tennessee,44,100 Back,1,52.51,Alyssa Claborn,,"Tennessee vs. Auburn, Lousivlle"
Tennessee,44,100 Back,2,52.54,Lexi Stephens,,CSCAA Challenge (Mich vs. Tenn)
Tennessee,44,100 Back,3,52.65,Regan Rathwell,,CSCAA Challenge (Mich vs. Tenn)
Tennessee,44,100 Back,4,52.74,Jillian Crooks,,Tennessee Invitational
Tennessee,44,100 Back,5,54.05,Sophie Brison,,"Tennessee vs. Auburn, Lousivlle"
Tennessee,44,100 Back,6,54.71,Lilly Robertson,,CSCAA Dual Challenge - 3rd Place
Tennessee,44,100 Back,7,57.09,Molly Blanchard,,Texas vs. Tennessee
Tennessee,44,100 Back,8,57.10,Laura Littlejohn,,Tennessee vs Kentucky
Tennessee,44,100 Breast,1,57.78,McKenzie Siroky,,Texas vs. Tennessee
Tennessee,44,100 Breast,2,58.69,Emelie Fast,,CSCAA Challenge (Mich vs. Tenn)
Tennessee,44,100 Breast,3,58.98,Simone Moll,,Tennessee Invitational
Tennessee,44,100 Breast,4,1:00.47,Hannah Marinovich,,Tennessee Invitational
Tennessee,44,100 Breast,5,1:00.80,Tori Brostowitz,,Tennessee vs Kentucky
Tennessee,44,100 Breast,6,1:04.03,Molly Blanchard,,"Tennessee vs. Auburn, Lousivlle"
Tennessee,44,100 Fly,1,52.10,Emily Brown,,CSCAA Challenge (Mich vs. Tenn)
Tennessee,44,100 Fly,2,52.68,Ella Jansen,,CSCAA Challenge (Mich vs. Tenn)
Tennessee,44,100 Fly,3,53.10,Amelia Mason,,Tennessee Invitational
Tennessee,44,100 Fly,4,54.06,Lilly Daley,,Texas vs. Tennessee
Tennessee,44,100 Fly,5,54.42,Jillian Crooks,,"Tennessee vs. Auburn, Lousivlle"
Tennessee,44,100 Fly,6,54.45,Lexi Stephens,,Tennessee Invitational
Tennessee,44,100 Fly,7,54.89,Tori Brostowitz,,Tennessee vs Kentucky
Tennessee,44,100 Fly,8,55.20,Laura Littlejohn,,Tennessee vs Kentucky
Tennessee,44,100 Fly,9,55.43,Alyssa Claborn,,Texas vs. Tennessee
Tennessee,44,100 Fly,10,56.08,Sophie Brison,,"Tennessee vs. Auburn, Lousivlle"
Tennessee,44,100 Free,1,46.54,Camille Spink,,"Tennessee vs. Auburn, Lousivlle"
Tennessee,44,100 Free,2,47.81,Emily Armen,,CSCAA Challenge (Mich vs. Tenn)
Tennessee,44,100 Free,3,48.54,Ella Jansen,,Tennessee vs Kentucky
Tennessee,44,100 Free,4,48.58,Julianna Bocska,,CSCAA Challenge (Mich vs. Tenn)
Tennessee,44,100 Free,5,48.81,Lilly Daley,,Tennessee Invitational
Tennessee,44,100 Free,6,49.03,Amelia Mason,,CSCAA Challenge (Mich vs. Tenn)
Tennessee,44,100 Free,7,49.15,Emily Brown,,Tennessee vs Kentucky
Tennessee,44,100 Free,8,49.32,Julia Burroughs,,Tennessee Invitational
Tennessee,44,100 Free,9,49.66,Lilly Robertson,,"Tennessee vs. Auburn, Lousivlle"
Tennessee,44,100 Free,10,49.73,Laura Littlejohn,,"Tennessee vs. Auburn, Lousivlle"
Tennessee,44,1000 Free,1,9:58.37,Avery Luedke,,Tennessee vs Kentucky
Tennessee,44,1000 Free,2,10:01.38,Nicole Zettel,,Texas vs. Tennessee
Tennessee,44,1000 Free,3,10:02.26,Mere Whelehan,,Texas vs. Tennessee
Tennessee,44,1000 Free,4,10:08.31,Milly Leonard,,"Tennessee vs. Auburn, Lousivlle"
Tennessee,44,1650 Free,1,16:44.51,Avery Luedke,,Tennessee Invitational
Tennessee,44,200 Back,1,1:52.80,Regan Rathwell,,CSCAA Dual Challenge (Mich vs. Tenn)
Tennessee,44,200 Back,2,1:53.53,Ella Jansen,,Tennessee vs Kentucky
Tennessee,44,200 Back,3,1:54.73,Sophie Brison,,Texas vs. Tennessee
Tennessee,44,200 Back,4,1:55.58,Lexi Stephens,,CSCAA Dual Challenge (Mich vs. Tenn)
Tennessee,44,200 Back,5,1:57.07,Avery Luedke,,"CSCAA Dual Challenge (Mich vs. UVA Men, UT vs. ASU Women)"
Tennessee,44,200 Back,6,1:57.52,Alyssa Claborn,,Tennessee Invitational
Tennessee,44,200 Back,7,2:04.38,Molly Blanchard,,"Tennessee vs. Auburn, Lousivlle"
Tennessee,44,200 Breast,1,2:09.58,Emelie Fast,,"CSCAA Dual Challenge (Mich vs. UVA Men, UT vs. ASU Women)"
Tennessee,44,200 Breast,2,2:11.51,Simone Moll,,"CSCAA Dual Challenge (Mich vs. UVA Men, UT vs. ASU Women)"
Tennessee,44,200 Breast,3,2:11.93,Hannah Marinovich,,Tennessee Invitational
Tennessee,44,200 Breast,4,2:15.03,McKenzie Siroky,,Texas vs. Tennessee
Tennessee,44,200 Breast,5,2:16.80,Milly Leonard,,Tennessee Invitational
Tennessee,44,200 Breast,6,2:16.83,Tori Brostowitz,,Tennessee Invitational
Tennessee,44,200 Fly,1,1:53.07,Emily Brown,,CSCAA Dual Challenge (Mich vs. Tenn)
Tennessee,44,200 Fly,2,1:53.90,Ella Jansen,,Tennessee vs Kentucky
Tennessee,44,200 Fly,3,1:58.32,Amelia Mason,,"CSCAA Dual Challenge (Mich vs. UVA Men, UT vs. ASU Women)"
Tennessee,44,200 Fly,4,2:01.71,Nicole Zettel,,Tennessee vs Kentucky
Tennessee,44,200 Fly,5,2:04.90,Milly Leonard,,CSCAA Dual Challenge - 3rd Place
Tennessee,44,200 Fly,6,2:05.17,Tori Brostowitz,,"CSCAA Dual Challenge (Mich vs. UVA Men, UT vs. ASU Women)"
Tennessee,44,200 Free,1,1:42.57,Camille Spink,,CSCAA Dual Challenge - 3rd Place
Tennessee,44,200 Free,2,1:42.62,Ella Jansen,,CSCAA Dual Challenge - 3rd Place
Tennessee,44,200 Free,3,1:44.88,Emily Brown,,Tennessee Invitational
Tennessee,44,200 Free,4,1:44.89,Emily Armen,,CSCAA Challenge (Mich vs. Tenn)
Tennessee,44,200 Free,5,1:45.78,Amelia Mason,,CSCAA Dual Challenge - 3rd Place
Tennessee,44,200 Free,6,1:46.44,Lilly Daley,,"CSCAA Dual Challenge (Mich vs. UVA Men, UT vs. ASU Women)"
Tennessee,44,200 Free,7,1:46.53,Julia Burroughs,,CSCAA Challenge (Mich vs. Tenn)
Tennessee,44,200 Free,8,1:46.73,Julianna Bocska,,"Tennessee vs. Auburn, Lousivlle"
Tennessee,44,200 Free,9,1:47.80,Mere Whelehan,,Tennessee Invitational
Tennessee,44,200 Free,10,1:48.29,Nicole Zettel,,Tennessee Invitational
Tennessee,44,200 Im,1,1:55.33,Ella Jansen,,Tennessee Invitational
Tennessee,44,200 Im,2,1:55.52,Emily Brown,,Tennessee vs Kentucky
Tennessee,44,200 Im,3,1:57.63,Camille Spink,,Tennessee vs Kentucky
Tennessee,44,200 Im,4,1:59.28,Nicole Zettel,,"CSCAA Dual Challenge (Mich vs. UVA Men, UT vs. ASU Women)"
Tennessee,44,200 Im,5,2:00.58,Emelie Fast,,Tennessee Invitational
Tennessee,44,200 Im,6,2:01.03,Lexi Stephens,,Texas vs. Tennessee
Tennessee,44,200 Im,7,2:01.86,Sophie Brison,,Tennessee vs Kentucky
Tennessee,44,200 Im,8,2:02.42,Molly Blanchard,,Texas vs. Tennessee
Tennessee,44,200 Im,9,2:02.79,Tori Brostowitz,,Tennessee Invitational
Tennessee,44,200 Im,10,2:03.53,Milly Leonard,,CSCAA Dual Challenge - 3rd Place
Tennessee,44,400 Im,1,4:04.72,Ella Jansen,,CSCAA Challenge (Mich vs. Tenn)
Tennessee,44,400 Im,2,4:09.03,Emily Brown,,CSCAA Challenge (Mich vs. Tenn)
Tennessee,44,400 Im,3,4:14.98,Nicole Zettel,,CSCAA Challenge (Mich vs. Tenn)
Tennessee,44,400 Im,4,4:19.61,Sophie Brison,,Tennessee Invitational
Tennessee,44,400 Im,5,4:19.84,Milly Leonard,,Tennessee Invitational
Tennessee,44,50 Free,1,21.25,Camille Spink,,CSCAA Challenge (Mich vs. Tenn)
Tennessee,44,50 Free,2,22.32,Julianna Bocska,,CSCAA Challenge (Mich vs. Tenn)
Tennessee,44,50 Free,3,22.33,Jillian Crooks,,CSCAA Dual Challenge (Mich vs. Tenn)
Tennessee,44,50 Free,4,22.41,Emily Armen,,Tennessee vs Kentucky
Tennessee,44,50 Free,5,22.52,Lilly Daley,,Tennessee Invitational
Tennessee,44,50 Free,6,22.53,Amelia Mason,,Tennessee Invitational
Tennessee,44,50 Free,7,22.80,Julia Burroughs,,"CSCAA Dual Challenge (Mich vs. UVA Men, UT vs. ASU Women)"
Tennessee,44,50 Free,8,22.93,Lilly Robertson,,Tennessee Invitational
Tennessee,44,50 Free,9,23.21,Laura Littlejohn,,"CSCAA Dual Challenge (Mich vs. UVA Men, UT vs. ASU Women)"
Tennessee,44,50 Free,10,23.34,Ella Jansen,,Tennessee vs Kentucky
Tennessee,44,500 Free,1,4:37.33,Ella Jansen,,CSCAA Dual Challenge (Mich vs. Tenn)
Tennessee,44,500 Free,2,4:43.83,Emily Brown,,CSCAA Dual Challenge - 3rd Place
Tennessee,44,500 Free,3,4:48.13,Julia Burroughs,,Tennessee vs Kentucky
Tennessee,44,500 Free,4,4:48.59,Emily Armen,,Tennessee vs Kentucky
Tennessee,44,500 Free,5,4:48.88,Nicole Zettel,,CSCAA Dual Challenge - 3rd Place
Tennessee,44,500 Free,6,4:49.31,Avery Luedke,,Tennessee Invitational
Tennessee,44,500 Free,7,4:50.35,Mere Whelehan,,Texas vs. Tennessee
Tennessee,44,500 Free,8,4:52.95,Sophie Brison,,Texas vs. Tennessee
Tennessee,44,500 Free,9,4:53.21,Milly Leonard,,Tennessee Invitational
Tennessee,44,500 Free,10,5:41.36,Lilly Robertson,,Tennessee Invitational
Texas,105,100 Back,1,51.48,Berit Berglund,,Texas Hall of Fame Invitational
Texas,105,100 Back,2,52.20,Campbell Stoll,,Texas Hall of Fame Invitational
Texas,105,100 Back,3,52.22,Emma Kern,,Texas Hall of Fame Invitational
Texas,105,100 Back,4,52.54,Lillie Nesty,,Texas Hall of Fame Invitational
Texas,105,100 Back,5,52.59,Sienna Schellenger,,Texas Hall of Fame Invitational
Texas,105,100 Back,6,52.86,Sarah Rodrigues,,Alabama vs Texas
Texas,105,100 Back,7,53.28,Meghan DiMartile,,Texas Hall of Fame Invitational
Texas,105,100 Breast,1,58.13,Piper Enge,,Texas Hall of Fame Invitational
Texas,105,100 Breast,2,1:00.21,Angie Coe,,Texas Hall of Fame Invitational
Texas,105,100 Breast,3,1:01.30,Campbell Chase,,Alabama vs Texas
Texas,105,100 Breast,4,1:01.55,Lindsey Hosch,,Texas vs. Tennessee
Texas,105,100 Breast,5,1:01.76,Avery Collins,,Alabama vs Texas
Texas,105,100 Breast,6,1:03.44,Chase Davison,,Texas Hall of Fame Invitational
Texas,105,100 Fly,1,50.82,Eva Okaro,,Texas Hall of Fame Invitational
Texas,105,100 Fly,2,50.98,Campbell Stoll,,Texas Hall of Fame Invitational
Texas,105,100 Fly,3,51.53,Angie Coe,,Texas Hall of Fame Invitational
Texas,105,100 Fly,4,53.21,Alexa Fulton,,Texas Hall of Fame Invitational
Texas,105,100 Fly,5,53.25,Erin Gemmell,,Alabama vs Texas
Texas,105,100 Fly,6,53.55,Campbell Chase,,Alabama vs Texas
Texas,105,100 Fly,7,53.67,Ella Mongenel,,Texas Hall of Fame Invitational
Texas,105,100 Fly,8,53.69,Emma Kern,,Texas Hall of Fame Invitational
Texas,105,100 Fly,9,53.96,Sienna Schellenger,,Texas Hall of Fame Invitational
Texas,105,100 Fly,10,54.24,Sarah Rodrigues,,Texas vs. Tennessee
Texas,105,100 Free,1,46.49,Eva Okaro,,Texas Hall of Fame Invitational
Texas,105,100 Free,2,47.48,Erin Gemmell,,Texas vs. Tennessee
Texas,105,100 Free,3,48.29,Lillie Nesty,,Alabama vs Texas
Texas,105,100 Free,4,48.34,Nikoletta PADAR,,Texas Hall of Fame Invitational
Texas,105,100 Free,5,48.53,Lucy Mehraban,,Texas Hall of Fame Invitational
Texas,105,100 Free,6,48.61,Alexa Fulton,,Texas Hall of Fame Invitational
Texas,105,100 Free,7,49.01,inez miller,,Texas Hall of Fame Invitational
Texas,105,100 Free,8,49.19,Sienna Schellenger,,Texas Hall of Fame Invitational
Texas,105,100 Free,9,49.63,Piper Enge,,Texas Hall of Fame Invitational
Texas,105,100 Free,10,49.64,Brooke Adams,,Texas Hall of Fame Invitational
Texas,105,1000 Free,1,9:26.11,Jillian Cox,,Texas vs. Tennessee
Texas,105,1000 Free,2,9:37.74,Kate Hurst,,Alabama vs Texas
Texas,105,1000 Free,3,9:51.64,inez miller,,Texas vs. Tennessee
Texas,105,1650 Free,1,15:41.70,Jillian Cox,,Texas Hall of Fame Invitational
Texas,105,1650 Free,2,15:59.59,Kate Hurst,,Texas Hall of Fame Invitational
Texas,105,200 Back,1,1:52.57,Sarah Rodrigues,,Texas Hall of Fame Invitational
Texas,105,200 Back,2,1:52.81,Lillie Nesty,,Texas vs. Tennessee
Texas,105,200 Back,3,1:54.62,Emma Kern,,Alabama vs Texas
Texas,105,200 Back,4,1:54.69,Angie Coe,,Alabama vs Texas
Texas,105,200 Back,5,1:55.67,Haley McDonald,,Texas vs. Tennessee
Texas,105,200 Back,6,1:56.91,Berit Berglund,,Texas Hall of Fame Invitational
Texas,105,200 Back,7,2:00.12,Meghan DiMartile,,Texas Hall of Fame Invitational
Texas,105,200 Back,8,2:03.24,Chase Davison,,Texas Hall of Fame Invitational
Texas,105,200 Breast,1,2:07.59,Angie Coe,,Texas Hall of Fame Invitational
Texas,105,200 Breast,2,2:08.53,Piper Enge,,Texas Hall of Fame Invitational
Texas,105,200 Breast,3,2:08.94,Campbell Chase,,Texas Hall of Fame Invitational
Texas,105,200 Breast,4,2:09.22,Campbell Stoll,,Texas Hall of Fame Invitational
Texas,105,200 Breast,5,2:11.36,Avery Collins,,Alabama vs Texas
Texas,105,200 Breast,6,2:14.33,Haley McDonald,,Alabama vs Texas
Texas,105,200 Breast,7,2:14.90,Lindsey Hosch,,Texas vs. Tennessee
Texas,105,200 Breast,8,2:18.89,Chase Davison,,Texas Hall of Fame Invitational
Texas,105,200 Fly,1,1:52.13,Campbell Stoll,,Texas Hall of Fame Invitational
Texas,105,200 Fly,2,1:55.41,Angie Coe,,Texas Hall of Fame Invitational
Texas,105,200 Fly,3,2:00.01,Avery Collins,,Texas Hall of Fame Invitational
Texas,105,200 Fly,4,2:02.87,Kate Hurst,,Alabama vs Texas
Texas,105,200 Free,1,1:42.10,Nikoletta PADAR,,Texas Hall of Fame Invitational
Texas,105,200 Free,2,1:42.36,Lillie Nesty,,Texas Hall of Fame Invitational
Texas,105,200 Free,3,1:42.64,Erin Gemmell,,Texas vs. Tennessee
Texas,105,200 Free,4,1:44.08,Campbell Chase,,Texas Hall of Fame Invitational
Texas,105,200 Free,5,1:44.40,inez miller,,Texas Hall of Fame Invitational
Texas,105,200 Free,6,1:44.93,Angie Coe,,Alabama vs Texas
Texas,105,200 Free,7,1:46.93,Jillian Cox,,Texas Hall of Fame Invitational
Texas,105,200 Free,8,1:47.31,Brooke Adams,,Texas Hall of Fame Invitational
Texas,105,200 Free,9,1:47.42,Lucy Mehraban,,Texas Hall of Fame Invitational
Texas,105,200 Free,10,1:47.60,Sarah Rodrigues,,Texas Hall of Fame Invitational
Texas,105,200 Im,1,1:53.48,Campbell Chase,,Texas Hall of Fame Invitational
Texas,105,200 Im,2,1:54.18,Angie Coe,,Texas Hall of Fame Invitational
Texas,105,200 Im,3,1:55.66,Campbell Stoll,,Texas Hall of Fame Invitational
Texas,105,200 Im,4,1:57.16,Haley McDonald,,Texas Hall of Fame Invitational
Texas,105,200 Im,5,1:59.29,Nikoletta PADAR,,Alabama vs Texas
Texas,105,200 Im,6,1:59.64,Piper Enge,,Texas Hall of Fame Invitational
Texas,105,200 Im,7,2:00.89,Avery Collins,,Texas Hall of Fame Invitational
Texas,105,200 Im,8,2:01.27,Sarah Rodrigues,,Texas Hall of Fame Invitational
Texas,105,200 Im,9,2:02.38,Emma Kern,,Texas Hall of Fame Invitational
Texas,105,400 Im,1,4:04.49,Campbell Stoll,,Texas vs. Tennessee
Texas,105,400 Im,2,4:07.55,Haley McDonald,,Texas Hall of Fame Invitational
Texas,105,400 Im,3,4:09.37,Campbell Chase,,Texas vs. Tennessee
Texas,105,400 Im,4,4:11.98,Avery Collins,,Texas Hall of Fame Invitational
Texas,105,400 Im,5,4:15.35,Piper Enge,,Texas Hall of Fame Invitational
Texas,105,400 Im,6,4:16.45,Nikoletta PADAR,,Texas vs. Tennessee
Texas,105,400 Im,7,4:21.70,Kate Hurst,,Texas Hall of Fame Invitational
Texas,105,50 Free,1,21.53,Eva Okaro,,Texas Hall of Fame Invitational
Texas,105,50 Free,2,22.23,Alexa Fulton,,Texas Hall of Fame Invitational
Texas,105,50 Free,3,22.32,Angie Coe,,Texas Hall of Fame Invitational
Texas,105,50 Free,4,22.38,Erin Gemmell,,Texas vs. Tennessee
Texas,105,50 Free,5,22.39,Sienna Schellenger,,Texas Hall of Fame Invitational
Texas,105,50 Free,6,22.51,Lucy Mehraban,,Texas Hall of Fame Invitational
Texas,105,50 Free,7,22.69,Piper Enge,,Texas Hall of Fame Invitational
Texas,105,50 Free,8,22.91,Nikoletta PADAR,,Alabama vs Texas
Texas,105,50 Free,9,22.92,Ella Mongenel,,Texas Hall of Fame Invitational
Texas,105,50 Free,10,23.05,Emma Kern,,Texas vs. Tennessee
Texas,105,500 Free,1,4:32.92,Jillian Cox,,Texas Hall of Fame Invitational
Texas,105,500 Free,2,4:36.45,Nikoletta PADAR,,Texas Hall of Fame Invitational
Texas,105,500 Free,3,4:37.52,Lillie Nesty,,Texas Hall of Fame Invitational
Texas,105,500 Free,4,4:38.65,Kate Hurst,,Texas vs. Tennessee
Texas,105,500 Free,5,4:44.75,Haley McDonald,,Texas Hall of Fame Invitational
Texas,105,500 Free,6,4:47.24,inez miller,,Texas vs. Tennessee
Texas,105,500 Free,7,4:48.23,Campbell Stoll,,Alabama vs Texas
UNC-Wilmington,395,100 Back,1,54.11,Maeren McGonigal,,Kellianne Nagy Fall Frenzy Invite
UNC-Wilmington,395,100 Back,2,56.47,Ingrid Janney,,"UNC vs. Boston College, UNC-Wilmington"
UNC-Wilmington,395,100 Back,3,56.84,Carly VanNote,,Kellianne Nagy Fall Frenzy Invite
UNC-Wilmington,395,100 Back,4,57.08,Sam Dugan,,Kellianne Nagy Fall Frenzy Invite
UNC-Wilmington,395,100 Back,5,57.19,Miko Takei,,Kellianne Nagy Fall Frenzy Invite
UNC-Wilmington,395,100 Back,6,57.26,Caroline Kozubowski,,"UNCW vs. Queens (NC), William & Mary"
UNC-Wilmington,395,100 Back,7,59.30,Lauren Sharp,,UNC-Wilmington vs. Gardner-Webb
UNC-Wilmington,395,100 Breast,1,1:02.67,Gil Shaw,,"UNC vs. Boston College, UNC-Wilmington"
UNC-Wilmington,395,100 Breast,2,1:03.93,Amelia Betancourt,,Kellianne Nagy Fall Frenzy Invite
UNC-Wilmington,395,100 Breast,3,1:05.42,Renee Burton,,"UNCW vs. Queens (NC), William & Mary"
UNC-Wilmington,395,100 Breast,4,1:06.44,Sophia Bellissimo,,"UNCW vs. Queens (NC), William & Mary"
UNC-Wilmington,395,100 Breast,5,1:07.92,Ava Wright,,"UNC vs. Boston College, UNC-Wilmington"
UNC-Wilmington,395,100 Fly,1,52.08,Cameron Snowden,,Kellianne Nagy Fall Frenzy Invite
UNC-Wilmington,395,100 Fly,2,56.79,Miko Takei,,"UNCW vs. Queens (NC), William & Mary"
UNC-Wilmington,395,100 Fly,3,57.67,Caroline Kozubowski,,Kellianne Nagy Fall Frenzy Invite
UNC-Wilmington,395,100 Fly,4,57.99,Olivia Corbi,,Kellianne Nagy Fall Frenzy Invite
UNC-Wilmington,395,100 Fly,5,58.17,Maeren McGonigal,,Kellianne Nagy Fall Frenzy Invite
UNC-Wilmington,395,100 Fly,6,58.31,Sofia Kohler,,UNC-Wilmington vs. Gardner-Webb
UNC-Wilmington,395,100 Fly,7,1:00.04,Alex Tysinger,,Kellianne Nagy Fall Frenzy Invite
UNC-Wilmington,395,100 Fly,8,1:00.06,Gil Shaw,,Kellianne Nagy Fall Frenzy Invite
UNC-Wilmington,395,100 Fly,9,1:01.04,Sophia Bellissimo,,Kellianne Nagy Fall Frenzy Invite
UNC-Wilmington,395,100 Fly,10,1:01.22,Lauren Sharp,,Kellianne Nagy Fall Frenzy Invite
UNC-Wilmington,395,100 Free,1,48.78,Cameron Snowden,,Kellianne Nagy Fall Frenzy Invite
UNC-Wilmington,395,100 Free,2,50.02,Alex Tysinger,,"UNC vs. Boston College, UNC-Wilmington"
UNC-Wilmington,395,100 Free,3,52.11,Lauren Hinton,,Kellianne Nagy Fall Frenzy Invite
UNC-Wilmington,395,100 Free,4,52.23,Emily Waite,,Kellianne Nagy Fall Frenzy Invite
UNC-Wilmington,395,100 Free,5,52.27,Sofia Kohler,,"UNCW vs. Queens (NC), William & Mary"
UNC-Wilmington,395,100 Free,6,52.37,Olivia Corbi,,"UNC vs. Boston College, UNC-Wilmington"
UNC-Wilmington,395,100 Free,7,53.44,Renee Burton,,Kellianne Nagy Fall Frenzy Invite
UNC-Wilmington,395,100 Free,8,53.44,Cassidy Lima,,"UNC vs. Boston College, UNC-Wilmington"
UNC-Wilmington,395,1000 Free,1,10:21.39,Emerson Dalton,,"UNCW vs. Queens (NC), William & Mary"
UNC-Wilmington,395,1000 Free,2,10:22.06,Jordyn Dillard,,"UNC vs. Boston College, UNC-Wilmington"
UNC-Wilmington,395,1000 Free,3,10:46.62,Taylor Goodwin,,UNC-Wilmington vs. Gardner-Webb
UNC-Wilmington,395,1650 Free,1,17:31.45,Emerson Dalton,,Kellianne Nagy Fall Frenzy Invite
UNC-Wilmington,395,1650 Free,2,17:36.78,Jordyn Dillard,,Kellianne Nagy Fall Frenzy Invite
UNC-Wilmington,395,1650 Free,3,18:24.86,Taylor Goodwin,,Kellianne Nagy Fall Frenzy Invite
UNC-Wilmington,395,200 Back,1,1:56.95,Maeren McGonigal,,Kellianne Nagy Fall Frenzy Invite
UNC-Wilmington,395,200 Back,2,2:00.52,Ingrid Janney,,"UNCW vs. Queens (NC), William & Mary"
UNC-Wilmington,395,200 Back,3,2:00.69,Sam Dugan,,UNC-Wilmington vs. Gardner-Webb
UNC-Wilmington,395,200 Back,4,2:01.31,Olivia Corbi,,Kellianne Nagy Fall Frenzy Invite
UNC-Wilmington,395,200 Back,5,2:03.04,Carly VanNote,,Kellianne Nagy Fall Frenzy Invite
UNC-Wilmington,395,200 Back,6,2:03.35,Miko Takei,,Kellianne Nagy Fall Frenzy Invite
UNC-Wilmington,395,200 Back,7,2:03.85,Caroline Kozubowski,,Kellianne Nagy Fall Frenzy Invite
UNC-Wilmington,395,200 Breast,1,2:13.60,Gil Shaw,,Kellianne Nagy Fall Frenzy Invite
UNC-Wilmington,395,200 Breast,2,2:17.29,Lauren Sharp,,Kellianne Nagy Fall Frenzy Invite
UNC-Wilmington,395,200 Breast,3,2:20.59,Amelia Betancourt,,Kellianne Nagy Fall Frenzy Invite
UNC-Wilmington,395,200 Breast,4,2:21.44,Sophia Bellissimo,,Kellianne Nagy Fall Frenzy Invite
UNC-Wilmington,395,200 Breast,5,2:24.00,Ava Wright,,"UNC vs. Boston College, UNC-Wilmington"
UNC-Wilmington,395,200 Breast,6,2:24.99,Renee Burton,,"UNC vs. Boston College, UNC-Wilmington"
UNC-Wilmington,395,200 Fly,1,2:03.35,Maeren McGonigal,,UNC-Wilmington vs. Gardner-Webb
UNC-Wilmington,395,200 Fly,2,2:04.21,Olivia Corbi,,"UNC vs. Boston College, UNC-Wilmington"
UNC-Wilmington,395,200 Fly,3,2:05.30,Carly VanNote,,Kellianne Nagy Fall Frenzy Invite
UNC-Wilmington,395,200 Fly,4,2:08.10,Sofia Kohler,,"UNC vs. Boston College, UNC-Wilmington"
UNC-Wilmington,395,200 Fly,5,2:08.77,Miko Takei,,"UNCW vs. Queens (NC), William & Mary"
UNC-Wilmington,395,200 Fly,6,2:09.19,Taylor Goodwin,,Kellianne Nagy Fall Frenzy Invite
UNC-Wilmington,395,200 Free,1,1:49.44,Maeren McGonigal,,Kellianne Nagy Fall Frenzy Invite
UNC-Wilmington,395,200 Free,2,1:50.86,Cameron Snowden,,UNC-Wilmington vs. Gardner-Webb
UNC-Wilmington,395,200 Free,3,1:52.15,Sam Dugan,,Kellianne Nagy Fall Frenzy Invite
UNC-Wilmington,395,200 Free,4,1:52.33,Emily Waite,,Kellianne Nagy Fall Frenzy Invite
UNC-Wilmington,395,200 Free,5,1:52.51,Olivia Corbi,,UNC-Wilmington vs. Gardner-Webb
UNC-Wilmington,395,200 Free,6,1:53.03,Sophia Bellissimo,,Kellianne Nagy Fall Frenzy Invite
UNC-Wilmington,395,200 Free,7,1:53.99,Lauren Hinton,,"UNC vs. Boston College, UNC-Wilmington"
UNC-Wilmington,395,200 Free,8,1:55.01,Emerson Dalton,,Kellianne Nagy Fall Frenzy Invite
UNC-Wilmington,395,200 Free,9,1:55.14,Taylor Goodwin,,Kellianne Nagy Fall Frenzy Invite
UNC-Wilmington,395,200 Free,10,1:56.39,Jordyn Dillard,,Kellianne Nagy Fall Frenzy Invite
UNC-Wilmington,395,200 Im,1,2:00.16,Maeren McGonigal,,Kellianne Nagy Fall Frenzy Invite
UNC-Wilmington,395,200 Im,2,2:03.39,Gil Shaw,,Kellianne Nagy Fall Frenzy Invite
UNC-Wilmington,395,200 Im,3,2:05.43,Lauren Sharp,,"UNC vs. Boston College, UNC-Wilmington"
UNC-Wilmington,395,200 Im,4,2:05.80,Ingrid Janney,,Kellianne Nagy Fall Frenzy Invite
UNC-Wilmington,395,200 Im,5,2:07.06,Olivia Corbi,,"UNCW vs. Queens (NC), William & Mary"
UNC-Wilmington,395,200 Im,6,2:07.19,Sophia Bellissimo,,Kellianne Nagy Fall Frenzy Invite
UNC-Wilmington,395,200 Im,7,2:08.65,Emily Waite,,Kellianne Nagy Fall Frenzy Invite
UNC-Wilmington,395,200 Im,8,2:09.59,Caroline Kozubowski,,Kellianne Nagy Fall Frenzy Invite
UNC-Wilmington,395,200 Im,9,2:10.40,Carly VanNote,,Kellianne Nagy Fall Frenzy Invite
UNC-Wilmington,395,200 Im,10,2:10.82,Amelia Betancourt,,Kellianne Nagy Fall Frenzy Invite
UNC-Wilmington,395,400 Im,1,4:16.79,Maeren McGonigal,,Kellianne Nagy Fall Frenzy Invite
UNC-Wilmington,395,400 Im,2,4:21.28,Olivia Corbi,,Kellianne Nagy Fall Frenzy Invite
UNC-Wilmington,395,400 Im,3,4:23.13,Gil Shaw,,Kellianne Nagy Fall Frenzy Invite
UNC-Wilmington,395,400 Im,4,4:27.74,Lauren Sharp,,Kellianne Nagy Fall Frenzy Invite
UNC-Wilmington,395,400 Im,5,4:28.22,Sophia Bellissimo,,Kellianne Nagy Fall Frenzy Invite
UNC-Wilmington,395,400 Im,6,4:28.23,Ingrid Janney,,Kellianne Nagy Fall Frenzy Invite
UNC-Wilmington,395,400 Im,7,4:37.48,Alex Tysinger,,Kellianne Nagy Fall Frenzy Invite
UNC-Wilmington,395,400 Im,8,4:39.91,Emerson Dalton,,Kellianne Nagy Fall Frenzy Invite
UNC-Wilmington,395,400 Im,9,4:40.77,Jordyn Dillard,,Kellianne Nagy Fall Frenzy Invite
UNC-Wilmington,395,50 Free,1,22.64,Cameron Snowden,,Kellianne Nagy Fall Frenzy Invite
UNC-Wilmington,395,50 Free,2,22.88,Alex Tysinger,,Kellianne Nagy Fall Frenzy Invite
UNC-Wilmington,395,50 Free,3,23.76,Renee Burton,,Kellianne Nagy Fall Frenzy Invite
UNC-Wilmington,395,50 Free,4,23.86,Sofia Kohler,,Kellianne Nagy Fall Frenzy Invite
UNC-Wilmington,395,50 Free,5,23.97,Lauren Hinton,,Kellianne Nagy Fall Frenzy Invite
UNC-Wilmington,395,50 Free,6,24.18,Emily Waite,,Kellianne Nagy Fall Frenzy Invite
UNC-Wilmington,395,50 Free,7,24.36,Cassidy Lima,,"UNC vs. Boston College, UNC-Wilmington"
UNC-Wilmington,395,50 Free,8,24.44,Amelia Betancourt,,Kellianne Nagy Fall Frenzy Invite
UNC-Wilmington,395,500 Free,1,4:56.21,Olivia Corbi,,Kellianne Nagy Fall Frenzy Invite
UNC-Wilmington,395,500 Free,2,4:59.47,Sophia Bellissimo,,Kellianne Nagy Fall Frenzy Invite
UNC-Wilmington,395,500 Free,3,5:00.05,Sam Dugan,,Kellianne Nagy Fall Frenzy Invite
UNC-Wilmington,395,500 Free,4,5:03.95,Jordyn Dillard,,Kellianne Nagy Fall Frenzy Invite
UNC-Wilmington,395,500 Free,5,5:04.70,Emerson Dalton,,Kellianne Nagy Fall Frenzy Invite
UNC-Wilmington,395,500 Free,6,5:05.91,Taylor Goodwin,,Kellianne Nagy Fall Frenzy Invite
UNC-Wilmington,395,500 Free,7,5:14.53,Emily Waite,,UNC-Wilmington vs. Gardner-Webb
UNLV,440,100 Back,1,53.47,Dominika Trentkiewicz,,UNLV vs. BYU
UNLV,440,100 Back,2,53.68,Halayna Montrichard,,Minnesota Invitational
UNLV,440,100 Back,3,54.55,Averi Webb,,UNLV vs. BYU
UNLV,440,100 Back,4,55.42,Grace Wharton,,UNLV vs. BYU
UNLV,440,100 Back,5,56.57,Eefje Irvine,,"USC vs. UNLV, UC San Diego"
UNLV,440,100 Back,6,57.12,Cameron Mykkanen,,UNLV Invite
UNLV,440,100 Back,7,57.30,Victoria Villarreal,,UNLV vs. BYU
UNLV,440,100 Back,8,57.76,Cadence Johnston,,UNLV vs. BYU
UNLV,440,100 Back,9,58.92,Erika Carlson,,UNLV vs. Fresno
UNLV,440,100 Back,10,1:02.73,Jillian Moses,,UNLV vs. Fresno
UNLV,440,100 Breast,1,1:03.76,Brinkley Hallgren,,UNLV Invite
UNLV,440,100 Breast,2,1:03.82,Ava Olson,,UNLV Invite
UNLV,440,100 Breast,3,1:04.66,Ava Knopsnyder,,UNLV Invite
UNLV,440,100 Breast,4,1:04.69,Rachel Wigginton,,UNLV Invite
UNLV,440,100 Breast,5,1:05.30,Jillian Moses,,ASU vs UNLV
UNLV,440,100 Breast,6,1:05.77,Caroline Waters,,UNLV vs. BYU
UNLV,440,100 Fly,1,53.09,Fernanda Mendez Guerra,,Minnesota Invitational
UNLV,440,100 Fly,2,53.82,Lauren Palacios,,UNLV Invite
UNLV,440,100 Fly,3,53.98,Cameron Mykkanen,,Minnesota Invitational
UNLV,440,100 Fly,4,54.95,Dominika Trentkiewicz,,UNLV Invite
UNLV,440,100 Fly,5,55.50,Rachel Wigginton,,UNLV Invite
UNLV,440,100 Fly,6,55.87,Chloe Quarles,,UNLV vs. Utah
UNLV,440,100 Fly,7,56.89,Caroline Waters,,UNLV Invite
UNLV,440,100 Fly,8,57.32,Averi Webb,,UNLV Invite
UNLV,440,100 Fly,9,57.44,Grace Wharton,,Minnesota Invitational
UNLV,440,100 Fly,10,57.46,Kyra Tonsil,,UNLV Invite
UNLV,440,100 Free,1,48.91,Erika Carlson,,Minnesota Invitational
UNLV,440,100 Free,2,49.77,Fernanda Mendez Guerra,,Minnesota Invitational
UNLV,440,100 Free,3,50.44,Gina Miller,,UNLV vs. BYU
UNLV,440,100 Free,4,51.38,Grace Wharton,,UNLV Invite
UNLV,440,100 Free,5,51.51,Averi Webb,,UNLV Invite
UNLV,440,100 Free,6,51.61,Alyssa Dimitriadis,,UNLV vs. BYU
UNLV,440,100 Free,7,51.69,Chloe Quarles,,UNLV vs. BYU
UNLV,440,100 Free,8,52.07,Marta Klimek,,UNLV Invite
UNLV,440,100 Free,9,52.50,Cadence Johnston,,UNLV vs. Utah
UNLV,440,100 Free,10,52.73,Ava Knopsnyder,,UNLV vs. Utah
UNLV,440,1000 Free,1,9:50.25,Ava Olson,,"USC vs. UNLV, UC San Diego"
UNLV,440,1000 Free,2,10:03.57,Grace Wharton,,UNLV vs. Utah
UNLV,440,1000 Free,3,10:16.09,Hannah Jones,,"USC vs. UNLV, UC San Diego"
UNLV,440,1000 Free,4,10:22.41,Ashley Hughes,,UNLV vs. BYU
UNLV,440,1000 Free,5,10:42.96,Alyssa Dimitriadis,,UNLV vs. Utah
UNLV,440,1650 Free,1,16:42.32,Ava Olson,,Minnesota Invitational
UNLV,440,1650 Free,2,17:20.05,Hannah Jones,,UNLV Invite
UNLV,440,1650 Free,3,17:27.42,Ashley Hughes,,UNLV Invite
UNLV,440,200 Back,1,1:57.19,Halayna Montrichard,,Minnesota Invitational
UNLV,440,200 Back,2,1:57.19,Grace Wharton,,Minnesota Invitational
UNLV,440,200 Back,3,1:58.58,Dominika Trentkiewicz,,UNLV Invite
UNLV,440,200 Back,4,2:02.56,Rachel Wigginton,,ASU vs UNLV
UNLV,440,200 Back,5,2:02.67,Eefje Irvine,,"USC vs. UNLV, UC San Diego"
UNLV,440,200 Back,6,2:04.76,Victoria Villarreal,,UNLV Invite
UNLV,440,200 Back,7,2:04.88,Cameron Mykkanen,,UNLV Invite
UNLV,440,200 Breast,1,2:17.86,Rachel Wigginton,,UNLV Invite
UNLV,440,200 Breast,2,2:20.44,Ava Knopsnyder,,UNLV Invite
UNLV,440,200 Breast,3,2:21.27,Ava Olson,,UNLV vs. Utah
UNLV,440,200 Breast,4,2:22.30,Jillian Moses,,UNLV vs. BYU
UNLV,440,200 Breast,5,2:24.49,Brinkley Hallgren,,UNLV Invite
UNLV,440,200 Breast,6,2:24.65,Caroline Waters,,UNLV vs. Utah
UNLV,440,200 Fly,1,1:58.99,Lauren Palacios,,UNLV Invite
UNLV,440,200 Fly,2,1:59.16,Ava Olson,,UNLV Invite
UNLV,440,200 Fly,3,1:59.67,Rachel Wigginton,,UNLV vs. BYU
UNLV,440,200 Fly,4,2:00.20,Cameron Mykkanen,,Minnesota Invitational
UNLV,440,200 Fly,5,2:06.01,Ava Knopsnyder,,"USC vs. UNLV, UC San Diego"
UNLV,440,200 Free,1,1:46.33,Erika Carlson,,Minnesota Invitational
UNLV,440,200 Free,2,1:48.49,Ava Olson,,Minnesota Invitational
UNLV,440,200 Free,3,1:48.68,Gina Miller,,"USC vs. UNLV, UC San Diego"
UNLV,440,200 Free,4,1:49.10,Marta Klimek,,ASU vs UNLV
UNLV,440,200 Free,5,1:49.15,Grace Wharton,,UNLV Invite
UNLV,440,200 Free,6,1:51.34,Alyssa Dimitriadis,,UNLV vs. BYU
UNLV,440,200 Free,7,1:53.84,Ava Knopsnyder,,UNLV vs. BYU
UNLV,440,200 Free,8,1:54.27,Hannah Jones,,UNLV Invite
UNLV,440,200 Free,9,1:55.49,Ashley Hughes,,UNLV Invite
UNLV,440,200 Free,10,1:58.69,Kyra Tonsil,,UNLV vs. Utah
UNLV,440,200 Im,1,1:59.80,Grace Wharton,,Minnesota Invitational
UNLV,440,200 Im,2,2:00.47,Erika Carlson,,UNLV Invite
UNLV,440,200 Im,3,2:01.79,Ava Olson,,UNLV Invite
UNLV,440,200 Im,4,2:02.69,Rachel Wigginton,,Minnesota Invitational
UNLV,440,200 Im,5,2:04.50,Ava Knopsnyder,,UNLV Invite
UNLV,440,200 Im,6,2:06.40,Cameron Mykkanen,,Minnesota Invitational
UNLV,440,200 Im,7,2:07.83,Jillian Moses,,UNLV Invite
UNLV,440,200 Im,8,2:08.44,Victoria Villarreal,,UNLV vs. Utah
UNLV,440,200 Im,9,2:09.69,Caroline Waters,,UNLV Invite
UNLV,440,200 Im,10,2:13.95,Eefje Irvine,,ASU vs UNLV
UNLV,440,400 Im,1,4:15.12,Grace Wharton,,Minnesota Invitational
UNLV,440,400 Im,2,4:15.76,Rachel Wigginton,,Minnesota Invitational
UNLV,440,400 Im,3,4:35.07,Victoria Villarreal,,UNLV Invite
UNLV,440,400 Im,4,4:41.56,Hannah Jones,,UNLV vs. BYU
UNLV,440,50 Free,1,22.78,Erika Carlson,,Minnesota Invitational
UNLV,440,50 Free,2,22.84,Fernanda Mendez Guerra,,ASU vs UNLV
UNLV,440,50 Free,3,23.26,Gina Miller,,UNLV Invite
UNLV,440,50 Free,4,23.41,Averi Webb,,ASU vs UNLV
UNLV,440,50 Free,5,23.56,Halayna Montrichard,,Minnesota Invitational
UNLV,440,50 Free,6,23.63,Chloe Quarles,,UNLV vs. BYU
UNLV,440,50 Free,7,23.65,Cadence Johnston,,UNLV Invite
UNLV,440,50 Free,8,23.68,Dominika Trentkiewicz,,UNLV Invite
UNLV,440,50 Free,9,23.71,Grace Wharton,,UNLV Invite
UNLV,440,50 Free,10,23.82,Lauren Palacios,,UNLV Invite
UNLV,440,500 Free,1,4:44.88,Ava Olson,,Minnesota Invitational
UNLV,440,500 Free,2,4:50.16,Erika Carlson,,Minnesota Invitational
UNLV,440,500 Free,3,4:52.88,Gina Miller,,UNLV Invite
UNLV,440,500 Free,4,4:53.05,Marta Klimek,,UNLV Invite
UNLV,440,500 Free,5,4:53.51,Grace Wharton,,UNLV Invite
UNLV,440,500 Free,6,4:59.46,Hannah Jones,,UNLV Invite
UNLV,440,500 Free,7,5:01.37,Ashley Hughes,,UNLV Invite
UNLV,440,500 Free,8,5:05.38,Rachel Wigginton,,UNLV vs. Utah
UNLV,440,500 Free,9,5:06.75,Alyssa Dimitriadis,,"USC vs. UNLV, UC San Diego"
UNLV,440,500 Free,10,5:15.13,Ava Knopsnyder,,UNLV vs. Fresno
USC,102,100 Back,1,50.91,Minna Abraham,,Texas Hall of Fame Invitational
USC,102,100 Back,2,52.76,Lindsay Barnes,,Texas Hall of Fame Invitational
USC,102,100 Back,3,53.38,Ashley McMillan,,USC Invite
USC,102,100 Back,4,53.62,Dora Molnar,,USC Invite
USC,102,100 Back,5,54.33,Isabella Schneider,,Texas Hall of Fame Invitational
USC,102,100 Back,6,54.42,Cornelia Fox,,Texas Hall of Fame Invitational
USC,102,100 Back,7,54.66,Sage Miller,,Texas Hall of Fame Invitational
USC,102,100 Breast,1,59.85,Bella Brito,,USC vs. California
USC,102,100 Breast,2,1:00.48,Ashley McMillan,,Arizona vs. USC
USC,102,100 Breast,3,1:01.66,Daniela Karnaugh,,USC vs. California
USC,102,100 Breast,4,1:01.70,Claire Tuggle,,"USC vs. UNLV, UC San Diego"
USC,102,100 Breast,5,1:02.35,Katherine Adams,,USC Invite
USC,102,100 Breast,6,1:02.86,Kaitlyn Nguyen,,USC vs. Stanford
USC,102,100 Breast,7,1:03.06,Ella Flowers,,Texas Hall of Fame Invitational
USC,102,100 Breast,8,1:03.52,Sala Yasumi,,USC Invite
USC,102,100 Fly,1,52.63,Justina Kozan,,Arizona State vs. USC
USC,102,100 Fly,2,52.70,Sage Miller,,USC vs. California
USC,102,100 Fly,3,53.09,Minna Abraham,,"USC vs. UNLV, UC San Diego"
USC,102,100 Fly,4,53.96,Julia Huffmaster,,Texas Hall of Fame Invitational
USC,102,100 Fly,5,53.99,Camden Doane,,Arizona vs. USC
USC,102,100 Fly,6,54.96,Nicole Maier,,USC Invite
USC,102,100 Fly,7,55.23,Jasmine Mojdeh,,USC Invite
USC,102,100 Fly,8,55.35,Sala Yasumi,,"USC vs. UNLV, UC San Diego"
USC,102,100 Fly,9,55.53,Lindsay Barnes,,Texas Hall of Fame Invitational
USC,102,100 Fly,10,55.66,Ashley McMillan,,Texas Hall of Fame Invitational
USC,102,100 Free,1,47.01,Minna Abraham,,Texas Hall of Fame Invitational
USC,102,100 Free,2,47.94,Nicole Maier,,Texas Hall of Fame Invitational
USC,102,100 Free,3,48.79,Bella Brito,,Texas Hall of Fame Invitational
USC,102,100 Free,4,49.32,Justina Kozan,,USC vs. Stanford
USC,102,100 Free,5,49.43,Claire Tuggle,,"USC vs. UNLV, UC San Diego"
USC,102,100 Free,6,49.71,Caelle Armijo,,USC vs. California
USC,102,100 Free,7,49.75,Dora Molnar,,USC Invite
USC,102,100 Free,8,49.95,Julia Huffmaster,,USC vs. Stanford
USC,102,100 Free,9,50.61,Addie Gish,,Texas Hall of Fame Invitational
USC,102,100 Free,10,51.17,Lily Dormans,,Texas Hall of Fame Invitational
USC,102,1000 Free,1,9:39.36,Minna Abraham,,"USC vs. UNLV, UC San Diego"
USC,102,1000 Free,2,9:41.02,Claire Tuggle,,USC vs. California
USC,102,1000 Free,3,9:43.42,Alisée Pisane,,"USC vs. UNLV, UC San Diego"
USC,102,1000 Free,4,10:01.11,Alexa Wong,,USC vs. California
USC,102,1000 Free,5,10:01.58,Lily Dormans,,Arizona State vs. USC
USC,102,1650 Free,1,16:31.40,Alisée Pisane,,Texas Hall of Fame Invitational
USC,102,1650 Free,2,16:34.79,Claire Tuggle,,USC Invite
USC,102,1650 Free,3,17:05.88,Alexa Wong,,USC Invite
USC,102,1650 Free,4,17:10.20,Lily Dormans,,USC Invite
USC,102,200 Back,1,1:53.33,Dora Molnar,,World Aquatics World Cup - Westmont
USC,102,200 Back,2,1:53.51,Lindsay Barnes,,Texas Hall of Fame Invitational
USC,102,200 Back,3,1:56.92,Isabella Schneider,,Texas Hall of Fame Invitational
USC,102,200 Back,4,1:58.08,Cornelia Fox,,"USC vs. UNLV, UC San Diego"
USC,102,200 Back,5,1:58.56,Addie Gish,,Texas Hall of Fame Invitational
USC,102,200 Breast,1,2:09.62,Ashley McMillan,,Texas Hall of Fame Invitational
USC,102,200 Breast,2,2:10.22,Bella Brito,,USC vs. California
USC,102,200 Breast,3,2:12.24,Camden Doane,,Texas Hall of Fame Invitational
USC,102,200 Breast,4,2:12.28,Daniela Karnaugh,,"USC vs. UNLV, UC San Diego"
USC,102,200 Breast,5,2:12.44,Ella Flowers,,"USC vs. UNLV, UC San Diego"
USC,102,200 Breast,6,2:13.34,Katherine Adams,,Texas Hall of Fame Invitational
USC,102,200 Breast,7,2:15.11,Kaitlyn Nguyen,,USC vs. California
USC,102,200 Breast,8,2:18.94,Sala Yasumi,,USC Invite
USC,102,200 Breast,9,2:24.12,Jasmine Mojdeh,,Texas Hall of Fame Invitational
USC,102,200 Fly,1,1:53.73,Justina Kozan,,USC vs. Stanford
USC,102,200 Fly,2,1:56.30,Sage Miller,,USC vs. California
USC,102,200 Fly,3,1:56.87,Camden Doane,,Texas Hall of Fame Invitational
USC,102,200 Fly,4,1:57.61,Claire Tuggle,,Texas Hall of Fame Invitational
USC,102,200 Fly,5,1:58.40,Ella Flowers,,USC vs. Stanford
USC,102,200 Fly,6,2:00.17,Alexa Wong,,"USC vs. UNLV, UC San Diego"
USC,102,200 Fly,7,2:00.44,Jasmine Mojdeh,,USC Invite
USC,102,200 Fly,8,2:02.57,Kaitlyn Nguyen,,"USC vs. UNLV, UC San Diego"
USC,102,200 Fly,9,2:09.77,Alisée Pisane,,"USC vs. UNLV, UC San Diego"
USC,102,200 Free,1,1:40.47,Minna Abraham,,Texas Hall of Fame Invitational
USC,102,200 Free,2,1:43.65,Claire Tuggle,,Texas Hall of Fame Invitational
USC,102,200 Free,3,1:44.43,Nicole Maier,,Texas Hall of Fame Invitational
USC,102,200 Free,4,1:45.94,Dora Molnar,,USC Invite
USC,102,200 Free,5,1:47.48,Addie Gish,,Texas Hall of Fame Invitational
USC,102,200 Free,6,1:47.55,Lily Dormans,,Texas Hall of Fame Invitational
USC,102,200 Free,7,1:47.79,Bella Brito,,"USC vs. UNLV, UC San Diego"
USC,102,200 Free,8,1:48.03,Cornelia Fox,,"USC vs. UNLV, UC San Diego"
USC,102,200 Free,9,1:49.87,Justina Kozan,,World Aquatics World Cup - Westmont
USC,102,200 Free,10,1:49.92,Julia Huffmaster,,Texas Hall of Fame Invitational
USC,102,200 Im,1,1:55.44,Justina Kozan,,USC Invite
USC,102,200 Im,2,1:56.34,Ashley McMillan,,Texas Hall of Fame Invitational
USC,102,200 Im,3,1:58.23,Nicole Maier,,"USC vs. UNLV, UC San Diego"
USC,102,200 Im,4,1:59.28,Katherine Adams,,Texas Hall of Fame Invitational
USC,102,200 Im,5,1:59.99,Camden Doane,,USC vs. Stanford
USC,102,200 Im,6,2:00.39,Cornelia Fox,,"USC vs. UNLV, UC San Diego"
USC,102,200 Im,7,2:00.60,Isabella Schneider,,USC vs. Stanford
USC,102,200 Im,8,2:01.13,Ella Flowers,,USC vs. Stanford
USC,102,200 Im,9,2:01.41,Kaitlyn Nguyen,,Texas Hall of Fame Invitational
USC,102,200 Im,10,2:02.94,Sala Yasumi,,Texas Hall of Fame Invitational
USC,102,400 Im,1,4:05.08,Justina Kozan,,Texas Hall of Fame Invitational
USC,102,400 Im,2,4:06.93,Ashley McMillan,,Texas Hall of Fame Invitational
USC,102,400 Im,3,4:11.93,Camden Doane,,Texas Hall of Fame Invitational
USC,102,400 Im,4,4:13.54,Ella Flowers,,Texas Hall of Fame Invitational
USC,102,400 Im,5,4:14.72,Cornelia Fox,,Texas Hall of Fame Invitational
USC,102,400 Im,6,4:16.87,Isabella Schneider,,Texas Hall of Fame Invitational
USC,102,400 Im,7,4:17.05,Katherine Adams,,Texas Hall of Fame Invitational
USC,102,400 Im,8,4:18.39,Kaitlyn Nguyen,,USC Invite
USC,102,400 Im,9,4:19.91,Alexa Wong,,Texas Hall of Fame Invitational
USC,102,400 Im,10,4:24.49,Sala Yasumi,,Texas Hall of Fame Invitational
USC,102,50 Free,1,22.06,Minna Abraham,,USC vs. California
USC,102,50 Free,2,22.09,Nicole Maier,,Texas Hall of Fame Invitational
USC,102,50 Free,3,22.39,Bella Brito,,USC Invite
USC,102,50 Free,4,22.93,Claire Tuggle,,Arizona vs. USC
USC,102,50 Free,5,22.94,Dora Molnar,,USC Invite
USC,102,50 Free,6,23.13,Sage Miller,,Texas Hall of Fame Invitational
USC,102,50 Free,7,23.17,Julia Huffmaster,,Texas Hall of Fame Invitational
USC,102,50 Free,8,23.22,Caelle Armijo,,Texas Hall of Fame Invitational
USC,102,50 Free,9,23.76,Lindsay Barnes,,USC vs. California
USC,102,50 Free,10,23.97,Addie Gish,,"USC vs. UNLV, UC San Diego"
USC,102,500 Free,1,4:35.42,Claire Tuggle,,Texas Hall of Fame Invitational
USC,102,500 Free,2,4:38.00,Justina Kozan,,Texas Hall of Fame Invitational
USC,102,500 Free,3,4:38.32,Minna Abraham,,Texas Hall of Fame Invitational
USC,102,500 Free,4,4:47.39,Alisée Pisane,,Texas Hall of Fame Invitational
USC,102,500 Free,5,4:48.44,Lily Dormans,,Texas Hall of Fame Invitational
USC,102,500 Free,6,4:48.91,Addie Gish,,Texas Hall of Fame Invitational
USC,102,500 Free,7,4:49.23,Dora Molnar,,"USC vs. UNLV, UC San Diego"
USC,102,500 Free,8,4:50.60,Nicole Maier,,World Aquatics World Cup - Westmont
USC,102,500 Free,9,4:52.41,Alexa Wong,,Texas Hall of Fame Invitational
USC,102,500 Free,10,5:08.21,Jasmine Mojdeh,,Texas Hall of Fame Invitational
UW-Green Bay,368,100 Back,1,57.38,Mia Pagel,,UST Tommie Invitational
UW-Green Bay,368,100 Back,2,58.47,Sydney Vega,,UST Tommie Invitational
UW-Green Bay,368,100 Back,3,59.26,Ella Gorski,,UST Tommie Invitational
UW-Green Bay,368,100 Back,4,59.95,Lauryn Kounovsky,,UST Tommie Invitational
UW-Green Bay,368,100 Back,5,1:00.02,Sam Pepevnik,,UW-Green Bay vs. St Norbert College
UW-Green Bay,368,100 Back,6,1:01.32,Grace Daanen,,UST Tommie Invitational
UW-Green Bay,368,100 Back,7,1:01.40,Grace Foucault,,UST Tommie Invitational
UW-Green Bay,368,100 Back,8,1:04.11,Nora Hansen,,UW-Green Bay vs. St Norbert College
UW-Green Bay,368,100 Breast,1,1:05.75,Ella Schultz,,UST Tommie Invitational
UW-Green Bay,368,100 Breast,2,1:08.81,Cora Singleton,,UST Tommie Invitational
UW-Green Bay,368,100 Breast,3,1:08.82,Jackie Faircloth,,"IU Indianapolis vs. Cleveland State, UWGB, Milwaukee"
UW-Green Bay,368,100 Breast,4,1:09.11,Lily Thorsen,,"IU Indianapolis vs. Cleveland State, UWGB, Milwaukee"
UW-Green Bay,368,100 Breast,5,1:10.04,Zoe Chalfant,,UW-Madison vs. UW Green Bay
UW-Green Bay,368,100 Breast,6,1:10.84,Carly Zaprzal,,UST Tommie Invitational
UW-Green Bay,368,100 Breast,7,1:13.54,Laney Weatherby,,UW-Green Bay vs. St Norbert College
UW-Green Bay,368,100 Fly,1,58.81,McKenna Metropulos,,UST Tommie Invitational
UW-Green Bay,368,100 Fly,2,59.39,Nora Hansen,,"IU Indianapolis vs. Cleveland State, UWGB, Milwaukee"
UW-Green Bay,368,100 Fly,3,59.70,Marisol Swenson,,UST Tommie Invitational
UW-Green Bay,368,100 Fly,4,59.79,Jada Veer,,UST Tommie Invitational
UW-Green Bay,368,100 Fly,5,1:00.42,Mia Pagel,,UST Tommie Invitational
UW-Green Bay,368,100 Fly,6,1:01.90,Sydney Vega,,UST Tommie Invitational
UW-Green Bay,368,100 Fly,7,1:02.07,Sam Pepevnik,,UST Tommie Invitational
UW-Green Bay,368,100 Fly,8,1:02.24,Laney Weatherby,,UST Tommie Invitational
UW-Green Bay,368,100 Fly,9,1:02.33,Zoe Chalfant,,UST Tommie Invitational
UW-Green Bay,368,100 Fly,10,1:02.90,Sara Lindner,,UST Tommie Invitational
UW-Green Bay,368,100 Free,1,51.87,McKenna Metropulos,,UST Tommie Invitational
UW-Green Bay,368,100 Free,2,52.05,Emily Allen,,UST Tommie Invitational
UW-Green Bay,368,100 Free,3,53.48,Sara Lindner,,UST Tommie Invitational
UW-Green Bay,368,100 Free,4,53.69,Ella Gorski,,UST Tommie Invitational
UW-Green Bay,368,100 Free,5,53.85,Hailey DuVall,,UST Tommie Invitational
UW-Green Bay,368,100 Free,6,55.73,Marisol Swenson,,UST Tommie Invitational
UW-Green Bay,368,100 Free,7,56.05,Mac Sowards-Barnett,,UW-Green Bay vs. St Thomas (MN)
UW-Green Bay,368,100 Free,8,56.15,Jackie Faircloth,,UW-Stevens Point vs. Green Bay
UW-Green Bay,368,100 Free,9,56.55,Grace Daanen,,UST Tommie Invitational
UW-Green Bay,368,100 Free,10,57.66,Grace Foucault,,"IU Indianapolis vs. Cleveland State, UWGB, Milwaukee"
UW-Green Bay,368,1000 Free,1,10:29.22,Mac Sowards-Barnett,,UST Tommie Invitational
UW-Green Bay,368,1000 Free,2,10:29.63,Gemma Fibla Miralles,,UST Tommie Invitational
UW-Green Bay,368,1000 Free,3,11:04.92,Ella Schultz,,UST Tommie Invitational
UW-Green Bay,368,1650 Free,1,17:14.16,Mac Sowards-Barnett,,UST Tommie Invitational
UW-Green Bay,368,1650 Free,2,17:23.23,Gemma Fibla Miralles,,UST Tommie Invitational
UW-Green Bay,368,1650 Free,3,18:18.16,Ella Schultz,,UST Tommie Invitational
UW-Green Bay,368,200 Back,1,2:03.69,Mia Pagel,,UST Tommie Invitational
UW-Green Bay,368,200 Back,2,2:04.79,Sydney Vega,,UST Tommie Invitational
UW-Green Bay,368,200 Back,3,2:05.17,Sam Pepevnik,,UST Tommie Invitational
UW-Green Bay,368,200 Back,4,2:09.19,Lauryn Kounovsky,,"IU Indianapolis vs. Cleveland State, UWGB, Milwaukee"
UW-Green Bay,368,200 Back,5,2:10.24,Grace Foucault,,UST Tommie Invitational
UW-Green Bay,368,200 Breast,1,2:22.49,Ella Schultz,,UST Tommie Invitational
UW-Green Bay,368,200 Breast,2,2:28.14,Zoe Chalfant,,UST Tommie Invitational
UW-Green Bay,368,200 Breast,3,2:28.46,Cora Singleton,,UST Tommie Invitational
UW-Green Bay,368,200 Breast,4,2:31.80,Carly Zaprzal,,UST Tommie Invitational
UW-Green Bay,368,200 Breast,5,2:32.54,Lily Thorsen,,Milwaukee vs. UW-Green Bay
UW-Green Bay,368,200 Breast,6,2:34.66,Jackie Faircloth,,Valpo UWGB Butler
UW-Green Bay,368,200 Fly,1,2:11.31,Jada Veer,,UST Tommie Invitational
UW-Green Bay,368,200 Fly,2,2:14.59,Nora Hansen,,"IU Indianapolis vs. Cleveland State, UWGB, Milwaukee"
UW-Green Bay,368,200 Fly,3,2:16.64,Rialey Anderson,,UST Tommie Invitational
UW-Green Bay,368,200 Fly,4,2:20.65,Laney Weatherby,,UST Tommie Invitational
UW-Green Bay,368,200 Free,1,1:52.33,Emily Allen,,UST Tommie Invitational
UW-Green Bay,368,200 Free,2,1:53.17,Mac Sowards-Barnett,,UST Tommie Invitational
UW-Green Bay,368,200 Free,3,1:55.49,Gemma Fibla Miralles,,UST Tommie Invitational
UW-Green Bay,368,200 Free,4,1:55.65,McKenna Metropulos,,UST Tommie Invitational
UW-Green Bay,368,200 Free,5,1:56.27,Hailey DuVall,,UST Tommie Invitational
UW-Green Bay,368,200 Free,6,1:57.68,Elise Pasholk,,UW-Green Bay vs. St Thomas (MN)
UW-Green Bay,368,200 Free,7,1:59.87,Nora Hansen,,UW-Green Bay vs. St Thomas (MN)
UW-Green Bay,368,200 Free,8,2:02.89,Lauryn Kounovsky,,UW-Green Bay vs. St Norbert College
UW-Green Bay,368,200 Free,9,2:05.82,Rialey Anderson,,UW-Stevens Point vs. Green Bay
UW-Green Bay,368,200 Free,10,2:06.42,Sydney Vega,,UW-Green Bay vs. St Thomas (MN)
UW-Green Bay,368,200 Im,1,2:09.47,Sam Pepevnik,,UST Tommie Invitational
UW-Green Bay,368,200 Im,2,2:10.60,Zoe Chalfant,,UST Tommie Invitational
UW-Green Bay,368,200 Im,3,2:13.43,Hailey DuVall,,UST Tommie Invitational
UW-Green Bay,368,200 Im,4,2:13.49,Cora Singleton,,UST Tommie Invitational
UW-Green Bay,368,200 Im,5,2:13.75,Lauryn Kounovsky,,UST Tommie Invitational
UW-Green Bay,368,200 Im,6,2:14.38,Jada Veer,,UST Tommie Invitational
UW-Green Bay,368,200 Im,7,2:14.80,Laney Weatherby,,UST Tommie Invitational
UW-Green Bay,368,200 Im,8,2:15.41,Elise Pasholk,,UW-Madison vs. UW Green Bay
UW-Green Bay,368,200 Im,9,2:16.74,Rialey Anderson,,UST Tommie Invitational
UW-Green Bay,368,400 Im,1,4:35.42,Zoe Chalfant,,UST Tommie Invitational
UW-Green Bay,368,400 Im,2,4:38.31,Sam Pepevnik,,UST Tommie Invitational
UW-Green Bay,368,400 Im,3,4:44.60,Laney Weatherby,,UST Tommie Invitational
UW-Green Bay,368,400 Im,4,4:45.19,Rialey Anderson,,UST Tommie Invitational
UW-Green Bay,368,50 Free,1,23.72,Emily Allen,,UST Tommie Invitational
UW-Green Bay,368,50 Free,2,23.74,McKenna Metropulos,,UST Tommie Invitational
UW-Green Bay,368,50 Free,3,24.33,Sara Lindner,,UST Tommie Invitational
UW-Green Bay,368,50 Free,4,25.04,Ella Gorski,,UST Tommie Invitational
UW-Green Bay,368,50 Free,5,25.06,Marisol Swenson,,"IU Indianapolis vs. Cleveland State, UWGB, Milwaukee"
UW-Green Bay,368,50 Free,6,25.44,Mac Sowards-Barnett,,UW-Green Bay vs. St Norbert College
UW-Green Bay,368,50 Free,7,25.65,Jackie Faircloth,,UW-Stevens Point vs. Green Bay
UW-Green Bay,368,50 Free,8,25.79,Cora Singleton,,UW-Green Bay vs. St Thomas (MN)
UW-Green Bay,368,50 Free,9,25.93,Grace Daanen,,UST Tommie Invitational
UW-Green Bay,368,50 Free,10,25.93,Hailey DuVall,,UST Tommie Invitational
UW-Green Bay,368,500 Free,1,5:03.33,Gemma Fibla Miralles,,UST Tommie Invitational
UW-Green Bay,368,500 Free,2,5:05.59,Mac Sowards-Barnett,,UST Tommie Invitational
UW-Green Bay,368,500 Free,3,5:14.63,Elise Pasholk,,UW-Green Bay vs. St Thomas (MN)
UW-Green Bay,368,500 Free,4,5:34.77,Ella Schultz,,UW-Green Bay vs. St Thomas (MN)
Utah,330,100 Back,1,54.89,Megan Legarth,,SMU Invitational
Utah,330,100 Back,2,55.38,Stephanie Oiesen,,SMU Invitational
Utah,330,100 Back,3,55.55,Kindsey Joyce,,SMU Invitational
Utah,330,100 Back,4,55.81,Laci Sterkenburg,,SMU Invitational
Utah,330,100 Back,5,57.62,Paige Korbely,,SMU Invitational
Utah,330,100 Back,6,58.45,Becky Watson,,SMU Invitational
Utah,330,100 Breast,1,1:00.65,Erin Palmer,,SMU Invitational
Utah,330,100 Breast,2,1:01.99,Rylee McColley,,SMU Invitational
Utah,330,100 Breast,3,1:02.45,Anya Clark,,SMU Invitational
Utah,330,100 Breast,4,1:03.57,Teagan Steinmetz,,Big 12 West Championship
Utah,330,100 Breast,5,1:05.14,Veronica Gourley,,Big 12 West Championship
Utah,330,100 Breast,6,1:05.43,Ella Derby,,Utah vs. Colorado Mesa
Utah,330,100 Fly,1,55.54,Julia Bartell,,SMU Invitational
Utah,330,100 Fly,2,55.65,Becky Watson,,SMU Invitational
Utah,330,100 Fly,3,55.72,Veronica Gourley,,SMU Invitational
Utah,330,100 Fly,4,55.78,Sydney Even,,UNLV vs. Utah
Utah,330,100 Fly,5,56.20,Paige Korbely,,SMU Invitational
Utah,330,100 Fly,6,56.31,Megan Legarth,,SMU Invitational
Utah,330,100 Fly,7,57.27,Sophia Cerimele,,SMU Invitational
Utah,330,100 Fly,8,57.95,Kindsey Joyce,,SMU Invitational
Utah,330,100 Fly,9,58.04,Ella Derby,,SMU Invitational
Utah,330,100 Fly,10,58.31,Teagan Steinmetz,,SMU Invitational
Utah,330,100 Free,1,49.18,Erin Palmer,,SMU Invitational
Utah,330,100 Free,2,50.04,ISABELLA RISO,,SMU Invitational
Utah,330,100 Free,3,50.24,Maela McKallip,,SMU Invitational
Utah,330,100 Free,4,51.01,Julia Bartell,,SMU Invitational
Utah,330,100 Free,5,51.38,Jillian Holler,,SMU Invitational
Utah,330,100 Free,6,52.20,Sydney Even,,Big 12 West Championship
Utah,330,100 Free,7,52.32,Sydney Marinello,,SMU Invitational
Utah,330,100 Free,8,52.60,Taylor Tomey,,SMU Invitational
Utah,330,100 Free,9,53.10,Becky Watson,,SMU Invitational
Utah,330,100 Free,10,53.77,Stephanie Oiesen,,Wyoming vs. Utah
Utah,330,1000 Free,1,10:05.18,Hayley Smith,,UNLV vs. Utah
Utah,330,1000 Free,2,10:12.71,Abby Pope,,SMU Invitational
Utah,330,1000 Free,3,10:14.55,Ellie Broughton,,UNLV vs. Utah
Utah,330,1000 Free,4,10:27.76,Taylor Tomey,,Big 12 West Championship
Utah,330,1000 Free,5,10:37.45,Sydney Marinello,,UNLV vs. Utah
Utah,330,1650 Free,1,16:51.68,Hayley Smith,,SMU Invitational
Utah,330,1650 Free,2,17:01.10,Abby Pope,,SMU Invitational
Utah,330,1650 Free,3,17:05.72,Ellie Broughton,,Big 12 West Championship
Utah,330,1650 Free,4,17:17.05,Taylor Tomey,,SMU Invitational
Utah,330,1650 Free,5,17:46.88,Sydney Marinello,,SMU Invitational
Utah,330,200 Back,1,1:58.76,Stephanie Oiesen,,SMU Invitational
Utah,330,200 Back,2,1:59.53,Megan Legarth,,SMU Invitational
Utah,330,200 Back,3,2:00.25,Kindsey Joyce,,SMU Invitational
Utah,330,200 Back,4,2:02.44,Laci Sterkenburg,,SMU Invitational
Utah,330,200 Breast,1,2:12.17,Rylee McColley,,UNLV vs. Utah
Utah,330,200 Breast,2,2:13.77,Teagan Steinmetz,,SMU Invitational
Utah,330,200 Breast,3,2:13.91,Ella Derby,,SMU Invitational
Utah,330,200 Breast,4,2:17.69,Anya Clark,,SMU Invitational
Utah,330,200 Breast,5,2:23.64,Veronica Gourley,,Big 12 West Championship
Utah,330,200 Fly,1,2:02.27,Sydney Even,,Big 12 West Championship
Utah,330,200 Fly,2,2:04.79,Sophia Cerimele,,SMU Invitational
Utah,330,200 Fly,3,2:06.00,Veronica Gourley,,SMU Invitational
Utah,330,200 Fly,4,2:06.10,Abby Pope,,UNLV vs. Utah
Utah,330,200 Fly,5,2:10.55,Paige Korbely,,SMU Invitational
Utah,330,200 Free,1,1:46.67,ISABELLA RISO,,SMU Invitational
Utah,330,200 Free,2,1:49.73,Maela McKallip,,SMU Invitational
Utah,330,200 Free,3,1:50.16,Taylor Tomey,,SMU Invitational
Utah,330,200 Free,4,1:50.70,Abby Pope,,SMU Invitational
Utah,330,200 Free,5,1:50.73,Erin Palmer,,SMU Invitational
Utah,330,200 Free,6,1:51.27,Stephanie Oiesen,,SMU Invitational
Utah,330,200 Free,7,1:51.53,Ella Derby,,UNLV vs. Utah
Utah,330,200 Free,8,1:51.70,Jillian Holler,,SMU Invitational
Utah,330,200 Free,9,1:52.04,Sydney Marinello,,SMU Invitational
Utah,330,200 Free,10,1:52.18,Hayley Smith,,Big 12 West Championship
Utah,330,200 Im,1,1:59.91,Ella Derby,,SMU Invitational
Utah,330,200 Im,2,2:01.68,Teagan Steinmetz,,SMU Invitational
Utah,330,200 Im,3,2:04.78,Sydney Even,,SMU Invitational
Utah,330,200 Im,4,2:05.91,Veronica Gourley,,SMU Invitational
Utah,330,200 Im,5,2:05.98,Rylee McColley,,SMU Invitational
Utah,330,200 Im,6,2:06.09,ISABELLA RISO,,SMU Invitational
Utah,330,200 Im,7,2:07.13,Sophia Cerimele,,UNLV vs. Utah
Utah,330,200 Im,8,2:07.46,Kindsey Joyce,,Big 12 West Championship
Utah,330,200 Im,9,2:08.44,Paige Korbely,,SMU Invitational
Utah,330,200 Im,10,2:08.49,Ellie Broughton,,Big 12 West Championship
Utah,330,400 Im,1,4:14.42,Ella Derby,,SMU Invitational
Utah,330,400 Im,2,4:16.84,Teagan Steinmetz,,SMU Invitational
Utah,330,400 Im,3,4:23.06,Ellie Broughton,,SMU Invitational
Utah,330,400 Im,4,4:26.95,Sophia Cerimele,,Big 12 West Championship
Utah,330,400 Im,5,4:34.24,Kindsey Joyce,,Big 12 West Championship
Utah,330,50 Free,1,22.11,Erin Palmer,,SMU Invitational
Utah,330,50 Free,2,23.13,Maela McKallip,,SMU Invitational
Utah,330,50 Free,3,23.28,Julia Bartell,,SMU Invitational
Utah,330,50 Free,4,23.48,Jillian Holler,,SMU Invitational
Utah,330,50 Free,5,23.70,ISABELLA RISO,,Big 12 West Championship
Utah,330,50 Free,6,24.34,Becky Watson,,UNLV vs. Utah
Utah,330,50 Free,7,24.45,Veronica Gourley,,SMU Invitational
Utah,330,50 Free,8,24.53,Sydney Marinello,,SMU Invitational
Utah,330,50 Free,9,24.65,Ella Derby,,Big 12 West Championship
Utah,330,50 Free,10,24.69,Taylor Tomey,,SMU Invitational
Utah,330,500 Free,1,4:51.30,Hayley Smith,,SMU Invitational
Utah,330,500 Free,2,4:54.67,Taylor Tomey,,SMU Invitational
Utah,330,500 Free,3,4:55.84,Abby Pope,,SMU Invitational
Utah,330,500 Free,4,5:01.04,Ellie Broughton,,SMU Invitational
Utah,330,500 Free,5,5:02.12,Sydney Marinello,,SMU Invitational
Utah,330,500 Free,6,5:02.60,Sophia Cerimele,,Big 12 West Championship
Utah,330,500 Free,7,5:05.78,Stephanie Oiesen,,SMU Invitational
Valparaiso,332,100 Back,1,58.42,Sophie Schoch,,Miami Invitational
Valparaiso,332,100 Back,2,59.18,Audrey Morgan,,Dan Ross Invitational
Valparaiso,332,100 Back,3,59.26,Bri Keese,,Miami Invitational
Valparaiso,332,100 Back,4,59.82,Kailyn Benoit,,Miami Invitational
Valparaiso,332,100 Back,5,1:00.91,Samantha Smith,,Miami Invitational
Valparaiso,332,100 Back,6,1:00.97,Una Dizdarevic,,Dan Ross Invitational
Valparaiso,332,100 Back,7,1:01.06,Orly Berry,,Miami Invitational
Valparaiso,332,100 Back,8,1:01.58,Mikaiya Stampf,,Miami Invitational
Valparaiso,332,100 Back,9,1:02.02,Majo Suarez de la Fuente,,"IU-Indianapolis vs. Evansville, Southern Indiana, Valpo"
Valparaiso,332,100 Back,10,1:04.79,Olivia Tressler,,Dan Ross Invitational
Valparaiso,332,100 Breast,1,1:06.94,Natalie Eaton,,Valpo UWGB Butler
Valparaiso,332,100 Breast,2,1:07.54,Brianne Flikkema,,Miami Invitational
Valparaiso,332,100 Breast,3,1:08.42,Roxanne Adams,,Miami Invitational
Valparaiso,332,100 Breast,4,1:13.64,Majo Suarez de la Fuente,,EIU vs. Valpo
Valparaiso,332,100 Breast,5,1:14.57,Olivia Tressler,,Valpo vs Rose Hulman
Valparaiso,332,100 Breast,6,1:15.27,Faith Bargwell,,Valpo vs Rose Hulman
Valparaiso,332,100 Breast,7,1:15.31,Emma Wise,,"IU-Indianapolis vs. Evansville, Southern Indiana, Valpo"
Valparaiso,332,100 Breast,8,1:18.14,Ruth Perez,,Dan Ross Invitational
Valparaiso,332,100 Breast,9,1:21.53,Ally Tripp,,Dan Ross Invitational
Valparaiso,332,100 Fly,1,58.28,Kailyn Benoit,,Miami Invitational
Valparaiso,332,100 Fly,2,1:00.53,Faith Bargwell,,Valpo vs Bethel
Valparaiso,332,100 Fly,3,1:02.01,Brianne Flikkema,,Miami Invitational
Valparaiso,332,100 Fly,4,1:02.29,Samantha Smith,,Miami Invitational
Valparaiso,332,100 Fly,5,1:02.73,Millie Hayosh,,Dan Ross Invitational
Valparaiso,332,100 Fly,6,1:02.75,Mikaiya Stampf,,Valpo vs Bethel
Valparaiso,332,100 Fly,7,1:02.89,Ally Unruh,,Miami Invitational
Valparaiso,332,100 Fly,8,1:03.79,Majo Suarez de la Fuente,,Miami Invitational
Valparaiso,332,100 Fly,9,1:04.21,Olivia Tressler,,Miami Invitational
Valparaiso,332,100 Fly,10,1:05.54,Elaina Rezabek,,Miami Invitational
Valparaiso,332,100 Free,1,52.38,Una Dizdarevic,,Miami Invitational
Valparaiso,332,100 Free,2,54.32,Caroline Gorski,,Miami Invitational
Valparaiso,332,100 Free,3,54.39,Audrey Morgan,,Wabash vs. Illinois Wesleyan vs. Valparaiso
Valparaiso,332,100 Free,4,54.59,Bri Keese,,Miami Invitational
Valparaiso,332,100 Free,5,54.88,Majo Suarez de la Fuente,,Miami Invitational
Valparaiso,332,100 Free,6,55.06,Sophie Schoch,,Miami Invitational
Valparaiso,332,100 Free,7,55.68,Faith Bargwell,,Miami Invitational
Valparaiso,332,100 Free,8,56.31,Elaina Rezabek,,Miami Invitational
Valparaiso,332,100 Free,9,56.69,Olivia Tressler,,Miami Invitational
Valparaiso,332,100 Free,10,56.78,Ally Unruh,,Valpo vs Bethel
Valparaiso,332,1000 Free,1,10:36.27,Ally Unruh,,Miami Invitational
Valparaiso,332,1000 Free,2,10:48.83,Elaina Rezabek,,Valpo vs Bethel
Valparaiso,332,1000 Free,3,10:49.62,Audrey Morgan,,Valpo vs Rose Hulman
Valparaiso,332,1000 Free,4,11:00.06,Millie Hayosh,,Valpo vs Bethel
Valparaiso,332,1000 Free,5,11:16.98,Olivia Tressler,,Valpo vs Rose Hulman
Valparaiso,332,1000 Free,6,11:19.30,Majo Suarez de la Fuente,,Valpo UWGB Butler
Valparaiso,332,1000 Free,7,11:22.24,Fiona Merritt,,Valparaiso vs. Saginaw Valley
Valparaiso,332,1000 Free,8,11:27.09,Emma Wise,,Miami Invitational
Valparaiso,332,1650 Free,1,17:37.79,Ally Unruh,,Miami Invitational
Valparaiso,332,1650 Free,2,18:13.05,Elaina Rezabek,,Wabash vs. Illinois Wesleyan vs. Valparaiso
Valparaiso,332,1650 Free,3,18:13.88,Millie Hayosh,,Miami Invitational
Valparaiso,332,1650 Free,4,18:47.92,Fiona Merritt,,Miami Invitational
Valparaiso,332,1650 Free,5,18:54.92,Emma Wise,,Valparaiso vs. Saginaw Valley
Valparaiso,332,200 Back,1,2:04.27,Audrey Morgan,,Miami Invitational
Valparaiso,332,200 Back,2,2:06.21,Sophie Schoch,,Miami Invitational
Valparaiso,332,200 Back,3,2:10.30,Olivia Tressler,,Miami Invitational
Valparaiso,332,200 Back,4,2:10.44,Samantha Smith,,Miami Invitational
Valparaiso,332,200 Back,5,2:11.70,Majo Suarez de la Fuente,,Miami Invitational
Valparaiso,332,200 Back,6,2:12.33,Orly Berry,,Miami Invitational
Valparaiso,332,200 Back,7,2:14.16,Mikaiya Stampf,,Miami Invitational
Valparaiso,332,200 Back,8,2:18.57,Kailyn Benoit,,Valparaiso vs. Saginaw Valley
Valparaiso,332,200 Back,9,2:18.64,Bri Keese,,Wabash vs. Illinois Wesleyan vs. Valparaiso
Valparaiso,332,200 Back,10,2:37.50,Grace Schaekel,,"IU-Indianapolis vs. Evansville, Southern Indiana, Valpo"
Valparaiso,332,200 Breast,1,2:25.92,Natalie Eaton,,Valpo UWGB Butler
Valparaiso,332,200 Breast,2,2:27.82,Roxanne Adams,,"IU-Indianapolis vs. Evansville, Southern Indiana, Valpo"
Valparaiso,332,200 Breast,3,2:28.97,Brianne Flikkema,,Miami Invitational
Valparaiso,332,200 Breast,4,2:37.26,Majo Suarez de la Fuente,,Miami Invitational
Valparaiso,332,200 Breast,5,2:40.40,Kailyn Benoit,,Wabash vs. Illinois Wesleyan vs. Valparaiso
Valparaiso,332,200 Breast,6,2:40.44,Emma Wise,,Miami Invitational
Valparaiso,332,200 Breast,7,2:43.57,Olivia Tressler,,EIU vs. Valpo
Valparaiso,332,200 Breast,8,2:47.78,Samantha Smith,,Wabash vs. Illinois Wesleyan vs. Valparaiso
Valparaiso,332,200 Fly,1,2:07.61,Kailyn Benoit,,Valpo UWGB Butler
Valparaiso,332,200 Fly,2,2:14.69,Ally Unruh,,Valpo vs Bethel
Valparaiso,332,200 Fly,3,2:17.78,Samantha Smith,,"IU-Indianapolis vs. Evansville, Southern Indiana, Valpo"
Valparaiso,332,200 Fly,4,2:17.87,Olivia Tressler,,Valparaiso vs. Saginaw Valley
Valparaiso,332,200 Fly,5,2:17.98,Millie Hayosh,,"IU-Indianapolis vs. Evansville, Southern Indiana, Valpo"
Valparaiso,332,200 Fly,6,2:20.95,Faith Bargwell,,Wabash vs. Illinois Wesleyan vs. Valparaiso
Valparaiso,332,200 Fly,7,2:27.26,Brianne Flikkema,,Wabash vs. Illinois Wesleyan vs. Valparaiso
Valparaiso,332,200 Fly,8,2:27.78,Elaina Rezabek,,"IU-Indianapolis vs. Evansville, Southern Indiana, Valpo"
Valparaiso,332,200 Fly,9,2:28.56,Mikaiya Stampf,,Valparaiso vs. Saginaw Valley
Valparaiso,332,200 Fly,10,2:48.55,Rwani Ceballos,,Valpo UWGB Butler
Valparaiso,332,200 Free,1,1:52.31,Audrey Morgan,,Miami Invitational
Valparaiso,332,200 Free,2,1:57.95,Una Dizdarevic,,Miami Invitational
Valparaiso,332,200 Free,3,1:58.56,Caroline Gorski,,Miami Invitational
Valparaiso,332,200 Free,4,1:58.71,Ally Unruh,,"IU-Indianapolis vs. Evansville, Southern Indiana, Valpo"
Valparaiso,332,200 Free,5,1:59.52,Majo Suarez de la Fuente,,Valpo vs Bethel
Valparaiso,332,200 Free,6,2:00.34,Olivia Tressler,,"IU-Indianapolis vs. Evansville, Southern Indiana, Valpo"
Valparaiso,332,200 Free,7,2:01.00,Millie Hayosh,,Miami Invitational
Valparaiso,332,200 Free,8,2:01.87,Elaina Rezabek,,Miami Invitational
Valparaiso,332,200 Free,9,2:02.38,Roxanne Adams,,Dan Ross Invitational
Valparaiso,332,200 Free,10,2:04.02,Sophie Schoch,,Wabash vs. Illinois Wesleyan vs. Valparaiso
Valparaiso,332,200 Im,1,2:13.29,Majo Suarez de la Fuente,,Valpo vs Bethel
Valparaiso,332,200 Im,2,2:14.92,Olivia Tressler,,Miami Invitational
Valparaiso,332,200 Im,3,2:15.18,Samantha Smith,,Miami Invitational
Valparaiso,332,200 Im,4,2:15.98,Elaina Rezabek,,Valpo vs Bethel
Valparaiso,332,200 Im,5,2:16.24,Brianne Flikkema,,Miami Invitational
Valparaiso,332,200 Im,6,2:18.27,Sophie Schoch,,Valpo vs Rose Hulman
Valparaiso,332,200 Im,7,2:19.99,Kailyn Benoit,,Valpo UWGB Butler
Valparaiso,332,200 Im,8,2:21.17,Emma Wise,,Miami Invitational
Valparaiso,332,200 Im,9,2:21.33,Mikaiya Stampf,,Miami Invitational
Valparaiso,332,200 Im,10,2:25.74,Roxanne Adams,,Valpo vs Rose Hulman
Valparaiso,332,400 Im,1,4:40.51,Majo Suarez de la Fuente,,Miami Invitational
Valparaiso,332,400 Im,2,4:41.45,Olivia Tressler,,Miami Invitational
Valparaiso,332,400 Im,3,4:42.86,Ally Unruh,,Miami Invitational
Valparaiso,332,400 Im,4,4:47.19,Elaina Rezabek,,Miami Invitational
Valparaiso,332,400 Im,5,5:01.53,Emma Wise,,"IU-Indianapolis vs. Evansville, Southern Indiana, Valpo"
Valparaiso,332,50 Free,1,24.07,Una Dizdarevic,,Miami Invitational
Valparaiso,332,50 Free,2,24.10,Bri Keese,,Miami Invitational
Valparaiso,332,50 Free,3,24.39,Audrey Morgan,,"IU-Indianapolis vs. Evansville, Southern Indiana, Valpo"
Valparaiso,332,50 Free,4,24.48,Faith Bargwell,,Miami Invitational
Valparaiso,332,50 Free,5,25.29,Sophie Schoch,,Miami Invitational
Valparaiso,332,50 Free,6,25.36,Natalie Eaton,,Miami Invitational
Valparaiso,332,50 Free,7,25.50,Rwani Ceballos,,Miami Invitational
Valparaiso,332,50 Free,8,25.79,Roxanne Adams,,Miami Invitational
Valparaiso,332,50 Free,9,25.97,Tali Horesco,,Miami Invitational
Valparaiso,332,50 Free,10,26.02,Caroline Gorski,,Miami Invitational
Valparaiso,332,500 Free,1,5:06.03,Audrey Morgan,,Miami Invitational
Valparaiso,332,500 Free,2,5:10.05,Ally Unruh,,Miami Invitational
Valparaiso,332,500 Free,3,5:18.28,Elaina Rezabek,,Valpo vs Bethel
Valparaiso,332,500 Free,4,5:18.67,Millie Hayosh,,Miami Invitational
Valparaiso,332,500 Free,5,5:19.90,Olivia Tressler,,Miami Invitational
Valparaiso,332,500 Free,6,5:29.57,Fiona Merritt,,Miami Invitational
Valparaiso,332,500 Free,7,5:34.27,Majo Suarez de la Fuente,,Valpo vs Rose Hulman
Valparaiso,332,500 Free,8,5:35.96,Roxanne Adams,,Miami Invitational
Valparaiso,332,500 Free,9,5:48.22,Natalie Eaton,,Valpo vs Rose Hulman
Valparaiso,332,500 Free,10,5:51.25,Orly Berry,,Wabash vs. Illinois Wesleyan vs. Valparaiso
Villanova,32,100 Back,1,55.63,Alana Leen,,Navy Fall Invitational
Villanova,32,100 Back,2,55.69,Arabella Lee,,Navy Fall Invitational
Villanova,32,100 Back,3,55.96,Jana Strand,,Navy Fall Invitational
Villanova,32,100 Back,4,56.01,Kayla Bolster,,UConn vs. Villanova
Villanova,32,100 Back,5,57.22,Alyssa McHale,,Navy Fall Invitational
Villanova,32,100 Back,6,57.70,Anna Kilponen,,Navy Fall Invitational
Villanova,32,100 Back,7,59.05,Imogen Duffy,,Villanova vs Lasalle
Villanova,32,100 Breast,1,1:01.58,Winnie Jalet,,Navy Fall Invitational
Villanova,32,100 Breast,2,1:03.53,Emily Herr,,Navy Fall Invitational
Villanova,32,100 Breast,3,1:04.68,Imogen Duffy,,Navy Fall Invitational
Villanova,32,100 Breast,4,1:05.00,Carlota Colomer Guasch,,Villanova vs Lasalle
Villanova,32,100 Breast,5,1:05.02,Kathryn Montefusco,,Navy Fall Invitational
Villanova,32,100 Breast,6,1:05.06,Annie Honkamp,,Florida State vs. Villanova
Villanova,32,100 Breast,7,1:06.50,Lyla Richards,,Navy Fall Invitational
Villanova,32,100 Breast,8,1:17.37,Mary Kate Farrell,,Navy Fall Invitational
Villanova,32,100 Fly,1,53.58,Anna Farley,,Florida State vs. Villanova
Villanova,32,100 Fly,2,54.39,Arabella Lee,,Navy Fall Invitational
Villanova,32,100 Fly,3,54.44,Anna Kilponen,,Navy Fall Invitational
Villanova,32,100 Fly,4,55.06,Annie Mee,,Navy Fall Invitational
Villanova,32,100 Fly,5,55.23,Katie White,,Navy Fall Invitational
Villanova,32,100 Fly,6,55.55,Martina Lonati,,Navy Fall Invitational
Villanova,32,100 Fly,7,55.69,Alyssa McHale,,Navy Fall Invitational
Villanova,32,100 Fly,8,57.36,Emily Herr,,Seton Hall vs. Villanova
Villanova,32,100 Fly,9,58.39,Meghan Tiernan,,Navy Fall Invitational
Villanova,32,100 Fly,10,59.67,Imogen Duffy,,Navy Fall Invitational
Villanova,32,100 Free,1,50.10,Carlota Colomer Guasch,,Navy Fall Invitational
Villanova,32,100 Free,2,50.65,Anna Farley,,Georgetown vs. Villanova
Villanova,32,100 Free,3,51.11,Kayla Bolster,,Florida State vs. Villanova
Villanova,32,100 Free,4,51.22,Alyssa McHale,,Navy Fall Invitational
Villanova,32,100 Free,5,51.47,Riley Kudlac,,Navy Fall Invitational
Villanova,32,100 Free,6,51.56,Martina Lonati,,Navy Fall Invitational
Villanova,32,100 Free,7,51.57,Jana Strand,,Navy Fall Invitational
Villanova,32,100 Free,8,51.85,Amylia Higgins,,Navy Fall Invitational
Villanova,32,100 Free,9,52.93,Riley Hull,,Navy Fall Invitational
Villanova,32,100 Free,10,53.20,Marlene Blanke,,Navy Fall Invitational
Villanova,32,1000 Free,1,10:04.82,Katie White,,Florida State vs. Villanova
Villanova,32,1000 Free,2,10:07.44,Peri Gaguzis,,Georgetown vs. Villanova
Villanova,32,1000 Free,3,10:23.69,Riley Hull,,Villanova vs Lasalle
Villanova,32,1000 Free,4,10:25.16,Marlene Blanke,,Georgetown vs. Villanova
Villanova,32,1650 Free,1,16:40.69,Peri Gaguzis,,Navy Fall Invitational
Villanova,32,1650 Free,2,16:48.89,Katie White,,Navy Fall Invitational
Villanova,32,1650 Free,3,17:07.43,Riley Hull,,Navy Fall Invitational
Villanova,32,1650 Free,4,17:23.78,Marlene Blanke,,Navy Fall Invitational
Villanova,32,200 Back,1,1:58.63,Alana Leen,,Navy Fall Invitational
Villanova,32,200 Back,2,2:00.66,Imogen Duffy,,Navy Fall Invitational
Villanova,32,200 Back,3,2:00.67,Arabella Lee,,Navy Fall Invitational
Villanova,32,200 Back,4,2:03.53,Kayla Bolster,,Villanova vs. James Madiison
Villanova,32,200 Back,5,2:06.05,Anna Farley,,Villanova vs Lasalle
Villanova,32,200 Back,6,2:06.24,Peri Gaguzis,,Georgetown vs. Villanova
Villanova,32,200 Back,7,2:15.70,Kathryn Montefusco,,Villanova vs Lasalle
Villanova,32,200 Breast,1,2:16.25,Emily Herr,,Navy Fall Invitational
Villanova,32,200 Breast,2,2:16.53,Winnie Jalet,,Navy Fall Invitational
Villanova,32,200 Breast,3,2:16.89,Annie Honkamp,,Florida State vs. Villanova
Villanova,32,200 Breast,4,2:18.75,Kathryn Montefusco,,Navy Fall Invitational
Villanova,32,200 Breast,5,2:21.08,Lyla Richards,,Navy Fall Invitational
Villanova,32,200 Breast,6,2:22.02,Meghan Tiernan,,Villanova vs Lasalle
Villanova,32,200 Breast,7,2:25.20,Imogen Duffy,,Villanova vs Lasalle
Villanova,32,200 Fly,1,1:58.33,Anna Farley,,Navy Fall Invitational
Villanova,32,200 Fly,2,1:59.88,Katie White,,Navy Fall Invitational
Villanova,32,200 Fly,3,2:00.34,Meghan Tiernan,,Navy Fall Invitational
Villanova,32,200 Fly,4,2:01.55,Anna Kilponen,,Navy Fall Invitational
Villanova,32,200 Fly,5,2:02.81,Annie Mee,,Navy Fall Invitational
Villanova,32,200 Fly,6,2:03.85,Emily Herr,,Villanova vs Lasalle
Villanova,32,200 Fly,7,2:08.86,Riley Hull,,Villanova vs Lasalle
Villanova,32,200 Free,1,1:49.94,Anna Farley,,Navy Fall Invitational
Villanova,32,200 Free,2,1:50.13,Carlota Colomer Guasch,,Navy Fall Invitational
Villanova,32,200 Free,3,1:50.26,Riley Kudlac,,Villanova vs Lasalle
Villanova,32,200 Free,4,1:50.93,Marlene Blanke,,Navy Fall Invitational
Villanova,32,200 Free,5,1:51.44,Amylia Higgins,,Navy Fall Invitational
Villanova,32,200 Free,6,1:51.70,Annie Mee,,Navy Fall Invitational
Villanova,32,200 Free,7,1:51.77,Katie White,,Navy Fall Invitational
Villanova,32,200 Free,8,1:51.97,Martina Lonati,,Navy Fall Invitational
Villanova,32,200 Free,9,1:52.29,Kayla Bolster,,Penn vs. Villanova
Villanova,32,200 Free,10,1:52.31,Alana Leen,,Navy Fall Invitational
Villanova,32,200 Im,1,2:00.58,Anna Farley,,Navy Fall Invitational
Villanova,32,200 Im,2,2:01.47,Emily Herr,,Navy Fall Invitational
Villanova,32,200 Im,3,2:01.64,Meghan Tiernan,,Navy Fall Invitational
Villanova,32,200 Im,4,2:03.31,Winnie Jalet,,Navy Fall Invitational
Villanova,32,200 Im,5,2:03.39,Alana Leen,,Navy Fall Invitational
Villanova,32,200 Im,6,2:03.52,Imogen Duffy,,Navy Fall Invitational
Villanova,32,200 Im,7,2:05.22,Annie Honkamp,,Navy Fall Invitational
Villanova,32,200 Im,8,2:05.29,Kathryn Montefusco,,Navy Fall Invitational
Villanova,32,200 Im,9,2:08.17,Lyla Richards,,Navy Fall Invitational
Villanova,32,200 Im,10,2:11.21,Peri Gaguzis,,Seton Hall vs. Villanova
Villanova,32,400 Im,1,4:16.89,Peri Gaguzis,,Navy Fall Invitational
Villanova,32,400 Im,2,4:18.79,Meghan Tiernan,,Navy Fall Invitational
Villanova,32,400 Im,3,4:19.96,Anna Farley,,Navy Fall Invitational
Villanova,32,400 Im,4,4:20.19,Emily Herr,,Navy Fall Invitational
Villanova,32,400 Im,5,4:22.03,Kathryn Montefusco,,Navy Fall Invitational
Villanova,32,400 Im,6,4:22.81,Imogen Duffy,,Navy Fall Invitational
Villanova,32,400 Im,7,4:26.62,Annie Honkamp,,Navy Fall Invitational
Villanova,32,50 Free,1,23.03,Carlota Colomer Guasch,,Navy Fall Invitational
Villanova,32,50 Free,2,23.27,Jana Strand,,Navy Fall Invitational
Villanova,32,50 Free,3,23.28,Riley Kudlac,,Navy Fall Invitational
Villanova,32,50 Free,4,23.85,Kayla Bolster,,UConn vs. Villanova
Villanova,32,50 Free,5,23.91,Annie Mee,,Navy Fall Invitational
Villanova,32,50 Free,6,23.96,Alyssa McHale,,Navy Fall Invitational
Villanova,32,50 Free,7,24.20,Winnie Jalet,,Navy Fall Invitational
Villanova,32,50 Free,8,24.39,Anna Farley,,Georgetown vs. Villanova
Villanova,32,50 Free,9,24.44,Amylia Higgins,,Navy Fall Invitational
Villanova,32,50 Free,10,24.44,Anna Kilponen,,Navy Fall Invitational
Villanova,32,500 Free,1,4:51.85,Peri Gaguzis,,Navy Fall Invitational
Villanova,32,500 Free,2,4:51.92,Katie White,,Navy Fall Invitational
Villanova,32,500 Free,3,4:55.40,Martina Lonati,,Navy Fall Invitational
Villanova,32,500 Free,4,4:56.22,Meghan Tiernan,,Navy Fall Invitational
Villanova,32,500 Free,5,4:56.82,Riley Hull,,Navy Fall Invitational
Villanova,32,500 Free,6,4:57.12,Amylia Higgins,,Navy Fall Invitational
Villanova,32,500 Free,7,4:58.02,Marlene Blanke,,Navy Fall Invitational
Villanova,32,500 Free,8,5:02.21,Sasha Schratwieser,,Navy Fall Invitational
Villanova,32,500 Free,9,5:14.30,Kara Donham,,Navy Fall Invitational
Virginia,73,100 Back,1,49.12,Claire Curzan,,CSCAA Dual Challenge - Championship
Virginia,73,100 Back,2,50.56,Sara CURTIS,,CSCAA Dual Challenge - Championship
Virginia,73,100 Back,3,51.44,Tess Howley,,CSCAA Dual Challenge (ASU vs UVA)
Virginia,73,100 Back,4,51.81,Charlotte Wilson,,CSCAA Dual Challenge (ASU vs UVA)
Virginia,73,100 Back,5,52.36,Bryn Greenwaldt,,Florida vs. Virginia
Virginia,73,100 Back,6,52.54,Carly Novelline,,Tennessee Invitational
Virginia,73,100 Back,7,53.71,Sylvia Roy,,NC State vs UVA
Virginia,73,100 Back,8,54.17,Sophia Umstead,,Virginia Tech vs Virginia
Virginia,73,100 Back,9,54.62,Madi Mintenko,,Navy vs. UVA
Virginia,73,100 Back,10,55.75,Emma Redman,,Florida vs. Virginia
Virginia,73,100 Breast,1,57.96,Emma Weber,,UVA vs UNC
Virginia,73,100 Breast,2,59.09,Zoe Skirboll,,CSCAA Dual Challenge - Championship
Virginia,73,100 Breast,3,59.48,Aimee Canny,,Florida vs. Virginia
Virginia,73,100 Breast,4,1:00.17,Sophia Umstead,,UVA vs UNC
Virginia,73,100 Breast,5,1:00.37,Emma Redman,,Tennessee Invitational
Virginia,73,100 Breast,6,1:01.03,Leah Hayes,,Virginia Tech vs Virginia
Virginia,73,100 Breast,7,1:01.43,Raya Mellott,,CSCAA Dual Challenge (ASU vs UVA)
Virginia,73,100 Breast,8,1:01.50,Katie Christopherson,,Virginia Tech vs Virginia
Virginia,73,100 Breast,9,1:02.46,Sienna Karp,,UVA vs UNC
Virginia,73,100 Breast,10,1:03.84,Melissa Nwakalor,,Tennessee Invitational
Virginia,73,100 Fly,1,49.13,Claire Curzan,,NC State vs UVA
Virginia,73,100 Fly,2,51.45,Madi Mintenko,,Tennessee Invitational
Virginia,73,100 Fly,3,51.79,Lawson Ficken,,Florida vs. Virginia
Virginia,73,100 Fly,4,51.82,Carly Novelline,,UVA vs UNC
Virginia,73,100 Fly,5,51.95,Tess Howley,,Tennessee Invitational
Virginia,73,100 Fly,6,52.42,Bailey Hartman,,UVA vs UNC
Virginia,73,100 Fly,7,52.53,Sara CURTIS,,Virginia Tech vs Virginia
Virginia,73,100 Fly,8,52.75,Lana Pudar,,UVA vs UNC
Virginia,73,100 Fly,9,53.16,Maggie Schalow,,CSCAA Dual Challenge (ASU vs UVA)
Virginia,73,100 Fly,10,53.70,Charlotte Wilson,,Tennessee Invitational
Virginia,73,100 Free,1,45.98,Anna Moesch,,"CSCAA Dual (UVA vs. Mich Women, UT vs. ASU Men)"
Virginia,73,100 Free,2,46.62,Sara CURTIS,,"CSCAA Dual (UVA vs. Mich Women, UT vs. ASU Men)"
Virginia,73,100 Free,3,47.01,Claire Curzan,,CSCAA Dual Challenge (ASU vs UVA)
Virginia,73,100 Free,4,47.94,Madi Mintenko,,CSCAA Dual Challenge (ASU vs UVA)
Virginia,73,100 Free,5,48.40,Bryn Greenwaldt,,CSCAA Dual Challenge - Championship
Virginia,73,100 Free,6,48.55,Lawson Ficken,,CSCAA Dual Challenge - Championship
Virginia,73,100 Free,7,48.55,Nina Sandrine JAZY,,NC State vs UVA
Virginia,73,100 Free,8,49.11,Melissa Nwakalor,,Tennessee Invitational
Virginia,73,100 Free,9,49.67,Cavan Gormsen,,Virginia Tech vs Virginia
Virginia,73,100 Free,10,49.93,Sylvia Roy,,Virginia Tech vs Virginia
Virginia,73,1000 Free,1,9:28.49,Katie Grimes,,NC State vs UVA
Virginia,73,1000 Free,2,9:34.03,Cavan Gormsen,,NC State vs UVA
Virginia,73,1000 Free,3,9:35.38,Aimee Canny,,UVA vs UNC
Virginia,73,1000 Free,4,9:42.10,Madi Mintenko,,Florida vs. Virginia
Virginia,73,1000 Free,5,9:43.15,Leah Hayes,,UVA vs UNC
Virginia,73,1000 Free,6,9:50.60,Sophia Knapp,,UVA vs UNC
Virginia,73,1000 Free,7,9:53.00,Lily Gormsen,,UVA vs UNC
Virginia,73,1650 Free,1,15:52.95,Katie Grimes,,Tennessee Invitational
Virginia,73,1650 Free,2,16:03.37,Cavan Gormsen,,Tennessee Invitational
Virginia,73,1650 Free,3,16:14.33,Aimee Canny,,Virginia Tech vs Virginia
Virginia,73,1650 Free,4,16:38.04,Sophia Knapp,,Tennessee Invitational
Virginia,73,1650 Free,5,16:39.83,Lily Gormsen,,Tennessee Invitational
Virginia,73,200 Back,1,1:47.89,Claire Curzan,,UVA vs UNC
Virginia,73,200 Back,2,1:51.03,Tess Howley,,"CSCAA Dual (UVA vs. Mich Women, UT vs. ASU Men)"
Virginia,73,200 Back,3,1:52.15,Katie Grimes,,CSCAA Dual Challenge - Championship
Virginia,73,200 Back,4,1:52.53,Charlotte Wilson,,NC State vs UVA
Virginia,73,200 Back,5,1:54.59,Madi Mintenko,,Florida vs. Virginia
Virginia,73,200 Back,6,1:55.28,Sylvia Roy,,"CSCAA Dual (UVA vs. Mich Women, UT vs. ASU Men)"
Virginia,73,200 Back,7,1:55.28,Sara CURTIS,,Virginia vs. Penn State
Virginia,73,200 Back,8,1:56.40,Leah Hayes,,Virginia vs. Penn State
Virginia,73,200 Back,9,1:56.95,Aimee Canny,,Virginia Tech vs Virginia
Virginia,73,200 Back,10,1:58.90,Sophia Knapp,,CSCAA Dual Challenge - Championship
Virginia,73,200 Breast,1,2:06.54,Aimee Canny,,NC State vs UVA
Virginia,73,200 Breast,2,2:07.87,Emma Weber,,UVA vs UNC
Virginia,73,200 Breast,3,2:08.46,Leah Hayes,,Tennessee Invitational
Virginia,73,200 Breast,4,2:09.14,Sophia Umstead,,NC State vs UVA
Virginia,73,200 Breast,5,2:09.52,Katie Christopherson,,CSCAA Dual Challenge - Championship
Virginia,73,200 Breast,6,2:10.26,Zoe Skirboll,,"CSCAA Dual (UVA vs. Mich Women, UT vs. ASU Men)"
Virginia,73,200 Breast,7,2:10.48,Emma Redman,,Tennessee Invitational
Virginia,73,200 Breast,8,2:11.56,Raya Mellott,,Tennessee Invitational
Virginia,73,200 Breast,9,2:13.39,Katie Grimes,,Virginia vs. Penn State
Virginia,73,200 Fly,1,1:51.35,Claire Curzan,,NC State vs UVA
Virginia,73,200 Fly,2,1:51.81,Tess Howley,,"CSCAA Dual (UVA vs. Mich Women, UT vs. ASU Men)"
Virginia,73,200 Fly,3,1:54.36,Carly Novelline,,NC State vs UVA
Virginia,73,200 Fly,4,1:54.49,Aimee Canny,,Virginia vs. Penn State
Virginia,73,200 Fly,5,1:54.91,Lana Pudar,,Virginia vs. Penn State
Virginia,73,200 Fly,6,1:55.62,Bailey Hartman,,"CSCAA Dual (UVA vs. Mich Women, UT vs. ASU Men)"
Virginia,73,200 Fly,7,1:56.04,Katie Grimes,,Florida vs. Virginia
Virginia,73,200 Fly,8,1:56.45,Madi Mintenko,,Tennessee Invitational
Virginia,73,200 Fly,9,1:56.67,Cavan Gormsen,,Virginia vs. Penn State
Virginia,73,200 Fly,10,1:57.26,Emma Weber,,Tennessee Invitational
Virginia,73,200 Free,1,1:40.25,Anna Moesch,,"CSCAA Dual (UVA vs. Mich Women, UT vs. ASU Men)"
Virginia,73,200 Free,2,1:41.70,Madi Mintenko,,CSCAA Dual Challenge - Championship
Virginia,73,200 Free,3,1:41.85,Aimee Canny,,UVA vs UNC
Virginia,73,200 Free,4,1:43.47,Cavan Gormsen,,UVA vs UNC
Virginia,73,200 Free,5,1:43.50,Claire Curzan,,Virginia vs. Penn State
Virginia,73,200 Free,6,1:44.01,Leah Hayes,,CSCAA Dual Challenge - Championship
Virginia,73,200 Free,7,1:44.05,Bailey Hartman,,UVA vs UNC
Virginia,73,200 Free,8,1:44.47,Katie Grimes,,Virginia vs. Penn State
Virginia,73,200 Free,9,1:44.69,Tess Howley,,Tennessee Invitational
Virginia,73,200 Free,10,1:47.31,Zoe Skirboll,,Virginia Tech vs Virginia
Virginia,73,200 Im,1,1:54.05,Aimee Canny,,"CSCAA Dual (UVA vs. Mich Women, UT vs. ASU Men)"
Virginia,73,200 Im,2,1:54.10,Leah Hayes,,"CSCAA Dual (UVA vs. Mich Women, UT vs. ASU Men)"
Virginia,73,200 Im,3,1:56.51,Sophia Umstead,,Virginia vs. Penn State
Virginia,73,200 Im,4,1:57.06,Zoe Skirboll,,Tennessee Invitational
Virginia,73,200 Im,5,1:57.28,Katie Christopherson,,"CSCAA Dual (UVA vs. Mich Women, UT vs. ASU Men)"
Virginia,73,200 Im,6,1:57.40,Madi Mintenko,,Virginia vs. Penn State
Virginia,73,200 Im,7,1:58.07,Katie Grimes,,Virginia Tech vs Virginia
Virginia,73,200 Im,8,1:58.64,Charlotte Wilson,,Tennessee Invitational
Virginia,73,200 Im,9,1:59.51,Emma Redman,,Tennessee Invitational
Virginia,73,200 Im,10,2:00.29,Sienna Karp,,UVA vs UNC
Virginia,73,400 Im,1,4:03.34,Katie Grimes,,CSCAA Dual Challenge (ASU vs UVA)
Virginia,73,400 Im,2,4:04.01,Leah Hayes,,CSCAA Dual Challenge (ASU vs UVA)
Virginia,73,400 Im,3,4:10.11,Sophia Umstead,,Tennessee Invitational
Virginia,73,400 Im,4,4:12.26,Emma Redman,,Tennessee Invitational
Virginia,73,400 Im,5,4:13.69,Cavan Gormsen,,CSCAA Dual Challenge (ASU vs UVA)
Virginia,73,50 Free,1,21.18,Sara CURTIS,,UVA vs UNC
Virginia,73,50 Free,2,21.44,Anna Moesch,,NC State vs UVA
Virginia,73,50 Free,3,21.48,Claire Curzan,,UVA vs UNC
Virginia,73,50 Free,4,21.58,Bryn Greenwaldt,,"CSCAA Dual (UVA vs. Mich Women, UT vs. ASU Men)"
Virginia,73,50 Free,5,21.85,Melissa Nwakalor,,"CSCAA Dual (UVA vs. Mich Women, UT vs. ASU Men)"
Virginia,73,50 Free,6,22.13,Nina Sandrine JAZY,,NC State vs UVA
Virginia,73,50 Free,7,22.45,Madi Mintenko,,CSCAA Dual Challenge - Championship
Virginia,73,50 Free,8,22.52,Lawson Ficken,,NC State vs UVA
Virginia,73,50 Free,9,22.84,Zoe Skirboll,,Navy vs. UVA
Virginia,73,50 Free,10,22.98,Sylvia Roy,,CSCAA Dual Challenge (ASU vs UVA)
Virginia,73,500 Free,1,4:34.26,Aimee Canny,,Florida vs. Virginia
Virginia,73,500 Free,2,4:35.65,Cavan Gormsen,,CSCAA Dual Challenge - Championship
Virginia,73,500 Free,3,4:35.79,Madi Mintenko,,"CSCAA Dual (UVA vs. Mich Women, UT vs. ASU Men)"
Virginia,73,500 Free,4,4:36.04,Katie Grimes,,NC State vs UVA
Virginia,73,500 Free,5,4:39.83,Bailey Hartman,,CSCAA Dual Challenge - Championship
Virginia,73,500 Free,6,4:43.68,Anna Moesch,,UVA vs UNC
Virginia,73,500 Free,7,4:46.26,Sophia Knapp,,UVA vs UNC
Virginia,73,500 Free,8,4:47.76,Lily Gormsen,,Tennessee Invitational
Virginia,73,500 Free,9,4:50.37,Tess Howley,,Virginia Tech vs Virginia
Virginia,73,500 Free,10,4:59.04,Allison Bischoff,,UVA vs UNC
Virginia Military Institute,335,100 Back,1,58.29,Noelle Tong,,Keydet Invitational
Virginia Military Institute,335,100 Back,2,59.08,Lacy Delzell,,Army vs. VMI
Virginia Military Institute,335,100 Back,3,59.52,Valeria Paulson,,Keydet Invitational
Virginia Military Institute,335,100 Back,4,1:04.37,Kimi Sabahi,,W&L vs VMI
Virginia Military Institute,335,100 Breast,1,1:07.35,Parker Belle Fogle,,"Howard, Saint Francis & VMI"
Virginia Military Institute,335,100 Breast,2,1:11.20,Maddie Wolfe,,Keydet Invitational
Virginia Military Institute,335,100 Fly,1,58.89,Emerson Cosner,,Keydet Invitational
Virginia Military Institute,335,100 Fly,2,59.56,Carissa Witte,,Army vs. VMI
Virginia Military Institute,335,100 Fly,3,1:01.05,Susan Cushman,,"Howard, Saint Francis & VMI"
Virginia Military Institute,335,100 Fly,4,1:03.62,Avery Shuping,,Army vs. VMI
Virginia Military Institute,335,100 Fly,5,1:07.37,Julia Ward,,Virginia Military Institute vs. Davidson
Virginia Military Institute,335,100 Free,1,51.84,Noelle Tong,,Keydet Invitational
Virginia Military Institute,335,100 Free,2,53.39,Mackenzie Byrne,,Keydet Invitational
Virginia Military Institute,335,100 Free,3,55.91,Emerson Cosner,,"Howard, Saint Francis & VMI"
Virginia Military Institute,335,100 Free,4,55.95,Maddie Wolfe,,Keydet Invitational
Virginia Military Institute,335,100 Free,5,57.56,Valeria Paulson,,2025 UMBC vs Howard vs VMI
Virginia Military Institute,335,100 Free,6,57.58,Kimi Sabahi,,Keydet Invitational
Virginia Military Institute,335,100 Free,7,58.54,Maria Fitzsimmons,,Virginia Military Institute vs. Davidson
Virginia Military Institute,335,1000 Free,1,10:37.39,Avery Shuping,,"Howard, Saint Francis & VMI"
Virginia Military Institute,335,1000 Free,2,10:51.71,Carissa Witte,,Army vs. VMI
Virginia Military Institute,335,1000 Free,3,11:42.03,Val Tonnu,,"Howard, Saint Francis & VMI"
Virginia Military Institute,335,1650 Free,1,17:54.41,Avery Shuping,,Keydet Invitational
Virginia Military Institute,335,1650 Free,2,20:20.39,Val Tonnu,,Keydet Invitational
Virginia Military Institute,335,200 Back,1,2:07.77,Lacy Delzell,,Keydet Invitational
Virginia Military Institute,335,200 Back,2,2:13.18,Valeria Paulson,,Keydet Invitational
Virginia Military Institute,335,200 Back,3,2:22.71,Susan Cushman,,Virginia Military Institute vs. Davidson
Virginia Military Institute,335,200 Back,4,2:28.00,Kimi Sabahi,,MSMU vs. VMI
Virginia Military Institute,335,200 Breast,1,2:30.46,Maddie Wolfe,,Keydet Invitational
Virginia Military Institute,335,200 Breast,2,2:30.87,Parker Belle Fogle,,Keydet Invitational
Virginia Military Institute,335,200 Fly,1,2:11.17,Carissa Witte,,Keydet Invitational
Virginia Military Institute,335,200 Fly,2,2:11.35,Emerson Cosner,,Keydet Invitational
Virginia Military Institute,335,200 Fly,3,2:20.97,Susan Cushman,,Keydet Invitational
Virginia Military Institute,335,200 Free,1,1:55.68,Lacy Delzell,,Keydet Invitational
Virginia Military Institute,335,200 Free,2,2:00.31,Emerson Cosner,,Army vs. VMI
Virginia Military Institute,335,200 Free,3,2:00.38,Avery Shuping,,Keydet Invitational
Virginia Military Institute,335,200 Free,4,2:01.02,Carissa Witte,,2025 UMBC vs Howard vs VMI
Virginia Military Institute,335,200 Free,5,2:01.16,Susan Cushman,,"Howard, Saint Francis & VMI"
Virginia Military Institute,335,200 Free,6,2:05.97,Val Tonnu,,Keydet Invitational
Virginia Military Institute,335,200 Free,7,2:11.13,Kimi Sabahi,,Virginia Military Institute vs. Davidson
Virginia Military Institute,335,200 Im,1,2:14.39,Carissa Witte,,Virginia Military Institute vs. Davidson
Virginia Military Institute,335,200 Im,2,2:16.21,Susan Cushman,,Keydet Invitational
Virginia Military Institute,335,200 Im,3,2:18.48,Parker Belle Fogle,,Keydet Invitational
Virginia Military Institute,335,200 Im,4,2:20.09,Maria Fitzsimmons,,Army vs. VMI
Virginia Military Institute,335,200 Im,5,2:21.71,Avery Shuping,,W&L vs VMI
Virginia Military Institute,335,400 Im,1,4:49.17,Carissa Witte,,Keydet Invitational
Virginia Military Institute,335,400 Im,2,4:55.73,Avery Shuping,,Army vs. VMI
Virginia Military Institute,335,400 Im,3,4:56.25,Susan Cushman,,Keydet Invitational
Virginia Military Institute,335,50 Free,1,24.14,Noelle Tong,,Keydet Invitational
Virginia Military Institute,335,50 Free,2,24.18,Mackenzie Byrne,,Army vs. VMI
Virginia Military Institute,335,50 Free,3,24.81,Lacy Delzell,,Keydet Invitational
Virginia Military Institute,335,50 Free,4,25.16,Valeria Paulson,,Army vs. VMI
Virginia Military Institute,335,50 Free,5,25.24,Maddie Wolfe,,Keydet Invitational
Virginia Military Institute,335,50 Free,6,26.19,Emerson Cosner,,Virginia Military Institute vs. Davidson
Virginia Military Institute,335,50 Free,7,26.19,Kimi Sabahi,,"Howard, Saint Francis & VMI"
Virginia Military Institute,335,50 Free,8,26.41,Julia Ward,,Virginia Military Institute vs. Davidson
Virginia Military Institute,335,50 Free,9,27.43,Maria Fitzsimmons,,Virginia Military Institute vs. Davidson
Virginia Military Institute,335,500 Free,1,5:12.92,Carissa Witte,,Keydet Invitational
Virginia Military Institute,335,500 Free,2,5:15.39,Avery Shuping,,"Howard, Saint Francis & VMI"
Virginia Military Institute,335,500 Free,3,5:25.21,Emerson Cosner,,Keydet Invitational
Virginia Military Institute,335,500 Free,4,5:39.04,Val Tonnu,,Keydet Invitational
Virginia Military Institute,335,500 Free,5,5:39.21,Susan Cushman,,W&L vs VMI
Virginia Tech,336,100 Back,1,51.59,Carmen Weiler Sastre,,South Carolina v. Virginia Tech
Virginia Tech,336,100 Back,2,53.74,Athena Meneses Kovacs,,NCSU Invitational
Virginia Tech,336,100 Back,3,55.26,Isabella Budnik,,NCSU Invitational
Virginia Tech,336,100 Back,4,55.33,Riley Morgan,,NCSU Invitational
Virginia Tech,336,100 Back,5,55.35,Sydney DeBaecke,,NCSU Invitational
Virginia Tech,336,100 Back,6,56.41,Mia Corrado,,Virginia Tech vs Virginia
Virginia Tech,336,100 Breast,1,1:00.72,Emily Santos Silva,,Virginia Tech vs Duke
Virginia Tech,336,100 Breast,2,1:01.01,Esther Park,,NCSU Invitational
Virginia Tech,336,100 Breast,3,1:01.03,Nichelly Lysy,,NCSU Invitational
Virginia Tech,336,100 Breast,4,1:05.40,Noa Martin Argente,,NC State Raleigh Rumble
Virginia Tech,336,100 Fly,1,52.83,Athena Meneses Kovacs,,NCSU Invitational
Virginia Tech,336,100 Fly,2,52.92,Emily Claesson,,NCSU Invitational
Virginia Tech,336,100 Fly,3,53.79,Julia Murphy,,South Carolina v. Virginia Tech
Virginia Tech,336,100 Fly,4,55.35,Riley Morgan,,South Carolina v. Virginia Tech
Virginia Tech,336,100 Fly,5,55.69,Bianca Andreea Costea,,NCSU Invitational
Virginia Tech,336,100 Fly,6,58.93,Kate Anderson,,NCSU Invitational
Virginia Tech,336,100 Fly,7,59.06,Mia Corrado,,NCSU Invitational
Virginia Tech,336,100 Fly,8,59.36,Bengisu Caymaz,,NCSU Invitational
Virginia Tech,336,100 Fly,9,1:00.22,Sydney Starnes,,NCSU Invitational
Virginia Tech,336,100 Free,1,48.11,Carmen Weiler Sastre,,South Carolina v. Virginia Tech
Virginia Tech,336,100 Free,2,48.45,Emily Claesson,,NCSU Invitational
Virginia Tech,336,100 Free,3,49.54,Eliza Tan,,NCSU Invitational
Virginia Tech,336,100 Free,4,49.94,Fanni Gyurinovics,,South Carolina v. Virginia Tech
Virginia Tech,336,100 Free,5,50.04,Bianca Andreea Costea,,Virginia Tech vs Duke
Virginia Tech,336,100 Free,6,50.31,Chiara Klein,,Virginia Tech vs Virginia
Virginia Tech,336,100 Free,7,51.26,Isabella Budnik,,NCSU Invitational
Virginia Tech,336,100 Free,8,52.07,Kate Anderson,,South Carolina v. Virginia Tech
Virginia Tech,336,100 Free,9,52.58,Bengisu Caymaz,,NCSU Invitational
Virginia Tech,336,1000 Free,1,9:49.47,Bengisu Caymaz,,Virginia Tech vs Duke
Virginia Tech,336,1000 Free,2,9:52.65,Kate Anderson,,Virginia Tech vs Duke
Virginia Tech,336,1000 Free,3,9:57.28,Sydney Starnes,,NC State Raleigh Rumble
Virginia Tech,336,1000 Free,4,9:57.81,Noa Martin Argente,,South Carolina v. Virginia Tech
Virginia Tech,336,1000 Free,5,10:11.55,Amanda Barnard,,Virginia Tech vs Queens
Virginia Tech,336,1650 Free,1,16:22.78,Bengisu Caymaz,,NCSU Invitational
Virginia Tech,336,1650 Free,2,16:30.27,Kate Anderson,,NCSU Invitational
Virginia Tech,336,1650 Free,3,16:37.59,Sydney Starnes,,Virginia Tech vs Virginia
Virginia Tech,336,1650 Free,4,16:39.82,Noa Martin Argente,,Virginia Tech vs Virginia
Virginia Tech,336,200 Back,1,1:52.54,Carmen Weiler Sastre,,South Carolina v. Virginia Tech
Virginia Tech,336,200 Back,2,1:56.08,Athena Meneses Kovacs,,NCSU Invitational
Virginia Tech,336,200 Back,3,1:57.68,Sydney DeBaecke,,NCSU Invitational
Virginia Tech,336,200 Back,4,1:58.94,Mia Corrado,,Virginia Tech vs Virginia
Virginia Tech,336,200 Back,5,2:00.01,Isabella Budnik,,NCSU Invitational
Virginia Tech,336,200 Back,6,2:01.06,Riley Morgan,,NCSU Invitational
Virginia Tech,336,200 Breast,1,2:12.72,Nichelly Lysy,,NC State Raleigh Rumble
Virginia Tech,336,200 Breast,2,2:13.40,Emily Santos Silva,,Virginia Tech vs Virginia
Virginia Tech,336,200 Breast,3,2:14.94,Esther Park,,NCSU Invitational
Virginia Tech,336,200 Breast,4,2:27.77,Sydney Starnes,,GW vs VT
Virginia Tech,336,200 Breast,5,2:27.79,Noa Martin Argente,,Virginia Tech vs Virginia
Virginia Tech,336,200 Fly,1,1:58.43,Amanda Barnard,,South Carolina v. Virginia Tech
Virginia Tech,336,200 Fly,2,1:58.84,Julia Murphy,,South Carolina v. Virginia Tech
Virginia Tech,336,200 Fly,3,2:02.78,Bengisu Caymaz,,GW vs VT
Virginia Tech,336,200 Fly,4,2:05.37,Nichelly Lysy,,NC State Raleigh Rumble
Virginia Tech,336,200 Fly,5,2:06.41,Kate Anderson,,NC State Raleigh Rumble
Virginia Tech,336,200 Fly,6,2:07.36,Mia Corrado,,NC State Raleigh Rumble
Virginia Tech,336,200 Free,1,1:44.49,Carmen Weiler Sastre,,NCSU Invitational
Virginia Tech,336,200 Free,2,1:46.07,Chiara Klein,,Virginia Tech vs Virginia
Virginia Tech,336,200 Free,3,1:46.46,Emily Claesson,,NCSU Invitational
Virginia Tech,336,200 Free,4,1:48.76,Isabella Budnik,,NCSU Invitational
Virginia Tech,336,200 Free,5,1:49.98,Kate Anderson,,Virginia Tech vs Queens
Virginia Tech,336,200 Free,6,1:50.22,Sydney DeBaecke,,NCSU Invitational
Virginia Tech,336,200 Free,7,1:50.74,Delaney Bookstein,,GW vs VT
Virginia Tech,336,200 Free,8,1:51.79,Eliza Tan,,Virginia Tech vs Queens
Virginia Tech,336,200 Free,9,1:52.42,Noa Martin Argente,,NCSU Invitational
Virginia Tech,336,200 Im,1,2:00.67,Amanda Barnard,,South Carolina v. Virginia Tech
Virginia Tech,336,200 Im,2,2:01.30,Nichelly Lysy,,Virginia Tech vs Duke
Virginia Tech,336,200 Im,3,2:01.73,Fanni Gyurinovics,,Virginia Tech vs Duke
Virginia Tech,336,200 Im,4,2:02.46,Sydney DeBaecke,,NCSU Invitational
Virginia Tech,336,200 Im,5,2:05.04,Mia Corrado,,Virginia Tech vs Virginia
Virginia Tech,336,200 Im,6,2:05.22,Delaney Bookstein,,GW vs VT
Virginia Tech,336,200 Im,7,2:05.93,Sydney Starnes,,South Carolina v. Virginia Tech
Virginia Tech,336,200 Im,8,2:07.88,Esther Park,,NCSU Invitational
Virginia Tech,336,200 Im,9,2:08.33,Bengisu Caymaz,,GW vs VT
Virginia Tech,336,200 Im,10,2:09.54,Kate Anderson,,Virginia Tech vs Queens
Virginia Tech,336,400 Im,1,4:18.54,Kate Anderson,,NCSU Invitational
Virginia Tech,336,400 Im,2,4:20.20,Mia Corrado,,NCSU Invitational
Virginia Tech,336,400 Im,3,4:21.60,Sydney Starnes,,NCSU Invitational
Virginia Tech,336,400 Im,4,4:25.79,Bengisu Caymaz,,NCSU Invitational
Virginia Tech,336,50 Free,1,22.27,Carmen Weiler Sastre,,South Carolina v. Virginia Tech
Virginia Tech,336,50 Free,2,22.47,Emily Claesson,,NCSU Invitational
Virginia Tech,336,50 Free,3,22.82,Eliza Tan,,NCSU Invitational
Virginia Tech,336,50 Free,4,22.88,Bianca Andreea Costea,,NCSU Invitational
Virginia Tech,336,50 Free,5,23.08,Fanni Gyurinovics,,NCSU Invitational
Virginia Tech,336,50 Free,6,23.38,Julia Murphy,,NCSU Invitational
Virginia Tech,336,50 Free,7,23.41,Athena Meneses Kovacs,,Virginia Tech vs Virginia
Virginia Tech,336,50 Free,8,23.90,Riley Morgan,,NCSU Invitational
Virginia Tech,336,50 Free,9,24.22,Isabella Budnik,,NCSU Invitational
Virginia Tech,336,50 Free,10,24.33,Sydney DeBaecke,,Virginia Tech vs Duke
Virginia Tech,336,500 Free,1,4:45.75,Kate Anderson,,NCSU Invitational
Virginia Tech,336,500 Free,2,4:47.27,Chiara Klein,,South Carolina v. Virginia Tech
Virginia Tech,336,500 Free,3,4:48.03,Bengisu Caymaz,,NCSU Invitational
Virginia Tech,336,500 Free,4,4:49.81,Noa Martin Argente,,NC State Raleigh Rumble
Virginia Tech,336,500 Free,5,4:52.56,Sydney Starnes,,NC State Raleigh Rumble
Virginia Tech,336,500 Free,6,4:55.73,Delaney Bookstein,,GW vs VT
Virginia Tech,336,500 Free,7,4:57.29,Isabella Budnik,,Virginia Tech vs Duke
Virginia Tech,336,500 Free,8,4:59.89,Amanda Barnard,,Virginia Tech vs Virginia
Wagner,296,100 Back,1,58.47,Lovisa Ramsten,,Harold Anderson Invitational
Wagner,296,100 Back,2,59.11,Sophia Varon-Fowler,,Harold Anderson Invitational
Wagner,296,100 Back,3,1:01.99,Simone Koret,,Wagner vs LIU
Wagner,296,100 Back,4,1:02.66,Gaya Savran,,Harold Anderson Invitational
Wagner,296,100 Back,5,1:03.44,Lily Clark,,Wagner vs LIU
Wagner,296,100 Back,6,1:04.44,Rachael Harris,,Florida Atlantic vs. Wagner & UNT
Wagner,296,100 Back,7,1:08.49,Olivia Casella,,Harold Anderson Invitational
Wagner,296,100 Back,8,1:09.43,avery stirling,,"SCSU vs. CCSU, Wagner"
Wagner,296,100 Breast,1,1:03.63,Lia Vendel,,Harold Anderson Invitational
Wagner,296,100 Breast,2,1:09.46,Brooke Woolfe,,Seton Hall vs. Wagner
Wagner,296,100 Breast,3,1:14.14,Kaylin Lila,,Wagner vs LIU
Wagner,296,100 Fly,1,55.50,Gaya Savran,,Harold Anderson Invitational
Wagner,296,100 Fly,2,56.79,Lovisa Ramsten,,Harold Anderson Invitational
Wagner,296,100 Fly,3,57.93,Rachael Harris,,Harold Anderson Invitational
Wagner,296,100 Fly,4,59.73,Daniela Moreno Vazquez,,Harold Anderson Invitational
Wagner,296,100 Fly,5,1:00.29,Sophia Varon-Fowler,,Harold Anderson Invitational
Wagner,296,100 Fly,6,1:00.61,Lianne Poblador,,Harold Anderson Invitational
Wagner,296,100 Fly,7,1:00.72,Brooke Woolfe,,Harold Anderson Invitational
Wagner,296,100 Fly,8,1:02.18,Lily Clark,,Harold Anderson Invitational
Wagner,296,100 Fly,9,1:03.25,Simone Koret,,Harold Anderson Invitational
Wagner,296,100 Free,1,50.79,Mia Goodale,,Harold Anderson Invitational
Wagner,296,100 Free,2,53.54,Lovisa Ramsten,,Harold Anderson Invitational
Wagner,296,100 Free,3,53.60,Kaylin Lila,,Harold Anderson Invitational
Wagner,296,100 Free,4,54.45,Lia Vendel,,Harold Anderson Invitational
Wagner,296,100 Free,5,55.04,Lily Clark,,Harold Anderson Invitational
Wagner,296,100 Free,6,55.30,Lianne Poblador,,Harold Anderson Invitational
Wagner,296,100 Free,7,55.80,Sophia Varon-Fowler,,Seton Hall vs. Wagner
Wagner,296,100 Free,8,55.89,Gaya Savran,,Florida Atlantic vs. Wagner & UNT
Wagner,296,100 Free,9,59.29,Olivia Casella,,Harold Anderson Invitational
Wagner,296,100 Free,10,1:00.47,Elise Johnson,,"SCSU vs. CCSU, Wagner"
Wagner,296,1000 Free,1,11:08.60,Daniela Moreno Vazquez,,"SCSU vs. CCSU, Wagner"
Wagner,296,1000 Free,2,11:17.71,Ella Hornbacher,,"SCSU vs. CCSU, Wagner"
Wagner,296,1000 Free,3,11:56.43,Elise Johnson,,Seton Hall vs. Wagner
Wagner,296,1000 Free,4,12:14.32,avery stirling,,Iona vs. Wagner vs. Sacred Heart
Wagner,296,1650 Free,1,18:05.97,Ella Hornbacher,,Harold Anderson Invitational
Wagner,296,1650 Free,2,18:07.20,Daniela Moreno Vazquez,,Harold Anderson Invitational
Wagner,296,1650 Free,3,19:26.23,avery stirling,,Harold Anderson Invitational
Wagner,296,1650 Free,4,19:42.86,Elise Johnson,,Harold Anderson Invitational
Wagner,296,200 Back,1,2:05.82,Gaya Savran,,Harold Anderson Invitational
Wagner,296,200 Back,2,2:07.81,Sophia Varon-Fowler,,Harold Anderson Invitational
Wagner,296,200 Back,3,2:13.97,Rachael Harris,,Harold Anderson Invitational
Wagner,296,200 Back,4,2:14.36,Brooke Woolfe,,Iona vs. Wagner vs. Sacred Heart
Wagner,296,200 Back,5,2:15.73,Simone Koret,,Harold Anderson Invitational
Wagner,296,200 Back,6,2:32.05,avery stirling,,"SCSU vs. CCSU, Wagner"
Wagner,296,200 Breast,1,2:22.44,Brooke Woolfe,,Harold Anderson Invitational
Wagner,296,200 Breast,2,2:24.22,Lia Vendel,,Harold Anderson Invitational
Wagner,296,200 Breast,3,2:38.51,Simone Koret,,Wagner vs LIU
Wagner,296,200 Fly,1,2:04.07,Gaya Savran,,Harold Anderson Invitational
Wagner,296,200 Fly,2,2:11.24,Rachael Harris,,Harold Anderson Invitational
Wagner,296,200 Fly,3,2:17.60,Brooke Woolfe,,Florida Atlantic vs. Wagner & UNT
Wagner,296,200 Fly,4,2:34.06,Simone Koret,,Seton Hall vs. Wagner
Wagner,296,200 Free,1,1:50.78,Mia Goodale,,Harold Anderson Invitational
Wagner,296,200 Free,2,1:58.39,Gaya Savran,,Wagner vs LIU
Wagner,296,200 Free,3,1:58.46,Kaylin Lila,,Harold Anderson Invitational
Wagner,296,200 Free,4,1:58.75,Daniela Moreno Vazquez,,Harold Anderson Invitational
Wagner,296,200 Free,5,2:00.76,Brooke Woolfe,,Wagner vs LIU
Wagner,296,200 Free,6,2:01.38,Ella Hornbacher,,Harold Anderson Invitational
Wagner,296,200 Free,7,2:07.88,Elise Johnson,,Harold Anderson Invitational
Wagner,296,200 Free,8,2:09.56,avery stirling,,Harold Anderson Invitational
Wagner,296,200 Free,9,2:11.91,Simone Koret,,Florida Atlantic vs. Wagner & UNT
Wagner,296,200 Im,1,2:07.50,Brooke Woolfe,,Harold Anderson Invitational
Wagner,296,200 Im,2,2:11.96,Lia Vendel,,Harold Anderson Invitational
Wagner,296,200 Im,3,2:13.38,Simone Koret,,Harold Anderson Invitational
Wagner,296,200 Im,4,2:16.97,Lily Clark,,Wagner vs LIU
Wagner,296,400 Im,1,4:34.74,Brooke Woolfe,,Harold Anderson Invitational
Wagner,296,400 Im,2,4:44.21,Simone Koret,,Harold Anderson Invitational
Wagner,296,50 Free,1,24.35,Lovisa Ramsten,,Harold Anderson Invitational
Wagner,296,50 Free,2,24.61,Mia Goodale,,Harold Anderson Invitational
Wagner,296,50 Free,3,25.04,Lianne Poblador,,Harold Anderson Invitational
Wagner,296,50 Free,4,25.07,Lily Clark,,Harold Anderson Invitational
Wagner,296,50 Free,5,25.29,Kaylin Lila,,Harold Anderson Invitational
Wagner,296,50 Free,6,26.21,Lia Vendel,,Harold Anderson Invitational
Wagner,296,50 Free,7,26.64,Sophia Varon-Fowler,,Seton Hall vs. Wagner
Wagner,296,50 Free,8,27.10,Gaya Savran,,Florida Atlantic vs. Wagner & UNT
Wagner,296,50 Free,9,27.37,Rachael Harris,,"SCSU vs. CCSU, Wagner"
Wagner,296,50 Free,10,27.90,Olivia Casella,,Harold Anderson Invitational
Wagner,296,500 Free,1,4:55.57,Mia Goodale,,Harold Anderson Invitational
Wagner,296,500 Free,2,5:18.56,Ella Hornbacher,,Harold Anderson Invitational
Wagner,296,500 Free,3,5:24.13,Daniela Moreno Vazquez,,Harold Anderson Invitational
Wagner,296,500 Free,4,5:38.69,Elise Johnson,,Harold Anderson Invitational
Wagner,296,500 Free,5,5:41.07,avery stirling,,Harold Anderson Invitational
Wagner,296,500 Free,6,5:52.44,Simone Koret,,Florida Atlantic vs. Wagner & UNT
West Virginia,294,100 Back,1,54.14,Natasha Whittall,,West Virginia vs. Duquesne vs. Villanova
West Virginia,294,100 Back,2,55.36,Maecy Wells,,West Virginia vs. Duquesne vs. Villanova
West Virginia,294,100 Back,3,55.52,Victoria Kidney,,WVU Invitational
West Virginia,294,100 Back,4,55.69,Giada Del Medico,,WVU Invitational
West Virginia,294,100 Back,5,55.76,Delaney Cox,,Loyola vs West Virginia
West Virginia,294,100 Back,6,55.97,Janine Murphy,,Marshall vs. West Virginia
West Virginia,294,100 Back,7,57.43,Madalyn Witt,,Loyola vs West Virginia
West Virginia,294,100 Back,8,57.94,Makenna Wozny,,WVU Blue & Gold
West Virginia,294,100 Back,9,1:00.29,Aubrey Briseno,,WV State Games
West Virginia,294,100 Back,10,1:02.64,Sezen Kalak,,WVU Blue & Gold
West Virginia,294,100 Breast,1,1:02.35,macey larson,,WVU Invitational
West Virginia,294,100 Breast,2,1:02.82,Sofia Deste,,West Virginia vs. Duquesne vs. Villanova
West Virginia,294,100 Breast,3,1:03.39,Tabi Main,,WVU Invitational
West Virginia,294,100 Breast,4,1:03.61,Logan Leckner,,WVU Invitational
West Virginia,294,100 Breast,5,1:03.69,Camryn Bair,,WVU Invitational
West Virginia,294,100 Breast,6,1:06.21,Makenna Wozny,,Florida State Fall Classic
West Virginia,294,100 Breast,7,1:07.61,Chloe Hickman,,WVU Blue & Gold
West Virginia,294,100 Breast,8,1:08.93,Gabriela Martin De La Torre,,WV State Games
West Virginia,294,100 Fly,1,54.66,Victoria Kidney,,Marshall vs. West Virginia
West Virginia,294,100 Fly,2,55.08,Baylee Sloan,,West Virginia vs. Duquesne vs. Villanova
West Virginia,294,100 Fly,3,55.32,Maecy Wells,,WVU Invitational
West Virginia,294,100 Fly,4,56.32,Tabi Main,,WVU Invitational
West Virginia,294,100 Fly,5,56.38,Natasha Whittall,,Big 12 East Championship
West Virginia,294,100 Fly,6,56.49,Maddie Smutny,,Marshall vs. West Virginia
West Virginia,294,100 Fly,7,56.75,Aubrey Briseno,,Loyola vs West Virginia
West Virginia,294,100 Fly,8,58.42,Gabriela Martin De La Torre,,WVU Blue & Gold
West Virginia,294,100 Fly,9,59.01,MJ Gilligan,,WVU Blue & Gold
West Virginia,294,100 Fly,10,59.19,Janine Murphy,,Delaware vs West Virginia
West Virginia,294,100 Free,1,50.34,Gabriela Martin De La Torre,,Big 12 East Championship
West Virginia,294,100 Free,2,51.10,Delia OSTAFI,,WVU Invitational
West Virginia,294,100 Free,3,51.87,Sezen Kalak,,Loyola vs West Virginia
West Virginia,294,100 Free,4,51.94,Makenna Wozny,,WVU Invitational
West Virginia,294,100 Free,5,51.99,Kenzie Getz,,Big 12 East Championship
West Virginia,294,100 Free,6,52.40,Maddie Smutny,,Loyola vs West Virginia
West Virginia,294,100 Free,7,52.51,Baylee Sloan,,Loyola vs West Virginia
West Virginia,294,100 Free,8,52.74,Olivia Busch,,WVU Invitational
West Virginia,294,100 Free,9,52.91,Delaney Cox,,Loyola vs West Virginia
West Virginia,294,100 Free,10,53.08,Aubrey Briseno,,WVU Invitational
West Virginia,294,1000 Free,1,10:05.75,Maddie Smutny,,Loyola vs West Virginia
West Virginia,294,1000 Free,2,10:06.43,Olivia Busch,,Marshall vs. West Virginia
West Virginia,294,1000 Free,3,10:13.63,MJ Gilligan,,Marshall vs. West Virginia
West Virginia,294,1000 Free,4,10:21.13,Makenna Wozny,,Loyola vs West Virginia
West Virginia,294,1000 Free,5,10:43.36,Madalyn Witt,,Marshall vs. West Virginia
West Virginia,294,1650 Free,1,16:50.47,Olivia Busch,,Big 12 East Championship
West Virginia,294,1650 Free,2,16:59.61,MJ Gilligan,,Big 12 East Championship
West Virginia,294,1650 Free,3,17:13.09,Makenna Wozny,,West Virginia vs. Duquesne vs. Villanova
West Virginia,294,1650 Free,4,17:53.12,Madalyn Witt,,Big 12 East Championship
West Virginia,294,200 Back,1,1:59.35,Madalyn Witt,,West Virginia vs. Pittsburgh
West Virginia,294,200 Back,2,1:59.59,Natasha Whittall,,Big 12 East Championship
West Virginia,294,200 Back,3,2:00.05,Giada Del Medico,,Delaware vs West Virginia
West Virginia,294,200 Back,4,2:00.11,Delaney Cox,,Big 12 East Championship
West Virginia,294,200 Back,5,2:02.14,Victoria Kidney,,WVU Invitational
West Virginia,294,200 Back,6,2:03.27,Maecy Wells,,WVU Invitational
West Virginia,294,200 Back,7,2:12.12,Janine Murphy,,WVU Blue & Gold
West Virginia,294,200 Back,8,2:14.59,MJ Gilligan,,WV State Games
West Virginia,294,200 Breast,1,2:16.86,macey larson,,WVU Invitational
West Virginia,294,200 Breast,2,2:17.14,Logan Leckner,,WVU Invitational
West Virginia,294,200 Breast,3,2:17.50,Tabi Main,,WVU Invitational
West Virginia,294,200 Breast,4,2:17.79,Sofia Deste,,Big 12 East Championship
West Virginia,294,200 Breast,5,2:19.77,Chloe Hickman,,West Virginia vs. Duquesne vs. Villanova
West Virginia,294,200 Breast,6,2:23.43,Camryn Bair,,WVU Invitational
West Virginia,294,200 Fly,1,1:59.03,Maddie Smutny,,WVU Invitational
West Virginia,294,200 Fly,2,2:01.98,MJ Gilligan,,West Virginia vs. Duquesne vs. Villanova
West Virginia,294,200 Fly,3,2:02.39,Baylee Sloan,,West Virginia vs. Pittsburgh
West Virginia,294,200 Fly,4,2:04.23,Maecy Wells,,Big 12 East Championship
West Virginia,294,200 Fly,5,2:07.85,Olivia Busch,,WVU Blue & Gold
West Virginia,294,200 Fly,6,2:13.60,Aubrey Briseno,,West Virginia vs. Duquesne vs. Villanova
West Virginia,294,200 Fly,7,2:14.72,Chloe Hickman,,WV State Games
West Virginia,294,200 Free,1,1:48.67,Gabriela Martin De La Torre,,Big 12 East Championship
West Virginia,294,200 Free,2,1:50.02,Maddie Smutny,,WVU Invitational
West Virginia,294,200 Free,3,1:50.10,Delia OSTAFI,,West Virginia vs. Duquesne vs. Villanova
West Virginia,294,200 Free,4,1:50.39,Olivia Busch,,WVU Invitational
West Virginia,294,200 Free,5,1:51.96,Makenna Wozny,,Big 12 East Championship
West Virginia,294,200 Free,6,1:51.97,Baylee Sloan,,WVU Invitational
West Virginia,294,200 Free,7,1:52.62,Delaney Cox,,WVU Invitational
West Virginia,294,200 Free,8,1:56.82,Natasha Whittall,,WV State Games
West Virginia,294,200 Free,9,1:59.20,Sezen Kalak,,WVU Invitational
West Virginia,294,200 Free,10,1:59.27,Kenzie Getz,,Loyola vs West Virginia
West Virginia,294,200 Im,1,2:02.58,Tabi Main,,WVU Invitational
West Virginia,294,200 Im,2,2:03.89,Baylee Sloan,,West Virginia vs. Duquesne vs. Villanova
West Virginia,294,200 Im,3,2:04.19,Gabriela Martin De La Torre,,WVU Invitational
West Virginia,294,200 Im,4,2:04.30,macey larson,,WVU Invitational
West Virginia,294,200 Im,5,2:05.33,MJ Gilligan,,West Virginia vs. Duquesne vs. Villanova
West Virginia,294,200 Im,6,2:05.41,Logan Leckner,,WVU Invitational
West Virginia,294,200 Im,7,2:06.03,Maecy Wells,,WVU Invitational
West Virginia,294,200 Im,8,2:06.21,Delaney Cox,,WVU Invitational
West Virginia,294,200 Im,9,2:06.32,Chloe Hickman,,WVU Invitational
West Virginia,294,200 Im,10,2:07.49,Madalyn Witt,,WVU Invitational
West Virginia,294,400 Im,1,4:20.64,MJ Gilligan,,Big 12 East Championship
West Virginia,294,400 Im,2,4:25.38,Madalyn Witt,,Big 12 East Championship
West Virginia,294,400 Im,3,4:27.90,macey larson,,WVU Invitational
West Virginia,294,400 Im,4,4:28.62,Chloe Hickman,,Loyola vs West Virginia
West Virginia,294,50 Free,1,23.51,Gabriela Martin De La Torre,,WVU Invitational
West Virginia,294,50 Free,2,23.54,Kenzie Getz,,Florida State Fall Classic
West Virginia,294,50 Free,3,23.61,Natasha Whittall,,WVU Invitational
West Virginia,294,50 Free,4,23.77,Delia OSTAFI,,WVU Invitational
West Virginia,294,50 Free,5,23.96,Aubrey Briseno,,WVU Invitational
West Virginia,294,50 Free,6,24.13,Janine Murphy,,WVU Invitational
West Virginia,294,50 Free,7,24.14,Camryn Bair,,WVU Invitational
West Virginia,294,50 Free,8,24.15,Victoria Kidney,,WVU Blue & Gold
West Virginia,294,50 Free,9,24.38,Sezen Kalak,,WVU Invitational
West Virginia,294,50 Free,10,24.40,Maddie Smutny,,WVU Blue & Gold
West Virginia,294,500 Free,1,4:50.29,Maddie Smutny,,Marshall vs. West Virginia
West Virginia,294,500 Free,2,4:51.62,Olivia Busch,,Big 12 East Championship
West Virginia,294,500 Free,3,4:56.73,MJ Gilligan,,WVU Invitational
West Virginia,294,500 Free,4,4:57.99,Makenna Wozny,,WVU Invitational
West Virginia,294,500 Free,5,5:02.55,Gabriela Martin De La Torre,,Loyola vs West Virginia
West Virginia,294,500 Free,6,5:21.37,Delia OSTAFI,,WV State Games
William & Mary,350,100 Back,1,53.34,Julie Addison,,WVU Invitational
William & Mary,350,100 Back,2,54.78,Caroline Burgeson,,WVU Invitational
William & Mary,350,100 Back,3,54.93,Grace McCardle,,WM Quad Meet
William & Mary,350,100 Back,4,55.41,Sarah Dunham,,WM Quad Meet
William & Mary,350,100 Back,5,56.32,Lauren Klinefelter,,William & Mary vs. George Mason
William & Mary,350,100 Back,6,56.73,Riley Mills,,"UNCW vs. Queens (NC), William & Mary"
William & Mary,350,100 Back,7,56.74,Sammy Randell,,WVU Invitational
William & Mary,350,100 Back,8,56.75,Caroline Scharff,,WVU Invitational
William & Mary,350,100 Back,9,57.13,Veronika Owen,,WVU Invitational
William & Mary,350,100 Breast,1,1:00.79,Lindsay Juhlin,,WVU Invitational
William & Mary,350,100 Breast,2,1:02.47,Sophia Heilen,,WM Quad Meet
William & Mary,350,100 Breast,3,1:05.02,Kaitlyn Conover-Emmert,,WM Quad Meet
William & Mary,350,100 Breast,4,1:06.88,Claire Neilly,,GW vs William and Mary
William & Mary,350,100 Breast,5,1:07.89,Charlie Scogna,,"UNCW vs. Queens (NC), William & Mary"
William & Mary,350,100 Fly,1,53.38,Lindsay Juhlin,,WVU Invitational
William & Mary,350,100 Fly,2,53.93,Lauren Klinefelter,,WM Quad Meet
William & Mary,350,100 Fly,3,54.49,Sammy Randell,,WVU Invitational
William & Mary,350,100 Fly,4,55.00,Sophia Heilen,,WVU Invitational
William & Mary,350,100 Fly,5,55.59,Erin Langenburg,,WVU Invitational
William & Mary,350,100 Fly,6,56.22,Riley Mills,,WM Quad Meet
William & Mary,350,100 Fly,7,56.76,Veronika Owen,,Davidson v William and Mary
William & Mary,350,100 Fly,8,57.99,Meghan Rourke,,Davidson v William and Mary
William & Mary,350,100 Fly,9,59.63,Julia Gehrig,,Davidson v William and Mary
William & Mary,350,100 Fly,10,59.76,Lauren Tucker,,WVU Invitational
William & Mary,350,100 Free,1,49.89,Caroline Burgeson,,WVU Invitational
William & Mary,350,100 Free,2,50.93,Flynn Truskett,,WM Quad Meet
William & Mary,350,100 Free,3,50.96,Ellie Hunt,,WVU Invitational
William & Mary,350,100 Free,4,51.10,Sarah Dunham,,WVU Invitational
William & Mary,350,100 Free,5,51.21,Tess Lankford,,WVU Invitational
William & Mary,350,100 Free,6,51.62,Haley Lehman,,Davidson v William and Mary
William & Mary,350,100 Free,7,51.86,Zoe Arakelian,,WVU Invitational
William & Mary,350,100 Free,8,51.88,Healey Morgan,,WM Quad Meet
William & Mary,350,100 Free,9,52.19,Carly Frank,,WM Quad Meet
William & Mary,350,100 Free,10,52.26,Veronika Owen,,WVU Invitational
William & Mary,350,1000 Free,1,10:00.02,Lauren Tucker,,WM Quad Meet
William & Mary,350,1000 Free,2,10:06.57,Claire Stuhlmacher,,WM Quad Meet
William & Mary,350,1000 Free,3,10:15.64,Kiersten Dagg,,GW vs William and Mary
William & Mary,350,1000 Free,4,10:17.50,Kelsey Katt,,"UNCW vs. Queens (NC), William & Mary"
William & Mary,350,1000 Free,5,10:37.27,Sara Wells,,WM Quad Meet
William & Mary,350,1650 Free,1,17:06.92,Kelsey Katt,,WVU Invitational
William & Mary,350,1650 Free,2,17:09.78,Lauren Tucker,,WVU Invitational
William & Mary,350,1650 Free,3,17:19.66,Kiersten Dagg,,WVU Invitational
William & Mary,350,1650 Free,4,17:24.52,Claire Stuhlmacher,,WVU Invitational
William & Mary,350,1650 Free,5,17:50.88,Sara Wells,,WVU Invitational
William & Mary,350,200 Back,1,1:58.84,Julie Addison,,WVU Invitational
William & Mary,350,200 Back,2,2:00.01,Grace McCardle,,WM Quad Meet
William & Mary,350,200 Back,3,2:03.35,Abby Emrich,,WM Quad Meet
William & Mary,350,200 Back,4,2:03.94,Claire Neilly,,WVU Invitational
William & Mary,350,200 Back,5,2:04.69,Caroline Scharff,,WVU Invitational
William & Mary,350,200 Breast,1,2:13.10,Lindsay Juhlin,,WVU Invitational
William & Mary,350,200 Breast,2,2:14.77,Kaitlyn Conover-Emmert,,WVU Invitational
William & Mary,350,200 Breast,3,2:14.92,Sophia Heilen,,WVU Invitational
William & Mary,350,200 Breast,4,2:19.65,Claire Neilly,,Davidson v William and Mary
William & Mary,350,200 Breast,5,2:24.71,Charlie Scogna,,WM Quad Meet
William & Mary,350,200 Fly,1,2:01.21,Lauren Klinefelter,,WVU Invitational
William & Mary,350,200 Fly,2,2:01.22,Sophia Heilen,,"UNCW vs. Queens (NC), William & Mary"
William & Mary,350,200 Fly,3,2:02.73,Sammy Randell,,WM Quad Meet
William & Mary,350,200 Fly,4,2:03.67,Erin Langenburg,,WM Quad Meet
William & Mary,350,200 Fly,5,2:07.45,Charlie Scogna,,WVU Invitational
William & Mary,350,200 Fly,6,2:08.99,Taylor Stockard,,William & Mary vs. George Mason
William & Mary,350,200 Free,1,1:49.38,Tess Lankford,,WVU Invitational
William & Mary,350,200 Free,2,1:50.62,Haley Lehman,,WVU Invitational
William & Mary,350,200 Free,3,1:50.91,Healey Morgan,,GW vs William and Mary
William & Mary,350,200 Free,4,1:51.01,Ellie Hunt,,WVU Invitational
William & Mary,350,200 Free,5,1:51.51,Abby Emrich,,WVU Invitational
William & Mary,350,200 Free,6,1:51.89,Erin Langenburg,,WVU Invitational
William & Mary,350,200 Free,7,1:52.11,Meghan Benda,,WVU Invitational
William & Mary,350,200 Free,8,1:52.81,Kelsey Katt,,WVU Invitational
William & Mary,350,200 Free,9,1:53.64,Emmerson Dingwerth,,WVU Invitational
William & Mary,350,200 Free,10,1:53.68,Kiersten Dagg,,Davidson v William and Mary
William & Mary,350,200 Im,1,2:02.30,Kaitlyn Conover-Emmert,,WVU Invitational
William & Mary,350,200 Im,2,2:02.62,Tess Lankford,,Davidson v William and Mary
William & Mary,350,200 Im,3,2:03.17,Sophia Heilen,,WVU Invitational
William & Mary,350,200 Im,4,2:04.16,Sammy Randell,,WVU Invitational
William & Mary,350,200 Im,5,2:04.57,Claire Neilly,,WVU Invitational
William & Mary,350,200 Im,6,2:05.03,Julie Addison,,WVU Invitational
William & Mary,350,200 Im,7,2:06.45,Erin Langenburg,,WVU Invitational
William & Mary,350,200 Im,8,2:06.77,Charlie Scogna,,WVU Invitational
William & Mary,350,200 Im,9,2:07.06,Abby Emrich,,"UNCW vs. Queens (NC), William & Mary"
William & Mary,350,200 Im,10,2:08.78,Taylor Stockard,,WVU Invitational
William & Mary,350,400 Im,1,4:18.00,Claire Neilly,,WVU Invitational
William & Mary,350,400 Im,2,4:26.14,Kaitlyn Conover-Emmert,,WVU Invitational
William & Mary,350,400 Im,3,4:26.40,Abby Emrich,,WVU Invitational
William & Mary,350,400 Im,4,4:27.12,Lauren Tucker,,WVU Invitational
William & Mary,350,400 Im,5,4:30.38,Charlie Scogna,,WVU Invitational
William & Mary,350,400 Im,6,4:31.67,Claire Stuhlmacher,,WVU Invitational
William & Mary,350,400 Im,7,4:34.99,Taylor Stockard,,WVU Invitational
William & Mary,350,50 Free,1,22.69,Caroline Burgeson,,WVU Invitational
William & Mary,350,50 Free,2,23.26,Flynn Truskett,,WM Quad Meet
William & Mary,350,50 Free,3,23.44,Sarah Dunham,,WVU Invitational
William & Mary,350,50 Free,4,23.45,Zoe Arakelian,,WVU Invitational
William & Mary,350,50 Free,5,23.46,Lindsay Juhlin,,WVU Invitational
William & Mary,350,50 Free,6,23.69,Veronika Owen,,WVU Invitational
William & Mary,350,50 Free,7,23.74,Ellie Hunt,,"UNCW vs. Queens (NC), William & Mary"
William & Mary,350,50 Free,8,23.84,Riley Mills,,WM Quad Meet
William & Mary,350,50 Free,9,23.99,Grace McCardle,,WVU Invitational
William & Mary,350,50 Free,10,24.07,Meghan Rourke,,WVU Invitational
William & Mary,350,500 Free,1,4:53.82,Lauren Tucker,,WM Quad Meet
William & Mary,350,500 Free,2,4:55.25,Haley Lehman,,WVU Invitational
William & Mary,350,500 Free,3,4:57.44,Abby Emrich,,WVU Invitational
William & Mary,350,500 Free,4,4:58.17,Claire Stuhlmacher,,WM Quad Meet
William & Mary,350,500 Free,5,4:58.53,Kelsey Katt,,WVU Invitational
William & Mary,350,500 Free,6,4:58.65,Tess Lankford,,WVU Invitational
William & Mary,350,500 Free,7,5:01.41,Kiersten Dagg,,WM Quad Meet
William & Mary,350,500 Free,8,5:09.06,Sara Wells,,WVU Invitational
William & Mary,350,500 Free,9,5:09.58,Meghan Benda,,WVU Invitational
William & Mary,350,500 Free,10,5:10.10,Emmerson Dingwerth,,WVU Invitational
Wisconsin,98,100 Back,1,49.95,Maggie Wanezek,,Texas Hall of Fame Invitational
Wisconsin,98,100 Back,2,52.64,Lily Van Heel,,Texas Hall of Fame Invitational
Wisconsin,98,100 Back,3,53.54,Stella Chapman,,"Wisconsin vs. Illinois, Purdue"
Wisconsin,98,100 Back,4,54.99,Kit Schneider,,Texas Hall of Fame Invitational
Wisconsin,98,100 Back,5,56.80,Anna teDuits,,"Wisconsin vs. Illinois, Purdue"
Wisconsin,98,100 Back,6,57.08,Sophia Brueggeman,,Texas Hall of Fame Invitational
Wisconsin,98,100 Back,7,57.37,Molly Simmons,,"Wisconsin vs. Illinois, Purdue"
Wisconsin,98,100 Breast,1,59.73,Brooke Corrigan,,"Wisconsin vs. Illinois, Purdue"
Wisconsin,98,100 Breast,2,1:00.23,Bridget McGann,,Texas Hall of Fame Invitational
Wisconsin,98,100 Breast,3,1:00.48,Hazal Ozkan,,Minnesota vs Wisconsin
Wisconsin,98,100 Breast,4,1:00.75,Catherine Hughes,,Texas Hall of Fame Invitational
Wisconsin,98,100 Breast,5,1:01.44,Justine Delmas,,Texas Hall of Fame Invitational
Wisconsin,98,100 Breast,6,1:02.79,Arianna Zelen,,Texas Hall of Fame Invitational
Wisconsin,98,100 Breast,7,1:08.33,Abby Reid,,"Wisconsin vs. Illinois, Purdue"
Wisconsin,98,100 Fly,1,53.14,Lucie Delmas,,Texas Hall of Fame Invitational
Wisconsin,98,100 Fly,2,53.23,Hailey Tierney,,Texas Hall of Fame Invitational
Wisconsin,98,100 Fly,3,54.37,Stella Chapman,,"Wisconsin vs. Illinois, Purdue"
Wisconsin,98,100 Fly,4,54.61,Bridget McGann,,"Wisconsin vs. Illinois, Purdue"
Wisconsin,98,100 Fly,5,54.93,Sophia Brueggeman,,Minnesota vs Wisconsin
Wisconsin,98,100 Fly,6,55.20,Abby Wanezek,,"Wisconsin vs. Illinois, Purdue"
Wisconsin,98,100 Fly,7,58.46,Avery Hawker,,UW-Madison vs. UW Green Bay
Wisconsin,98,100 Fly,8,59.19,Maddie Waggoner,,Texas Hall of Fame Invitational
Wisconsin,98,100 Fly,9,1:00.12,Justine Delmas,,Minnesota vs Wisconsin
Wisconsin,98,100 Fly,10,1:00.75,Sarah Larsen,,Texas Hall of Fame Invitational
Wisconsin,98,100 Free,1,47.69,Abby Wanezek,,Texas Hall of Fame Invitational
Wisconsin,98,100 Free,2,49.29,Hailey Tierney,,Texas Hall of Fame Invitational
Wisconsin,98,100 Free,3,49.57,Blair Stoneburg,,Texas Hall of Fame Invitational
Wisconsin,98,100 Free,4,49.81,Arianna Zelen,,Texas Hall of Fame Invitational
Wisconsin,98,100 Free,5,50.20,Lily Van Heel,,Minnesota vs Wisconsin
Wisconsin,98,100 Free,6,50.27,Andrea Dworak,,"Wisconsin vs. Illinois, Purdue"
Wisconsin,98,100 Free,7,50.45,Kit Schneider,,Texas Hall of Fame Invitational
Wisconsin,98,100 Free,8,51.25,Hazal Ozkan,,"Wisconsin vs. Illinois, Purdue"
Wisconsin,98,100 Free,9,51.99,Sophia Brueggeman,,"Wisconsin vs. Illinois, Purdue"
Wisconsin,98,100 Free,10,52.29,Abby Reid,,Northwestern vs Wisconsin
Wisconsin,98,1000 Free,1,9:38.19,Maddie Waggoner,,Minnesota vs Wisconsin
Wisconsin,98,1000 Free,2,9:41.96,Blair Stoneburg,,"UC San Diego vs. Tulane, UCLA, Wisconsin"
Wisconsin,98,1000 Free,3,10:01.65,Izzy Enz,,Texas Hall of Fame Invitational
Wisconsin,98,1000 Free,4,10:08.17,Sarah Larsen,,"UC San Diego vs. Tulane, UCLA, Wisconsin"
Wisconsin,98,1000 Free,5,10:12.02,Andrea Dworak,,"Wisconsin vs. Illinois, Purdue"
Wisconsin,98,1650 Free,1,16:05.82,Maddie Waggoner,,Northwestern vs Wisconsin
Wisconsin,98,1650 Free,2,16:10.75,Blair Stoneburg,,Northwestern vs Wisconsin
Wisconsin,98,1650 Free,3,16:40.99,Izzy Enz,,Texas Hall of Fame Invitational
Wisconsin,98,1650 Free,4,16:51.46,Sarah Larsen,,Northwestern vs Wisconsin
Wisconsin,98,200 Back,1,1:48.39,Maggie Wanezek,,Texas Hall of Fame Invitational
Wisconsin,98,200 Back,2,1:56.33,Lily Van Heel,,Minnesota vs Wisconsin
Wisconsin,98,200 Back,3,1:57.41,Stella Chapman,,"Wisconsin vs. Illinois, Purdue"
Wisconsin,98,200 Back,4,1:57.75,Andrea Dworak,,Texas Hall of Fame Invitational
Wisconsin,98,200 Back,5,2:00.15,Maddie Waggoner,,"Wisconsin vs. Illinois, Purdue"
Wisconsin,98,200 Back,6,2:02.03,Molly Simmons,,Texas Hall of Fame Invitational
Wisconsin,98,200 Back,7,2:02.60,Anna teDuits,,UW-Madison vs. UW Green Bay
Wisconsin,98,200 Breast,1,2:08.63,Hazal Ozkan,,Texas Hall of Fame Invitational
Wisconsin,98,200 Breast,2,2:09.00,Bridget McGann,,Texas Hall of Fame Invitational
Wisconsin,98,200 Breast,3,2:09.29,Brooke Corrigan,,Texas Hall of Fame Invitational
Wisconsin,98,200 Breast,4,2:12.02,Catherine Hughes,,Texas Hall of Fame Invitational
Wisconsin,98,200 Breast,5,2:12.18,Stella Chapman,,Texas Hall of Fame Invitational
Wisconsin,98,200 Breast,6,2:12.77,Justine Delmas,,Texas Hall of Fame Invitational
Wisconsin,98,200 Breast,7,2:15.15,Lucie Delmas,,Texas Hall of Fame Invitational
Wisconsin,98,200 Fly,1,1:57.24,Lucie Delmas,,Texas Hall of Fame Invitational
Wisconsin,98,200 Fly,2,1:57.98,Stella Chapman,,Minnesota vs Wisconsin
Wisconsin,98,200 Fly,3,2:01.36,Izzy Enz,,Texas Hall of Fame Invitational
Wisconsin,98,200 Fly,4,2:04.88,Sophia Brueggeman,,Texas Hall of Fame Invitational
Wisconsin,98,200 Fly,5,2:07.25,Sarah Larsen,,Texas Hall of Fame Invitational
Wisconsin,98,200 Fly,6,2:08.12,Avery Hawker,,UW-Madison vs. UW Green Bay
Wisconsin,98,200 Free,1,1:43.74,Abby Wanezek,,Texas Hall of Fame Invitational
Wisconsin,98,200 Free,2,1:44.23,Maggie Wanezek,,Texas Hall of Fame Invitational
Wisconsin,98,200 Free,3,1:46.42,Blair Stoneburg,,Texas Hall of Fame Invitational
Wisconsin,98,200 Free,4,1:47.28,Andrea Dworak,,Texas Hall of Fame Invitational
Wisconsin,98,200 Free,5,1:47.86,Izzy Enz,,Northwestern vs Wisconsin
Wisconsin,98,200 Free,6,1:48.63,Kit Schneider,,Northwestern vs Wisconsin
Wisconsin,98,200 Free,7,1:49.29,Hailey Tierney,,"Wisconsin vs. Illinois, Purdue"
Wisconsin,98,200 Free,8,1:49.90,Bridget McGann,,"Wisconsin vs. Illinois, Purdue"
Wisconsin,98,200 Free,9,1:51.79,Sophia Brueggeman,,"Wisconsin vs. Illinois, Purdue"
Wisconsin,98,200 Free,10,1:52.21,Justine Delmas,,"Wisconsin vs. Illinois, Purdue"
Wisconsin,98,200 Im,1,1:56.74,Maggie Wanezek,,"UC San Diego vs. Tulane, UCLA, Wisconsin"
Wisconsin,98,200 Im,2,1:57.41,Stella Chapman,,Texas Hall of Fame Invitational
Wisconsin,98,200 Im,3,1:57.41,Hazal Ozkan,,Texas Hall of Fame Invitational
Wisconsin,98,200 Im,4,1:59.21,Bridget McGann,,Texas Hall of Fame Invitational
Wisconsin,98,200 Im,5,2:00.93,Lily Van Heel,,Texas Hall of Fame Invitational
Wisconsin,98,200 Im,6,2:00.98,Maddie Waggoner,,Texas Hall of Fame Invitational
Wisconsin,98,200 Im,7,2:01.25,Brooke Corrigan,,Texas Hall of Fame Invitational
Wisconsin,98,200 Im,8,2:03.58,Justine Delmas,,Texas Hall of Fame Invitational
Wisconsin,98,200 Im,9,2:03.80,Lucie Delmas,,"Wisconsin vs. Illinois, Purdue"
Wisconsin,98,200 Im,10,2:07.32,Catherine Hughes,,Texas Hall of Fame Invitational
Wisconsin,98,400 Im,1,4:10.41,Stella Chapman,,Texas Hall of Fame Invitational
Wisconsin,98,400 Im,2,4:11.84,Maddie Waggoner,,Texas Hall of Fame Invitational
Wisconsin,98,400 Im,3,4:21.84,Justine Delmas,,Northwestern vs Wisconsin
Wisconsin,98,400 Im,4,4:24.45,Sarah Larsen,,Texas Hall of Fame Invitational
Wisconsin,98,50 Free,1,22.09,Hailey Tierney,,Texas Hall of Fame Invitational
Wisconsin,98,50 Free,2,22.14,Abby Wanezek,,Texas Hall of Fame Invitational
Wisconsin,98,50 Free,3,22.91,Arianna Zelen,,Texas Hall of Fame Invitational
Wisconsin,98,50 Free,4,23.33,Brooke Corrigan,,"Wisconsin vs. Illinois, Purdue"
Wisconsin,98,50 Free,5,23.60,Stella Chapman,,"Wisconsin vs. Illinois, Purdue"
Wisconsin,98,50 Free,6,23.72,Blair Stoneburg,,Texas Hall of Fame Invitational
Wisconsin,98,50 Free,7,23.77,Andrea Dworak,,"Wisconsin vs. Illinois, Purdue"
Wisconsin,98,50 Free,8,23.78,Kit Schneider,,Texas Hall of Fame Invitational
Wisconsin,98,50 Free,9,23.90,Abby Reid,,Texas Hall of Fame Invitational
Wisconsin,98,50 Free,10,24.03,Lily Van Heel,,Minnesota vs Wisconsin
Wisconsin,98,500 Free,1,4:42.78,Blair Stoneburg,,Minnesota vs Wisconsin
Wisconsin,98,500 Free,2,4:44.20,Maddie Waggoner,,Minnesota vs Wisconsin
Wisconsin,98,500 Free,3,4:48.94,Izzy Enz,,Northwestern vs Wisconsin
Wisconsin,98,500 Free,4,4:50.61,Andrea Dworak,,Texas Hall of Fame Invitational
Wisconsin,98,500 Free,5,4:55.61,Sarah Larsen,,Texas Hall of Fame Invitational
Wisconsin,98,500 Free,6,5:00.15,Kit Schneider,,Texas Hall of Fame Invitational
Wyoming,374,100 Back,1,54.88,Raiden Harris,,Mizzou Invitational
Wyoming,374,100 Back,2,54.98,Tessa Bendokas,,Mizzou Invitational
Wyoming,374,100 Back,3,57.23,Veronika Ozimek,,UNLV Invite
Wyoming,374,100 Back,4,57.29,Taylor Cureton,,Mizzou Invitational
Wyoming,374,100 Back,5,58.75,Berkeley Christensen,,UNLV Invite
Wyoming,374,100 Back,6,58.90,Ellie Fritscher,,Front Range Invite
Wyoming,374,100 Back,7,59.67,Katherine Beauchene,,UNLV Invite
Wyoming,374,100 Back,8,1:00.39,Makenna Reiner,,Wyoming vs. Colorado State
Wyoming,374,100 Back,9,1:00.48,Sophie Nutter,,University of Wyoming Intrasquad
Wyoming,374,100 Breast,1,1:01.28,Taylor Craft,,Mizzou Invitational
Wyoming,374,100 Breast,2,1:03.63,Sienna Hawbaker,,Mizzou Invitational
Wyoming,374,100 Breast,3,1:04.60,Ava Salverson,,UNLV Invite
Wyoming,374,100 Breast,4,1:04.77,Abby Bruss,,UNLV Invite
Wyoming,374,100 Breast,5,1:05.37,Savannah McVey,,UNLV Invite
Wyoming,374,100 Breast,6,1:06.95,Makenna Reiner,,Denver vs. Wyoming vs. Colorado Mesa
Wyoming,374,100 Breast,7,1:10.37,Hadley Hayes,,University of Wyoming Intrasquad
Wyoming,374,100 Breast,8,1:11.44,Emma Aumaugher,,Wyoming vs. Utah
Wyoming,374,100 Fly,1,54.65,Sophie Nutter,,Mizzou Invitational
Wyoming,374,100 Fly,2,54.80,Tessa Bendokas,,Mizzou Invitational
Wyoming,374,100 Fly,3,55.58,Isla Hardie,,UNLV Invite
Wyoming,374,100 Fly,4,55.73,Taylor Cureton,,Mizzou Invitational
Wyoming,374,100 Fly,5,55.83,Ellie Fritscher,,Mizzou Invitational
Wyoming,374,100 Fly,6,56.45,Anna Roesler,,UNLV Invite
Wyoming,374,100 Fly,7,57.16,Berkeley Christensen,,Mizzou Invitational
Wyoming,374,100 Fly,8,58.09,Abby Bruss,,Wyoming vs. Utah
Wyoming,374,100 Fly,9,59.69,Katie Ford,,UNLV Invite
Wyoming,374,100 Fly,10,1:00.39,Avery True,,"Air Force vs. Denver, LSU, Wyoming"
Wyoming,374,100 Free,1,48.56,Tara Joyce,,UNLV Invite
Wyoming,374,100 Free,2,49.46,Raiden Harris,,Mizzou Invitational
Wyoming,374,100 Free,3,50.43,Veronika Ozimek,,Mizzou Invitational
Wyoming,374,100 Free,4,50.47,Avery True,,Mizzou Invitational
Wyoming,374,100 Free,5,50.68,Sophie Nutter,,Mizzou Invitational
Wyoming,374,100 Free,6,51.27,Ella Lesnever,,Denver vs. Wyoming vs. Colorado Mesa
Wyoming,374,100 Free,7,51.31,Rose Jones,,UNLV Invite
Wyoming,374,100 Free,8,51.83,Taylor Cureton,,Mizzou Invitational
Wyoming,374,100 Free,9,52.10,Berkeley Christensen,,UNLV Invite
Wyoming,374,100 Free,10,52.23,Taylor Craft,,UNLV Invite
Wyoming,374,1000 Free,1,9:53.68,Macey Hansen,,Mizzou Invitational
Wyoming,374,1000 Free,2,10:14.73,Isabelle Henderson,,Denver vs. Wyoming vs. Colorado Mesa
Wyoming,374,1000 Free,3,10:36.96,Avery True,,"Air Force vs. Denver, LSU, Wyoming"
Wyoming,374,1000 Free,4,10:46.25,Katherine Beauchene,,Wyoming vs. Utah
Wyoming,374,1000 Free,5,10:55.29,Berkeley Christensen,,University of Wyoming Intrasquad
Wyoming,374,1000 Free,6,11:02.83,Rose Jones,,"Air Force vs. Denver, LSU, Wyoming"
Wyoming,374,1650 Free,1,16:19.11,Macey Hansen,,Mizzou Invitational
Wyoming,374,1650 Free,2,17:16.92,Isabelle Henderson,,Front Range Invite
Wyoming,374,1650 Free,3,17:56.94,Katherine Beauchene,,Front Range Invite
Wyoming,374,200 Back,1,1:58.53,Raiden Harris,,UNLV Invite
Wyoming,374,200 Back,2,1:58.56,Tessa Bendokas,,Mizzou Invitational
Wyoming,374,200 Back,3,2:05.87,Ellie Fritscher,,Denver vs. Wyoming vs. Colorado Mesa
Wyoming,374,200 Back,4,2:08.74,Katherine Beauchene,,UNLV Invite
Wyoming,374,200 Back,5,2:09.36,Makenna Reiner,,"UNC, School of Mines vs Wyomin"
Wyoming,374,200 Back,6,2:12.48,Isabelle Henderson,,"UNC, School of Mines vs Wyomin"
Wyoming,374,200 Back,7,2:12.51,Berkeley Christensen,,"Air Force vs. Denver, LSU, Wyoming"
Wyoming,374,200 Back,8,2:16.48,Emma Aumaugher,,Wyoming vs. Colorado State
Wyoming,374,200 Breast,1,2:15.79,Taylor Craft,,Mizzou Invitational
Wyoming,374,200 Breast,2,2:18.49,Sienna Hawbaker,,Mizzou Invitational
Wyoming,374,200 Breast,3,2:23.19,Makenna Reiner,,UNLV Invite
Wyoming,374,200 Breast,4,2:24.23,Savannah McVey,,Denver vs. Wyoming vs. Colorado Mesa
Wyoming,374,200 Breast,5,2:27.18,Abby Bruss,,Denver vs. Wyoming vs. Colorado Mesa
Wyoming,374,200 Breast,6,2:29.96,Emma Aumaugher,,"Air Force vs. Denver, LSU, Wyoming"
Wyoming,374,200 Breast,7,2:31.30,Rose Jones,,Front Range Invite
Wyoming,374,200 Breast,8,2:36.18,Hadley Hayes,,University of Wyoming Intrasquad
Wyoming,374,200 Fly,1,2:00.49,Sophie Nutter,,Mizzou Invitational
Wyoming,374,200 Fly,2,2:02.19,Ellie Fritscher,,Mizzou Invitational
Wyoming,374,200 Fly,3,2:02.88,Abby Bruss,,Denver vs. Wyoming vs. Colorado Mesa
Wyoming,374,200 Fly,4,2:04.45,Katie Ford,,Denver vs. Wyoming vs. Colorado Mesa
Wyoming,374,200 Fly,5,2:05.64,Isla Hardie,,Denver vs. Wyoming vs. Colorado Mesa
Wyoming,374,200 Fly,6,2:08.63,Berkeley Christensen,,Mizzou Invitational
Wyoming,374,200 Fly,7,2:09.08,Anna Roesler,,UNLV Invite
Wyoming,374,200 Fly,8,2:10.24,Avery True,,"UNC, School of Mines vs Wyomin"
Wyoming,374,200 Fly,9,2:14.21,Emma Aumaugher,,Front Range Invite
Wyoming,374,200 Free,1,1:44.97,Tara Joyce,,Mizzou Invitational
Wyoming,374,200 Free,2,1:48.57,Avery True,,Mizzou Invitational
Wyoming,374,200 Free,3,1:48.71,Raiden Harris,,UNLV Invite
Wyoming,374,200 Free,4,1:48.76,Macey Hansen,,Mizzou Invitational
Wyoming,374,200 Free,5,1:50.19,Rose Jones,,Mizzou Invitational
Wyoming,374,200 Free,6,1:50.94,Berkeley Christensen,,Mizzou Invitational
Wyoming,374,200 Free,7,1:51.05,Ella Lesnever,,Denver vs. Wyoming vs. Colorado Mesa
Wyoming,374,200 Free,8,1:51.06,Ellie Fritscher,,Mizzou Invitational
Wyoming,374,200 Free,9,1:52.14,Veronika Ozimek,,Mizzou Invitational
Wyoming,374,200 Free,10,1:52.64,Sophie Nutter,,UNLV Invite
Wyoming,374,200 Im,1,2:03.69,Sienna Hawbaker,,Mizzou Invitational
Wyoming,374,200 Im,2,2:04.91,Taylor Craft,,Mizzou Invitational
Wyoming,374,200 Im,3,2:05.53,Tessa Bendokas,,UNLV Invite
Wyoming,374,200 Im,4,2:05.78,Taylor Cureton,,UNLV Invite
Wyoming,374,200 Im,5,2:05.96,Tara Joyce,,"UNC, School of Mines vs Wyomin"
Wyoming,374,200 Im,6,2:09.26,Abby Bruss,,UNLV Invite
Wyoming,374,200 Im,7,2:09.27,Makenna Reiner,,UNLV Invite
Wyoming,374,200 Im,8,2:09.75,Emma Aumaugher,,UNLV Invite
Wyoming,374,200 Im,9,2:10.02,Katherine Beauchene,,UNLV Invite
Wyoming,374,200 Im,10,2:12.26,Katie Ford,,"UNC, School of Mines vs Wyomin"
Wyoming,374,400 Im,1,4:25.46,Isabelle Henderson,,Mizzou Invitational
Wyoming,374,400 Im,2,4:29.23,Katie Ford,,Denver vs. Wyoming vs. Colorado Mesa
Wyoming,374,400 Im,3,4:30.18,Katherine Beauchene,,UNLV Invite
Wyoming,374,400 Im,4,4:30.32,Sienna Hawbaker,,Denver vs. Wyoming vs. Colorado Mesa
Wyoming,374,400 Im,5,4:32.02,Makenna Reiner,,Denver vs. Wyoming vs. Colorado Mesa
Wyoming,374,400 Im,6,4:35.95,Emma Aumaugher,,Denver vs. Wyoming vs. Colorado Mesa
Wyoming,374,50 Free,1,22.35,Tara Joyce,,UNLV Invite
Wyoming,374,50 Free,2,22.77,Raiden Harris,,Mizzou Invitational
Wyoming,374,50 Free,3,23.21,Sophie Nutter,,Mizzou Invitational
Wyoming,374,50 Free,4,23.39,Veronika Ozimek,,Mizzou Invitational
Wyoming,374,50 Free,5,23.58,Taylor Cureton,,Mizzou Invitational
Wyoming,374,50 Free,6,23.60,Ella Lesnever,,UNLV Invite
Wyoming,374,50 Free,7,23.75,Avery True,,Mizzou Invitational
Wyoming,374,50 Free,8,24.15,Ava Salverson,,UNLV Invite
Wyoming,374,50 Free,9,24.21,Rose Jones,,Mizzou Invitational
Wyoming,374,50 Free,10,24.89,Tessa Bendokas,,Front Range Invite
Wyoming,374,500 Free,1,4:44.04,Macey Hansen,,Mizzou Invitational
Wyoming,374,500 Free,2,4:57.16,Avery True,,Mizzou Invitational
Wyoming,374,500 Free,3,4:58.19,Isabelle Henderson,,Mizzou Invitational
Wyoming,374,500 Free,4,4:59.93,Ellie Fritscher,,Mizzou Invitational
Wyoming,374,500 Free,5,5:00.65,Berkeley Christensen,,UNLV Invite
Wyoming,374,500 Free,6,5:02.82,Rose Jones,,UNLV Invite
Wyoming,374,500 Free,7,5:04.11,Katie Ford,,UNLV Invite
Wyoming,374,500 Free,8,5:15.09,Katherine Beauchene,,"UNC, School of Mines vs Wyomin"
Wyoming,374,500 Free,9,5:15.55,Ella Lesnever,,"UNC, School of Mines vs Wyomin"
Wyoming,374,500 Free,10,5:32.87,Anna Roesler,,University of Wyoming Intrasquad
Xavier,375,100 Back,1,56.28,Abby Bocian,,Magnus Cup Invitational
Xavier,375,100 Back,2,56.56,Emma Tenhundfeld,,Akron Zips Classic
Xavier,375,100 Back,3,57.64,Maggie O'Toole,,Akron Zips Classic
Xavier,375,100 Back,4,58.12,Julia Sweetman,,Magnus Cup Invitational
Xavier,375,100 Back,5,1:00.52,Bella Brodoski,,Akron Zips Classic
Xavier,375,100 Back,6,1:01.51,Ava Tenhundfeld,,IU Indy Invite
Xavier,375,100 Back,7,1:02.94,Ally Zaleski,,Denison vs. Xavier
Xavier,375,100 Back,8,1:06.16,Sydney Smith,,IU Indy Invite
Xavier,375,100 Breast,1,1:01.51,Jordyn Libler,,Akron Zips Classic
Xavier,375,100 Breast,2,1:03.73,Karlie Dodd,,Magnus Cup Invitational
Xavier,375,100 Breast,3,1:03.87,Parker Mandacina,,Magnus Cup Invitational
Xavier,375,100 Breast,4,1:06.46,Maddy Lathrop,,Magnus Cup Invitational
Xavier,375,100 Breast,5,1:06.93,Olivia Oyster,,Akron Zips Classic
Xavier,375,100 Breast,6,1:07.07,Ally Zaleski,,Akron Zips Classic
Xavier,375,100 Breast,7,1:07.24,Emma Amon,,Magnus Cup Invitational
Xavier,375,100 Breast,8,1:10.96,Bella Brodoski,,Magnus Cup Invitational
Xavier,375,100 Fly,1,53.99,Norah Simich,,Magnus Cup Invitational
Xavier,375,100 Fly,2,57.38,Ryon Argo,,Magnus Cup Invitational
Xavier,375,100 Fly,3,57.51,Julia Sweetman,,Magnus Cup Invitational
Xavier,375,100 Fly,4,58.10,Emma Amon,,Magnus Cup Invitational
Xavier,375,100 Fly,5,58.34,Ella Maxfield,,Magnus Cup Invitational
Xavier,375,100 Fly,6,59.30,Maggie O'Toole,,Magnus Cup Invitational
Xavier,375,100 Fly,7,59.77,Ava Tenhundfeld,,IU Indy Invite
Xavier,375,100 Fly,8,1:00.31,Parker Mandacina,,Akron Zips Classic
Xavier,375,100 Fly,9,1:00.45,Emma Tenhundfeld,,Magnus Cup Invitational
Xavier,375,100 Fly,10,1:01.31,Teegan Madara,,Akron Zips Classic
Xavier,375,100 Free,1,49.23,Olivia Oyster,,Magnus Cup Invitational
Xavier,375,100 Free,2,52.48,Norah Simich,,Akron Zips Classic
Xavier,375,100 Free,3,52.74,Abbey Fish,,Akron Zips Classic
Xavier,375,100 Free,4,52.82,Julia Sweetman,,Akron Zips Classic
Xavier,375,100 Free,5,52.85,Abby Bocian,,Magnus Cup Invitational
Xavier,375,100 Free,6,52.89,Sydney Smith,,Magnus Cup Invitational
Xavier,375,100 Free,7,53.02,Maddy Lathrop,,Magnus Cup Invitational
Xavier,375,100 Free,8,53.25,Ryon Argo,,Akron Zips Classic
Xavier,375,100 Free,9,53.58,Ella Maxfield,,Magnus Cup Invitational
Xavier,375,100 Free,10,54.50,Parker Mandacina,,Louisville vs Xavier
Xavier,375,1000 Free,1,10:26.20,Abby Bocian,,Magnus Cup Invitational
Xavier,375,1000 Free,2,10:27.33,Ella Maxfield,,Magnus Cup Invitational
Xavier,375,1000 Free,3,10:27.63,Teegan Madara,,Cincinnati vs. Xavier
Xavier,375,1000 Free,4,10:35.92,Sydney Smith,,Magnus Cup Invitational
Xavier,375,1650 Free,1,17:14.27,Abby Bocian,,Magnus Cup Invitational
Xavier,375,1650 Free,2,17:16.00,Teegan Madara,,Akron Zips Classic
Xavier,375,1650 Free,3,17:19.44,Ella Maxfield,,Magnus Cup Invitational
Xavier,375,1650 Free,4,17:32.57,Sydney Smith,,Magnus Cup Invitational
Xavier,375,200 Back,1,2:01.62,Emma Tenhundfeld,,Magnus Cup Invitational
Xavier,375,200 Back,2,2:04.22,Maggie O'Toole,,Magnus Cup Invitational
Xavier,375,200 Back,3,2:04.69,Abby Bocian,,Magnus Cup Invitational
Xavier,375,200 Back,4,2:06.01,Julia Sweetman,,Magnus Cup Invitational
Xavier,375,200 Back,5,2:09.20,Bella Brodoski,,Akron Zips Classic
Xavier,375,200 Back,6,2:16.28,Sydney Smith,,NKU vs. Xavier
Xavier,375,200 Breast,1,2:16.15,Jordyn Libler,,Akron Zips Classic
Xavier,375,200 Breast,2,2:20.99,Karlie Dodd,,Magnus Cup Invitational
Xavier,375,200 Breast,3,2:21.92,Parker Mandacina,,Akron Zips Classic
Xavier,375,200 Breast,4,2:25.85,Maddy Lathrop,,Magnus Cup Invitational
Xavier,375,200 Breast,5,2:26.79,Teegan Madara,,Magnus Cup Invitational
Xavier,375,200 Breast,6,2:27.12,Emma Amon,,Magnus Cup Invitational
Xavier,375,200 Breast,7,2:27.56,Ally Zaleski,,Akron Zips Classic
Xavier,375,200 Breast,8,2:33.16,Bella Brodoski,,Magnus Cup Invitational
Xavier,375,200 Fly,1,2:00.11,Norah Simich,,Akron Zips Classic
Xavier,375,200 Fly,2,2:05.81,Ella Maxfield,,Magnus Cup Invitational
Xavier,375,200 Fly,3,2:07.90,Ava Tenhundfeld,,Magnus Cup Invitational
Xavier,375,200 Fly,4,2:08.63,Ryon Argo,,Magnus Cup Invitational
Xavier,375,200 Free,1,1:49.70,Olivia Oyster,,Magnus Cup Invitational
Xavier,375,200 Free,2,1:51.40,Abby Bocian,,Magnus Cup Invitational
Xavier,375,200 Free,3,1:52.21,Ella Maxfield,,Magnus Cup Invitational
Xavier,375,200 Free,4,1:53.33,Norah Simich,,Magnus Cup Invitational
Xavier,375,200 Free,5,1:53.60,Sydney Smith,,Magnus Cup Invitational
Xavier,375,200 Free,6,1:54.55,Parker Mandacina,,Magnus Cup Invitational
Xavier,375,200 Free,7,1:56.45,Maggie O'Toole,,Akron Zips Classic
Xavier,375,200 Free,8,1:56.75,Teegan Madara,,Akron Zips Classic
Xavier,375,200 Free,9,1:57.28,Abbey Fish,,Akron Zips Classic
Xavier,375,200 Free,10,1:58.38,Julia Sweetman,,IU Indy Invite
Xavier,375,200 Im,1,2:06.49,Emma Tenhundfeld,,Magnus Cup Invitational
Xavier,375,200 Im,2,2:06.66,Parker Mandacina,,Magnus Cup Invitational
Xavier,375,200 Im,3,2:06.77,Jordyn Libler,,Magnus Cup Invitational
Xavier,375,200 Im,4,2:06.99,Julia Sweetman,,Magnus Cup Invitational
Xavier,375,200 Im,5,2:07.03,Ryon Argo,,Magnus Cup Invitational
Xavier,375,200 Im,6,2:08.13,Ava Tenhundfeld,,Magnus Cup Invitational
Xavier,375,200 Im,7,2:09.45,Ally Zaleski,,Magnus Cup Invitational
Xavier,375,200 Im,8,2:09.72,Karlie Dodd,,Magnus Cup Invitational
Xavier,375,200 Im,9,2:11.61,Emma Amon,,Magnus Cup Invitational
Xavier,375,200 Im,10,2:12.50,Maddy Lathrop,,Cincinnati vs. Xavier
Xavier,375,400 Im,1,4:30.49,Ava Tenhundfeld,,Akron Zips Classic
Xavier,375,400 Im,2,4:30.54,Parker Mandacina,,Magnus Cup Invitational
Xavier,375,400 Im,3,4:31.23,Emma Tenhundfeld,,Magnus Cup Invitational
Xavier,375,400 Im,4,4:31.33,Teegan Madara,,Akron Zips Classic
Xavier,375,400 Im,5,4:32.02,Ryon Argo,,Magnus Cup Invitational
Xavier,375,400 Im,6,4:33.64,Ally Zaleski,,Magnus Cup Invitational
Xavier,375,50 Free,1,22.39,Olivia Oyster,,Akron Zips Classic
Xavier,375,50 Free,2,23.97,Jordyn Libler,,Magnus Cup Invitational
Xavier,375,50 Free,3,23.98,Norah Simich,,Magnus Cup Invitational
Xavier,375,50 Free,4,24.29,Abbey Fish,,Akron Zips Classic
Xavier,375,50 Free,5,24.38,Maddy Lathrop,,Magnus Cup Invitational
Xavier,375,50 Free,6,24.60,Sydney Smith,,Magnus Cup Invitational
Xavier,375,50 Free,7,24.66,Julia Sweetman,,Akron Zips Classic
Xavier,375,50 Free,8,24.67,Ryon Argo,,Magnus Cup Invitational
Xavier,375,50 Free,9,25.07,Emma Tenhundfeld,,Akron Zips Classic
Xavier,375,50 Free,10,25.17,Parker Mandacina,,Akron Zips Classic
Xavier,375,500 Free,1,4:58.20,Abby Bocian,,Magnus Cup Invitational
Xavier,375,500 Free,2,4:58.49,Ella Maxfield,,Magnus Cup Invitational
Xavier,375,500 Free,3,5:04.19,Teegan Madara,,Akron Zips Classic
Xavier,375,500 Free,4,5:06.79,Sydney Smith,,Magnus Cup Invitational
Xavier,375,500 Free,5,5:12.04,Maggie O'Toole,,Akron Zips Classic
Yale,376,100 Back,1,53.67,Devyn Sargent,,Ohio State invitational
Yale,376,100 Back,2,54.92,Sara Plunkett,,Ohio State invitational
Yale,376,100 Back,3,55.22,Mabel Koff,,Ohio State invitational
Yale,376,100 Back,4,55.33,Éle Donegan,,Ohio State invitational
Yale,376,100 Back,5,56.24,Mia Slowik,,Ohio State invitational
Yale,376,100 Back,6,56.69,Ellie Horning,,Brown vs. Yale
Yale,376,100 Back,7,58.20,Michelle Chen,,UPENN vs Dartmouth vs Yale
Yale,376,100 Breast,1,1:00.14,Jessey Li,,Penn State vs. Yale
Yale,376,100 Breast,2,1:01.84,Devyn Sargent,,Ohio State invitational
Yale,376,100 Breast,3,1:03.30,Delilah Skaistis,,Brown vs. Yale
Yale,376,100 Breast,4,1:06.02,Riley Botting,,Yale vs. Cornell
Yale,376,100 Breast,5,1:07.04,Lucy Walker,,Yale vs. Columbia
Yale,376,100 Fly,1,54.55,Éle Donegan,,Ohio State invitational
Yale,376,100 Fly,2,55.00,Penny Zarczynski,,Ohio State invitational
Yale,376,100 Fly,3,56.04,Sara Plunkett,,Ohio State invitational
Yale,376,100 Fly,4,56.12,Lisa-Marie Finger,,Ohio State invitational
Yale,376,100 Fly,5,56.29,Ellie Horning,,Penn State vs. Yale
Yale,376,100 Fly,6,58.17,Devyn Sargent,,Penn State vs. Yale
Yale,376,100 Fly,7,58.23,Violet Dorsey-Reyes,,Ohio State invitational
Yale,376,100 Fly,8,58.38,Lucy Walker,,Ohio State invitational
Yale,376,100 Fly,9,58.80,Caroline Riggs,,Ohio State invitational
Yale,376,100 Fly,10,59.51,Eunice Lee,,Ohio State invitational
Yale,376,100 Free,1,50.28,Julia Ebli,,Ohio State invitational
Yale,376,100 Free,2,50.38,Lisa-Marie Finger,,Ohio State invitational
Yale,376,100 Free,3,50.62,Caroline McCurdy,,Ohio State invitational
Yale,376,100 Free,4,50.65,Sara Plunkett,,Brown vs. Yale
Yale,376,100 Free,5,50.84,Lucy Walker,,UPENN vs Dartmouth vs Yale
Yale,376,100 Free,6,51.28,Jessey Li,,Ohio State invitational
Yale,376,100 Free,7,51.38,Éle Donegan,,Ohio State invitational
Yale,376,100 Free,8,51.64,Penny Zarczynski,,Ohio State invitational
Yale,376,100 Free,9,52.19,Mia Slowik,,Ohio State invitational
Yale,376,100 Free,10,52.71,Lauren Putnam,,Brown vs. Yale
Yale,376,1000 Free,1,9:48.12,Caroline Riggs,,Brown vs. Yale
Yale,376,1000 Free,2,9:58.44,Morgan Cady,,UPENN vs Dartmouth vs Yale
Yale,376,1000 Free,3,10:18.98,Riley Botting,,UPENN vs Dartmouth vs Yale
Yale,376,1000 Free,4,10:25.28,Lauren Putnam,,Brown vs. Yale
Yale,376,1650 Free,1,16:36.38,Morgan Cady,,Ohio State invitational
Yale,376,1650 Free,2,16:37.49,Caroline Riggs,,Ohio State invitational
Yale,376,1650 Free,3,17:08.13,Riley Botting,,Ohio State invitational
Yale,376,1650 Free,4,17:23.99,Lauren Putnam,,Ohio State invitational
Yale,376,200 Back,1,1:56.87,Devyn Sargent,,Ohio State invitational
Yale,376,200 Back,2,1:57.73,Mabel Koff,,Ohio State invitational
Yale,376,200 Back,3,2:00.74,Mia Slowik,,Ohio State invitational
Yale,376,200 Back,4,2:03.34,Ellie Horning,,Ohio State invitational
Yale,376,200 Back,5,2:08.78,Michelle Chen,,Brown vs. Yale
Yale,376,200 Breast,1,2:13.62,Jessey Li,,Brown vs. Yale
Yale,376,200 Breast,2,2:17.61,Lucy Walker,,Ohio State invitational
Yale,376,200 Breast,3,2:18.05,Delilah Skaistis,,Brown vs. Yale
Yale,376,200 Breast,4,2:21.63,Eunice Lee,,Ohio State invitational
Yale,376,200 Breast,5,2:21.77,Angela Wang,,Ohio State invitational
Yale,376,200 Breast,6,2:22.16,Riley Botting,,Yale vs. Cornell
Yale,376,200 Breast,7,2:24.28,Lillian Teel,,Ohio State invitational
Yale,376,200 Fly,1,1:59.92,Angela Wang,,UPENN vs Dartmouth vs Yale
Yale,376,200 Fly,2,2:02.57,Eunice Lee,,Brown vs. Yale
Yale,376,200 Fly,3,2:06.01,Lillian Teel,,Brown vs. Yale
Yale,376,200 Free,1,1:47.36,Julia Ebli,,Penn State vs. Yale
Yale,376,200 Free,2,1:48.17,Caroline Riggs,,Ohio State invitational
Yale,376,200 Free,3,1:49.61,Mabel Koff,,Ohio State invitational
Yale,376,200 Free,4,1:49.97,Lucy Walker,,Penn State vs. Yale
Yale,376,200 Free,5,1:50.67,Caroline McCurdy,,Ohio State invitational
Yale,376,200 Free,6,1:50.84,Lisa-Marie Finger,,Yale vs. Cornell
Yale,376,200 Free,7,1:53.85,Lauren Putnam,,Ohio State invitational
Yale,376,200 Free,8,1:59.30,Michelle Chen,,Ohio State invitational
Yale,376,200 Im,1,2:00.91,Jessey Li,,Yale vs. Cornell
Yale,376,200 Im,2,2:01.07,Lucy Walker,,Ohio State invitational
Yale,376,200 Im,3,2:01.54,Mabel Koff,,Ohio State invitational
Yale,376,200 Im,4,2:01.71,Devyn Sargent,,Yale vs. Cornell
Yale,376,200 Im,5,2:02.40,Eunice Lee,,Ohio State invitational
Yale,376,200 Im,6,2:04.62,Angela Wang,,Brown vs. Yale
Yale,376,200 Im,7,2:06.45,Delilah Skaistis,,Ohio State invitational
Yale,376,200 Im,8,2:08.67,Lillian Teel,,Ohio State invitational
Yale,376,200 Im,9,2:09.32,Riley Botting,,Ohio State invitational
Yale,376,200 Im,10,2:09.61,Mia Slowik,,Ohio State invitational
Yale,376,400 Im,1,4:17.11,Caroline Riggs,,Ohio State invitational
Yale,376,400 Im,2,4:19.10,Lucy Walker,,Ohio State invitational
Yale,376,400 Im,3,4:25.21,Eunice Lee,,Ohio State invitational
Yale,376,400 Im,4,4:29.51,Mia Slowik,,Ohio State invitational
Yale,376,400 Im,5,4:32.45,Lillian Teel,,Ohio State invitational
Yale,376,400 Im,6,4:33.29,Morgan Cady,,Ohio State invitational
Yale,376,400 Im,7,4:33.42,Angela Wang,,Ohio State invitational
Yale,376,400 Im,8,4:34.22,Riley Botting,,Ohio State invitational
Yale,376,50 Free,1,22.84,Julia Ebli,,Ohio State invitational
Yale,376,50 Free,2,23.12,Sara Plunkett,,Ohio State invitational
Yale,376,50 Free,3,23.26,Jessey Li,,Ohio State invitational
Yale,376,50 Free,4,23.26,Devyn Sargent,,Ohio State invitational
Yale,376,50 Free,5,23.33,Éle Donegan,,Ohio State invitational
Yale,376,50 Free,6,23.50,Lisa-Marie Finger,,Ohio State invitational
Yale,376,50 Free,7,23.51,Penny Zarczynski,,Ohio State invitational
Yale,376,50 Free,8,23.57,Caroline McCurdy,,Yale vs. Cornell
Yale,376,50 Free,9,24.42,Mabel Koff,,Ohio State invitational
Yale,376,50 Free,10,24.51,Lucy Walker,,UPENN vs Dartmouth vs Yale
Yale,376,500 Free,1,4:49.60,Caroline Riggs,,Ohio State invitational
Yale,376,500 Free,2,4:51.42,Morgan Cady,,Ohio State invitational
Yale,376,500 Free,3,4:58.91,Lauren Putnam,,Ohio State invitational
Yale,376,500 Free,4,5:05.54,Riley Botting,,Ohio State invitational
Youngstown State,378,100 Back,1,57.54,Chloe Moore,,Zippy Invitational
Youngstown State,378,100 Back,2,58.15,Lara Lilic,,Akron Zips Classic
Youngstown State,378,100 Back,3,58.37,Izzy Rossi,,Zippy Invitational
Youngstown State,378,100 Back,4,1:00.17,Kate Wolff,,Akron Zips Classic
Youngstown State,378,100 Back,5,1:00.67,Kate Hildebrand,,Zippy Invitational
Youngstown State,378,100 Back,6,1:01.00,Jordan Truelsch,,Akron Zips Classic
Youngstown State,378,100 Back,7,1:01.80,Amelia Matzke,,Akron Zips Classic
Youngstown State,378,100 Back,8,1:02.95,Anna Kozińska,,YSU Red vs White Intrasquad
Youngstown State,378,100 Breast,1,1:03.89,Hannah Murray,,Youngstown St vs. Oakland - Friday
Youngstown State,378,100 Breast,2,1:04.94,Helen Bernardi,,YSU Invitational
Youngstown State,378,100 Breast,3,1:09.95,Emily Aten,,Youngstown St vs. Oakland - Friday
Youngstown State,378,100 Breast,4,1:10.37,Morgan Glass,,Zippy Invitational
Youngstown State,378,100 Breast,5,1:19.56,Amelia Matzke,,YSU Red vs White Intrasquad
Youngstown State,378,100 Breast,6,1:21.67,Anna Kozińska,,YSU Red vs White Intrasquad
Youngstown State,378,100 Fly,1,54.44,Orla MacInnes,,Zippy Invitational
Youngstown State,378,100 Fly,2,56.14,Ali Ramirez Romero,,YSU Invitational
Youngstown State,378,100 Fly,3,57.49,Ximena Young,,YSU Red vs White Intrasquad
Youngstown State,378,100 Fly,4,58.62,Abby Perry,,Youngstown St vs. Oakland
Youngstown State,378,100 Fly,5,59.24,Zoe Gallagher,,Youngstown St vs. Oakland - Friday
Youngstown State,378,100 Fly,6,1:00.59,Derin Donmez,,Youngstown St vs. Oakland
Youngstown State,378,100 Fly,7,1:01.34,Emily Aten,,Youngstown St vs. Oakland
Youngstown State,378,100 Fly,8,1:02.89,Olivia Sweetman,,Akron Zips Classic
Youngstown State,378,100 Fly,9,1:03.37,Nehir Guler,,YSU Invitational
Youngstown State,378,100 Fly,10,1:03.56,Owynn LaFollette,,YSU Invitational
Youngstown State,378,100 Free,1,52.07,Chloe Moore,,Zippy Invitational
Youngstown State,378,100 Free,2,52.30,Olivia Sweetman,,YSU Invitational
Youngstown State,378,100 Free,3,52.60,Jordan Sarubbi,,YSU Invitational
Youngstown State,378,100 Free,4,52.89,Hannah Murray,,Akron Zips Classic
Youngstown State,378,100 Free,5,53.08,Orla MacInnes,,Youngstown State vs. IU Indy
Youngstown State,378,100 Free,6,53.15,Maddie Mahoney,,Zippy Invitational
Youngstown State,378,100 Free,7,53.71,Owynn LaFollette,,YSU Invitational
Youngstown State,378,100 Free,8,54.50,Abby Perry,,Youngstown St vs. Oakland - Friday
Youngstown State,378,100 Free,9,54.62,Ximena Young,,Akron Zips Classic
Youngstown State,378,100 Free,10,55.01,Lara Lilic,,YSU Invitational
Youngstown State,378,1000 Free,1,10:13.65,Olivia Sweetman,,YSU Invitational
Youngstown State,378,1000 Free,2,10:21.19,Derin Donmez,,Youngstown St vs. Oakland - Friday
Youngstown State,378,1000 Free,3,10:32.02,Nehir Guler,,Youngstown St vs. Oakland - Friday
Youngstown State,378,1000 Free,4,11:07.06,Morgan Glass,,YSU Red vs White Intrasquad
Youngstown State,378,1000 Free,5,11:27.57,Amelia Matzke,,Youngstown State vs. IU Indy
Youngstown State,378,1650 Free,1,16:58.62,Olivia Sweetman,,YSU Invitational
Youngstown State,378,1650 Free,2,17:01.21,Derin Donmez,,Akron Zips Classic
Youngstown State,378,1650 Free,3,17:23.09,Nehir Guler,,Youngstown St vs. Oakland - Friday
Youngstown State,378,1650 Free,4,19:15.30,Amelia Matzke,,Youngstown State vs. IU Indy
Youngstown State,378,200 Back,1,2:04.43,Lara Lilic,,YSU Invitational
Youngstown State,378,200 Back,2,2:08.56,Kate Hildebrand,,Zippy Invitational
Youngstown State,378,200 Back,3,2:10.12,Kate Wolff,,YSU Invitational
Youngstown State,378,200 Back,4,2:10.15,Izzy Rossi,,Zippy Invitational
Youngstown State,378,200 Back,5,2:11.93,Jordan Truelsch,,Akron Zips Classic
Youngstown State,378,200 Back,6,2:14.56,Amelia Matzke,,YSU Invitational
Youngstown State,378,200 Back,7,2:20.61,Anna Kozińska,,YSU Red vs White Intrasquad
Youngstown State,378,200 Breast,1,2:19.36,Hannah Murray,,Youngstown St vs. Oakland - Friday
Youngstown State,378,200 Breast,2,2:22.56,Helen Bernardi,,Zippy Invitational
Youngstown State,378,200 Breast,3,2:26.78,Emily Aten,,Zippy Invitational
Youngstown State,378,200 Breast,4,2:27.79,Morgan Glass,,Youngstown St vs. Oakland - Friday
Youngstown State,378,200 Fly,1,2:03.13,Orla MacInnes,,Akron Zips Classic
Youngstown State,378,200 Fly,2,2:03.41,Ali Ramirez Romero,,YSU Invitational
Youngstown State,378,200 Fly,3,2:07.18,Derin Donmez,,Akron Zips Classic
Youngstown State,378,200 Fly,4,2:10.48,Ximena Young,,Zippy Invitational
Youngstown State,378,200 Fly,5,2:12.06,Nehir Guler,,Akron Zips Classic
Youngstown State,378,200 Fly,6,2:14.79,Zoe Gallagher,,YSU Invitational
Youngstown State,378,200 Free,1,1:50.55,Olivia Sweetman,,YSU Invitational
Youngstown State,378,200 Free,2,1:51.31,Orla MacInnes,,Zippy Invitational
Youngstown State,378,200 Free,3,1:52.73,Jordan Sarubbi,,Zippy Invitational
Youngstown State,378,200 Free,4,1:55.20,Derin Donmez,,Zippy Invitational
Youngstown State,378,200 Free,5,1:55.46,Chloe Moore,,Zippy Invitational
Youngstown State,378,200 Free,6,1:55.58,Maddie Mahoney,,YSU Invitational
Youngstown State,378,200 Free,7,1:56.24,Owynn LaFollette,,Youngstown St vs. Oakland - Friday
Youngstown State,378,200 Free,8,1:56.27,Lara Lilic,,YSU Invitational
Youngstown State,378,200 Free,9,1:56.34,Morgan Glass,,Akron Zips Classic
Youngstown State,378,200 Free,10,1:56.78,Kate Hildebrand,,YSU Invitational
Youngstown State,378,200 Im,1,2:04.31,Hannah Murray,,Akron Zips Classic
Youngstown State,378,200 Im,2,2:10.84,Emily Aten,,YSU Invitational
Youngstown State,378,200 Im,3,2:11.09,Ali Ramirez Romero,,YSU Invitational
Youngstown State,378,200 Im,4,2:12.58,Abby Perry,,YSU Invitational
Youngstown State,378,200 Im,5,2:12.80,Lara Lilic,,YSU Invitational
Youngstown State,378,200 Im,6,2:13.67,Owynn LaFollette,,YSU Invitational
Youngstown State,378,200 Im,7,2:16.28,Helen Bernardi,,Zippy Invitational
Youngstown State,378,200 Im,8,2:17.74,Nehir Guler,,Youngstown St vs. Oakland - Friday
Youngstown State,378,200 Im,9,2:18.58,Morgan Glass,,YSU Red vs White Intrasquad
Youngstown State,378,200 Im,10,2:19.47,Ximena Young,,Zippy Invitational
Youngstown State,378,400 Im,1,4:35.82,Derin Donmez,,YSU Invitational
Youngstown State,378,400 Im,2,4:36.51,Emily Aten,,Zippy Invitational
Youngstown State,378,400 Im,3,4:37.21,Olivia Sweetman,,Akron Zips Classic
Youngstown State,378,400 Im,4,4:42.42,Nehir Guler,,YSU Invitational
Youngstown State,378,400 Im,5,4:48.10,Owynn LaFollette,,YSU Invitational
Youngstown State,378,400 Im,6,5:00.65,Amelia Matzke,,Youngstown St vs. Oakland
Youngstown State,378,50 Free,1,23.65,Chloe Moore,,Zippy Invitational
Youngstown State,378,50 Free,2,23.96,Orla MacInnes,,Zippy Invitational
Youngstown State,378,50 Free,3,24.20,Maddie Mahoney,,Zippy Invitational
Youngstown State,378,50 Free,4,24.52,Jordan Sarubbi,,Zippy Invitational
Youngstown State,378,50 Free,5,24.89,Ximena Young,,Youngstown St vs. Oakland
Youngstown State,378,50 Free,6,24.91,Izzy Rossi,,YSU Invitational
Youngstown State,378,50 Free,7,25.11,Olivia Sweetman,,YSU Invitational
Youngstown State,378,50 Free,8,25.24,Zoe Gallagher,,YSU Invitational
Youngstown State,378,50 Free,9,25.28,Kate Hildebrand,,Akron Zips Classic
Youngstown State,378,50 Free,10,25.39,Owynn LaFollette,,Akron Zips Classic
Youngstown State,378,500 Free,1,4:52.89,Olivia Sweetman,,Zippy Invitational
Youngstown State,378,500 Free,2,4:59.85,Derin Donmez,,Akron Zips Classic
Youngstown State,378,500 Free,3,5:06.23,Nehir Guler,,Akron Zips Classic
Youngstown State,378,500 Free,4,5:06.36,Morgan Glass,,Akron Zips Classic
Youngstown State,378,500 Free,5,5:08.98,Lara Lilic,,YSU Invitational
Youngstown State,378,500 Free,6,5:11.92,Kate Hildebrand,,YSU Invitational
Youngstown State,378,500 Free,7,5:52.19,Jordan Truelsch,,YSU Red vs White Intrasquad
