school_name,team_id,event,rank,time,swimmer,year,meet
Aquinas College,10026352,100 Back,1,58.62,Emersyn Joslin,,"Bethel vs Alma, Aquinas, Olivet"
Aquinas College,10026352,100 Back,2,58.92,Amelia Edens,,NAIA National Championships
Aquinas College,10026352,100 Back,3,1:01.22,Emma Hale,,Don Kimble Invitational
Aquinas College,10026352,100 Back,4,1:04.78,Chloe Boivin,,"Aquinas vs. SVSU,  Albion"
Aquinas College,10026352,100 Back,5,1:07.77,Katie Sanders,,Don Kimble Invitational
Aquinas College,10026352,100 Back,6,1:08.71,Lydia Henry,,Don Kimble Invitational
Aquinas College,10026352,100 Breast,1,1:07.94,Elena Cavadas,,Kansas Collegiate Athletic Conference Championships
Aquinas College,10026352,100 Breast,2,1:11.49,Hannah Brown,,Davenport October Invite
Aquinas College,10026352,100 Breast,3,1:14.22,Elisabeth Zubal,,Kansas Collegiate Athletic Conference Championships
Aquinas College,10026352,100 Breast,4,1:14.36,Dailey Jogan,,Aquinas vs Davenport
Aquinas College,10026352,100 Breast,5,1:15.64,Nolynn Coombs,,Don Kimble Invitational
Aquinas College,10026352,100 Breast,6,1:20.54,Addi Dierickx,,"Aquinas vs. SVSU,  Albion"
Aquinas College,10026352,100 Breast,7,1:22.10,Morgan Foune,,Don Kimble Invitational
Aquinas College,10026352,100 Fly,1,59.09,Amelia Edens,,NAIA National Championships
Aquinas College,10026352,100 Fly,2,1:02.08,Claire Hines,,Don Kimble Invitational
Aquinas College,10026352,100 Fly,3,1:02.62,Adriana Waller,,Davenport October Invite
Aquinas College,10026352,100 Fly,4,1:03.82,Addie Osborne,,Don Kimble Invitational
Aquinas College,10026352,100 Fly,5,1:04.31,Emma Hale,,Don Kimble Invitational
Aquinas College,10026352,100 Fly,6,1:04.78,Ella Althaver,,Don Kimble Invitational
Aquinas College,10026352,100 Fly,7,1:06.79,Morgan Foune,,"Bethel vs Alma, Aquinas, Olivet"
Aquinas College,10026352,100 Fly,8,1:08.68,Charlotte Boehm,,"Bethel vs Alma, Aquinas, Olivet"
Aquinas College,10026352,100 Fly,9,1:09.47,Meghan Hincher,,Don Kimble Invitational
Aquinas College,10026352,100 Fly,10,1:10.56,Lily Heath,,Don Kimble Invitational
Aquinas College,10026352,100 Free,1,52.92,Hannah Brown,,NAIA National Championships
Aquinas College,10026352,100 Free,2,53.46,Chloe Boivin,,Don Kimble Invitational
Aquinas College,10026352,100 Free,3,54.38,Addie Osborne,,Kansas Collegiate Athletic Conference Championships
Aquinas College,10026352,100 Free,4,55.95,Amelia Edens,,"Aquinas vs. SVSU,  Albion"
Aquinas College,10026352,100 Free,5,56.98,Nolynn Coombs,,"Bethel vs Alma, Aquinas, Olivet"
Aquinas College,10026352,100 Free,6,57.33,Emersyn Joslin,,Don Kimble Invitational
Aquinas College,10026352,100 Free,7,58.68,Claire Hines,,"Bethel vs Alma, Aquinas, Olivet"
Aquinas College,10026352,100 Free,8,59.06,Baylee Davis,,"Aquinas vs. SVSU,  Albion"
Aquinas College,10026352,100 Free,9,59.12,Lydia Henry,,Don Kimble Invitational
Aquinas College,10026352,100 Free,10,59.94,Katie Sanders,,Don Kimble Invitational
Aquinas College,10026352,1000 Free,1,11:29.85,Dailey Jogan,,Don Kimble Invitational
Aquinas College,10026352,1000 Free,2,11:53.59,Riley Monahan,,Davenport October Invite
Aquinas College,10026352,1000 Free,3,11:54.08,Lily Heath,,Davenport October Invite
Aquinas College,10026352,1000 Free,4,11:56.50,Baylee Davis,,"Aquinas vs. SVSU,  Albion"
Aquinas College,10026352,1000 Free,5,11:57.62,Ella Althaver,,"Hillsdale vs. Aquinas, IWU"
Aquinas College,10026352,1650 Free,1,18:59.14,Dailey Jogan,,Kansas Collegiate Athletic Conference Championships
Aquinas College,10026352,1650 Free,2,19:44.26,Baylee Davis,,Kansas Collegiate Athletic Conference Championships
Aquinas College,10026352,1650 Free,3,19:50.39,Riley Monahan,,Don Kimble Invitational
Aquinas College,10026352,1650 Free,4,19:51.78,Ella Althaver,,Don Kimble Invitational
Aquinas College,10026352,1650 Free,5,19:55.59,Lily Heath,,"Bethel vs Alma, Aquinas, Olivet"
Aquinas College,10026352,200 Back,1,2:07.98,Emersyn Joslin,,Don Kimble Invitational
Aquinas College,10026352,200 Back,2,2:09.10,Amelia Edens,,Kansas Collegiate Athletic Conference Championships
Aquinas College,10026352,200 Back,3,2:14.58,Emma Hale,,Don Kimble Invitational
Aquinas College,10026352,200 Back,4,2:21.23,Meghan Hincher,,Don Kimble Invitational
Aquinas College,10026352,200 Back,5,2:28.47,Katie Sanders,,Don Kimble Invitational
Aquinas College,10026352,200 Back,6,2:29.11,Lydia Henry,,Don Kimble Invitational
Aquinas College,10026352,200 Breast,1,2:33.84,Elena Cavadas,,Kansas Collegiate Athletic Conference Championships
Aquinas College,10026352,200 Breast,2,2:41.01,Elisabeth Zubal,,Kansas Collegiate Athletic Conference Championships
Aquinas College,10026352,200 Breast,3,2:41.41,Dailey Jogan,,Don Kimble Invitational
Aquinas College,10026352,200 Breast,4,2:48.21,Lily Heath,,Don Kimble Invitational
Aquinas College,10026352,200 Breast,5,2:55.59,Morgan Foune,,Kansas Collegiate Athletic Conference Championships
Aquinas College,10026352,200 Fly,1,2:16.68,Adriana Waller,,Davenport October Invite
Aquinas College,10026352,200 Fly,2,2:24.87,Ella Althaver,,Kansas Collegiate Athletic Conference Championships
Aquinas College,10026352,200 Fly,3,2:29.16,Claire Hines,,Don Kimble Invitational
Aquinas College,10026352,200 Fly,4,2:34.61,Riley Monahan,,Don Kimble Invitational
Aquinas College,10026352,200 Fly,5,2:36.84,Meghan Hincher,,Aquinas vs Davenport
Aquinas College,10026352,200 Fly,6,2:39.84,Charlotte Boehm,,Don Kimble Invitational
Aquinas College,10026352,200 Free,1,1:58.39,Hannah Brown,,Kansas Collegiate Athletic Conference Championships
Aquinas College,10026352,200 Free,2,1:59.53,Chloe Boivin,,Don Kimble Invitational
Aquinas College,10026352,200 Free,3,2:00.78,Adriana Waller,,Aquinas vs Davenport
Aquinas College,10026352,200 Free,4,2:00.82,Amelia Edens,,NAIA National Championships
Aquinas College,10026352,200 Free,5,2:01.81,Addie Osborne,,Kansas Collegiate Athletic Conference Championships
Aquinas College,10026352,200 Free,6,2:02.67,Riley Monahan,,KCAC Repaired Upload
Aquinas College,10026352,200 Free,7,2:04.57,Baylee Davis,,Don Kimble Invitational
Aquinas College,10026352,200 Free,8,2:04.63,Dailey Jogan,,Davenport October Invite
Aquinas College,10026352,200 Free,9,2:07.85,Nolynn Coombs,,Aquinas vs Davenport
Aquinas College,10026352,200 Free,10,2:08.59,Ella Althaver,,"Hillsdale vs. Aquinas, IWU"
Aquinas College,10026352,200 Im,1,2:15.28,Emersyn Joslin,,Kansas Collegiate Athletic Conference Championships
Aquinas College,10026352,200 Im,2,2:16.73,Amelia Edens,,Davenport October Invite
Aquinas College,10026352,200 Im,3,2:23.08,Meghan Hincher,,Davenport October Invite
Aquinas College,10026352,200 Im,4,2:25.74,Emma Hale,,Davenport October Invite
Aquinas College,10026352,200 Im,5,2:26.13,Claire Hines,,"Bethel vs Alma, Aquinas, Olivet"
Aquinas College,10026352,200 Im,6,2:27.73,Elena Cavadas,,Kansas Collegiate Athletic Conference Championships
Aquinas College,10026352,200 Im,7,2:29.48,Charlotte Boehm,,Kansas Collegiate Athletic Conference Championships
Aquinas College,10026352,200 Im,8,2:32.94,Morgan Foune,,Kansas Collegiate Athletic Conference Championships
Aquinas College,10026352,200 Im,9,2:33.91,Riley Monahan,,"Bethel vs Alma, Aquinas, Olivet"
Aquinas College,10026352,200 Im,10,2:36.24,Elisabeth Zubal,,Davenport October Invite
Aquinas College,10026352,400 Im,1,4:47.16,Amelia Edens,,"Aquinas vs. SVSU,  Albion"
Aquinas College,10026352,400 Im,2,5:03.11,Emma Hale,,Kansas Collegiate Athletic Conference Championships
Aquinas College,10026352,400 Im,3,5:10.62,Meghan Hincher,,Don Kimble Invitational
Aquinas College,10026352,400 Im,4,5:11.53,Lily Heath,,Don Kimble Invitational
Aquinas College,10026352,400 Im,5,5:19.57,Elisabeth Zubal,,Kansas Collegiate Athletic Conference Championships
Aquinas College,10026352,400 Im,6,5:22.04,Riley Monahan,,Don Kimble Invitational
Aquinas College,10026352,400 Im,7,5:22.85,Charlotte Boehm,,Kansas Collegiate Athletic Conference Championships
Aquinas College,10026352,50 Free,1,23.99,Hannah Brown,,Don Kimble Invitational
Aquinas College,10026352,50 Free,2,24.29,Addie Osborne,,Don Kimble Invitational
Aquinas College,10026352,50 Free,3,24.68,Chloe Boivin,,Don Kimble Invitational
Aquinas College,10026352,50 Free,4,25.86,Emersyn Joslin,,Aquinas vs Davenport
Aquinas College,10026352,50 Free,5,25.92,Adriana Waller,,Don Kimble Invitational
Aquinas College,10026352,50 Free,6,26.00,Nolynn Coombs,,Davenport October Invite
Aquinas College,10026352,50 Free,7,26.05,Claire Hines,,Kansas Collegiate Athletic Conference Championships
Aquinas College,10026352,50 Free,8,26.23,Elena Cavadas,,Davenport October Invite
Aquinas College,10026352,50 Free,9,26.56,Lydia Henry,,"Hillsdale vs. Aquinas, IWU"
Aquinas College,10026352,50 Free,10,26.78,Amelia Edens,,"Aquinas vs. SVSU,  Albion"
Aquinas College,10026352,500 Free,1,5:26.87,Adriana Waller,,Don Kimble Invitational
Aquinas College,10026352,500 Free,2,5:34.52,Dailey Jogan,,Don Kimble Invitational
Aquinas College,10026352,500 Free,3,5:36.43,Baylee Davis,,Kansas Collegiate Athletic Conference Championships
Aquinas College,10026352,500 Free,4,5:39.55,Riley Monahan,,Don Kimble Invitational
Aquinas College,10026352,500 Free,5,5:41.44,Ella Althaver,,Kansas Collegiate Athletic Conference Championships
Aquinas College,10026352,500 Free,6,5:48.74,Lily Heath,,Davenport October Invite
Aquinas College,10026352,500 Free,7,6:04.16,Chloe Boivin,,"Hillsdale vs. Aquinas, IWU"
Arizona Christian University,10010278,100 Back,1,58.94,Hannah Jyawook,,NAIA National Championships
Arizona Christian University,10010278,100 Back,2,1:02.40,Anna Clayton,,Pacific Collegiate Swim Conference Championships
Arizona Christian University,10010278,100 Back,3,1:03.98,Courtney Pequin,,Pacific Collegiate Swim Conference Championships
Arizona Christian University,10010278,100 Back,4,1:08.88,Lily Cozens,,"Grand Canyon v. Simon Fraser, ACU, OUAZ, NMSU"
Arizona Christian University,10010278,100 Back,5,1:11.76,Lauren Gonzalez,,Great Southwest Athletic Conference Championship
Arizona Christian University,10010278,100 Breast,1,1:06.59,Mia Oviedo Euceda,,Pacific Collegiate Swim Conference Championships
Arizona Christian University,10010278,100 Breast,2,1:07.87,Claire Eilers,,Pacific Collegiate Swim Conference Championships
Arizona Christian University,10010278,100 Breast,3,1:09.65,Audrey Washburn,,Pacific Collegiate Swim Conference Championships
Arizona Christian University,10010278,100 Breast,4,1:16.71,Carsen Culiver,,Pacific Collegiate Swim Conference Championships
Arizona Christian University,10010278,100 Fly,1,1:00.61,Courtney Pequin,,Pacific Collegiate Swim Conference Championships
Arizona Christian University,10010278,100 Fly,2,1:00.91,Anna Clayton,,Pacific Collegiate Swim Conference Championships
Arizona Christian University,10010278,100 Fly,3,1:01.12,Hannah Jyawook,,Pacific Collegiate Swim Conference Championships
Arizona Christian University,10010278,100 Fly,4,1:01.29,Kateryna Kashyrina,,Great Southwest Athletic Conference Championship
Arizona Christian University,10010278,100 Fly,5,1:06.37,Audrey Washburn,,NAIA National Championships
Arizona Christian University,10010278,100 Fly,6,1:06.48,Robin Abrams,,"Grand Canyon v. Simon Fraser, ACU, OUAZ, NMSU"
Arizona Christian University,10010278,100 Fly,7,1:07.71,Mel Ozuna Moreno,,"ACU vs. OUAZ, ASU Club, GCU Club"
Arizona Christian University,10010278,100 Fly,8,1:10.74,Ana Johnson,,"ACU vs. OUAZ, ASU Club, GCU Club"
Arizona Christian University,10010278,100 Fly,9,1:13.10,Carsen Culiver,,Pacific Collegiate Swim Conference Championships
Arizona Christian University,10010278,100 Fly,10,1:13.17,Lauren Gonzalez,,"ACU vs. OUAZ, ASU Club, GCU Club"
Arizona Christian University,10010278,100 Free,1,53.34,Abbey Lair,,NAIA National Championships
Arizona Christian University,10010278,100 Free,2,53.37,Claire Eilers,,NAIA National Championships
Arizona Christian University,10010278,100 Free,3,55.29,Kateryna Kashyrina,,"Grand Canyon v. Simon Fraser, ACU, OUAZ, NMSU"
Arizona Christian University,10010278,100 Free,4,55.74,Courtney Pequin,,Great Southwest Athletic Conference Championship
Arizona Christian University,10010278,100 Free,5,56.01,Anna Clayton,,Great Southwest Athletic Conference Championship
Arizona Christian University,10010278,100 Free,6,57.69,Mia Oviedo Euceda,,Grand Canyon vs Cal Baptist
Arizona Christian University,10010278,100 Free,7,59.79,Ana Johnson,,"ACU vs. OUAZ, ASU Club, GCU Club"
Arizona Christian University,10010278,100 Free,8,1:00.58,Lauren Gonzalez,,Great Southwest Athletic Conference Championship
Arizona Christian University,10010278,100 Free,9,1:01.33,Carsen Culiver,,"Grand Canyon v. Simon Fraser, ACU, OUAZ, NMSU"
Arizona Christian University,10010278,100 Free,10,1:07.95,Annabelle Schaaf,,Great Southwest Athletic Conference Championship
Arizona Christian University,10010278,1000 Free,1,11:21.54,Robin Abrams,,Great Southwest Athletic Conference Championship
Arizona Christian University,10010278,1000 Free,2,11:31.34,Kateryna Kashyrina,,Great Southwest Athletic Conference Championship
Arizona Christian University,10010278,1000 Free,3,11:50.71,Mel Ozuna Moreno,,Pacific Collegiate Swim Conference Championships
Arizona Christian University,10010278,1650 Free,1,18:56.07,Robin Abrams,,Great Southwest Athletic Conference Championship
Arizona Christian University,10010278,1650 Free,2,19:30.75,Kateryna Kashyrina,,Great Southwest Athletic Conference Championship
Arizona Christian University,10010278,1650 Free,3,19:40.25,Mel Ozuna Moreno,,Pacific Collegiate Swim Conference Championships
Arizona Christian University,10010278,200 Back,1,2:14.04,Anna Clayton,,Pacific Collegiate Swim Conference Championships
Arizona Christian University,10010278,200 Breast,1,2:25.41,Audrey Washburn,,Last Chance Meet
Arizona Christian University,10010278,200 Breast,2,2:26.04,Mia Oviedo Euceda,,Pacific Collegiate Swim Conference Championships
Arizona Christian University,10010278,200 Breast,3,2:43.56,Carsen Culiver,,"Grand Canyon v. Simon Fraser, ACU, OUAZ, NMSU"
Arizona Christian University,10010278,200 Fly,1,2:07.24,Hannah Jyawook,,Great Southwest Athletic Conference Championship
Arizona Christian University,10010278,200 Free,1,1:52.86,Hannah Jyawook,,NAIA National Championships
Arizona Christian University,10010278,200 Free,2,1:56.44,Abbey Lair,,Pacific Collegiate Swim Conference Championships
Arizona Christian University,10010278,200 Free,3,1:58.65,Kateryna Kashyrina,,"Grand Canyon v. ACU, OUAZ"
Arizona Christian University,10010278,200 Free,4,2:07.27,Mel Ozuna Moreno,,Pacific Collegiate Swim Conference Championships
Arizona Christian University,10010278,200 Free,5,2:10.62,Robin Abrams,,"Grand Canyon v. Simon Fraser, ACU, OUAZ, NMSU"
Arizona Christian University,10010278,200 Im,1,2:07.63,Hannah Jyawook,,Pacific Collegiate Swim Conference Championships
Arizona Christian University,10010278,200 Im,2,2:13.04,Audrey Washburn,,NAIA National Championships
Arizona Christian University,10010278,200 Im,3,2:18.09,Kateryna Kashyrina,,"Grand Canyon v. Simon Fraser, ACU, OUAZ, NMSU"
Arizona Christian University,10010278,200 Im,4,2:19.85,Claire Eilers,,"ACU vs. OUAZ, ASU Club, GCU Club"
Arizona Christian University,10010278,400 Im,1,4:30.68,Hannah Jyawook,,Pacific Collegiate Swim Conference Championships
Arizona Christian University,10010278,400 Im,2,4:45.05,Audrey Washburn,,Pacific Collegiate Swim Conference Championships
Arizona Christian University,10010278,400 Im,3,5:03.57,Robin Abrams,,"Grand Canyon v. Simon Fraser, ACU, OUAZ, NMSU"
Arizona Christian University,10010278,50 Free,1,24.52,Claire Eilers,,Pacific Collegiate Swim Conference Championships
Arizona Christian University,10010278,50 Free,2,24.66,Abbey Lair,,NAIA National Championships
Arizona Christian University,10010278,50 Free,3,25.34,Courtney Pequin,,Pacific Collegiate Swim Conference Championships
Arizona Christian University,10010278,50 Free,4,25.41,Mia Oviedo Euceda,,Pacific Collegiate Swim Conference Championships
Arizona Christian University,10010278,50 Free,5,25.89,Anna Clayton,,Pacific Collegiate Swim Conference Championships
Arizona Christian University,10010278,50 Free,6,26.23,Kateryna Kashyrina,,"Grand Canyon v. Simon Fraser, ACU, OUAZ, NMSU"
Arizona Christian University,10010278,50 Free,7,26.90,Lauren Gonzalez,,Great Southwest Athletic Conference Championship
Arizona Christian University,10010278,50 Free,8,26.93,Audrey Washburn,,"ACU vs. OUAZ, ASU Club, GCU Club"
Arizona Christian University,10010278,50 Free,9,27.29,Lily Cozens,,"Grand Canyon v. Simon Fraser, ACU, OUAZ, NMSU"
Arizona Christian University,10010278,50 Free,10,27.32,Ana Johnson,,"Grand Canyon v. Simon Fraser, ACU, OUAZ, NMSU"
Arizona Christian University,10010278,500 Free,1,5:02.01,Hannah Jyawook,,NAIA National Championships
Arizona Christian University,10010278,500 Free,2,5:25.33,Kateryna Kashyrina,,"Grand Canyon v. ACU, OUAZ"
Arizona Christian University,10010278,500 Free,3,5:36.87,Robin Abrams,,Great Southwest Athletic Conference Championship
Arizona Christian University,10010278,500 Free,4,5:37.97,Mia Oviedo Euceda,,"ACU vs. OUAZ, ASU Club, GCU Club"
Arizona Christian University,10010278,500 Free,5,5:39.62,Mel Ozuna Moreno,,Pacific Collegiate Swim Conference Championships
Ave Maria University,10026299,100 Back,1,58.89,Gabby Darakchieva,,Ave Maria Last Chance Invite
Ave Maria University,10026299,100 Back,2,1:03.35,Teresa Austin,,St. Thomas vs. Ave Maria/New College of Florida
Ave Maria University,10026299,100 Back,3,1:04.84,Maeve O'Brien,,St. Thomas vs. Ave Maria/New College of Florida
Ave Maria University,10026299,100 Back,4,1:05.12,Mimi Estrada,,2025 Gyrene Showdown
Ave Maria University,10026299,100 Back,5,1:06.23,Stella Paradise,,Small College Championship Cup
Ave Maria University,10026299,100 Back,6,1:07.54,Delaney Weisbruch,,2025 Gyrene Showdown
Ave Maria University,10026299,100 Back,7,1:09.09,Emma Heasty,,2025 Gyrene Showdown
Ave Maria University,10026299,100 Back,8,1:09.65,Emma Saralegui-Blanco,,2025 Gyrene Showdown
Ave Maria University,10026299,100 Back,9,1:10.48,Anna Szucs,,2025 Gyrene Showdown
Ave Maria University,10026299,100 Back,10,1:11.89,Hannah Nelson,,2025 Gyrene Showdown
Ave Maria University,10026299,100 Breast,1,1:09.08,Maddie Lasnoski,,Ave Maria University vs. Indian River
Ave Maria University,10026299,100 Breast,2,1:10.28,Kalia Clary,,Small College Championship Cup
Ave Maria University,10026299,100 Breast,3,1:12.03,Delaney Weisbruch,,2025 Gyrene Showdown
Ave Maria University,10026299,100 Breast,4,1:12.45,Sarah Hicks,,Small College Championship Cup
Ave Maria University,10026299,100 Breast,5,1:12.55,Anna Szucs,,2025 Gyrene Showdown
Ave Maria University,10026299,100 Breast,6,1:14.07,Teresa Austin,,2025 Gyrene Showdown
Ave Maria University,10026299,100 Breast,7,1:14.26,Emma Saralegui-Blanco,,2025 Gyrene Showdown
Ave Maria University,10026299,100 Breast,8,1:20.95,Maeve O'Brien,,2025 Gyrene Showdown
Ave Maria University,10026299,100 Breast,9,1:23.62,Mimi Estrada,,2025 Gyrene Showdown
Ave Maria University,10026299,100 Breast,10,1:23.95,Sophie Barton,,2025 Gyrene Showdown
Ave Maria University,10026299,100 Fly,1,58.30,Mimi Estrada,,Small College Championship Cup
Ave Maria University,10026299,100 Fly,2,59.81,Delaney Weisbruch,,NSU Shark Invite
Ave Maria University,10026299,100 Fly,3,1:00.00,Maryanna Matista,,The Sun Conference Championships
Ave Maria University,10026299,100 Fly,4,1:00.81,Teresa Austin,,Ave Maria Last Chance Invite
Ave Maria University,10026299,100 Fly,5,1:03.79,Maddie Lasnoski,,2025 Gyrene Showdown
Ave Maria University,10026299,100 Fly,6,1:03.79,Anna Szucs,,2025 Gyrene Showdown
Ave Maria University,10026299,100 Fly,7,1:04.71,Emma Heasty,,2025 Gyrene Showdown
Ave Maria University,10026299,100 Fly,8,1:04.81,Kalia Clary,,NSU Shark Invite
Ave Maria University,10026299,100 Fly,9,1:05.24,Maeve O'Brien,,Ave Maria University vs. Indian River
Ave Maria University,10026299,100 Fly,10,1:06.37,Sophie Barton,,The Sun Conference Championships
Ave Maria University,10026299,100 Free,1,54.26,Maryanna Matista,,NSU Shark Invite
Ave Maria University,10026299,100 Free,2,54.53,Emma Heasty,,Small College Championship Cup
Ave Maria University,10026299,100 Free,3,54.91,Delaney Weisbruch,,Small College Championship Cup
Ave Maria University,10026299,100 Free,4,56.14,Mimi Estrada,,NSU Shark Invite
Ave Maria University,10026299,100 Free,5,56.67,Maddie Lasnoski,,Small College Championship Cup
Ave Maria University,10026299,100 Free,6,57.67,Anna Szucs,,2025 Gyrene Showdown
Ave Maria University,10026299,100 Free,7,58.09,Maeve O'Brien,,The Sun Conference Championships
Ave Maria University,10026299,100 Free,8,58.44,Stella Paradise,,Small College Championship Cup
Ave Maria University,10026299,100 Free,9,58.96,Sarah Hicks,,Small College Championship Cup
Ave Maria University,10026299,100 Free,10,59.79,Kalia Clary,,Thomas Fall Meet
Ave Maria University,10026299,1000 Free,1,11:17.02,Delaney Weisbruch,,IRSC vs Keiser vs Ave Maria
Ave Maria University,10026299,1000 Free,2,11:34.10,Hannah Nelson,,IRSC vs Keiser vs Ave Maria
Ave Maria University,10026299,1000 Free,3,11:42.94,Anna Szucs,,St. Thomas vs. Ave Maria/New College of Florida
Ave Maria University,10026299,1000 Free,4,12:24.00,Cecie Smith,,Small College Championship Cup
Ave Maria University,10026299,1000 Free,5,12:37.18,Clare Tamisiea,,Small College Championship Cup
Ave Maria University,10026299,1650 Free,1,19:25.05,Hannah Nelson,,NSU Shark Invite
Ave Maria University,10026299,1650 Free,2,20:45.84,Cecie Smith,,Small College Championship Cup
Ave Maria University,10026299,1650 Free,3,20:55.77,Clare Tamisiea,,Small College Championship Cup
Ave Maria University,10026299,200 Back,1,2:16.22,Gabby Darakchieva,,The Sun Conference Championships
Ave Maria University,10026299,200 Back,2,2:21.31,Mimi Estrada,,2025 Ultimate Gyrene Showdown
Ave Maria University,10026299,200 Back,3,2:23.76,Emma Heasty,,2025 Ultimate Gyrene Showdown
Ave Maria University,10026299,200 Back,4,2:24.07,Maeve O'Brien,,Small College Championship Cup
Ave Maria University,10026299,200 Back,5,2:25.44,Delaney Weisbruch,,2025 Ultimate Gyrene Showdown
Ave Maria University,10026299,200 Back,6,2:28.54,Anna Szucs,,Thomas Fall Meet
Ave Maria University,10026299,200 Back,7,2:33.91,Hannah Nelson,,Thomas Fall Meet
Ave Maria University,10026299,200 Back,8,2:34.43,Stella Paradise,,2025 Ultimate Gyrene Showdown
Ave Maria University,10026299,200 Back,9,2:39.36,Clare Tamisiea,,2025 Ultimate Gyrene Showdown
Ave Maria University,10026299,200 Back,10,2:39.67,Cecie Smith,,2025 Ultimate Gyrene Showdown
Ave Maria University,10026299,200 Breast,1,2:31.61,Anna Szucs,,Small College Championship Cup
Ave Maria University,10026299,200 Breast,2,2:34.17,Kalia Clary,,NSU Shark Invite
Ave Maria University,10026299,200 Breast,3,2:36.40,Delaney Weisbruch,,2025 Ultimate Gyrene Showdown
Ave Maria University,10026299,200 Breast,4,2:37.88,Sarah Hicks,,Ave Maria University vs. Indian River
Ave Maria University,10026299,200 Breast,5,2:38.13,Maddie Lasnoski,,Small College Championship Cup
Ave Maria University,10026299,200 Breast,6,2:41.34,Emma Saralegui-Blanco,,IRSC vs Keiser vs Ave Maria
Ave Maria University,10026299,200 Breast,7,2:43.13,Teresa Austin,,2025 Ultimate Gyrene Showdown
Ave Maria University,10026299,200 Breast,8,3:18.43,Tosin Akinmolayan,,Small College Championship Cup
Ave Maria University,10026299,200 Fly,1,2:11.78,Delaney Weisbruch,,AMU vs. Barry vs. Life vs. New College
Ave Maria University,10026299,200 Fly,2,2:14.22,Mimi Estrada,,Ave Maria University vs. Indian River
Ave Maria University,10026299,200 Fly,3,2:15.77,Teresa Austin,,Ave Maria Last Chance Invite
Ave Maria University,10026299,200 Fly,4,2:16.86,Maryanna Matista,,The Sun Conference Championships
Ave Maria University,10026299,200 Fly,5,2:24.78,Anna Szucs,,2025 Ultimate Gyrene Showdown
Ave Maria University,10026299,200 Fly,6,2:30.05,Maeve O'Brien,,Thomas Fall Meet
Ave Maria University,10026299,200 Fly,7,2:31.92,Kalia Clary,,2025 Ultimate Gyrene Showdown
Ave Maria University,10026299,200 Fly,8,2:45.29,Sophie Barton,,2025 Ultimate Gyrene Showdown
Ave Maria University,10026299,200 Free,1,1:58.82,Emma Heasty,,Small College Championship Cup
Ave Maria University,10026299,200 Free,2,1:59.61,Delaney Weisbruch,,Small College Championship Cup
Ave Maria University,10026299,200 Free,3,2:00.74,Maryanna Matista,,Ave Maria University vs. Indian River
Ave Maria University,10026299,200 Free,4,2:01.12,Anna Szucs,,Small College Championship Cup
Ave Maria University,10026299,200 Free,5,2:04.81,Hannah Nelson,,Small College Championship Cup
Ave Maria University,10026299,200 Free,6,2:05.01,Mimi Estrada,,NSU Shark Invite
Ave Maria University,10026299,200 Free,7,2:08.51,Maeve O'Brien,,IRSC vs Keiser vs Ave Maria
Ave Maria University,10026299,200 Free,8,2:10.40,Kalia Clary,,NSU Shark Invite
Ave Maria University,10026299,200 Free,9,2:12.55,Sarah Hicks,,2025 Ultimate Gyrene Showdown
Ave Maria University,10026299,200 Free,10,2:13.12,Clare Tamisiea,,Small College Championship Cup
Ave Maria University,10026299,200 Im,1,2:12.36,Delaney Weisbruch,,NAIA National Championships
Ave Maria University,10026299,200 Im,2,2:19.14,Anna Szucs,,IRSC vs Keiser vs Ave Maria
Ave Maria University,10026299,200 Im,3,2:19.46,Teresa Austin,,The Sun Conference Championships
Ave Maria University,10026299,200 Im,4,2:23.11,Kalia Clary,,Small College Championship Cup
Ave Maria University,10026299,200 Im,5,2:26.85,Emma Saralegui-Blanco,,Small College Championship Cup
Ave Maria University,10026299,200 Im,6,2:27.23,Maddie Lasnoski,,NSU Shark Invite
Ave Maria University,10026299,200 Im,7,2:29.09,Sarah Hicks,,The Sun Conference Championships
Ave Maria University,10026299,200 Im,8,2:31.20,Maeve O'Brien,,NSU Shark Invite
Ave Maria University,10026299,200 Im,9,2:37.45,Cecie Smith,,St. Thomas vs. Ave Maria/New College of Florida
Ave Maria University,10026299,400 Im,1,4:45.99,Delaney Weisbruch,,Small College Championship Cup
Ave Maria University,10026299,400 Im,2,4:57.80,Teresa Austin,,The Sun Conference Championships
Ave Maria University,10026299,400 Im,3,5:07.95,Mimi Estrada,,2025 Ultimate Gyrene Showdown
Ave Maria University,10026299,400 Im,4,5:15.06,Emma Heasty,,2025 Ultimate Gyrene Showdown
Ave Maria University,10026299,400 Im,5,5:15.69,Maeve O'Brien,,Thomas Fall Meet
Ave Maria University,10026299,400 Im,6,5:16.68,Kalia Clary,,Thomas Fall Meet
Ave Maria University,10026299,400 Im,7,5:20.04,Maddie Lasnoski,,2025 Ultimate Gyrene Showdown
Ave Maria University,10026299,400 Im,8,5:24.94,Sarah Hicks,,2025 Ultimate Gyrene Showdown
Ave Maria University,10026299,400 Im,9,5:30.34,Cecie Smith,,2025 Ultimate Gyrene Showdown
Ave Maria University,10026299,50 Free,1,24.81,Mimi Estrada,,The Sun Conference Championships
Ave Maria University,10026299,50 Free,2,24.85,Maryanna Matista,,The Sun Conference Championships
Ave Maria University,10026299,50 Free,3,25.50,Emma Heasty,,Small College Championship Cup
Ave Maria University,10026299,50 Free,4,25.75,Maddie Lasnoski,,The Sun Conference Championships
Ave Maria University,10026299,50 Free,5,25.80,Stella Paradise,,Small College Championship Cup
Ave Maria University,10026299,50 Free,6,25.81,Delaney Weisbruch,,Small College Championship Cup
Ave Maria University,10026299,50 Free,7,26.30,Gabby Darakchieva,,The Sun Conference Championships
Ave Maria University,10026299,50 Free,8,26.92,Sophie Barton,,The Sun Conference Championships
Ave Maria University,10026299,50 Free,9,26.95,Teresa Austin,,Small College Championship Cup
Ave Maria University,10026299,50 Free,10,27.04,Anna Szucs,,IRSC vs Keiser vs Ave Maria
Ave Maria University,10026299,500 Free,1,5:26.83,Anna Szucs,,Small College Championship Cup
Ave Maria University,10026299,500 Free,2,5:31.76,Delaney Weisbruch,,St. Thomas vs. Ave Maria/New College of Florida
Ave Maria University,10026299,500 Free,3,5:35.55,Hannah Nelson,,Small College Championship Cup
Ave Maria University,10026299,500 Free,4,5:42.47,Emma Heasty,,St. Thomas vs. Ave Maria/New College of Florida
Ave Maria University,10026299,500 Free,5,5:45.30,Maeve O'Brien,,Small College Championship Cup
Ave Maria University,10026299,500 Free,6,5:59.49,Cecie Smith,,Small College Championship Cup
Ave Maria University,10026299,500 Free,7,6:01.86,Clare Tamisiea,,The Sun Conference Championships
Ave Maria University,10026299,500 Free,8,6:15.39,Sarah Hicks,,St. Thomas vs. Ave Maria/New College of Florida
Bethel University (Indiana),8024,100 Back,1,56.68,Aixa Recchioni,,Malone Invitational
Bethel University (Indiana),8024,100 Back,2,58.74,Avery Woods,,Kansas Collegiate Athletic Conference Championships
Bethel University (Indiana),8024,100 Back,3,1:00.30,Isabel Leader,,Malone Invitational
Bethel University (Indiana),8024,100 Back,4,1:04.38,Ada Klint,,"Bethel vs Alma, Aquinas, Olivet"
Bethel University (Indiana),8024,100 Back,5,1:13.13,Katelyn Peterson,,"BU vs. LWU, HC, NCC"
Bethel University (Indiana),8024,100 Breast,1,1:06.11,Teagan Risher,,NAIA National Championships
Bethel University (Indiana),8024,100 Breast,2,1:07.12,Makalynn VanEerden,,Bethel Last Chance Invite
Bethel University (Indiana),8024,100 Breast,3,1:08.86,Ella Wardle,,Bethel vs. Olivet Nazarene
Bethel University (Indiana),8024,100 Breast,4,1:08.97,Sarah Graves,,Malone Invitational
Bethel University (Indiana),8024,100 Breast,5,1:12.81,Ava Kantz,,Kansas Collegiate Athletic Conference Championships
Bethel University (Indiana),8024,100 Breast,6,1:15.77,Charlie Drew,,"Bethel vs. Anderson, Indiana Wesleyan"
Bethel University (Indiana),8024,100 Fly,1,56.92,Eliza Nuet,,NAIA National Championships
Bethel University (Indiana),8024,100 Fly,2,56.92,Ella Sherwood,,NAIA National Championships
Bethel University (Indiana),8024,100 Fly,3,57.21,Aixa Recchioni,,"Bethel vs Alma, Aquinas, Olivet"
Bethel University (Indiana),8024,100 Fly,4,58.32,Avery Woods,,NAIA National Championships
Bethel University (Indiana),8024,100 Fly,5,59.56,Charlie Drew,,Kansas Collegiate Athletic Conference Championships
Bethel University (Indiana),8024,100 Fly,6,59.77,Ella Wardle,,"Bethel vs Alma, Aquinas, Olivet"
Bethel University (Indiana),8024,100 Fly,7,1:05.30,Lizzie Williams,,Kansas Collegiate Athletic Conference Championships
Bethel University (Indiana),8024,100 Fly,8,1:08.52,Ada Klint,,"BU vs. LWU, HC, NCC"
Bethel University (Indiana),8024,100 Fly,9,1:10.28,Isabela Nuet,,"Bethel vs. Anderson, Indiana Wesleyan"
Bethel University (Indiana),8024,100 Fly,10,1:14.11,Reese Arline,,Kansas Collegiate Athletic Conference Championships
Bethel University (Indiana),8024,100 Free,1,51.10,Jaylyn Harrison,,NAIA National Championships
Bethel University (Indiana),8024,100 Free,2,51.48,Aixa Recchioni,,NAIA National Championships
Bethel University (Indiana),8024,100 Free,3,53.42,Ella Wardle,,Malone Invitational
Bethel University (Indiana),8024,100 Free,4,53.67,Eliza Nuet,,"Bethel vs Alma, Aquinas, Olivet"
Bethel University (Indiana),8024,100 Free,5,54.45,Addison Jones,,Kansas Collegiate Athletic Conference Championships
Bethel University (Indiana),8024,100 Free,6,55.91,Lizzie Williams,,"Bethel vs. Anderson, Indiana Wesleyan"
Bethel University (Indiana),8024,100 Free,7,58.13,Isabela Nuet,,Malone Invitational
Bethel University (Indiana),8024,100 Free,8,59.24,Ava Kantz,,Valpo vs Bethel
Bethel University (Indiana),8024,100 Free,9,1:00.81,Katelyn Peterson,,Malone Invitational
Bethel University (Indiana),8024,100 Free,10,1:02.61,Reese Arline,,Kansas Collegiate Athletic Conference Championships
Bethel University (Indiana),8024,1000 Free,1,10:53.95,Lizzie Williams,,Malone Invitational
Bethel University (Indiana),8024,1000 Free,2,11:06.69,Addison Jones,,Heidelberg vs. Ohio Northern vs. Bethel (IN)
Bethel University (Indiana),8024,1000 Free,3,11:41.20,Ava Kantz,,"BU vs. LWU, HC, NCC"
Bethel University (Indiana),8024,1650 Free,1,17:57.10,Lizzie Williams,,Malone Invitational
Bethel University (Indiana),8024,1650 Free,2,19:13.23,Ava Kantz,,Kansas Collegiate Athletic Conference Championships
Bethel University (Indiana),8024,200 Back,1,2:07.74,Avery Woods,,Kansas Collegiate Athletic Conference Championships
Bethel University (Indiana),8024,200 Back,2,2:09.10,Aixa Recchioni,,"Bethel vs. Anderson, Indiana Wesleyan"
Bethel University (Indiana),8024,200 Back,3,2:12.02,Isabel Leader,,"Bethel vs Alma, Aquinas, Olivet"
Bethel University (Indiana),8024,200 Back,4,2:14.32,Ella Wardle,,"Bethel vs. Anderson, Indiana Wesleyan"
Bethel University (Indiana),8024,200 Back,5,2:25.55,Ada Klint,,"Bethel vs Alma, Aquinas, Olivet"
Bethel University (Indiana),8024,200 Back,6,2:31.02,Makalynn VanEerden,,Heidelberg vs. Ohio Northern vs. Bethel (IN)
Bethel University (Indiana),8024,200 Breast,1,2:24.71,Teagan Risher,,Kansas Collegiate Athletic Conference Championships
Bethel University (Indiana),8024,200 Breast,2,2:26.84,Ella Wardle,,Kansas Collegiate Athletic Conference Championships
Bethel University (Indiana),8024,200 Breast,3,2:29.73,Makalynn VanEerden,,"Bethel vs Alma, Aquinas, Olivet"
Bethel University (Indiana),8024,200 Breast,4,2:39.14,Sarah Graves,,"Bethel vs Alma, Aquinas, Olivet"
Bethel University (Indiana),8024,200 Breast,5,2:42.06,Charlie Drew,,Bethel vs. Olivet Nazarene
Bethel University (Indiana),8024,200 Fly,1,2:06.46,Avery Woods,,NAIA National Championships
Bethel University (Indiana),8024,200 Fly,2,2:10.60,Ella Sherwood,,NAIA National Championships
Bethel University (Indiana),8024,200 Fly,3,2:13.68,Charlie Drew,,Malone Invitational
Bethel University (Indiana),8024,200 Fly,4,2:29.68,Eliza Nuet,,Heidelberg vs. Ohio Northern vs. Bethel (IN)
Bethel University (Indiana),8024,200 Free,1,1:51.17,Jaylyn Harrison,,NAIA National Championships
Bethel University (Indiana),8024,200 Free,2,1:53.55,Aixa Recchioni,,NAIA National Championships
Bethel University (Indiana),8024,200 Free,3,1:58.22,Addison Jones,,Kansas Collegiate Athletic Conference Championships
Bethel University (Indiana),8024,200 Free,4,2:01.93,Isabel Leader,,"Bethel vs Alma, Aquinas, Olivet"
Bethel University (Indiana),8024,200 Free,5,2:02.09,Lizzie Williams,,Malone Invitational
Bethel University (Indiana),8024,200 Free,6,2:03.50,Avery Woods,,"Bethel vs. Anderson, Indiana Wesleyan"
Bethel University (Indiana),8024,200 Free,7,2:04.52,Ava Kantz,,Malone Invitational
Bethel University (Indiana),8024,200 Free,8,2:06.66,Ella Sherwood,,"Bethel vs Alma, Aquinas, Olivet"
Bethel University (Indiana),8024,200 Free,9,2:06.97,Ada Klint,,Malone Invitational
Bethel University (Indiana),8024,200 Free,10,2:11.95,Makalynn VanEerden,,"Bethel vs Alma, Aquinas, Olivet"
Bethel University (Indiana),8024,200 Im,1,2:07.42,Ella Wardle,,Kansas Collegiate Athletic Conference Championships
Bethel University (Indiana),8024,200 Im,2,2:12.27,Teagan Risher,,NAIA National Championships
Bethel University (Indiana),8024,200 Im,3,2:12.97,Eliza Nuet,,Malone Invitational
Bethel University (Indiana),8024,200 Im,4,2:14.65,Ella Sherwood,,NAIA National Championships
Bethel University (Indiana),8024,200 Im,5,2:18.68,Charlie Drew,,Kansas Collegiate Athletic Conference Championships
Bethel University (Indiana),8024,200 Im,6,2:19.89,Makalynn VanEerden,,Malone Invitational
Bethel University (Indiana),8024,200 Im,7,2:28.15,Lizzie Williams,,Valpo vs Bethel
Bethel University (Indiana),8024,200 Im,8,2:36.57,Isabela Nuet,,Bethel vs. Olivet Nazarene
Bethel University (Indiana),8024,400 Im,1,4:32.59,Ella Wardle,,Kansas Collegiate Athletic Conference Championships
Bethel University (Indiana),8024,400 Im,2,4:50.16,Lizzie Williams,,Kansas Collegiate Athletic Conference Championships
Bethel University (Indiana),8024,400 Im,3,5:15.41,Charlie Drew,,"BU vs. LWU, HC, NCC"
Bethel University (Indiana),8024,400 Im,4,5:25.85,Isabela Nuet,,Malone Invitational
Bethel University (Indiana),8024,50 Free,1,23.52,Jaylyn Harrison,,NAIA National Championships
Bethel University (Indiana),8024,50 Free,2,23.93,Aixa Recchioni,,NAIA National Championships
Bethel University (Indiana),8024,50 Free,3,24.47,Eliza Nuet,,"Bethel vs Alma, Aquinas, Olivet"
Bethel University (Indiana),8024,50 Free,4,25.74,Ella Wardle,,Malone Invitational
Bethel University (Indiana),8024,50 Free,5,26.18,Isabela Nuet,,Kansas Collegiate Athletic Conference Championships
Bethel University (Indiana),8024,50 Free,6,26.21,Addison Jones,,Malone Invitational
Bethel University (Indiana),8024,50 Free,7,26.61,Isabel Leader,,Malone Invitational
Bethel University (Indiana),8024,50 Free,8,26.80,Ava Kantz,,"Bethel vs Alma, Aquinas, Olivet"
Bethel University (Indiana),8024,50 Free,9,26.93,Avery Woods,,Heidelberg vs. Ohio Northern vs. Bethel (IN)
Bethel University (Indiana),8024,50 Free,10,27.33,Ada Klint,,"Bethel vs Alma, Aquinas, Olivet"
Bethel University (Indiana),8024,500 Free,1,5:12.73,Jaylyn Harrison,,"Bethel vs Alma, Aquinas, Olivet"
Bethel University (Indiana),8024,500 Free,2,5:12.95,Lizzie Williams,,Kansas Collegiate Athletic Conference Championships
Bethel University (Indiana),8024,500 Free,3,5:18.08,Addison Jones,,Kansas Collegiate Athletic Conference Championships
Bethel University (Indiana),8024,500 Free,4,5:29.82,Isabel Leader,,Malone Invitational
Bethel University (Indiana),8024,500 Free,5,5:32.44,Ava Kantz,,Kansas Collegiate Athletic Conference Championships
Campbellsville University,541,100 Back,1,1:01.24,Natasha Maracci,,Mid-South Conference Championships
Campbellsville University,541,100 Back,2,1:03.62,Sofia Tricoli,,Centre Invitational
Campbellsville University,541,100 Back,3,1:04.22,Ellie Eisses,,Centre Invitational
Campbellsville University,541,100 Back,4,1:14.93,Chloe Little,,Campbellsville vs. UTS 2025
Campbellsville University,541,100 Back,5,1:19.25,Adriana Castro coronado,,13th Annual Fall Frenzy
Campbellsville University,541,100 Breast,1,1:04.79,Marlien Crewe-Brown,,NAIA National Championships
Campbellsville University,541,100 Breast,2,1:12.59,Chloe Little,,Mid-South Conference Championships
Campbellsville University,541,100 Breast,3,1:17.61,Sarah Faith Biveghe Ghuitou,,Mid-South Conference Championships
Campbellsville University,541,100 Breast,4,1:19.78,Marissa Toms,,Campbellsville vs. UTS 2025
Campbellsville University,541,100 Breast,5,1:21.35,Reagan Reany,,Centre vs. Midway vs. Campbellsville
Campbellsville University,541,100 Breast,6,1:24.81,Melanie Vogeler,,Centre vs. Midway vs. Campbellsville
Campbellsville University,541,100 Fly,1,1:02.96,Victoria Lanza,,Centre vs. Midway vs. Campbellsville
Campbellsville University,541,100 Fly,2,1:03.62,Sofia Tricoli,,Mid-South Conference Championships
Campbellsville University,541,100 Fly,3,1:06.02,Natasha Maracci,,Campbellsville vs. IWU
Campbellsville University,541,100 Fly,4,1:06.26,Marissa Toms,,Centre Invitational
Campbellsville University,541,100 Fly,5,1:06.39,Evelina Lemon,,Mid-South Conference Championships
Campbellsville University,541,100 Fly,6,1:12.47,Reagan Reany,,Centre vs. Midway vs. Campbellsville
Campbellsville University,541,100 Free,1,57.00,Marlien Crewe-Brown,,Mid-South Conference Championships
Campbellsville University,541,100 Free,2,57.82,Ellie Eisses,,Centre Invitational
Campbellsville University,541,100 Free,3,58.03,Charlotte Stull,,Mid-South Conference Championships
Campbellsville University,541,100 Free,4,58.18,Victoria Lanza,,Campbellsville vs. UTS 2025
Campbellsville University,541,100 Free,5,58.61,Natasha Maracci,,Centre Invitational
Campbellsville University,541,100 Free,6,58.63,Chloe Little,,Mid-South Conference Championships
Campbellsville University,541,100 Free,7,59.68,Evelina Lemon,,Centre vs. Midway vs. Campbellsville
Campbellsville University,541,100 Free,8,1:00.66,Sofia Tricoli,,Highway 55 Last Chance Invitational
Campbellsville University,541,100 Free,9,1:01.48,Marissa Toms,,Asbury vs. Campbellsville
Campbellsville University,541,100 Free,10,1:03.91,Clara Katarina Bjorkegren,,Colonel Classic
Campbellsville University,541,1000 Free,1,11:42.83,Clara Katarina Bjorkegren,,Mid-South Conference Championships
Campbellsville University,541,1000 Free,2,12:16.74,Adison Melton,,Mid-South Conference Championships
Campbellsville University,541,1000 Free,3,12:18.10,Charlotte Stull,,Asbury vs. Campbellsville
Campbellsville University,541,1000 Free,4,12:28.82,Melanie Vogeler,,Mid-South Conference Championships
Campbellsville University,541,1000 Free,5,13:48.28,Reagan Reany,,Campbellsville vs. UTS 2025
Campbellsville University,541,1650 Free,1,19:19.35,Clara Katarina Bjorkegren,,Mid-South Conference Championships
Campbellsville University,541,1650 Free,2,20:23.06,Adison Melton,,Mid-South Conference Championships
Campbellsville University,541,1650 Free,3,20:38.56,Melanie Vogeler,,Mid-South Conference Championships
Campbellsville University,541,200 Back,1,2:15.45,Natasha Maracci,,Centre Invitational
Campbellsville University,541,200 Back,2,2:20.38,Sofia Tricoli,,Centre Invitational
Campbellsville University,541,200 Back,3,2:52.51,Adriana Castro coronado,,Lindsey Wilson vs. Campbellsville
Campbellsville University,541,200 Breast,1,2:22.04,Marlien Crewe-Brown,,Mid-South Conference Championships
Campbellsville University,541,200 Breast,2,2:41.61,Marissa Toms,,Centre Invitational
Campbellsville University,541,200 Breast,3,2:48.60,Chloe Little,,Lindsey Wilson vs. Campbellsville
Campbellsville University,541,200 Breast,4,2:57.34,Sarah Faith Biveghe Ghuitou,,Centre Invitational
Campbellsville University,541,200 Breast,5,3:04.55,Reagan Reany,,Highway 55 Last Chance Invitational
Campbellsville University,541,200 Fly,1,2:22.65,Victoria Lanza,,Lindsey Wilson vs. Campbellsville
Campbellsville University,541,200 Fly,2,2:28.38,Evelina Lemon,,Centre Invitational
Campbellsville University,541,200 Free,1,1:58.56,Victoria Lanza,,Mid-South Conference Championships
Campbellsville University,541,200 Free,2,2:05.66,Clara Katarina Bjorkegren,,Mid-South Conference Championships
Campbellsville University,541,200 Free,3,2:05.85,Charlotte Stull,,Mid-South Conference Championships
Campbellsville University,541,200 Free,4,2:09.01,Evelina Lemon,,Asbury vs. Campbellsville
Campbellsville University,541,200 Free,5,2:09.91,Sofia Tricoli,,Centre vs. Midway vs. Campbellsville
Campbellsville University,541,200 Free,6,2:10.52,Adison Melton,,Mid-South Conference Championships
Campbellsville University,541,200 Free,7,2:16.82,Melanie Vogeler,,Mid-South Conference Championships
Campbellsville University,541,200 Free,8,2:17.36,Ellie Eisses,,Lindsey Wilson vs. Campbellsville
Campbellsville University,541,200 Im,1,2:17.37,Natasha Maracci,,Mid-South Conference Championships
Campbellsville University,541,200 Im,2,2:21.61,Chloe Little,,Mid-South Conference Championships
Campbellsville University,541,200 Im,3,2:24.76,Marissa Toms,,Centre Invitational
Campbellsville University,541,200 Im,4,2:28.12,Charlotte Stull,,13th Annual Fall Frenzy
Campbellsville University,541,200 Im,5,2:29.41,Evelina Lemon,,Centre vs. Midway vs. Campbellsville
Campbellsville University,541,200 Im,6,2:31.49,Reagan Reany,,Centre Invitational
Campbellsville University,541,400 Im,1,5:06.77,Marissa Toms,,Centre Invitational
Campbellsville University,541,400 Im,2,5:23.54,Reagan Reany,,Centre Invitational
Campbellsville University,541,50 Free,1,25.44,Marlien Crewe-Brown,,Mid-South Conference Championships
Campbellsville University,541,50 Free,2,26.44,Ellie Eisses,,Centre Invitational
Campbellsville University,541,50 Free,3,26.46,Victoria Lanza,,Centre Invitational
Campbellsville University,541,50 Free,4,26.67,Charlotte Stull,,Mid-South Conference Championships
Campbellsville University,541,50 Free,5,27.56,Natasha Maracci,,Centre Invitational
Campbellsville University,541,50 Free,6,27.71,Chloe Little,,13th Annual Fall Frenzy
Campbellsville University,541,50 Free,7,27.75,Evelina Lemon,,Mid-South Conference Championships
Campbellsville University,541,50 Free,8,27.99,Sofia Tricoli,,Centre Invitational
Campbellsville University,541,50 Free,9,28.19,Sarah Faith Biveghe Ghuitou,,Centre Invitational
Campbellsville University,541,50 Free,10,29.27,Marissa Toms,,Asbury vs. Campbellsville
Campbellsville University,541,500 Free,1,5:29.67,Victoria Lanza,,Mid-South Conference Championships
Campbellsville University,541,500 Free,2,5:29.86,Clara Katarina Bjorkegren,,Mid-South Conference Championships
Campbellsville University,541,500 Free,3,5:43.51,Charlotte Stull,,Centre Invitational
Campbellsville University,541,500 Free,4,5:50.48,Sofia Tricoli,,Centre Invitational
Campbellsville University,541,500 Free,5,5:53.61,Adison Melton,,Mid-South Conference Championships
Campbellsville University,541,500 Free,6,5:54.96,Evelina Lemon,,13th Annual Fall Frenzy
Campbellsville University,541,500 Free,7,5:57.59,Melanie Vogeler,,Mid-South Conference Championships
Campbellsville University,541,500 Free,8,6:21.60,Reagan Reany,,Lindsey Wilson vs. Campbellsville
College of Idaho,365,100 Back,1,1:05.20,Sophie Mottishaw,,Logger Invitational
College of Idaho,365,100 Back,2,1:17.97,Lily Schroer,,NW Collegiate Invitational
College of Idaho,365,100 Breast,1,1:18.06,Shae Arnold,,NW Collegiate Invitational
College of Idaho,365,100 Fly,1,1:03.87,Sophie Mottishaw,,Logger Invitational
College of Idaho,365,100 Free,1,57.85,Shae Arnold,,Logger Invitational
College of Idaho,365,100 Free,2,58.47,Sophie Mottishaw,,NW Collegiate Invitational
College of Idaho,365,100 Free,3,59.91,Lily Schroer,,George Fox vs. College of Idaho
College of Idaho,365,1000 Free,1,12:15.84,Lily Schroer,,George Fox vs. College of Idaho
College of Idaho,365,1000 Free,2,12:21.53,Reese Kerr,,Great Southwest Athletic Conference Championship
College of Idaho,365,1650 Free,1,20:18.05,Lily Schroer,,Great Southwest Athletic Conference Championship
College of Idaho,365,1650 Free,2,20:38.39,Reese Kerr,,Great Southwest Athletic Conference Championship
College of Idaho,365,200 Back,1,2:29.64,Sophie Mottishaw,,UCSC Slug Shootout
College of Idaho,365,200 Breast,1,2:48.10,Shae Arnold,,UCSC Slug Shootout
College of Idaho,365,200 Free,1,2:11.39,Lily Schroer,,NW Collegiate Invitational
College of Idaho,365,200 Free,2,2:16.29,Reese Kerr,,Great Southwest Athletic Conference Championship
College of Idaho,365,200 Im,1,2:33.05,Sophie Mottishaw,,George Fox vs. College of Idaho
College of Idaho,365,200 Im,2,2:42.55,Reese Kerr,,George Fox vs. College of Idaho
College of Idaho,365,50 Free,1,26.55,Lily Schroer,,Logger Invitational
College of Idaho,365,50 Free,2,26.63,Shae Arnold,,Great Southwest Athletic Conference Championship
College of Idaho,365,50 Free,3,27.87,Sophie Mottishaw,,NW Collegiate Invitational
College of Idaho,365,500 Free,1,5:42.30,Lily Schroer,,Great Southwest Athletic Conference Championship
College of Idaho,365,500 Free,2,5:42.82,Sophie Mottishaw,,Logger Invitational
College of Idaho,365,500 Free,3,6:01.35,Reese Kerr,,Great Southwest Athletic Conference Championship
Columbia College (SC),10004938,100 Back,1,1:13.22,Sabrina Schiavon,,Keydet Invitational
Columbia College (SC),10004938,100 Back,2,1:14.93,Anna Hardwick,,Appalachian Athletic Conference Championships
Columbia College (SC),10004938,100 Back,3,1:17.10,Annabelle Lee,,Appalachian Athletic Conference Championships
Columbia College (SC),10004938,100 Breast,1,1:06.65,Grace Boyce,,Appalachian Athletic Conference Championships
Columbia College (SC),10004938,100 Breast,2,1:19.23,Sabrina Schiavon,,Keydet Invitational
Columbia College (SC),10004938,100 Breast,3,1:29.18,Anna Hardwick,,Piedmont vs Columbia College
Columbia College (SC),10004938,100 Fly,1,1:06.46,Giuliana Schiavon,,Keydet Invitational
Columbia College (SC),10004938,100 Fly,2,1:23.40,Anna Hardwick,,Keydet Invitational
Columbia College (SC),10004938,100 Fly,3,1:31.14,Ashlee Whitaker,,Appalachian Athletic Conference Championships
Columbia College (SC),10004938,100 Free,1,55.03,Grace Boyce,,Keydet Invitational
Columbia College (SC),10004938,100 Free,2,1:06.07,Sabrina Schiavon,,2025 Piedmont v. Brenau v. CC
Columbia College (SC),10004938,100 Free,3,1:08.36,Isabelle Jensen,,Piedmont vs Columbia College
Columbia College (SC),10004938,100 Free,4,1:13.57,Ashlee Whitaker,,Appalachian Athletic Conference Championships
Columbia College (SC),10004938,1000 Free,1,13:39.71,Anna Hardwick,,Appalachian Athletic Conference Championships
Columbia College (SC),10004938,1650 Free,1,22:43.40,Anna Hardwick,,Appalachian Athletic Conference Championships
Columbia College (SC),10004938,200 Back,1,2:49.16,Annabelle Lee,,Appalachian Athletic Conference Championships
Columbia College (SC),10004938,200 Breast,1,2:24.68,Grace Boyce,,Keydet Invitational
Columbia College (SC),10004938,200 Breast,2,2:53.37,Sabrina Schiavon,,Appalachian Athletic Conference Championships
Columbia College (SC),10004938,200 Fly,1,2:28.72,Grace Boyce,,"Greensboro vs CC, RC"
Columbia College (SC),10004938,200 Fly,2,2:37.59,Giuliana Schiavon,,Keydet Invitational
Columbia College (SC),10004938,200 Free,1,2:05.58,Grace Boyce,,Appalachian Athletic Conference Championships
Columbia College (SC),10004938,200 Free,2,2:50.44,Ashlee Whitaker,,Piedmont vs Columbia College
Columbia College (SC),10004938,200 Im,1,2:08.71,Grace Boyce,,Keydet Invitational
Columbia College (SC),10004938,200 Im,2,2:30.32,Giuliana Schiavon,,Keydet Invitational
Columbia College (SC),10004938,200 Im,3,2:40.22,Sabrina Schiavon,,Appalachian Athletic Conference Championships
Columbia College (SC),10004938,200 Im,4,2:41.05,Anna Hardwick,,Keydet Invitational
Columbia College (SC),10004938,400 Im,1,5:44.70,Anna Hardwick,,Appalachian Athletic Conference Championships
Columbia College (SC),10004938,50 Free,1,25.16,Grace Boyce,,Keydet Invitational
Columbia College (SC),10004938,50 Free,2,29.57,Sabrina Schiavon,,2025 Piedmont v. Brenau v. CC
Columbia College (SC),10004938,50 Free,3,31.07,Isabelle Jensen,,Piedmont vs Columbia College
Columbia College (SC),10004938,50 Free,4,31.32,Annabelle Lee,,Appalachian Athletic Conference Championships
Columbia College (SC),10004938,50 Free,5,35.03,Ashlee Whitaker,,Appalachian Athletic Conference Championships
Columbia College (SC),10004938,500 Free,1,7:00.56,Sabrina Schiavon,,Piedmont vs Columbia College
Dordt University,10037824,100 Back,1,1:01.76,Lucy Borofka,,Kansas Collegiate Athletic Conference Championships
Dordt University,10037824,100 Back,2,1:08.75,Paige Corkill,,Augie Winter Invitational
Dordt University,10037824,100 Back,3,1:09.74,Aubrey Hoezee,,Augie Winter Invitational
Dordt University,10037824,100 Back,4,1:10.32,Mallory Warmka,,KCAC Repaired Upload
Dordt University,10037824,100 Back,5,1:12.16,Emily Bandelin,,Augie Winter Invitational
Dordt University,10037824,100 Breast,1,1:12.44,Ellie Junk,,Kansas Collegiate Athletic Conference Championships
Dordt University,10037824,100 Breast,2,1:17.50,Isabelle Habashy,,Morningside vs Dordt
Dordt University,10037824,100 Breast,3,1:20.35,Ashley Torner,,GPAC Invitational
Dordt University,10037824,100 Breast,4,1:22.37,Emily Bandelin,,Morningside vs Dordt
Dordt University,10037824,100 Fly,1,1:04.41,Emily Bandelin,,Kansas Collegiate Athletic Conference Championships
Dordt University,10037824,100 Fly,2,1:04.87,Lucy Borofka,,Augie Winter Invitational
Dordt University,10037824,100 Fly,3,1:08.19,Ashley Torner,,Kansas Collegiate Athletic Conference Championships
Dordt University,10037824,100 Fly,4,1:11.40,Isabelle Habashy,,2026 Grinnell Invite
Dordt University,10037824,100 Fly,5,1:13.78,Paige Corkill,,2026 Grinnell Invite
Dordt University,10037824,100 Free,1,54.25,Lucy Borofka,,Kansas Collegiate Athletic Conference Championships
Dordt University,10037824,100 Free,2,56.26,Paige Corkill,,Augie Winter Invitational
Dordt University,10037824,100 Free,3,57.36,Aubrey Hoezee,,Kansas Collegiate Athletic Conference Championships
Dordt University,10037824,100 Free,4,58.33,Emily Bandelin,,Kansas Collegiate Athletic Conference Championships
Dordt University,10037824,100 Free,5,58.59,Grace Baker,,Kansas Collegiate Athletic Conference Championships
Dordt University,10037824,100 Free,6,1:12.38,Ashley Torner,,Spire Relays
Dordt University,10037824,1000 Free,1,12:28.76,Ashley Torner,,Morningside vs Dordt
Dordt University,10037824,1650 Free,1,20:05.27,Ashley Torner,,Augie Winter Invitational
Dordt University,10037824,200 Back,1,2:27.91,Mallory Warmka,,Kansas Collegiate Athletic Conference Championships
Dordt University,10037824,200 Back,2,2:37.44,Aubrey Hoezee,,Augie Winter Invitational
Dordt University,10037824,200 Back,3,2:39.22,Paige Corkill,,2026 Grinnell Invite
Dordt University,10037824,200 Back,4,2:44.13,Emily Bandelin,,2026 Grinnell Invite
Dordt University,10037824,200 Breast,1,2:40.68,Ellie Junk,,Kansas Collegiate Athletic Conference Championships
Dordt University,10037824,200 Breast,2,2:42.29,Ashley Torner,,Kansas Collegiate Athletic Conference Championships
Dordt University,10037824,200 Breast,3,2:51.95,Isabelle Habashy,,Augie Winter Invitational
Dordt University,10037824,200 Fly,1,2:30.02,Emily Bandelin,,Kansas Collegiate Athletic Conference Championships
Dordt University,10037824,200 Free,1,2:01.89,Lucy Borofka,,KCAC Repaired Upload
Dordt University,10037824,200 Free,2,2:04.95,Paige Corkill,,Kansas Collegiate Athletic Conference Championships
Dordt University,10037824,200 Free,3,2:12.83,Mallory Warmka,,Augie Winter Invitational
Dordt University,10037824,200 Free,4,2:14.58,Ashley Torner,,GPAC Invitational
Dordt University,10037824,200 Free,5,2:17.06,Ellie Junk,,2026 Grinnell Invite
Dordt University,10037824,200 Free,6,2:18.82,Grace Baker,,Kansas Collegiate Athletic Conference Championships
Dordt University,10037824,200 Free,7,2:19.07,Emily Bandelin,,2026 Grinnell Invite
Dordt University,10037824,200 Free,8,2:20.72,Aubrey Hoezee,,Morningside vs Dordt
Dordt University,10037824,200 Free,9,2:22.84,Isabelle Habashy,,Morningside vs Dordt
Dordt University,10037824,200 Im,1,2:26.95,Ashley Torner,,Kansas Collegiate Athletic Conference Championships
Dordt University,10037824,200 Im,2,2:31.20,Mallory Warmka,,Augie Winter Invitational
Dordt University,10037824,200 Im,3,2:43.05,Isabelle Habashy,,Augie Winter Invitational
Dordt University,10037824,400 Im,1,5:10.72,Ashley Torner,,Kansas Collegiate Athletic Conference Championships
Dordt University,10037824,400 Im,2,5:24.44,Paige Corkill,,2026 Grinnell Invite
Dordt University,10037824,50 Free,1,25.13,Lucy Borofka,,Kansas Collegiate Athletic Conference Championships
Dordt University,10037824,50 Free,2,25.52,Paige Corkill,,Kansas Collegiate Athletic Conference Championships
Dordt University,10037824,50 Free,3,25.74,Ellie Junk,,Augie Winter Invitational
Dordt University,10037824,50 Free,4,26.07,Aubrey Hoezee,,Kansas Collegiate Athletic Conference Championships
Dordt University,10037824,50 Free,5,26.14,Grace Baker,,Augie Winter Invitational
Dordt University,10037824,50 Free,6,27.40,Emily Bandelin,,Kansas Collegiate Athletic Conference Championships
Dordt University,10037824,50 Free,7,28.48,Mallory Warmka,,Augie Winter Invitational
Dordt University,10037824,50 Free,8,33.32,Ashley Torner,,Spire Relays
Dordt University,10037824,500 Free,1,5:55.25,Ashley Torner,,Augie Winter Invitational
Dordt University,10037824,500 Free,2,6:39.66,Grace Baker,,2026 Grinnell Invite
Indiana Wesleyan University,10009088,100 Back,1,59.18,Reyna Hoffman,,Mid-South Conference Championships
Indiana Wesleyan University,10009088,100 Back,2,1:01.87,Emma Green,,Mid-South Conference Championships
Indiana Wesleyan University,10009088,100 Back,3,1:04.17,Marta Sinsabaugh,,Colonel Classic
Indiana Wesleyan University,10009088,100 Back,4,1:06.03,Katie McKay,,Colonel Classic
Indiana Wesleyan University,10009088,100 Back,5,1:08.62,Tristin Weaver,,Midway vs. Shawnee State vs. Indiana Wesleyan
Indiana Wesleyan University,10009088,100 Back,6,1:10.53,Ellie Hayward,,Midway vs. Shawnee State vs. Indiana Wesleyan
Indiana Wesleyan University,10009088,100 Back,7,1:12.61,Keira Miller,,Calvin Winter Invitational
Indiana Wesleyan University,10009088,100 Back,8,1:13.27,Lucy Guimond,,Colonel Classic
Indiana Wesleyan University,10009088,100 Breast,1,1:06.69,Emma Bledsoe,,Calvin Winter Invitational
Indiana Wesleyan University,10009088,100 Breast,2,1:11.77,Chloe Rhodenizer,,Colonel Classic
Indiana Wesleyan University,10009088,100 Breast,3,1:11.80,Hannah Brown,,Mid-South Conference Championships
Indiana Wesleyan University,10009088,100 Breast,4,1:11.93,Aubrie Sparling,,Calvin Winter Invitational
Indiana Wesleyan University,10009088,100 Breast,5,1:12.48,Ellie Hayward,,Mid-South Conference Championships
Indiana Wesleyan University,10009088,100 Breast,6,1:12.61,Reyna Hoffman,,"Bethel vs. Anderson, Indiana Wesleyan"
Indiana Wesleyan University,10009088,100 Breast,7,1:14.39,Mia Field,,Shawnee St @ IWU
Indiana Wesleyan University,10009088,100 Breast,8,1:15.66,Katie McKay,,Midway vs. Shawnee State vs. Indiana Wesleyan
Indiana Wesleyan University,10009088,100 Breast,9,1:16.41,Makenna Beall,,Dan Ross Invitational
Indiana Wesleyan University,10009088,100 Breast,10,1:18.81,Marissa Howett,,Colonel Classic
Indiana Wesleyan University,10009088,100 Fly,1,56.51,Chloe Rhodenizer,,NAIA National Championships
Indiana Wesleyan University,10009088,100 Fly,2,57.41,Marta Sinsabaugh,,Mid-South Conference Championships
Indiana Wesleyan University,10009088,100 Fly,3,59.66,Mia Field,,Mid-South Conference Championships
Indiana Wesleyan University,10009088,100 Fly,4,1:00.89,Gracielinn Hill,,Mid-South Conference Championships
Indiana Wesleyan University,10009088,100 Fly,5,1:03.55,Makenna Beall,,"Bethel vs. Anderson, Indiana Wesleyan"
Indiana Wesleyan University,10009088,100 Fly,6,1:04.69,Emma Green,,Shawnee St @ IWU
Indiana Wesleyan University,10009088,100 Fly,7,1:04.81,Reyna Hoffman,,Indiana Wesleyan vs. Midway
Indiana Wesleyan University,10009088,100 Fly,8,1:05.81,Emma Bledsoe,,Colonel Classic
Indiana Wesleyan University,10009088,100 Fly,9,1:05.96,Hannah Brown,,Calvin Winter Invitational
Indiana Wesleyan University,10009088,100 Fly,10,1:08.36,Mackenzie Denigan,,Mid-South Conference Championships
Indiana Wesleyan University,10009088,100 Free,1,52.55,Marta Sinsabaugh,,Mid-South Conference Championships
Indiana Wesleyan University,10009088,100 Free,2,53.79,Marissa Howett,,Mid-South Conference Championships
Indiana Wesleyan University,10009088,100 Free,3,54.13,Chloe Rhodenizer,,NAIA National Championships
Indiana Wesleyan University,10009088,100 Free,4,55.02,Katie McKay,,Mid-South Conference Championships
Indiana Wesleyan University,10009088,100 Free,5,55.23,Tristin Weaver,,Calvin Winter Invitational
Indiana Wesleyan University,10009088,100 Free,6,56.31,Gracielinn Hill,,Mid-South Conference Championships
Indiana Wesleyan University,10009088,100 Free,7,58.83,Mia Field,,13th Annual Fall Frenzy
Indiana Wesleyan University,10009088,100 Free,8,59.75,Lucy Guimond,,Mid-South Conference Championships
Indiana Wesleyan University,10009088,100 Free,9,1:00.12,Keira Miller,,Mid-South Conference Championships
Indiana Wesleyan University,10009088,100 Free,10,1:00.27,Mackenzie Denigan,,Dan Ross Invitational
Indiana Wesleyan University,10009088,1000 Free,1,11:08.39,Makenna Beall,,Mid-South Conference Championships
Indiana Wesleyan University,10009088,1000 Free,2,11:28.01,Gracielinn Hill,,Mid-South Conference Championships
Indiana Wesleyan University,10009088,1000 Free,3,11:44.23,Mackenzie Denigan,,Calvin Winter Invitational
Indiana Wesleyan University,10009088,1000 Free,4,11:49.67,Chloe Rhodenizer,,13th Annual Fall Frenzy
Indiana Wesleyan University,10009088,1000 Free,5,12:13.19,Hannah Brown,,Shawnee St @ IWU
Indiana Wesleyan University,10009088,1000 Free,6,12:19.04,Tristin Weaver,,Indiana Wesleyan vs. Midway
Indiana Wesleyan University,10009088,1650 Free,1,18:23.25,Makenna Beall,,Mid-South Conference Championships
Indiana Wesleyan University,10009088,1650 Free,2,19:03.27,Gracielinn Hill,,Mid-South Conference Championships
Indiana Wesleyan University,10009088,1650 Free,3,19:37.40,Mackenzie Denigan,,Calvin Winter Invitational
Indiana Wesleyan University,10009088,1650 Free,4,19:39.90,Chloe Rhodenizer,,13th Annual Fall Frenzy
Indiana Wesleyan University,10009088,200 Back,1,2:09.53,Reyna Hoffman,,Mid-South Conference Championships
Indiana Wesleyan University,10009088,200 Back,2,2:13.43,Emma Green,,Mid-South Conference Championships
Indiana Wesleyan University,10009088,200 Back,3,2:21.85,Mackenzie Denigan,,Mid-South Conference Championships
Indiana Wesleyan University,10009088,200 Back,4,2:32.15,Tristin Weaver,,Colonel Classic
Indiana Wesleyan University,10009088,200 Breast,1,2:24.00,Emma Bledsoe,,Bethel Last Chance Invite
Indiana Wesleyan University,10009088,200 Breast,2,2:33.92,Hannah Brown,,Mid-South Conference Championships
Indiana Wesleyan University,10009088,200 Breast,3,2:34.42,Chloe Rhodenizer,,Shawnee St @ IWU
Indiana Wesleyan University,10009088,200 Breast,4,2:37.32,Mia Field,,Mid-South Conference Championships
Indiana Wesleyan University,10009088,200 Breast,5,2:38.80,Ellie Hayward,,Mid-South Conference Championships
Indiana Wesleyan University,10009088,200 Breast,6,2:38.81,Aubrie Sparling,,Mid-South Conference Championships
Indiana Wesleyan University,10009088,200 Fly,1,2:06.76,Chloe Rhodenizer,,NAIA National Championships
Indiana Wesleyan University,10009088,200 Fly,2,2:15.82,Gracielinn Hill,,Calvin Winter Invitational
Indiana Wesleyan University,10009088,200 Free,1,1:59.56,Makenna Beall,,Mid-South Conference Championships
Indiana Wesleyan University,10009088,200 Free,2,1:59.81,Marta Sinsabaugh,,Calvin Winter Invitational
Indiana Wesleyan University,10009088,200 Free,3,1:59.90,Marissa Howett,,Mid-South Conference Championships
Indiana Wesleyan University,10009088,200 Free,4,2:01.34,Katie McKay,,Calvin Winter Invitational
Indiana Wesleyan University,10009088,200 Free,5,2:02.44,Chloe Rhodenizer,,Indiana Wesleyan vs. Midway
Indiana Wesleyan University,10009088,200 Free,6,2:02.71,Tristin Weaver,,Mid-South Conference Championships
Indiana Wesleyan University,10009088,200 Free,7,2:04.47,Gracielinn Hill,,Calvin Winter Invitational
Indiana Wesleyan University,10009088,200 Free,8,2:07.16,Mackenzie Denigan,,Shawnee St @ IWU
Indiana Wesleyan University,10009088,200 Free,9,2:08.29,Lucy Guimond,,Mid-South Conference Championships
Indiana Wesleyan University,10009088,200 Free,10,2:08.40,Ellie Hayward,,Colonel Classic
Indiana Wesleyan University,10009088,200 Im,1,2:10.04,Chloe Rhodenizer,,Mid-South Conference Championships
Indiana Wesleyan University,10009088,200 Im,2,2:13.75,Reyna Hoffman,,Mid-South Conference Championships
Indiana Wesleyan University,10009088,200 Im,3,2:14.11,Emma Bledsoe,,Mid-South Conference Championships
Indiana Wesleyan University,10009088,200 Im,4,2:18.80,Makenna Beall,,Midway vs. Shawnee State vs. Indiana Wesleyan
Indiana Wesleyan University,10009088,200 Im,5,2:18.90,Marta Sinsabaugh,,Colonel Classic
Indiana Wesleyan University,10009088,200 Im,6,2:22.24,Mackenzie Denigan,,Mid-South Conference Championships
Indiana Wesleyan University,10009088,200 Im,7,2:23.59,Mia Field,,"Bethel vs. Anderson, Indiana Wesleyan"
Indiana Wesleyan University,10009088,200 Im,8,2:24.23,Aubrie Sparling,,Calvin Winter Invitational
Indiana Wesleyan University,10009088,200 Im,9,2:26.89,Gracielinn Hill,,Campbellsville vs. IWU
Indiana Wesleyan University,10009088,200 Im,10,2:28.75,Ellie Hayward,,Indiana Wesleyan vs. Midway
Indiana Wesleyan University,10009088,400 Im,1,4:43.27,Makenna Beall,,Mid-South Conference Championships
Indiana Wesleyan University,10009088,400 Im,2,4:53.77,Gracielinn Hill,,Mid-South Conference Championships
Indiana Wesleyan University,10009088,400 Im,3,5:02.84,Mackenzie Denigan,,Mid-South Conference Championships
Indiana Wesleyan University,10009088,50 Free,1,23.86,Marta Sinsabaugh,,Mid-South Conference Championships
Indiana Wesleyan University,10009088,50 Free,2,24.68,Chloe Rhodenizer,,NAIA National Championships
Indiana Wesleyan University,10009088,50 Free,3,24.92,Marissa Howett,,Mid-South Conference Championships
Indiana Wesleyan University,10009088,50 Free,4,25.14,Mia Field,,Calvin Winter Invitational
Indiana Wesleyan University,10009088,50 Free,5,25.26,Tristin Weaver,,Calvin Winter Invitational
Indiana Wesleyan University,10009088,50 Free,6,25.57,Katie McKay,,Mid-South Conference Championships
Indiana Wesleyan University,10009088,50 Free,7,25.73,Ellie Hayward,,Mid-South Conference Championships
Indiana Wesleyan University,10009088,50 Free,8,26.70,Makenna Beall,,Shawnee St @ IWU
Indiana Wesleyan University,10009088,50 Free,9,26.71,Emma Bledsoe,,13th Annual Fall Frenzy
Indiana Wesleyan University,10009088,50 Free,10,26.99,Gracielinn Hill,,Calvin Winter Invitational
Indiana Wesleyan University,10009088,500 Free,1,5:21.81,Makenna Beall,,Mid-South Conference Championships
Indiana Wesleyan University,10009088,500 Free,2,5:31.74,Gracielinn Hill,,Calvin Winter Invitational
Indiana Wesleyan University,10009088,500 Free,3,5:34.91,Mackenzie Denigan,,Calvin Winter Invitational
Indiana Wesleyan University,10009088,500 Free,4,5:38.78,Emma Green,,Mid-South Conference Championships
Indiana Wesleyan University,10009088,500 Free,5,5:43.16,Ellie Hayward,,"Bethel vs. Anderson, Indiana Wesleyan"
Indiana Wesleyan University,10009088,500 Free,6,5:47.40,Hannah Brown,,Mid-South Conference Championships
Indiana Wesleyan University,10009088,500 Free,7,5:47.71,Chloe Rhodenizer,,Campbellsville vs. IWU
Indiana Wesleyan University,10009088,500 Free,8,5:49.74,Lucy Guimond,,Mid-South Conference Championships
Indiana Wesleyan University,10009088,500 Free,9,5:50.62,Tristin Weaver,,Shawnee St @ IWU
Indiana Wesleyan University,10009088,500 Free,10,5:50.73,Marissa Howett,,"Hillsdale vs. Aquinas, IWU"
Keiser University,339,100 Back,1,53.83,Natalia Janiszewska,,Zippy Invitational
Keiser University,339,100 Back,2,57.61,Lorie Seranski,,Zippy Invitational
Keiser University,339,100 Back,3,57.63,Maja Krawczyk,,NAIA National Championships
Keiser University,339,100 Back,4,58.78,Charlotte Gautier,,Zippy Invitational
Keiser University,339,100 Back,5,1:01.43,Zselyke Papp,,Zippy Invitational
Keiser University,339,100 Back,6,1:01.86,Eve Mair,,Zippy Invitational
Keiser University,339,100 Back,7,1:07.84,Stephi Petersen,,The Sun Conference Championships
Keiser University,339,100 Breast,1,1:03.35,Kate Vorontsova,,NAIA National Championships
Keiser University,339,100 Breast,2,1:04.26,Boglarka Zsunics,,The Sun Conference Championships
Keiser University,339,100 Breast,3,1:05.33,Luiza Bersi,,The Sun Conference Championships
Keiser University,339,100 Breast,4,1:06.06,Ella DiScala,,Zippy Invitational
Keiser University,339,100 Breast,5,1:06.58,Sophia Molnar,,Ave Maria Last Chance Invite
Keiser University,339,100 Breast,6,1:10.33,Giulia Mantuan,,Keiser V Barry 12426
Keiser University,339,100 Breast,7,1:13.97,Eve Mair,,Keiser V Barry 12426
Keiser University,339,100 Breast,8,1:14.44,lilly windham,,FIU TYR Fall Classic
Keiser University,339,100 Breast,9,1:15.06,Lorie Seranski,,Keiser V Barry 12426
Keiser University,339,100 Breast,10,1:15.34,Mekai Smith,,Zippy Invitational
Keiser University,339,100 Fly,1,53.63,Luiza Bersi,,Florida Atlantic vs. Keiser
Keiser University,339,100 Fly,2,54.73,Zselyke Papp,,NAIA National Championships
Keiser University,339,100 Fly,3,55.59,Natalia Janiszewska,,Zippy Invitational
Keiser University,339,100 Fly,4,58.16,Eve Mair,,Zippy Invitational
Keiser University,339,100 Fly,5,58.56,Sophie Doran,,The Sun Conference Championships
Keiser University,339,100 Fly,6,58.79,Giulia Mantuan,,The Sun Conference Championships
Keiser University,339,100 Fly,7,59.08,lilly windham,,Keiser V Barry 12426
Keiser University,339,100 Fly,8,59.09,Sophia Molnar,,Zippy Invitational
Keiser University,339,100 Fly,9,1:00.14,Charlotte Gautier,,NAIA National Championships
Keiser University,339,100 Fly,10,1:00.77,Kate Vorontsova,,Zippy Invitational
Keiser University,339,100 Free,1,50.40,Natalia Janiszewska,,NAIA National Championships
Keiser University,339,100 Free,2,51.42,Alanis Santiago,,Keiser V Barry 12426
Keiser University,339,100 Free,3,51.82,Boglarka Zsunics,,The Sun Conference Championships
Keiser University,339,100 Free,4,52.16,Rachel Bradley,,Zippy Invitational
Keiser University,339,100 Free,5,52.89,Luiza Bersi,,FIU TYR Fall Classic
Keiser University,339,100 Free,6,53.45,Sophie Doran,,Zippy Invitational
Keiser University,339,100 Free,7,53.55,Giulia Mantuan,,Zippy Invitational
Keiser University,339,100 Free,8,54.00,Kate Vorontsova,,IRSC vs Keiser vs Ave Maria
Keiser University,339,100 Free,9,54.09,Zselyke Papp,,Zippy Invitational
Keiser University,339,100 Free,10,54.15,lilly windham,,Zippy Invitational
Keiser University,339,1000 Free,1,10:38.51,Rachel Bradley,,Keiser V Nova
Keiser University,339,1000 Free,2,10:45.01,Greta ALDROVANDI,,Keiser V Nova
Keiser University,339,1000 Free,3,11:01.46,Giulia Mantuan,,NAIA National Championships
Keiser University,339,1000 Free,4,11:38.11,kaylee caro,,IRSC vs Keiser vs Ave Maria
Keiser University,339,1650 Free,1,17:50.50,Rachel Bradley,,Keiser V Barry 12426
Keiser University,339,1650 Free,2,18:02.25,Greta ALDROVANDI,,Zippy Invitational
Keiser University,339,1650 Free,3,18:07.97,Giulia Mantuan,,NAIA National Championships
Keiser University,339,200 Back,1,1:58.47,Natalia Janiszewska,,NAIA National Championships
Keiser University,339,200 Back,2,1:59.40,Rachel Bradley,,NAIA National Championships
Keiser University,339,200 Back,3,2:05.47,Lorie Seranski,,The Sun Conference Championships
Keiser University,339,200 Back,4,2:06.19,Charlotte Gautier,,NAIA National Championships
Keiser University,339,200 Back,5,2:06.52,Maja Krawczyk,,The Sun Conference Championships
Keiser University,339,200 Back,6,2:19.29,kaylee caro,,Zippy Invitational
Keiser University,339,200 Back,7,2:27.89,Stephi Petersen,,The Sun Conference Championships
Keiser University,339,200 Breast,1,2:21.12,Boglarka Zsunics,,The Sun Conference Championships
Keiser University,339,200 Breast,2,2:22.51,Kate Vorontsova,,IRSC vs Keiser vs Ave Maria
Keiser University,339,200 Breast,3,2:24.11,lilly windham,,NAIA National Championships
Keiser University,339,200 Breast,4,2:27.76,Sophia Molnar,,Zippy Invitational
Keiser University,339,200 Breast,5,2:29.40,Ella DiScala,,Zippy Invitational
Keiser University,339,200 Breast,6,2:51.92,Mekai Smith,,Zippy Invitational
Keiser University,339,200 Fly,1,2:00.91,Luiza Bersi,,NAIA National Championships
Keiser University,339,200 Fly,2,2:07.39,Greta ALDROVANDI,,The Sun Conference Championships
Keiser University,339,200 Fly,3,2:07.92,Zselyke Papp,,NAIA National Championships
Keiser University,339,200 Fly,4,2:11.44,lilly windham,,The Sun Conference Championships
Keiser University,339,200 Fly,5,2:11.86,Giulia Mantuan,,Zippy Invitational
Keiser University,339,200 Fly,6,2:14.79,Eve Mair,,Zippy Invitational
Keiser University,339,200 Fly,7,2:24.40,kaylee caro,,Keiser V Nova
Keiser University,339,200 Free,1,1:49.84,Alanis Santiago,,NAIA National Championships
Keiser University,339,200 Free,2,1:50.71,Natalia Janiszewska,,NAIA National Championships
Keiser University,339,200 Free,3,1:55.04,Giulia Mantuan,,NAIA National Championships
Keiser University,339,200 Free,4,1:55.56,Rachel Bradley,,IRSC vs Keiser vs Ave Maria
Keiser University,339,200 Free,5,1:56.07,Greta ALDROVANDI,,Zippy Invitational
Keiser University,339,200 Free,6,1:56.26,Boglarka Zsunics,,The Sun Conference Championships
Keiser University,339,200 Free,7,1:56.57,Luiza Bersi,,Keiser V Barry 12426
Keiser University,339,200 Free,8,2:03.37,Eve Mair,,Keiser V Barry 12426
Keiser University,339,200 Free,9,2:03.94,Maja Krawczyk,,IRSC vs Keiser vs Ave Maria
Keiser University,339,200 Free,10,2:04.51,Sophie Doran,,Zippy Invitational
Keiser University,339,200 Im,1,2:00.93,Luiza Bersi,,NAIA National Championships
Keiser University,339,200 Im,2,2:02.02,Natalia Janiszewska,,Zippy Invitational
Keiser University,339,200 Im,3,2:04.12,Rachel Bradley,,NAIA National Championships
Keiser University,339,200 Im,4,2:08.53,Boglarka Zsunics,,The Sun Conference Championships
Keiser University,339,200 Im,5,2:09.03,Lorie Seranski,,NAIA National Championships
Keiser University,339,200 Im,6,2:09.90,lilly windham,,Zippy Invitational
Keiser University,339,200 Im,7,2:11.64,Sophia Molnar,,Zippy Invitational
Keiser University,339,200 Im,8,2:12.03,Eve Mair,,NAIA National Championships
Keiser University,339,200 Im,9,2:12.14,Alanis Santiago,,Keiser V Barry 12426
Keiser University,339,200 Im,10,2:13.13,Kate Vorontsova,,Zippy Invitational
Keiser University,339,400 Im,1,4:24.50,Luiza Bersi,,The Sun Conference Championships
Keiser University,339,400 Im,2,4:24.62,Rachel Bradley,,NAIA National Championships
Keiser University,339,400 Im,3,4:35.35,lilly windham,,NAIA National Championships
Keiser University,339,400 Im,4,4:36.44,Greta ALDROVANDI,,The Sun Conference Championships
Keiser University,339,400 Im,5,4:42.26,Eve Mair,,The Sun Conference Championships
Keiser University,339,400 Im,6,4:48.18,Sophia Molnar,,The Sun Conference Championships
Keiser University,339,400 Im,7,4:55.52,kaylee caro,,Zippy Invitational
Keiser University,339,50 Free,1,23.18,Natalia Janiszewska,,Zippy Invitational
Keiser University,339,50 Free,2,23.76,Boglarka Zsunics,,The Sun Conference Championships
Keiser University,339,50 Free,3,23.99,Zselyke Papp,,The Sun Conference Championships
Keiser University,339,50 Free,4,24.01,Alanis Santiago,,Keiser V Nova
Keiser University,339,50 Free,5,24.04,Luiza Bersi,,FIU TYR Fall Classic
Keiser University,339,50 Free,6,24.23,Kate Vorontsova,,NAIA National Championships
Keiser University,339,50 Free,7,24.29,Sophie Doran,,The Sun Conference Championships
Keiser University,339,50 Free,8,24.62,Rachel Bradley,,Keiser V Barry 12426
Keiser University,339,50 Free,9,24.66,Maja Wallberg,,Zippy Invitational
Keiser University,339,50 Free,10,25.08,Lorie Seranski,,Zippy Invitational
Keiser University,339,500 Free,1,5:02.93,Alanis Santiago,,The Sun Conference Championships
Keiser University,339,500 Free,2,5:03.10,Rachel Bradley,,The Sun Conference Championships
Keiser University,339,500 Free,3,5:08.37,Giulia Mantuan,,The Sun Conference Championships
Keiser University,339,500 Free,4,5:10.94,Greta ALDROVANDI,,The Sun Conference Championships
Keiser University,339,500 Free,5,5:32.70,kaylee caro,,Zippy Invitational
Keiser University,339,500 Free,6,5:40.44,Lorie Seranski,,Tampa vs. Keiser
Keiser University,339,500 Free,7,5:44.95,Maja Wallberg,,Zippy Invitational
Keiser University,339,500 Free,8,5:48.85,Boglarka Zsunics,,Tampa vs. Keiser
Keiser University,339,500 Free,9,5:54.17,Sophie Doran,,Tampa vs. Keiser
Keiser University,339,500 Free,10,5:54.89,Luiza Bersi,,Keiser V Barry 12426
Life University,10004766,100 Back,1,59.60,Nikita Snoeren,,SCAD Last chance
Life University,10004766,100 Back,2,1:00.07,Kyleigh Shonk,,The Sun Conference Championships
Life University,10004766,100 Back,3,1:01.06,Elisa Groß,,The Sun Conference Championships
Life University,10004766,100 Back,4,1:03.07,Hannah Franklin,,The Sun Conference Championships
Life University,10004766,100 Back,5,1:05.97,Lorena Lopez Martin,,The Sun Conference Championships
Life University,10004766,100 Back,6,1:11.69,Sophia Burleson,,The Sun Conference Championships
Life University,10004766,100 Breast,1,1:07.49,Petra Béky,,Small College Championship Cup
Life University,10004766,100 Breast,2,1:11.03,Elisa Groß,,Loyola (LA) vs. Life
Life University,10004766,100 Breast,3,1:13.12,Kendall Ashburn,,Thomas vs. Life
Life University,10004766,100 Breast,4,1:13.69,Megan Cronje,,Life vs. Thomas  Senior Day
Life University,10004766,100 Breast,5,1:13.80,Celine Müller,,Small College Championship Cup
Life University,10004766,100 Fly,1,58.72,Carla Rodriguez jara,,Small College Championship Cup
Life University,10004766,100 Fly,2,58.88,Elisa Groß,,The Sun Conference Championships
Life University,10004766,100 Fly,3,1:01.24,Kendall Ashburn,,The Sun Conference Championships
Life University,10004766,100 Fly,4,1:01.53,Nicole Fetcinko,,The Sun Conference Championships
Life University,10004766,100 Fly,5,1:01.92,Terangimarie Moanaroa,,Small College Championship Cup
Life University,10004766,100 Fly,6,1:04.21,Petra Béky,,NAIA National Championships
Life University,10004766,100 Fly,7,1:06.12,Megan Cronje,,Small College Championship Cup
Life University,10004766,100 Free,1,53.95,Zara Kleinhans,,Small College Championship Cup
Life University,10004766,100 Free,2,54.26,Nikita Snoeren,,The Sun Conference Championships
Life University,10004766,100 Free,3,54.63,Kendall Ashburn,,Small College Championship Cup
Life University,10004766,100 Free,4,54.96,Terangimarie Moanaroa,,Small College Championship Cup
Life University,10004766,100 Free,5,55.04,Nicole Fetcinko,,The Sun Conference Championships
Life University,10004766,100 Free,6,55.55,Kyleigh Shonk,,The Sun Conference Championships
Life University,10004766,100 Free,7,55.95,Målfrid Seteklev,,The Sun Conference Championships
Life University,10004766,100 Free,8,56.48,Carla Rodriguez jara,,AMU vs. Barry vs. Life vs. New College
Life University,10004766,100 Free,9,58.98,Elisa Groß,,Life vs. Thomas  Senior Day
Life University,10004766,100 Free,10,59.14,Sophia Burleson,,The Sun Conference Championships
Life University,10004766,1000 Free,1,11:31.51,Målfrid Seteklev,,Loyola (LA) vs. Life
Life University,10004766,1000 Free,2,11:35.80,Petra Béky,,AMU vs. Barry vs. Life vs. New College
Life University,10004766,1000 Free,3,13:01.21,Celine Müller,,Loyola (LA) vs. Life
Life University,10004766,1650 Free,1,18:54.41,Petra Béky,,Thomas vs. Life
Life University,10004766,200 Back,1,2:15.60,Hannah Franklin,,The Sun Conference Championships
Life University,10004766,200 Back,2,2:18.59,Kyleigh Shonk,,The Sun Conference Championships
Life University,10004766,200 Back,3,2:24.14,Nikita Snoeren,,Life vs. Thomas  Senior Day
Life University,10004766,200 Back,4,2:27.46,Lorena Lopez Martin,,Small College Championship Cup
Life University,10004766,200 Back,5,2:42.05,Sophia Burleson,,Loyola (LA) vs. Life
Life University,10004766,200 Breast,1,2:23.47,Petra Béky,,NAIA National Championships
Life University,10004766,200 Breast,2,2:34.34,Megan Cronje,,The Sun Conference Championships
Life University,10004766,200 Breast,3,2:38.47,Kendall Ashburn,,Life vs. Thomas  Senior Day
Life University,10004766,200 Fly,1,2:11.95,Carla Rodriguez jara,,Small College Championship Cup
Life University,10004766,200 Fly,2,2:11.98,Kendall Ashburn,,SCAD Last chance
Life University,10004766,200 Free,1,1:59.59,Petra Béky,,NAIA National Championships
Life University,10004766,200 Free,2,1:59.79,Zara Kleinhans,,The Sun Conference Championships
Life University,10004766,200 Free,3,2:00.94,Målfrid Seteklev,,The Sun Conference Championships
Life University,10004766,200 Free,4,2:01.87,Kendall Ashburn,,The Sun Conference Championships
Life University,10004766,200 Free,5,2:02.71,Kyleigh Shonk,,Small College Championship Cup
Life University,10004766,200 Free,6,2:04.39,Terangimarie Moanaroa,,Small College Championship Cup
Life University,10004766,200 Free,7,2:05.10,Nicole Fetcinko,,The Sun Conference Championships
Life University,10004766,200 Free,8,2:07.60,Megan Cronje,,Loyola (LA) vs. Life
Life University,10004766,200 Free,9,2:11.17,Celine Müller,,The Sun Conference Championships
Life University,10004766,200 Free,10,2:14.40,Bella Mesler,,The Sun Conference Championships
Life University,10004766,200 Im,1,2:13.97,Petra Béky,,NAIA National Championships
Life University,10004766,200 Im,2,2:18.42,Zara Kleinhans,,Small College Championship Cup
Life University,10004766,200 Im,3,2:18.46,Elisa Groß,,Small College Championship Cup
Life University,10004766,200 Im,4,2:20.29,Kendall Ashburn,,AMU vs. Barry vs. Life vs. New College
Life University,10004766,200 Im,5,2:22.45,Megan Cronje,,The Sun Conference Championships
Life University,10004766,200 Im,6,2:27.81,Nikita Snoeren,,Thomas vs. Life
Life University,10004766,400 Im,1,4:44.30,Petra Béky,,NAIA National Championships
Life University,10004766,400 Im,2,4:47.40,Kendall Ashburn,,NAIA National Championships
Life University,10004766,400 Im,3,5:01.58,Megan Cronje,,Small College Championship Cup
Life University,10004766,50 Free,1,24.46,Kendall Ashburn,,NAIA National Championships
Life University,10004766,50 Free,2,24.64,Terangimarie Moanaroa,,The Sun Conference Championships
Life University,10004766,50 Free,3,24.91,Nikita Snoeren,,Small College Championship Cup
Life University,10004766,50 Free,4,25.02,Carla Rodriguez jara,,Small College Championship Cup
Life University,10004766,50 Free,5,25.50,Kyleigh Shonk,,NAIA National Championships
Life University,10004766,50 Free,6,25.60,Målfrid Seteklev,,Small College Championship Cup
Life University,10004766,50 Free,7,25.62,Nicole Fetcinko,,The Sun Conference Championships
Life University,10004766,50 Free,8,26.14,Zara Kleinhans,,Loyola (LA) vs. Life
Life University,10004766,50 Free,9,26.88,Hannah Franklin,,The Sun Conference Championships
Life University,10004766,50 Free,10,26.92,Sophia Burleson,,The Sun Conference Championships
Life University,10004766,500 Free,1,5:27.44,Målfrid Seteklev,,Small College Championship Cup
Life University,10004766,500 Free,2,5:37.12,Petra Béky,,Thomas vs. Life
Life University,10004766,500 Free,3,6:02.10,Celine Müller,,The Sun Conference Championships
Life University,10004766,500 Free,4,6:18.39,Bella Mesler,,Small College Championship Cup
Lindsey Wilson University,641,100 Back,1,56.60,Natalia Gorska,,Mid-South Conference Championships
Lindsey Wilson University,641,100 Back,2,58.22,Ela Cippico,,Total Performance Invitational
Lindsey Wilson University,641,100 Back,3,58.39,Hannah Woyscheszik,,NAIA National Championships
Lindsey Wilson University,641,100 Back,4,1:01.18,Emma Johansson,,Mid-South Conference Championships
Lindsey Wilson University,641,100 Back,5,1:04.44,Emma Verkuijl,,Highway 55 Last Chance Invitational
Lindsey Wilson University,641,100 Back,6,1:08.80,Alejandra Martinez,,13th Annual Fall Frenzy
Lindsey Wilson University,641,100 Back,7,1:13.08,Nada Jalal,,Lindsey Wilson vs. Cumberlands
Lindsey Wilson University,641,100 Breast,1,1:05.02,Sara Motyl,,Mid-South Conference Championships
Lindsey Wilson University,641,100 Breast,2,1:11.78,Lara Reis,,Mid-South Conference Championships
Lindsey Wilson University,641,100 Breast,3,1:12.72,Isabella Angel,,Mid-South Conference Championships
Lindsey Wilson University,641,100 Fly,1,58.19,Emma Verkuijl,,Mid-South Conference Championships
Lindsey Wilson University,641,100 Fly,2,58.59,Sara Motyl,,Total Performance Invitational
Lindsey Wilson University,641,100 Fly,3,1:00.12,Nathalie Medina,,Asbury vs. Lindsey Wilson
Lindsey Wilson University,641,100 Fly,4,1:00.76,Emma Johansson,,Total Performance Invitational
Lindsey Wilson University,641,100 Fly,5,1:05.11,Natalia Gorska,,Asbury vs. Lindsey Wilson
Lindsey Wilson University,641,100 Fly,6,1:10.00,Nada Jalal,,Mid-South Conference Championships
Lindsey Wilson University,641,100 Fly,7,1:13.37,Isabella Angel,,"BU vs. LWU, HC, NCC"
Lindsey Wilson University,641,100 Free,1,49.79,Kirsten de Goede,,Total Performance Invitational
Lindsey Wilson University,641,100 Free,2,52.24,Natalia Gorska,,Mid-South Conference Championships
Lindsey Wilson University,641,100 Free,3,53.43,Hannah Woyscheszik,,NAIA National Championships
Lindsey Wilson University,641,100 Free,4,53.91,Ela Cippico,,Total Performance Invitational
Lindsey Wilson University,641,100 Free,5,55.02,Alejandra Martinez,,Total Performance Invitational
Lindsey Wilson University,641,100 Free,6,55.16,Emma Verkuijl,,NAIA National Championships
Lindsey Wilson University,641,100 Free,7,55.96,Lara Reis,,Total Performance Invitational
Lindsey Wilson University,641,100 Free,8,56.01,Emma Johansson,,Total Performance Invitational
Lindsey Wilson University,641,1000 Free,1,10:44.20,Nathalie Medina,,Total Performance Invitational
Lindsey Wilson University,641,1650 Free,1,17:38.53,Nathalie Medina,,Total Performance Invitational
Lindsey Wilson University,641,200 Back,1,2:05.72,Natalia Gorska,,NAIA National Championships
Lindsey Wilson University,641,200 Back,2,2:09.76,Hannah Woyscheszik,,NAIA National Championships
Lindsey Wilson University,641,200 Back,3,2:14.98,Ela Cippico,,Total Performance Invitational
Lindsey Wilson University,641,200 Back,4,2:17.31,Emma Johansson,,Total Performance Invitational
Lindsey Wilson University,641,200 Back,5,2:27.00,Alejandra Martinez,,13th Annual Fall Frenzy
Lindsey Wilson University,641,200 Back,6,2:28.36,Nada Jalal,,Mid-South Conference Championships
Lindsey Wilson University,641,200 Breast,1,2:28.90,Sara Motyl,,Mid-South Conference Championships
Lindsey Wilson University,641,200 Breast,2,2:35.21,Lara Reis,,Mid-South Conference Championships
Lindsey Wilson University,641,200 Breast,3,2:39.34,Isabella Angel,,Mid-South Conference Championships
Lindsey Wilson University,641,200 Fly,1,2:07.70,Sara Motyl,,NAIA National Championships
Lindsey Wilson University,641,200 Fly,2,2:08.56,Nathalie Medina,,NAIA National Championships
Lindsey Wilson University,641,200 Fly,3,2:14.32,Emma Verkuijl,,Mid-South Conference Championships
Lindsey Wilson University,641,200 Free,1,1:49.35,Kirsten de Goede,,Total Performance Invitational
Lindsey Wilson University,641,200 Free,2,1:55.40,Natalia Gorska,,NAIA National Championships
Lindsey Wilson University,641,200 Free,3,1:56.08,Nathalie Medina,,Total Performance Invitational
Lindsey Wilson University,641,200 Free,4,1:57.73,Hannah Woyscheszik,,Total Performance Invitational
Lindsey Wilson University,641,200 Free,5,2:00.57,Alejandra Martinez,,Total Performance Invitational
Lindsey Wilson University,641,200 Free,6,2:01.83,Ela Cippico,,Total Performance Invitational
Lindsey Wilson University,641,200 Free,7,2:09.70,Emma Johansson,,"BU vs. LWU, HC, NCC"
Lindsey Wilson University,641,200 Free,8,2:12.83,Emma Verkuijl,,Highway 55 Last Chance Invitational
Lindsey Wilson University,641,200 Free,9,2:24.34,Nada Jalal,,Lindsey Wilson vs. Campbellsville
Lindsey Wilson University,641,200 Im,1,2:13.47,Emma Verkuijl,,Mid-South Conference Championships
Lindsey Wilson University,641,200 Im,2,2:16.76,Nathalie Medina,,Asbury vs. Lindsey Wilson
Lindsey Wilson University,641,200 Im,3,2:18.01,Emma Johansson,,Total Performance Invitational
Lindsey Wilson University,641,200 Im,4,2:18.53,Sara Motyl,,Lindsey Wilson vs. Cumberlands
Lindsey Wilson University,641,200 Im,5,2:18.79,Lara Reis,,Mid-South Conference Championships
Lindsey Wilson University,641,200 Im,6,2:30.92,Nada Jalal,,Mid-South Conference Championships
Lindsey Wilson University,641,400 Im,1,5:25.81,Nada Jalal,,13th Annual Fall Frenzy
Lindsey Wilson University,641,50 Free,1,23.09,Kirsten de Goede,,Total Performance Invitational
Lindsey Wilson University,641,50 Free,2,23.43,Natalia Gorska,,NAIA National Championships
Lindsey Wilson University,641,50 Free,3,23.84,Ela Cippico,,Total Performance Invitational
Lindsey Wilson University,641,50 Free,4,24.85,Hannah Woyscheszik,,Total Performance Invitational
Lindsey Wilson University,641,50 Free,5,25.31,Emma Verkuijl,,Total Performance Invitational
Lindsey Wilson University,641,50 Free,6,25.37,Alejandra Martinez,,Total Performance Invitational
Lindsey Wilson University,641,50 Free,7,25.46,Sara Motyl,,Total Performance Invitational
Lindsey Wilson University,641,50 Free,8,25.78,Lara Reis,,Total Performance Invitational
Lindsey Wilson University,641,50 Free,9,26.70,Emma Johansson,,Total Performance Invitational
Lindsey Wilson University,641,50 Free,10,26.73,Isabella Angel,,Mid-South Conference Championships
Lindsey Wilson University,641,500 Free,1,5:04.24,Nathalie Medina,,Total Performance Invitational
Lindsey Wilson University,641,500 Free,2,5:19.73,Hannah Woyscheszik,,Mid-South Conference Championships
Lindsey Wilson University,641,500 Free,3,5:34.70,Natalia Gorska,,Lindsey Wilson vs. UT Southern
Lindsey Wilson University,641,500 Free,4,5:49.85,Alejandra Martinez,,13th Annual Fall Frenzy
Lindsey Wilson University,641,500 Free,5,5:53.48,Emma Johansson,,Asbury vs. Lindsey Wilson
Loyola University New Orleans,10007688,100 Back,1,1:02.27,Cloe Solbach,,Loyola (LA) vs. Life
Loyola University New Orleans,10007688,100 Back,2,1:02.40,Emma Romero,,The Sun Conference Championships
Loyola University New Orleans,10007688,100 Back,3,1:04.15,Jossalin Lavicka,,Loyola (LA) vs. Life
Loyola University New Orleans,10007688,100 Back,4,1:04.36,Hartley Faucheux,,Trinity University Tiger Invitational -
Loyola University New Orleans,10007688,100 Back,5,1:07.73,Sarah Ford,,The Sun Conference Championships
Loyola University New Orleans,10007688,100 Back,6,1:10.26,Natalie McLaughin,,Trinity University Tiger Invitational -
Loyola University New Orleans,10007688,100 Back,7,1:10.98,Juliette Magner,,Fall Cross Divisional
Loyola University New Orleans,10007688,100 Breast,1,1:18.43,Abbi Chemacki,,Fall Cross Divisional
Loyola University New Orleans,10007688,100 Fly,1,59.68,Hartley Faucheux,,Trinity University Tiger Invitational -
Loyola University New Orleans,10007688,100 Fly,2,1:04.20,Jossalin Lavicka,,Rice Fall Splash
Loyola University New Orleans,10007688,100 Fly,3,1:07.63,Catherine Streeter,,Trinity University Tiger Invitational -
Loyola University New Orleans,10007688,100 Fly,4,1:08.16,Abbi Chemacki,,Trinity University Tiger Invitational -
Loyola University New Orleans,10007688,100 Fly,5,1:14.49,Olivia Courville,,The Sun Conference Championships
Loyola University New Orleans,10007688,100 Free,1,55.32,Catherine Streeter,,Trinity University Tiger Invitational -
Loyola University New Orleans,10007688,100 Free,2,55.56,Jossalin Lavicka,,Trinity University Tiger Invitational -
Loyola University New Orleans,10007688,100 Free,3,57.45,Sarah Ford,,Loyola (LA) vs. Life
Loyola University New Orleans,10007688,100 Free,4,1:04.85,Natalie McLaughin,,Trinity University Tiger Invitational -
Loyola University New Orleans,10007688,100 Free,5,1:07.27,Cloe Solbach,,Rice Fall Splash
Loyola University New Orleans,10007688,100 Free,6,1:11.57,Olivia Courville,,William Carey vs. Loyola (LA)
Loyola University New Orleans,10007688,1000 Free,1,10:59.70,Emma Romero,,Loyola (LA) vs. Life
Loyola University New Orleans,10007688,1000 Free,2,11:18.75,Abbi Chemacki,,NAIA National Championships
Loyola University New Orleans,10007688,1650 Free,1,18:14.07,Emma Romero,,NAIA National Championships
Loyola University New Orleans,10007688,1650 Free,2,18:30.78,Abbi Chemacki,,Trinity University Tiger Invitational -
Loyola University New Orleans,10007688,200 Back,1,2:16.37,Cloe Solbach,,Trinity University Tiger Invitational -
Loyola University New Orleans,10007688,200 Back,2,2:17.45,Jossalin Lavicka,,Trinity University Tiger Invitational -
Loyola University New Orleans,10007688,200 Back,3,2:18.04,Emma Romero,,Trinity University Tiger Invitational -
Loyola University New Orleans,10007688,200 Back,4,2:22.75,Abbi Chemacki,,William Carey vs. Loyola (LA)
Loyola University New Orleans,10007688,200 Back,5,2:41.96,Natalie McLaughin,,Rice Fall Splash
Loyola University New Orleans,10007688,200 Breast,1,2:36.76,Abbi Chemacki,,Trinity University Tiger Invitational -
Loyola University New Orleans,10007688,200 Fly,1,2:26.51,Hartley Faucheux,,Loyola (LA) vs. Life
Loyola University New Orleans,10007688,200 Fly,2,2:28.70,Emma Romero,,"Loyola vs. West Florida, William Carey"
Loyola University New Orleans,10007688,200 Fly,3,3:09.96,Olivia Courville,,Loyola (LA) vs. Life
Loyola University New Orleans,10007688,200 Free,1,1:59.54,Emma Romero,,Trinity University Tiger Invitational -
Loyola University New Orleans,10007688,200 Free,2,2:02.65,Jossalin Lavicka,,Loyola (LA) vs. Life
Loyola University New Orleans,10007688,200 Free,3,2:04.47,Catherine Streeter,,The Sun Conference Championships
Loyola University New Orleans,10007688,200 Free,4,2:08.11,Abbi Chemacki,,"Loyola vs. West Florida, William Carey"
Loyola University New Orleans,10007688,200 Im,1,2:26.96,Abbi Chemacki,,"Loyola vs. West Florida, William Carey"
Loyola University New Orleans,10007688,400 Im,1,4:51.92,Abbi Chemacki,,Trinity University Tiger Invitational -
Loyola University New Orleans,10007688,50 Free,1,24.93,Catherine Streeter,,Trinity University Tiger Invitational -
Loyola University New Orleans,10007688,50 Free,2,25.41,Jossalin Lavicka,,Trinity University Tiger Invitational -
Loyola University New Orleans,10007688,50 Free,3,25.93,Hartley Faucheux,,Trinity University Tiger Invitational -
Loyola University New Orleans,10007688,50 Free,4,26.19,Sarah Ford,,Loyola (LA) vs. Life
Loyola University New Orleans,10007688,50 Free,5,27.34,Cloe Solbach,,Trinity University Tiger Invitational -
Loyola University New Orleans,10007688,50 Free,6,27.35,Juliette Magner,,Fall Cross Divisional
Loyola University New Orleans,10007688,50 Free,7,27.52,Emma Romero,,Fall Cross Divisional
Loyola University New Orleans,10007688,50 Free,8,28.33,Natalie McLaughin,,Trinity University Tiger Invitational -
Loyola University New Orleans,10007688,50 Free,9,32.98,Olivia Courville,,Rice Fall Splash
Loyola University New Orleans,10007688,500 Free,1,5:18.02,Emma Romero,,Trinity University Tiger Invitational -
Loyola University New Orleans,10007688,500 Free,2,5:26.71,Abbi Chemacki,,Trinity University Tiger Invitational -
Midland University,10009577,100 Back,1,1:02.73,Brisa Mills,,Kansas Collegiate Athletic Conference Championships
Midland University,10009577,100 Back,2,1:08.04,Logan Bautista,,Kansas Collegiate Athletic Conference Championships
Midland University,10009577,100 Breast,1,1:08.53,Quinty Rouschop,,Warrior Invitational
Midland University,10009577,100 Free,1,56.57,Brisa Mills,,Kansas Collegiate Athletic Conference Championships
Midland University,10009577,100 Free,2,58.77,Aria Feit,,Midland vs. Minnesota-Morris
Midland University,10009577,100 Free,3,1:01.00,Theresa Nyhuis,,Kansas Collegiate Athletic Conference Championships
Midland University,10009577,100 Free,4,1:01.43,Emma Rosenstrom,,Warrior Invitational
Midland University,10009577,100 Free,5,1:10.16,Logan Bautista,,Warriors (Blue vs. Orange) Intrasquad
Midland University,10009577,1000 Free,1,11:41.03,Aria Feit,,Midland vs. Morningside
Midland University,10009577,1650 Free,1,19:02.67,Aria Feit,,Kansas Collegiate Athletic Conference Championships
Midland University,10009577,200 Back,1,2:26.22,Logan Bautista,,Kansas Collegiate Athletic Conference Championships
Midland University,10009577,200 Breast,1,2:27.37,Quinty Rouschop,,Kansas Collegiate Athletic Conference Championships
Midland University,10009577,200 Free,1,2:04.00,Aria Feit,,Kansas Collegiate Athletic Conference Championships
Midland University,10009577,200 Free,2,2:07.65,Brisa Mills,,Midland vs. Iowa Western
Midland University,10009577,200 Free,3,2:14.04,Emma Rosenstrom,,Warrior Invitational
Midland University,10009577,200 Free,4,2:14.84,Theresa Nyhuis,,KCAC Repaired Upload
Midland University,10009577,200 Free,5,2:21.48,Logan Bautista,,Midland vs. Morningside
Midland University,10009577,200 Im,1,2:16.72,Quinty Rouschop,,Kansas Collegiate Athletic Conference Championships
Midland University,10009577,50 Free,1,25.23,Brisa Mills,,Kansas Collegiate Athletic Conference Championships
Midland University,10009577,50 Free,2,26.16,Aria Feit,,Midland vs. Iowa Western
Midland University,10009577,50 Free,3,26.94,Theresa Nyhuis,,Kansas Collegiate Athletic Conference Championships
Midland University,10009577,50 Free,4,27.34,Quinty Rouschop,,Warriors (Blue vs. Orange) Intrasquad
Midland University,10009577,50 Free,5,28.72,Emma Rosenstrom,,Midland vs. Iowa Western
Midland University,10009577,50 Free,6,33.97,Logan Bautista,,Warriors (Blue vs. Orange) Intrasquad
Midland University,10009577,500 Free,1,5:32.17,Aria Feit,,Warrior Invitational
Midland University,10009577,500 Free,2,6:01.43,Emma Rosenstrom,,Warrior Invitational
Midland University,10009577,500 Free,3,6:03.82,Logan Bautista,,Midland vs. Iowa Western
Midway University,10025443,100 Back,1,58.98,Kaelynn Martin,,Mid-South Conference Championships
Midway University,10025443,100 Back,2,1:02.06,Elizabeth Dolberry,,Mid-South Conference Championships
Midway University,10025443,100 Back,3,1:03.19,Dyllan Hebert,,Centre Invitational
Midway University,10025443,100 Back,4,1:05.86,Josie Briner,,Shawnee State vs. Midway vs. West Virginia  Tech vs. Pikeville
Midway University,10025443,100 Back,5,1:06.92,Sami Sierocki,,Centre Invitational
Midway University,10025443,100 Back,6,1:12.81,Liz Pare,,Shawnee State vs. Midway vs. West Virginia  Tech vs. Pikeville
Midway University,10025443,100 Back,7,1:14.79,Jailey Thacker,,Indiana Wesleyan vs. Midway
Midway University,10025443,100 Back,8,1:16.70,Jamie Beason,,Sewanee vs. Midway vs. Brenau
Midway University,10025443,100 Back,9,1:18.96,Addy McCann,,Indiana Wesleyan vs. Midway
Midway University,10025443,100 Back,10,1:20.44,Pamela Ramires,,Midway vs. Asbury vs. West Virginia  Tech
Midway University,10025443,100 Breast,1,1:10.89,Amber Klose,,Mid-South Conference Championships
Midway University,10025443,100 Breast,2,1:13.50,Jailey Thacker,,Centre Invitational
Midway University,10025443,100 Breast,3,1:15.62,Josie Briner,,Transylvania vs. Midway vs. Sewanee
Midway University,10025443,100 Breast,4,1:20.59,Addy McCann,,Transylvania vs. Midway vs. Sewanee
Midway University,10025443,100 Breast,5,1:23.41,Autumn Young,,Centre Invitational
Midway University,10025443,100 Breast,6,1:23.66,Pamela Ramires,,Sewanee vs. Midway vs. Brenau
Midway University,10025443,100 Breast,7,1:32.06,Lily Schirtzinger,,Shawnee State vs. Midway vs. West Virginia  Tech vs. Pikeville
Midway University,10025443,100 Fly,1,58.11,Josie Briner,,Mid-South Conference Championships
Midway University,10025443,100 Fly,2,58.57,Sydney Eastman,,NAIA National Championships
Midway University,10025443,100 Fly,3,1:00.02,Kaelynn Martin,,Mid-South Conference Championships
Midway University,10025443,100 Fly,4,1:08.98,Addy McCann,,Centre Invitational
Midway University,10025443,100 Fly,5,1:10.22,Dyllan Hebert,,Midway vs. Pikeville vs. West Virginia  Tech
Midway University,10025443,100 Fly,6,1:13.47,Pamela Ramires,,Transylvania vs. Midway vs. Sewanee
Midway University,10025443,100 Fly,7,1:15.78,Sami Sierocki,,Indiana Wesleyan vs. Midway
Midway University,10025443,100 Fly,8,1:16.78,Elizabeth Dolberry,,Indiana Wesleyan vs. Midway
Midway University,10025443,100 Fly,9,1:19.19,Jamie Beason,,Mid-South Conference Championships
Midway University,10025443,100 Fly,10,1:22.10,Amber Klose,,Sewanee vs. Midway vs. Brenau
Midway University,10025443,100 Free,1,54.47,Kaelynn Martin,,Centre Invitational
Midway University,10025443,100 Free,2,55.72,Elizabeth Dolberry,,Mid-South Conference Championships
Midway University,10025443,100 Free,3,57.26,Sydney Eastman,,Centre Invitational
Midway University,10025443,100 Free,4,57.41,Josie Briner,,Midway vs. Pikeville vs. West Virginia  Tech
Midway University,10025443,100 Free,5,57.77,Amber Klose,,Mid-South Conference Championships
Midway University,10025443,100 Free,6,58.94,Isadora Silva,,Midway vs. Shawnee State vs. Indiana Wesleyan
Midway University,10025443,100 Free,7,59.74,Sami Sierocki,,Centre Invitational
Midway University,10025443,100 Free,8,1:00.31,Pamela Ramires,,Indiana Wesleyan vs. Midway
Midway University,10025443,100 Free,9,1:03.19,Dyllan Hebert,,Centre vs. Midway vs. Campbellsville
Midway University,10025443,100 Free,10,1:04.02,Jailey Thacker,,Centre vs. Midway vs. Campbellsville
Midway University,10025443,1000 Free,1,11:39.62,Josie Briner,,Sewanee vs. Midway vs. Brenau
Midway University,10025443,1000 Free,2,11:41.71,Pamela Ramires,,Mid-South Conference Championships
Midway University,10025443,1000 Free,3,12:01.49,Sydney Eastman,,Midway vs. Asbury vs. West Virginia  Tech
Midway University,10025443,1000 Free,4,12:31.05,Dyllan Hebert,,Midway vs. Shawnee State vs. Indiana Wesleyan
Midway University,10025443,1000 Free,5,12:50.49,Sami Sierocki,,Sewanee vs. Midway vs. Brenau
Midway University,10025443,1000 Free,6,12:55.93,Jailey Thacker,,Midway vs. Asbury vs. West Virginia  Tech
Midway University,10025443,1000 Free,7,13:32.87,Addy McCann,,Midway vs. Shawnee State vs. Indiana Wesleyan
Midway University,10025443,1650 Free,1,19:09.49,Pamela Ramires,,Mid-South Conference Championships
Midway University,10025443,1650 Free,2,20:50.39,Dyllan Hebert,,Midway vs. Shawnee State vs. Indiana Wesleyan
Midway University,10025443,1650 Free,3,22:26.09,Addy McCann,,Midway vs. Shawnee State vs. Indiana Wesleyan
Midway University,10025443,200 Back,1,2:10.27,Kaelynn Martin,,Mid-South Conference Championships
Midway University,10025443,200 Back,2,2:17.62,Dyllan Hebert,,Centre Invitational
Midway University,10025443,200 Back,3,2:21.06,Josie Briner,,Sewanee vs. Midway vs. Brenau
Midway University,10025443,200 Back,4,2:23.80,Sami Sierocki,,Mid-South Conference Championships
Midway University,10025443,200 Back,5,2:30.31,Elizabeth Dolberry,,Midway vs. Asbury vs. West Virginia  Tech
Midway University,10025443,200 Back,6,2:30.84,Sydney Eastman,,Sewanee vs. Midway vs. Brenau
Midway University,10025443,200 Back,7,2:38.18,Jailey Thacker,,Shawnee State vs. Midway vs. West Virginia  Tech vs. Pikeville
Midway University,10025443,200 Back,8,2:49.81,Addy McCann,,Sewanee vs. Midway vs. Brenau
Midway University,10025443,200 Breast,1,2:42.17,Amber Klose,,Mid-South Conference Championships
Midway University,10025443,200 Breast,2,2:44.90,Sydney Eastman,,Midway vs. Asbury vs. West Virginia  Tech
Midway University,10025443,200 Breast,3,2:45.91,Jailey Thacker,,Centre Invitational
Midway University,10025443,200 Breast,4,2:59.54,Kaelynn Martin,,Sewanee vs. Midway vs. Brenau
Midway University,10025443,200 Breast,5,3:01.82,Addy McCann,,Shawnee State vs. Midway vs. West Virginia  Tech vs. Pikeville
Midway University,10025443,200 Breast,6,3:04.46,Pamela Ramires,,Sewanee vs. Midway vs. Brenau
Midway University,10025443,200 Breast,7,3:09.46,Autumn Young,,Midway vs. Asbury vs. West Virginia  Tech
Midway University,10025443,200 Fly,1,2:08.05,Josie Briner,,NAIA National Championships
Midway University,10025443,200 Fly,2,2:11.97,Sydney Eastman,,Mid-South Conference Championships
Midway University,10025443,200 Fly,3,2:32.52,Kaelynn Martin,,Sewanee vs. Midway vs. Brenau
Midway University,10025443,200 Fly,4,2:40.08,Addy McCann,,Mid-South Conference Championships
Midway University,10025443,200 Free,1,2:00.94,Pamela Ramires,,Mid-South Conference Championships
Midway University,10025443,200 Free,2,2:01.10,Josie Briner,,Centre Invitational
Midway University,10025443,200 Free,3,2:02.19,Sydney Eastman,,Mid-South Conference Championships
Midway University,10025443,200 Free,4,2:04.69,Elizabeth Dolberry,,Mid-South Conference Championships
Midway University,10025443,200 Free,5,2:06.07,Isadora Silva,,Midway vs. Shawnee State vs. Indiana Wesleyan
Midway University,10025443,200 Free,6,2:07.77,Sami Sierocki,,Mid-South Conference Championships
Midway University,10025443,200 Free,7,2:08.57,Kaelynn Martin,,Midway vs. Shawnee State vs. Indiana Wesleyan
Midway University,10025443,200 Free,8,2:11.60,Dyllan Hebert,,Centre Invitational
Midway University,10025443,200 Free,9,2:21.51,Addy McCann,,Transylvania vs. Midway vs. Sewanee
Midway University,10025443,200 Free,10,2:33.25,Jamie Beason,,Midway vs. Shawnee State vs. Indiana Wesleyan
Midway University,10025443,200 Im,1,2:13.42,Josie Briner,,Mid-South Conference Championships
Midway University,10025443,200 Im,2,2:17.52,Sydney Eastman,,Centre Invitational
Midway University,10025443,200 Im,3,2:37.13,Jailey Thacker,,Shawnee State vs. Midway vs. West Virginia  Tech vs. Pikeville
Midway University,10025443,200 Im,4,2:37.57,Amber Klose,,Indiana Wesleyan vs. Midway
Midway University,10025443,200 Im,5,2:37.66,Addy McCann,,Centre vs. Midway vs. Campbellsville
Midway University,10025443,200 Im,6,2:45.79,Pamela Ramires,,Midway vs. Shawnee State vs. Indiana Wesleyan
Midway University,10025443,200 Im,7,2:49.82,Jamie Beason,,Mid-South Conference Championships
Midway University,10025443,200 Im,8,3:02.42,Autumn Young,,Indiana Wesleyan vs. Midway
Midway University,10025443,400 Im,1,4:52.39,Josie Briner,,Midway vs. Pikeville vs. West Virginia  Tech
Midway University,10025443,400 Im,2,5:05.65,Sydney Eastman,,Midway vs. Asbury vs. West Virginia  Tech
Midway University,10025443,400 Im,3,5:35.13,Addy McCann,,Mid-South Conference Championships
Midway University,10025443,400 Im,4,5:39.96,Pamela Ramires,,Midway vs. Asbury vs. West Virginia  Tech
Midway University,10025443,400 Im,5,5:44.75,Amber Klose,,Sewanee vs. Midway vs. Brenau
Midway University,10025443,400 Im,6,5:57.01,Jamie Beason,,Mid-South Conference Championships
Midway University,10025443,50 Free,1,25.47,Elizabeth Dolberry,,Mid-South Conference Championships
Midway University,10025443,50 Free,2,25.53,Josie Briner,,Centre Invitational
Midway University,10025443,50 Free,3,25.76,Kaelynn Martin,,Centre Invitational
Midway University,10025443,50 Free,4,26.07,Isadora Silva,,Midway vs. Shawnee State vs. Indiana Wesleyan
Midway University,10025443,50 Free,5,26.45,Sydney Eastman,,Transylvania vs. Midway vs. Sewanee
Midway University,10025443,50 Free,6,27.04,Amber Klose,,Shawnee State vs. Midway vs. West Virginia  Tech vs. Pikeville
Midway University,10025443,50 Free,7,27.42,Liz Pare,,Shawnee State vs. Midway vs. West Virginia  Tech vs. Pikeville
Midway University,10025443,50 Free,8,27.61,Pamela Ramires,,Transylvania vs. Midway vs. Sewanee
Midway University,10025443,50 Free,9,27.62,Dyllan Hebert,,Centre Invitational
Midway University,10025443,50 Free,10,28.17,Sami Sierocki,,Midway vs. Pikeville vs. West Virginia  Tech
Midway University,10025443,500 Free,1,5:24.84,Pamela Ramires,,Mid-South Conference Championships
Midway University,10025443,500 Free,2,5:25.36,Josie Briner,,Centre Invitational
Midway University,10025443,500 Free,3,5:25.40,Sydney Eastman,,Mid-South Conference Championships
Midway University,10025443,500 Free,4,5:44.66,Dyllan Hebert,,Centre Invitational
Midway University,10025443,500 Free,5,5:45.05,Sami Sierocki,,Mid-South Conference Championships
Midway University,10025443,500 Free,6,5:50.14,Jailey Thacker,,Centre Invitational
Midway University,10025443,500 Free,7,5:54.29,Kaelynn Martin,,Midway vs. Pikeville vs. West Virginia  Tech
Midway University,10025443,500 Free,8,6:10.01,Elizabeth Dolberry,,Sewanee vs. Midway vs. Brenau
Midway University,10025443,500 Free,9,6:17.03,Addy McCann,,Indiana Wesleyan vs. Midway
Midway University,10025443,500 Free,10,6:56.66,Jamie Beason,,Sewanee vs. Midway vs. Brenau
Milligan University,539,100 Back,1,58.35,Mia Windham,,Keydet Invitational
Milligan University,539,100 Back,2,58.74,Abbie Christensen,,Appalachian Athletic Conference Championships
Milligan University,539,100 Back,3,58.75,Emily Dubes,,NAIA National Championships
Milligan University,539,100 Back,4,1:00.05,Emily Haas,,NAIA National Championships
Milligan University,539,100 Back,5,1:00.28,Abby Maniace,,Keydet Invitational
Milligan University,539,100 Back,6,1:01.02,Lauren Brindle,,Keydet Invitational
Milligan University,539,100 Back,7,1:03.01,Jocelyn Waits,,Keydet Invitational
Milligan University,539,100 Back,8,1:04.91,Abigail Jackson,,Keydet Invitational
Milligan University,539,100 Back,9,1:07.16,Rosalee Wenhame,,Appalachian Athletic Conference Championships
Milligan University,539,100 Back,10,1:08.32,Virginia Rainer,,Carson-Newman vs Lenoir-Rhyne and Milligan
Milligan University,539,100 Breast,1,1:07.81,Teagan Jose,,Appalachian Athletic Conference Championships
Milligan University,539,100 Breast,2,1:09.87,Emily Newman,,Keydet Invitational
Milligan University,539,100 Breast,3,1:12.10,Abby Pauls,,Keydet Invitational
Milligan University,539,100 Breast,4,1:12.21,Virginia Rainer,,Keydet Invitational
Milligan University,539,100 Breast,5,1:12.75,Mia Windham,,SCAD vs. Milligan vs. Keiser
Milligan University,539,100 Breast,6,1:12.80,Jocelyn Waits,,Appalachian Athletic Conference Championships
Milligan University,539,100 Breast,7,1:14.58,Phoebe Lichty,,SCAD vs. Milligan vs. Keiser
Milligan University,539,100 Breast,8,1:15.13,Mary Grace Bitting,,Milligan vs. King
Milligan University,539,100 Breast,9,1:20.38,Katelyn Williams,,Milligan vs. Catawba vs. Roanoke
Milligan University,539,100 Fly,1,57.07,Abby Maniace,,NAIA National Championships
Milligan University,539,100 Fly,2,57.59,Madison Akbari,,NAIA National Championships
Milligan University,539,100 Fly,3,57.78,Mary Grace Bitting,,NAIA National Championships
Milligan University,539,100 Fly,4,1:01.57,Peyton Brady,,Milligan vs. Catawba vs. Roanoke
Milligan University,539,100 Fly,5,1:01.70,Jocelyn Waits,,Keydet Invitational
Milligan University,539,100 Fly,6,1:04.72,Katelyn Williams,,Keydet Invitational
Milligan University,539,100 Fly,7,1:06.79,Emily Haas,,Carson-Newman vs Lenoir-Rhyne and Milligan
Milligan University,539,100 Free,1,53.34,Madison Akbari,,NAIA National Championships
Milligan University,539,100 Free,2,53.78,Emily Dubes,,NAIA National Championships
Milligan University,539,100 Free,3,53.81,Emily Newman,,NAIA National Championships
Milligan University,539,100 Free,4,55.31,Lauren Brindle,,Keydet Invitational
Milligan University,539,100 Free,5,56.36,Emily Haas,,Keydet Invitational
Milligan University,539,100 Free,6,57.75,Abby Pauls,,Keydet Invitational
Milligan University,539,100 Free,7,58.10,Abigail Jackson,,Appalachian Athletic Conference Championships
Milligan University,539,100 Free,8,59.44,Jocelyn Waits,,SCAD vs. Milligan vs. Keiser
Milligan University,539,100 Free,9,1:01.57,Phoebe Lichty,,Milligan vs. King
Milligan University,539,100 Free,10,1:04.51,Kyleigh Mousty,,SCAD vs. Milligan vs. Keiser
Milligan University,539,1000 Free,1,10:18.16,Riley Renaud,,NAIA National Championships
Milligan University,539,1000 Free,2,10:48.15,Abby Maniace,,SCAD vs. Milligan vs. Keiser
Milligan University,539,1000 Free,3,10:53.63,Emily Newman,,SCAD vs. Milligan vs. Keiser
Milligan University,539,1000 Free,4,10:58.18,Peyton Brady,,Colonel Classic
Milligan University,539,1000 Free,5,11:07.67,Katelyn Williams,,Keydet Invitational
Milligan University,539,1000 Free,6,11:41.54,Rosalee Wenhame,,Colonel Classic
Milligan University,539,1650 Free,1,16:59.85,Riley Renaud,,NAIA National Championships
Milligan University,539,1650 Free,2,18:06.19,Peyton Brady,,Colonel Classic
Milligan University,539,1650 Free,3,18:25.80,Katelyn Williams,,NAIA National Championships
Milligan University,539,1650 Free,4,18:58.83,Emily Newman,,Colonel Classic
Milligan University,539,1650 Free,5,19:27.70,Rosalee Wenhame,,Colonel Classic
Milligan University,539,200 Back,1,2:07.19,Emily Haas,,NAIA National Championships
Milligan University,539,200 Back,2,2:07.61,Mia Windham,,NAIA National Championships
Milligan University,539,200 Back,3,2:07.96,Abbie Christensen,,Appalachian Athletic Conference Championships
Milligan University,539,200 Back,4,2:22.13,Mary Grace Bitting,,Milligan vs. King
Milligan University,539,200 Back,5,2:31.92,Rosalee Wenhame,,Milligan vs. King
Milligan University,539,200 Breast,1,2:23.52,Teagan Jose,,Keydet Invitational
Milligan University,539,200 Breast,2,2:37.15,Emily Newman,,Carson-Newman vs Lenoir-Rhyne and Milligan
Milligan University,539,200 Breast,3,2:38.57,Virginia Rainer,,Keydet Invitational
Milligan University,539,200 Breast,4,2:41.68,Mia Windham,,Milligan vs. King
Milligan University,539,200 Breast,5,2:43.04,Phoebe Lichty,,SCAD vs. Milligan vs. Keiser
Milligan University,539,200 Fly,1,2:07.84,Mary Grace Bitting,,NAIA National Championships
Milligan University,539,200 Fly,2,2:07.86,Abby Maniace,,Keydet Invitational
Milligan University,539,200 Fly,3,2:11.32,Peyton Brady,,Keydet Invitational
Milligan University,539,200 Fly,4,2:15.80,Katelyn Williams,,Keydet Invitational
Milligan University,539,200 Free,1,1:54.83,Emily Newman,,NAIA National Championships
Milligan University,539,200 Free,2,1:55.71,Riley Renaud,,Appalachian Athletic Conference Championships
Milligan University,539,200 Free,3,1:59.10,Abby Maniace,,Milligan vs. Catawba vs. Roanoke
Milligan University,539,200 Free,4,2:03.06,Mary Grace Bitting,,Milligan vs. Catawba vs. Roanoke
Milligan University,539,200 Free,5,2:06.68,Mia Windham,,Milligan vs. King
Milligan University,539,200 Free,6,2:08.20,Emily Haas,,Milligan vs. Catawba vs. Roanoke
Milligan University,539,200 Free,7,2:17.04,Abby Pauls,,Milligan vs. King
Milligan University,539,200 Im,1,2:11.19,Abby Maniace,,Appalachian Athletic Conference Championships
Milligan University,539,200 Im,2,2:12.88,Teagan Jose,,NAIA National Championships
Milligan University,539,200 Im,3,2:13.12,Mia Windham,,Appalachian Athletic Conference Championships
Milligan University,539,200 Im,4,2:13.31,Mary Grace Bitting,,Keydet Invitational
Milligan University,539,200 Im,5,2:13.88,Peyton Brady,,Keydet Invitational
Milligan University,539,200 Im,6,2:15.82,Katelyn Williams,,Keydet Invitational
Milligan University,539,200 Im,7,2:15.99,Emily Newman,,Black vs. Orange
Milligan University,539,200 Im,8,2:16.83,Abbie Christensen,,Appalachian Athletic Conference Championships
Milligan University,539,200 Im,9,2:29.88,Abby Pauls,,SCAD vs. Milligan vs. Keiser
Milligan University,539,200 Im,10,2:31.49,Jocelyn Waits,,Black vs. Orange
Milligan University,539,400 Im,1,4:42.66,Peyton Brady,,Keydet Invitational
Milligan University,539,400 Im,2,4:49.01,Katelyn Williams,,Keydet Invitational
Milligan University,539,400 Im,3,4:51.10,Mary Grace Bitting,,Keydet Invitational
Milligan University,539,50 Free,1,24.10,Madison Akbari,,Appalachian Athletic Conference Championships
Milligan University,539,50 Free,2,24.63,Emily Dubes,,Keydet Invitational
Milligan University,539,50 Free,3,25.00,Mary Grace Bitting,,NAIA National Championships
Milligan University,539,50 Free,4,25.02,Abby Pauls,,Keydet Invitational
Milligan University,539,50 Free,5,25.12,Lauren Brindle,,Keydet Invitational
Milligan University,539,50 Free,6,25.59,Emily Haas,,Appalachian Athletic Conference Championships
Milligan University,539,50 Free,7,25.70,Mia Windham,,Appalachian Athletic Conference Championships
Milligan University,539,50 Free,8,25.76,Jocelyn Waits,,Keydet Invitational
Milligan University,539,50 Free,9,26.14,Abbie Christensen,,Colonel Classic
Milligan University,539,50 Free,10,26.20,Emily Newman,,Keydet Invitational
Milligan University,539,500 Free,1,5:00.06,Riley Renaud,,NAIA National Championships
Milligan University,539,500 Free,2,5:13.47,Abby Maniace,,Keydet Invitational
Milligan University,539,500 Free,3,5:15.45,Emily Newman,,Appalachian Athletic Conference Championships
Milligan University,539,500 Free,4,5:21.69,Katelyn Williams,,NAIA National Championships
Milligan University,539,500 Free,5,5:26.78,Peyton Brady,,Appalachian Athletic Conference Championships
Milligan University,539,500 Free,6,5:38.97,Rosalee Wenhame,,Keydet Invitational
Morningside University,546,100 Back,1,1:04.88,Jaden Ochsner,,Kansas Collegiate Athletic Conference Championships
Morningside University,546,100 Back,2,1:05.85,Elena Santelli,,Last Chance Meet
Morningside University,546,100 Back,3,1:06.21,Alice Mahoney,,Morningside vs Nebraska Wesleyan
Morningside University,546,100 Back,4,1:11.17,Delaney Biesecker,,Morningside vs Nebraska Wesleyan
Morningside University,546,100 Back,5,1:59.80,Sierra Gambsky,,Kansas Collegiate Athletic Conference Championships
Morningside University,546,100 Breast,1,1:14.67,Alice Mahoney,,College of Saint Mary vs. Morningside
Morningside University,546,100 Breast,2,1:15.25,Lily Schwickerath,,Kansas Collegiate Athletic Conference Championships
Morningside University,546,100 Fly,1,1:07.24,Leonor Vendima Coelho,,College of Saint Mary vs. Morningside
Morningside University,546,100 Free,1,55.16,Leonor Vendima Coelho,,Roger Ahlman Invite
Morningside University,546,100 Free,2,57.24,Olivia Ramaeker,,Roger Ahlman Invite
Morningside University,546,100 Free,3,59.08,Elena Santelli,,Morningside vs Dordt
Morningside University,546,100 Free,4,59.72,Jaden Ochsner,,Last Chance Meet
Morningside University,546,100 Free,5,59.77,Lily Schwickerath,,Kansas Collegiate Athletic Conference Championships
Morningside University,546,100 Free,6,59.87,Alice Mahoney,,"IWCC vs. Sterling, Morningside"
Morningside University,546,100 Free,7,1:00.55,Delaney Biesecker,,Kansas Collegiate Athletic Conference Championships
Morningside University,546,100 Free,8,1:02.91,Lily Jackson,,GPAC Invitational
Morningside University,546,100 Free,9,1:42.42,Sierra Gambsky,,Roger Ahlman Invite
Morningside University,546,1000 Free,1,12:24.23,Lily Jackson,,Morningside vs Nebraska Wesleyan
Morningside University,546,1000 Free,2,13:00.97,Jaden Ochsner,,Midland vs. Morningside
Morningside University,546,1650 Free,1,20:44.26,Lily Jackson,,Kansas Collegiate Athletic Conference Championships
Morningside University,546,200 Back,1,2:21.23,Elena Santelli,,Kansas Collegiate Athletic Conference Championships
Morningside University,546,200 Back,2,2:23.56,Jaden Ochsner,,Last Chance Meet
Morningside University,546,200 Back,3,2:39.73,Delaney Biesecker,,St. Ambrose vs. Morningside
Morningside University,546,200 Breast,1,2:36.33,Alice Mahoney,,Kansas Collegiate Athletic Conference Championships
Morningside University,546,200 Free,1,2:01.97,Leonor Vendima Coelho,,Kansas Collegiate Athletic Conference Championships
Morningside University,546,200 Free,2,2:04.85,Alice Mahoney,,Kansas Collegiate Athletic Conference Championships
Morningside University,546,200 Free,3,2:07.02,Elena Santelli,,Kansas Collegiate Athletic Conference Championships
Morningside University,546,200 Free,4,2:12.53,Lily Jackson,,Roger Ahlman Invite
Morningside University,546,200 Free,5,2:13.82,Delaney Biesecker,,Kansas Collegiate Athletic Conference Championships
Morningside University,546,200 Free,6,2:14.51,Jaden Ochsner,,Morningside vs Nebraska Wesleyan
Morningside University,546,200 Im,1,2:26.48,Alice Mahoney,,Roger Ahlman Invite
Morningside University,546,200 Im,2,2:30.78,Jaden Ochsner,,Roger Ahlman Invite
Morningside University,546,200 Im,3,2:31.90,Leonor Vendima Coelho,,"IWCC vs. Sterling, Morningside"
Morningside University,546,50 Free,1,25.18,Leonor Vendima Coelho,,Roger Ahlman Invite
Morningside University,546,50 Free,2,26.23,Olivia Ramaeker,,Roger Ahlman Invite
Morningside University,546,50 Free,3,26.54,Jaden Ochsner,,Last Chance Meet
Morningside University,546,50 Free,4,26.56,Elena Santelli,,Roger Ahlman Invite
Morningside University,546,50 Free,5,26.72,Lily Schwickerath,,Roger Ahlman Invite
Morningside University,546,50 Free,6,27.37,Delaney Biesecker,,Roger Ahlman Invite
Morningside University,546,50 Free,7,29.06,Alice Mahoney,,"IWCC vs. Sterling, Morningside"
Morningside University,546,50 Free,8,30.03,Lily Jackson,,GPAC Invitational
Morningside University,546,50 Free,9,44.69,Sierra Gambsky,,Morningside vs. Minnesota-Morris
Morningside University,546,500 Free,1,5:50.24,Lily Jackson,,Roger Ahlman Invite
Morningside University,546,500 Free,2,5:55.70,Elena Santelli,,Kansas Collegiate Athletic Conference Championships
Morningside University,546,500 Free,3,5:55.77,Alice Mahoney,,Morningside vs ILCC & SMSU
New College of Florida,10018994,100 Back,1,1:00.19,Mya Nemechek,,The Sun Conference Championships
New College of Florida,10018994,100 Back,2,1:09.31,Dominique Cos,,Rollins Vs New College of Florida
New College of Florida,10018994,100 Back,3,1:21.62,Isabelle Dawson,,The Sun Conference Championships
New College of Florida,10018994,100 Breast,1,1:07.80,Dominique Cos,,2025 Ultimate Gyrene Showdown
New College of Florida,10018994,100 Breast,2,1:12.07,Michaela Hickok,,Rollins Vs New College of Florida
New College of Florida,10018994,100 Breast,3,1:12.37,Mya Nemechek,,Rollins Vs New College of Florida
New College of Florida,10018994,100 Fly,1,1:04.35,Dominique Cos,,NAIA National Championships
New College of Florida,10018994,100 Fly,2,1:05.92,Katherine Sands,,The Sun Conference Championships
New College of Florida,10018994,100 Fly,3,1:07.89,Michaela Hickok,,The Sun Conference Championships
New College of Florida,10018994,100 Fly,4,1:29.05,Isabelle Dawson,,St. Thomas vs. Ave Maria/New College of Florida
New College of Florida,10018994,100 Free,1,51.45,Mya Nemechek,,NAIA National Championships
New College of Florida,10018994,100 Free,2,58.03,Katherine Sands,,The Sun Conference Championships
New College of Florida,10018994,100 Free,3,59.69,Dominique Cos,,Rollins Vs New College of Florida
New College of Florida,10018994,100 Free,4,1:03.02,Isabelle Dawson,,The Sun Conference Championships
New College of Florida,10018994,1000 Free,1,11:13.76,Michaela Hickok,,The Sun Conference Championships
New College of Florida,10018994,1650 Free,1,18:35.52,Michaela Hickok,,The Sun Conference Championships
New College of Florida,10018994,200 Back,1,2:12.66,Mya Nemechek,,AMU vs. Barry vs. Life vs. New College
New College of Florida,10018994,200 Breast,1,2:27.89,Dominique Cos,,2025 Ultimate Gyrene Showdown
New College of Florida,10018994,200 Breast,2,2:31.86,Michaela Hickok,,Ave Maria Last Chance Invite
New College of Florida,10018994,200 Fly,1,2:29.87,Dominique Cos,,St. Thomas vs. Ave Maria/New College of Florida
New College of Florida,10018994,200 Free,1,1:53.38,Mya Nemechek,,NAIA National Championships
New College of Florida,10018994,200 Free,2,2:09.85,Michaela Hickok,,Rollins Vs New College of Florida
New College of Florida,10018994,200 Free,3,2:12.41,Dominique Cos,,St. Thomas vs. Ave Maria/New College of Florida
New College of Florida,10018994,200 Im,1,2:12.31,Mya Nemechek,,NAIA National Championships
New College of Florida,10018994,200 Im,2,2:19.97,Dominique Cos,,AMU vs. Barry vs. Life vs. New College
New College of Florida,10018994,400 Im,1,4:45.76,Dominique Cos,,NAIA National Championships
New College of Florida,10018994,400 Im,2,4:50.59,Michaela Hickok,,The Sun Conference Championships
New College of Florida,10018994,50 Free,1,24.55,Mya Nemechek,,NAIA National Championships
New College of Florida,10018994,50 Free,2,26.39,Katherine Sands,,The Sun Conference Championships
New College of Florida,10018994,50 Free,3,27.79,Michaela Hickok,,Rollins Vs New College of Florida
New College of Florida,10018994,50 Free,4,28.87,Dominique Cos,,Rollins Vs New College of Florida
New College of Florida,10018994,50 Free,5,28.87,Isabelle Dawson,,The Sun Conference Championships
New College of Florida,10018994,500 Free,1,5:27.02,Dominique Cos,,AMU vs. Barry vs. Life vs. New College
Olivet Nazarene University,10001793,100 Back,1,58.83,Katelyn Inman,,NAIA National Championships
Olivet Nazarene University,10001793,100 Back,2,1:01.04,Alyssa Osborn,,Wheaton Invitational
Olivet Nazarene University,10001793,100 Back,3,1:01.77,Kayla Parry,,Bethel vs. Olivet Nazarene
Olivet Nazarene University,10001793,100 Back,4,1:02.29,Grace Barnhart,,Wheaton Invitational
Olivet Nazarene University,10001793,100 Back,5,1:03.75,Aubrey Velzen,,Don Kimble Invitational
Olivet Nazarene University,10001793,100 Back,6,1:06.46,Aliyah Ellison,,Don Kimble Invitational
Olivet Nazarene University,10001793,100 Back,7,1:06.60,Kelli Moore,,Wheaton Invitational
Olivet Nazarene University,10001793,100 Back,8,1:10.31,Carrie Jones,,Kansas Collegiate Athletic Conference Championships
Olivet Nazarene University,10001793,100 Back,9,1:10.65,Kansas Whitten,,Kansas Collegiate Athletic Conference Championships
Olivet Nazarene University,10001793,100 Back,10,1:11.10,Lilly Ainsley,,Olivet vs Milliken
Olivet Nazarene University,10001793,100 Breast,1,1:05.23,Mackenzie Bushey,,Don Kimble Invitational
Olivet Nazarene University,10001793,100 Breast,2,1:07.09,Mia Points,,Bethel Last Chance Invite
Olivet Nazarene University,10001793,100 Breast,3,1:07.62,Alyssa Osborn,,Kansas Collegiate Athletic Conference Championships
Olivet Nazarene University,10001793,100 Breast,4,1:09.70,Abigail Pitts,,Kansas Collegiate Athletic Conference Championships
Olivet Nazarene University,10001793,100 Breast,5,1:11.20,Daphney Townley,,Wheaton Invitational
Olivet Nazarene University,10001793,100 Breast,6,1:13.06,Katelyn Inman,,Wheaton Invitational
Olivet Nazarene University,10001793,100 Breast,7,1:14.56,Aliyah Ellison,,Wheaton Invitational
Olivet Nazarene University,10001793,100 Breast,8,1:15.06,Maddie Miller,,Kansas Collegiate Athletic Conference Championships
Olivet Nazarene University,10001793,100 Breast,9,1:15.58,Bailey Martin,,Don Kimble Invitational
Olivet Nazarene University,10001793,100 Breast,10,1:16.04,Kelli Moore,,Wheaton Invitational
Olivet Nazarene University,10001793,100 Fly,1,56.87,Taylor King,,Kansas Collegiate Athletic Conference Championships
Olivet Nazarene University,10001793,100 Fly,2,57.40,Alyssa Osborn,,Don Kimble Invitational
Olivet Nazarene University,10001793,100 Fly,3,58.39,Kayla Parry,,Wheaton Invitational
Olivet Nazarene University,10001793,100 Fly,4,1:00.48,Mackenzie Bushey,,Wheaton Invitational
Olivet Nazarene University,10001793,100 Fly,5,1:00.62,Georgia Harrelson,,Kansas Collegiate Athletic Conference Championships
Olivet Nazarene University,10001793,100 Fly,6,1:00.92,Mia Points,,Wheaton Invitational
Olivet Nazarene University,10001793,100 Fly,7,1:01.04,Abby Mosier,,Kansas Collegiate Athletic Conference Championships
Olivet Nazarene University,10001793,100 Fly,8,1:02.12,Jessica Garcia Vargas,,Don Kimble Invitational
Olivet Nazarene University,10001793,100 Fly,9,1:04.65,Abigail Pitts,,Wheaton Invitational
Olivet Nazarene University,10001793,100 Fly,10,1:05.07,Katelyn Inman,,Wheaton Invitational
Olivet Nazarene University,10001793,100 Free,1,52.62,Alyssa Osborn,,NAIA National Championships
Olivet Nazarene University,10001793,100 Free,2,53.42,Mia Points,,Wheaton Invitational
Olivet Nazarene University,10001793,100 Free,3,54.51,Skyler Chandlee,,Kansas Collegiate Athletic Conference Championships
Olivet Nazarene University,10001793,100 Free,4,55.80,Grace Barnhart,,Don Kimble Invitational
Olivet Nazarene University,10001793,100 Free,5,56.93,Mackenzie Bushey,,Don Kimble Invitational
Olivet Nazarene University,10001793,100 Free,6,57.99,Lilly Ainsley,,Don Kimble Invitational
Olivet Nazarene University,10001793,100 Free,7,58.14,Kelli Moore,,Wheaton Invitational
Olivet Nazarene University,10001793,100 Free,8,58.40,Maddie Antkoviak,,Olivet vs Lewis
Olivet Nazarene University,10001793,100 Free,9,58.74,Abby Mosier,,Bethel vs. Olivet Nazarene
Olivet Nazarene University,10001793,100 Free,10,58.86,Maddie Miller,,Don Kimble Invitational
Olivet Nazarene University,10001793,1000 Free,1,10:56.14,Grace Barnhart,,Don Kimble Invitational
Olivet Nazarene University,10001793,1000 Free,2,11:21.24,Katelyn Inman,,Wheaton Invitational
Olivet Nazarene University,10001793,1000 Free,3,11:29.22,Kelli Moore,,Don Kimble Invitational
Olivet Nazarene University,10001793,1000 Free,4,11:37.62,Daphney Townley,,Olivet vs Eastern Illinois
Olivet Nazarene University,10001793,1000 Free,5,11:42.81,Taylor King,,Wheaton Invitational
Olivet Nazarene University,10001793,1000 Free,6,12:25.02,Georgia Harrelson,,Olivet vs Lewis
Olivet Nazarene University,10001793,1650 Free,1,17:57.78,Grace Barnhart,,Don Kimble Invitational
Olivet Nazarene University,10001793,1650 Free,2,18:38.12,Katelyn Inman,,Wheaton Invitational
Olivet Nazarene University,10001793,1650 Free,3,18:51.15,Kelli Moore,,Kansas Collegiate Athletic Conference Championships
Olivet Nazarene University,10001793,1650 Free,4,19:22.27,Taylor King,,Wheaton Invitational
Olivet Nazarene University,10001793,1650 Free,5,20:28.89,Aubrey Velzen,,Wheaton Invitational
Olivet Nazarene University,10001793,200 Back,1,2:04.84,Katelyn Inman,,NAIA National Championships
Olivet Nazarene University,10001793,200 Back,2,2:19.04,Aubrey Velzen,,Don Kimble Invitational
Olivet Nazarene University,10001793,200 Back,3,2:21.80,Skyler Chandlee,,Bethel vs. Olivet Nazarene
Olivet Nazarene University,10001793,200 Back,4,2:23.06,Aliyah Ellison,,Kansas Collegiate Athletic Conference Championships
Olivet Nazarene University,10001793,200 Back,5,2:23.88,Taylor King,,Wheaton Invitational
Olivet Nazarene University,10001793,200 Back,6,2:25.44,Kayla Parry,,Olivet vs Lewis
Olivet Nazarene University,10001793,200 Back,7,2:38.02,Kansas Whitten,,Don Kimble Invitational
Olivet Nazarene University,10001793,200 Back,8,2:47.09,Savannah Zirbel,,Bethel vs. Olivet Nazarene
Olivet Nazarene University,10001793,200 Breast,1,2:21.89,Mackenzie Bushey,,NAIA National Championships
Olivet Nazarene University,10001793,200 Breast,2,2:32.01,Abigail Pitts,,Kansas Collegiate Athletic Conference Championships
Olivet Nazarene University,10001793,200 Breast,3,2:33.61,Daphney Townley,,Don Kimble Invitational
Olivet Nazarene University,10001793,200 Breast,4,2:38.65,Taylor King,,Bethel vs. Olivet Nazarene
Olivet Nazarene University,10001793,200 Breast,5,2:43.55,Maddie Miller,,Kansas Collegiate Athletic Conference Championships
Olivet Nazarene University,10001793,200 Breast,6,2:46.54,Bailey Martin,,Wheaton Invitational
Olivet Nazarene University,10001793,200 Breast,7,2:53.13,Madeline Miller,,Olivet vs Lewis
Olivet Nazarene University,10001793,200 Breast,8,3:00.69,Jessica Garcia Vargas,,Wheaton Invitational
Olivet Nazarene University,10001793,200 Fly,1,2:04.79,Kayla Parry,,NAIA National Championships
Olivet Nazarene University,10001793,200 Fly,2,2:12.85,Taylor King,,Kansas Collegiate Athletic Conference Championships
Olivet Nazarene University,10001793,200 Fly,3,2:18.93,Abby Mosier,,Kansas Collegiate Athletic Conference Championships
Olivet Nazarene University,10001793,200 Fly,4,2:20.11,Georgia Harrelson,,Kansas Collegiate Athletic Conference Championships
Olivet Nazarene University,10001793,200 Fly,5,2:36.03,Jessica Garcia Vargas,,Olivet vs Lewis
Olivet Nazarene University,10001793,200 Fly,6,2:56.78,Kansas Whitten,,Kansas Collegiate Athletic Conference Championships
Olivet Nazarene University,10001793,200 Free,1,1:53.61,Alyssa Osborn,,NAIA National Championships
Olivet Nazarene University,10001793,200 Free,2,1:57.01,Grace Barnhart,,Don Kimble Invitational
Olivet Nazarene University,10001793,200 Free,3,1:57.24,Taylor King,,Don Kimble Invitational
Olivet Nazarene University,10001793,200 Free,4,1:58.31,Skyler Chandlee,,Kansas Collegiate Athletic Conference Championships
Olivet Nazarene University,10001793,200 Free,5,2:01.15,Kelli Moore,,Kansas Collegiate Athletic Conference Championships
Olivet Nazarene University,10001793,200 Free,6,2:02.13,Kayla Parry,,NAIA National Championships
Olivet Nazarene University,10001793,200 Free,7,2:06.82,Abby Mosier,,Don Kimble Invitational
Olivet Nazarene University,10001793,200 Free,8,2:07.41,Aubrey Velzen,,Don Kimble Invitational
Olivet Nazarene University,10001793,200 Free,9,2:07.71,Daphney Townley,,Don Kimble Invitational
Olivet Nazarene University,10001793,200 Free,10,2:07.73,Genna Fugle,,Don Kimble Invitational
Olivet Nazarene University,10001793,200 Im,1,2:08.48,Mackenzie Bushey,,NAIA National Championships
Olivet Nazarene University,10001793,200 Im,2,2:09.39,Alyssa Osborn,,Don Kimble Invitational
Olivet Nazarene University,10001793,200 Im,3,2:09.72,Taylor King,,Kansas Collegiate Athletic Conference Championships
Olivet Nazarene University,10001793,200 Im,4,2:11.81,Kayla Parry,,Kansas Collegiate Athletic Conference Championships
Olivet Nazarene University,10001793,200 Im,5,2:18.28,Katelyn Inman,,Olivet vs Milliken
Olivet Nazarene University,10001793,200 Im,6,2:22.01,Abigail Pitts,,Kansas Collegiate Athletic Conference Championships
Olivet Nazarene University,10001793,200 Im,7,2:23.33,Skyler Chandlee,,Wheaton Invitational
Olivet Nazarene University,10001793,200 Im,8,2:26.94,Aubrey Velzen,,Wheaton Invitational
Olivet Nazarene University,10001793,200 Im,9,2:27.29,Aliyah Ellison,,Kansas Collegiate Athletic Conference Championships
Olivet Nazarene University,10001793,200 Im,10,2:27.56,Maddie Miller,,Kansas Collegiate Athletic Conference Championships
Olivet Nazarene University,10001793,400 Im,1,4:37.84,Kayla Parry,,NAIA National Championships
Olivet Nazarene University,10001793,400 Im,2,4:43.02,Mackenzie Bushey,,Wheaton Invitational
Olivet Nazarene University,10001793,400 Im,3,4:47.11,Katelyn Inman,,Wheaton Invitational
Olivet Nazarene University,10001793,400 Im,4,4:47.68,Grace Barnhart,,Wheaton Invitational
Olivet Nazarene University,10001793,400 Im,5,4:58.84,Taylor King,,Olivet vs Lewis
Olivet Nazarene University,10001793,400 Im,6,5:05.77,Skyler Chandlee,,Wheaton Invitational
Olivet Nazarene University,10001793,50 Free,1,24.25,Mia Points,,Don Kimble Invitational
Olivet Nazarene University,10001793,50 Free,2,24.50,Taylor King,,Kansas Collegiate Athletic Conference Championships
Olivet Nazarene University,10001793,50 Free,3,24.82,Alyssa Osborn,,Wheaton Invitational
Olivet Nazarene University,10001793,50 Free,4,25.18,Skyler Chandlee,,NAIA National Championships
Olivet Nazarene University,10001793,50 Free,5,25.36,Kayla Parry,,Wheaton Invitational
Olivet Nazarene University,10001793,50 Free,6,25.82,Abby Mosier,,Wheaton Invitational
Olivet Nazarene University,10001793,50 Free,7,26.43,Grace Barnhart,,Wheaton Invitational
Olivet Nazarene University,10001793,50 Free,8,26.61,Katelyn Inman,,Olivet Nazarene vs. North Central
Olivet Nazarene University,10001793,50 Free,9,26.62,Genna Fugle,,Don Kimble Invitational
Olivet Nazarene University,10001793,50 Free,10,26.71,Maddie Antkoviak,,Olivet Nazarene vs. North Central
Olivet Nazarene University,10001793,500 Free,1,5:08.88,Grace Barnhart,,Don Kimble Invitational
Olivet Nazarene University,10001793,500 Free,2,5:10.65,Katelyn Inman,,NAIA National Championships
Olivet Nazarene University,10001793,500 Free,3,5:14.38,Alyssa Osborn,,Wheaton Invitational
Olivet Nazarene University,10001793,500 Free,4,5:29.61,Kelli Moore,,Kansas Collegiate Athletic Conference Championships
Olivet Nazarene University,10001793,500 Free,5,5:32.08,Daphney Townley,,Kansas Collegiate Athletic Conference Championships
Olivet Nazarene University,10001793,500 Free,6,5:38.75,Taylor King,,Wheaton Invitational
Olivet Nazarene University,10001793,500 Free,7,5:43.93,Georgia Harrelson,,Kansas Collegiate Athletic Conference Championships
Olivet Nazarene University,10001793,500 Free,8,6:01.12,Halle Larson,,Kansas Collegiate Athletic Conference Championships
Olivet Nazarene University,10001793,500 Free,9,6:02.65,Abby Mosier,,Wheaton Invitational
Olivet Nazarene University,10001793,500 Free,10,6:02.80,Maddie Miller,,Wheaton Invitational
Ottawa University of Arizona,10020248,100 Back,1,1:18.72,Jocy Cortez,,Pacific Collegiate Swim Conference Championships
Ottawa University of Arizona,10020248,100 Breast,1,1:16.43,Avery Demitropoulos,,Pacific Collegiate Swim Conference Championships
Ottawa University of Arizona,10020248,100 Breast,2,1:24.58,Maja Pekar,,"Grand Canyon v. Simon Fraser, ACU, OUAZ, NMSU"
Ottawa University of Arizona,10020248,100 Fly,1,1:04.11,Avery Demitropoulos,,Pacific Collegiate Swim Conference Championships
Ottawa University of Arizona,10020248,100 Fly,2,1:04.49,Marissa Brisco,,"Grand Canyon v. ACU, OUAZ"
Ottawa University of Arizona,10020248,100 Fly,3,1:11.00,Maja Pekar,,"Grand Canyon v. Simon Fraser, ACU, OUAZ, NMSU"
Ottawa University of Arizona,10020248,100 Fly,4,1:23.34,Jocy Cortez,,"ACU vs. OUAZ, ASU Club, GCU Club"
Ottawa University of Arizona,10020248,100 Free,1,56.44,Marissa Brisco,,Pacific Collegiate Swim Conference Championships
Ottawa University of Arizona,10020248,100 Free,2,1:00.26,Avery Demitropoulos,,Great Southwest Athletic Conference Championship
Ottawa University of Arizona,10020248,100 Free,3,1:04.33,Maja Pekar,,Pacific Collegiate Swim Conference Championships
Ottawa University of Arizona,10020248,200 Back,1,2:26.84,Avery Demitropoulos,,Pacific Collegiate Swim Conference Championships
Ottawa University of Arizona,10020248,200 Back,2,2:51.91,Jocy Cortez,,Pacific Collegiate Swim Conference Championships
Ottawa University of Arizona,10020248,200 Fly,1,2:57.79,Maja Pekar,,"ACU vs. OUAZ, ASU Club, GCU Club"
Ottawa University of Arizona,10020248,200 Free,1,2:09.90,Avery Demitropoulos,,"Grand Canyon v. ACU, OUAZ"
Ottawa University of Arizona,10020248,200 Free,2,2:11.97,Marissa Brisco,,AZ PSC Turn Up the Heat
Ottawa University of Arizona,10020248,200 Free,3,2:32.57,Jocy Cortez,,Pacific Collegiate Swim Conference Championships
Ottawa University of Arizona,10020248,200 Im,1,2:27.79,Avery Demitropoulos,,"Grand Canyon v. Simon Fraser, ACU, OUAZ, NMSU"
Ottawa University of Arizona,10020248,200 Im,2,2:38.92,Maja Pekar,,Pacific Collegiate Swim Conference Championships
Ottawa University of Arizona,10020248,200 Im,3,2:58.93,Jocy Cortez,,"Grand Canyon v. Simon Fraser, ACU, OUAZ, NMSU"
Ottawa University of Arizona,10020248,400 Im,1,5:36.61,Maja Pekar,,"Grand Canyon v. Simon Fraser, ACU, OUAZ, NMSU"
Ottawa University of Arizona,10020248,50 Free,1,25.42,Marissa Brisco,,Pacific Collegiate Swim Conference Championships
Ottawa University of Arizona,10020248,50 Free,2,26.54,Avery Demitropoulos,,Pacific Collegiate Swim Conference Championships
Ottawa University of Arizona,10020248,50 Free,3,30.20,Maja Pekar,,AZ PSC Turn Up the Heat
Ottawa University of Arizona,10020248,50 Free,4,31.18,Jocy Cortez,,"Grand Canyon v. Simon Fraser, ACU, OUAZ, NMSU"
Ottawa University of Arizona,10020248,500 Free,1,6:53.85,Jocy Cortez,,"Grand Canyon v. Simon Fraser, ACU, OUAZ, NMSU"
Saint Ambrose University,10009914,100 Back,1,58.36,Irene Artabe Abasalo,,NAIA National Championships
Saint Ambrose University,10009914,100 Back,2,1:01.75,Sophia Ewanic,,Liberal Arts Championships
Saint Ambrose University,10009914,100 Back,3,1:02.34,Anna Gute,,Rochester Invitational
Saint Ambrose University,10009914,100 Back,4,1:03.21,Riley Loeffler,,Liberal Arts Championships
Saint Ambrose University,10009914,100 Back,5,1:07.69,Alexis Hill,,2026 Grinnell Invite
Saint Ambrose University,10009914,100 Back,6,1:08.04,Paulina Can Barea,,Liberal Arts Championships
Saint Ambrose University,10009914,100 Back,7,1:17.24,Tessa Stephens,,Liberal Arts Championships
Saint Ambrose University,10009914,100 Back,8,1:26.51,Kylie Brewster,,Liberal Arts Championships
Saint Ambrose University,10009914,100 Breast,1,1:05.48,Bridget O'Grady,,Liberal Arts Championships
Saint Ambrose University,10009914,100 Breast,2,1:09.68,Kate Henson,,Davenport October Invite
Saint Ambrose University,10009914,100 Breast,3,1:09.76,Kennedy Capman,,Liberal Arts Championships
Saint Ambrose University,10009914,100 Breast,4,1:10.30,Emerson Cerbin,,Rochester Invitational
Saint Ambrose University,10009914,100 Breast,5,1:13.47,Irene Artabe Abasalo,,St. Ambrose vs. Morningside
Saint Ambrose University,10009914,100 Breast,6,1:15.23,Claire LeMaster,,St. Ambrose vs. Grinnell
Saint Ambrose University,10009914,100 Breast,7,1:15.60,Sylvia Zipperer,,Liberal Arts Championships
Saint Ambrose University,10009914,100 Fly,1,57.45,Irene Artabe Abasalo,,NAIA National Championships
Saint Ambrose University,10009914,100 Fly,2,59.81,Anna Gute,,Liberal Arts Championships
Saint Ambrose University,10009914,100 Fly,3,1:00.13,Grace Bobeldyk,,Rochester Invitational
Saint Ambrose University,10009914,100 Fly,4,1:04.91,Lyla Sylvia,,Liberal Arts Championships
Saint Ambrose University,10009914,100 Fly,5,1:05.03,Alexis Hill,,Rochester Invitational
Saint Ambrose University,10009914,100 Fly,6,1:06.17,Bridget O'Grady,,St. Ambrose vs. Grinnell
Saint Ambrose University,10009914,100 Fly,7,1:06.43,Kate Henson,,Rochester Invitational
Saint Ambrose University,10009914,100 Fly,8,1:08.62,Celia Cervantes,,Liberal Arts Championships
Saint Ambrose University,10009914,100 Fly,9,1:10.50,Riley Loeffler,,St. Ambrose vs. Grinnell
Saint Ambrose University,10009914,100 Fly,10,1:10.61,Kennedy Capman,,Liberal Arts Championships
Saint Ambrose University,10009914,100 Free,1,53.54,Anna Gute,,Rochester Invitational
Saint Ambrose University,10009914,100 Free,2,54.34,Irene Artabe Abasalo,,NAIA National Championships
Saint Ambrose University,10009914,100 Free,3,55.15,Bryn Kiley,,Liberal Arts Championships
Saint Ambrose University,10009914,100 Free,4,55.60,Grace Bobeldyk,,2026 Grinnell Invite
Saint Ambrose University,10009914,100 Free,5,57.54,Claire LeMaster,,2026 Grinnell Invite
Saint Ambrose University,10009914,100 Free,6,57.68,Paulina Can Barea,,Liberal Arts Championships
Saint Ambrose University,10009914,100 Free,7,57.80,Emerson Cerbin,,Liberal Arts Championships
Saint Ambrose University,10009914,100 Free,8,57.84,Lyla Sylvia,,Liberal Arts Championships
Saint Ambrose University,10009914,100 Free,9,58.64,Alexis Hill,,Liberal Arts Championships
Saint Ambrose University,10009914,100 Free,10,59.11,Sophia Ewanic,,2026 Grinnell Invite
Saint Ambrose University,10009914,1000 Free,1,10:53.53,Grace Bobeldyk,,NAIA National Championships
Saint Ambrose University,10009914,1000 Free,2,11:14.53,Annaliese Bowser,,Davenport October Invite
Saint Ambrose University,10009914,1000 Free,3,11:23.01,Claire LeMaster,,St. Ambrose vs. Grinnell
Saint Ambrose University,10009914,1650 Free,1,18:03.99,Grace Bobeldyk,,NAIA National Championships
Saint Ambrose University,10009914,1650 Free,2,18:55.44,Claire LeMaster,,Liberal Arts Championships
Saint Ambrose University,10009914,1650 Free,3,18:58.59,Annaliese Bowser,,2026 Grinnell Invite
Saint Ambrose University,10009914,200 Back,1,2:12.01,Sophia Ewanic,,Liberal Arts Championships
Saint Ambrose University,10009914,200 Back,2,2:17.48,Riley Loeffler,,Liberal Arts Championships
Saint Ambrose University,10009914,200 Back,3,2:44.52,Tessa Stephens,,Liberal Arts Championships
Saint Ambrose University,10009914,200 Breast,1,2:24.95,Bridget O'Grady,,Liberal Arts Championships
Saint Ambrose University,10009914,200 Breast,2,2:28.32,Irene Artabe Abasalo,,2026 Grinnell Invite
Saint Ambrose University,10009914,200 Breast,3,2:32.04,Kate Henson,,Liberal Arts Championships
Saint Ambrose University,10009914,200 Breast,4,2:32.97,Kennedy Capman,,Liberal Arts Championships
Saint Ambrose University,10009914,200 Breast,5,2:40.85,Emerson Cerbin,,2026 Grinnell Invite
Saint Ambrose University,10009914,200 Fly,1,2:22.17,Grace Bobeldyk,,St. Ambrose vs. Morningside
Saint Ambrose University,10009914,200 Fly,2,2:34.00,Alexis Hill,,Rochester Invitational
Saint Ambrose University,10009914,200 Free,1,1:56.53,Grace Bobeldyk,,NAIA National Championships
Saint Ambrose University,10009914,200 Free,2,1:59.61,Bryn Kiley,,Liberal Arts Championships
Saint Ambrose University,10009914,200 Free,3,2:00.47,Anna Gute,,Rochester Invitational
Saint Ambrose University,10009914,200 Free,4,2:01.24,Claire LeMaster,,Liberal Arts Championships
Saint Ambrose University,10009914,200 Free,5,2:02.40,Sophia Ewanic,,Davenport October Invite
Saint Ambrose University,10009914,200 Free,6,2:05.28,Annaliese Bowser,,Davenport October Invite
Saint Ambrose University,10009914,200 Free,7,2:07.04,Riley Loeffler,,2026 Grinnell Invite
Saint Ambrose University,10009914,200 Free,8,2:09.72,Paulina Can Barea,,2026 Grinnell Invite
Saint Ambrose University,10009914,200 Free,9,2:11.90,Kennedy Capman,,St. Ambrose vs. Grinnell
Saint Ambrose University,10009914,200 Free,10,2:13.21,Lyla Sylvia,,St. Ambrose vs. Grinnell
Saint Ambrose University,10009914,200 Im,1,2:09.64,Irene Artabe Abasalo,,Liberal Arts Championships
Saint Ambrose University,10009914,200 Im,2,2:20.74,Kennedy Capman,,2026 Grinnell Invite
Saint Ambrose University,10009914,200 Im,3,2:20.79,Kate Henson,,Liberal Arts Championships
Saint Ambrose University,10009914,200 Im,4,2:22.87,Riley Loeffler,,Liberal Arts Championships
Saint Ambrose University,10009914,200 Im,5,2:41.59,Annaliese Bowser,,St. Ambrose vs. Grinnell
Saint Ambrose University,10009914,400 Im,1,4:52.27,Irene Artabe Abasalo,,2026 Grinnell Invite
Saint Ambrose University,10009914,400 Im,2,4:58.42,Kennedy Capman,,Liberal Arts Championships
Saint Ambrose University,10009914,400 Im,3,5:30.99,Kate Henson,,St. Ambrose vs. Morningside
Saint Ambrose University,10009914,50 Free,1,24.46,Anna Gute,,Liberal Arts Championships
Saint Ambrose University,10009914,50 Free,2,24.53,Irene Artabe Abasalo,,Liberal Arts Championships
Saint Ambrose University,10009914,50 Free,3,25.83,Sophia Ewanic,,Rochester Invitational
Saint Ambrose University,10009914,50 Free,4,26.14,Bridget O'Grady,,2026 Grinnell Invite
Saint Ambrose University,10009914,50 Free,5,26.23,Bryn Kiley,,Rochester Invitational
Saint Ambrose University,10009914,50 Free,6,26.40,Lyla Sylvia,,Liberal Arts Championships
Saint Ambrose University,10009914,50 Free,7,26.55,Emerson Cerbin,,Liberal Arts Championships
Saint Ambrose University,10009914,50 Free,8,26.65,Claire LeMaster,,Liberal Arts Championships
Saint Ambrose University,10009914,50 Free,9,26.65,Paulina Can Barea,,Quincy at St. Ambrose
Saint Ambrose University,10009914,50 Free,10,26.85,Grace Bobeldyk,,Norse Sprint Invitational
Saint Ambrose University,10009914,500 Free,1,5:13.66,Grace Bobeldyk,,Liberal Arts Championships
Saint Ambrose University,10009914,500 Free,2,5:13.75,Bryn Kiley,,Liberal Arts Championships
Saint Ambrose University,10009914,500 Free,3,5:27.95,Claire LeMaster,,Liberal Arts Championships
Saint Ambrose University,10009914,500 Free,4,5:30.07,Annaliese Bowser,,Davenport October Invite
Saint Ambrose University,10009914,500 Free,5,6:19.67,Alexis Hill,,St. Ambrose vs. Grinnell
Savannah College of Art and Design,526,100 Back,1,54.40,Jette Haedicke,,NAIA National Championships
Savannah College of Art and Design,526,100 Back,2,56.47,Elena Włodarczyk,,NAIA National Championships
Savannah College of Art and Design,526,100 Back,3,58.38,Molly Burton,,NAIA National Championships
Savannah College of Art and Design,526,100 Back,4,58.49,Rachel Dawson,,NAIA National Championships
Savannah College of Art and Design,526,100 Back,5,59.95,Rocio Monge,,SCAD vs. Life vs. Brenau
Savannah College of Art and Design,526,100 Back,6,1:01.00,Schuyler Bellerjeau,,SCAD Last chance
Savannah College of Art and Design,526,100 Back,7,1:07.03,Makayla Kline,,The Sun Conference Championships
Savannah College of Art and Design,526,100 Breast,1,1:01.11,Nikki Hahn,,NAIA National Championships
Savannah College of Art and Design,526,100 Breast,2,1:02.97,Louise Jones,,Gamecock Invitational
Savannah College of Art and Design,526,100 Breast,3,1:09.04,Jette Haedicke,,SCAD Last chance
Savannah College of Art and Design,526,100 Fly,1,54.51,VALLE GONZALEZ ARES,,NAIA National Championships
Savannah College of Art and Design,526,100 Fly,2,56.24,Jette Haedicke,,Gamecock Invitational
Savannah College of Art and Design,526,100 Fly,3,57.34,Rocio Monge,,NAIA National Championships
Savannah College of Art and Design,526,100 Fly,4,57.94,Kailah Dauderman,,The Sun Conference Championships
Savannah College of Art and Design,526,100 Fly,5,58.59,Molly Burton,,Gamecock Invitational
Savannah College of Art and Design,526,100 Fly,6,58.86,Grace Miller,,The Sun Conference Championships
Savannah College of Art and Design,526,100 Fly,7,1:01.70,Schuyler Bellerjeau,,Gamecock Invitational
Savannah College of Art and Design,526,100 Fly,8,1:03.42,Frankie Dolby,,NAIA National Championships
Savannah College of Art and Design,526,100 Fly,9,1:03.51,Siena Masilionis,,Gamecock Invitational
Savannah College of Art and Design,526,100 Free,1,49.79,VALLE GONZALEZ ARES,,NAIA National Championships
Savannah College of Art and Design,526,100 Free,2,51.92,Lena Gerl,,Gamecock Invitational
Savannah College of Art and Design,526,100 Free,3,52.05,Louise Jones,,SCAD vs. Life vs. Brenau
Savannah College of Art and Design,526,100 Free,4,52.11,Kailah Dauderman,,NAIA National Championships
Savannah College of Art and Design,526,100 Free,5,52.38,Chayton Small,,NAIA National Championships
Savannah College of Art and Design,526,100 Free,6,52.43,Jette Haedicke,,Gamecock Invitational
Savannah College of Art and Design,526,100 Free,7,53.06,Anna ELMAZI,,The Sun Conference Championships
Savannah College of Art and Design,526,100 Free,8,53.92,Leah Givens,,The Sun Conference Championships
Savannah College of Art and Design,526,100 Free,9,54.36,Siena Masilionis,,The Sun Conference Championships
Savannah College of Art and Design,526,100 Free,10,54.88,Molly Burton,,Gamecock Invitational
Savannah College of Art and Design,526,1000 Free,1,10:23.46,Lena Gerl,,The Sun Conference Championships
Savannah College of Art and Design,526,1000 Free,2,10:38.20,Sky Marjamaa,,NAIA National Championships
Savannah College of Art and Design,526,1000 Free,3,10:52.17,Frankie Dolby,,The Sun Conference Championships
Savannah College of Art and Design,526,1650 Free,1,17:07.46,Lena Gerl,,NAIA National Championships
Savannah College of Art and Design,526,1650 Free,2,17:34.88,Sky Marjamaa,,The Sun Conference Championships
Savannah College of Art and Design,526,1650 Free,3,18:00.94,Frankie Dolby,,NAIA National Championships
Savannah College of Art and Design,526,200 Back,1,1:59.56,Jette Haedicke,,NAIA National Championships
Savannah College of Art and Design,526,200 Back,2,2:03.17,Elena Włodarczyk,,NAIA National Championships
Savannah College of Art and Design,526,200 Back,3,2:07.41,Rachel Dawson,,The Sun Conference Championships
Savannah College of Art and Design,526,200 Back,4,2:07.54,Molly Burton,,The Sun Conference Championships
Savannah College of Art and Design,526,200 Back,5,2:17.16,Leah Givens,,SCAD Last chance
Savannah College of Art and Design,526,200 Back,6,2:17.35,Kailah Dauderman,,SCAD Last chance
Savannah College of Art and Design,526,200 Breast,1,2:13.87,Nikki Hahn,,NAIA National Championships
Savannah College of Art and Design,526,200 Breast,2,2:17.56,Louise Jones,,Gamecock Invitational
Savannah College of Art and Design,526,200 Fly,1,2:12.26,Rocio Monge,,NAIA National Championships
Savannah College of Art and Design,526,200 Fly,2,2:14.46,Molly Burton,,SCAD vs. Life vs. Brenau
Savannah College of Art and Design,526,200 Fly,3,2:14.70,Grace Miller,,The Sun Conference Championships
Savannah College of Art and Design,526,200 Fly,4,2:16.12,Frankie Dolby,,Gamecock Invitational
Savannah College of Art and Design,526,200 Fly,5,2:17.47,Schuyler Bellerjeau,,Gamecock Invitational
Savannah College of Art and Design,526,200 Free,1,1:51.34,VALLE GONZALEZ ARES,,NAIA National Championships
Savannah College of Art and Design,526,200 Free,2,1:51.53,Lena Gerl,,NAIA National Championships
Savannah College of Art and Design,526,200 Free,3,1:52.71,Louise Jones,,SCAD vs. Life vs. Brenau
Savannah College of Art and Design,526,200 Free,4,1:53.27,Anna ELMAZI,,NAIA National Championships
Savannah College of Art and Design,526,200 Free,5,1:55.36,Chayton Small,,NAIA National Championships
Savannah College of Art and Design,526,200 Free,6,1:56.40,Nikki Hahn,,Gamecock Invitational
Savannah College of Art and Design,526,200 Free,7,1:57.72,Sky Marjamaa,,NAIA National Championships
Savannah College of Art and Design,526,200 Free,8,1:59.20,Leah Givens,,The Sun Conference Championships
Savannah College of Art and Design,526,200 Free,9,2:00.47,Elena Włodarczyk,,Gamecock Invitational
Savannah College of Art and Design,526,200 Free,10,2:08.12,Makayla Kline,,Gamecock Invitational
Savannah College of Art and Design,526,200 Im,1,2:02.42,Louise Jones,,NAIA National Championships
Savannah College of Art and Design,526,200 Im,2,2:04.24,Jette Haedicke,,The Sun Conference Championships
Savannah College of Art and Design,526,200 Im,3,2:06.04,Nikki Hahn,,NAIA National Championships
Savannah College of Art and Design,526,200 Im,4,2:07.04,VALLE GONZALEZ ARES,,SCAD vs. Life vs. Brenau
Savannah College of Art and Design,526,200 Im,5,2:09.17,Rocio Monge,,NAIA National Championships
Savannah College of Art and Design,526,400 Im,1,4:43.05,Frankie Dolby,,The Sun Conference Championships
Savannah College of Art and Design,526,50 Free,1,22.83,VALLE GONZALEZ ARES,,NAIA National Championships
Savannah College of Art and Design,526,50 Free,2,24.10,Kailah Dauderman,,NAIA National Championships
Savannah College of Art and Design,526,50 Free,3,24.10,Chayton Small,,NAIA National Championships
Savannah College of Art and Design,526,50 Free,4,24.17,Louise Jones,,Gamecock Invitational
Savannah College of Art and Design,526,50 Free,5,24.33,Siena Masilionis,,NAIA National Championships
Savannah College of Art and Design,526,50 Free,6,24.79,Anna ELMAZI,,NAIA National Championships
Savannah College of Art and Design,526,50 Free,7,24.84,Elena Włodarczyk,,NAIA National Championships
Savannah College of Art and Design,526,50 Free,8,24.97,Leah Givens,,Gamecock Invitational
Savannah College of Art and Design,526,50 Free,9,25.10,Lena Gerl,,Gamecock Invitational
Savannah College of Art and Design,526,50 Free,10,25.21,Jette Haedicke,,Gamecock Invitational
Savannah College of Art and Design,526,500 Free,1,4:56.60,Lena Gerl,,NAIA National Championships
Savannah College of Art and Design,526,500 Free,2,5:00.26,Louise Jones,,The Sun Conference Championships
Savannah College of Art and Design,526,500 Free,3,5:07.70,VALLE GONZALEZ ARES,,SCAD vs. Life vs. Brenau
Savannah College of Art and Design,526,500 Free,4,5:08.74,Sky Marjamaa,,NAIA National Championships
Savannah College of Art and Design,526,500 Free,5,5:20.26,Frankie Dolby,,NAIA National Championships
Savannah College of Art and Design,526,500 Free,6,5:29.92,Schuyler Bellerjeau,,Gamecock Invitational
Shawnee State University,10023753,100 Back,1,1:01.00,Kaylee France,,Shawnee St @ IWU
Shawnee State University,10023753,100 Back,2,1:03.39,Mercedes Mwebeiha,,College of Wooster Invite
Shawnee State University,10023753,100 Back,3,1:05.02,Maria Sagyntay,,College of Wooster Invite
Shawnee State University,10023753,100 Back,4,1:06.46,De-Nicha Lewis,,Shawnee State vs. Midway vs. West Virginia  Tech vs. Pikeville
Shawnee State University,10023753,100 Back,5,1:08.50,Julia Luallen,,Mid-South Conference Championships
Shawnee State University,10023753,100 Breast,1,1:06.43,Abigail Bosler,,NAIA National Championships
Shawnee State University,10023753,100 Breast,2,1:17.31,Mercedes Mwebeiha,,Mid-South Conference Championships
Shawnee State University,10023753,100 Breast,3,1:19.84,Emilie Wasnich,,Shawnee State vs. Pikeville
Shawnee State University,10023753,100 Breast,4,1:33.20,Emma Conley,,Midway vs. Shawnee State vs. Indiana Wesleyan
Shawnee State University,10023753,100 Fly,1,58.40,De-Nicha Lewis,,NAIA National Championships
Shawnee State University,10023753,100 Fly,2,1:03.83,Abigail Bosler,,Shawnee State vs. Pikeville
Shawnee State University,10023753,100 Fly,3,1:08.75,Kaylee France,,Midway vs. Shawnee State vs. Indiana Wesleyan
Shawnee State University,10023753,100 Fly,4,1:09.41,Emilie Wasnich,,College of Wooster Invite
Shawnee State University,10023753,100 Fly,5,1:11.65,Mercedes Mwebeiha,,13th Annual Fall Frenzy
Shawnee State University,10023753,100 Fly,6,1:24.32,Emma Conley,,Mid-South Conference Championships
Shawnee State University,10023753,100 Free,1,52.27,De-Nicha Lewis,,NAIA National Championships
Shawnee State University,10023753,100 Free,2,54.42,Abigail Bosler,,College of Wooster Invite
Shawnee State University,10023753,100 Free,3,56.63,De Lewis,,Shawnee St @ IWU
Shawnee State University,10023753,100 Free,4,59.78,Mercedes Mwebeiha,,College of Wooster Invite
Shawnee State University,10023753,100 Free,5,59.91,Reagan Lewis,,Mid-South Conference Championships
Shawnee State University,10023753,100 Free,6,1:00.02,Kaylee France,,College of Wooster Invite
Shawnee State University,10023753,100 Free,7,1:00.67,Cassie Coyne,,Shawnee State vs. Midway vs. West Virginia  Tech vs. Pikeville
Shawnee State University,10023753,100 Free,8,1:01.06,Emilie Wasnich,,College of Wooster Invite
Shawnee State University,10023753,100 Free,9,1:04.96,Maria Sagyntay,,13th Annual Fall Frenzy
Shawnee State University,10023753,100 Free,10,1:08.71,Emma Conley,,13th Annual Fall Frenzy
Shawnee State University,10023753,1000 Free,1,11:37.67,Emilie Wasnich,,Mid-South Conference Championships
Shawnee State University,10023753,1000 Free,2,12:05.34,Cassie Coyne,,College of Wooster Invite
Shawnee State University,10023753,1000 Free,3,13:32.02,Emma Conley,,Cumberlands vs. Shawnee State
Shawnee State University,10023753,1650 Free,1,19:14.06,Emilie Wasnich,,Mid-South Conference Championships
Shawnee State University,10023753,1650 Free,2,20:05.42,Cassie Coyne,,College of Wooster Invite
Shawnee State University,10023753,1650 Free,3,23:09.42,Emma Conley,,Mid-South Conference Championships
Shawnee State University,10023753,200 Back,1,2:19.33,Kaylee France,,Mid-South Conference Championships
Shawnee State University,10023753,200 Back,2,2:31.31,Maria Sagyntay,,Mid-South Conference Championships
Shawnee State University,10023753,200 Back,3,2:33.60,Julia Luallen,,Mid-South Conference Championships
Shawnee State University,10023753,200 Breast,1,2:25.56,Abigail Bosler,,NAIA National Championships
Shawnee State University,10023753,200 Breast,2,3:19.81,Emma Conley,,Shawnee State vs. Midway vs. West Virginia  Tech vs. Pikeville
Shawnee State University,10023753,200 Fly,1,2:29.76,De-Nicha Lewis,,Shawnee State vs. Midway vs. West Virginia  Tech vs. Pikeville
Shawnee State University,10023753,200 Free,1,2:00.68,De-Nicha Lewis,,College of Wooster Invite
Shawnee State University,10023753,200 Free,2,2:03.64,Emilie Wasnich,,Mid-South Conference Championships
Shawnee State University,10023753,200 Free,3,2:05.02,Cassie Coyne,,Mid-South Conference Championships
Shawnee State University,10023753,200 Free,4,2:10.93,Abigail Bosler,,UPike vs Shawnee State
Shawnee State University,10023753,200 Free,5,2:19.12,Reagan Lewis,,Mid-South Conference Championships
Shawnee State University,10023753,200 Free,6,2:30.70,Maria Sagyntay,,Cumberlands vs. Shawnee State
Shawnee State University,10023753,200 Im,1,2:17.20,Abigail Bosler,,College of Wooster Invite
Shawnee State University,10023753,200 Im,2,2:27.77,Mercedes Mwebeiha,,College of Wooster Invite
Shawnee State University,10023753,200 Im,3,2:34.68,Cassie Coyne,,Shawnee State vs. Pikeville
Shawnee State University,10023753,200 Im,4,2:40.98,Maria Sagyntay,,Mid-South Conference Championships
Shawnee State University,10023753,200 Im,5,2:55.87,Emma Conley,,Shawnee State vs. Midway vs. West Virginia  Tech vs. Pikeville
Shawnee State University,10023753,400 Im,1,6:09.43,Emma Conley,,Mid-South Conference Championships
Shawnee State University,10023753,50 Free,1,23.79,De-Nicha Lewis,,NAIA National Championships
Shawnee State University,10023753,50 Free,2,24.54,Abigail Bosler,,NAIA National Championships
Shawnee State University,10023753,50 Free,3,25.45,De Lewis,,Shawnee St @ IWU
Shawnee State University,10023753,50 Free,4,25.58,Kaylee France,,13th Annual Fall Frenzy
Shawnee State University,10023753,50 Free,5,26.51,Reagan Lewis,,Mid-South Conference Championships
Shawnee State University,10023753,50 Free,6,26.71,Maria Sagyntay,,College of Wooster Invite
Shawnee State University,10023753,50 Free,7,26.97,Cassie Coyne,,College of Wooster Invite
Shawnee State University,10023753,50 Free,8,27.19,Mercedes Mwebeiha,,13th Annual Fall Frenzy
Shawnee State University,10023753,50 Free,9,27.41,Julia Luallen,,Mid-South Conference Championships
Shawnee State University,10023753,50 Free,10,28.24,Emilie Wasnich,,Shawnee St @ IWU
Shawnee State University,10023753,500 Free,1,5:32.89,Emilie Wasnich,,Mid-South Conference Championships
Shawnee State University,10023753,500 Free,2,5:48.10,Cassie Coyne,,Mid-South Conference Championships
Shawnee State University,10023753,500 Free,3,6:39.06,Emma Conley,,Mid-South Conference Championships
Simpson University (CA),10023246,100 Back,1,1:24.41,Hannah Gedeon,,Pacific Collegiate Swim Conference Championships
Simpson University (CA),10023246,100 Fly,1,1:29.75,Hannah Gedeon,,Pacific Collegiate Swim Conference Championships
Simpson University (CA),10023246,100 Free,1,1:02.18,Kameron Borruso,,Logger Invitational
Simpson University (CA),10023246,100 Free,2,1:09.37,Lucin-Salazar Alannah,,Pacific Preseason Invitational
Simpson University (CA),10023246,100 Free,3,1:13.07,Kallai Ray,,Pacific Preseason Invitational
Simpson University (CA),10023246,100 Free,4,1:14.39,Hannah Gedeon,,Pacific Collegiate Swim Conference Championships
Simpson University (CA),10023246,200 Fly,1,3:32.78,Hannah Gedeon,,UCSC Slug Shootout
Simpson University (CA),10023246,200 Free,1,2:25.43,Kameron Borruso,,Logger Invitational
Simpson University (CA),10023246,50 Free,1,27.85,Kameron Borruso,,Pacific Collegiate Swim Conference Championships
Simpson University (CA),10023246,50 Free,2,30.53,Lucin-Salazar Alannah,,Pacific Preseason Invitational
Simpson University (CA),10023246,50 Free,3,31.87,Hannah Gedeon,,Pacific Collegiate Swim Conference Championships
Simpson University (CA),10023246,50 Free,4,33.35,Kallai Ray,,Pacific Preseason Invitational
Soka University,362,100 Back,1,1:04.34,Bea Ulian Vilanova,,Pacific Collegiate Swim Conference Championships
Soka University,362,100 Back,2,1:07.65,Nicole Skrzypek,,Great Southwest Athletic Conference Championship
Soka University,362,100 Back,3,1:26.74,Kayla Robertson,,Pacific Collegiate Swim Conference Championships
Soka University,362,100 Back,4,1:56.01,Lulu Sobel,,La Verne Invitational
Soka University,362,100 Back,5,2:02.35,Rubi Barraza Hernandez,,Great Southwest Athletic Conference Championship
Soka University,362,100 Back,6,2:38.70,Kriti Ghimire,,La Verne Invitational
Soka University,362,100 Breast,1,1:31.40,Bea Ulian Vilanova,,Bulldog Pentathlon 2025
Soka University,362,100 Breast,2,1:32.56,Mizuki Yano,,Pacific Collegiate Swim Conference Championships
Soka University,362,100 Breast,3,1:33.42,Hana Imamura,,Pacific Collegiate Swim Conference Championships
Soka University,362,100 Breast,4,1:43.20,Kayla Robertson,,UCSC Slug Shootout
Soka University,362,100 Fly,1,1:12.55,Bea Ulian Vilanova,,La Verne Invitational
Soka University,362,100 Free,1,55.32,Nicole Skrzypek,,Pacific Collegiate Swim Conference Championships
Soka University,362,100 Free,2,57.60,Bea Ulian Vilanova,,Great Southwest Athletic Conference Championship
Soka University,362,100 Free,3,1:12.01,Kayla Robertson,,Pacific Collegiate Swim Conference Championships
Soka University,362,100 Free,4,1:15.58,Hana Imamura,,Great Southwest Athletic Conference Championship
Soka University,362,100 Free,5,1:17.84,Mizuki Yano,,Pacific Collegiate Swim Conference Championships
Soka University,362,100 Free,6,1:19.03,Rubi Barraza Hernandez,,UCSC Slug Shootout
Soka University,362,100 Free,7,1:29.61,Lulu Sobel,,La Verne Invitational
Soka University,362,100 Free,8,1:55.24,Kriti Ghimire,,Great Southwest Athletic Conference Championship
Soka University,362,200 Free,1,2:17.33,Nicole Skrzypek,,Triple Distance Invitational
Soka University,362,200 Free,2,2:17.38,Bea Ulian Vilanova,,Triple Distance Invitational
Soka University,362,200 Free,3,2:49.57,Kayla Robertson,,Triple Distance Invitational
Soka University,362,50 Free,1,24.61,Nicole Skrzypek,,Pacific Collegiate Swim Conference Championships
Soka University,362,50 Free,2,25.76,Bea Ulian Vilanova,,Pacific Collegiate Swim Conference Championships
Soka University,362,50 Free,3,32.85,Hana Imamura,,Pacific Collegiate Swim Conference Championships
Soka University,362,50 Free,4,32.92,Kayla Robertson,,La Verne Invitational
Soka University,362,50 Free,5,34.33,Mizuki Yano,,Pacific Collegiate Swim Conference Championships
Soka University,362,50 Free,6,39.03,Lulu Sobel,,Great Southwest Athletic Conference Championship
Soka University,362,50 Free,7,39.58,Rubi Barraza Hernandez,,Great Southwest Athletic Conference Championship
Soka University,362,50 Free,8,47.98,Kriti Ghimire,,Great Southwest Athletic Conference Championship
St. Thomas University (FL),10023296,100 Back,1,56.55,Alessia Claassen,,NAIA National Championships
St. Thomas University (FL),10023296,100 Back,2,59.24,Janine Grund,,The Sun Conference Championships
St. Thomas University (FL),10023296,100 Back,3,1:00.22,Hailey Byrne,,Small College Championship Cup
St. Thomas University (FL),10023296,100 Back,4,1:00.64,Josefina Berraud Galea,,The Sun Conference Championships
St. Thomas University (FL),10023296,100 Back,5,1:00.79,Ansley Pecoul,,St. Thomas vs. Ave Maria/New College of Florida
St. Thomas University (FL),10023296,100 Back,6,1:01.10,Katie Gorno,,Small College Championship Cup
St. Thomas University (FL),10023296,100 Back,7,1:01.28,Wiktoria Bidnik,,The Sun Conference Championships
St. Thomas University (FL),10023296,100 Back,8,1:01.41,Ana Blyashyn Campos,,Small College Championship Cup
St. Thomas University (FL),10023296,100 Back,9,1:02.06,Mia Marin,,Small College Championship Cup
St. Thomas University (FL),10023296,100 Back,10,1:02.27,Emma Phillips,,FIU TYR Fall Classic
St. Thomas University (FL),10023296,100 Breast,1,1:04.96,Belen Castro,,NAIA National Championships
St. Thomas University (FL),10023296,100 Breast,2,1:05.92,Emma Phillips,,Florida Atlantic vs. St. Thomas (FL)
St. Thomas University (FL),10023296,100 Breast,3,1:06.29,Celina Myers,,Small College Championship Cup
St. Thomas University (FL),10023296,100 Breast,4,1:06.87,Bianca Mitchell,,NAIA National Championships
St. Thomas University (FL),10023296,100 Breast,5,1:08.23,Alessia Claassen,,St. Thomas (FL) vs. Barry
St. Thomas University (FL),10023296,100 Breast,6,1:09.39,Bea Moron Alonso,,St. Thomas (FL) vs. Barry
St. Thomas University (FL),10023296,100 Breast,7,1:09.68,Bella Dugani,,Florida Tech Classic
St. Thomas University (FL),10023296,100 Breast,8,1:09.73,Mia Roder,,The Sun Conference Championships
St. Thomas University (FL),10023296,100 Breast,9,1:10.87,Lily James,,The Sun Conference Championships
St. Thomas University (FL),10023296,100 Breast,10,1:11.18,Yana Trop,,Nova Southeastern vs. St. Thomas (FL) vs. Barry
St. Thomas University (FL),10023296,100 Fly,1,57.47,Bea Moron Alonso,,Small College Championship Cup
St. Thomas University (FL),10023296,100 Fly,2,57.84,Anaya Robinson,,NAIA National Championships
St. Thomas University (FL),10023296,100 Fly,3,58.21,Celina Myers,,Small College Championship Cup
St. Thomas University (FL),10023296,100 Fly,4,59.45,Marissa Ryan,,The Sun Conference Championships
St. Thomas University (FL),10023296,100 Fly,5,59.91,Mia Marin,,Florida Tech Classic
St. Thomas University (FL),10023296,100 Fly,6,1:00.18,Alessia Claassen,,NAIA National Championships
St. Thomas University (FL),10023296,100 Fly,7,1:00.43,Janine Grund,,The Sun Conference Championships
St. Thomas University (FL),10023296,100 Fly,8,1:01.24,Martine Abrahamsen,,St. Thomas vs. Ave Maria/New College of Florida
St. Thomas University (FL),10023296,100 Fly,9,1:01.47,Emma Phillips,,The Sun Conference Championships
St. Thomas University (FL),10023296,100 Fly,10,1:02.92,Claudia Ashford,,Small College Championship Cup
St. Thomas University (FL),10023296,100 Free,1,52.04,Martine Abrahamsen,,NAIA National Championships
St. Thomas University (FL),10023296,100 Free,2,52.16,Katie Gorno,,NAIA National Championships
St. Thomas University (FL),10023296,100 Free,3,52.42,Anaya Robinson,,Small College Championship Cup
St. Thomas University (FL),10023296,100 Free,4,52.44,Bianca Mitchell,,NAIA National Championships
St. Thomas University (FL),10023296,100 Free,5,52.48,Alessia Claassen,,Small College Championship Cup
St. Thomas University (FL),10023296,100 Free,6,52.80,Marissa Ryan,,The Sun Conference Championships
St. Thomas University (FL),10023296,100 Free,7,53.40,Yana Trop,,NAIA National Championships
St. Thomas University (FL),10023296,100 Free,8,55.45,Gigi Castellan,,The Sun Conference Championships
St. Thomas University (FL),10023296,100 Free,9,55.62,Ellasen Peot,,The Sun Conference Championships
St. Thomas University (FL),10023296,100 Free,10,55.81,Katharine Amundsen,,The Sun Conference Championships
St. Thomas University (FL),10023296,1000 Free,1,10:40.98,Sophie Urias,,NAIA National Championships
St. Thomas University (FL),10023296,1000 Free,2,10:50.50,Josefina Berraud Galea,,Florida Atlantic vs. St. Thomas (FL)
St. Thomas University (FL),10023296,1000 Free,3,10:57.64,Helene Vestberg,,Small College Championship Cup
St. Thomas University (FL),10023296,1000 Free,4,11:12.42,Maggie Auran,,St. Thomas (FL) vs. Barry
St. Thomas University (FL),10023296,1000 Free,5,12:11.56,Celina Myers,,St. Thomas (FL) vs. Barry
St. Thomas University (FL),10023296,1000 Free,6,12:25.16,Lauren Arledge,,St. Thomas (FL) vs. Barry
St. Thomas University (FL),10023296,1650 Free,1,17:46.37,Sophie Urias,,Small College Championship Cup
St. Thomas University (FL),10023296,1650 Free,2,18:06.99,Josefina Berraud Galea,,Small College Championship Cup
St. Thomas University (FL),10023296,1650 Free,3,18:15.74,Helene Vestberg,,Small College Championship Cup
St. Thomas University (FL),10023296,1650 Free,4,19:20.02,Maggie Auran,,Indian River vs. St. Thomas (FL)
St. Thomas University (FL),10023296,200 Back,1,2:03.73,Alessia Claassen,,Small College Championship Cup
St. Thomas University (FL),10023296,200 Back,2,2:10.39,Claudia Ashford,,Small College Championship Cup
St. Thomas University (FL),10023296,200 Back,3,2:11.13,Janine Grund,,Ave Maria Last Chance Invite
St. Thomas University (FL),10023296,200 Back,4,2:14.08,Pola Michalska,,Small College Championship Cup
St. Thomas University (FL),10023296,200 Back,5,2:14.12,Wiktoria Bidnik,,Small College Championship Cup
St. Thomas University (FL),10023296,200 Back,6,2:18.03,Sophie Urias,,Florida Atlantic vs. St. Thomas (FL)
St. Thomas University (FL),10023296,200 Back,7,2:18.49,Hailey Byrne,,Small College Championship Cup
St. Thomas University (FL),10023296,200 Back,8,2:18.52,Josefina Berraud Galea,,Nova Southeastern vs. St. Thomas (FL) vs. Barry
St. Thomas University (FL),10023296,200 Back,9,2:21.69,Emma Phillips,,St. Thomas vs. Ave Maria/New College of Florida
St. Thomas University (FL),10023296,200 Back,10,2:21.72,Helene Vestberg,,St. Thomas vs. Ave Maria/New College of Florida
St. Thomas University (FL),10023296,200 Breast,1,2:20.03,Emma Phillips,,NAIA National Championships
St. Thomas University (FL),10023296,200 Breast,2,2:22.30,Maggie Auran,,The Sun Conference Championships
St. Thomas University (FL),10023296,200 Breast,3,2:22.96,Belen Castro,,NAIA National Championships
St. Thomas University (FL),10023296,200 Breast,4,2:26.31,Chloe Convis,,Small College Championship Cup
St. Thomas University (FL),10023296,200 Breast,5,2:28.87,Mia Roder,,Small College Championship Cup
St. Thomas University (FL),10023296,200 Breast,6,2:29.17,Alessia Claassen,,St. Thomas (FL) vs. Barry
St. Thomas University (FL),10023296,200 Breast,7,2:31.04,Lily James,,The Sun Conference Championships
St. Thomas University (FL),10023296,200 Breast,8,2:31.59,Bea Moron Alonso,,St. Thomas (FL) vs. Barry
St. Thomas University (FL),10023296,200 Breast,9,2:32.16,Bella Dugani,,Small College Championship Cup
St. Thomas University (FL),10023296,200 Breast,10,2:34.16,Claudia Ashford,,St. Thomas (FL) vs. Barry
St. Thomas University (FL),10023296,200 Fly,1,2:08.61,Bea Moron Alonso,,NAIA National Championships
St. Thomas University (FL),10023296,200 Fly,2,2:13.62,Yana Trop,,The Sun Conference Championships
St. Thomas University (FL),10023296,200 Fly,3,2:13.72,Celina Myers,,Small College Championship Cup
St. Thomas University (FL),10023296,200 Fly,4,2:15.96,Claudia Ashford,,Florida Atlantic vs. St. Thomas (FL)
St. Thomas University (FL),10023296,200 Fly,5,2:17.63,Mia Marin,,The Sun Conference Championships
St. Thomas University (FL),10023296,200 Fly,6,2:25.81,Lauren Arledge,,Florida Tech Classic
St. Thomas University (FL),10023296,200 Fly,7,2:36.47,Marissa Ryan,,St. Thomas (FL) vs. Barry
St. Thomas University (FL),10023296,200 Fly,8,2:38.14,Katie Gorno,,St. Thomas (FL) vs. Barry
St. Thomas University (FL),10023296,200 Free,1,1:52.98,Bea Moron Alonso,,Small College Championship Cup
St. Thomas University (FL),10023296,200 Free,2,1:53.77,Martine Abrahamsen,,NAIA National Championships
St. Thomas University (FL),10023296,200 Free,3,1:55.07,Sophie Urias,,NAIA National Championships
St. Thomas University (FL),10023296,200 Free,4,1:55.35,Josefina Berraud Galea,,Small College Championship Cup
St. Thomas University (FL),10023296,200 Free,5,1:55.37,Yana Trop,,Small College Championship Cup
St. Thomas University (FL),10023296,200 Free,6,1:56.06,Alessia Claassen,,The Sun Conference Championships
St. Thomas University (FL),10023296,200 Free,7,1:57.51,Katie Gorno,,The Sun Conference Championships
St. Thomas University (FL),10023296,200 Free,8,1:59.96,Helene Vestberg,,The Sun Conference Championships
St. Thomas University (FL),10023296,200 Free,9,2:01.75,Maggie Auran,,Florida Atlantic vs. St. Thomas (FL)
St. Thomas University (FL),10023296,200 Free,10,2:03.28,Katharine Amundsen,,The Sun Conference Championships
St. Thomas University (FL),10023296,200 Im,1,2:03.47,Alessia Claassen,,NAIA National Championships
St. Thomas University (FL),10023296,200 Im,2,2:04.23,Emma Phillips,,NAIA National Championships
St. Thomas University (FL),10023296,200 Im,3,2:10.53,Belen Castro,,Small College Championship Cup
St. Thomas University (FL),10023296,200 Im,4,2:12.55,Chloe Convis,,NAIA National Championships
St. Thomas University (FL),10023296,200 Im,5,2:12.56,Claudia Ashford,,Small College Championship Cup
St. Thomas University (FL),10023296,200 Im,6,2:17.53,Lily James,,Small College Championship Cup
St. Thomas University (FL),10023296,200 Im,7,2:18.32,Josefina Berraud Galea,,St. Thomas vs. Ave Maria/New College of Florida
St. Thomas University (FL),10023296,200 Im,8,2:20.75,Mia Roder,,The Sun Conference Championships
St. Thomas University (FL),10023296,200 Im,9,2:20.85,Sophie Urias,,St. Thomas vs. Ave Maria/New College of Florida
St. Thomas University (FL),10023296,200 Im,10,2:20.98,Ansley Pecoul,,Small College Championship Cup
St. Thomas University (FL),10023296,400 Im,1,4:22.95,Alessia Claassen,,NAIA National Championships
St. Thomas University (FL),10023296,400 Im,2,4:28.54,Emma Phillips,,NAIA National Championships
St. Thomas University (FL),10023296,400 Im,3,4:37.77,Maggie Auran,,NAIA National Championships
St. Thomas University (FL),10023296,400 Im,4,4:39.66,Claudia Ashford,,The Sun Conference Championships
St. Thomas University (FL),10023296,400 Im,5,4:44.27,Chloe Convis,,NAIA National Championships
St. Thomas University (FL),10023296,400 Im,6,4:49.31,Lily James,,The Sun Conference Championships
St. Thomas University (FL),10023296,400 Im,7,4:56.00,Yana Trop,,Nova Southeastern vs. St. Thomas (FL) vs. Barry
St. Thomas University (FL),10023296,50 Free,1,23.76,Katie Gorno,,NAIA National Championships
St. Thomas University (FL),10023296,50 Free,2,24.07,Martine Abrahamsen,,NAIA National Championships
St. Thomas University (FL),10023296,50 Free,3,24.11,Marissa Ryan,,The Sun Conference Championships
St. Thomas University (FL),10023296,50 Free,4,24.29,Anaya Robinson,,NAIA National Championships
St. Thomas University (FL),10023296,50 Free,5,24.31,Bianca Mitchell,,Small College Championship Cup
St. Thomas University (FL),10023296,50 Free,6,24.90,Celina Myers,,Small College Championship Cup
St. Thomas University (FL),10023296,50 Free,7,25.06,Alessia Claassen,,Small College Championship Cup
St. Thomas University (FL),10023296,50 Free,8,25.08,Gigi Castellan,,The Sun Conference Championships
St. Thomas University (FL),10023296,50 Free,9,25.11,Katharine Amundsen,,Small College Championship Cup
St. Thomas University (FL),10023296,50 Free,10,25.11,Ellasen Peot,,The Sun Conference Championships
St. Thomas University (FL),10023296,500 Free,1,5:01.99,Bea Moron Alonso,,NAIA National Championships
St. Thomas University (FL),10023296,500 Free,2,5:06.56,Sophie Urias,,Small College Championship Cup
St. Thomas University (FL),10023296,500 Free,3,5:08.00,Yana Trop,,Small College Championship Cup
St. Thomas University (FL),10023296,500 Free,4,5:08.47,Josefina Berraud Galea,,Small College Championship Cup
St. Thomas University (FL),10023296,500 Free,5,5:11.67,Maggie Auran,,NAIA National Championships
St. Thomas University (FL),10023296,500 Free,6,5:14.10,Martine Abrahamsen,,Small College Championship Cup
St. Thomas University (FL),10023296,500 Free,7,5:22.70,Helene Vestberg,,The Sun Conference Championships
St. Thomas University (FL),10023296,500 Free,8,5:27.07,Alessia Claassen,,St. Thomas vs. Ave Maria/New College of Florida
St. Thomas University (FL),10023296,500 Free,9,5:31.30,Emma Phillips,,St. Thomas (FL) vs. Barry
St. Thomas University (FL),10023296,500 Free,10,5:34.38,Bella Dugani,,Small College Championship Cup
Sterling College,10020657,100 Back,1,1:05.38,Bree Pickerell,,OCU Eagle Invite
Sterling College,10020657,100 Back,2,1:09.95,Allison Reed,,Kansas Collegiate Athletic Conference Championships
Sterling College,10020657,100 Back,3,1:14.28,Hilde Heskett,,Kansas Collegiate Athletic Conference Championships
Sterling College,10020657,100 Breast,1,1:11.73,Lydia Nelson,,Kansas Collegiate Athletic Conference Championships
Sterling College,10020657,100 Fly,1,1:05.42,Abby Cagle,,Kansas Collegiate Athletic Conference Championships
Sterling College,10020657,100 Fly,2,1:11.34,Campbell Elliott,,Kansas Collegiate Athletic Conference Championships
Sterling College,10020657,100 Free,1,58.01,Campbell Elliott,,Kansas Collegiate Athletic Conference Championships
Sterling College,10020657,100 Free,2,58.88,Abby Cagle,,Kansas Collegiate Athletic Conference Championships
Sterling College,10020657,100 Free,3,1:00.88,Lydia Nelson,,"Rockhurst, Sterling, vs Saint Mary Double Dual meet"
Sterling College,10020657,100 Free,4,1:01.72,Bree Pickerell,,UNK Invite Sprint Meet 2
Sterling College,10020657,100 Free,5,1:01.81,Allison Reed,,Barton CC vs. Sterling
Sterling College,10020657,100 Free,6,1:01.86,Hilde Heskett,,Kansas Collegiate Athletic Conference Championships
Sterling College,10020657,1000 Free,1,11:13.00,Bree Pickerell,,OCU Eagle Invite
Sterling College,10020657,1650 Free,1,18:43.26,Bree Pickerell,,Kansas Collegiate Athletic Conference Championships
Sterling College,10020657,200 Back,1,2:17.07,Bree Pickerell,,Kansas Collegiate Athletic Conference Championships
Sterling College,10020657,200 Back,2,2:32.07,Allison Reed,,Kansas Collegiate Athletic Conference Championships
Sterling College,10020657,200 Breast,1,2:39.98,Lydia Nelson,,Kansas Collegiate Athletic Conference Championships
Sterling College,10020657,200 Free,1,2:09.85,Lydia Nelson,,Oklahoma Christian vs. Sterling vs. Saint Mary (KS)
Sterling College,10020657,200 Free,2,2:11.91,Campbell Elliott,,KCAC Repaired Upload
Sterling College,10020657,200 Free,3,2:17.51,Allison Reed,,Oklahoma Christian vs. Sterling vs. Saint Mary (KS)
Sterling College,10020657,200 Free,4,2:27.78,Abby Cagle,,Sunflower Showdown
Sterling College,10020657,200 Im,1,2:26.33,Lydia Nelson,,Kansas Collegiate Athletic Conference Championships
Sterling College,10020657,200 Im,2,2:30.53,Bree Pickerell,,Barton CC vs. Sterling
Sterling College,10020657,50 Free,1,26.10,Abby Cagle,,OCU Eagle Invite
Sterling College,10020657,50 Free,2,26.73,Bree Pickerell,,OCU Eagle Invite
Sterling College,10020657,50 Free,3,27.26,Allison Reed,,OCU Eagle Invite
Sterling College,10020657,50 Free,4,27.29,Hilde Heskett,,Kansas Collegiate Athletic Conference Championships
Sterling College,10020657,50 Free,5,27.46,Campbell Elliott,,OCU Eagle Invite
Sterling College,10020657,50 Free,6,27.94,Lydia Nelson,,Barton CC vs. Sterling
Sterling College,10020657,500 Free,1,5:31.28,Bree Pickerell,,OCU Eagle Invite
The Master's University,10011277,100 Back,1,55.00,Clara Patterson,,NAIA National Championships
The Master's University,10011277,100 Back,2,58.14,Megan Sutanto,,Rodionoff Invite
The Master's University,10011277,100 Back,3,59.20,Katherine Dyer,,Caltech vs. Masters vs. Soka
The Master's University,10011277,100 Back,4,1:00.53,Trudy Patterson,,Pacific Collegiate Swim Conference Championships
The Master's University,10011277,100 Back,5,1:02.43,Haddie Anderson,,Pacific Collegiate Swim Conference Championships
The Master's University,10011277,100 Back,6,1:02.94,Mia Llamas,,The Masters v Pomona-Pitzer
The Master's University,10011277,100 Back,7,1:03.44,Emma Gardiner,,La Verne Invitational
The Master's University,10011277,100 Back,8,1:06.83,Bridget Mick,,Rodionoff Invite
The Master's University,10011277,100 Back,9,1:13.57,Emily Ryken,,La Verne Invitational
The Master's University,10011277,100 Breast,1,1:02.87,Katherine Dyer,,Pacific Collegiate Swim Conference Championships
The Master's University,10011277,100 Breast,2,1:08.40,Bridget Mick,,Great Southwest Athletic Conference Championship
The Master's University,10011277,100 Breast,3,1:13.69,Gabrielle Shirley,,Great Southwest Athletic Conference Championship
The Master's University,10011277,100 Breast,4,1:13.91,Mia Llamas,,Rodionoff Invite
The Master's University,10011277,100 Breast,5,1:14.62,Emma Gardiner,,Rodionoff Invite
The Master's University,10011277,100 Breast,6,1:18.21,Maggie Mobley,,La Verne Invitational
The Master's University,10011277,100 Fly,1,56.93,Katherine Dyer,,La Verne Invitational
The Master's University,10011277,100 Fly,2,57.45,Clara Patterson,,Pacific Collegiate Swim Conference Championships
The Master's University,10011277,100 Fly,3,58.02,Megan Sutanto,,The Masters v Pomona-Pitzer
The Master's University,10011277,100 Fly,4,1:00.09,Bella Hiner,,Pacific Collegiate Swim Conference Championships
The Master's University,10011277,100 Fly,5,1:00.35,Bridget Mick,,NAIA National Championships
The Master's University,10011277,100 Fly,6,1:02.19,Mia Llamas,,La Verne Invitational
The Master's University,10011277,100 Fly,7,1:04.98,Haddie Anderson,,La Verne Invitational
The Master's University,10011277,100 Fly,8,1:05.54,Maggie Mobley,,La Verne Invitational
The Master's University,10011277,100 Fly,9,1:07.86,Emma Gardiner,,Pacific Collegiate Swim Conference Championships
The Master's University,10011277,100 Fly,10,1:16.23,Dani Gearing,,The Masters v Pomona-Pitzer
The Master's University,10011277,100 Free,1,49.64,Katherine Dyer,,NAIA National Championships
The Master's University,10011277,100 Free,2,51.17,Megan Sutanto,,NAIA National Championships
The Master's University,10011277,100 Free,3,52.01,Kylee Sears,,NAIA National Championships
The Master's University,10011277,100 Free,4,53.25,Bella Hiner,,Pacific Collegiate Swim Conference Championships
The Master's University,10011277,100 Free,5,54.87,Clara Patterson,,Rodionoff Invite
The Master's University,10011277,100 Free,6,55.53,Haddie Anderson,,Pacific Collegiate Swim Conference Championships
The Master's University,10011277,100 Free,7,58.09,Bridget Mick,,Rodionoff Invite
The Master's University,10011277,100 Free,8,58.61,Trudy Patterson,,Rodionoff Invite
The Master's University,10011277,100 Free,9,59.01,Gabrielle Shirley,,Pacific Collegiate Swim Conference Championships
The Master's University,10011277,100 Free,10,59.14,Emma Gardiner,,Caltech vs. Masters vs. Soka
The Master's University,10011277,1000 Free,1,11:32.40,Emma Gardiner,,Pacific Collegiate Swim Conference Championships
The Master's University,10011277,1000 Free,2,12:14.86,Dani Gearing,,La Verne Invitational
The Master's University,10011277,1000 Free,3,12:15.75,Emily Ryken,,Great Southwest Athletic Conference Championship
The Master's University,10011277,1650 Free,1,19:29.65,Emma Gardiner,,Great Southwest Athletic Conference Championship
The Master's University,10011277,1650 Free,2,20:26.12,Emily Ryken,,Great Southwest Athletic Conference Championship
The Master's University,10011277,1650 Free,3,20:33.28,Dani Gearing,,La Verne Invitational
The Master's University,10011277,200 Back,1,2:01.09,Katherine Dyer,,La Verne Invitational
The Master's University,10011277,200 Back,2,2:01.98,Clara Patterson,,NAIA National Championships
The Master's University,10011277,200 Back,3,2:12.28,Trudy Patterson,,La Verne Invitational
The Master's University,10011277,200 Back,4,2:13.13,Emma Gardiner,,Pacific Collegiate Swim Conference Championships
The Master's University,10011277,200 Back,5,2:16.25,Mia Llamas,,The Masters v Pomona-Pitzer
The Master's University,10011277,200 Back,6,2:44.19,Emily Ryken,,The Masters v Pomona-Pitzer
The Master's University,10011277,200 Breast,1,2:21.23,Katherine Dyer,,Great Southwest Athletic Conference Championship
The Master's University,10011277,200 Breast,2,2:26.82,Bridget Mick,,Great Southwest Athletic Conference Championship
The Master's University,10011277,200 Breast,3,2:42.58,Gabrielle Shirley,,Great Southwest Athletic Conference Championship
The Master's University,10011277,200 Breast,4,2:47.56,Maggie Mobley,,Pacific Collegiate Swim Conference Championships
The Master's University,10011277,200 Fly,1,2:08.41,Katherine Dyer,,The Masters v Pomona-Pitzer
The Master's University,10011277,200 Fly,2,2:15.98,Kylee Sears,,Great Southwest Athletic Conference Championship
The Master's University,10011277,200 Fly,3,2:17.76,Mia Llamas,,La Verne Invitational
The Master's University,10011277,200 Fly,4,2:27.05,Maggie Mobley,,Pacific Collegiate Swim Conference Championships
The Master's University,10011277,200 Fly,5,2:52.60,Dani Gearing,,The Masters v Pomona-Pitzer
The Master's University,10011277,200 Free,1,1:49.30,Katherine Dyer,,La Verne Invitational
The Master's University,10011277,200 Free,2,1:50.21,Kylee Sears,,NAIA National Championships
The Master's University,10011277,200 Free,3,1:53.01,Megan Sutanto,,NAIA National Championships
The Master's University,10011277,200 Free,4,1:56.96,Bella Hiner,,Pacific Collegiate Swim Conference Championships
The Master's University,10011277,200 Free,5,1:58.18,Clara Patterson,,Caltech vs. Masters vs. Soka
The Master's University,10011277,200 Free,6,2:00.36,Trudy Patterson,,Great Southwest Athletic Conference Championship
The Master's University,10011277,200 Free,7,2:08.09,Haddie Anderson,,Pacific Collegiate Swim Conference Championships
The Master's University,10011277,200 Free,8,2:13.91,Dani Gearing,,La Verne Invitational
The Master's University,10011277,200 Free,9,2:14.12,Emily Ryken,,Pacific Collegiate Swim Conference Championships
The Master's University,10011277,200 Im,1,1:59.73,Katherine Dyer,,La Verne Invitational
The Master's University,10011277,200 Im,2,2:12.77,Bridget Mick,,NAIA National Championships
The Master's University,10011277,200 Im,3,2:16.93,Mia Llamas,,Rodionoff Invite
The Master's University,10011277,200 Im,4,2:18.14,Trudy Patterson,,Pacific Collegiate Swim Conference Championships
The Master's University,10011277,200 Im,5,2:23.81,Bella Hiner,,Rodionoff Invite
The Master's University,10011277,200 Im,6,2:25.47,Emma Gardiner,,Rodionoff Invite
The Master's University,10011277,200 Im,7,2:28.35,Gabrielle Shirley,,Pacific Collegiate Swim Conference Championships
The Master's University,10011277,200 Im,8,2:32.02,Maggie Mobley,,Rodionoff Invite
The Master's University,10011277,400 Im,1,4:17.60,Katherine Dyer,,La Verne Invitational
The Master's University,10011277,400 Im,2,4:55.94,Mia Llamas,,Great Southwest Athletic Conference Championship
The Master's University,10011277,400 Im,3,4:56.97,Emma Gardiner,,La Verne Invitational
The Master's University,10011277,400 Im,4,5:23.43,Maggie Mobley,,Rodionoff Invite
The Master's University,10011277,50 Free,1,23.37,Clara Patterson,,NAIA National Championships
The Master's University,10011277,50 Free,2,23.56,Megan Sutanto,,NAIA National Championships
The Master's University,10011277,50 Free,3,24.02,Katherine Dyer,,Pacific Collegiate Swim Conference Championships
The Master's University,10011277,50 Free,4,24.12,Kylee Sears,,La Verne Invitational
The Master's University,10011277,50 Free,5,24.83,Bella Hiner,,NAIA National Championships
The Master's University,10011277,50 Free,6,25.28,Haddie Anderson,,Pacific Collegiate Swim Conference Championships
The Master's University,10011277,50 Free,7,25.29,Bridget Mick,,La Verne Invitational
The Master's University,10011277,50 Free,8,26.98,Gabrielle Shirley,,La Verne Invitational
The Master's University,10011277,50 Free,9,28.24,Trudy Patterson,,Rodionoff Invite
The Master's University,10011277,50 Free,10,28.72,Emma Gardiner,,Caltech vs. Masters vs. Soka
The Master's University,10011277,500 Free,1,5:06.60,Kylee Sears,,Pacific Collegiate Swim Conference Championships
The Master's University,10011277,500 Free,2,5:10.04,Katherine Dyer,,Caltech vs. Masters vs. Soka
The Master's University,10011277,500 Free,3,5:30.08,Trudy Patterson,,Great Southwest Athletic Conference Championship
The Master's University,10011277,500 Free,4,5:34.77,Emma Gardiner,,Great Southwest Athletic Conference Championship
The Master's University,10011277,500 Free,5,5:57.78,Dani Gearing,,La Verne Invitational
The Master's University,10011277,500 Free,6,6:00.52,Emily Ryken,,Pacific Collegiate Swim Conference Championships
The Master's University,10011277,500 Free,7,6:05.83,Haddie Anderson,,The Masters v Pomona-Pitzer
The Master's University,10011277,500 Free,8,6:20.63,Gabrielle Shirley,,Biola vs. Westmont vs. Masters vs. Concordia
Thomas University,10003289,100 Back,1,1:02.51,Alejandra Sopena Labadia,,The Sun Conference Championships
Thomas University,10003289,100 Back,2,1:02.81,Karlie Autry,,The Sun Conference Championships
Thomas University,10003289,100 Back,3,1:43.70,Leilani Hichkad,,Thomas vs. Life
Thomas University,10003289,100 Breast,1,1:08.41,Casey Fair,,Small College Championship Cup
Thomas University,10003289,100 Breast,2,1:09.72,Alexis Horn,,Small College Championship Cup
Thomas University,10003289,100 Breast,3,1:17.49,Lucía Roca Rodado,,Life vs. Thomas  Senior Day
Thomas University,10003289,100 Breast,4,1:46.22,Leilani Hichkad,,Small College Championship Cup
Thomas University,10003289,100 Fly,1,1:00.13,Alejandra Sopena Labadia,,Small College Championship Cup
Thomas University,10003289,100 Fly,2,1:03.24,Anna Van DeKeere,,NAIA National Championships
Thomas University,10003289,100 Fly,3,1:04.77,Karlie Autry,,William Carey vs. Thomas
Thomas University,10003289,100 Fly,4,1:09.78,Casey Fair,,Thomas vs. Life
Thomas University,10003289,100 Free,1,57.22,Casey Fair,,The Sun Conference Championships
Thomas University,10003289,100 Free,2,57.24,Anna Van DeKeere,,William Carey vs. Thomas
Thomas University,10003289,100 Free,3,57.64,Lucía Roca Rodado,,The Sun Conference Championships
Thomas University,10003289,100 Free,4,58.60,Alejandra Sopena Labadia,,Emmanuel vs. Life
Thomas University,10003289,100 Free,5,59.92,Alexis Horn,,Fall Cross Divisional
Thomas University,10003289,100 Free,6,1:23.55,Leilani Hichkad,,EU Senior Day Meet
Thomas University,10003289,1000 Free,1,10:50.68,Anna Van DeKeere,,NAIA National Championships
Thomas University,10003289,1650 Free,1,17:56.51,Anna Van DeKeere,,NAIA National Championships
Thomas University,10003289,200 Back,1,2:14.47,Karlie Autry,,Small College Championship Cup
Thomas University,10003289,200 Back,2,2:19.69,Alejandra Sopena Labadia,,Small College Championship Cup
Thomas University,10003289,200 Breast,1,2:31.02,Casey Fair,,Small College Championship Cup
Thomas University,10003289,200 Breast,2,2:34.49,Alexis Horn,,Small College Championship Cup
Thomas University,10003289,200 Breast,3,2:55.23,Lucía Roca Rodado,,Emmanuel vs. Life
Thomas University,10003289,200 Breast,4,3:45.51,Leilani Hichkad,,Small College Championship Cup
Thomas University,10003289,200 Free,1,1:57.88,Anna Van DeKeere,,Small College Championship Cup
Thomas University,10003289,200 Free,2,2:01.99,Karlie Autry,,Small College Championship Cup
Thomas University,10003289,200 Free,3,2:03.81,Lucía Roca Rodado,,The Sun Conference Championships
Thomas University,10003289,200 Free,4,2:11.84,Alexis Horn,,Fall Cross Divisional
Thomas University,10003289,200 Free,5,2:58.94,Leilani Hichkad,,Life vs. Thomas  Senior Day
Thomas University,10003289,200 Im,1,2:18.81,Casey Fair,,Small College Championship Cup
Thomas University,10003289,200 Im,2,2:20.11,Anna Van DeKeere,,Fall Cross Divisional
Thomas University,10003289,200 Im,3,2:22.35,Alexis Horn,,The Sun Conference Championships
Thomas University,10003289,200 Im,4,2:33.36,Alejandra Sopena Labadia,,Life vs. Thomas  Senior Day
Thomas University,10003289,400 Im,1,4:37.71,Anna Van DeKeere,,NAIA National Championships
Thomas University,10003289,50 Free,1,25.72,Casey Fair,,The Sun Conference Championships
Thomas University,10003289,50 Free,2,26.39,Alejandra Sopena Labadia,,Emmanuel vs. Life
Thomas University,10003289,50 Free,3,26.60,Lucía Roca Rodado,,The Sun Conference Championships
Thomas University,10003289,50 Free,4,26.69,Karlie Autry,,The Sun Conference Championships
Thomas University,10003289,50 Free,5,27.41,Anna Van DeKeere,,Fall Cross Divisional
Thomas University,10003289,50 Free,6,27.62,Alexis Horn,,EU Senior Day Meet
Thomas University,10003289,50 Free,7,36.66,Leilani Hichkad,,Small College Championship Cup
Thomas University,10003289,50 Free,8,47.42,Sierra Williams,,Small College Championship Cup
Thomas University,10003289,500 Free,1,5:14.35,Anna Van DeKeere,,NAIA National Championships
Thomas University,10003289,500 Free,2,5:42.41,Karlie Autry,,Small College Championship Cup
Thomas University,10003289,500 Free,3,6:11.01,Lucía Roca Rodado,,Thomas vs. Life
University of Pikeville,10026650,100 Back,1,1:15.37,Patrick Dayliin,,Centre Invitational
University of Pikeville,10026650,100 Back,2,1:19.28,Kaylin Hatfield,,Centre Invitational
University of Pikeville,10026650,100 Back,3,1:24.98,Bailey Walker,,Appalachian Athletic Conference Championships
University of Pikeville,10026650,100 Breast,1,1:17.87,Madelyn Smith,,Appalachian Athletic Conference Championships
University of Pikeville,10026650,100 Fly,1,1:26.83,Kaylin Hatfield,,Midway vs. Pikeville vs. West Virginia  Tech
University of Pikeville,10026650,100 Free,1,1:00.10,Kaylin Hatfield,,Appalachian Athletic Conference Championships
University of Pikeville,10026650,100 Free,2,1:05.82,Madelyn Smith,,Centre Invitational
University of Pikeville,10026650,100 Free,3,1:07.61,Patrick Dayliin,,Centre Invitational
University of Pikeville,10026650,100 Free,4,1:15.02,Bailey Walker,,UPike vs Shawnee State
University of Pikeville,10026650,100 Free,5,1:21.07,Tayla Howroyd,,Appalachian Athletic Conference Championships
University of Pikeville,10026650,200 Back,1,2:38.17,Patrick Dayliin,,Appalachian Athletic Conference Championships
University of Pikeville,10026650,200 Breast,1,3:02.35,Madelyn Smith,,Centre Invitational
University of Pikeville,10026650,200 Free,1,2:11.20,Kaylin Hatfield,,Appalachian Athletic Conference Championships
University of Pikeville,10026650,200 Free,2,2:24.49,Patrick Dayliin,,Appalachian Athletic Conference Championships
University of Pikeville,10026650,200 Free,3,2:28.00,Madelyn Smith,,"UPike vs Franklin, Transylvania"
University of Pikeville,10026650,200 Im,1,2:44.94,Kaylin Hatfield,,Centre Invitational
University of Pikeville,10026650,50 Free,1,28.28,Kaylin Hatfield,,Midway vs. Pikeville vs. West Virginia  Tech
University of Pikeville,10026650,50 Free,2,29.57,Madelyn Smith,,Appalachian Athletic Conference Championships
University of Pikeville,10026650,50 Free,3,32.15,Patrick Dayliin,,Centre Invitational
University of Pikeville,10026650,50 Free,4,32.72,Bailey Walker,,Centre Invitational
University of Pikeville,10026650,50 Free,5,35.67,Tayla Howroyd,,Appalachian Athletic Conference Championships
University of Pikeville,10026650,500 Free,1,5:57.47,Kaylin Hatfield,,Appalachian Athletic Conference Championships
University of Pikeville,10026650,500 Free,2,6:58.30,Madelyn Smith,,Midway vs. Pikeville vs. West Virginia  Tech
University of Saint Mary,10018098,100 Back,1,1:03.26,Olivia Ringle,,NAIA National Championships
University of Saint Mary,10018098,100 Back,2,1:04.02,Reagan Salsbury,,Sunflower Showdown
University of Saint Mary,10018098,100 Back,3,1:04.08,Olivia Kindle,,Kansas Collegiate Athletic Conference Championships
University of Saint Mary,10018098,100 Back,4,1:04.96,Kaitie Coleman,,Kansas Collegiate Athletic Conference Championships
University of Saint Mary,10018098,100 Back,5,1:05.69,Mandy Butscher,,Kansas Collegiate Athletic Conference Championships
University of Saint Mary,10018098,100 Back,6,1:06.12,Ayla Pierce,,62nd Annual Hendrix Relays
University of Saint Mary,10018098,100 Back,7,1:07.42,Taylor Grader,,KC Crown Classic
University of Saint Mary,10018098,100 Back,8,1:08.50,Rylee Randle,,Oklahoma Christian vs. Sterling vs. Saint Mary (KS)
University of Saint Mary,10018098,100 Back,9,1:12.22,Caroline Griffin,,Sam Freas Invite
University of Saint Mary,10018098,100 Back,10,1:12.33,Ella Bombardier,,KC Crown Classic
University of Saint Mary,10018098,100 Breast,1,1:07.25,Reagan Salsbury,,KC Crown Classic
University of Saint Mary,10018098,100 Breast,2,1:10.60,Ainsley Duell,,Kansas Collegiate Athletic Conference Championships
University of Saint Mary,10018098,100 Breast,3,1:16.28,Sofia Perdomo,,Kansas Collegiate Athletic Conference Championships
University of Saint Mary,10018098,100 Breast,4,1:16.34,MaryBeth Clark,,Oklahoma Christian vs. Sterling vs. Saint Mary (KS)
University of Saint Mary,10018098,100 Breast,5,1:18.33,Grace Sproston,,KC Crown Classic
University of Saint Mary,10018098,100 Breast,6,1:22.38,Gracie Cosman,,Kansas Collegiate Athletic Conference Championships
University of Saint Mary,10018098,100 Fly,1,57.47,MaryBeth Clark,,Kansas Collegiate Athletic Conference Championships
University of Saint Mary,10018098,100 Fly,2,58.44,Ayla Pierce,,KC Crown Classic
University of Saint Mary,10018098,100 Fly,3,1:01.65,Sania Cay,,Kansas Collegiate Athletic Conference Championships
University of Saint Mary,10018098,100 Fly,4,1:02.92,Maria Trotta,,Kansas Collegiate Athletic Conference Championships
University of Saint Mary,10018098,100 Fly,5,1:03.72,Leah Rogers,,KC Crown Classic
University of Saint Mary,10018098,100 Fly,6,1:05.14,Olivia Kindle,,Kansas Collegiate Athletic Conference Championships
University of Saint Mary,10018098,100 Fly,7,1:06.79,Caroline Griffin,,KC Crown Classic
University of Saint Mary,10018098,100 Fly,8,1:13.05,Kaitie Coleman,,Oklahoma Christian vs. Sterling vs. Saint Mary (KS)
University of Saint Mary,10018098,100 Fly,9,1:14.85,Alayna Tuttle,,KC Crown Classic
University of Saint Mary,10018098,100 Fly,10,1:15.46,Mandy Butscher,,Kansas Collegiate Athletic Conference Championships
University of Saint Mary,10018098,100 Free,1,53.40,Taya Swarts,,Kansas Collegiate Athletic Conference Championships
University of Saint Mary,10018098,100 Free,2,53.63,Sania Cay,,Kansas Collegiate Athletic Conference Championships
University of Saint Mary,10018098,100 Free,3,54.23,Ayla Pierce,,NAIA National Championships
University of Saint Mary,10018098,100 Free,4,55.27,Maria Trotta,,Kansas Collegiate Athletic Conference Championships
University of Saint Mary,10018098,100 Free,5,56.80,Ava Steier,,KC Crown Classic
University of Saint Mary,10018098,100 Free,6,57.89,Olivia Kindle,,KCAC Repaired Upload
University of Saint Mary,10018098,100 Free,7,57.95,Rilynn Guynes,,KC Crown Classic
University of Saint Mary,10018098,100 Free,8,58.77,Kaitie Coleman,,KC Crown Classic
University of Saint Mary,10018098,100 Free,9,59.68,MaryBeth Clark,,Oklahoma Christian vs. Sterling vs. Saint Mary (KS)
University of Saint Mary,10018098,100 Free,10,1:00.35,Ella Bombardier,,Kansas Collegiate Athletic Conference Championships
University of Saint Mary,10018098,1000 Free,1,11:06.36,Ayla Pierce,,NAIA National Championships
University of Saint Mary,10018098,1000 Free,2,11:13.19,Olivia Ringle,,NAIA National Championships
University of Saint Mary,10018098,1000 Free,3,11:26.04,Ava Steier,,KC Crown Classic
University of Saint Mary,10018098,1000 Free,4,12:08.62,Kaitie Coleman,,KC Crown Classic
University of Saint Mary,10018098,1000 Free,5,12:43.39,Caroline Griffin,,56th Annual Hendrix Classic
University of Saint Mary,10018098,1000 Free,6,12:52.85,Rilynn Guynes,,56th Annual Hendrix Classic
University of Saint Mary,10018098,1650 Free,1,18:02.34,Olivia Ringle,,Kansas Collegiate Athletic Conference Championships
University of Saint Mary,10018098,1650 Free,2,18:08.82,Ayla Pierce,,Kansas Collegiate Athletic Conference Championships
University of Saint Mary,10018098,1650 Free,3,18:56.63,Ava Steier,,Kansas Collegiate Athletic Conference Championships
University of Saint Mary,10018098,1650 Free,4,19:49.84,Kaitie Coleman,,Kansas Collegiate Athletic Conference Championships
University of Saint Mary,10018098,200 Back,1,2:13.20,Olivia Ringle,,Kansas Collegiate Athletic Conference Championships
University of Saint Mary,10018098,200 Back,2,2:20.44,Olivia Kindle,,Kansas Collegiate Athletic Conference Championships
University of Saint Mary,10018098,200 Back,3,2:22.47,Mandy Butscher,,KC Crown Classic
University of Saint Mary,10018098,200 Back,4,2:25.38,Taylor Grader,,56th Annual Hendrix Classic
University of Saint Mary,10018098,200 Back,5,2:27.36,Ayla Pierce,,Sam Freas Invite
University of Saint Mary,10018098,200 Back,6,2:30.17,Rylee Randle,,Kansas Collegiate Athletic Conference Championships
University of Saint Mary,10018098,200 Back,7,2:44.20,Alayna Tuttle,,KC Crown Classic
University of Saint Mary,10018098,200 Breast,1,2:28.62,Reagan Salsbury,,Kansas Collegiate Athletic Conference Championships
University of Saint Mary,10018098,200 Breast,2,2:35.64,Ainsley Duell,,Kansas Collegiate Athletic Conference Championships
University of Saint Mary,10018098,200 Breast,3,2:49.66,Sofia Perdomo,,Kansas Collegiate Athletic Conference Championships
University of Saint Mary,10018098,200 Breast,4,2:51.27,Ayla Pierce,,William Jewell vs University of Saint Mary
University of Saint Mary,10018098,200 Breast,5,2:55.42,Grace Sproston,,Kansas Collegiate Athletic Conference Championships
University of Saint Mary,10018098,200 Breast,6,2:57.40,Rilynn Guynes,,Sam Freas Invite
University of Saint Mary,10018098,200 Fly,1,2:09.41,MaryBeth Clark,,Kansas Collegiate Athletic Conference Championships
University of Saint Mary,10018098,200 Fly,2,2:17.81,Ayla Pierce,,KC Crown Classic
University of Saint Mary,10018098,200 Fly,3,2:27.33,Leah Rogers,,KC Crown Classic
University of Saint Mary,10018098,200 Fly,4,2:33.57,Caroline Griffin,,KC Crown Classic
University of Saint Mary,10018098,200 Free,1,1:57.06,Ayla Pierce,,KCAC Repaired Upload
University of Saint Mary,10018098,200 Free,2,1:58.93,Taya Swarts,,Kansas Collegiate Athletic Conference Championships
University of Saint Mary,10018098,200 Free,3,2:01.21,Ava Steier,,KC Crown Classic
University of Saint Mary,10018098,200 Free,4,2:01.25,Olivia Ringle,,KC Crown Classic
University of Saint Mary,10018098,200 Free,5,2:03.19,Maria Trotta,,KC Crown Classic
University of Saint Mary,10018098,200 Free,6,2:03.49,Sania Cay,,KC Crown Classic
University of Saint Mary,10018098,200 Free,7,2:06.01,Kaitie Coleman,,KC Crown Classic
University of Saint Mary,10018098,200 Free,8,2:06.52,Leah Rogers,,56th Annual Hendrix Classic
University of Saint Mary,10018098,200 Free,9,2:09.74,Rilynn Guynes,,Kansas Collegiate Athletic Conference Championships
University of Saint Mary,10018098,200 Free,10,2:16.61,Ellie Johnson,,Kansas Collegiate Athletic Conference Championships
University of Saint Mary,10018098,200 Im,1,2:13.75,Ayla Pierce,,Kansas Collegiate Athletic Conference Championships
University of Saint Mary,10018098,200 Im,2,2:15.75,MaryBeth Clark,,Kansas Collegiate Athletic Conference Championships
University of Saint Mary,10018098,200 Im,3,2:27.09,Mandy Butscher,,KC Crown Classic
University of Saint Mary,10018098,200 Im,4,2:28.66,Olivia Kindle,,KC Crown Classic
University of Saint Mary,10018098,200 Im,5,2:32.05,Leah Rogers,,Sunflower Showdown
University of Saint Mary,10018098,200 Im,6,2:41.34,Taylor Grader,,56th Annual Hendrix Classic
University of Saint Mary,10018098,200 Im,7,2:43.45,Sofia Perdomo,,Kansas Collegiate Athletic Conference Championships
University of Saint Mary,10018098,400 Im,1,5:08.70,Leah Rogers,,Kansas Collegiate Athletic Conference Championships
University of Saint Mary,10018098,400 Im,2,5:16.24,Mandy Butscher,,Kansas Collegiate Athletic Conference Championships
University of Saint Mary,10018098,400 Im,3,5:39.25,Taylor Grader,,Kansas Collegiate Athletic Conference Championships
University of Saint Mary,10018098,50 Free,1,24.25,Taya Swarts,,Kansas Collegiate Athletic Conference Championships
University of Saint Mary,10018098,50 Free,2,24.31,Sania Cay,,Kansas Collegiate Athletic Conference Championships
University of Saint Mary,10018098,50 Free,3,24.64,Reagan Salsbury,,KC Crown Classic
University of Saint Mary,10018098,50 Free,4,24.91,Maria Trotta,,Kansas Collegiate Athletic Conference Championships
University of Saint Mary,10018098,50 Free,5,26.08,Rilynn Guynes,,KC Crown Classic
University of Saint Mary,10018098,50 Free,6,26.53,Ainsley Duell,,KC Crown Classic
University of Saint Mary,10018098,50 Free,7,27.04,Ella Bombardier,,KC Crown Classic
University of Saint Mary,10018098,50 Free,8,27.29,Grace Sproston,,KC Crown Classic
University of Saint Mary,10018098,50 Free,9,27.29,Ayla Pierce,,Sam Freas Invite
University of Saint Mary,10018098,50 Free,10,27.32,Ava Steier,,KC Crown Classic
University of Saint Mary,10018098,500 Free,1,5:20.15,Olivia Ringle,,Kansas Collegiate Athletic Conference Championships
University of Saint Mary,10018098,500 Free,2,5:26.37,Ava Steier,,KC Crown Classic
University of Saint Mary,10018098,500 Free,3,5:36.37,Ayla Pierce,,Sunflower Showdown
University of Saint Mary,10018098,500 Free,4,5:40.57,Leah Rogers,,KC Crown Classic
University of Saint Mary,10018098,500 Free,5,5:42.09,Rilynn Guynes,,Kansas Collegiate Athletic Conference Championships
University of Saint Mary,10018098,500 Free,6,5:43.02,Kaitie Coleman,,KC Crown Classic
University of Saint Mary,10018098,500 Free,7,5:55.21,Taylor Grader,,KC Crown Classic
University of Saint Mary,10018098,500 Free,8,5:59.28,Caroline Griffin,,KC Crown Classic
University of Saint Mary,10018098,500 Free,9,6:00.94,Ainsley Duell,,Oklahoma Christian vs. Sterling vs. Saint Mary (KS)
University of Saint Mary,10018098,500 Free,10,6:30.00,Gracie Cosman,,KC Crown Classic
"University of Tennessee, Southern",10023526,100 Back,1,1:06.11,Alexis Milani,,13th Annual Fall Frenzy
"University of Tennessee, Southern",10023526,100 Back,2,1:07.76,Morgan Brosch,,13th Annual Fall Frenzy
"University of Tennessee, Southern",10023526,100 Back,3,1:28.60,Finley Boston,,Appalachian Athletic Conference Championships
"University of Tennessee, Southern",10023526,100 Breast,1,1:15.37,Diana Lacal Gracia,,Small College Championship Cup
"University of Tennessee, Southern",10023526,100 Fly,1,1:09.26,Morgan Brosch,,Lindsey Wilson vs. UT Southern
"University of Tennessee, Southern",10023526,100 Fly,2,1:18.00,Diana Lacal Gracia,,Montevallo  vs. UT Southern
"University of Tennessee, Southern",10023526,100 Free,1,56.86,Morgan Brosch,,Small College Championship Cup
"University of Tennessee, Southern",10023526,100 Free,2,58.57,Alexis Milani,,Small College Championship Cup
"University of Tennessee, Southern",10023526,100 Free,3,1:03.76,Diana Lacal Gracia,,Sewanee vs. UT Southern
"University of Tennessee, Southern",10023526,100 Free,4,1:22.42,Finley Boston,,Appalachian Athletic Conference Championships
"University of Tennessee, Southern",10023526,200 Breast,1,2:42.47,Diana Lacal Gracia,,Small College Championship Cup
"University of Tennessee, Southern",10023526,200 Free,1,2:04.74,Morgan Brosch,,Small College Championship Cup
"University of Tennessee, Southern",10023526,200 Free,2,2:07.18,Alexis Milani,,13th Annual Fall Frenzy
"University of Tennessee, Southern",10023526,200 Free,3,2:18.07,Diana Lacal Gracia,,Campbellsville vs. UTS 2025
"University of Tennessee, Southern",10023526,200 Im,1,2:31.35,Diana Lacal Gracia,,Small College Championship Cup
"University of Tennessee, Southern",10023526,50 Free,1,26.28,Morgan Brosch,,Small College Championship Cup
"University of Tennessee, Southern",10023526,50 Free,2,26.96,Alexis Milani,,Appalachian Athletic Conference Championships
"University of Tennessee, Southern",10023526,50 Free,3,30.87,Diana Lacal Gracia,,Sewanee vs. UT Southern
"University of Tennessee, Southern",10023526,50 Free,4,34.95,Finley Boston,,Appalachian Athletic Conference Championships
"University of Tennessee, Southern",10023526,500 Free,1,5:39.41,Morgan Brosch,,Small College Championship Cup
University of the Cumberlands,387,100 Back,1,57.90,Sarah Zoellner,,Mid-South Conference Championships
University of the Cumberlands,387,100 Back,2,1:00.19,Bailey Amerman,,Mid-South Conference Championships
University of the Cumberlands,387,100 Back,3,1:00.22,Addison Ringwald,,Mid-South Conference Championships
University of the Cumberlands,387,100 Back,4,1:00.44,Victoria Niska,,Mid-South Conference Championships
University of the Cumberlands,387,100 Back,5,1:00.70,Ola Chmielewska,,Cumberlands vs. Shawnee State
University of the Cumberlands,387,100 Back,6,1:01.06,Maddi Barbee,,Mid-South Conference Championships
University of the Cumberlands,387,100 Back,7,1:02.53,Ugne Takuseviciute,,Cumberland Senior Intrasquad
University of the Cumberlands,387,100 Back,8,1:02.56,Filippa Malmstrom,,Mid-South Conference Championships
University of the Cumberlands,387,100 Back,9,1:03.21,Megan Robinson,,Centre Invitational
University of the Cumberlands,387,100 Back,10,1:04.56,Juliana Lopez Morales,,Cumberland Senior Intrasquad
University of the Cumberlands,387,100 Breast,1,1:03.58,Megan Schoenlein,,NAIA National Championships
University of the Cumberlands,387,100 Breast,2,1:04.39,Celin Ullern,,NAIA National Championships
University of the Cumberlands,387,100 Breast,3,1:04.94,Kate Harrison,,Mid-South Conference Championships
University of the Cumberlands,387,100 Breast,4,1:05.66,Lauren Cox,,NAIA National Championships
University of the Cumberlands,387,100 Breast,5,1:05.74,Moa Nyblom,,Mid-South Conference Championships
University of the Cumberlands,387,100 Breast,6,1:06.55,Sarah Zoellner,,Cumberland Senior Intrasquad
University of the Cumberlands,387,100 Breast,7,1:09.22,Helena Jarosz,,Cumberlands vs. Shawnee State
University of the Cumberlands,387,100 Breast,8,1:13.09,Maddi Barbee,,Cumberland Senior Intrasquad
University of the Cumberlands,387,100 Breast,9,1:13.58,Sydney Taylor,,Mid-South Conference Championships
University of the Cumberlands,387,100 Breast,10,1:14.83,Megan Robinson,,Cumberland Senior Intrasquad
University of the Cumberlands,387,100 Fly,1,55.49,Sarah Zoellner,,Mid-South Conference Championships
University of the Cumberlands,387,100 Fly,2,58.18,Bella Hoare,,DePauw vs. Cumberlands
University of the Cumberlands,387,100 Fly,3,58.79,Filippa Malmstrom,,Centre Invitational
University of the Cumberlands,387,100 Fly,4,59.28,Bailey Amerman,,Mid-South Conference Championships
University of the Cumberlands,387,100 Fly,5,59.68,Alicja Sedlak,,Mid-South Conference Championships
University of the Cumberlands,387,100 Fly,6,1:00.26,Helena Jarosz,,Cumberland Senior Intrasquad
University of the Cumberlands,387,100 Fly,7,1:00.28,Ximena Melendez Hernandez,,Mid-South Conference Championships
University of the Cumberlands,387,100 Fly,8,1:02.35,Lauren Cox,,Cumberland Senior Intrasquad
University of the Cumberlands,387,100 Fly,9,1:03.59,Kate Harrison,,Cumberland Senior Intrasquad
University of the Cumberlands,387,100 Fly,10,1:04.02,Judit Garreta Yuste,,Centre Invitational
University of the Cumberlands,387,100 Free,1,52.37,Ugne Takuseviciute,,Centre Invitational
University of the Cumberlands,387,100 Free,2,52.87,Celin Ullern,,NAIA National Championships
University of the Cumberlands,387,100 Free,3,53.30,Sarah Zoellner,,Centre Invitational
University of the Cumberlands,387,100 Free,4,53.38,Bella Hoare,,Mid-South Conference Championships
University of the Cumberlands,387,100 Free,5,53.90,Victoria Niska,,Centre Invitational
University of the Cumberlands,387,100 Free,6,53.97,Alicja Sedlak,,Centre Invitational
University of the Cumberlands,387,100 Free,7,54.67,Bailey Amerman,,Centre Invitational
University of the Cumberlands,387,100 Free,8,55.11,Helena Jarosz,,"Centre vs.Transylvania, Cumberlands"
University of the Cumberlands,387,100 Free,9,55.62,Kate Harrison,,DePauw vs. Cumberlands
University of the Cumberlands,387,100 Free,10,56.18,Moa Nyblom,,DePauw vs. Cumberlands
University of the Cumberlands,387,1000 Free,1,10:23.63,Bella Hoare,,Mid-South Conference Championships
University of the Cumberlands,387,1000 Free,2,10:24.27,Juliana Lopez Morales,,Mid-South Conference Championships
University of the Cumberlands,387,1000 Free,3,11:01.75,Mara Ellerkamp,,NAIA National Championships
University of the Cumberlands,387,1000 Free,4,11:42.25,Maddi Barbee,,Cumberlands vs. Shawnee State
University of the Cumberlands,387,1650 Free,1,17:10.79,Bella Hoare,,Mid-South Conference Championships
University of the Cumberlands,387,1650 Free,2,17:14.80,Juliana Lopez Morales,,Mid-South Conference Championships
University of the Cumberlands,387,1650 Free,3,18:17.04,Mara Ellerkamp,,NAIA National Championships
University of the Cumberlands,387,200 Back,1,2:03.63,Sarah Zoellner,,Mid-South Conference Championships
University of the Cumberlands,387,200 Back,2,2:09.88,Addison Ringwald,,NAIA National Championships
University of the Cumberlands,387,200 Back,3,2:10.53,Bailey Amerman,,Mid-South Conference Championships
University of the Cumberlands,387,200 Back,4,2:11.40,Maddi Barbee,,Centre Invitational
University of the Cumberlands,387,200 Back,5,2:12.90,Ola Chmielewska,,DePauw vs. Cumberlands
University of the Cumberlands,387,200 Back,6,2:14.65,Juliana Lopez Morales,,Mid-South Conference Championships
University of the Cumberlands,387,200 Back,7,2:17.65,Megan Robinson,,Mid-South Conference Championships
University of the Cumberlands,387,200 Breast,1,2:19.81,Megan Schoenlein,,NAIA National Championships
University of the Cumberlands,387,200 Breast,2,2:22.12,Helena Jarosz,,Mid-South Conference Championships
University of the Cumberlands,387,200 Breast,3,2:22.30,Moa Nyblom,,NAIA National Championships
University of the Cumberlands,387,200 Breast,4,2:24.86,Kate Harrison,,Mid-South Conference Championships
University of the Cumberlands,387,200 Breast,5,2:28.77,Lauren Cox,,Mid-South Conference Championships
University of the Cumberlands,387,200 Fly,1,2:05.27,Sarah Zoellner,,Mid-South Conference Championships
University of the Cumberlands,387,200 Fly,2,2:09.82,Alicja Sedlak,,Mid-South Conference Championships
University of the Cumberlands,387,200 Fly,3,2:10.35,Bella Hoare,,Centre Invitational
University of the Cumberlands,387,200 Fly,4,2:12.42,Filippa Malmstrom,,Centre Invitational
University of the Cumberlands,387,200 Fly,5,2:12.90,Ximena Melendez Hernandez,,Mid-South Conference Championships
University of the Cumberlands,387,200 Fly,6,2:13.77,Bailey Amerman,,Mid-South Conference Championships
University of the Cumberlands,387,200 Fly,7,2:19.34,Judit Garreta Yuste,,Centre Invitational
University of the Cumberlands,387,200 Free,1,1:51.92,Bella Hoare,,NAIA National Championships
University of the Cumberlands,387,200 Free,2,1:52.21,Ugne Takuseviciute,,Centre Invitational
University of the Cumberlands,387,200 Free,3,1:56.55,Juliana Lopez Morales,,Centre Invitational
University of the Cumberlands,387,200 Free,4,1:59.41,Ola Chmielewska,,Cumberlands Red/Blue Intrasquad 2025
University of the Cumberlands,387,200 Free,5,1:59.81,Helena Jarosz,,Cumberlands vs. Asbury
University of the Cumberlands,387,200 Free,6,1:59.81,Mara Ellerkamp,,NAIA National Championships
University of the Cumberlands,387,200 Free,7,2:01.12,Alicja Sedlak,,"Centre vs.Transylvania, Cumberlands"
University of the Cumberlands,387,200 Free,8,2:01.85,Celin Ullern,,Cumberland Senior Intrasquad
University of the Cumberlands,387,200 Free,9,2:04.76,Sarah Zoellner,,Cumberlands vs. Shawnee State
University of the Cumberlands,387,200 Free,10,2:07.10,Maddi Barbee,,Cumberlands Red/Blue Intrasquad 2025
University of the Cumberlands,387,200 Im,1,2:06.66,Sarah Zoellner,,Centre Invitational
University of the Cumberlands,387,200 Im,2,2:07.73,Helena Jarosz,,Mid-South Conference Championships
University of the Cumberlands,387,200 Im,3,2:08.12,Bella Hoare,,Centre Invitational
University of the Cumberlands,387,200 Im,4,2:08.14,Megan Schoenlein,,NAIA National Championships
University of the Cumberlands,387,200 Im,5,2:08.86,Alicja Sedlak,,Mid-South Conference Championships
University of the Cumberlands,387,200 Im,6,2:11.11,Moa Nyblom,,NAIA National Championships
University of the Cumberlands,387,200 Im,7,2:12.37,Filippa Malmstrom,,Centre Invitational
University of the Cumberlands,387,200 Im,8,2:15.26,Bailey Amerman,,Centre Invitational
University of the Cumberlands,387,200 Im,9,2:15.77,Judit Garreta Yuste,,DePauw vs. Cumberlands
University of the Cumberlands,387,200 Im,10,2:17.40,Ximena Melendez Hernandez,,Mid-South Conference Championships
University of the Cumberlands,387,400 Im,1,4:26.46,Bella Hoare,,NAIA National Championships
University of the Cumberlands,387,400 Im,2,4:35.66,Helena Jarosz,,NAIA National Championships
University of the Cumberlands,387,400 Im,3,4:36.14,Alicja Sedlak,,Mid-South Conference Championships
University of the Cumberlands,387,400 Im,4,4:50.62,Judit Garreta Yuste,,DePauw vs. Cumberlands
University of the Cumberlands,387,50 Free,1,23.98,Celin Ullern,,NAIA National Championships
University of the Cumberlands,387,50 Free,2,24.32,Ugne Takuseviciute,,Centre Invitational
University of the Cumberlands,387,50 Free,3,24.80,Victoria Niska,,Mid-South Conference Championships
University of the Cumberlands,387,50 Free,4,24.87,Alicja Sedlak,,Centre Invitational
University of the Cumberlands,387,50 Free,5,24.87,Kate Harrison,,NAIA National Championships
University of the Cumberlands,387,50 Free,6,25.01,Sarah Zoellner,,Mid-South Conference Championships
University of the Cumberlands,387,50 Free,7,25.08,Lauren Cox,,Centre Invitational
University of the Cumberlands,387,50 Free,8,25.61,Bella Hoare,,Mid-South Conference Championships
University of the Cumberlands,387,50 Free,9,25.62,Moa Nyblom,,Centre Invitational
University of the Cumberlands,387,50 Free,10,25.74,Maddi Barbee,,Mid-South Conference Championships
University of the Cumberlands,387,500 Free,1,4:56.45,Bella Hoare,,NAIA National Championships
University of the Cumberlands,387,500 Free,2,5:01.75,Juliana Lopez Morales,,NAIA National Championships
University of the Cumberlands,387,500 Free,3,5:04.77,Ugne Takuseviciute,,NAIA National Championships
University of the Cumberlands,387,500 Free,4,5:18.44,Mara Ellerkamp,,Mid-South Conference Championships
University of the Cumberlands,387,500 Free,5,5:23.28,Ola Chmielewska,,Cumberlands Red/Blue Intrasquad 2025
University of the Cumberlands,387,500 Free,6,5:23.94,Maddi Barbee,,Mid-South Conference Championships
University of the Cumberlands,387,500 Free,7,5:25.09,Addison Ringwald,,Mid-South Conference Championships
West Virginia Institute of Technology,10000784,100 Back,1,1:00.54,Neda Vaičaitė,,NAIA National Championships
West Virginia Institute of Technology,10000784,100 Breast,1,1:24.15,Nora Martin-Mora,,Appalachian Athletic Conference Championships
West Virginia Institute of Technology,10000784,100 Free,1,55.65,Neda Vaičaitė,,Appalachian Athletic Conference Championships
West Virginia Institute of Technology,10000784,100 Free,2,1:05.47,Nora Martin-Mora,,Appalachian Athletic Conference Championships
West Virginia Institute of Technology,10000784,200 Back,1,2:11.62,Neda Vaičaitė,,King Invitational
West Virginia Institute of Technology,10000784,200 Free,1,2:09.08,Neda Vaičaitė,,WVUIT v. WVWC
West Virginia Institute of Technology,10000784,50 Free,1,24.94,Neda Vaičaitė,,King Invitational
West Virginia Institute of Technology,10000784,50 Free,2,30.58,Nora Martin-Mora,,Appalachian Athletic Conference Championships
West Virginia Institute of Technology,10000784,50 Free,3,33.41,Guilia Colombo,,Appalachian Athletic Conference Championships
West Virginia Institute of Technology,10000784,500 Free,1,5:57.52,Neda Vaičaitė,,Midway vs. Pikeville vs. West Virginia  Tech
West Virginia Institute of Technology,10000784,500 Free,2,6:51.26,Nora Martin-Mora,,Appalachian Athletic Conference Championships
William Carey University,10038099,100 Back,1,56.85,Grace Funck,,NAIA National Championships
William Carey University,10038099,100 Back,2,1:01.81,Amabile Flaminio Scabacino,,"Loyola vs. West Florida, William Carey"
William Carey University,10038099,100 Back,3,1:01.88,Bisma KHAN,,Small College Championship Cup
William Carey University,10038099,100 Back,4,1:01.95,Abbie Krot,,DSU Holiday Invite
William Carey University,10038099,100 Back,5,1:04.96,Chloe Lee,,William Carey vs. Loyola (LA)
William Carey University,10038099,100 Back,6,1:05.14,Anastasia Newton,,Life vs. William Carey vs. Brenau
William Carey University,10038099,100 Breast,1,1:04.50,Eszter Kardos,,NAIA National Championships
William Carey University,10038099,100 Breast,2,1:05.20,Chloé Picon,,NAIA National Championships
William Carey University,10038099,100 Breast,3,1:06.31,Brooks Sipes,,Small College Championship Cup
William Carey University,10038099,100 Breast,4,1:07.04,Kelsey Shand,,DSU Holiday Invite
William Carey University,10038099,100 Breast,5,1:10.84,Fia Martin,,DSU Holiday Invite
William Carey University,10038099,100 Fly,1,57.73,Eszter Kardos,,NAIA National Championships
William Carey University,10038099,100 Fly,2,58.70,Abbie Krot,,DSU Holiday Invite
William Carey University,10038099,100 Fly,3,1:00.15,Bisma KHAN,,Small College Championship Cup
William Carey University,10038099,100 Fly,4,1:00.60,Chloe Lee,,DSU Holiday Invite
William Carey University,10038099,100 Fly,5,1:06.19,Anastasia Newton,,Life vs. William Carey vs. Brenau
William Carey University,10038099,100 Free,1,54.08,Brooks Sipes,,NAIA National Championships
William Carey University,10038099,100 Free,2,54.82,Grace Funck,,The Sun Conference Championships
William Carey University,10038099,100 Free,3,54.91,Chloe Lee,,The Sun Conference Championships
William Carey University,10038099,100 Free,4,55.95,Bisma KHAN,,Small College Championship Cup
William Carey University,10038099,100 Free,5,55.99,Chloé Picon,,William Carey vs. Loyola (LA)
William Carey University,10038099,100 Free,6,56.30,Eszter Kardos,,Magnolia State Invite
William Carey University,10038099,100 Free,7,56.35,Abbie Krot,,DSU Holiday Invite
William Carey University,10038099,100 Free,8,57.05,Kelsey Shand,,DSU Holiday Invite
William Carey University,10038099,100 Free,9,1:00.96,Victoria Murphy,,Small College Championship Cup
William Carey University,10038099,100 Free,10,1:01.66,Fia Martin,,DSU Holiday Invite
William Carey University,10038099,1000 Free,1,10:58.19,Abbie Krot,,William Carey vs. Loyola (LA)
William Carey University,10038099,1000 Free,2,11:12.51,Eszter Kardos,,The Sun Conference Championships
William Carey University,10038099,1000 Free,3,11:20.59,Chloé Picon,,William Carey vs. Thomas
William Carey University,10038099,1000 Free,4,11:26.90,Amabile Flaminio Scabacino,,William Carey vs. Loyola (LA)
William Carey University,10038099,1000 Free,5,11:53.37,Victoria Murphy,,Small College Championship Cup
William Carey University,10038099,1650 Free,1,18:12.26,Abbie Krot,,William Carey vs. Loyola (LA)
William Carey University,10038099,1650 Free,2,18:30.31,Eszter Kardos,,The Sun Conference Championships
William Carey University,10038099,1650 Free,3,19:03.08,Amabile Flaminio Scabacino,,William Carey vs. Loyola (LA)
William Carey University,10038099,1650 Free,4,19:50.24,Victoria Murphy,,Small College Championship Cup
William Carey University,10038099,200 Back,1,2:05.72,Grace Funck,,NAIA National Championships
William Carey University,10038099,200 Back,2,2:12.80,Amabile Flaminio Scabacino,,The Sun Conference Championships
William Carey University,10038099,200 Back,3,2:15.44,Abbie Krot,,"Loyola vs. West Florida, William Carey"
William Carey University,10038099,200 Breast,1,2:25.94,Brooks Sipes,,Small College Championship Cup
William Carey University,10038099,200 Breast,2,2:26.85,Chloé Picon,,Small College Championship Cup
William Carey University,10038099,200 Breast,3,2:28.86,Eszter Kardos,,The Sun Conference Championships
William Carey University,10038099,200 Breast,4,2:30.04,Kelsey Shand,,William Carey vs. Loyola (LA)
William Carey University,10038099,200 Breast,5,2:35.53,Fia Martin,,DSU Holiday Invite
William Carey University,10038099,200 Fly,1,2:08.34,Eszter Kardos,,NAIA National Championships
William Carey University,10038099,200 Fly,2,2:08.83,Abbie Krot,,Small College Championship Cup
William Carey University,10038099,200 Fly,3,2:20.17,Chloe Lee,,William Carey vs. Loyola (LA)
William Carey University,10038099,200 Free,1,1:58.67,Chloé Picon,,NAIA National Championships
William Carey University,10038099,200 Free,2,2:00.21,Amabile Flaminio Scabacino,,The Sun Conference Championships
William Carey University,10038099,200 Free,3,2:00.75,Brooks Sipes,,Small College Championship Cup
William Carey University,10038099,200 Free,4,2:00.80,Eszter Kardos,,Small College Championship Cup
William Carey University,10038099,200 Free,5,2:05.62,Chloe Lee,,"Loyola vs. West Florida, William Carey"
William Carey University,10038099,200 Free,6,2:08.52,Victoria Murphy,,William Carey vs. Loyola (LA)
William Carey University,10038099,200 Im,1,2:11.85,Grace Funck,,The Sun Conference Championships
William Carey University,10038099,200 Im,2,2:13.09,Abbie Krot,,Small College Championship Cup
William Carey University,10038099,200 Im,3,2:14.53,Chloé Picon,,Small College Championship Cup
William Carey University,10038099,200 Im,4,2:18.87,Kelsey Shand,,Small College Championship Cup
William Carey University,10038099,400 Im,1,4:39.85,Abbie Krot,,DSU Holiday Invite
William Carey University,10038099,50 Free,1,24.61,Brooks Sipes,,NAIA National Championships
William Carey University,10038099,50 Free,2,25.42,Bisma KHAN,,Small College Championship Cup
William Carey University,10038099,50 Free,3,25.51,Chloé Picon,,Small College Championship Cup
William Carey University,10038099,50 Free,4,25.68,Eszter Kardos,,Small College Championship Cup
William Carey University,10038099,50 Free,5,25.76,Grace Funck,,DSU Holiday Invite
William Carey University,10038099,50 Free,6,25.81,Chloe Lee,,Small College Championship Cup
William Carey University,10038099,50 Free,7,26.57,Kelsey Shand,,William Carey vs. Loyola (LA)
William Carey University,10038099,50 Free,8,27.36,Abbie Krot,,DSU Holiday Invite
William Carey University,10038099,50 Free,9,27.47,Victoria Murphy,,The Sun Conference Championships
William Carey University,10038099,50 Free,10,27.60,Fia Martin,,The Sun Conference Championships
William Carey University,10038099,500 Free,1,5:19.17,Amabile Flaminio Scabacino,,The Sun Conference Championships
William Carey University,10038099,500 Free,2,5:19.73,Eszter Kardos,,Small College Championship Cup
William Carey University,10038099,500 Free,3,5:23.04,Grace Funck,,Small College Championship Cup
William Carey University,10038099,500 Free,4,5:27.99,Chloe Lee,,DSU Holiday Invite
William Carey University,10038099,500 Free,5,5:31.69,Abbie Krot,,William Carey vs. Thomas
William Carey University,10038099,500 Free,6,5:45.20,Victoria Murphy,,The Sun Conference Championships
William Carey University,10038099,500 Free,7,6:29.24,Fia Martin,,William Carey vs. Thomas
