school_name,team_id,event,rank,time,swimmer,year,meet
Amherst College,103,100 Back,1,56.62,Paige Arnold,,NESCAC Womens Championships
Amherst College,103,100 Back,2,58.94,Taryn Veronda,,NESCAC Womens Championships
Amherst College,103,100 Back,3,59.28,Emory Tudor,,NESCAC Womens Championships
Amherst College,103,100 Back,4,59.71,Ava Insteness,,Menck Sprints
Amherst College,103,100 Back,5,1:00.08,Hope Taylor,,Amherst vs. Colby
Amherst College,103,100 Back,6,1:00.67,Katy Niziol,,Conn Amherst CGA
Amherst College,103,100 Breast,1,1:05.25,Joline Fong,,NESCAC Womens Championships
Amherst College,103,100 Breast,2,1:07.63,Kaya Tray,,NESCAC Womens Championships
Amherst College,103,100 Breast,3,1:07.65,Ava Liu,,NESCAC Womens Championships
Amherst College,103,100 Breast,4,1:09.57,Sydney Thompson,,Menck Sprints
Amherst College,103,100 Breast,5,1:09.70,Annie Chang,,Amherst vs. Colby
Amherst College,103,100 Breast,6,1:10.34,Hope Taylor,,Amherst vs. Union (NY)
Amherst College,103,100 Breast,7,1:10.96,Sabrina Victor,,Conn Amherst CGA
Amherst College,103,100 Fly,1,54.66,Paige Arnold,,NESCAC Womens Championships
Amherst College,103,100 Fly,2,54.97,Maeve Kelley,,NESCAC Womens Championships
Amherst College,103,100 Fly,3,57.89,Diane Koo,,NESCAC Womens Championships
Amherst College,103,100 Fly,4,58.48,Alex Zorn,,NESCAC Womens Championships
Amherst College,103,100 Fly,5,58.76,Lucy Smith,,Amherst vs Springfield
Amherst College,103,100 Fly,6,59.31,Annie Chang,,NESCAC Womens Championships
Amherst College,103,100 Fly,7,59.40,Sabrina Victor,,NESCAC Womens Championships
Amherst College,103,100 Fly,8,59.78,Ariya Snelwar,,NESCAC Womens Championships
Amherst College,103,100 Fly,9,1:00.08,Simone Lilavois,,NESCAC Womens Championships
Amherst College,103,100 Fly,10,1:02.35,Lilia Manges,,Amherst vs Springfield
Amherst College,103,100 Free,1,50.67,Sydney Thompson,,NESCAC Womens Championships
Amherst College,103,100 Free,2,50.99,Paige Arnold,,NESCAC Womens Championships
Amherst College,103,100 Free,3,51.56,Lucy Smith,,NESCAC Womens Championships
Amherst College,103,100 Free,4,52.36,Ava Insteness,,NESCAC Womens Championships
Amherst College,103,100 Free,5,52.84,Maeve Kelley,,Amherst vs Springfield
Amherst College,103,100 Free,6,53.11,Penny Lazar,,NESCAC Womens Championships
Amherst College,103,100 Free,7,53.79,Katy Niziol,,NESCAC Womens Championships
Amherst College,103,100 Free,8,54.75,Kaya Tray,,Amherst vs Springfield
Amherst College,103,100 Free,9,54.90,Diane Koo,,MIT vs. Amherst
Amherst College,103,100 Free,10,55.12,Alex Zorn,,Wesleyan vs Amherst
Amherst College,103,1000 Free,1,10:19.90,Penny Lazar,,NESCAC Womens Championships
Amherst College,103,1000 Free,2,10:31.43,Emory Tudor,,NESCAC Womens Championships
Amherst College,103,1650 Free,1,17:16.85,Penny Lazar,,Conn Amherst CGA
Amherst College,103,1650 Free,2,18:09.71,Emory Tudor,,Conn Amherst CGA
Amherst College,103,200 Back,1,2:05.44,Emory Tudor,,NESCAC Womens Championships
Amherst College,103,200 Back,2,2:05.77,Hope Taylor,,NESCAC Womens Championships
Amherst College,103,200 Back,3,2:06.67,Taryn Veronda,,NESCAC Womens Championships
Amherst College,103,200 Back,4,2:11.13,Ava Insteness,,Conn Amherst CGA
Amherst College,103,200 Back,5,2:13.90,Katy Niziol,,Conn Amherst CGA
Amherst College,103,200 Breast,1,2:23.36,Joline Fong,,NESCAC Womens Championships
Amherst College,103,200 Breast,2,2:27.02,Hope Taylor,,Amherst vs. Colby
Amherst College,103,200 Breast,3,2:31.67,Kaya Tray,,NESCAC Womens Championships
Amherst College,103,200 Breast,4,2:32.57,Ava Liu,,NESCAC Womens Championships
Amherst College,103,200 Fly,1,2:01.55,Maeve Kelley,,NESCAC Womens Championships
Amherst College,103,200 Fly,2,2:08.06,Diane Koo,,NESCAC Womens Championships
Amherst College,103,200 Fly,3,2:08.56,Penny Lazar,,Conn Amherst CGA
Amherst College,103,200 Fly,4,2:08.98,Ariya Snelwar,,NESCAC Womens Championships
Amherst College,103,200 Fly,5,2:13.57,Sabrina Victor,,NESCAC Womens Championships
Amherst College,103,200 Fly,6,2:16.97,Simone Lilavois,,MIT vs. Amherst
Amherst College,103,200 Fly,7,2:29.45,Lilia Manges,,Menck Sprints
Amherst College,103,200 Free,1,1:51.14,Paige Arnold,,Menck Sprints
Amherst College,103,200 Free,2,1:51.60,Ava Insteness,,NESCAC Womens Championships
Amherst College,103,200 Free,3,1:51.65,Maeve Kelley,,NESCAC Womens Championships
Amherst College,103,200 Free,4,1:52.03,Sydney Thompson,,NESCAC Womens Championships
Amherst College,103,200 Free,5,1:54.33,Emory Tudor,,NESCAC Womens Championships
Amherst College,103,200 Free,6,1:55.15,Penny Lazar,,Menck Sprints
Amherst College,103,200 Free,7,1:55.54,Lucy Smith,,NESCAC Womens Championships
Amherst College,103,200 Free,8,1:57.30,Hope Taylor,,Amherst vs Springfield
Amherst College,103,200 Free,9,2:00.09,Katy Niziol,,Williams vs. Amherst
Amherst College,103,200 Free,10,2:00.12,Diane Koo,,Menck Sprints
Amherst College,103,200 Im,1,2:03.08,Paige Arnold,,NESCAC Womens Championships
Amherst College,103,200 Im,2,2:08.79,Ava Insteness,,Conn Amherst CGA
Amherst College,103,200 Im,3,2:09.78,Hope Taylor,,NESCAC Womens Championships
Amherst College,103,200 Im,4,2:13.20,Sabrina Victor,,Conn Amherst CGA
Amherst College,103,200 Im,5,2:13.61,Alex Zorn,,NESCAC Womens Championships
Amherst College,103,200 Im,6,2:15.83,Annie Chang,,Menck Sprints
Amherst College,103,400 Im,1,4:35.68,Hope Taylor,,Conn Amherst CGA
Amherst College,103,400 Im,2,4:44.57,Ava Insteness,,Wesleyan vs Amherst
Amherst College,103,50 Free,1,23.29,Sydney Thompson,,NESCAC Womens Championships
Amherst College,103,50 Free,2,23.53,Lucy Smith,,NESCAC Womens Championships
Amherst College,103,50 Free,3,24.44,Penny Lazar,,NESCAC Womens Championships
Amherst College,103,50 Free,4,24.52,Paige Arnold,,Amherst vs Springfield
Amherst College,103,50 Free,5,24.76,Maeve Kelley,,Amherst vs Springfield
Amherst College,103,50 Free,6,24.87,Kaya Tray,,NESCAC Womens Championships
Amherst College,103,50 Free,7,25.06,Annie Chang,,NESCAC Womens Championships
Amherst College,103,50 Free,8,25.13,Ava Insteness,,NESCAC Womens Championships
Amherst College,103,50 Free,9,25.27,Alex Zorn,,Amherst vs. Colby
Amherst College,103,50 Free,10,25.40,Simone Lilavois,,NESCAC Womens Championships
Amherst College,103,500 Free,1,5:02.94,Penny Lazar,,NESCAC Womens Championships
Amherst College,103,500 Free,2,5:03.51,Emory Tudor,,NESCAC Womens Championships
Amherst College,103,500 Free,3,5:05.80,Ava Insteness,,MIT vs. Amherst
Amherst College,103,500 Free,4,5:11.75,Maeve Kelley,,Amherst vs. Colby
Amherst College,103,500 Free,5,5:19.18,Taryn Veronda,,Amherst vs Springfield
Amherst College,103,500 Free,6,5:23.84,Lucy Smith,,Conn Amherst CGA
Amherst College,103,500 Free,7,5:32.81,Ariya Snelwar,,Amherst vs. Union (NY)
Augustana College,232,100 Back,1,59.49,Natalie Salazar,,CCIW Championships
Augustana College,232,100 Back,2,1:02.10,Mara Walker,,CCIW Championships
Augustana College,232,100 Back,3,1:02.45,Kylee Blaha,,CCIW Championships
Augustana College,232,100 Back,4,1:02.91,Sophia Warren,,CCIW Championships
Augustana College,232,100 Back,5,1:04.20,Mya Pheneger,,Luther Invitational
Augustana College,232,100 Back,6,1:05.14,Kendle Mihm,,Monmouth vs. Augustana
Augustana College,232,100 Back,7,1:05.45,Petra Evans,,Wheaton (IL) vs. North Central
Augustana College,232,100 Back,8,1:05.52,Lexie Seten,,CCIW Championships
Augustana College,232,100 Back,9,1:05.57,Grace King,,CCIW Championships
Augustana College,232,100 Back,10,1:05.81,Giselle Koonce,,Wheaton (IL) vs. North Central
Augustana College,232,100 Breast,1,1:09.61,Livy Sholl,,2026 Grinnell Invite
Augustana College,232,100 Breast,2,1:10.41,Ava Kauffeld,,CCIW Championships
Augustana College,232,100 Breast,3,1:10.88,Petra Evans,,CCIW Championships
Augustana College,232,100 Breast,4,1:11.65,caitlin stoddard,,Monmouth vs. Augustana
Augustana College,232,100 Breast,5,1:15.21,Emma McVicker,,CCIW Championships
Augustana College,232,100 Breast,6,1:19.84,Natalie Salazar,,Wheaton (IL) vs. North Central
Augustana College,232,100 Breast,7,1:20.03,Sammie Knox,,Luther Invitational
Augustana College,232,100 Breast,8,1:20.38,Grace King,,Wheaton (IL) vs. North Central
Augustana College,232,100 Breast,9,1:20.97,Genevieve Ryan,,Wheaton (IL) vs. North Central
Augustana College,232,100 Breast,10,1:25.22,Macy Ahlgren,,Monmouth vs. Augustana
Augustana College,232,100 Fly,1,59.95,Victoria Krol,,CCIW Championships
Augustana College,232,100 Fly,2,1:00.42,Charlotte Vogen,,CCIW Championships
Augustana College,232,100 Fly,3,1:00.90,caitlin stoddard,,CCIW Championships
Augustana College,232,100 Fly,4,1:03.38,Macy Ahlgren,,CCIW Championships
Augustana College,232,100 Fly,5,1:03.97,Livy Sholl,,Wheaton (IL) vs. North Central
Augustana College,232,100 Fly,6,1:04.02,Genevieve Ryan,,CCIW Championships
Augustana College,232,100 Fly,7,1:04.27,Savannah Shapley,,Luther Invitational
Augustana College,232,100 Fly,8,1:04.72,Ava Kauffeld,,2026 Grinnell Invite
Augustana College,232,100 Fly,9,1:07.14,Petra Evans,,Luther Invitational
Augustana College,232,100 Fly,10,1:07.39,Avery Spacek,,CCIW Championships
Augustana College,232,100 Free,1,52.93,Kendle Mihm,,CCIW Championships
Augustana College,232,100 Free,2,53.73,Mya Pheneger,,CCIW Championships
Augustana College,232,100 Free,3,54.24,Sophia Warren,,CCIW Championships
Augustana College,232,100 Free,4,54.86,Petra Evans,,CCIW Championships
Augustana College,232,100 Free,5,55.62,Giselle Koonce,,CCIW Championships
Augustana College,232,100 Free,6,56.54,Charlotte Vogen,,Augustana College (IL) vs. St. Ambrose University
Augustana College,232,100 Free,7,56.74,Victoria Krol,,CCIW Championships
Augustana College,232,100 Free,8,56.85,caitlin stoddard,,Wheaton (IL) vs. North Central
Augustana College,232,100 Free,9,57.03,Lexie Seten,,CCIW Championships
Augustana College,232,100 Free,10,57.76,Kylee Blaha,,2026 Grinnell Invite
Augustana College,232,1000 Free,1,11:03.78,Giselle Koonce,,2026 Grinnell Invite
Augustana College,232,1000 Free,2,11:05.67,Savannah Shapley,,Luther Invitational
Augustana College,232,1000 Free,3,11:12.89,Avery Spacek,,CCIW Championships
Augustana College,232,1000 Free,4,11:25.67,Victoria Krol,,CCIW Championships
Augustana College,232,1000 Free,5,11:28.22,Mara Walker,,CCIW Championships
Augustana College,232,1000 Free,6,12:04.02,Petra Evans,,Luther Invitational
Augustana College,232,1000 Free,7,12:04.55,Sammie Knox,,CCIW Championships
Augustana College,232,1000 Free,8,12:13.75,Delaney Hummel,,Luther Invitational
Augustana College,232,1000 Free,9,12:19.49,Livy Sholl,,Augustana College (IL) vs. St. Ambrose University
Augustana College,232,1000 Free,10,12:20.17,Makenzie Rusco,,Luther Invitational
Augustana College,232,1650 Free,1,18:18.00,Giselle Koonce,,2026 Grinnell Invite
Augustana College,232,1650 Free,2,18:22.92,Savannah Shapley,,2026 Grinnell Invite
Augustana College,232,1650 Free,3,18:41.50,Avery Spacek,,CCIW Championships
Augustana College,232,1650 Free,4,18:58.20,Mara Walker,,CCIW Championships
Augustana College,232,1650 Free,5,18:58.71,Victoria Krol,,CCIW Championships
Augustana College,232,1650 Free,6,19:57.73,Sammie Knox,,Luther Invitational
Augustana College,232,1650 Free,7,20:04.83,Petra Evans,,Luther Invitational
Augustana College,232,1650 Free,8,20:23.88,Delaney Hummel,,Luther Invitational
Augustana College,232,1650 Free,9,20:30.07,Livy Sholl,,Augustana College (IL) vs. St. Ambrose University
Augustana College,232,1650 Free,10,20:30.55,Emma McVicker,,Luther Invitational
Augustana College,232,200 Back,1,2:09.37,Natalie Salazar,,CCIW Championships
Augustana College,232,200 Back,2,2:15.99,Sammie Knox,,CCIW Championships
Augustana College,232,200 Back,3,2:16.68,Kylee Blaha,,CCIW Championships
Augustana College,232,200 Back,4,2:19.13,Avery Spacek,,2026 Grinnell Invite
Augustana College,232,200 Back,5,2:19.32,Mya Pheneger,,Luther Invitational
Augustana College,232,200 Back,6,2:21.58,Mara Walker,,"Augustana (IL) vs. Coe, Monmouth (IL)"
Augustana College,232,200 Back,7,2:22.33,Sophia Warren,,Luther Invitational
Augustana College,232,200 Back,8,2:22.52,Grace King,,CCIW Championships
Augustana College,232,200 Back,9,2:24.64,Petra Evans,,Grinnell College vs CC and Augstana
Augustana College,232,200 Back,10,2:25.24,Kendle Mihm,,Luther Invitational
Augustana College,232,200 Breast,1,2:34.20,Ava Kauffeld,,CCIW Championships
Augustana College,232,200 Breast,2,2:34.29,caitlin stoddard,,CCIW Championships
Augustana College,232,200 Breast,3,2:34.64,Livy Sholl,,CCIW Championships
Augustana College,232,200 Breast,4,2:39.48,Emma McVicker,,CCIW Championships
Augustana College,232,200 Breast,5,2:47.37,Avery Spacek,,Augustana (IL) vs. Wheaton (IL)
Augustana College,232,200 Breast,6,2:54.99,Sammie Knox,,Augustana (IL) vs. Wheaton (IL)
Augustana College,232,200 Fly,1,2:14.36,Savannah Shapley,,CCIW Championships
Augustana College,232,200 Fly,2,2:17.53,Charlotte Vogen,,CCIW Championships
Augustana College,232,200 Fly,3,2:23.73,caitlin stoddard,,Luther Invitational
Augustana College,232,200 Fly,4,2:26.50,Genevieve Ryan,,CCIW Championships
Augustana College,232,200 Fly,5,2:30.04,Victoria Krol,,IWU Halloween Invite
Augustana College,232,200 Fly,6,2:30.28,Ava Kauffeld,,IWU Halloween Invite
Augustana College,232,200 Fly,7,2:32.12,Avery Spacek,,Augustana College (IL) vs. St. Ambrose University
Augustana College,232,200 Fly,8,2:33.86,Sammie Knox,,Grinnell College vs CC and Augstana
Augustana College,232,200 Fly,9,2:34.37,Macy Ahlgren,,Grinnell College vs CC and Augstana
Augustana College,232,200 Fly,10,2:40.76,Makenzie Rusco,,CCIW Championships
Augustana College,232,200 Free,1,1:56.94,Kendle Mihm,,CCIW Championships
Augustana College,232,200 Free,2,1:57.61,Mya Pheneger,,CCIW Championships
Augustana College,232,200 Free,3,1:58.10,Giselle Koonce,,CCIW Championships
Augustana College,232,200 Free,4,2:03.01,caitlin stoddard,,Monmouth vs. Augustana
Augustana College,232,200 Free,5,2:03.62,Avery Spacek,,Augustana (IL) vs. Wheaton (IL)
Augustana College,232,200 Free,6,2:04.32,Kylee Blaha,,Augustana College (IL) vs. St. Ambrose University
Augustana College,232,200 Free,7,2:05.02,Sophia Warren,,2026 Grinnell Invite
Augustana College,232,200 Free,8,2:05.32,Petra Evans,,2026 Grinnell Invite
Augustana College,232,200 Free,9,2:05.63,Mara Walker,,Wheaton (IL) vs. North Central
Augustana College,232,200 Free,10,2:06.13,Victoria Krol,,Wheaton (IL) vs. North Central
Augustana College,232,200 Im,1,2:13.46,caitlin stoddard,,CCIW Championships
Augustana College,232,200 Im,2,2:16.00,Mara Walker,,CCIW Championships
Augustana College,232,200 Im,3,2:19.22,Petra Evans,,CCIW Championships
Augustana College,232,200 Im,4,2:19.73,Ava Kauffeld,,CCIW Championships
Augustana College,232,200 Im,5,2:20.97,Savannah Shapley,,Augustana (IL) vs. Wheaton (IL)
Augustana College,232,200 Im,6,2:21.17,Livy Sholl,,CCIW Championships
Augustana College,232,200 Im,7,2:21.36,Giselle Koonce,,Monmouth vs. Augustana
Augustana College,232,200 Im,8,2:24.59,Avery Spacek,,Augustana (IL) vs. Wheaton (IL)
Augustana College,232,200 Im,9,2:25.29,Genevieve Ryan,,CCIW Championships
Augustana College,232,200 Im,10,2:27.65,Grace King,,CCIW Championships
Augustana College,232,400 Im,1,4:46.68,Savannah Shapley,,CCIW Championships
Augustana College,232,400 Im,2,4:54.22,Mara Walker,,CCIW Championships
Augustana College,232,400 Im,3,4:55.76,Avery Spacek,,CCIW Championships
Augustana College,232,400 Im,4,5:03.83,caitlin stoddard,,2026 Grinnell Invite
Augustana College,232,400 Im,5,5:04.21,Sammie Knox,,CCIW Championships
Augustana College,232,400 Im,6,5:07.44,Genevieve Ryan,,CCIW Championships
Augustana College,232,400 Im,7,5:09.20,Emma McVicker,,CCIW Championships
Augustana College,232,400 Im,8,5:11.33,Ava Kauffeld,,Grinnell College vs CC and Augstana
Augustana College,232,400 Im,9,5:13.25,Livy Sholl,,Luther Invitational
Augustana College,232,400 Im,10,5:27.98,Makenzie Rusco,,2026 Grinnell Invite
Augustana College,232,50 Free,1,24.16,Kendle Mihm,,CCIW Championships
Augustana College,232,50 Free,2,24.68,Sophia Warren,,CCIW Championships
Augustana College,232,50 Free,3,25.03,Charlotte Vogen,,CCIW Championships
Augustana College,232,50 Free,4,25.05,Mya Pheneger,,CCIW Championships
Augustana College,232,50 Free,5,25.19,caitlin stoddard,,CCIW Championships
Augustana College,232,50 Free,6,25.89,Natalie Salazar,,CCIW Championships
Augustana College,232,50 Free,7,25.98,Lexie Seten,,CCIW Championships
Augustana College,232,50 Free,8,26.24,Petra Evans,,Wheaton (IL) vs. North Central
Augustana College,232,50 Free,9,26.47,Giselle Koonce,,Grinnell College vs CC and Augstana
Augustana College,232,50 Free,10,26.49,Livy Sholl,,2026 Grinnell Invite
Augustana College,232,500 Free,1,5:18.62,Giselle Koonce,,2026 Grinnell Invite
Augustana College,232,500 Free,2,5:20.10,Savannah Shapley,,Luther Invitational
Augustana College,232,500 Free,3,5:27.27,Avery Spacek,,CCIW Championships
Augustana College,232,500 Free,4,5:27.86,Kylee Blaha,,CCIW Championships
Augustana College,232,500 Free,5,5:29.17,Victoria Krol,,CCIW Championships
Augustana College,232,500 Free,6,5:37.58,Petra Evans,,Augustana (IL) vs. Wheaton (IL)
Augustana College,232,500 Free,7,5:38.86,Mara Walker,,2026 Grinnell Invite
Augustana College,232,500 Free,8,5:45.21,Sophia Warren,,Wheaton (IL) vs. North Central
Augustana College,232,500 Free,9,5:47.33,caitlin stoddard,,"Augustana (IL) vs. Coe, Monmouth (IL)"
Augustana College,232,500 Free,10,5:47.64,Sammie Knox,,IWU Halloween Invite
Bates College,76,100 Back,1,58.86,Erin Barisonek,,NESCAC Womens Championships
Bates College,76,100 Back,2,58.88,Caroline Tyrrell,,NESCAC Womens Championships
Bates College,76,100 Back,3,59.77,Kendall Keshen,,NESCAC Womens Championships
Bates College,76,100 Back,4,1:00.82,Pacific Ricke,,NESCAC Womens Championships
Bates College,76,100 Back,5,1:01.91,McKayla Kendall,,Maine Collegiate Invite
Bates College,76,100 Back,6,1:03.98,Izzy Chou,,"Colby vs Bates, Bowdoin"
Bates College,76,100 Back,7,1:04.66,Sarah Teng,,NESCAC Womens Championships
Bates College,76,100 Back,8,1:06.14,Soph clausman,,Middlebury vs. Bates
Bates College,76,100 Back,9,1:07.17,Ella Sohng,,Maine Collegiate Invite
Bates College,76,100 Breast,1,1:02.55,Sarah Palmer,,NESCAC Womens Championships
Bates College,76,100 Breast,2,1:07.63,Elena Trundy,,"Colby vs Bates, Bowdoin"
Bates College,76,100 Breast,3,1:09.04,Caroline Mazgaj,,NESCAC Womens Championships
Bates College,76,100 Breast,4,1:09.06,Amber Zeng,,NESCAC Womens Championships
Bates College,76,100 Breast,5,1:09.99,Lily Barisonek,,Maine Collegiate Invite
Bates College,76,100 Breast,6,1:19.56,Rachel Shwartzer,,NESCAC Womens Championships
Bates College,76,100 Fly,1,57.12,Lily Dunn,,NESCAC Womens Championships
Bates College,76,100 Fly,2,57.47,Emma Burke,,NESCAC Womens Championships
Bates College,76,100 Fly,3,58.60,McKayla Kendall,,NESCAC Womens Championships
Bates College,76,100 Fly,4,58.98,Taylor Rolefson,,NESCAC Womens Championships
Bates College,76,100 Fly,5,59.94,Emily Kalvaitis,,"Colby vs Bates, Bowdoin"
Bates College,76,100 Fly,6,1:01.02,Ameila Tovey,,Maine Collegiate Invite
Bates College,76,100 Fly,7,1:01.39,Abby Sellnow,,NESCAC Womens Championships
Bates College,76,100 Fly,8,1:01.58,Lauren Ahearn,,Bates vs. Wheaton (MA)
Bates College,76,100 Fly,9,1:01.59,Elena Trundy,,Maine Collegiate Invite
Bates College,76,100 Fly,10,1:02.65,Soph clausman,,NESCAC Womens Championships
Bates College,76,100 Free,1,52.89,Lily Dunn,,NESCAC Womens Championships
Bates College,76,100 Free,2,53.23,Cora Zuwallack,,NESCAC Womens Championships
Bates College,76,100 Free,3,53.39,Taylor Rolefson,,NESCAC Womens Championships
Bates College,76,100 Free,4,53.41,McKayla Kendall,,Maine Collegiate Invite
Bates College,76,100 Free,5,53.44,Lianna Rosman,,NESCAC Womens Championships
Bates College,76,100 Free,6,53.54,Katherine Reed,,NESCAC Womens Championships
Bates College,76,100 Free,7,54.91,Lily Barisonek,,NESCAC Womens Championships
Bates College,76,100 Free,8,55.38,Emma Burke,,Middlebury vs. Bates
Bates College,76,100 Free,9,56.12,Elena Trundy,,Maine Collegiate Invite
Bates College,76,100 Free,10,56.34,Kendall Keshen,,Middlebury vs. Bates
Bates College,76,1000 Free,1,10:41.97,Cora Zuwallack,,Maine Collegiate Invite
Bates College,76,1000 Free,2,10:53.61,Grace Knight,,NESCAC Womens Championships
Bates College,76,1000 Free,3,11:03.43,Lauren Ahearn,,Bates vs. Wheaton (MA)
Bates College,76,1000 Free,4,11:08.27,Ameila Tovey,,Bates vs. Wesleyan
Bates College,76,1000 Free,5,11:24.91,Pacific Ricke,,Bates vs. Wesleyan
Bates College,76,1650 Free,1,17:42.54,Cora Zuwallack,,Maine Collegiate Invite
Bates College,76,1650 Free,2,18:09.86,Grace Knight,,NESCAC Womens Championships
Bates College,76,200 Back,1,2:07.37,Caroline Tyrrell,,NESCAC Womens Championships
Bates College,76,200 Back,2,2:08.24,Soph clausman,,NESCAC Womens Championships
Bates College,76,200 Back,3,2:10.53,Pacific Ricke,,NESCAC Womens Championships
Bates College,76,200 Back,4,2:10.71,Kendall Keshen,,NESCAC Womens Championships
Bates College,76,200 Back,5,2:10.81,Erin Barisonek,,NESCAC Womens Championships
Bates College,76,200 Back,6,2:16.55,Sarah Teng,,NESCAC Womens Championships
Bates College,76,200 Back,7,2:16.68,Izzy Chou,,"Colby vs Bates, Bowdoin"
Bates College,76,200 Breast,1,2:15.96,Sarah Palmer,,NESCAC Womens Championships
Bates College,76,200 Breast,2,2:29.76,Lily Barisonek,,Maine Collegiate Invite
Bates College,76,200 Breast,3,2:30.19,Amber Zeng,,NESCAC Womens Championships
Bates College,76,200 Breast,4,2:31.75,Elena Trundy,,NESCAC Womens Championships
Bates College,76,200 Breast,5,2:33.04,Grace Knight,,NESCAC Womens Championships
Bates College,76,200 Breast,6,2:33.80,Caroline Mazgaj,,NESCAC Womens Championships
Bates College,76,200 Breast,7,2:52.32,Rachel Shwartzer,,NESCAC Womens Championships
Bates College,76,200 Fly,1,2:06.72,Emma Burke,,Bates vs. Wesleyan
Bates College,76,200 Fly,2,2:09.74,Ameila Tovey,,NESCAC Womens Championships
Bates College,76,200 Fly,3,2:12.39,Lauren Ahearn,,NESCAC Womens Championships
Bates College,76,200 Fly,4,2:19.98,Abby Sellnow,,NESCAC Womens Championships
Bates College,76,200 Free,1,1:54.79,Cora Zuwallack,,NESCAC Womens Championships
Bates College,76,200 Free,2,1:55.05,Katherine Reed,,NESCAC Womens Championships
Bates College,76,200 Free,3,1:57.10,Lianna Rosman,,NESCAC Womens Championships
Bates College,76,200 Free,4,1:57.49,Lily Barisonek,,NESCAC Womens Championships
Bates College,76,200 Free,5,1:58.10,Ameila Tovey,,NESCAC Womens Championships
Bates College,76,200 Free,6,1:58.72,Lauren Ahearn,,NESCAC Womens Championships
Bates College,76,200 Free,7,1:58.78,Emma Burke,,NESCAC Womens Championships
Bates College,76,200 Free,8,1:59.01,McKayla Kendall,,Middlebury vs. Bates
Bates College,76,200 Free,9,1:59.90,Soph clausman,,"Colby vs Bates, Bowdoin"
Bates College,76,200 Free,10,2:01.24,Grace Knight,,"Colby vs Bates, Bowdoin"
Bates College,76,200 Im,1,2:09.35,Kendall Keshen,,NESCAC Womens Championships
Bates College,76,200 Im,2,2:11.00,Soph clausman,,NESCAC Womens Championships
Bates College,76,200 Im,3,2:11.42,Lily Barisonek,,Maine Collegiate Invite
Bates College,76,200 Im,4,2:11.54,Caroline Tyrrell,,NESCAC Womens Championships
Bates College,76,200 Im,5,2:13.92,Elena Trundy,,"Colby vs Bates, Bowdoin"
Bates College,76,200 Im,6,2:15.07,Emma Burke,,Bates vs. Wheaton (MA)
Bates College,76,200 Im,7,2:15.16,Cora Zuwallack,,Maine Collegiate Invite
Bates College,76,200 Im,8,2:18.15,McKayla Kendall,,Bates vs. Wesleyan
Bates College,76,200 Im,9,2:18.55,Grace Knight,,Bates vs. Gettysburg
Bates College,76,200 Im,10,2:19.74,Caroline Mazgaj,,"Colby vs Bates, Bowdoin"
Bates College,76,400 Im,1,4:38.42,Grace Knight,,NESCAC Womens Championships
Bates College,76,400 Im,2,4:39.28,Soph clausman,,NESCAC Womens Championships
Bates College,76,400 Im,3,4:42.05,Cora Zuwallack,,Maine Collegiate Invite
Bates College,76,400 Im,4,5:09.75,Lauren Ahearn,,Middlebury vs. Bates
Bates College,76,400 Im,5,5:15.62,Caroline Mazgaj,,Middlebury vs. Bates
Bates College,76,50 Free,1,24.45,Cora Zuwallack,,NESCAC Womens Championships
Bates College,76,50 Free,2,24.53,Lianna Rosman,,NESCAC Womens Championships
Bates College,76,50 Free,3,24.54,Taylor Rolefson,,NESCAC Womens Championships
Bates College,76,50 Free,4,24.55,Lily Dunn,,NESCAC Womens Championships
Bates College,76,50 Free,5,24.81,Katherine Reed,,NESCAC Womens Championships
Bates College,76,50 Free,6,24.96,McKayla Kendall,,NESCAC Womens Championships
Bates College,76,50 Free,7,25.34,Lily Barisonek,,NESCAC Womens Championships
Bates College,76,50 Free,8,25.47,Emily Kalvaitis,,"Colby vs Bates, Bowdoin"
Bates College,76,50 Free,9,25.60,Sarah Palmer,,Bates vs. Wesleyan
Bates College,76,50 Free,10,25.63,Kendall Keshen,,Middlebury vs. Bates
Bates College,76,500 Free,1,5:08.62,Cora Zuwallack,,NESCAC Womens Championships
Bates College,76,500 Free,2,5:12.44,Lauren Ahearn,,NESCAC Womens Championships
Bates College,76,500 Free,3,5:15.84,Ameila Tovey,,Maine Collegiate Invite
Bates College,76,500 Free,4,5:19.34,Grace Knight,,NESCAC Womens Championships
Bates College,76,500 Free,5,5:21.93,Soph clausman,,Maine Collegiate Invite
Bates College,76,500 Free,6,5:25.93,Pacific Ricke,,Maine Collegiate Invite
Bates College,76,500 Free,7,5:34.75,Katherine Reed,,Middlebury vs. Bates
Bates College,76,500 Free,8,5:45.21,McKayla Kendall,,Bates vs. Wesleyan
Bates College,76,500 Free,9,5:56.62,Ella Sohng,,Middlebury vs. Bates
Bowdoin College,36,100 Back,1,59.01,Ava Wong,,NESCAC Womens Championships
Bowdoin College,36,100 Back,2,59.25,Ellie Denney,,NESCAC Womens Championships
Bowdoin College,36,100 Back,3,1:00.70,Oona Stewart,,NESCAC Womens Championships
Bowdoin College,36,100 Back,4,1:02.01,Mia Wonacott,,NESCAC Womens Championships
Bowdoin College,36,100 Back,5,1:02.35,Lexi Stuntz,,NESCAC Womens Championships
Bowdoin College,36,100 Back,6,1:03.48,Lucy Shaw,,NESCAC Womens Championships
Bowdoin College,36,100 Back,7,1:04.44,Riley Kopp,,Maine Collegiate Invite
Bowdoin College,36,100 Back,8,1:04.54,Florence Millet,,Maine vs. Bowdoin
Bowdoin College,36,100 Back,9,1:05.53,Amelie Eng,,Conn College vs. Bowdoin
Bowdoin College,36,100 Breast,1,1:05.56,Adeline Wongso,,NESCAC Womens Championships
Bowdoin College,36,100 Breast,2,1:07.61,Lizzie Walsh,,Maine vs. Bowdoin
Bowdoin College,36,100 Breast,3,1:08.97,Florence Millet,,NESCAC Womens Championships
Bowdoin College,36,100 Breast,4,1:11.66,Harper Stevenson,,Maine vs. Bowdoin
Bowdoin College,36,100 Breast,5,1:12.34,Ruqayyah Abouraya,,NESCAC Womens Championships
Bowdoin College,36,100 Breast,6,1:12.57,Ava Harrington,,Maine vs. Bowdoin
Bowdoin College,36,100 Fly,1,57.05,Harper Stevenson,,Maine Collegiate Invite
Bowdoin College,36,100 Fly,2,57.56,Sydney Lillis,,NESCAC Womens Championships
Bowdoin College,36,100 Fly,3,58.48,Nina Fearon,,NESCAC Womens Championships
Bowdoin College,36,100 Fly,4,58.68,Lizzie Walsh,,Maine vs. Bowdoin
Bowdoin College,36,100 Fly,5,59.74,Amelie Eng,,"Colby vs Bates, Bowdoin"
Bowdoin College,36,100 Fly,6,1:01.23,Katie Coulter,,Maine Collegiate Invite
Bowdoin College,36,100 Fly,7,1:01.38,Ruqayyah Abouraya,,"Colby vs Bates, Bowdoin"
Bowdoin College,36,100 Fly,8,1:01.89,Florence Millet,,NESCAC Womens Championships
Bowdoin College,36,100 Fly,9,1:02.63,Adeline Wongso,,Maine Collegiate Invite
Bowdoin College,36,100 Fly,10,1:05.08,Oona Stewart,,Maine Collegiate Invite
Bowdoin College,36,100 Free,1,52.38,Nina Fearon,,NESCAC Womens Championships
Bowdoin College,36,100 Free,2,52.47,Ellie Denney,,NESCAC Womens Championships
Bowdoin College,36,100 Free,3,53.85,Lizzie Walsh,,NESCAC Womens Championships
Bowdoin College,36,100 Free,4,54.00,Ava Harrington,,"Colby vs Bates, Bowdoin"
Bowdoin College,36,100 Free,5,54.20,Harper Stevenson,,Maine Collegiate Invite
Bowdoin College,36,100 Free,6,54.58,Shannon McCall,,NESCAC Womens Championships
Bowdoin College,36,100 Free,7,55.13,Mia Wonacott,,NESCAC Womens Championships
Bowdoin College,36,100 Free,8,55.55,Adeline Wongso,,NESCAC Womens Championships
Bowdoin College,36,100 Free,9,55.99,Amelie Eng,,Maine Collegiate Invite
Bowdoin College,36,100 Free,10,56.27,Ava Wong,,Conn College vs. Bowdoin
Bowdoin College,36,1000 Free,1,10:42.72,Riley Kopp,,NESCAC Womens Championships
Bowdoin College,36,1000 Free,2,10:46.31,Katie Coulter,,"Colby vs Bates, Bowdoin"
Bowdoin College,36,1000 Free,3,10:56.71,Harper Stevenson,,Maine vs. Bowdoin
Bowdoin College,36,1000 Free,4,10:59.83,Erin Lamping,,NESCAC Womens Championships
Bowdoin College,36,1000 Free,5,11:07.73,Lexi Stuntz,,NESCAC Womens Championships
Bowdoin College,36,1650 Free,1,17:42.09,Riley Kopp,,NESCAC Womens Championships
Bowdoin College,36,1650 Free,2,17:51.87,Katie Coulter,,Maine Collegiate Invite
Bowdoin College,36,1650 Free,3,18:25.64,Erin Lamping,,NESCAC Womens Championships
Bowdoin College,36,1650 Free,4,18:31.50,Lexi Stuntz,,Maine Collegiate Invite
Bowdoin College,36,200 Back,1,2:09.34,Ava Wong,,"Colby vs Bates, Bowdoin"
Bowdoin College,36,200 Back,2,2:09.99,Florence Millet,,NESCAC Womens Championships
Bowdoin College,36,200 Back,3,2:12.33,Lexi Stuntz,,Maine Collegiate Invite
Bowdoin College,36,200 Back,4,2:14.68,Oona Stewart,,NESCAC Womens Championships
Bowdoin College,36,200 Back,5,2:17.90,Riley Kopp,,Maine Collegiate Invite
Bowdoin College,36,200 Back,6,2:17.90,Shannon McCall,,Conn College vs. Bowdoin
Bowdoin College,36,200 Breast,1,2:22.00,Lizzie Walsh,,NESCAC Womens Championships
Bowdoin College,36,200 Breast,2,2:22.25,Florence Millet,,NESCAC Womens Championships
Bowdoin College,36,200 Breast,3,2:25.80,Adeline Wongso,,NESCAC Womens Championships
Bowdoin College,36,200 Breast,4,2:28.84,Florence Millet,,"Colby vs Bates, Bowdoin"
Bowdoin College,36,200 Fly,1,2:03.80,Harper Stevenson,,NESCAC Womens Championships
Bowdoin College,36,200 Fly,2,2:04.62,Sydney Lillis,,"Colby vs Bates, Bowdoin"
Bowdoin College,36,200 Fly,3,2:06.72,Lizzie Walsh,,Maine Collegiate Invite
Bowdoin College,36,200 Fly,4,2:07.44,Katie Coulter,,"Colby vs Bates, Bowdoin"
Bowdoin College,36,200 Fly,5,2:11.46,Amelie Eng,,NESCAC Womens Championships
Bowdoin College,36,200 Free,1,1:51.93,Harper Stevenson,,NESCAC Womens Championships
Bowdoin College,36,200 Free,2,1:54.93,Ava Harrington,,"Colby vs Bates, Bowdoin"
Bowdoin College,36,200 Free,3,1:56.15,Lizzie Walsh,,Maine Collegiate Invite
Bowdoin College,36,200 Free,4,1:57.01,Ellie Denney,,Maine Collegiate Invite
Bowdoin College,36,200 Free,5,1:58.12,Amelie Eng,,"Colby vs Bates, Bowdoin"
Bowdoin College,36,200 Free,6,1:58.37,Shannon McCall,,"Colby vs Bates, Bowdoin"
Bowdoin College,36,200 Free,7,1:58.43,Katie Coulter,,NESCAC Womens Championships
Bowdoin College,36,200 Free,8,1:59.42,Erin Lamping,,"Colby vs Bates, Bowdoin"
Bowdoin College,36,200 Free,9,1:59.68,Riley Kopp,,"Colby vs Bates, Bowdoin"
Bowdoin College,36,200 Free,10,2:03.29,Nina Fearon,,Maine Collegiate Invite
Bowdoin College,36,200 Im,1,2:06.00,Lizzie Walsh,,Maine Collegiate Invite
Bowdoin College,36,200 Im,2,2:08.44,Harper Stevenson,,Maine Collegiate Invite
Bowdoin College,36,200 Im,3,2:11.25,Florence Millet,,NESCAC Womens Championships
Bowdoin College,36,200 Im,4,2:12.79,Florence Millet,,"Colby vs Bates, Bowdoin"
Bowdoin College,36,200 Im,5,2:15.51,Riley Kopp,,Maine Collegiate Invite
Bowdoin College,36,200 Im,6,2:16.49,Sydney Lillis,,"Colby vs Bates, Bowdoin"
Bowdoin College,36,200 Im,7,2:17.76,Katie Coulter,,Maine Collegiate Invite
Bowdoin College,36,200 Im,8,2:18.00,Lucy Shaw,,"Colby vs Bates, Bowdoin"
Bowdoin College,36,200 Im,9,2:19.67,Lexi Stuntz,,Maine Collegiate Invite
Bowdoin College,36,400 Im,1,4:28.57,Lizzie Walsh,,NESCAC Womens Championships
Bowdoin College,36,400 Im,2,4:31.95,Florence Millet,,NESCAC Womens Championships
Bowdoin College,36,400 Im,3,4:45.00,Katie Coulter,,Maine Collegiate Invite
Bowdoin College,36,400 Im,4,4:46.82,Sydney Lillis,,Maine vs. Bowdoin
Bowdoin College,36,50 Free,1,24.02,Ellie Denney,,NESCAC Womens Championships
Bowdoin College,36,50 Free,2,24.08,Nina Fearon,,NESCAC Womens Championships
Bowdoin College,36,50 Free,3,24.87,Lizzie Walsh,,Maine Collegiate Invite
Bowdoin College,36,50 Free,4,24.91,Adeline Wongso,,NESCAC Womens Championships
Bowdoin College,36,50 Free,5,24.96,Ava Harrington,,Maine Collegiate Invite
Bowdoin College,36,50 Free,6,25.37,Shannon McCall,,NESCAC Womens Championships
Bowdoin College,36,50 Free,7,25.47,Ruqayyah Abouraya,,"Colby vs Bates, Bowdoin"
Bowdoin College,36,50 Free,8,25.60,Samantha Stevenson,,NESCAC Womens Championships
Bowdoin College,36,50 Free,9,25.62,Harper Stevenson,,"Colby vs Bates, Bowdoin"
Bowdoin College,36,50 Free,10,25.62,Mia Wonacott,,"Colby vs Bates, Bowdoin"
Bowdoin College,36,500 Free,1,4:59.38,Harper Stevenson,,"Colby vs Bates, Bowdoin"
Bowdoin College,36,500 Free,2,5:10.44,Riley Kopp,,NESCAC Womens Championships
Bowdoin College,36,500 Free,3,5:11.06,Katie Coulter,,Maine Collegiate Invite
Bowdoin College,36,500 Free,4,5:12.19,Ava Harrington,,Maine Collegiate Invite
Bowdoin College,36,500 Free,5,5:16.17,Erin Lamping,,NESCAC Womens Championships
Bowdoin College,36,500 Free,6,5:24.90,Lexi Stuntz,,NESCAC Womens Championships
Bowdoin College,36,500 Free,7,5:30.02,Florence Millet,,Maine Collegiate Invite
Calvin University,55,100 Back,1,56.80,Emma Merkel,,MIAA Championships
Calvin University,55,100 Back,2,59.21,Madi McNearney,,MIAA Winter Invite
Calvin University,55,100 Back,3,1:00.06,Ella Andrews,,MIAA Championships
Calvin University,55,100 Back,4,1:00.62,Grace Schutter,,MIAA Championships
Calvin University,55,100 Back,5,1:00.71,Meghan Bengelink,,MIAA Championships
Calvin University,55,100 Back,6,1:02.15,Tori Beigle,,MIAA Winter Invite
Calvin University,55,100 Back,7,1:02.25,Katie Phippen,,Calvin Quad Meet
Calvin University,55,100 Back,8,1:04.43,Piper Sadowski,,"Calvin vs. Grand Valley, Saginaw Valley"
Calvin University,55,100 Back,9,1:06.42,Emily Baartman,,MIAA Championships
Calvin University,55,100 Breast,1,1:02.64,Elise Bajwa,,MIAA Championships
Calvin University,55,100 Breast,2,1:05.87,Gracie Ganger,,MIAA Championships
Calvin University,55,100 Breast,3,1:06.90,Eloise Harrison,,MIAA Championships
Calvin University,55,100 Breast,4,1:08.13,Elyse Radawski,,Calvin Winter Invitational
Calvin University,55,100 Breast,5,1:10.57,Anya Hopek,,Calvin Winter Invitational
Calvin University,55,100 Breast,6,1:12.27,Isabelle Tribfelner,,Calvin Winter Invitational
Calvin University,55,100 Breast,7,1:12.41,Eden Maring,,Calvin vs. Hope
Calvin University,55,100 Breast,8,1:16.73,Emmersyn Erway,,Be Better Invitational
Calvin University,55,100 Fly,1,57.57,Elyse Radawski,,MIAA Championships
Calvin University,55,100 Fly,2,58.26,Grace Schutter,,MIAA Championships
Calvin University,55,100 Fly,3,58.61,Emma Merkel,,Wheaton vs. Calvin
Calvin University,55,100 Fly,4,59.38,Holly VanderWeele,,MIAA Championships
Calvin University,55,100 Fly,5,59.59,Alea Casipit,,MIAA Championships
Calvin University,55,100 Fly,6,59.73,Gracie Ganger,,Calvin vs. Hope
Calvin University,55,100 Fly,7,1:00.11,Viv Rizer,,Calvin vs. Hope
Calvin University,55,100 Fly,8,1:00.79,Zoe Poe,,GCC vs. Calvin
Calvin University,55,100 Fly,9,1:03.05,Emmersyn Erway,,Calvin Winter Invitational
Calvin University,55,100 Fly,10,1:04.26,Madi McNearney,,MIAA Winter Invite
Calvin University,55,100 Free,1,51.47,Emma Merkel,,MIAA Invite
Calvin University,55,100 Free,2,52.04,Meghan Bengelink,,MIAA Championships
Calvin University,55,100 Free,3,52.11,Ella Andrews,,MIAA Championships
Calvin University,55,100 Free,4,53.13,Holly VanderWeele,,Calvin vs. Hope
Calvin University,55,100 Free,5,53.25,Elise Bajwa,,Calvin vs. Hope
Calvin University,55,100 Free,6,53.46,Maria Heeres,,MIAA Championships
Calvin University,55,100 Free,7,54.57,Sara Algera,,Calvin Winter Invitational
Calvin University,55,100 Free,8,54.71,Elyse Radawski,,MIAA Winter Invite
Calvin University,55,100 Free,9,54.92,Kristin Winkle,,MIAA Winter Invite
Calvin University,55,100 Free,10,55.75,Zoe Poe,,MIAA Invite
Calvin University,55,1000 Free,1,10:19.39,Zoe Poe,,MIAA Championships
Calvin University,55,1000 Free,2,10:58.38,Avery Russell,,MIAA Championships
Calvin University,55,1000 Free,3,11:24.84,Ella McNeely,,Wheaton vs. Calvin
Calvin University,55,1000 Free,4,11:34.47,Kailee Turner,,MIAA Winter Invite
Calvin University,55,1000 Free,5,11:39.24,Elizabeth Dylewski,,University of Chicago vs. Calvin
Calvin University,55,1000 Free,6,11:55.46,Alea Casipit,,Calvin vs. Hope
Calvin University,55,1650 Free,1,17:04.58,Zoe Poe,,Calvin Winter Invitational
Calvin University,55,1650 Free,2,18:03.60,Avery Russell,,MIAA Championships
Calvin University,55,1650 Free,3,19:12.71,Ella McNeely,,MIAA Championships
Calvin University,55,1650 Free,4,19:13.20,Kailee Turner,,MIAA Winter Invite
Calvin University,55,1650 Free,5,20:11.44,Alea Casipit,,Calvin Winter Invitational
Calvin University,55,200 Back,1,2:01.26,Emma Merkel,,MIAA Winter Invite
Calvin University,55,200 Back,2,2:10.27,Madi McNearney,,Carnegie Mellon vs. Calvin
Calvin University,55,200 Back,3,2:15.39,Piper Sadowski,,MIAA Winter Invite
Calvin University,55,200 Back,4,2:15.85,Tori Beigle,,MIAA Winter Invite
Calvin University,55,200 Back,5,2:19.43,Katie Phippen,,Calvin Winter Invitational
Calvin University,55,200 Breast,1,2:19.39,Elise Bajwa,,MIAA Championships
Calvin University,55,200 Breast,2,2:22.83,Gracie Ganger,,MIAA Championships
Calvin University,55,200 Breast,3,2:27.09,Eloise Harrison,,MIAA Winter Invite
Calvin University,55,200 Breast,4,2:28.83,Elyse Radawski,,MIAA Championships
Calvin University,55,200 Breast,5,2:34.36,Anya Hopek,,Calvin vs. Hope
Calvin University,55,200 Breast,6,2:34.50,Zoe Poe,,Calvin vs. Hope
Calvin University,55,200 Breast,7,2:39.06,Isabelle Tribfelner,,Calvin Quad Meet
Calvin University,55,200 Breast,8,2:40.13,Eden Maring,,MIAA Winter Invite
Calvin University,55,200 Fly,1,2:11.53,Zoe Poe,,University of Chicago vs. Calvin
Calvin University,55,200 Fly,2,2:13.31,Grace Schutter,,MIAA Championships
Calvin University,55,200 Fly,3,2:14.59,Elizabeth Dylewski,,Calvin Winter Invitational
Calvin University,55,200 Fly,4,2:16.73,Viv Rizer,,Calvin vs. Hope
Calvin University,55,200 Fly,5,2:22.12,Alea Casipit,,University of Chicago vs. Calvin
Calvin University,55,200 Fly,6,2:23.21,Gracie Ganger,,MIAA Winter Invite
Calvin University,55,200 Fly,7,2:26.60,Madi McNearney,,Wheaton vs. Calvin
Calvin University,55,200 Fly,8,2:33.59,Piper Sadowski,,Wheaton vs. Calvin
Calvin University,55,200 Free,1,1:50.04,Emma Merkel,,MIAA Championships
Calvin University,55,200 Free,2,1:55.35,Zoe Poe,,University of Chicago vs. Calvin
Calvin University,55,200 Free,3,1:56.22,Maria Heeres,,MIAA Championships
Calvin University,55,200 Free,4,1:57.07,Holly VanderWeele,,Calvin vs. Hope
Calvin University,55,200 Free,5,1:58.46,Ella Andrews,,Calvin Winter Invitational
Calvin University,55,200 Free,6,1:58.86,Meghan Bengelink,,Calvin Winter Invitational
Calvin University,55,200 Free,7,2:00.87,Avery Russell,,MIAA Championships
Calvin University,55,200 Free,8,2:01.39,Sara Algera,,Calvin Winter Invitational
Calvin University,55,200 Free,9,2:01.53,Kristin Winkle,,MIAA Championships
Calvin University,55,200 Free,10,2:03.02,Emmersyn Erway,,MIAA Invite
Calvin University,55,200 Im,1,2:07.00,Emma Merkel,,MIAA Championships
Calvin University,55,200 Im,2,2:10.83,Zoe Poe,,University of Chicago vs. Calvin
Calvin University,55,200 Im,3,2:11.88,Gracie Ganger,,Calvin Winter Invitational
Calvin University,55,200 Im,4,2:14.23,Madi McNearney,,Calvin vs. Hope
Calvin University,55,200 Im,5,2:14.42,Eloise Harrison,,Calvin Winter Invitational
Calvin University,55,200 Im,6,2:18.42,Emmersyn Erway,,Calvin Winter Invitational
Calvin University,55,200 Im,7,2:18.74,Elyse Radawski,,Calvin Winter Invitational
Calvin University,55,200 Im,8,2:20.09,Viv Rizer,,MIAA Championships
Calvin University,55,200 Im,9,2:20.17,Eden Maring,,Calvin vs. Hope
Calvin University,55,200 Im,10,2:23.32,Tori Beigle,,MIAA Championships
Calvin University,55,400 Im,1,4:32.46,Zoe Poe,,Calvin Winter Invitational
Calvin University,55,400 Im,2,4:48.84,Madi McNearney,,Calvin Quad Meet
Calvin University,55,400 Im,3,4:54.12,Katie Phippen,,MIAA Winter Invite
Calvin University,55,400 Im,4,5:00.41,Eden Maring,,MIAA Winter Invite
Calvin University,55,400 Im,5,5:00.78,Elizabeth Dylewski,,Calvin Winter Invitational
Calvin University,55,50 Free,1,23.45,Meghan Bengelink,,MIAA Championships
Calvin University,55,50 Free,2,23.49,Grace Schutter,,Be Better Invitational
Calvin University,55,50 Free,3,23.61,Ella Andrews,,Calvin Winter Invitational
Calvin University,55,50 Free,4,24.06,Elyse Radawski,,MIAA Championships
Calvin University,55,50 Free,5,24.11,Elise Bajwa,,Calvin Winter Invitational
Calvin University,55,50 Free,6,24.18,Alea Casipit,,Be Better Invitational
Calvin University,55,50 Free,7,24.23,Emma Merkel,,Wheaton vs. Calvin
Calvin University,55,50 Free,8,24.42,Holly VanderWeele,,MIAA Winter Invite
Calvin University,55,50 Free,9,24.59,Sara Algera,,MIAA Championships
Calvin University,55,50 Free,10,24.73,Maria Heeres,,Calvin Quad Meet
Calvin University,55,500 Free,1,4:59.19,Zoe Poe,,Calvin Winter Invitational
Calvin University,55,500 Free,2,5:06.18,Kailee Turner,,Calvin Winter Invitational
Calvin University,55,500 Free,3,5:09.93,Emma Merkel,,Calvin Winter Invitational
Calvin University,55,500 Free,4,5:16.73,Avery Russell,,MIAA Championships
Calvin University,55,500 Free,5,5:32.40,Kristin Winkle,,University of Chicago vs. Calvin
Calvin University,55,500 Free,6,5:34.01,Ella McNeely,,MIAA Championships
Calvin University,55,500 Free,7,5:34.04,Elizabeth Dylewski,,Calvin Winter Invitational
Calvin University,55,500 Free,8,5:34.32,Katie Phippen,,MIAA Championships
Calvin University,55,500 Free,9,5:37.81,Piper Sadowski,,MIAA Championships
Calvin University,55,500 Free,10,5:37.93,Alea Casipit,,MIAA Championships
Carnegie Mellon University,33,100 Back,1,55.92,Savannah Xu,,Carnegie Mellon vs. Gettysburg
Carnegie Mellon University,33,100 Back,2,56.95,Olivia Giuffre,,University Athletic Association Championships
Carnegie Mellon University,33,100 Back,3,57.42,Yuchen Zhou,,Total Performance Invitational
Carnegie Mellon University,33,100 Back,4,57.44,Madison Assanah,,Total Performance Invitational
Carnegie Mellon University,33,100 Back,5,58.08,Natalie Sierzanowski,,Total Performance Invitational
Carnegie Mellon University,33,100 Back,6,58.76,Grace Malinger,,University Athletic Association Championships
Carnegie Mellon University,33,100 Back,7,59.18,Lili Trinh,,Total Performance Invitational
Carnegie Mellon University,33,100 Back,8,59.46,Audrey Gil,,Western PA Invite
Carnegie Mellon University,33,100 Back,9,1:01.34,Lizzy Rosenberg,,Total Performance Invitational
Carnegie Mellon University,33,100 Back,10,1:01.65,Audrey Lambert,,Pitt-CMU-Duquesne Relays
Carnegie Mellon University,33,100 Breast,1,1:04.14,Victoria Sun,,Total Performance Invitational
Carnegie Mellon University,33,100 Breast,2,1:05.22,Audrey Lambert,,University Athletic Association Championships
Carnegie Mellon University,33,100 Breast,3,1:05.65,Tran Doan,,Total Performance Invitational
Carnegie Mellon University,33,100 Breast,4,1:06.01,Julia Gregory,,Total Performance Invitational
Carnegie Mellon University,33,100 Breast,5,1:06.03,Elizabeth Shaffer,,Total Performance Invitational
Carnegie Mellon University,33,100 Breast,6,1:06.22,Allie Kim,,Total Performance Invitational
Carnegie Mellon University,33,100 Breast,7,1:06.22,Savannah Xu,,Western PA Invite
Carnegie Mellon University,33,100 Breast,8,1:06.26,Esther Lin,,Total Performance Invitational
Carnegie Mellon University,33,100 Breast,9,1:07.39,Natalie Sierzanowski,,Western PA Invite
Carnegie Mellon University,33,100 Breast,10,1:12.58,Maddie Muncy,,Western PA Invite
Carnegie Mellon University,33,100 Fly,1,54.90,Audrey Gil,,Total Performance Invitational
Carnegie Mellon University,33,100 Fly,2,56.23,Audrey Soetanto,,Total Performance Invitational
Carnegie Mellon University,33,100 Fly,3,57.07,Savannah Xu,,Western PA Invite
Carnegie Mellon University,33,100 Fly,4,57.22,Natalia Evans-Gibson,,Total Performance Invitational
Carnegie Mellon University,33,100 Fly,5,57.63,Anna Zaniolo,,Total Performance Invitational
Carnegie Mellon University,33,100 Fly,6,57.72,Natalie Sierzanowski,,Total Performance Invitational
Carnegie Mellon University,33,100 Fly,7,57.77,Izzy Miller,,Total Performance Invitational
Carnegie Mellon University,33,100 Fly,8,58.38,Julia Gregory,,Kenyon College Fast Chance Invitational
Carnegie Mellon University,33,100 Fly,9,58.57,Catrina Raich,,Western PA Invite
Carnegie Mellon University,33,100 Fly,10,58.71,Tran Doan,,Total Performance Invitational
Carnegie Mellon University,33,100 Free,1,51.70,Audrey Gil,,University Athletic Association Championships
Carnegie Mellon University,33,100 Free,2,52.08,Anna Zaniolo,,Total Performance Invitational
Carnegie Mellon University,33,100 Free,3,52.59,Alefiya Dhansura,,Total Performance Invitational
Carnegie Mellon University,33,100 Free,4,52.82,Chloe Mihaly,,Western PA Invite
Carnegie Mellon University,33,100 Free,5,52.84,Maddie Muncy,,Total Performance Invitational
Carnegie Mellon University,33,100 Free,6,52.99,Audrey Soetanto,,University Athletic Association Championships
Carnegie Mellon University,33,100 Free,7,53.13,Savannah Xu,,Total Performance Invitational
Carnegie Mellon University,33,100 Free,8,53.24,Eliana Szabo,,Total Performance Invitational
Carnegie Mellon University,33,100 Free,9,53.64,Izzy Miller,,Total Performance Invitational
Carnegie Mellon University,33,100 Free,10,53.68,Grace Malinger,,Total Performance Invitational
Carnegie Mellon University,33,1000 Free,1,10:38.39,Alexandra Scharpf,,University Athletic Association Championships
Carnegie Mellon University,33,1000 Free,2,10:50.30,Victoria Sun,,CMU vs. CWRU
Carnegie Mellon University,33,1000 Free,3,10:55.04,Audrey Soetanto,,Carnegie Mellon vs. Gettysburg
Carnegie Mellon University,33,1000 Free,4,10:57.21,Sophie Elliott,,Western PA Invite
Carnegie Mellon University,33,1000 Free,5,10:59.69,Katelyn Smittle,,CMU vs. CWRU
Carnegie Mellon University,33,1000 Free,6,11:04.59,Jessica Zheng,,Western PA Invite
Carnegie Mellon University,33,1000 Free,7,11:08.29,Catrina Raich,,University Athletic Association Championships
Carnegie Mellon University,33,1650 Free,1,17:36.24,Alexandra Scharpf,,University Athletic Association Championships
Carnegie Mellon University,33,1650 Free,2,17:58.66,Sophie Elliott,,Western PA Invite
Carnegie Mellon University,33,1650 Free,3,18:18.85,Catrina Raich,,University Athletic Association Championships
Carnegie Mellon University,33,1650 Free,4,18:21.06,Jessica Zheng,,Western PA Invite
Carnegie Mellon University,33,200 Back,1,1:59.60,Savannah Xu,,University Athletic Association Championships
Carnegie Mellon University,33,200 Back,2,2:04.53,Olivia Giuffre,,University Athletic Association Championships
Carnegie Mellon University,33,200 Back,3,2:06.18,Lili Trinh,,University Athletic Association Championships
Carnegie Mellon University,33,200 Back,4,2:06.48,Yuchen Zhou,,Total Performance Invitational
Carnegie Mellon University,33,200 Back,5,2:08.10,Natalie Sierzanowski,,Total Performance Invitational
Carnegie Mellon University,33,200 Back,6,2:08.14,Madison Assanah,,Total Performance Invitational
Carnegie Mellon University,33,200 Back,7,2:09.99,Katelyn Smittle,,Western PA Invite
Carnegie Mellon University,33,200 Back,8,2:10.56,Allie Kim,,Western PA Invite
Carnegie Mellon University,33,200 Back,9,2:10.76,Sophie Elliott,,Western PA Invite
Carnegie Mellon University,33,200 Breast,1,2:21.01,Victoria Sun,,University Athletic Association Championships
Carnegie Mellon University,33,200 Breast,2,2:22.25,Elizabeth Shaffer,,University Athletic Association Championships
Carnegie Mellon University,33,200 Breast,3,2:23.60,Allie Kim,,Total Performance Invitational
Carnegie Mellon University,33,200 Breast,4,2:23.87,Audrey Lambert,,University Athletic Association Championships
Carnegie Mellon University,33,200 Breast,5,2:25.74,Julia Gregory,,Total Performance Invitational
Carnegie Mellon University,33,200 Breast,6,2:25.79,Tran Doan,,Total Performance Invitational
Carnegie Mellon University,33,200 Breast,7,2:26.08,Alexandra Scharpf,,Total Performance Invitational
Carnegie Mellon University,33,200 Breast,8,2:28.47,Esther Lin,,Total Performance Invitational
Carnegie Mellon University,33,200 Breast,9,2:37.73,Natalia Evans-Gibson,,Western PA Invite
Carnegie Mellon University,33,200 Fly,1,2:04.25,Sophie Elliott,,Kenyon College Fast Chance Invitational
Carnegie Mellon University,33,200 Fly,2,2:04.31,Audrey Soetanto,,Kenyon College Fast Chance Invitational
Carnegie Mellon University,33,200 Fly,3,2:04.76,Natalia Evans-Gibson,,Total Performance Invitational
Carnegie Mellon University,33,200 Fly,4,2:06.63,Alexandra Scharpf,,University Athletic Association Championships
Carnegie Mellon University,33,200 Fly,5,2:07.75,Katelyn Smittle,,Total Performance Invitational
Carnegie Mellon University,33,200 Fly,6,2:10.03,Catrina Raich,,University Athletic Association Championships
Carnegie Mellon University,33,200 Fly,7,2:12.45,Audrey Gil,,Western PA Invite
Carnegie Mellon University,33,200 Fly,8,2:14.85,Lili Trinh,,Western PA Invite
Carnegie Mellon University,33,200 Fly,9,2:17.34,Anna Zaniolo,,Western PA Invite
Carnegie Mellon University,33,200 Fly,10,2:17.64,Tran Doan,,Western PA Invite
Carnegie Mellon University,33,200 Free,1,1:53.14,Sophie Elliott,,Total Performance Invitational
Carnegie Mellon University,33,200 Free,2,1:53.37,Savannah Xu,,University Athletic Association Championships
Carnegie Mellon University,33,200 Free,3,1:53.51,Victoria Sun,,Kenyon College Fast Chance Invitational
Carnegie Mellon University,33,200 Free,4,1:54.41,Chloe Mihaly,,Total Performance Invitational
Carnegie Mellon University,33,200 Free,5,1:54.70,Audrey Soetanto,,Total Performance Invitational
Carnegie Mellon University,33,200 Free,6,1:55.03,Audrey Gil,,Kenyon College Fast Chance Invitational
Carnegie Mellon University,33,200 Free,7,1:55.79,Alefiya Dhansura,,University Athletic Association Championships
Carnegie Mellon University,33,200 Free,8,1:56.55,Katelyn Smittle,,University Athletic Association Championships
Carnegie Mellon University,33,200 Free,9,1:56.98,Eliana Szabo,,Total Performance Invitational
Carnegie Mellon University,33,200 Free,10,1:57.24,Emma Dreiman,,Total Performance Invitational
Carnegie Mellon University,33,200 Im,1,2:04.54,Savannah Xu,,Total Performance Invitational
Carnegie Mellon University,33,200 Im,2,2:05.50,Victoria Sun,,Total Performance Invitational
Carnegie Mellon University,33,200 Im,3,2:07.83,Audrey Soetanto,,Total Performance Invitational
Carnegie Mellon University,33,200 Im,4,2:08.41,Katelyn Smittle,,University Athletic Association Championships
Carnegie Mellon University,33,200 Im,5,2:08.77,Lili Trinh,,Total Performance Invitational
Carnegie Mellon University,33,200 Im,6,2:09.74,Allie Kim,,University Athletic Association Championships
Carnegie Mellon University,33,200 Im,7,2:10.15,Alexandra Scharpf,,Western PA Invite
Carnegie Mellon University,33,200 Im,8,2:10.62,Julia Gregory,,Total Performance Invitational
Carnegie Mellon University,33,200 Im,9,2:10.69,Audrey Lambert,,University Athletic Association Championships
Carnegie Mellon University,33,200 Im,10,2:11.67,Yuchen Zhou,,Total Performance Invitational
Carnegie Mellon University,33,400 Im,1,4:29.33,Alexandra Scharpf,,University Athletic Association Championships
Carnegie Mellon University,33,400 Im,2,4:29.90,Katelyn Smittle,,Total Performance Invitational
Carnegie Mellon University,33,400 Im,3,4:31.78,Savannah Xu,,Carnegie Mellon vs. Gettysburg
Carnegie Mellon University,33,400 Im,4,4:33.10,Lili Trinh,,University Athletic Association Championships
Carnegie Mellon University,33,400 Im,5,4:50.14,Jessica Zheng,,Total Performance Invitational
Carnegie Mellon University,33,50 Free,1,23.64,Audrey Gil,,Total Performance Invitational
Carnegie Mellon University,33,50 Free,2,24.00,Alefiya Dhansura,,Total Performance Invitational
Carnegie Mellon University,33,50 Free,3,24.15,Anna Zaniolo,,Total Performance Invitational
Carnegie Mellon University,33,50 Free,4,24.27,Savannah Xu,,Total Performance Invitational
Carnegie Mellon University,33,50 Free,5,24.33,Grace Malinger,,Total Performance Invitational
Carnegie Mellon University,33,50 Free,6,24.37,Victoria Sun,,Total Performance Invitational
Carnegie Mellon University,33,50 Free,7,24.39,Maddie Muncy,,Total Performance Invitational
Carnegie Mellon University,33,50 Free,8,24.40,Esther Lin,,University Athletic Association Championships
Carnegie Mellon University,33,50 Free,9,24.57,Madison Assanah,,Total Performance Invitational
Carnegie Mellon University,33,50 Free,10,24.63,Olivia Giuffre,,University Athletic Association Championships
Carnegie Mellon University,33,500 Free,1,5:05.80,Sophie Elliott,,University Athletic Association Championships
Carnegie Mellon University,33,500 Free,2,5:09.05,Chloe Mihaly,,Total Performance Invitational
Carnegie Mellon University,33,500 Free,3,5:09.33,Katelyn Smittle,,Total Performance Invitational
Carnegie Mellon University,33,500 Free,4,5:11.11,Catrina Raich,,Western PA Invite
Carnegie Mellon University,33,500 Free,5,5:16.53,Audrey Soetanto,,Western PA Invite
Carnegie Mellon University,33,500 Free,6,5:16.74,Jessica Zheng,,Western PA Invite
Carnegie Mellon University,33,500 Free,7,5:18.10,Victoria Sun,,Carnegie Mellon vs. Gettysburg
Carnegie Mellon University,33,500 Free,8,5:24.09,Alexandra Scharpf,,CMU vs. CWRU
Carnegie Mellon University,33,500 Free,9,5:25.92,Emma Dreiman,,Total Performance Invitational
Case Western Reserve University,200,100 Back,1,57.97,Zara Rehman,,Total Performance Invitational
Case Western Reserve University,200,100 Back,2,58.01,Sohalya Rawlins,,Gannnon vs. Case Western
Case Western Reserve University,200,100 Back,3,58.98,Julia Cho,,Total Performance Invitational
Case Western Reserve University,200,100 Back,4,59.04,Sayjel Tan,,University Athletic Association Championships
Case Western Reserve University,200,100 Back,5,1:00.30,olivia Jastrzab,,Total Performance Invitational
Case Western Reserve University,200,100 Back,6,1:00.37,Anna Brown,,Total Performance Invitational
Case Western Reserve University,200,100 Back,7,1:00.51,Asma Khan,,CWRU Spartan Invitational
Case Western Reserve University,200,100 Back,8,1:01.39,Anisha Ojha,,Total Performance Invitational
Case Western Reserve University,200,100 Back,9,1:02.04,Marina Oria,,Battle in the Bluegrass
Case Western Reserve University,200,100 Back,10,1:03.42,Maggie Rose Rook,,Total Performance Invitational
Case Western Reserve University,200,100 Breast,1,1:05.95,Julia Cho,,University Athletic Association Championships
Case Western Reserve University,200,100 Breast,2,1:07.39,Lillian Paley,,University Athletic Association Championships
Case Western Reserve University,200,100 Breast,3,1:07.69,Ava Ellis,,Total Performance Invitational
Case Western Reserve University,200,100 Breast,4,1:09.93,Eliza Dixon,,Total Performance Invitational
Case Western Reserve University,200,100 Breast,5,1:10.57,Anisha Ojha,,Total Performance Invitational
Case Western Reserve University,200,100 Breast,6,1:12.13,Maggie Rose Rook,,CWRU Spartan Invitational
Case Western Reserve University,200,100 Breast,7,1:19.57,Ryan Louden,,CWRU Spartan Invitational
Case Western Reserve University,200,100 Breast,8,1:20.74,Erin Butler,,Ohio Wesleyan vs Case Western
Case Western Reserve University,200,100 Fly,1,55.32,Claire Kozma,,Total Performance Invitational
Case Western Reserve University,200,100 Fly,2,57.29,Sohalya Rawlins,,CWRU Spartan Invitational
Case Western Reserve University,200,100 Fly,3,57.59,Kailyn Smith,,University Athletic Association Championships
Case Western Reserve University,200,100 Fly,4,57.61,Sheila Monera Cabarique,,Total Performance Invitational
Case Western Reserve University,200,100 Fly,5,58.16,Eliza Dixon,,Total Performance Invitational
Case Western Reserve University,200,100 Fly,6,58.51,Allison Ploutz-Snyder,,Total Performance Invitational
Case Western Reserve University,200,100 Fly,7,59.38,Zara Rehman,,Total Performance Invitational
Case Western Reserve University,200,100 Fly,8,59.67,Sayjel Tan,,University Athletic Association Championships
Case Western Reserve University,200,100 Fly,9,1:00.21,Tenzin PANAMSERKHANG,,CWRU Spartan Invitational
Case Western Reserve University,200,100 Fly,10,1:00.87,Anisha Ojha,,University Athletic Association Championships
Case Western Reserve University,200,100 Free,1,50.48,Claire Kozma,,CWRU Spartan Invitational
Case Western Reserve University,200,100 Free,2,52.69,Marina Oria,,University Athletic Association Championships
Case Western Reserve University,200,100 Free,3,52.88,Sohalya Rawlins,,Total Performance Invitational
Case Western Reserve University,200,100 Free,4,53.13,Maggie Rose Rook,,CWRU Spartan Invitational
Case Western Reserve University,200,100 Free,5,53.15,Sheila Monera Cabarique,,Total Performance Invitational
Case Western Reserve University,200,100 Free,6,53.26,olivia Jastrzab,,Total Performance Invitational
Case Western Reserve University,200,100 Free,7,53.30,Eliza Dixon,,Total Performance Invitational
Case Western Reserve University,200,100 Free,8,54.82,Louisa Sanchez,,Total Performance Invitational
Case Western Reserve University,200,100 Free,9,54.95,Anna Brown,,CWRU Spartan Invitational
Case Western Reserve University,200,100 Free,10,55.56,Anisha Ojha,,Total Performance Invitational
Case Western Reserve University,200,1000 Free,1,10:39.58,Ava Ellis,,Total Performance Invitational
Case Western Reserve University,200,1000 Free,2,10:42.72,Lauren Valentine,,Gannnon vs. Case Western
Case Western Reserve University,200,1000 Free,3,10:47.61,Erin Butler,,University Athletic Association Championships
Case Western Reserve University,200,1000 Free,4,11:08.12,Louisa Sanchez,,Oberlin vs. CWRU
Case Western Reserve University,200,1000 Free,5,11:08.98,Maggie Rose Rook,,Oberlin vs. CWRU
Case Western Reserve University,200,1000 Free,6,11:11.37,Anna Brown,,JCU vs Case Western Reserve
Case Western Reserve University,200,1000 Free,7,11:32.15,Ryan Louden,,Total Performance Invitational
Case Western Reserve University,200,1000 Free,8,11:49.61,Martina Torello-Viera,,Total Performance Invitational
Case Western Reserve University,200,1000 Free,9,11:53.83,Julia Cho,,Oberlin Early Invite
Case Western Reserve University,200,1000 Free,10,12:23.40,Anisha Ojha,,CWRU Spartan Invitational
Case Western Reserve University,200,1650 Free,1,17:41.38,Ava Ellis,,Total Performance Invitational
Case Western Reserve University,200,1650 Free,2,17:58.77,Erin Butler,,University Athletic Association Championships
Case Western Reserve University,200,1650 Free,3,18:04.19,Lauren Valentine,,University Athletic Association Championships
Case Western Reserve University,200,1650 Free,4,18:28.58,Anna Brown,,University Athletic Association Championships
Case Western Reserve University,200,1650 Free,5,18:58.77,Louisa Sanchez,,University Athletic Association Championships
Case Western Reserve University,200,1650 Free,6,19:15.88,Ryan Louden,,Total Performance Invitational
Case Western Reserve University,200,1650 Free,7,19:39.79,Julia Cho,,Oberlin Early Invite
Case Western Reserve University,200,1650 Free,8,19:41.62,Martina Torello-Viera,,Total Performance Invitational
Case Western Reserve University,200,1650 Free,9,20:39.56,Anisha Ojha,,CWRU Spartan Invitational
Case Western Reserve University,200,200 Back,1,2:05.19,Lauren Valentine,,Gannnon vs. Case Western
Case Western Reserve University,200,200 Back,2,2:05.64,Julia Cho,,University Athletic Association Championships
Case Western Reserve University,200,200 Back,3,2:06.25,Anna Brown,,University Athletic Association Championships
Case Western Reserve University,200,200 Back,4,2:08.29,Zara Rehman,,Total Performance Invitational
Case Western Reserve University,200,200 Back,5,2:11.26,Sayjel Tan,,University Athletic Association Championships
Case Western Reserve University,200,200 Back,6,2:15.09,Asma Khan,,Gannnon vs. Case Western
Case Western Reserve University,200,200 Back,7,2:16.10,Lillian Paley,,CWRU Spartan Invitational
Case Western Reserve University,200,200 Back,8,2:18.03,Allison Ploutz-Snyder,,CWRU Spartan Invitational
Case Western Reserve University,200,200 Breast,1,2:24.84,Ava Ellis,,Total Performance Invitational
Case Western Reserve University,200,200 Breast,2,2:27.52,Lillian Paley,,Kenyon vs Case Western
Case Western Reserve University,200,200 Breast,3,2:35.14,Anisha Ojha,,Total Performance Invitational
Case Western Reserve University,200,200 Breast,4,2:45.72,Kailyn Smith,,Battle in the Bluegrass
Case Western Reserve University,200,200 Breast,5,2:47.19,Allison Ploutz-Snyder,,CWRU Spartan Invitational
Case Western Reserve University,200,200 Breast,6,2:53.54,Ryan Louden,,Gannnon vs. Case Western
Case Western Reserve University,200,200 Fly,1,2:04.02,Claire Kozma,,Oberlin Early Invite
Case Western Reserve University,200,200 Fly,2,2:08.09,Kailyn Smith,,Kenyon vs Case Western
Case Western Reserve University,200,200 Fly,3,2:10.74,Tenzin PANAMSERKHANG,,Battle in the Bluegrass
Case Western Reserve University,200,200 Fly,4,2:12.37,Allison Ploutz-Snyder,,University Athletic Association Championships
Case Western Reserve University,200,200 Fly,5,2:14.43,Phoebe Kaplan,,Gannnon vs. Case Western
Case Western Reserve University,200,200 Fly,6,2:18.48,Sheila Monera Cabarique,,CWRU Spartan Invitational
Case Western Reserve University,200,200 Fly,7,2:19.46,Megha Siddapureddy,,Gannnon vs. Case Western
Case Western Reserve University,200,200 Fly,8,2:28.38,Erin Butler,,CWRU Spartan Invitational
Case Western Reserve University,200,200 Free,1,1:49.97,Claire Kozma,,University Athletic Association Championships
Case Western Reserve University,200,200 Free,2,1:54.36,Maggie Rose Rook,,Kenyon vs Case Western
Case Western Reserve University,200,200 Free,3,1:56.21,Ava Ellis,,Total Performance Invitational
Case Western Reserve University,200,200 Free,4,1:58.68,Louisa Sanchez,,Total Performance Invitational
Case Western Reserve University,200,200 Free,5,1:58.79,olivia Jastrzab,,Total Performance Invitational
Case Western Reserve University,200,200 Free,6,1:59.20,Anna Brown,,CWRU Spartan Invitational
Case Western Reserve University,200,200 Free,7,2:01.72,Sohalya Rawlins,,JCU vs Case Western Reserve
Case Western Reserve University,200,200 Free,8,2:02.25,Ryan Louden,,Gannnon vs. Case Western
Case Western Reserve University,200,200 Free,9,2:02.82,Tenzin PANAMSERKHANG,,Oberlin Early Invite
Case Western Reserve University,200,200 Free,10,2:03.29,Marina Oria,,Total Performance Invitational
Case Western Reserve University,200,200 Im,1,2:12.83,Lillian Paley,,Kenyon vs Case Western
Case Western Reserve University,200,200 Im,2,2:13.07,Julia Cho,,Total Performance Invitational
Case Western Reserve University,200,200 Im,3,2:13.70,Sohalya Rawlins,,CWRU Spartan Invitational
Case Western Reserve University,200,200 Im,4,2:15.79,Tenzin PANAMSERKHANG,,Gannnon vs. Case Western
Case Western Reserve University,200,200 Im,5,2:18.39,Allison Ploutz-Snyder,,Total Performance Invitational
Case Western Reserve University,200,200 Im,6,2:18.60,Phoebe Kaplan,,Total Performance Invitational
Case Western Reserve University,200,200 Im,7,2:19.27,Anisha Ojha,,CWRU Spartan Invitational
Case Western Reserve University,200,200 Im,8,2:20.29,Ava Ellis,,CMU vs. CWRU
Case Western Reserve University,200,200 Im,9,2:27.28,Ryan Louden,,Kenyon vs Case Western
Case Western Reserve University,200,400 Im,1,4:42.98,Lauren Valentine,,University Athletic Association Championships
Case Western Reserve University,200,400 Im,2,4:46.59,Tenzin PANAMSERKHANG,,Battle in the Bluegrass
Case Western Reserve University,200,400 Im,3,4:49.89,Erin Butler,,University Athletic Association Championships
Case Western Reserve University,200,400 Im,4,4:53.05,Ava Ellis,,Oberlin Early Invite
Case Western Reserve University,200,400 Im,5,4:53.20,Lillian Paley,,Battle in the Bluegrass
Case Western Reserve University,200,400 Im,6,4:55.58,Phoebe Kaplan,,Total Performance Invitational
Case Western Reserve University,200,400 Im,7,4:55.67,Allison Ploutz-Snyder,,University Athletic Association Championships
Case Western Reserve University,200,50 Free,1,23.52,Claire Kozma,,Oberlin Early Invite
Case Western Reserve University,200,50 Free,2,23.68,Marina Oria,,University Athletic Association Championships
Case Western Reserve University,200,50 Free,3,23.87,Sheila Monera Cabarique,,CWRU Spartan Invitational
Case Western Reserve University,200,50 Free,4,23.88,Sohalya Rawlins,,Total Performance Invitational
Case Western Reserve University,200,50 Free,5,23.91,Eliza Dixon,,University Athletic Association Championships
Case Western Reserve University,200,50 Free,6,24.69,olivia Jastrzab,,Total Performance Invitational
Case Western Reserve University,200,50 Free,7,25.04,Maggie Rose Rook,,CWRU Spartan Invitational
Case Western Reserve University,200,50 Free,8,25.09,Kailyn Smith,,University Athletic Association Championships
Case Western Reserve University,200,50 Free,9,25.10,Zara Rehman,,Oberlin Early Invite
Case Western Reserve University,200,50 Free,10,25.18,Sayjel Tan,,Total Performance Invitational
Case Western Reserve University,200,500 Free,1,5:02.51,Claire Kozma,,CWRU Spartan Invitational
Case Western Reserve University,200,500 Free,2,5:06.85,Ava Ellis,,Total Performance Invitational
Case Western Reserve University,200,500 Free,3,5:14.04,Lauren Valentine,,Total Performance Invitational
Case Western Reserve University,200,500 Free,4,5:14.66,Maggie Rose Rook,,Kenyon vs Case Western
Case Western Reserve University,200,500 Free,5,5:17.12,Erin Butler,,University Athletic Association Championships
Case Western Reserve University,200,500 Free,6,5:19.48,Tenzin PANAMSERKHANG,,Oberlin Early Invite
Case Western Reserve University,200,500 Free,7,5:20.05,Anna Brown,,University Athletic Association Championships
Case Western Reserve University,200,500 Free,8,5:23.90,Louisa Sanchez,,Total Performance Invitational
Case Western Reserve University,200,500 Free,9,5:32.67,Ryan Louden,,Total Performance Invitational
Case Western Reserve University,200,500 Free,10,5:37.32,Allison Ploutz-Snyder,,Oberlin Early Invite
Centre College,244,100 Back,1,57.32,Caroline Lee,,SAA Conference Championship
Centre College,244,100 Back,2,58.63,Avery Gabbard,,Centre Invitational
Centre College,244,100 Back,3,1:00.31,Katie Bridwell,,SAA Conference Championship
Centre College,244,100 Back,4,1:00.84,Roya Sanai,,Centre Invitational
Centre College,244,100 Back,5,1:01.05,Rachel Mitter,,SAA Conference Championship
Centre College,244,100 Back,6,1:01.70,Katelynn Stanczyk,,"Centre vs.Transylvania, Cumberlands"
Centre College,244,100 Back,7,1:01.78,Sophie Anderson,,SAA Conference Championship
Centre College,244,100 Back,8,1:02.05,Natalie Cox,,Centre vs. Midway vs. Campbellsville
Centre College,244,100 Back,9,1:03.77,Zoe Florence,,SAA Conference Championship
Centre College,244,100 Back,10,1:04.43,Ava Fears,,Asbury vs. Centre
Centre College,244,100 Breast,1,1:05.78,Ava Gates,,Centre Invitational
Centre College,244,100 Breast,2,1:05.98,Natalie Cox,,SAA Conference Championship
Centre College,244,100 Breast,3,1:08.95,Parker Reily,,SAA Conference Championship
Centre College,244,100 Breast,4,1:09.50,Whitney Dollins,,SAA Conference Championship
Centre College,244,100 Breast,5,1:13.20,Kyleigh Cohil,,SAA Conference Championship
Centre College,244,100 Breast,6,1:14.36,Luke Emerson,,SAA Conference Championship
Centre College,244,100 Breast,7,1:15.47,Sophia McCalla,,"Centre vs.Transylvania, Cumberlands"
Centre College,244,100 Breast,8,1:15.68,Cate Coartney,,Centre vs. Midway vs. Campbellsville
Centre College,244,100 Breast,9,1:18.55,Samantha Coffey,,SAA Conference Championship
Centre College,244,100 Breast,10,1:19.42,Kendall Somers,,SAA Conference Championship
Centre College,244,100 Fly,1,58.65,Rachel Mitter,,SAA Conference Championship
Centre College,244,100 Fly,2,59.23,Emma Daman,,Centre Invitational
Centre College,244,100 Fly,3,59.28,Caroline Short,,Centre Invitational
Centre College,244,100 Fly,4,59.30,Caroline Lee,,"Centre vs.Transylvania, Cumberlands"
Centre College,244,100 Fly,5,59.93,Sophia McCalla,,SAA Conference Championship
Centre College,244,100 Fly,6,1:00.05,Libby Taylor,,Centre Invitational
Centre College,244,100 Fly,7,1:00.13,Cate Coartney,,SAA Conference Championship
Centre College,244,100 Fly,8,1:00.19,Lucy Lowe,,SAA Conference Championship
Centre College,244,100 Fly,9,1:00.88,Whitney Dollins,,SAA Conference Championship
Centre College,244,100 Fly,10,1:01.06,Ava Gates,,Wabash vs. Centre
Centre College,244,100 Free,1,51.73,Caroline Lee,,SAA Conference Championship
Centre College,244,100 Free,2,53.88,Katelynn Stanczyk,,SAA Conference Championship
Centre College,244,100 Free,3,54.51,Olivia Headley,,SAA Conference Championship
Centre College,244,100 Free,4,54.66,Lucy Lowe,,Centre Invitational
Centre College,244,100 Free,5,55.33,Libby Taylor,,Centre Invitational
Centre College,244,100 Free,6,55.40,Emma Daman,,Centre Invitational
Centre College,244,100 Free,7,55.93,Whitney Dollins,,Asbury vs. Centre
Centre College,244,100 Free,8,56.14,Avery Gabbard,,Colonel Classic
Centre College,244,100 Free,9,56.56,Mikayla Pruett,,Asbury vs. Centre
Centre College,244,100 Free,10,56.71,Cate Coartney,,Centre vs. Midway vs. Campbellsville
Centre College,244,1000 Free,1,10:46.73,Sarah Feild,,SAA Conference Championship
Centre College,244,1000 Free,2,11:02.59,Emma Meyer,,Emory vs. Centre
Centre College,244,1000 Free,3,11:24.05,Katelynn Stanczyk,,Battle in the Bluegrass
Centre College,244,1000 Free,4,11:24.52,Vreni Reichard,,SAA Conference Championship
Centre College,244,1000 Free,5,11:33.62,Caroline Ellis,,Asbury vs. Centre
Centre College,244,1000 Free,6,11:47.97,Mikayla Pruett,,Battle in the Bluegrass
Centre College,244,1000 Free,7,11:59.40,Eva Gudeman,,Centre Invitational
Centre College,244,1000 Free,8,12:02.02,Henley Mason,,Centre Invitational
Centre College,244,1000 Free,9,12:25.46,Kimberly Whitmore,,SAA Conference Championship
Centre College,244,1000 Free,10,12:34.67,Kyleigh Cohil,,DePauw vs. Centre
Centre College,244,1650 Free,1,17:51.69,Sarah Feild,,SAA Conference Championship
Centre College,244,1650 Free,2,18:24.67,Emma Meyer,,SAA Conference Championship
Centre College,244,1650 Free,3,19:05.27,Vreni Reichard,,SAA Conference Championship
Centre College,244,1650 Free,4,19:16.72,Caroline Ellis,,SAA Conference Championship
Centre College,244,1650 Free,5,19:54.02,Eva Gudeman,,Centre Invitational
Centre College,244,1650 Free,6,19:57.81,Henley Mason,,Centre Invitational
Centre College,244,1650 Free,7,20:30.92,Kimberly Whitmore,,SAA Conference Championship
Centre College,244,200 Back,1,2:07.16,Avery Gabbard,,SAA Conference Championship
Centre College,244,200 Back,2,2:10.56,Katie Bridwell,,SAA Conference Championship
Centre College,244,200 Back,3,2:12.24,Hanna McNamara,,SAA Conference Championship
Centre College,244,200 Back,4,2:12.26,Roya Sanai,,Centre Invitational
Centre College,244,200 Back,5,2:16.69,Caroline Lee,,Wabash vs. Centre
Centre College,244,200 Back,6,2:17.11,Sophie Anderson,,SAA Conference Championship
Centre College,244,200 Back,7,2:21.60,Kate Hoffman,,Centre Invitational
Centre College,244,200 Back,8,2:21.70,Rebecca Morgan,,SAA Conference Championship
Centre College,244,200 Back,9,2:21.91,Cate Coartney,,Berry vs. Centre vs. Millsaps
Centre College,244,200 Back,10,2:22.03,Mikayla Pruett,,Colonel Classic
Centre College,244,200 Breast,1,2:22.69,Ava Gates,,Centre Invitational
Centre College,244,200 Breast,2,2:25.51,Natalie Cox,,SAA Conference Championship
Centre College,244,200 Breast,3,2:34.61,Parker Reily,,SAA Conference Championship
Centre College,244,200 Breast,4,2:34.79,Whitney Dollins,,SAA Conference Championship
Centre College,244,200 Breast,5,2:38.48,Kyleigh Cohil,,SAA Conference Championship
Centre College,244,200 Breast,6,2:49.80,Samantha Coffey,,Centre Invitational
Centre College,244,200 Breast,7,2:51.95,Kendall Somers,,SAA Conference Championship
Centre College,244,200 Fly,1,2:11.00,Cate Coartney,,Emory vs. Centre
Centre College,244,200 Fly,2,2:12.66,Sophia McCalla,,SAA Conference Championship
Centre College,244,200 Fly,3,2:12.71,Caroline Short,,SAA Conference Championship
Centre College,244,200 Fly,4,2:15.15,Libby Taylor,,Battle in the Bluegrass
Centre College,244,200 Fly,5,2:20.20,Ava Fears,,Emory vs. Centre
Centre College,244,200 Fly,6,2:22.75,Rachel Mitter,,Centre Invitational
Centre College,244,200 Fly,7,2:39.58,emerson Ackerman,,Colonel Classic
Centre College,244,200 Free,1,1:56.76,Katelynn Stanczyk,,SAA Conference Championship
Centre College,244,200 Free,2,1:57.80,Olivia Headley,,SAA Conference Championship
Centre College,244,200 Free,3,1:59.07,Libby Taylor,,SAA Conference Championship
Centre College,244,200 Free,4,1:59.45,Sarah Feild,,SAA Conference Championship
Centre College,244,200 Free,5,2:00.27,Avery Gabbard,,Centre vs. Midway vs. Campbellsville
Centre College,244,200 Free,6,2:00.89,Cate Coartney,,Centre Invitational
Centre College,244,200 Free,7,2:02.89,Emma Meyer,,SAA Conference Championship
Centre College,244,200 Free,8,2:04.27,Natalie Cox,,Centre Invitational
Centre College,244,200 Free,9,2:04.57,Lucy Lowe,,Centre Invitational
Centre College,244,200 Free,10,2:04.65,Caroline Ellis,,SAA Conference Championship
Centre College,244,200 Im,1,2:11.51,Natalie Cox,,SAA Conference Championship
Centre College,244,200 Im,2,2:12.19,Cate Coartney,,SAA Conference Championship
Centre College,244,200 Im,3,2:12.19,Avery Gabbard,,SAA Conference Championship
Centre College,244,200 Im,4,2:12.55,Ava Gates,,Centre Invitational
Centre College,244,200 Im,5,2:16.61,Sophia McCalla,,SAA Conference Championship
Centre College,244,200 Im,6,2:17.99,Hanna McNamara,,SAA Conference Championship
Centre College,244,200 Im,7,2:23.11,Rebecca Morgan,,SAA Conference Championship
Centre College,244,200 Im,8,2:23.60,Emma Daman,,"Centre vs.Transylvania, Cumberlands"
Centre College,244,200 Im,9,2:24.12,Katie Bridwell,,Asbury vs. Centre
Centre College,244,200 Im,10,2:24.77,Parker Reily,,"Centre vs.Transylvania, Cumberlands"
Centre College,244,400 Im,1,4:40.00,Cate Coartney,,SAA Conference Championship
Centre College,244,400 Im,2,4:46.51,Hanna McNamara,,SAA Conference Championship
Centre College,244,400 Im,3,4:48.39,Ava Gates,,Battle in the Bluegrass
Centre College,244,400 Im,4,5:07.96,Haley Mickelwait,,SAA Conference Championship
Centre College,244,400 Im,5,5:10.02,Parker Reily,,SAA Conference Championship
Centre College,244,400 Im,6,5:15.83,emerson Ackerman,,SAA Conference Championship
Centre College,244,50 Free,1,23.31,Caroline Lee,,SAA Conference Championship
Centre College,244,50 Free,2,24.75,Lucy Lowe,,Centre Invitational
Centre College,244,50 Free,3,24.78,Caroline Short,,SAA Conference Championship
Centre College,244,50 Free,4,24.79,Olivia Headley,,SAA Conference Championship
Centre College,244,50 Free,5,24.93,Emma Daman,,Centre Invitational
Centre College,244,50 Free,6,25.05,Whitney Dollins,,Centre Invitational
Centre College,244,50 Free,7,25.08,Katelynn Stanczyk,,SAA Conference Championship
Centre College,244,50 Free,8,25.16,Libby Taylor,,Centre Invitational
Centre College,244,50 Free,9,25.38,Natalie Cox,,Centre vs. Midway vs. Campbellsville
Centre College,244,50 Free,10,25.52,Katie Bridwell,,SAA Conference Championship
Centre College,244,500 Free,1,5:15.66,Sarah Feild,,SAA Conference Championship
Centre College,244,500 Free,2,5:15.80,Katelynn Stanczyk,,SAA Conference Championship
Centre College,244,500 Free,3,5:17.23,Libby Taylor,,Centre vs. Midway vs. Campbellsville
Centre College,244,500 Free,4,5:24.34,Emma Meyer,,SAA Conference Championship
Centre College,244,500 Free,5,5:24.75,Roya Sanai,,Centre Invitational
Centre College,244,500 Free,6,5:27.43,Vreni Reichard,,SAA Conference Championship
Centre College,244,500 Free,7,5:30.85,Avery Gabbard,,Wabash vs. Centre
Centre College,244,500 Free,8,5:33.37,Caroline Ellis,,SAA Conference Championship
Centre College,244,500 Free,9,5:38.03,Mikayla Pruett,,SAA Conference Championship
Centre College,244,500 Free,10,5:39.67,Luke Emerson,,SAA Conference Championship
Chapman University,85,100 Back,1,58.10,Cora Buelow,,La Verne Invitational
Chapman University,85,100 Back,2,59.05,Poet DeBoom,,La Verne Invitational
Chapman University,85,100 Back,3,59.22,Miranda Thompson,,SCIAC Championships
Chapman University,85,100 Back,4,59.46,Caroline Kundahl,,SCIAC Championships
Chapman University,85,100 Back,5,1:00.29,Bella Williams,,SCIAC Championships
Chapman University,85,100 Back,6,1:00.79,Lilah Secher,,SCIAC Championships
Chapman University,85,100 Back,7,1:01.54,Lang Davison,,La Verne Invitational
Chapman University,85,100 Back,8,1:01.68,Audrey Davis,,SCIAC Championships
Chapman University,85,100 Back,9,1:02.12,Abby Sellman,,La Verne Invitational
Chapman University,85,100 Back,10,1:03.99,Sophia Chao,,Chapman vs. Redlands
Chapman University,85,100 Breast,1,1:07.36,Alex Marumoto,,Caltech vs. Pomona-Pitzer vs. Chapman
Chapman University,85,100 Breast,2,1:07.81,CJ Smith,,SCIAC Championships
Chapman University,85,100 Breast,3,1:09.75,Sydney Snider,,Caltech vs. Pomona-Pitzer vs. Chapman
Chapman University,85,100 Breast,4,1:10.56,Elise Kittleson,,Chapman vs. Occidental vs. Concordia
Chapman University,85,100 Breast,5,1:11.95,Bella Ortiz,,La Verne Invitational
Chapman University,85,100 Breast,6,1:12.70,Maizie Stricker,,Chapman vs. Redlands
Chapman University,85,100 Breast,7,1:15.12,Lilah Secher,,Mt. SAC vs. Chapman
Chapman University,85,100 Breast,8,1:15.60,Poet DeBoom,,Chapman vs. San Diego vs. Fresno Pacific
Chapman University,85,100 Breast,9,1:16.61,Jane Hanson,,Chapman vs. San Diego vs. Fresno Pacific
Chapman University,85,100 Breast,10,1:16.65,Caroline Kundahl,,Caltech vs. Pomona-Pitzer vs. Chapman
Chapman University,85,100 Fly,1,58.57,Miranda Thompson,,SCIAC Championships
Chapman University,85,100 Fly,2,58.92,Megan Lei,,SCIAC Championships
Chapman University,85,100 Fly,3,59.35,Elise Kittleson,,La Verne Invitational
Chapman University,85,100 Fly,4,59.75,Alex Marumoto,,Chapman vs. UC Santa Cruz
Chapman University,85,100 Fly,5,1:00.11,Margo Barclay,,La Verne Invitational
Chapman University,85,100 Fly,6,1:00.81,Cora Buelow,,Chapman vs. Redlands
Chapman University,85,100 Fly,7,1:00.94,Elena Warner,,SCIAC Championships
Chapman University,85,100 Fly,8,1:01.82,Lilah Secher,,SCIAC Championships
Chapman University,85,100 Fly,9,1:02.34,Eleanor McElwee,,SCIAC Championships
Chapman University,85,100 Fly,10,1:02.35,Mati Dixon,,SCIAC Championships
Chapman University,85,100 Free,1,51.90,Alyssa Kooy,,SCIAC Championships
Chapman University,85,100 Free,2,52.70,Tatum Chambers,,SCIAC Championships
Chapman University,85,100 Free,3,53.14,Elise Kittleson,,La Verne Invitational
Chapman University,85,100 Free,4,54.04,Maizie Stricker,,La Verne Invitational
Chapman University,85,100 Free,5,54.45,Megan Lei,,La Verne Invitational
Chapman University,85,100 Free,6,55.01,Cora Buelow,,Mt. SAC vs. Chapman
Chapman University,85,100 Free,7,55.10,Annika Mittelsteadt,,SCIAC Championships
Chapman University,85,100 Free,8,55.19,Clara Van Note,,SCIAC Championships
Chapman University,85,100 Free,9,55.49,Margo Barclay,,La Verne Invitational
Chapman University,85,100 Free,10,55.63,Kalla Pellettieri,,SCIAC Championships
Chapman University,85,1000 Free,1,11:02.01,Annika Mittelsteadt,,SCIAC Championships
Chapman University,85,1000 Free,2,11:11.76,Alexis Anderson,,Chapman vs. UC Santa Cruz
Chapman University,85,1000 Free,3,11:11.92,Jane Hanson,,La Verne Invitational
Chapman University,85,1000 Free,4,11:14.95,Jenna Kimborowicz,,SCIAC Championships
Chapman University,85,1000 Free,5,11:28.91,Sara Talmaci,,SCIAC Championships
Chapman University,85,1000 Free,6,11:51.60,Eleanor McElwee,,Chapman vs La Verne
Chapman University,85,1650 Free,1,18:06.42,Annika Mittelsteadt,,SCIAC Championships
Chapman University,85,1650 Free,2,18:33.03,Jenna Kimborowicz,,SCIAC Championships
Chapman University,85,1650 Free,3,18:34.76,Alexis Anderson,,La Verne Invitational
Chapman University,85,1650 Free,4,18:35.00,Jane Hanson,,La Verne Invitational
Chapman University,85,1650 Free,5,19:04.03,Sara Talmaci,,SCIAC Championships
Chapman University,85,200 Back,1,2:05.10,Cora Buelow,,SCIAC Championships
Chapman University,85,200 Back,2,2:07.39,Poet DeBoom,,SCIAC Championships
Chapman University,85,200 Back,3,2:10.46,Lilah Secher,,SCIAC Championships
Chapman University,85,200 Back,4,2:11.39,Caroline Kundahl,,SCIAC Championships
Chapman University,85,200 Back,5,2:14.15,Abby Sellman,,La Verne Invitational
Chapman University,85,200 Back,6,2:15.18,Maizie Stricker,,Chapman vs. Cal Lutheran
Chapman University,85,200 Back,7,2:15.41,Audrey Davis,,SCIAC Championships
Chapman University,85,200 Back,8,2:17.24,Jenna Kimborowicz,,Chapman vs La Verne
Chapman University,85,200 Back,9,2:17.64,Bella Williams,,Chapman vs La Verne
Chapman University,85,200 Back,10,2:18.52,Lang Davison,,Chapman vs. Cal Lutheran
Chapman University,85,200 Breast,1,2:26.95,Alex Marumoto,,Caltech vs. Pomona-Pitzer vs. Chapman
Chapman University,85,200 Breast,2,2:33.71,Bella Ortiz,,Caltech vs. Pomona-Pitzer vs. Chapman
Chapman University,85,200 Breast,3,2:34.69,CJ Smith,,SCIAC Championships
Chapman University,85,200 Breast,4,2:35.28,Sydney Snider,,SCIAC Championships
Chapman University,85,200 Breast,5,2:43.07,Lilah Secher,,Chapman vs La Verne
Chapman University,85,200 Breast,6,2:43.86,Hadley Larson,,Chapman vs. C-M-S vs. Whittier
Chapman University,85,200 Breast,7,2:46.67,Audrey Brown,,Chapman vs La Verne
Chapman University,85,200 Breast,8,2:52.50,Eleanor McElwee,,Chapman vs. San Diego vs. Fresno Pacific
Chapman University,85,200 Fly,1,2:10.37,Eleanor McElwee,,SCIAC Championships
Chapman University,85,200 Fly,2,2:14.95,Mati Dixon,,Chapman vs. UC Santa Cruz
Chapman University,85,200 Fly,3,2:18.92,Miranda Thompson,,Chapman vs. C-M-S vs. Whittier
Chapman University,85,200 Fly,4,2:19.02,Elena Warner,,Chapman vs. Cal Lutheran
Chapman University,85,200 Fly,5,2:20.15,Maizie Stricker,,Chapman vs. UC Santa Cruz
Chapman University,85,200 Fly,6,2:22.91,Lilah Secher,,Chapman vs. Occidental vs. Concordia
Chapman University,85,200 Fly,7,2:28.21,Alex Marumoto,,Chapman vs La Verne
Chapman University,85,200 Fly,8,2:34.38,Jane Hanson,,Chapman vs La Verne
Chapman University,85,200 Free,1,1:56.07,Elise Kittleson,,SCIAC Championships
Chapman University,85,200 Free,2,1:57.45,Alyssa Kooy,,SCIAC Championships
Chapman University,85,200 Free,3,1:57.89,Annika Mittelsteadt,,SCIAC Championships
Chapman University,85,200 Free,4,1:58.33,Cora Buelow,,SCIAC Championships
Chapman University,85,200 Free,5,1:58.65,Clara Van Note,,SCIAC Championships
Chapman University,85,200 Free,6,1:59.67,Tatum Chambers,,La Verne Invitational
Chapman University,85,200 Free,7,1:59.90,Maizie Stricker,,Chapman vs. C-M-S vs. Whittier
Chapman University,85,200 Free,8,2:00.49,Abby Sellman,,SCIAC Championships
Chapman University,85,200 Free,9,2:00.60,Jenna Kimborowicz,,La Verne Invitational
Chapman University,85,200 Free,10,2:00.65,Sara Talmaci,,SCIAC Championships
Chapman University,85,200 Im,1,2:09.88,Cora Buelow,,SCIAC Championships
Chapman University,85,200 Im,2,2:11.73,Maizie Stricker,,La Verne Invitational
Chapman University,85,200 Im,3,2:12.36,CJ Smith,,SCIAC Championships
Chapman University,85,200 Im,4,2:14.27,Poet DeBoom,,SCIAC Championships
Chapman University,85,200 Im,5,2:14.55,Caroline Kundahl,,SCIAC Championships
Chapman University,85,200 Im,6,2:14.94,Eleanor McElwee,,La Verne Invitational
Chapman University,85,200 Im,7,2:15.37,Lilah Secher,,SCIAC Championships
Chapman University,85,200 Im,8,2:15.62,Bella Ortiz,,SCIAC Championships
Chapman University,85,200 Im,9,2:16.59,Abby Sellman,,SCIAC Championships
Chapman University,85,200 Im,10,2:17.54,Elise Kittleson,,Chapman vs La Verne
Chapman University,85,400 Im,1,4:41.35,Maizie Stricker,,SCIAC Championships
Chapman University,85,400 Im,2,4:43.99,Eleanor McElwee,,SCIAC Championships
Chapman University,85,400 Im,3,4:45.07,Lilah Secher,,La Verne Invitational
Chapman University,85,400 Im,4,4:51.39,Abby Sellman,,La Verne Invitational
Chapman University,85,400 Im,5,4:52.87,Hadley Larson,,La Verne Invitational
Chapman University,85,400 Im,6,4:57.30,Jane Hanson,,La Verne Invitational
Chapman University,85,400 Im,7,5:00.82,Mati Dixon,,Chapman vs. Occidental vs. Concordia
Chapman University,85,50 Free,1,23.74,Alyssa Kooy,,SCIAC Championships
Chapman University,85,50 Free,2,24.23,Tatum Chambers,,SCIAC Championships
Chapman University,85,50 Free,3,24.55,Elise Kittleson,,La Verne Invitational
Chapman University,85,50 Free,4,24.71,Megan Lei,,SCIAC Championships
Chapman University,85,50 Free,5,25.05,Miranda Thompson,,SCIAC Championships
Chapman University,85,50 Free,6,25.15,Margo Barclay,,La Verne Invitational
Chapman University,85,50 Free,7,25.26,Maizie Stricker,,SCIAC Championships
Chapman University,85,50 Free,8,25.27,Elena Warner,,La Verne Invitational
Chapman University,85,50 Free,9,25.37,Bella Williams,,La Verne Invitational
Chapman University,85,50 Free,10,25.47,Kalla Pellettieri,,SCIAC Championships
Chapman University,85,500 Free,1,5:11.52,Annika Mittelsteadt,,SCIAC Championships
Chapman University,85,500 Free,2,5:19.64,Jane Hanson,,La Verne Invitational
Chapman University,85,500 Free,3,5:19.81,Elise Kittleson,,SCIAC Championships
Chapman University,85,500 Free,4,5:20.25,Jenna Kimborowicz,,Caltech vs. Pomona-Pitzer vs. Chapman
Chapman University,85,500 Free,5,5:22.22,Alexis Anderson,,SCIAC Championships
Chapman University,85,500 Free,6,5:22.87,Clara Van Note,,SCIAC Championships
Chapman University,85,500 Free,7,5:23.70,Maizie Stricker,,Caltech vs. Pomona-Pitzer vs. Chapman
Chapman University,85,500 Free,8,5:28.42,Cora Buelow,,Chapman vs La Verne
Chapman University,85,500 Free,9,5:29.22,Audrey Brown,,SCIAC Championships
Chapman University,85,500 Free,10,5:30.88,Sara Talmaci,,La Verne Invitational
Claremont McKenna-Harvey Mudd-Scripps Colleges,261,100 Back,1,57.27,Annika Sharma,,SCIAC Championships
Claremont McKenna-Harvey Mudd-Scripps Colleges,261,100 Back,2,58.07,Nika Makhervaks,,SCIAC Championships
Claremont McKenna-Harvey Mudd-Scripps Colleges,261,100 Back,3,58.15,Sun Young Byun,,"LaVerne vs. CLU, CMS"
Claremont McKenna-Harvey Mudd-Scripps Colleges,261,100 Back,4,58.52,Caitlin Kuhlmann,,SCIAC Championships
Claremont McKenna-Harvey Mudd-Scripps Colleges,261,100 Back,5,59.08,Olivia Hoyla,,CMS vs Pomona-Pitzer
Claremont McKenna-Harvey Mudd-Scripps Colleges,261,100 Back,6,1:00.66,Annette Chang,,UC Santa Barbara vs Claremont-Mudd-Scripps
Claremont McKenna-Harvey Mudd-Scripps Colleges,261,100 Back,7,1:02.09,Mackenzie Mayfield,,Occidental vs. CMS
Claremont McKenna-Harvey Mudd-Scripps Colleges,261,100 Back,8,1:02.18,Molly Beetner,,Redlands vs CMS
Claremont McKenna-Harvey Mudd-Scripps Colleges,261,100 Back,9,1:02.58,Kyra Burns,,La Verne Invitational
Claremont McKenna-Harvey Mudd-Scripps Colleges,261,100 Back,10,1:03.05,Debbie Wells,,La Verne Invitational
Claremont McKenna-Harvey Mudd-Scripps Colleges,261,100 Breast,1,1:03.52,Elyse Newlands,,SCIAC Championships
Claremont McKenna-Harvey Mudd-Scripps Colleges,261,100 Breast,2,1:04.72,milan Manfredi,,SCIAC Championships
Claremont McKenna-Harvey Mudd-Scripps Colleges,261,100 Breast,3,1:05.56,Mackenzie Mayfield,,Redlands vs CMS
Claremont McKenna-Harvey Mudd-Scripps Colleges,261,100 Breast,4,1:07.46,Olivia Hoyla,,Pomona-Pitzer Invite
Claremont McKenna-Harvey Mudd-Scripps Colleges,261,100 Breast,5,1:09.10,Allison Nguyen,,CMS vs Pomona-Pitzer
Claremont McKenna-Harvey Mudd-Scripps Colleges,261,100 Breast,6,1:09.58,Molly Beetner,,La Verne Invitational
Claremont McKenna-Harvey Mudd-Scripps Colleges,261,100 Breast,7,1:09.83,Sienna Bone,,Pomona-Pitzer Invite
Claremont McKenna-Harvey Mudd-Scripps Colleges,261,100 Breast,8,1:10.24,Madry Breazeale,,UC Santa Barbara vs Claremont-Mudd-Scripps
Claremont McKenna-Harvey Mudd-Scripps Colleges,261,100 Breast,9,1:11.00,Ally Rudolph,,Pomona-Pitzer Invite
Claremont McKenna-Harvey Mudd-Scripps Colleges,261,100 Breast,10,1:11.46,Revere Schmidt,,"LaVerne vs. CLU, CMS"
Claremont McKenna-Harvey Mudd-Scripps Colleges,261,100 Fly,1,54.22,Sun Young Byun,,SCIAC Championships
Claremont McKenna-Harvey Mudd-Scripps Colleges,261,100 Fly,2,54.30,Madeleine Kan,,SCIAC Championships
Claremont McKenna-Harvey Mudd-Scripps Colleges,261,100 Fly,3,55.46,Mackenzie Mayfield,,UC Santa Barbara vs Claremont-Mudd-Scripps
Claremont McKenna-Harvey Mudd-Scripps Colleges,261,100 Fly,4,57.30,Deanna Wen,,La Verne Invitational
Claremont McKenna-Harvey Mudd-Scripps Colleges,261,100 Fly,5,57.57,Annika Sharma,,La Verne Invitational
Claremont McKenna-Harvey Mudd-Scripps Colleges,261,100 Fly,6,58.19,Elyse Newlands,,La Verne Invitational
Claremont McKenna-Harvey Mudd-Scripps Colleges,261,100 Fly,7,59.17,Praise Okodogbe,,UC Santa Barbara vs Claremont-Mudd-Scripps
Claremont McKenna-Harvey Mudd-Scripps Colleges,261,100 Fly,8,59.76,Olivia Hoyla,,La Verne Invitational
Claremont McKenna-Harvey Mudd-Scripps Colleges,261,100 Fly,9,1:00.20,Aanya Kongettira,,Pomona-Pitzer Invite
Claremont McKenna-Harvey Mudd-Scripps Colleges,261,100 Fly,10,1:01.27,Molly Beetner,,SCIAC Championships
Claremont McKenna-Harvey Mudd-Scripps Colleges,261,100 Free,1,50.49,Madeleine Kan,,SCIAC Championships
Claremont McKenna-Harvey Mudd-Scripps Colleges,261,100 Free,2,51.83,Sun Young Byun,,SCIAC Championships
Claremont McKenna-Harvey Mudd-Scripps Colleges,261,100 Free,3,52.38,Deanna Wen,,CMS vs Pomona-Pitzer
Claremont McKenna-Harvey Mudd-Scripps Colleges,261,100 Free,4,52.63,Annika Sharma,,Redlands vs CMS
Claremont McKenna-Harvey Mudd-Scripps Colleges,261,100 Free,5,52.84,Avalon Sanders,,CMS vs Pomona-Pitzer
Claremont McKenna-Harvey Mudd-Scripps Colleges,261,100 Free,6,53.14,Elyse Newlands,,SCIAC Championships
Claremont McKenna-Harvey Mudd-Scripps Colleges,261,100 Free,7,53.32,Molly Beetner,,CMS vs Pomona-Pitzer
Claremont McKenna-Harvey Mudd-Scripps Colleges,261,100 Free,8,53.55,Annette Chang,,Pomona-Pitzer Invite
Claremont McKenna-Harvey Mudd-Scripps Colleges,261,100 Free,9,54.03,Olivia Hoyla,,UC Santa Barbara vs Claremont-Mudd-Scripps
Claremont McKenna-Harvey Mudd-Scripps Colleges,261,100 Free,10,54.07,Aanya Kongettira,,Pomona-Pitzer Invite
Claremont McKenna-Harvey Mudd-Scripps Colleges,261,1000 Free,1,10:23.59,Katy Shaw,,SCIAC Championships
Claremont McKenna-Harvey Mudd-Scripps Colleges,261,1000 Free,2,10:29.45,Corley Smith,,SCIAC Championships
Claremont McKenna-Harvey Mudd-Scripps Colleges,261,1000 Free,3,10:34.00,Revere Schmidt,,UC Santa Barbara vs Claremont-Mudd-Scripps
Claremont McKenna-Harvey Mudd-Scripps Colleges,261,1000 Free,4,10:38.14,Samantha Wong,,SCIAC Championships
Claremont McKenna-Harvey Mudd-Scripps Colleges,261,1000 Free,5,10:38.42,Avalon Sanders,,UC Santa Barbara vs Claremont-Mudd-Scripps
Claremont McKenna-Harvey Mudd-Scripps Colleges,261,1000 Free,6,10:51.42,Louisa Lungershausen,,CMS vs Pomona-Pitzer
Claremont McKenna-Harvey Mudd-Scripps Colleges,261,1000 Free,7,11:01.95,Kyra Burns,,Redlands vs CMS
Claremont McKenna-Harvey Mudd-Scripps Colleges,261,1650 Free,1,17:08.24,Katy Shaw,,SCIAC Championships
Claremont McKenna-Harvey Mudd-Scripps Colleges,261,1650 Free,2,17:21.29,Corley Smith,,SCIAC Championships
Claremont McKenna-Harvey Mudd-Scripps Colleges,261,1650 Free,3,17:32.03,Revere Schmidt,,UC Santa Barbara vs Claremont-Mudd-Scripps
Claremont McKenna-Harvey Mudd-Scripps Colleges,261,1650 Free,4,17:34.54,Avalon Sanders,,UC Santa Barbara vs Claremont-Mudd-Scripps
Claremont McKenna-Harvey Mudd-Scripps Colleges,261,1650 Free,5,17:37.95,Samantha Wong,,SCIAC Championships
Claremont McKenna-Harvey Mudd-Scripps Colleges,261,1650 Free,6,17:56.39,Louisa Lungershausen,,CMS vs Pomona-Pitzer
Claremont McKenna-Harvey Mudd-Scripps Colleges,261,1650 Free,7,18:26.56,Kyra Burns,,Pomona-Pitzer Invite
Claremont McKenna-Harvey Mudd-Scripps Colleges,261,200 Back,1,2:05.34,Nika Makhervaks,,SCIAC Championships
Claremont McKenna-Harvey Mudd-Scripps Colleges,261,200 Back,2,2:06.34,Caitlin Kuhlmann,,SCIAC Championships
Claremont McKenna-Harvey Mudd-Scripps Colleges,261,200 Back,3,2:06.87,Annika Sharma,,SCIAC Championships
Claremont McKenna-Harvey Mudd-Scripps Colleges,261,200 Back,4,2:07.69,Olivia Hoyla,,SCIAC Championships
Claremont McKenna-Harvey Mudd-Scripps Colleges,261,200 Back,5,2:10.70,Jane Sirotic,,UC Santa Barbara vs Claremont-Mudd-Scripps
Claremont McKenna-Harvey Mudd-Scripps Colleges,261,200 Back,6,2:13.16,Sun Young Byun,,Azusa Pacific vs. C-M-S vs. Biola
Claremont McKenna-Harvey Mudd-Scripps Colleges,261,200 Back,7,2:15.64,Kyra Burns,,"LaVerne vs. CLU, CMS"
Claremont McKenna-Harvey Mudd-Scripps Colleges,261,200 Back,8,2:17.54,Debbie Wells,,Chapman vs. C-M-S vs. Whittier
Claremont McKenna-Harvey Mudd-Scripps Colleges,261,200 Back,9,2:17.91,Cameron Wilson,,Azusa Pacific vs. C-M-S vs. Biola
Claremont McKenna-Harvey Mudd-Scripps Colleges,261,200 Back,10,2:18.46,Annette Chang,,Occidental vs. CMS
Claremont McKenna-Harvey Mudd-Scripps Colleges,261,200 Breast,1,2:19.60,Elyse Newlands,,SCIAC Championships
Claremont McKenna-Harvey Mudd-Scripps Colleges,261,200 Breast,2,2:26.34,milan Manfredi,,SCIAC Championships
Claremont McKenna-Harvey Mudd-Scripps Colleges,261,200 Breast,3,2:26.73,Molly Beetner,,Pomona-Pitzer Invite
Claremont McKenna-Harvey Mudd-Scripps Colleges,261,200 Breast,4,2:26.89,Revere Schmidt,,SCIAC Championships
Claremont McKenna-Harvey Mudd-Scripps Colleges,261,200 Breast,5,2:27.15,Allison Nguyen,,CMS vs Pomona-Pitzer
Claremont McKenna-Harvey Mudd-Scripps Colleges,261,200 Breast,6,2:27.89,Mackenzie Mayfield,,"LaVerne vs. CLU, CMS"
Claremont McKenna-Harvey Mudd-Scripps Colleges,261,200 Breast,7,2:31.06,Sienna Bone,,CMS vs Pomona-Pitzer
Claremont McKenna-Harvey Mudd-Scripps Colleges,261,200 Breast,8,2:32.62,Sun Young Byun,,Azusa Pacific vs. C-M-S vs. Biola
Claremont McKenna-Harvey Mudd-Scripps Colleges,261,200 Breast,9,2:34.93,Louisa Lungershausen,,"LaVerne vs. CLU, CMS"
Claremont McKenna-Harvey Mudd-Scripps Colleges,261,200 Breast,10,2:35.08,Madry Breazeale,,UC Santa Barbara vs Claremont-Mudd-Scripps
Claremont McKenna-Harvey Mudd-Scripps Colleges,261,200 Fly,1,2:01.01,Sun Young Byun,,SCIAC Championships
Claremont McKenna-Harvey Mudd-Scripps Colleges,261,200 Fly,2,2:03.15,Mackenzie Mayfield,,CMS vs Pomona-Pitzer
Claremont McKenna-Harvey Mudd-Scripps Colleges,261,200 Fly,3,2:13.13,Molly Beetner,,CMS vs Pomona-Pitzer
Claremont McKenna-Harvey Mudd-Scripps Colleges,261,200 Fly,4,2:15.55,Annika Sharma,,Chapman vs. C-M-S vs. Whittier
Claremont McKenna-Harvey Mudd-Scripps Colleges,261,200 Fly,5,2:16.55,Revere Schmidt,,Occidental vs. CMS
Claremont McKenna-Harvey Mudd-Scripps Colleges,261,200 Fly,6,2:16.91,Olivia Hoyla,,Azusa Pacific vs. C-M-S vs. Biola
Claremont McKenna-Harvey Mudd-Scripps Colleges,261,200 Fly,7,2:21.70,Aanya Kongettira,,UC Santa Barbara vs Claremont-Mudd-Scripps
Claremont McKenna-Harvey Mudd-Scripps Colleges,261,200 Fly,8,2:21.86,Madry Breazeale,,Redlands vs CMS
Claremont McKenna-Harvey Mudd-Scripps Colleges,261,200 Fly,9,2:22.52,Praise Okodogbe,,"LaVerne vs. CLU, CMS"
Claremont McKenna-Harvey Mudd-Scripps Colleges,261,200 Fly,10,2:25.06,Debbie Wells,,Azusa Pacific vs. C-M-S vs. Biola
Claremont McKenna-Harvey Mudd-Scripps Colleges,261,200 Free,1,1:51.18,Madeleine Kan,,Pomona-Pitzer Invite
Claremont McKenna-Harvey Mudd-Scripps Colleges,261,200 Free,2,1:51.92,Sun Young Byun,,UC Santa Barbara vs Claremont-Mudd-Scripps
Claremont McKenna-Harvey Mudd-Scripps Colleges,261,200 Free,3,1:52.77,Mackenzie Mayfield,,UC Santa Barbara vs Claremont-Mudd-Scripps
Claremont McKenna-Harvey Mudd-Scripps Colleges,261,200 Free,4,1:53.22,Avalon Sanders,,SCIAC Championships
Claremont McKenna-Harvey Mudd-Scripps Colleges,261,200 Free,5,1:53.59,Katy Shaw,,La Verne Invitational
Claremont McKenna-Harvey Mudd-Scripps Colleges,261,200 Free,6,1:54.87,Kyra Burns,,SCIAC Championships
Claremont McKenna-Harvey Mudd-Scripps Colleges,261,200 Free,7,1:55.25,Corley Smith,,SCIAC Championships
Claremont McKenna-Harvey Mudd-Scripps Colleges,261,200 Free,8,1:56.58,Molly Beetner,,SCIAC Championships
Claremont McKenna-Harvey Mudd-Scripps Colleges,261,200 Free,9,1:56.96,Louisa Lungershausen,,UC Santa Barbara vs Claremont-Mudd-Scripps
Claremont McKenna-Harvey Mudd-Scripps Colleges,261,200 Free,10,1:58.37,Allison Nguyen,,Chapman vs. C-M-S vs. Whittier
Claremont McKenna-Harvey Mudd-Scripps Colleges,261,200 Im,1,2:04.44,Elyse Newlands,,SCIAC Championships
Claremont McKenna-Harvey Mudd-Scripps Colleges,261,200 Im,2,2:04.60,Sun Young Byun,,SCIAC Championships
Claremont McKenna-Harvey Mudd-Scripps Colleges,261,200 Im,3,2:04.95,Mackenzie Mayfield,,CMS vs Pomona-Pitzer
Claremont McKenna-Harvey Mudd-Scripps Colleges,261,200 Im,4,2:07.64,Olivia Hoyla,,SCIAC Championships
Claremont McKenna-Harvey Mudd-Scripps Colleges,261,200 Im,5,2:08.31,Molly Beetner,,SCIAC Championships
Claremont McKenna-Harvey Mudd-Scripps Colleges,261,200 Im,6,2:11.89,Allison Nguyen,,CMS vs Pomona-Pitzer
Claremont McKenna-Harvey Mudd-Scripps Colleges,261,200 Im,7,2:13.03,Sienna Bone,,CMS vs Pomona-Pitzer
Claremont McKenna-Harvey Mudd-Scripps Colleges,261,200 Im,8,2:13.28,Revere Schmidt,,CMS vs Pomona-Pitzer
Claremont McKenna-Harvey Mudd-Scripps Colleges,261,200 Im,9,2:14.30,Nika Makhervaks,,Pomona-Pitzer Invite
Claremont McKenna-Harvey Mudd-Scripps Colleges,261,200 Im,10,2:15.82,Caitlin Kuhlmann,,CMS vs Pomona-Pitzer
Claremont McKenna-Harvey Mudd-Scripps Colleges,261,400 Im,1,4:27.50,Mackenzie Mayfield,,Pomona-Pitzer Invite
Claremont McKenna-Harvey Mudd-Scripps Colleges,261,400 Im,2,4:33.80,Olivia Hoyla,,SCIAC Championships
Claremont McKenna-Harvey Mudd-Scripps Colleges,261,400 Im,3,4:35.24,Revere Schmidt,,SCIAC Championships
Claremont McKenna-Harvey Mudd-Scripps Colleges,261,400 Im,4,4:38.32,Molly Beetner,,SCIAC Championships
Claremont McKenna-Harvey Mudd-Scripps Colleges,261,400 Im,5,4:39.80,Samantha Wong,,SCIAC Championships
Claremont McKenna-Harvey Mudd-Scripps Colleges,261,400 Im,6,4:43.19,Caitlin Kuhlmann,,SCIAC Championships
Claremont McKenna-Harvey Mudd-Scripps Colleges,261,400 Im,7,4:44.69,Sienna Bone,,UC Santa Barbara vs Claremont-Mudd-Scripps
Claremont McKenna-Harvey Mudd-Scripps Colleges,261,400 Im,8,4:47.04,Nika Makhervaks,,UC Santa Barbara vs Claremont-Mudd-Scripps
Claremont McKenna-Harvey Mudd-Scripps Colleges,261,400 Im,9,4:47.93,Louisa Lungershausen,,UC Santa Barbara vs Claremont-Mudd-Scripps
Claremont McKenna-Harvey Mudd-Scripps Colleges,261,400 Im,10,5:03.40,Madry Breazeale,,Azusa Pacific vs. C-M-S vs. Biola
Claremont McKenna-Harvey Mudd-Scripps Colleges,261,50 Free,1,23.15,Madeleine Kan,,SCIAC Championships
Claremont McKenna-Harvey Mudd-Scripps Colleges,261,50 Free,2,23.86,Deanna Wen,,CMS vs Pomona-Pitzer
Claremont McKenna-Harvey Mudd-Scripps Colleges,261,50 Free,3,24.26,Annika Sharma,,SCIAC Championships
Claremont McKenna-Harvey Mudd-Scripps Colleges,261,50 Free,4,24.35,Sun Young Byun,,UC Santa Barbara vs Claremont-Mudd-Scripps
Claremont McKenna-Harvey Mudd-Scripps Colleges,261,50 Free,5,24.66,Annette Chang,,Pomona-Pitzer Invite
Claremont McKenna-Harvey Mudd-Scripps Colleges,261,50 Free,6,24.68,Molly Beetner,,Pomona-Pitzer Invite
Claremont McKenna-Harvey Mudd-Scripps Colleges,261,50 Free,7,24.88,Aanya Kongettira,,Pomona-Pitzer Invite
Claremont McKenna-Harvey Mudd-Scripps Colleges,261,50 Free,8,24.95,Ally Rudolph,,SCIAC Championships
Claremont McKenna-Harvey Mudd-Scripps Colleges,261,50 Free,9,24.96,Allison Nguyen,,CMS vs Pomona-Pitzer
Claremont McKenna-Harvey Mudd-Scripps Colleges,261,50 Free,10,25.03,Praise Okodogbe,,UC Santa Barbara vs Claremont-Mudd-Scripps
Claremont McKenna-Harvey Mudd-Scripps Colleges,261,500 Free,1,5:01.95,Corley Smith,,SCIAC Championships
Claremont McKenna-Harvey Mudd-Scripps Colleges,261,500 Free,2,5:02.74,Avalon Sanders,,SCIAC Championships
Claremont McKenna-Harvey Mudd-Scripps Colleges,261,500 Free,3,5:04.31,Katy Shaw,,Redlands vs CMS
Claremont McKenna-Harvey Mudd-Scripps Colleges,261,500 Free,4,5:04.71,Samantha Wong,,SCIAC Championships
Claremont McKenna-Harvey Mudd-Scripps Colleges,261,500 Free,5,5:09.45,Kyra Burns,,SCIAC Championships
Claremont McKenna-Harvey Mudd-Scripps Colleges,261,500 Free,6,5:10.03,Louisa Lungershausen,,CMS vs Pomona-Pitzer
Claremont McKenna-Harvey Mudd-Scripps Colleges,261,500 Free,7,5:14.80,Revere Schmidt,,"LaVerne vs. CLU, CMS"
Claremont McKenna-Harvey Mudd-Scripps Colleges,261,500 Free,8,5:15.95,Allison Nguyen,,Chapman vs. C-M-S vs. Whittier
Claremont McKenna-Harvey Mudd-Scripps Colleges,261,500 Free,9,5:19.76,Jane Sirotic,,SCIAC Championships
Colby College,69,100 Back,1,55.33,Alexis Coates,,NESCAC Womens Championships
Colby College,69,100 Back,2,56.79,Tahlia Crowley,,NESCAC Womens Championships
Colby College,69,100 Back,3,57.61,Zoe Fencil,,"Colby vs Bates, Bowdoin"
Colby College,69,100 Back,4,59.07,Caitlin Lacey,,Maine Collegiate Invite
Colby College,69,100 Back,5,59.67,Lucy Mackey,,Maine Collegiate Invite
Colby College,69,100 Back,6,59.78,Annabelle Mullin,,"Colby vs Bates, Bowdoin"
Colby College,69,100 Back,7,1:00.32,Aria Kapoor,,Maine Collegiate Invite
Colby College,69,100 Back,8,1:00.35,Sarah Michael,,"Colby vs Bates, Bowdoin"
Colby College,69,100 Back,9,1:03.12,Abby Eastman,,"Colby vs Bates, Bowdoin"
Colby College,69,100 Breast,1,1:02.20,Kellen Mottl,,"Colby vs Bates, Bowdoin"
Colby College,69,100 Breast,2,1:05.52,Eliza Marco,,Maine Collegiate Invite
Colby College,69,100 Breast,3,1:05.77,Rhiannon Myhre,,NESCAC Womens Championships
Colby College,69,100 Breast,4,1:08.88,Emma Cheung,,"Colby vs Bates, Bowdoin"
Colby College,69,100 Breast,5,1:09.41,Mary Kate Daniel,,"Colby vs Bates, Bowdoin"
Colby College,69,100 Breast,6,1:09.77,Savannah Lombardi,,Maine Collegiate Invite
Colby College,69,100 Breast,7,1:09.92,Zoe Buzzelli,,Maine Collegiate Invite
Colby College,69,100 Breast,8,1:11.74,Olivia Cauley,,Middlebury vs. Colby
Colby College,69,100 Breast,9,1:17.37,Abby Eastman,,Trinity VS Colby VS Hamilton
Colby College,69,100 Fly,1,55.86,Caitlin Lacey,,NESCAC Womens Championships
Colby College,69,100 Fly,2,56.13,Lexi Asch,,NESCAC Womens Championships
Colby College,69,100 Fly,3,56.79,Aria Kapoor,,NESCAC Womens Championships
Colby College,69,100 Fly,4,57.19,Zoe Antonio,,NESCAC Womens Championships
Colby College,69,100 Fly,5,58.27,Abby Bartolacci,,NESCAC Womens Championships
Colby College,69,100 Fly,6,1:00.73,Mary Kate Daniel,,Maine Collegiate Invite
Colby College,69,100 Fly,7,1:01.39,Anna Coleman,,Wesleyan vs. Colby
Colby College,69,100 Fly,8,1:01.41,Olivia Cauley,,Maine Collegiate Invite
Colby College,69,100 Fly,9,1:02.81,Abby Bauman,,NESCAC Womens Championships
Colby College,69,100 Fly,10,1:06.97,Abby Eastman,,Maine Collegiate Invite
Colby College,69,100 Free,1,51.12,Eliza Marco,,Maine Collegiate Invite
Colby College,69,100 Free,2,51.72,Caitlin Lacey,,NESCAC Womens Championships
Colby College,69,100 Free,3,51.91,Zoe Buzzelli,,NESCAC Womens Championships
Colby College,69,100 Free,4,52.06,Lucy Mackey,,NESCAC Womens Championships
Colby College,69,100 Free,5,52.40,Savannah Lombardi,,NESCAC Womens Championships
Colby College,69,100 Free,6,53.65,Anna Coleman,,NESCAC Womens Championships
Colby College,69,100 Free,7,54.33,Lexi Asch,,Maine Collegiate Invite
Colby College,69,100 Free,8,54.33,Abby Bartolacci,,"Colby vs Bates, Bowdoin"
Colby College,69,100 Free,9,55.23,Mary Kate Daniel,,Maine Collegiate Invite
Colby College,69,100 Free,10,55.49,Emma Cheung,,Wesleyan vs. Colby
Colby College,69,1000 Free,1,10:26.75,Abby Bauman,,"Colby vs Bates, Bowdoin"
Colby College,69,1000 Free,2,10:27.75,Savannah Lombardi,,NESCAC Womens Championships
Colby College,69,1000 Free,3,10:43.03,Iris Freeman,,NESCAC Womens Championships
Colby College,69,1000 Free,4,10:43.04,Carter Meagher,,NESCAC Womens Championships
Colby College,69,1000 Free,5,10:48.47,Aria Kapoor,,Wesleyan vs. Colby
Colby College,69,1000 Free,6,11:13.78,Meagan Englert,,Wesleyan vs. Colby
Colby College,69,1650 Free,1,17:27.72,Abby Bauman,,NESCAC Womens Championships
Colby College,69,1650 Free,2,17:49.58,Savannah Lombardi,,Maine Collegiate Invite
Colby College,69,1650 Free,3,17:51.63,Iris Freeman,,NESCAC Womens Championships
Colby College,69,1650 Free,4,17:58.50,Carter Meagher,,NESCAC Womens Championships
Colby College,69,200 Back,1,2:01.05,Alexis Coates,,NESCAC Womens Championships
Colby College,69,200 Back,2,2:04.60,Zoe Fencil,,"Colby vs Bates, Bowdoin"
Colby College,69,200 Back,3,2:05.91,Annabelle Mullin,,NESCAC Womens Championships
Colby College,69,200 Back,4,2:06.07,Tahlia Crowley,,Maine Collegiate Invite
Colby College,69,200 Back,5,2:09.03,Sarah Michael,,"Colby vs Bates, Bowdoin"
Colby College,69,200 Back,6,2:12.50,Aria Kapoor,,Wesleyan vs. Colby
Colby College,69,200 Back,7,2:16.41,Abby Eastman,,"Colby vs Bates, Bowdoin"
Colby College,69,200 Breast,1,2:18.22,Kellen Mottl,,NESCAC Womens Championships
Colby College,69,200 Breast,2,2:22.28,Rhiannon Myhre,,NESCAC Womens Championships
Colby College,69,200 Breast,3,2:27.56,Mary Kate Daniel,,"Colby vs Bates, Bowdoin"
Colby College,69,200 Breast,4,2:27.57,Olivia Cauley,,NESCAC Womens Championships
Colby College,69,200 Breast,5,2:33.99,Emma Cheung,,"Colby vs Bates, Bowdoin"
Colby College,69,200 Breast,6,2:39.76,Abby Bauman,,Maine Collegiate Invite
Colby College,69,200 Breast,7,2:43.59,Abby Eastman,,Wesleyan vs. Colby
Colby College,69,200 Fly,1,2:05.03,Lexi Asch,,"Colby vs Bates, Bowdoin"
Colby College,69,200 Fly,2,2:05.51,Aria Kapoor,,NESCAC Womens Championships
Colby College,69,200 Fly,3,2:07.32,Zoe Antonio,,NESCAC Womens Championships
Colby College,69,200 Fly,4,2:10.62,Abby Bartolacci,,NESCAC Womens Championships
Colby College,69,200 Fly,5,2:12.36,Olivia Cauley,,"Colby vs Bates, Bowdoin"
Colby College,69,200 Fly,6,2:17.51,Mary Kate Daniel,,Maine Collegiate Invite
Colby College,69,200 Fly,7,2:19.08,Abby Bauman,,Colby vs. Worcester Polytechnic Institute
Colby College,69,200 Free,1,1:52.55,Savannah Lombardi,,NESCAC Womens Championships
Colby College,69,200 Free,2,1:53.03,Zoe Buzzelli,,NESCAC Womens Championships
Colby College,69,200 Free,3,1:54.53,Eliza Marco,,Maine Collegiate Invite
Colby College,69,200 Free,4,1:54.85,Lucy Mackey,,NESCAC Womens Championships
Colby College,69,200 Free,5,1:56.54,Anna Coleman,,"Colby vs Bates, Bowdoin"
Colby College,69,200 Free,6,1:57.90,Abby Bauman,,"Colby vs Bates, Bowdoin"
Colby College,69,200 Free,7,1:58.33,Caitlin Lacey,,Wesleyan vs. Colby
Colby College,69,200 Free,8,1:58.72,Iris Freeman,,Maine Collegiate Invite
Colby College,69,200 Free,9,1:59.82,Aria Kapoor,,Colby vs. Worcester Polytechnic Institute
Colby College,69,200 Free,10,2:01.02,Abby Bartolacci,,Colby vs. Worcester Polytechnic Institute
Colby College,69,200 Im,1,2:06.96,Caitlin Lacey,,NESCAC Womens Championships
Colby College,69,200 Im,2,2:10.41,Lexi Asch,,Maine Collegiate Invite
Colby College,69,200 Im,3,2:10.57,Eliza Marco,,Wesleyan vs. Colby
Colby College,69,200 Im,4,2:10.70,Abby Bartolacci,,Maine Collegiate Invite
Colby College,69,200 Im,5,2:10.83,Olivia Cauley,,Maine Collegiate Invite
Colby College,69,200 Im,6,2:12.02,Zoe Antonio,,Maine Collegiate Invite
Colby College,69,200 Im,7,2:12.31,Mary Kate Daniel,,"Colby vs Bates, Bowdoin"
Colby College,69,200 Im,8,2:12.34,Zoe Buzzelli,,Wesleyan vs. Colby
Colby College,69,200 Im,9,2:12.59,Abby Bauman,,NESCAC Womens Championships
Colby College,69,200 Im,10,2:14.90,Annabelle Mullin,,NESCAC Womens Championships
Colby College,69,400 Im,1,4:36.89,Abby Bauman,,NESCAC Womens Championships
Colby College,69,400 Im,2,4:44.01,Olivia Cauley,,Maine Collegiate Invite
Colby College,69,400 Im,3,4:56.63,Zoe Antonio,,Colby v Conn College
Colby College,69,400 Im,4,5:00.80,Meagan Englert,,Colby v Conn College
Colby College,69,400 Im,5,5:07.28,Abby Eastman,,Maine Collegiate Invite
Colby College,69,50 Free,1,23.30,Eliza Marco,,"Colby vs Bates, Bowdoin"
Colby College,69,50 Free,2,23.85,Lucy Mackey,,NESCAC Womens Championships
Colby College,69,50 Free,3,23.89,Caitlin Lacey,,NESCAC Womens Championships
Colby College,69,50 Free,4,24.02,Alexis Coates,,NESCAC Womens Championships
Colby College,69,50 Free,5,24.07,Zoe Buzzelli,,NESCAC Womens Championships
Colby College,69,50 Free,6,24.38,Anna Coleman,,NESCAC Womens Championships
Colby College,69,50 Free,7,24.46,Tahlia Crowley,,Wesleyan vs. Colby
Colby College,69,50 Free,8,24.58,Lexi Asch,,Maine Collegiate Invite
Colby College,69,50 Free,9,24.62,Savannah Lombardi,,Maine Collegiate Invite
Colby College,69,50 Free,10,24.79,Aria Kapoor,,Maine Collegiate Invite
Colby College,69,500 Free,1,4:59.75,Savannah Lombardi,,NESCAC Womens Championships
Colby College,69,500 Free,2,5:10.79,Iris Freeman,,"Colby vs Bates, Bowdoin"
Colby College,69,500 Free,3,5:11.12,Abby Bauman,,Maine Collegiate Invite
Colby College,69,500 Free,4,5:12.11,Zoe Buzzelli,,Maine Collegiate Invite
Colby College,69,500 Free,5,5:18.09,Aria Kapoor,,Colby vs. Worcester Polytechnic Institute
Colby College,69,500 Free,6,5:18.48,Carter Meagher,,NESCAC Womens Championships
Colby College,69,500 Free,7,5:23.75,Meagan Englert,,"Colby vs Bates, Bowdoin"
Colby College,69,500 Free,8,5:28.45,Kellen Mottl,,Wesleyan vs. Colby
"College of New Jersey, The",52,100 Back,1,59.35,Bridget Cleveland,,New Jersey Athletic Conference Championship
"College of New Jersey, The",52,100 Back,2,59.55,Shaye Bundonis,,New Jersey Athletic Conference Championship
"College of New Jersey, The",52,100 Back,3,1:02.19,Shayna Jaroslaw,,New Jersey Athletic Conference Championship
"College of New Jersey, The",52,100 Back,4,1:03.98,Sofia Hall,,TCNJ Invitational
"College of New Jersey, The",52,100 Back,5,1:04.64,Sarah Mandy,,TCNJ Invitational
"College of New Jersey, The",52,100 Back,6,1:05.12,Lilliana Kuball,,USMMA Memorial Invite
"College of New Jersey, The",52,100 Back,7,1:07.37,Mary Kate Owens,,USMMA Memorial Invite
"College of New Jersey, The",52,100 Back,8,1:07.51,Emma Vindigni,,USMMA Memorial Invite
"College of New Jersey, The",52,100 Back,9,1:07.89,Tori Volm,,New Jersey Athletic Conference Championship
"College of New Jersey, The",52,100 Back,10,1:08.28,Campbell Wall,,New Jersey Athletic Conference Championship
"College of New Jersey, The",52,100 Breast,1,1:09.04,Lilliana Kuball,,TCNJ Invitational
"College of New Jersey, The",52,100 Breast,2,1:09.42,Katelyn Gaulin,,New Jersey Athletic Conference Championship
"College of New Jersey, The",52,100 Breast,3,1:14.22,Emma Vindigni,,TCNJ Invitational
"College of New Jersey, The",52,100 Breast,4,1:14.61,Kate Barone,,TCNJ vs Kean
"College of New Jersey, The",52,100 Breast,5,1:16.04,Sarah Mandy,,The College of New Jersey vs. Rowan
"College of New Jersey, The",52,100 Breast,6,1:16.71,Shaye Bundonis,,USMMA Memorial Invite
"College of New Jersey, The",52,100 Breast,7,1:21.50,Jillian Kenney,,TCNJ Invitational
"College of New Jersey, The",52,100 Breast,8,1:22.91,Mary Kate Owens,,USMMA Memorial Invite
"College of New Jersey, The",52,100 Breast,9,1:24.23,Gaby DeGrazio,,Ramapo vs. TCNJ
"College of New Jersey, The",52,100 Breast,10,1:28.11,Shayna Jaroslaw,,USMMA Memorial Invite
"College of New Jersey, The",52,100 Fly,1,59.56,Shaye Bundonis,,New Jersey Athletic Conference Championship
"College of New Jersey, The",52,100 Fly,2,1:00.02,Sofia Hall,,New Jersey Athletic Conference Championship
"College of New Jersey, The",52,100 Fly,3,1:02.29,Sarah Mandy,,TCNJ Invitational
"College of New Jersey, The",52,100 Fly,4,1:02.78,Shayna Jaroslaw,,New Jersey Athletic Conference Championship
"College of New Jersey, The",52,100 Fly,5,1:03.00,Bridget Cleveland,,Monmouth vs. TCNJ
"College of New Jersey, The",52,100 Fly,6,1:03.82,Katherine Mazzacco,,Monmouth vs. TCNJ
"College of New Jersey, The",52,100 Fly,7,1:05.00,Lilliana Kuball,,USMMA Memorial Invite
"College of New Jersey, The",52,100 Fly,8,1:05.20,Tori Volm,,New Jersey Athletic Conference Championship
"College of New Jersey, The",52,100 Fly,9,1:05.55,Maya Randall,,New Jersey Athletic Conference Championship
"College of New Jersey, The",52,100 Fly,10,1:06.71,Emma Zakutney,,TCNJ Invitational
"College of New Jersey, The",52,100 Free,1,53.16,Bridget Cleveland,,New Jersey Athletic Conference Championship
"College of New Jersey, The",52,100 Free,2,54.09,Katherine Mazzacco,,New Jersey Athletic Conference Championship
"College of New Jersey, The",52,100 Free,3,54.80,Mary Kate Owens,,New Jersey Athletic Conference Championship
"College of New Jersey, The",52,100 Free,4,54.81,Lilliana Kuball,,TCNJ Invitational
"College of New Jersey, The",52,100 Free,5,55.71,Sarah Mandy,,TCNJ Invitational
"College of New Jersey, The",52,100 Free,6,55.75,Emma Zakutney,,New Jersey Athletic Conference Championship
"College of New Jersey, The",52,100 Free,7,56.42,Shaye Bundonis,,TCNJ vs Montclair
"College of New Jersey, The",52,100 Free,8,56.54,Emma Vindigni,,New Jersey Athletic Conference Championship
"College of New Jersey, The",52,100 Free,9,58.27,Sofia Hall,,TCNJ Invitational
"College of New Jersey, The",52,100 Free,10,58.97,Maya Randall,,New Jersey Athletic Conference Championship
"College of New Jersey, The",52,1000 Free,1,10:47.53,Sarah Mandy,,New Jersey Athletic Conference Championship
"College of New Jersey, The",52,1000 Free,2,11:04.26,Katherine Mazzacco,,TCNJ vs Montclair
"College of New Jersey, The",52,1000 Free,3,11:07.49,Bella Patti,,TCNJ Invitational
"College of New Jersey, The",52,1000 Free,4,11:30.34,Caroline Gemelli,,New Jersey Athletic Conference Championship
"College of New Jersey, The",52,1000 Free,5,12:05.13,Katelyn Gaulin,,Ramapo vs. TCNJ
"College of New Jersey, The",52,1650 Free,1,17:46.74,Sarah Mandy,,TCNJ Invitational
"College of New Jersey, The",52,1650 Free,2,18:25.08,Bella Patti,,TCNJ Invitational
"College of New Jersey, The",52,1650 Free,3,18:48.30,Katherine Mazzacco,,TCNJ Invitational
"College of New Jersey, The",52,1650 Free,4,18:59.73,Caroline Gemelli,,New Jersey Athletic Conference Championship
"College of New Jersey, The",52,200 Back,1,2:08.63,Bridget Cleveland,,New Jersey Athletic Conference Championship
"College of New Jersey, The",52,200 Back,2,2:11.04,Shaye Bundonis,,New Jersey Athletic Conference Championship
"College of New Jersey, The",52,200 Back,3,2:15.54,Shayna Jaroslaw,,New Jersey Athletic Conference Championship
"College of New Jersey, The",52,200 Back,4,2:19.49,Sofia Hall,,TCNJ Invitational
"College of New Jersey, The",52,200 Back,5,2:22.47,Mary Kate Owens,,Ramapo vs. TCNJ
"College of New Jersey, The",52,200 Back,6,2:31.28,Caroline Gemelli,,TCNJ vs Montclair
"College of New Jersey, The",52,200 Back,7,2:42.61,Jillian Kenney,,TCNJ vs Montclair
"College of New Jersey, The",52,200 Breast,1,2:27.98,Katelyn Gaulin,,New Jersey Athletic Conference Championship
"College of New Jersey, The",52,200 Breast,2,2:31.36,Kate Barone,,New Jersey Athletic Conference Championship
"College of New Jersey, The",52,200 Breast,3,2:33.21,Lilliana Kuball,,TCNJ vs Montclair
"College of New Jersey, The",52,200 Breast,4,2:41.02,Sarah Mandy,,Monmouth vs. TCNJ
"College of New Jersey, The",52,200 Breast,5,2:47.11,Emma Vindigni,,TCNJ vs Kean
"College of New Jersey, The",52,200 Breast,6,3:05.56,Jillian Kenney,,USMMA Memorial Invite
"College of New Jersey, The",52,200 Breast,7,3:12.75,Campbell Wall,,USMMA Memorial Invite
"College of New Jersey, The",52,200 Fly,1,2:21.66,Katherine Mazzacco,,The College of New Jersey vs. Rowan
"College of New Jersey, The",52,200 Fly,2,2:22.46,Tori Volm,,TCNJ Invitational
"College of New Jersey, The",52,200 Fly,3,2:27.99,Shayna Jaroslaw,,TCNJ vs Kean
"College of New Jersey, The",52,200 Fly,4,2:31.97,Emma Zakutney,,The College of New Jersey vs. Rowan
"College of New Jersey, The",52,200 Fly,5,2:34.52,Sofia Hall,,TCNJ vs. Salisbury
"College of New Jersey, The",52,200 Fly,6,2:38.06,Gaby DeGrazio,,TCNJ Invitational
"College of New Jersey, The",52,200 Fly,7,2:40.17,Katelyn Gaulin,,USMMA Memorial Invite
"College of New Jersey, The",52,200 Fly,8,2:42.62,Maya Randall,,TCNJ vs Kean
"College of New Jersey, The",52,200 Fly,9,2:56.22,Jillian Kenney,,TCNJ vs Montclair
"College of New Jersey, The",52,200 Free,1,1:55.42,Bridget Cleveland,,New Jersey Athletic Conference Championship
"College of New Jersey, The",52,200 Free,2,1:57.10,Katherine Mazzacco,,New Jersey Athletic Conference Championship
"College of New Jersey, The",52,200 Free,3,1:59.33,Lilliana Kuball,,New Jersey Athletic Conference Championship
"College of New Jersey, The",52,200 Free,4,1:59.81,Mary Kate Owens,,New Jersey Athletic Conference Championship
"College of New Jersey, The",52,200 Free,5,2:01.67,Sarah Mandy,,TCNJ Invitational
"College of New Jersey, The",52,200 Free,6,2:01.91,Emma Vindigni,,New Jersey Athletic Conference Championship
"College of New Jersey, The",52,200 Free,7,2:02.01,Bella Patti,,New Jersey Athletic Conference Championship
"College of New Jersey, The",52,200 Free,8,2:07.38,Caroline Gemelli,,New Jersey Athletic Conference Championship
"College of New Jersey, The",52,200 Free,9,2:07.73,Kate Barone,,Ramapo vs. TCNJ
"College of New Jersey, The",52,200 Free,10,2:08.59,Katelyn Gaulin,,TCNJ Invitational
"College of New Jersey, The",52,200 Im,1,2:12.59,Lilliana Kuball,,TCNJ Invitational
"College of New Jersey, The",52,200 Im,2,2:18.25,Shaye Bundonis,,TCNJ Invitational
"College of New Jersey, The",52,200 Im,3,2:18.89,Sarah Mandy,,Monmouth vs. TCNJ
"College of New Jersey, The",52,200 Im,4,2:19.59,Katelyn Gaulin,,TCNJ Invitational
"College of New Jersey, The",52,200 Im,5,2:21.27,Katherine Mazzacco,,USMMA Memorial Invite
"College of New Jersey, The",52,200 Im,6,2:22.08,Kate Barone,,New Jersey Athletic Conference Championship
"College of New Jersey, The",52,200 Im,7,2:24.30,Bella Patti,,TCNJ Invitational
"College of New Jersey, The",52,200 Im,8,2:24.35,Mary Kate Owens,,Ramapo vs. TCNJ
"College of New Jersey, The",52,200 Im,9,2:25.29,Emma Vindigni,,TCNJ Invitational
"College of New Jersey, The",52,200 Im,10,2:27.79,Emma Zakutney,,USMMA Memorial Invite
"College of New Jersey, The",52,400 Im,1,4:44.74,Sarah Mandy,,TCNJ Invitational
"College of New Jersey, The",52,400 Im,2,4:56.35,Kate Barone,,New Jersey Athletic Conference Championship
"College of New Jersey, The",52,400 Im,3,4:57.54,Lilliana Kuball,,The College of New Jersey vs. Rowan
"College of New Jersey, The",52,400 Im,4,4:59.15,Emma Zakutney,,New Jersey Athletic Conference Championship
"College of New Jersey, The",52,400 Im,5,5:21.66,Emma Vindigni,,Monmouth vs. TCNJ
"College of New Jersey, The",52,400 Im,6,5:25.11,Jillian Kenney,,TCNJ Invitational
"College of New Jersey, The",52,400 Im,7,5:32.76,Sofia Hall,,USMMA Memorial Invite
"College of New Jersey, The",52,50 Free,1,24.71,Bridget Cleveland,,New Jersey Athletic Conference Championship
"College of New Jersey, The",52,50 Free,2,25.36,Mary Kate Owens,,New Jersey Athletic Conference Championship
"College of New Jersey, The",52,50 Free,3,25.38,Emma Zakutney,,New Jersey Athletic Conference Championship
"College of New Jersey, The",52,50 Free,4,25.66,Sarah Mandy,,TCNJ Invitational
"College of New Jersey, The",52,50 Free,5,25.74,Lilliana Kuball,,TCNJ Invitational
"College of New Jersey, The",52,50 Free,6,25.92,Katherine Mazzacco,,New Jersey Athletic Conference Championship
"College of New Jersey, The",52,50 Free,7,26.57,Sofia Hall,,TCNJ Invitational
"College of New Jersey, The",52,50 Free,8,26.71,Maya Randall,,TCNJ Invitational
"College of New Jersey, The",52,50 Free,9,26.73,Emma Vindigni,,TCNJ Invitational
"College of New Jersey, The",52,50 Free,10,26.84,Campbell Wall,,TCNJ Invitational
"College of New Jersey, The",52,500 Free,1,5:11.11,Sarah Mandy,,TCNJ Invitational
"College of New Jersey, The",52,500 Free,2,5:16.14,Katherine Mazzacco,,New Jersey Athletic Conference Championship
"College of New Jersey, The",52,500 Free,3,5:20.03,Bella Patti,,New Jersey Athletic Conference Championship
"College of New Jersey, The",52,500 Free,4,5:30.02,Emma Vindigni,,New Jersey Athletic Conference Championship
"College of New Jersey, The",52,500 Free,5,5:30.74,Katelyn Gaulin,,New Jersey Athletic Conference Championship
"College of New Jersey, The",52,500 Free,6,5:32.06,Caroline Gemelli,,New Jersey Athletic Conference Championship
"College of New Jersey, The",52,500 Free,7,5:33.81,Shaye Bundonis,,USMMA Memorial Invite
"College of New Jersey, The",52,500 Free,8,5:47.82,Maya Randall,,TCNJ Invitational
"College of New Jersey, The",52,500 Free,9,5:49.24,Kate Barone,,USMMA Memorial Invite
"College of New Jersey, The",52,500 Free,10,5:51.53,Sofia Hall,,TCNJ Invitational
Colorado College,13,100 Back,1,1:00.02,Livi Woolery,,Centre Invitational
Colorado College,13,100 Back,2,1:00.69,Lucia Chapell,,Southern Collegiate Athletic Conference Championships
Colorado College,13,100 Back,3,1:00.93,Lizzie McWilliams,,Southern Collegiate Athletic Conference Championships
Colorado College,13,100 Back,4,1:02.35,Pilar Pagni,,Southern Collegiate Athletic Conference Championships
Colorado College,13,100 Back,5,1:08.21,Grace Ersfeld-O'Brien,,Adams State vs. Colorado College
Colorado College,13,100 Breast,1,1:06.57,Isabella Cole,,Southern Collegiate Athletic Conference Championships
Colorado College,13,100 Breast,2,1:08.15,Malia Hewitt,,Centre Invitational
Colorado College,13,100 Breast,3,1:08.39,Charlotte Flory,,Southern Collegiate Athletic Conference Championships
Colorado College,13,100 Breast,4,1:13.73,Annie Engstrom,,2026 Colorado College Classic
Colorado College,13,100 Breast,5,1:13.92,Riley Romisher,,Centre Invitational
Colorado College,13,100 Breast,6,1:14.36,Sarah Buchman,,2026 Colorado College Classic
Colorado College,13,100 Breast,7,1:17.96,Maddy Golier,,2026 Colorado College Classic
Colorado College,13,100 Fly,1,58.25,Sarah Buchman,,Southern Collegiate Athletic Conference Championships
Colorado College,13,100 Fly,2,58.40,Alyssa Tunggal,,Southern Collegiate Athletic Conference Championships
Colorado College,13,100 Fly,3,58.74,Megan Simonson,,Southern Collegiate Athletic Conference Championships
Colorado College,13,100 Fly,4,59.89,Lizzie McWilliams,,Southern Collegiate Athletic Conference Championships
Colorado College,13,100 Fly,5,1:00.02,Livi Woolery,,Centre Invitational
Colorado College,13,100 Fly,6,1:01.90,Pilar Pagni,,Southern Collegiate Athletic Conference Championships
Colorado College,13,100 Fly,7,1:02.48,Lucia Chapell,,Southern Collegiate Athletic Conference Championships
Colorado College,13,100 Fly,8,1:03.47,Margaret Rauth,,Southern Collegiate Athletic Conference Championships
Colorado College,13,100 Fly,9,1:05.30,Maddy Golier,,Southern Collegiate Athletic Conference Championships
Colorado College,13,100 Fly,10,1:05.88,Grace Ersfeld-O'Brien,,2026 Colorado College Classic
Colorado College,13,100 Free,1,51.75,Julia Cox,,Southern Collegiate Athletic Conference Championships
Colorado College,13,100 Free,2,52.50,Sarah Buchman,,Southern Collegiate Athletic Conference Championships
Colorado College,13,100 Free,3,53.60,Adeline Turner,,Southern Collegiate Athletic Conference Championships
Colorado College,13,100 Free,4,54.27,Grace Ersfeld-O'Brien,,Southern Collegiate Athletic Conference Championships
Colorado College,13,100 Free,5,54.78,Megan Simonson,,Centre Invitational
Colorado College,13,100 Free,6,54.81,Margaret Rauth,,Southern Collegiate Athletic Conference Championships
Colorado College,13,100 Free,7,55.16,Pilar Pagni,,Southern Collegiate Athletic Conference Championships
Colorado College,13,100 Free,8,56.11,Charlotte Flory,,Centre Invitational
Colorado College,13,100 Free,9,56.12,Kylie Spalt,,Centre Invitational
Colorado College,13,100 Free,10,56.44,Alyssa Tunggal,,2026 Colorado College Classic
Colorado College,13,1000 Free,1,10:36.30,Annie Engstrom,,Colorado Mines vs. Colorado College
Colorado College,13,1000 Free,2,10:58.33,Kylie Spalt,,Centre Invitational
Colorado College,13,1000 Free,3,11:16.51,Alyssa Tunggal,,Chapman vs. Colorado College
Colorado College,13,1000 Free,4,11:37.85,Isabella Cole,,2026 Colorado College Classic
Colorado College,13,1000 Free,5,12:24.73,Maddy Golier,,2026 Colorado College Classic
Colorado College,13,1650 Free,1,17:41.13,Annie Engstrom,,Southern Collegiate Athletic Conference Championships
Colorado College,13,1650 Free,2,18:08.28,Kylie Spalt,,Centre Invitational
Colorado College,13,1650 Free,3,18:39.32,Alyssa Tunggal,,2026 Colorado College Classic
Colorado College,13,1650 Free,4,19:19.20,Isabella Cole,,2026 Colorado College Classic
Colorado College,13,1650 Free,5,20:28.92,Maddy Golier,,2026 Colorado College Classic
Colorado College,13,200 Back,1,2:12.24,Lucia Chapell,,Southern Collegiate Athletic Conference Championships
Colorado College,13,200 Back,2,2:12.52,Kylie Spalt,,Centre Invitational
Colorado College,13,200 Back,3,2:13.08,Lizzie McWilliams,,Southern Collegiate Athletic Conference Championships
Colorado College,13,200 Back,4,2:13.53,Alyssa Tunggal,,2026 Colorado College Classic
Colorado College,13,200 Back,5,2:18.85,Livi Woolery,,2026 Colorado College Classic
Colorado College,13,200 Back,6,2:19.24,Riley Romisher,,Southern Collegiate Athletic Conference Championships
Colorado College,13,200 Back,7,2:24.65,Pilar Pagni,,Chapman vs. Colorado College
Colorado College,13,200 Breast,1,2:25.57,Isabella Cole,,Centre Invitational
Colorado College,13,200 Breast,2,2:29.23,Malia Hewitt,,Centre Invitational
Colorado College,13,200 Breast,3,2:31.32,Charlotte Flory,,Southern Collegiate Athletic Conference Championships
Colorado College,13,200 Breast,4,2:38.55,Riley Romisher,,Centre Invitational
Colorado College,13,200 Fly,1,2:11.32,Alyssa Tunggal,,Southern Collegiate Athletic Conference Championships
Colorado College,13,200 Fly,2,2:20.57,Maddy Golier,,Southern Collegiate Athletic Conference Championships
Colorado College,13,200 Free,1,1:53.63,Julia Cox,,Centre Invitational
Colorado College,13,200 Free,2,1:54.99,Annie Engstrom,,Southern Collegiate Athletic Conference Championships
Colorado College,13,200 Free,3,1:57.28,Adeline Turner,,Southern Collegiate Athletic Conference Championships
Colorado College,13,200 Free,4,1:57.82,Grace Ersfeld-O'Brien,,Southern Collegiate Athletic Conference Championships
Colorado College,13,200 Free,5,2:00.10,Margaret Rauth,,Southern Collegiate Athletic Conference Championships
Colorado College,13,200 Free,6,2:02.17,Sarah Buchman,,Centre Invitational
Colorado College,13,200 Free,7,2:04.15,Alyssa Tunggal,,Colorado Mines vs. Colorado College
Colorado College,13,200 Free,8,2:06.84,Isabella Cole,,Adams State vs. Colorado College
Colorado College,13,200 Im,1,2:14.61,Malia Hewitt,,Centre Invitational
Colorado College,13,200 Im,2,2:15.26,Isabella Cole,,Southern Collegiate Athletic Conference Championships
Colorado College,13,200 Im,3,2:16.80,Charlotte Flory,,Southern Collegiate Athletic Conference Championships
Colorado College,13,200 Im,4,2:17.41,Riley Romisher,,Southern Collegiate Athletic Conference Championships
Colorado College,13,200 Im,5,2:18.54,Maddy Golier,,Southern Collegiate Athletic Conference Championships
Colorado College,13,200 Im,6,2:20.38,Annie Engstrom,,2026 Colorado College Classic
Colorado College,13,200 Im,7,2:29.00,Lucia Chapell,,Colorado College v CSU Pueblo
Colorado College,13,400 Im,1,4:50.47,Riley Romisher,,Southern Collegiate Athletic Conference Championships
Colorado College,13,400 Im,2,4:57.05,Annie Engstrom,,Grinnell College vs CC and Augstana
Colorado College,13,400 Im,3,5:01.26,Maddy Golier,,Southern Collegiate Athletic Conference Championships
Colorado College,13,400 Im,4,5:08.25,Isabella Cole,,2026 Colorado College Classic
Colorado College,13,50 Free,1,23.92,Julia Cox,,Southern Collegiate Athletic Conference Championships
Colorado College,13,50 Free,2,23.95,Megan Simonson,,Southern Collegiate Athletic Conference Championships
Colorado College,13,50 Free,3,24.14,Sarah Buchman,,Southern Collegiate Athletic Conference Championships
Colorado College,13,50 Free,4,24.63,Livi Woolery,,Centre Invitational
Colorado College,13,50 Free,5,24.72,Grace Ersfeld-O'Brien,,Southern Collegiate Athletic Conference Championships
Colorado College,13,50 Free,6,24.75,Lizzie McWilliams,,Centre Invitational
Colorado College,13,50 Free,7,24.95,Adeline Turner,,Southern Collegiate Athletic Conference Championships
Colorado College,13,50 Free,8,25.22,Pilar Pagni,,Southern Collegiate Athletic Conference Championships
Colorado College,13,50 Free,9,25.48,Margaret Rauth,,Southern Collegiate Athletic Conference Championships
Colorado College,13,50 Free,10,25.60,Charlotte Flory,,Centre Invitational
Colorado College,13,500 Free,1,5:05.34,Annie Engstrom,,Southern Collegiate Athletic Conference Championships
Colorado College,13,500 Free,2,5:16.45,Kylie Spalt,,Centre Invitational
Colorado College,13,500 Free,3,5:18.47,Alyssa Tunggal,,Southern Collegiate Athletic Conference Championships
Colorado College,13,500 Free,4,5:20.32,Julia Cox,,2026 Colorado College Classic
Colorado College,13,500 Free,5,5:30.65,Isabella Cole,,Centre Invitational
Colorado College,13,500 Free,6,5:34.68,Adeline Turner,,2026 Colorado College Classic
Connecticut College,74,100 Back,1,56.48,Rosemary Bonadies,,NESCAC Womens Championships
Connecticut College,74,100 Back,2,57.25,Morganne Young,,NESCAC Womens Championships
Connecticut College,74,100 Back,3,58.91,Jenna Charlat,,Conn Amherst CGA
Connecticut College,74,100 Back,4,1:00.79,Campbell Baumgartner,,Connecticut vs. Williams
Connecticut College,74,100 Back,5,1:02.52,Tessa Gordon,,Conn Amherst CGA
Connecticut College,74,100 Back,6,1:02.62,Sophia Carliss,,NESCAC Womens Championships
Connecticut College,74,100 Breast,1,1:06.57,Campbell Baumgartner,,NESCAC Womens Championships
Connecticut College,74,100 Breast,2,1:06.78,Ella Behling,,NESCAC Womens Championships
Connecticut College,74,100 Breast,3,1:07.83,Emma Lent,,NESCAC Womens Championships
Connecticut College,74,100 Breast,4,1:09.82,Lauren Multari,,NESCAC Womens Championships
Connecticut College,74,100 Breast,5,1:09.88,Delaney Brenner,,NESCAC Womens Championships
Connecticut College,74,100 Breast,6,1:10.56,Sada Fleischaker,,NESCAC Womens Championships
Connecticut College,74,100 Fly,1,55.83,Kate Edison,,NESCAC Womens Championships
Connecticut College,74,100 Fly,2,57.65,Morganne Young,,NESCAC Womens Championships
Connecticut College,74,100 Fly,3,58.81,Cassie Toler,,NESCAC Womens Championships
Connecticut College,74,100 Fly,4,59.16,Ava Castillo,,Conn Amherst CGA
Connecticut College,74,100 Fly,5,59.48,Tessa Gordon,,NESCAC Womens Championships
Connecticut College,74,100 Fly,6,1:00.85,Campbell Baumgartner,,NESCAC Womens Championships
Connecticut College,74,100 Fly,7,1:01.94,Jenna Charlat,,Conn Amherst CGA
Connecticut College,74,100 Fly,8,1:02.78,Emma Lent,,NESCAC Womens Championships
Connecticut College,74,100 Fly,9,1:03.99,Elle Yarborough,,NESCAC Womens Championships
Connecticut College,74,100 Fly,10,1:04.38,Kailin Fuller,,Connecticut vs. Williams
Connecticut College,74,100 Free,1,53.46,Kailin Fuller,,NESCAC Womens Championships
Connecticut College,74,100 Free,2,53.54,Hope Lane,,NESCAC Womens Championships
Connecticut College,74,100 Free,3,53.80,Addy Pruce,,NESCAC Womens Championships
Connecticut College,74,100 Free,4,54.38,Kate Edison,,Wesleyan vs. Connecticut College
Connecticut College,74,100 Free,5,54.55,Stephanie Shawaryn,,NESCAC Womens Championships
Connecticut College,74,100 Free,6,54.58,Tessa Gordon,,NESCAC Womens Championships
Connecticut College,74,100 Free,7,54.85,Cassie Toler,,Conn Amherst CGA
Connecticut College,74,100 Free,8,55.10,Delaney Brenner,,NESCAC Womens Championships
Connecticut College,74,100 Free,9,56.27,Kate Doucette,,Colby v Conn College
Connecticut College,74,100 Free,10,56.48,Ava Castillo,,Conn Amherst CGA
Connecticut College,74,1000 Free,1,10:36.43,Chloe Frandsen,,NESCAC Womens Championships
Connecticut College,74,1000 Free,2,10:53.09,Sophia Carliss,,Colby v Conn College
Connecticut College,74,1000 Free,3,10:56.19,Kate Doucette,,NESCAC Womens Championships
Connecticut College,74,1000 Free,4,10:57.94,Lily Werges,,NESCAC Womens Championships
Connecticut College,74,1000 Free,5,11:11.79,Sada Fleischaker,,Conn Amherst CGA
Connecticut College,74,1000 Free,6,11:18.03,Stephanie Shawaryn,,Conn College vs. Wheaton (MA)
Connecticut College,74,1650 Free,1,17:44.40,Chloe Frandsen,,Conn Amherst CGA
Connecticut College,74,1650 Free,2,18:16.24,Sophia Carliss,,NESCAC Womens Championships
Connecticut College,74,1650 Free,3,18:26.12,Kate Doucette,,NESCAC Womens Championships
Connecticut College,74,1650 Free,4,18:38.25,Lily Werges,,NESCAC Womens Championships
Connecticut College,74,1650 Free,5,18:58.05,Stephanie Shawaryn,,Connecticut vs. Williams
Connecticut College,74,1650 Free,6,19:02.57,Sada Fleischaker,,Connecticut vs. Williams
Connecticut College,74,200 Back,1,2:08.79,Rosemary Bonadies,,NESCAC Womens Championships
Connecticut College,74,200 Back,2,2:10.05,Kate Edison,,Wesleyan vs. Connecticut College
Connecticut College,74,200 Back,3,2:12.58,Campbell Baumgartner,,Connecticut vs. Williams
Connecticut College,74,200 Back,4,2:15.03,Sophia Carliss,,Colby v Conn College
Connecticut College,74,200 Back,5,2:15.31,Jenna Charlat,,Conn vs. MIddlebury
Connecticut College,74,200 Back,6,2:26.74,Elle Yarborough,,Conn College vs. Bowdoin
Connecticut College,74,200 Breast,1,2:23.70,Emma Lent,,NESCAC Womens Championships
Connecticut College,74,200 Breast,2,2:26.02,Campbell Baumgartner,,NESCAC Womens Championships
Connecticut College,74,200 Breast,3,2:27.33,Ella Behling,,NESCAC Womens Championships
Connecticut College,74,200 Breast,4,2:31.91,Sada Fleischaker,,NESCAC Womens Championships
Connecticut College,74,200 Breast,5,2:35.88,Lauren Multari,,Colby v Conn College
Connecticut College,74,200 Breast,6,2:37.39,Delaney Brenner,,Conn Amherst CGA
Connecticut College,74,200 Fly,1,2:03.80,Kate Edison,,NESCAC Womens Championships
Connecticut College,74,200 Fly,2,2:11.68,Cassie Toler,,NESCAC Womens Championships
Connecticut College,74,200 Fly,3,2:13.05,Tessa Gordon,,Conn Amherst CGA
Connecticut College,74,200 Fly,4,2:14.46,Elle Yarborough,,Conn Amherst CGA
Connecticut College,74,200 Fly,5,2:15.79,Lauren Multari,,Colby v Conn College
Connecticut College,74,200 Fly,6,2:16.28,Ava Castillo,,Conn Amherst CGA
Connecticut College,74,200 Free,1,1:51.80,Kate Edison,,NESCAC Womens Championships
Connecticut College,74,200 Free,2,1:56.82,Addy Pruce,,Colby v Conn College
Connecticut College,74,200 Free,3,1:58.30,Hope Lane,,NESCAC Womens Championships
Connecticut College,74,200 Free,4,1:58.55,Chloe Frandsen,,NESCAC Womens Championships
Connecticut College,74,200 Free,5,1:59.81,Stephanie Shawaryn,,NESCAC Womens Championships
Connecticut College,74,200 Free,6,2:00.39,Kate Doucette,,NESCAC Womens Championships
Connecticut College,74,200 Free,7,2:01.44,Sophia Carliss,,Conn Amherst CGA
Connecticut College,74,200 Free,8,2:01.73,Cassie Toler,,Colby v Conn College
Connecticut College,74,200 Free,9,2:03.52,Lauren Multari,,Wesleyan vs. Connecticut College
Connecticut College,74,200 Free,10,2:05.65,Abby Bertolette,,Conn Amherst CGA
Connecticut College,74,200 Im,1,2:10.35,Cassie Toler,,NESCAC Womens Championships
Connecticut College,74,200 Im,2,2:12.01,Campbell Baumgartner,,Conn Amherst CGA
Connecticut College,74,200 Im,3,2:12.82,Emma Lent,,NESCAC Womens Championships
Connecticut College,74,200 Im,4,2:13.22,Tessa Gordon,,Conn Amherst CGA
Connecticut College,74,200 Im,5,2:14.31,Elle Yarborough,,Conn Amherst CGA
Connecticut College,74,200 Im,6,2:15.80,Lauren Multari,,NESCAC Womens Championships
Connecticut College,74,200 Im,7,2:16.70,Morganne Young,,Connecticut vs. Williams
Connecticut College,74,200 Im,8,2:21.90,Ella Behling,,Conn College vs. Wheaton (MA)
Connecticut College,74,400 Im,1,4:35.85,Campbell Baumgartner,,NESCAC Womens Championships
Connecticut College,74,400 Im,2,4:36.51,Jenna Charlat,,Conn Amherst CGA
Connecticut College,74,400 Im,3,4:38.88,Emma Lent,,NESCAC Womens Championships
Connecticut College,74,400 Im,4,4:44.25,Elle Yarborough,,NESCAC Womens Championships
Connecticut College,74,400 Im,5,4:55.38,Sada Fleischaker,,Conn Amherst CGA
Connecticut College,74,50 Free,1,24.06,Kailin Fuller,,NESCAC Womens Championships
Connecticut College,74,50 Free,2,24.71,Delaney Brenner,,NESCAC Womens Championships
Connecticut College,74,50 Free,3,25.10,Addy Pruce,,NESCAC Womens Championships
Connecticut College,74,50 Free,4,25.11,Hope Lane,,NESCAC Womens Championships
Connecticut College,74,50 Free,5,25.58,Ava Castillo,,Conn Amherst CGA
Connecticut College,74,50 Free,6,25.67,Rosemary Bonadies,,Colby v Conn College
Connecticut College,74,50 Free,7,25.86,Abby Bertolette,,NESCAC Womens Championships
Connecticut College,74,50 Free,8,25.92,Campbell Baumgartner,,Connecticut vs. Williams
Connecticut College,74,50 Free,9,26.03,Tessa Gordon,,NESCAC Womens Championships
Connecticut College,74,50 Free,10,26.11,Kate Doucette,,Colby v Conn College
Connecticut College,74,500 Free,1,5:02.10,Kate Edison,,NESCAC Womens Championships
Connecticut College,74,500 Free,2,5:14.02,Sophia Carliss,,NESCAC Womens Championships
Connecticut College,74,500 Free,3,5:14.18,Chloe Frandsen,,Conn Amherst CGA
Connecticut College,74,500 Free,4,5:19.89,Kate Doucette,,NESCAC Womens Championships
Connecticut College,74,500 Free,5,5:21.83,Stephanie Shawaryn,,NESCAC Womens Championships
Connecticut College,74,500 Free,6,5:22.43,Lily Werges,,NESCAC Womens Championships
Connecticut College,74,500 Free,7,5:30.81,Sada Fleischaker,,Colby v Conn College
Connecticut College,74,500 Free,8,5:33.79,Hope Lane,,Conn College vs. Wheaton (MA)
Connecticut College,74,500 Free,9,5:47.89,Natalie Rassiger,,NESCAC Womens Championships
Denison University,118,100 Back,1,55.04,Jasmine Park,,Denison Invitational
Denison University,118,100 Back,2,55.94,Avery Anderson,,North Coast Athletic Conference Championships
Denison University,118,100 Back,3,56.12,Caroline Ramirez,,North Coast Athletic Conference Championships
Denison University,118,100 Back,4,56.54,Hailey Kaminski,,North Coast Athletic Conference Championships
Denison University,118,100 Back,5,58.41,Rinka Yoshida,,Oakland vs. Denison vs. Miami-OH
Denison University,118,100 Back,6,58.44,Phoebe Ferguson,,Kenyon College Fast Chance Invitational
Denison University,118,100 Back,7,59.50,Erika Schraber,,Oakland vs. Denison vs. Miami-OH
Denison University,118,100 Back,8,59.97,Izzy Glover,,Denison Invitational
Denison University,118,100 Back,9,59.99,courtney McKeown,,North Coast Athletic Conference Championships
Denison University,118,100 Back,10,1:03.90,Drue Thielking,,Kenyon College Fast Chance Invitational
Denison University,118,100 Breast,1,1:02.10,Riley Tofflemire,,North Coast Athletic Conference Championships
Denison University,118,100 Breast,2,1:02.14,Gwen Bakker,,North Coast Athletic Conference Championships
Denison University,118,100 Breast,3,1:02.29,Drue Thielking,,Denison Invitational
Denison University,118,100 Breast,4,1:03.48,Audrey Brink,,North Coast Athletic Conference Championships
Denison University,118,100 Breast,5,1:04.77,Sofia Keller,,Denison Invitational
Denison University,118,100 Breast,6,1:09.35,Kacey Collis,,Oakland vs. Denison vs. Miami-OH
Denison University,118,100 Fly,1,55.37,Phoebe Ferguson,,Denison Invitational
Denison University,118,100 Fly,2,55.38,Jasmine Park,,North Coast Athletic Conference Championships
Denison University,118,100 Fly,3,55.87,Emily Harris,,Michigan vs. Denison
Denison University,118,100 Fly,4,57.00,courtney McKeown,,Denison Invitational
Denison University,118,100 Fly,5,57.58,Olivia Morse,,Kenyon College Fast Chance Invitational
Denison University,118,100 Fly,6,57.91,Caroline Cavalier,,North Coast Athletic Conference Championships
Denison University,118,100 Fly,7,58.59,Kayla Tehrani,,Michigan vs. Denison
Denison University,118,100 Fly,8,58.70,Hailey Kaminski,,Kenyon College Fast Chance Invitational
Denison University,118,100 Fly,9,58.89,Maddie Schaefer,,Denison Invitational
Denison University,118,100 Fly,10,59.29,Caroline Ramirez,,Kenyon College Fast Chance Invitational
Denison University,118,100 Free,1,50.66,Olivia Morse,,Denison Invitational
Denison University,118,100 Free,2,51.22,Emily Harris,,Oakland vs. Denison vs. Miami-OH
Denison University,118,100 Free,3,51.24,Hailey Kaminski,,North Coast Athletic Conference Championships
Denison University,118,100 Free,4,51.86,Phoebe Ferguson,,Denison Invitational
Denison University,118,100 Free,5,51.98,Izzy Glover,,North Coast Athletic Conference Championships
Denison University,118,100 Free,6,52.46,Maddie Schaefer,,Kenyon College First Chance Invitational
Denison University,118,100 Free,7,52.55,Reilly O'Hara,,Oakland vs. Denison vs. Miami-OH
Denison University,118,100 Free,8,52.75,Caroline Ramirez,,Oakland vs. Denison vs. Miami-OH
Denison University,118,100 Free,9,53.00,Avery Anderson,,Denison vs. Ohio Wesleyan
Denison University,118,100 Free,10,53.06,Quinn Brown,,Denison vs. Ohio Wesleyan
Denison University,118,1000 Free,1,10:09.38,Quinn Brown,,Michigan vs. Denison
Denison University,118,1000 Free,2,10:27.15,Reilly O'Hara,,Denison Invitational
Denison University,118,1000 Free,3,10:38.18,Jena Lawlor,,Kenyon College Fast Chance Invitational
Denison University,118,1000 Free,4,10:39.76,Anna Kuhel,,Denison vs. Ohio Wesleyan
Denison University,118,1000 Free,5,10:43.59,Lucy HARDART,,Denison vs. Ohio Wesleyan
Denison University,118,1650 Free,1,16:55.14,Quinn Brown,,Denison Invitational
Denison University,118,1650 Free,2,17:16.89,Reilly O'Hara,,Denison Invitational
Denison University,118,1650 Free,3,17:38.64,Jena Lawlor,,North Coast Athletic Conference Championships
Denison University,118,1650 Free,4,18:01.23,Anna Kuhel,,North Coast Athletic Conference Championships
Denison University,118,1650 Free,5,18:02.60,Lucy HARDART,,Denison Invitational
Denison University,118,200 Back,1,2:00.44,Caroline Ramirez,,North Coast Athletic Conference Championships
Denison University,118,200 Back,2,2:00.61,Avery Anderson,,Kenyon College First Chance Invitational
Denison University,118,200 Back,3,2:02.09,Jasmine Park,,North Coast Athletic Conference Championships
Denison University,118,200 Back,4,2:02.89,courtney McKeown,,Denison Invitational
Denison University,118,200 Back,5,2:07.48,Hailey Kaminski,,Denison Invitational
Denison University,118,200 Back,6,2:07.63,Quinn Brown,,Kenyon College Fast Chance Invitational
Denison University,118,200 Back,7,2:09.06,Erika Schraber,,Carnegie Mellon vs. Denison
Denison University,118,200 Back,8,2:09.66,Rinka Yoshida,,Oakland vs. Denison vs. Miami-OH
Denison University,118,200 Back,9,2:16.71,Jena Lawlor,,Denison vs. Xavier
Denison University,118,200 Breast,1,2:13.84,Drue Thielking,,Denison Invitational
Denison University,118,200 Breast,2,2:16.50,Gwen Bakker,,North Coast Athletic Conference Championships
Denison University,118,200 Breast,3,2:17.27,Audrey Brink,,Denison Invitational
Denison University,118,200 Breast,4,2:21.50,Riley Tofflemire,,North Coast Athletic Conference Championships
Denison University,118,200 Breast,5,2:22.95,Sofia Keller,,Kenyon College Fast Chance Invitational
Denison University,118,200 Breast,6,2:29.03,Jena Lawlor,,JCU vs Dennison
Denison University,118,200 Breast,7,2:36.45,Kacey Collis,,Denison vs. Ohio Wesleyan
Denison University,118,200 Fly,1,2:00.95,Emily Harris,,Oakland vs. Denison vs. Miami-OH
Denison University,118,200 Fly,2,2:06.64,Kayla Tehrani,,North Coast Athletic Conference Championships
Denison University,118,200 Fly,3,2:09.88,Erika Schraber,,Carnegie Mellon vs. Denison
Denison University,118,200 Fly,4,2:11.12,Drue Thielking,,JCU vs Dennison
Denison University,118,200 Fly,5,2:14.48,Caroline Cavalier,,Michigan vs. Denison
Denison University,118,200 Fly,6,2:18.40,Sophia Latini,,Denison vs. Xavier
Denison University,118,200 Free,1,1:48.47,Emily Harris,,North Coast Athletic Conference Championships
Denison University,118,200 Free,2,1:50.29,Quinn Brown,,North Coast Athletic Conference Championships
Denison University,118,200 Free,3,1:50.98,Reilly O'Hara,,Denison Invitational
Denison University,118,200 Free,4,1:52.69,Olivia Morse,,North Coast Athletic Conference Championships
Denison University,118,200 Free,5,1:53.61,Phoebe Ferguson,,Michigan vs. Denison
Denison University,118,200 Free,6,1:54.95,Lucy HARDART,,North Coast Athletic Conference Championships
Denison University,118,200 Free,7,1:55.60,courtney McKeown,,Carnegie Mellon vs. Denison
Denison University,118,200 Free,8,1:55.68,Izzy Glover,,Denison vs. Ohio Wesleyan
Denison University,118,200 Free,9,1:55.78,Avery Anderson,,Denison vs. Ohio Wesleyan
Denison University,118,200 Free,10,1:56.14,Jena Lawlor,,Denison Invitational
Denison University,118,200 Im,1,2:03.28,Emily Harris,,JCU vs Dennison
Denison University,118,200 Im,2,2:03.61,Phoebe Ferguson,,Denison Invitational
Denison University,118,200 Im,3,2:04.10,Drue Thielking,,Denison Invitational
Denison University,118,200 Im,4,2:06.94,courtney McKeown,,Denison Invitational
Denison University,118,200 Im,5,2:11.37,Jena Lawlor,,JCU vs Dennison
Denison University,118,200 Im,6,2:11.69,Kayla Tehrani,,Denison Invitational
Denison University,118,200 Im,7,2:11.88,Erika Schraber,,Denison vs. Ohio Wesleyan
Denison University,118,200 Im,8,2:12.52,Audrey Brink,,Denison Invitational
Denison University,118,200 Im,9,2:14.21,Rinka Yoshida,,Denison Invitational
Denison University,118,200 Im,10,2:14.40,Jasmine Park,,Akron Zips Classic
Denison University,118,400 Im,1,4:20.06,Emily Harris,,Oakland vs. Denison vs. Miami-OH
Denison University,118,400 Im,2,4:27.09,Erika Schraber,,North Coast Athletic Conference Championships
Denison University,118,400 Im,3,4:30.38,Reilly O'Hara,,Kenyon College Fast Chance Invitational
Denison University,118,400 Im,4,4:31.08,Drue Thielking,,Denison vs. Ohio Wesleyan
Denison University,118,400 Im,5,4:36.08,Jena Lawlor,,Oakland vs. Denison vs. Miami-OH
Denison University,118,400 Im,6,4:45.48,Anna Kuhel,,Oakland vs. Denison vs. Miami-OH
Denison University,118,400 Im,7,4:47.94,courtney McKeown,,Denison vs. Ohio Wesleyan
Denison University,118,400 Im,8,4:56.66,Audrey Brink,,Akron Zips Classic
Denison University,118,50 Free,1,23.37,Olivia Morse,,Denison Invitational
Denison University,118,50 Free,2,23.44,Hailey Kaminski,,North Coast Athletic Conference Championships
Denison University,118,50 Free,3,23.58,Izzy Glover,,Denison Invitational
Denison University,118,50 Free,4,23.63,Maddie Schaefer,,Kenyon College Fast Chance Invitational
Denison University,118,50 Free,5,23.65,Caroline Ramirez,,North Coast Athletic Conference Championships
Denison University,118,50 Free,6,23.90,Avery Anderson,,North Coast Athletic Conference Championships
Denison University,118,50 Free,7,24.00,Emily Harris,,Denison Invitational
Denison University,118,50 Free,8,24.10,Phoebe Ferguson,,Kenyon College Fast Chance Invitational
Denison University,118,50 Free,9,24.25,Jasmine Park,,Denison Invitational
Denison University,118,50 Free,10,24.47,Sofia Keller,,North Coast Athletic Conference Championships
Denison University,118,500 Free,1,4:49.89,Emily Harris,,Kenyon College Fast Chance Invitational
Denison University,118,500 Free,2,4:53.65,Quinn Brown,,North Coast Athletic Conference Championships
Denison University,118,500 Free,3,4:58.17,Reilly O'Hara,,Denison Invitational
Denison University,118,500 Free,4,5:03.20,Jena Lawlor,,Kenyon College First Chance Invitational
Denison University,118,500 Free,5,5:04.24,Lucy HARDART,,Kenyon College Fast Chance Invitational
Denison University,118,500 Free,6,5:06.33,Erika Schraber,,Denison Invitational
Denison University,118,500 Free,7,5:12.43,Anna Kuhel,,North Coast Athletic Conference Championships
Denison University,118,500 Free,8,5:18.20,Caroline Cavalier,,Denison Invitational
Denison University,118,500 Free,9,5:18.71,Drue Thielking,,JCU vs Dennison
Drew University,278,100 Back,1,59.10,Ece Onatca,,Landmark Conference Championships
Drew University,278,100 Back,2,1:00.25,Ellis Murray,,Ranger Invitational
Drew University,278,100 Back,3,1:01.70,Molly Loughlin,,Drew Rangers vs Scranton Royal
Drew University,278,100 Breast,1,1:09.79,Sarah Weber,,Drew Rangers vs Scranton Royal
Drew University,278,100 Breast,2,1:11.65,Kaitlyn Zayle,,Ranger Invitational
Drew University,278,100 Breast,3,1:13.91,Morgan Wilson,,Landmark Conference Championships
Drew University,278,100 Breast,4,1:17.48,Natalie Koenn,,Ranger Invitational
Drew University,278,100 Fly,1,58.45,Adriana Scanga,,Ranger Invitational
Drew University,278,100 Fly,2,1:00.46,Ece Onatca,,Ranger Invitational
Drew University,278,100 Fly,3,1:05.08,Ellis Murray,,Drew Rangers vs Scranton Royal
Drew University,278,100 Fly,4,1:07.56,Sarah Weber,,NYU Invitational
Drew University,278,100 Free,1,53.32,Kyra Gorman,,Landmark Conference Championships
Drew University,278,100 Free,2,55.71,Adriana Scanga,,Ranger Invitational
Drew University,278,100 Free,3,56.26,Kaitlyn Zayle,,Ranger Invitational
Drew University,278,100 Free,4,56.97,Molly Loughlin,,Ranger Invitational
Drew University,278,200 Back,1,2:08.16,Ece Onatca,,Drew Rangers vs Scranton Royal
Drew University,278,200 Back,2,2:14.60,Ellis Murray,,Drew vs. Catholic
Drew University,278,200 Back,3,2:17.22,Molly Loughlin,,Drew Rangers vs Scranton Royal
Drew University,278,200 Breast,1,2:31.27,Sarah Weber,,Drew Rangers vs Scranton Royal
Drew University,278,200 Breast,2,2:38.05,Morgan Wilson,,Landmark Conference Championships
Drew University,278,200 Breast,3,2:45.69,Kaitlyn Zayle,,NYU Invitational
Drew University,278,200 Breast,4,2:45.71,Natalie Koenn,,Ranger Invitational
Drew University,278,200 Fly,1,2:14.54,Adriana Scanga,,Ranger Invitational
Drew University,278,200 Free,1,1:55.94,Kyra Gorman,,Landmark Conference Championships
Drew University,278,200 Free,2,2:03.89,Kaitlyn Zayle,,Ranger Invitational
Drew University,278,200 Free,3,2:05.26,Molly Loughlin,,Ranger Invitational
Drew University,278,200 Free,4,2:06.39,Ellis Murray,,York vs Drew
Drew University,278,200 Free,5,2:08.32,Morgan Wilson,,Ranger Invitational
Drew University,278,200 Im,1,2:17.83,Ellis Murray,,Landmark Conference Championships
Drew University,278,200 Im,2,2:24.94,Kaitlyn Zayle,,NYU Invitational
Drew University,278,200 Im,3,2:28.11,Sarah Weber,,York vs Drew
Drew University,278,200 Im,4,2:28.87,Natalie Koenn,,Ranger Invitational
Drew University,278,50 Free,1,24.34,Kyra Gorman,,Landmark Conference Championships
Drew University,278,50 Free,2,25.49,Kaitlyn Zayle,,Landmark Conference Championships
Drew University,278,50 Free,3,25.60,Adriana Scanga,,Ranger Invitational
Drew University,278,50 Free,4,25.61,Molly Loughlin,,Ranger Invitational
Drew University,278,50 Free,5,25.69,Ece Onatca,,Drew Rangers vs Scranton Royal
Drew University,278,50 Free,6,26.28,Ellis Murray,,Ranger Invitational
Drew University,278,50 Free,7,26.78,Sarah Weber,,Ranger Invitational
Drew University,278,500 Free,1,5:44.91,Morgan Wilson,,Ranger Invitational
Emory University,123,100 Back,1,54.58,Penny Celtnieks,,University Athletic Association Championships
Emory University,123,100 Back,2,55.23,Sammi Thiele,,University Athletic Association Championships
Emory University,123,100 Back,3,55.44,Holly Brundage,,University Athletic Association Championships
Emory University,123,100 Back,4,55.88,Jane Sanderson,,University Athletic Association Championships
Emory University,123,100 Back,5,56.27,Emma Lunn,,Georgia vs. Emory
Emory University,123,100 Back,6,56.36,Victoria Layden,,University Athletic Association Championships
Emory University,123,100 Back,7,56.90,Emily Noll,,University Athletic Association Championships
Emory University,123,100 Back,8,57.00,Izzy Huang,,University Athletic Association Championships
Emory University,123,100 Back,9,57.03,Allison Greeneway,,Emory vs. Georgia Tech
Emory University,123,100 Back,10,57.23,Amelia Amadio,,Denison Invitational
Emory University,123,100 Breast,1,1:02.03,Katie Cohen,,University Athletic Association Championships
Emory University,123,100 Breast,2,1:02.87,Maddy Lu,,Emory Fall Invitational
Emory University,123,100 Breast,3,1:03.83,Avery Sammons,,University Athletic Association Championships
Emory University,123,100 Breast,4,1:03.84,Allison Greeneway,,Denison Invitational
Emory University,123,100 Breast,5,1:04.19,Sophia Joos,,University Athletic Association Championships
Emory University,123,100 Breast,6,1:04.27,Caitlin Crysel,,Denison Invitational
Emory University,123,100 Breast,7,1:05.00,Jane Sanderson,,Emory Last Chance
Emory University,123,100 Breast,8,1:05.60,Keenan Day,,Emory Last Chance
Emory University,123,100 Breast,9,1:05.65,Ellis McGraw,,Georgia vs. Emory
Emory University,123,100 Breast,10,1:07.38,Sammy McClintock,,Denison Invitational
Emory University,123,100 Fly,1,55.01,Allison Greeneway,,Georgia vs. Emory
Emory University,123,100 Fly,2,55.79,Elodie Mitchell,,Emory Last Chance
Emory University,123,100 Fly,3,55.86,Caitlin Crysel,,Denison Invitational
Emory University,123,100 Fly,4,56.54,Holly Brundage,,Emory Last Chance
Emory University,123,100 Fly,5,56.75,Natalie Boorjian,,Emory Last Chance
Emory University,123,100 Fly,6,57.00,Stephanie Lee,,Emory Last Chance
Emory University,123,100 Fly,7,57.39,CeCe York,,Emory Last Chance
Emory University,123,100 Fly,8,57.39,Maren McDonald,,Denison Invitational
Emory University,123,100 Fly,9,57.55,Emma Lunn,,Emory Last Chance
Emory University,123,100 Fly,10,58.13,Lauren Opitz,,Denison Invitational
Emory University,123,100 Free,1,50.64,Caitlin Crysel,,Emory Fall Invitational
Emory University,123,100 Free,2,50.91,Sammi Thiele,,University Athletic Association Championships
Emory University,123,100 Free,3,51.40,Natalie Boorjian,,Denison Invitational
Emory University,123,100 Free,4,51.70,Elodie Mitchell,,University Athletic Association Championships
Emory University,123,100 Free,5,51.70,Ava Kennedy,,University Athletic Association Championships
Emory University,123,100 Free,6,51.74,Katie Swan,,Emory Last Chance
Emory University,123,100 Free,7,51.78,Avery Sammons,,University Athletic Association Championships
Emory University,123,100 Free,8,52.02,Emma Lunn,,Denison Invitational
Emory University,123,100 Free,9,52.10,Stephanie Lee,,Emory Last Chance
Emory University,123,100 Free,10,52.15,Amelia Amadio,,Emory Last Chance
Emory University,123,1000 Free,1,10:16.09,Morgan Main,,Denison Invitational
Emory University,123,1000 Free,2,10:16.91,Meredith Liu,,University Athletic Association Championships
Emory University,123,1000 Free,3,10:30.99,Grace Scharper,,University Athletic Association Championships
Emory University,123,1000 Free,4,10:33.69,Emma Lunn,,Sewanee vs. Emory
Emory University,123,1650 Free,1,16:54.29,Morgan Main,,Denison Invitational
Emory University,123,1650 Free,2,16:59.77,Meredith Liu,,University Athletic Association Championships
Emory University,123,1650 Free,3,17:26.08,Grace Scharper,,University Athletic Association Championships
Emory University,123,200 Back,1,1:58.99,Emma Lunn,,Denison Invitational
Emory University,123,200 Back,2,1:59.46,Allison Greeneway,,Denison Invitational
Emory University,123,200 Back,3,1:59.63,Holly Brundage,,University Athletic Association Championships
Emory University,123,200 Back,4,2:00.20,Penny Celtnieks,,University Athletic Association Championships
Emory University,123,200 Back,5,2:00.40,Jane Sanderson,,University Athletic Association Championships
Emory University,123,200 Back,6,2:00.51,Emily Noll,,Emory Last Chance
Emory University,123,200 Back,7,2:02.04,Sammi Thiele,,Denison Invitational
Emory University,123,200 Back,8,2:02.59,Victoria Layden,,Emory Fall Invitational
Emory University,123,200 Back,9,2:04.26,Izzy Huang,,University Athletic Association Championships
Emory University,123,200 Back,10,2:07.87,Gracen Bailey,,Emory Fall Invitational
Emory University,123,200 Breast,1,2:15.03,Katie Cohen,,Denison Invitational
Emory University,123,200 Breast,2,2:16.74,Maddy Lu,,University Athletic Association Championships
Emory University,123,200 Breast,3,2:16.86,Sophia Joos,,Emory Last Chance
Emory University,123,200 Breast,4,2:19.64,Ellis McGraw,,Emory Last Chance
Emory University,123,200 Breast,5,2:21.87,Keenan Day,,Emory Last Chance
Emory University,123,200 Breast,6,2:31.23,Avery Sammons,,Queens vs. Emory
Emory University,123,200 Fly,1,2:00.58,Elodie Mitchell,,Denison Invitational
Emory University,123,200 Fly,2,2:03.51,Grace Scharper,,Georgia vs. Emory
Emory University,123,200 Fly,3,2:04.32,Katie Swan,,Emory Fall Invitational
Emory University,123,200 Fly,4,2:04.67,Lauren Opitz,,Emory Last Chance
Emory University,123,200 Free,1,1:50.44,Emma Lunn,,University Athletic Association Championships
Emory University,123,200 Free,2,1:50.54,Elodie Mitchell,,Denison Invitational
Emory University,123,200 Free,3,1:50.56,Katie Swan,,Emory Fall Invitational
Emory University,123,200 Free,4,1:50.59,Natalie Boorjian,,University Athletic Association Championships
Emory University,123,200 Free,5,1:52.44,Izzy Huang,,University Athletic Association Championships
Emory University,123,200 Free,6,1:52.54,Meredith Teague,,Denison Invitational
Emory University,123,200 Free,7,1:53.98,Sammi Thiele,,Emory Fall Invitational
Emory University,123,200 Free,8,1:54.33,Victoria Layden,,Emory Last Chance
Emory University,123,200 Free,9,1:54.48,Morgan Main,,University Athletic Association Championships
Emory University,123,200 Free,10,1:54.74,Caitlin Crysel,,Georgia vs. Emory
Emory University,123,200 Im,1,2:01.01,Allison Greeneway,,University Athletic Association Championships
Emory University,123,200 Im,2,2:03.07,Sammi Thiele,,Denison Invitational
Emory University,123,200 Im,3,2:05.39,Emma Lunn,,Emory Fall Invitational
Emory University,123,200 Im,4,2:05.52,Caitlin Crysel,,Emory Fall Invitational
Emory University,123,200 Im,5,2:06.99,Katie Cohen,,University Athletic Association Championships
Emory University,123,200 Im,6,2:07.03,Keenan Day,,Emory Last Chance
Emory University,123,200 Im,7,2:07.38,Maren McDonald,,Emory Last Chance
Emory University,123,200 Im,8,2:07.81,Sophia Joos,,University Athletic Association Championships
Emory University,123,200 Im,9,2:07.95,Jane Sanderson,,Denison Invitational
Emory University,123,200 Im,10,2:08.59,Izzy Huang,,University Athletic Association Championships
Emory University,123,400 Im,1,4:23.67,Meredith Liu,,University Athletic Association Championships
Emory University,123,400 Im,2,4:23.89,Grace Scharper,,University Athletic Association Championships
Emory University,123,400 Im,3,4:25.78,Sammi Thiele,,Emory Last Chance
Emory University,123,400 Im,4,4:36.66,Sophia Joos,,Emory vs. Georgia Tech
Emory University,123,50 Free,1,23.02,Ava Kennedy,,Denison Invitational
Emory University,123,50 Free,2,23.43,Caitlin Crysel,,Denison Invitational
Emory University,123,50 Free,3,23.61,Stephanie Lee,,Emory Last Chance
Emory University,123,50 Free,4,23.66,Natalie Boorjian,,University Athletic Association Championships
Emory University,123,50 Free,5,23.76,Penny Celtnieks,,University Athletic Association Championships
Emory University,123,50 Free,6,23.82,Avery Sammons,,University Athletic Association Championships
Emory University,123,50 Free,7,24.05,Mia Chen,,Denison Invitational
Emory University,123,50 Free,8,24.08,Amelia Amadio,,Emory Last Chance
Emory University,123,50 Free,9,24.11,Victoria Layden,,Emory Last Chance
Emory University,123,50 Free,10,24.17,CeCe York,,Emory Last Chance
Emory University,123,500 Free,1,4:55.06,Emma Lunn,,University Athletic Association Championships
Emory University,123,500 Free,2,4:55.44,Elodie Mitchell,,Denison Invitational
Emory University,123,500 Free,3,4:56.91,Katie Swan,,Emory Fall Invitational
Emory University,123,500 Free,4,4:59.22,Morgan Main,,University Athletic Association Championships
Emory University,123,500 Free,5,5:00.26,Meredith Liu,,University Athletic Association Championships
Emory University,123,500 Free,6,5:01.91,Grace Scharper,,University Athletic Association Championships
Emory University,123,500 Free,7,5:02.61,Meredith Teague,,Denison Invitational
Emory University,123,500 Free,8,5:03.74,Victoria Layden,,University Athletic Association Championships
Emory University,123,500 Free,9,5:08.14,Natalie Boorjian,,Emory Fall Invitational
Emory University,123,500 Free,10,5:32.66,Amelia Amadio,,Sewanee vs. Emory
Gettysburg College,254,100 Back,1,56.47,Lanie McKenzie,,Gettysburg v Franklin & Marshall
Gettysburg College,254,100 Back,2,56.56,Mia Morreale,,Gettysburg Invite
Gettysburg College,254,100 Back,3,57.73,Delaney Reck,,Centennial Conference Championships
Gettysburg College,254,100 Back,4,58.45,Kara Woods,,Centennial Conference Championships
Gettysburg College,254,100 Back,5,1:00.43,Kate Miller,,Swarthmore vs. Gettysburg
Gettysburg College,254,100 Back,6,1:01.05,Olivia Evans,,Swarthmore vs. Gettysburg
Gettysburg College,254,100 Back,7,1:01.40,Maggie Sedlak,,16th Annual Phoenix Fall Classic
Gettysburg College,254,100 Back,8,1:01.94,Audrey Csokmay,,Swarthmore vs. Gettysburg
Gettysburg College,254,100 Back,9,1:03.26,Emma Anderson,,Gettysburg v Rowan
Gettysburg College,254,100 Breast,1,1:04.84,Maya Knoller,,Gettysburg v Franklin & Marshall
Gettysburg College,254,100 Breast,2,1:06.27,Kait Hall,,Centennial Conference Championships
Gettysburg College,254,100 Breast,3,1:06.76,Audrey Csokmay,,Centennial Conference Championships
Gettysburg College,254,100 Breast,4,1:06.97,Lanie McKenzie,,Gettysburg Invite
Gettysburg College,254,100 Breast,5,1:07.33,Kate Miller,,Centennial Conference Championships
Gettysburg College,254,100 Breast,6,1:07.37,Kristen Racicot,,Centennial Conference Championships
Gettysburg College,254,100 Breast,7,1:08.85,Mia Morreale,,Dickinson vs. Gettysburg
Gettysburg College,254,100 Breast,8,1:11.38,Jolina Widders,,Gettysburg v Franklin & Marshall
Gettysburg College,254,100 Breast,9,1:12.41,Maia Minakas,,Gettysburg v Franklin & Marshall
Gettysburg College,254,100 Breast,10,1:13.95,Emma Anderson,,Dickinson vs. Gettysburg
Gettysburg College,254,100 Fly,1,55.81,Bramley Hawkins,,Centennial Conference Championships
Gettysburg College,254,100 Fly,2,56.06,Morgan Puckett,,Centennial Conference Championships
Gettysburg College,254,100 Fly,3,57.60,Kristen Racicot,,Centennial Conference Championships
Gettysburg College,254,100 Fly,4,57.74,Kara Woods,,Centennial Conference Championships
Gettysburg College,254,100 Fly,5,59.65,Caitlyn Evans,,Gettysburg Invite
Gettysburg College,254,100 Fly,6,1:00.67,Hillary Roth,,Swarthmore vs. Gettysburg
Gettysburg College,254,100 Fly,7,1:00.78,Jolina Widders,,Gettysburg v Franklin & Marshall
Gettysburg College,254,100 Fly,8,1:02.40,Ava Berry,,Centennial Conference Championships
Gettysburg College,254,100 Fly,9,1:02.65,Emma Anderson,,Gettysburg v Franklin & Marshall
Gettysburg College,254,100 Fly,10,1:02.92,Valerie Lawton,,Gettysburg at Scranton
Gettysburg College,254,100 Free,1,51.30,Valerie Lawton,,Gettysburg Invite
Gettysburg College,254,100 Free,2,51.61,Mia Morreale,,Gettysburg v Franklin & Marshall
Gettysburg College,254,100 Free,3,52.14,Delaney Reck,,Centennial Conference Championships
Gettysburg College,254,100 Free,4,53.12,Bramley Hawkins,,16th Annual Phoenix Fall Classic
Gettysburg College,254,100 Free,5,53.24,Maya Knoller,,16th Annual Phoenix Fall Classic
Gettysburg College,254,100 Free,6,53.40,Lanie McKenzie,,16th Annual Phoenix Fall Classic
Gettysburg College,254,100 Free,7,54.13,Kara Woods,,16th Annual Phoenix Fall Classic
Gettysburg College,254,100 Free,8,54.25,Olivia Evans,,Swarthmore vs. Gettysburg
Gettysburg College,254,100 Free,9,54.33,Caitlyn Evans,,16th Annual Phoenix Fall Classic
Gettysburg College,254,100 Free,10,54.47,Kate Miller,,Centennial Conference Championships
Gettysburg College,254,1000 Free,1,10:21.33,Ava Berry,,Gettysburg v Rowan
Gettysburg College,254,1000 Free,2,10:40.55,Emily Brown,,Gettysburg v Franklin & Marshall
Gettysburg College,254,1000 Free,3,10:43.22,Paige McKim,,Centennial Conference Championships
Gettysburg College,254,1000 Free,4,10:50.23,Caitlyn Evans,,Centennial Conference Championships
Gettysburg College,254,1000 Free,5,10:56.06,Jolina Widders,,Gettysburg Invite
Gettysburg College,254,1000 Free,6,10:59.18,Emma Anderson,,Carnegie Mellon vs. Gettysburg
Gettysburg College,254,1000 Free,7,11:01.56,Grace Tyler,,Gettysburg Invite
Gettysburg College,254,1000 Free,8,11:10.90,Maia Minakas,,Swarthmore vs. Gettysburg
Gettysburg College,254,1000 Free,9,11:14.76,Maggie Sedlak,,Dickinson vs. Gettysburg
Gettysburg College,254,1000 Free,10,11:52.64,Gracie Spataro,,Carnegie Mellon vs. Gettysburg
Gettysburg College,254,1650 Free,1,17:26.30,Ava Berry,,Swarthmore vs. Gettysburg
Gettysburg College,254,1650 Free,2,17:43.88,Paige McKim,,Centennial Conference Championships
Gettysburg College,254,1650 Free,3,17:49.61,Emily Brown,,16th Annual Phoenix Fall Classic
Gettysburg College,254,1650 Free,4,17:58.91,Caitlyn Evans,,Gettysburg Invite
Gettysburg College,254,1650 Free,5,18:08.91,Jolina Widders,,Gettysburg Invite
Gettysburg College,254,1650 Free,6,18:17.36,Grace Tyler,,Gettysburg Invite
Gettysburg College,254,1650 Free,7,18:30.00,Maia Minakas,,Swarthmore vs. Gettysburg
Gettysburg College,254,200 Back,1,1:59.63,Mia Morreale,,Centennial Conference Championships
Gettysburg College,254,200 Back,2,2:05.87,Lanie McKenzie,,16th Annual Phoenix Fall Classic
Gettysburg College,254,200 Back,3,2:06.15,Kara Woods,,Centennial Conference Championships
Gettysburg College,254,200 Back,4,2:14.15,Olivia Evans,,Gettysburg Invite
Gettysburg College,254,200 Back,5,2:14.35,Maggie Sedlak,,Gettysburg v Rowan
Gettysburg College,254,200 Back,6,2:16.33,Ava Berry,,Dickinson vs. Gettysburg
Gettysburg College,254,200 Back,7,2:20.60,Emma Anderson,,Gettysburg at Scranton
Gettysburg College,254,200 Back,8,2:27.57,Emily Brown,,Gettysburg at Scranton
Gettysburg College,254,200 Breast,1,2:25.15,Lanie McKenzie,,Gettysburg Invite
Gettysburg College,254,200 Breast,2,2:25.94,Emma Anderson,,16th Annual Phoenix Fall Classic
Gettysburg College,254,200 Breast,3,2:27.10,Kait Hall,,Centennial Conference Championships
Gettysburg College,254,200 Breast,4,2:27.79,Audrey Csokmay,,Gettysburg v Rowan
Gettysburg College,254,200 Breast,5,2:27.90,Kate Miller,,Centennial Conference Championships
Gettysburg College,254,200 Breast,6,2:29.94,Jolina Widders,,Centennial Conference West Quad
Gettysburg College,254,200 Breast,7,2:32.84,Maia Minakas,,16th Annual Phoenix Fall Classic
Gettysburg College,254,200 Breast,8,2:37.21,Maya Knoller,,Gettysburg at Scranton
Gettysburg College,254,200 Breast,9,2:44.20,Emily Burke,,16th Annual Phoenix Fall Classic
Gettysburg College,254,200 Fly,1,2:07.80,Kristen Racicot,,Gettysburg Invite
Gettysburg College,254,200 Fly,2,2:08.81,Maggie Sedlak,,Gettysburg Invite
Gettysburg College,254,200 Fly,3,2:08.83,Bramley Hawkins,,Swarthmore vs. Gettysburg
Gettysburg College,254,200 Fly,4,2:09.49,Morgan Puckett,,16th Annual Phoenix Fall Classic
Gettysburg College,254,200 Fly,5,2:16.17,Paige McKim,,16th Annual Phoenix Fall Classic
Gettysburg College,254,200 Fly,6,2:17.37,Hillary Roth,,16th Annual Phoenix Fall Classic
Gettysburg College,254,200 Fly,7,2:22.28,Gracie Spataro,,16th Annual Phoenix Fall Classic
Gettysburg College,254,200 Free,1,1:51.06,Mia Morreale,,Centennial Conference Championships
Gettysburg College,254,200 Free,2,1:54.18,Valerie Lawton,,Centennial Conference Championships
Gettysburg College,254,200 Free,3,1:56.44,Grace Tyler,,Centennial Conference Championships
Gettysburg College,254,200 Free,4,1:56.69,Caitlyn Evans,,Swarthmore vs. Gettysburg
Gettysburg College,254,200 Free,5,1:58.09,Bramley Hawkins,,Gettysburg Invite
Gettysburg College,254,200 Free,6,1:58.11,Paige McKim,,Swarthmore vs. Gettysburg
Gettysburg College,254,200 Free,7,1:58.22,Lanie McKenzie,,Gettysburg v Rowan
Gettysburg College,254,200 Free,8,1:58.57,Maggie Sedlak,,16th Annual Phoenix Fall Classic
Gettysburg College,254,200 Free,9,1:59.33,Kait Hall,,Gettysburg Invite
Gettysburg College,254,200 Free,10,1:59.47,Emma Anderson,,Gettysburg Invite
Gettysburg College,254,200 Im,1,2:03.47,Mia Morreale,,Centennial Conference Championships
Gettysburg College,254,200 Im,2,2:05.25,Lanie McKenzie,,16th Annual Phoenix Fall Classic
Gettysburg College,254,200 Im,3,2:09.45,Emma Anderson,,Centennial Conference Championships
Gettysburg College,254,200 Im,4,2:09.60,Caitlyn Evans,,16th Annual Phoenix Fall Classic
Gettysburg College,254,200 Im,5,2:12.00,Kait Hall,,16th Annual Phoenix Fall Classic
Gettysburg College,254,200 Im,6,2:12.93,Kristen Racicot,,Gettysburg Invite
Gettysburg College,254,200 Im,7,2:13.41,Morgan Puckett,,16th Annual Phoenix Fall Classic
Gettysburg College,254,200 Im,8,2:15.65,Maia Minakas,,Gettysburg Invite
Gettysburg College,254,200 Im,9,2:16.07,Olivia Evans,,Gettysburg Invite
Gettysburg College,254,200 Im,10,2:17.64,Jolina Widders,,16th Annual Phoenix Fall Classic
Gettysburg College,254,400 Im,1,4:31.52,Ava Berry,,Centennial Conference Championships
Gettysburg College,254,400 Im,2,4:32.78,Caitlyn Evans,,Gettysburg v Franklin & Marshall
Gettysburg College,254,400 Im,3,4:34.59,Emma Anderson,,16th Annual Phoenix Fall Classic
Gettysburg College,254,400 Im,4,4:44.22,Jolina Widders,,Gettysburg v Franklin & Marshall
Gettysburg College,254,400 Im,5,4:44.28,Maia Minakas,,Swarthmore vs. Gettysburg
Gettysburg College,254,400 Im,6,5:04.21,Emily Brown,,Swarthmore vs. Gettysburg
Gettysburg College,254,400 Im,7,5:12.47,Gracie Spataro,,Carnegie Mellon vs. Gettysburg
Gettysburg College,254,50 Free,1,23.54,Valerie Lawton,,Centennial Conference Championships
Gettysburg College,254,50 Free,2,23.79,Delaney Reck,,Centennial Conference Championships
Gettysburg College,254,50 Free,3,23.87,Maya Knoller,,16th Annual Phoenix Fall Classic
Gettysburg College,254,50 Free,4,23.89,Bramley Hawkins,,Centennial Conference Championships
Gettysburg College,254,50 Free,5,24.20,Mia Morreale,,Swarthmore vs. Gettysburg
Gettysburg College,254,50 Free,6,24.26,Morgan Puckett,,Gettysburg Invite
Gettysburg College,254,50 Free,7,24.29,Lanie McKenzie,,16th Annual Phoenix Fall Classic
Gettysburg College,254,50 Free,8,24.44,Kate Miller,,Gettysburg Invite
Gettysburg College,254,50 Free,9,24.80,Kara Woods,,Gettysburg Invite
Gettysburg College,254,50 Free,10,24.83,Olivia Evans,,Swarthmore vs. Gettysburg
Gettysburg College,254,500 Free,1,5:04.26,Ava Berry,,Centennial Conference Championships
Gettysburg College,254,500 Free,2,5:04.40,Mia Morreale,,Gettysburg Invite
Gettysburg College,254,500 Free,3,5:06.50,Caitlyn Evans,,Centennial Conference Championships
Gettysburg College,254,500 Free,4,5:11.11,Paige McKim,,Centennial Conference Championships
Gettysburg College,254,500 Free,5,5:12.41,Grace Tyler,,Swarthmore vs. Gettysburg
Gettysburg College,254,500 Free,6,5:13.70,Jolina Widders,,Gettysburg Invite
Gettysburg College,254,500 Free,7,5:14.38,Valerie Lawton,,Gettysburg Invite
Gettysburg College,254,500 Free,8,5:15.52,Emma Anderson,,Gettysburg Invite
Gettysburg College,254,500 Free,9,5:15.97,Maggie Sedlak,,Centennial Conference Championships
Gettysburg College,254,500 Free,10,5:15.98,Maia Minakas,,16th Annual Phoenix Fall Classic
Grinnell College,2,100 Back,1,57.08,Simone Bennett,,Midwest Conference Championships
Grinnell College,2,100 Back,2,59.48,Molly Ryan,,Midwest Conference Championships
Grinnell College,2,100 Back,3,59.98,Sarah Lopez,,16th Annual Phoenix Fall Classic
Grinnell College,2,100 Back,4,1:01.36,Sophie Juethner,,Midwest Conference Championships
Grinnell College,2,100 Back,5,1:01.49,Maria Restrepo,,Midwest Conference Championships
Grinnell College,2,100 Back,6,1:02.25,Regan Stambaugh,,16th Annual Phoenix Fall Classic
Grinnell College,2,100 Back,7,1:02.25,Greta Dunn,,16th Annual Phoenix Fall Classic
Grinnell College,2,100 Back,8,1:03.88,Clare Clarkson,,Midwest Conference Championships
Grinnell College,2,100 Back,9,1:04.10,Bea Durham,,Grinnell Last Chance
Grinnell College,2,100 Back,10,1:04.48,Olivia Terry,,2026 Grinnell Invite
Grinnell College,2,100 Breast,1,1:07.36,Joely Kam,,Midwest Conference Championships
Grinnell College,2,100 Breast,2,1:07.59,Tory Morse,,Midwest Conference Championships
Grinnell College,2,100 Breast,3,1:08.15,Ava Rodriguez,,Midwest Conference Championships
Grinnell College,2,100 Breast,4,1:08.65,Maya Comer,,16th Annual Phoenix Fall Classic
Grinnell College,2,100 Breast,5,1:10.00,Ciara Vogler,,16th Annual Phoenix Fall Classic
Grinnell College,2,100 Breast,6,1:11.08,Zoe Kwok,,Grinnell College vs CC and Augstana
Grinnell College,2,100 Breast,7,1:11.44,Olivia Terry,,Midwest Conference Championships
Grinnell College,2,100 Breast,8,1:15.70,Vivian Woare,,Grinnell College Vs Coe College
Grinnell College,2,100 Breast,9,1:15.84,Sophie Juethner,,Grinnell College Vs Coe College
Grinnell College,2,100 Breast,10,1:16.21,Nina Lyons,,Grinnell College Vs Coe College
Grinnell College,2,100 Fly,1,57.71,Sarah Lopez,,Midwest Conference Championships
Grinnell College,2,100 Fly,2,58.51,Simone Bennett,,16th Annual Phoenix Fall Classic
Grinnell College,2,100 Fly,3,1:00.61,Vivian Woare,,16th Annual Phoenix Fall Classic
Grinnell College,2,100 Fly,4,1:01.38,Maria Restrepo,,Midwest Conference Championships
Grinnell College,2,100 Fly,5,1:02.45,Olivia Terry,,Midwest Conference Championships
Grinnell College,2,100 Fly,6,1:02.46,Samantha Cook,,St. Ambrose vs. Grinnell
Grinnell College,2,100 Fly,7,1:02.71,Molly Ryan,,2026 Grinnell Invite
Grinnell College,2,100 Fly,8,1:02.76,Sofia Bedoya-Correa,,16th Annual Phoenix Fall Classic
Grinnell College,2,100 Fly,9,1:03.32,Natasha Zettler,,2026 Grinnell Invite
Grinnell College,2,100 Fly,10,1:03.65,Zeb O'Hara,,St. Ambrose vs. Grinnell
Grinnell College,2,100 Free,1,53.92,Tory Morse,,Midwest Conference Championships
Grinnell College,2,100 Free,2,54.20,Ciara Vogler,,Midwest Conference Championships
Grinnell College,2,100 Free,3,54.57,Molly Ryan,,Midwest Conference Championships
Grinnell College,2,100 Free,4,54.64,Samantha Cook,,Grinnell Last Chance
Grinnell College,2,100 Free,5,54.75,Sophie Juethner,,Midwest Conference Championships
Grinnell College,2,100 Free,6,56.16,Simone Bennett,,16th Annual Phoenix Fall Classic
Grinnell College,2,100 Free,7,56.45,Ava Rodriguez,,16th Annual Phoenix Fall Classic
Grinnell College,2,100 Free,8,57.03,Nina Lyons,,Grinnell College Vs Coe College
Grinnell College,2,100 Free,9,57.15,Greta Dunn,,2026 Grinnell Invite
Grinnell College,2,100 Free,10,57.44,Sarah Lopez,,Grinnell College Vs Coe College
Grinnell College,2,1000 Free,1,10:50.74,Nina Lyons,,Midwest Conference Championships
Grinnell College,2,1000 Free,2,11:02.96,Zeb O'Hara,,Midwest Conference Championships
Grinnell College,2,1000 Free,3,11:08.25,Megan Gawlick,,Midwest Conference Championships
Grinnell College,2,1000 Free,4,11:23.35,Maya Comer,,Grinnell vs. Quincy
Grinnell College,2,1000 Free,5,11:23.95,Natasha Zettler,,Midwest Conference Championships
Grinnell College,2,1000 Free,6,12:16.96,Josephine Hopkins,,Grinnell vs. Quincy
Grinnell College,2,1000 Free,7,12:56.44,Bella Kalb-Bourke,,St. Ambrose vs. Grinnell
Grinnell College,2,1650 Free,1,17:59.79,Nina Lyons,,Midwest Conference Championships
Grinnell College,2,1650 Free,2,18:16.95,Zeb O'Hara,,Midwest Conference Championships
Grinnell College,2,1650 Free,3,18:27.50,Megan Gawlick,,Midwest Conference Championships
Grinnell College,2,1650 Free,4,18:51.42,Natasha Zettler,,Midwest Conference Championships
Grinnell College,2,200 Back,1,2:05.77,Simone Bennett,,Midwest Conference Championships
Grinnell College,2,200 Back,2,2:09.63,Molly Ryan,,Midwest Conference Championships
Grinnell College,2,200 Back,3,2:11.06,Greta Dunn,,Midwest Conference Championships
Grinnell College,2,200 Back,4,2:11.80,Regan Stambaugh,,Midwest Conference Championships
Grinnell College,2,200 Back,5,2:11.89,Sarah Lopez,,2026 Grinnell Invite
Grinnell College,2,200 Back,6,2:14.38,Maria Restrepo,,16th Annual Phoenix Fall Classic
Grinnell College,2,200 Back,7,2:16.72,Vivian Woare,,St. Ambrose vs. Grinnell
Grinnell College,2,200 Back,8,2:17.20,Olivia Terry,,16th Annual Phoenix Fall Classic
Grinnell College,2,200 Back,9,2:19.17,Bea Durham,,Grinnell Last Chance
Grinnell College,2,200 Back,10,2:19.93,Ceci Mayer,,16th Annual Phoenix Fall Classic
Grinnell College,2,200 Breast,1,2:25.95,Joely Kam,,Midwest Conference Championships
Grinnell College,2,200 Breast,2,2:30.50,Maya Comer,,16th Annual Phoenix Fall Classic
Grinnell College,2,200 Breast,3,2:36.00,Olivia Terry,,2026 Grinnell Invite
Grinnell College,2,200 Breast,4,2:41.30,Zoe Kwok,,16th Annual Phoenix Fall Classic
Grinnell College,2,200 Breast,5,2:41.66,Ava Rodriguez,,16th Annual Phoenix Fall Classic
Grinnell College,2,200 Breast,6,2:46.24,Tory Morse,,Luther vs. Grinnell
Grinnell College,2,200 Breast,7,2:47.46,Bella Kalb-Bourke,,Grinnell Last Chance
Grinnell College,2,200 Breast,8,2:53.22,Regan Stambaugh,,Macalester vs. Grinnell
Grinnell College,2,200 Breast,9,3:09.28,Rachel Howard,,16th Annual Phoenix Fall Classic
Grinnell College,2,200 Fly,1,2:07.69,Sarah Lopez,,Midwest Conference Championships
Grinnell College,2,200 Fly,2,2:12.54,Vivian Woare,,16th Annual Phoenix Fall Classic
Grinnell College,2,200 Fly,3,2:14.95,Maria Restrepo,,Midwest Conference Championships
Grinnell College,2,200 Fly,4,2:15.00,Simone Bennett,,Grinnell Last Chance
Grinnell College,2,200 Fly,5,2:18.93,Natasha Zettler,,Midwest Conference Championships
Grinnell College,2,200 Fly,6,2:19.41,Sofia Bedoya-Correa,,16th Annual Phoenix Fall Classic
Grinnell College,2,200 Fly,7,2:23.51,Megan Gawlick,,Midwest Conference Championships
Grinnell College,2,200 Fly,8,2:34.00,Maddie Stark,,Grinnell vs. Quincy
Grinnell College,2,200 Fly,9,2:36.41,Ceci Mayer,,Grinnell College Vs Coe College
Grinnell College,2,200 Free,1,1:57.78,Samantha Cook,,16th Annual Phoenix Fall Classic
Grinnell College,2,200 Free,2,1:59.08,Nina Lyons,,Midwest Conference Championships
Grinnell College,2,200 Free,3,1:59.25,Greta Dunn,,Midwest Conference Championships
Grinnell College,2,200 Free,4,1:59.59,Zeb O'Hara,,Midwest Conference Championships
Grinnell College,2,200 Free,5,2:02.96,Maya Comer,,16th Annual Phoenix Fall Classic
Grinnell College,2,200 Free,6,2:03.33,Ciara Vogler,,2026 Grinnell Invite
Grinnell College,2,200 Free,7,2:03.77,Molly Ryan,,Grinnell Last Chance
Grinnell College,2,200 Free,8,2:05.39,Megan Gawlick,,16th Annual Phoenix Fall Classic
Grinnell College,2,200 Free,9,2:06.00,Josephine Hopkins,,Grinnell College Vs Coe College
Grinnell College,2,200 Free,10,2:06.03,Vivian Woare,,St. Ambrose vs. Grinnell
Grinnell College,2,200 Im,1,2:09.31,Sarah Lopez,,Midwest Conference Championships
Grinnell College,2,200 Im,2,2:13.79,Vivian Woare,,Midwest Conference Championships
Grinnell College,2,200 Im,3,2:14.99,Regan Stambaugh,,Midwest Conference Championships
Grinnell College,2,200 Im,4,2:15.55,Joely Kam,,Midwest Conference Championships
Grinnell College,2,200 Im,5,2:15.60,Molly Ryan,,Midwest Conference Championships
Grinnell College,2,200 Im,6,2:16.36,Simone Bennett,,16th Annual Phoenix Fall Classic
Grinnell College,2,200 Im,7,2:19.50,Maya Comer,,Grinnell College vs CC and Augstana
Grinnell College,2,200 Im,8,2:21.06,Olivia Terry,,16th Annual Phoenix Fall Classic
Grinnell College,2,200 Im,9,2:24.79,Greta Dunn,,St. Ambrose vs. Grinnell
Grinnell College,2,200 Im,10,2:24.81,Ava Rodriguez,,16th Annual Phoenix Fall Classic
Grinnell College,2,400 Im,1,4:43.94,Vivian Woare,,Midwest Conference Championships
Grinnell College,2,400 Im,2,4:44.41,Regan Stambaugh,,Midwest Conference Championships
Grinnell College,2,400 Im,3,4:49.83,Maya Comer,,Midwest Conference Championships
Grinnell College,2,400 Im,4,4:52.89,Natasha Zettler,,Grinnell Last Chance
Grinnell College,2,400 Im,5,4:52.90,Joely Kam,,16th Annual Phoenix Fall Classic
Grinnell College,2,400 Im,6,4:55.91,Sarah Lopez,,Grinnell vs. Quincy
Grinnell College,2,400 Im,7,5:03.68,Nina Lyons,,Grinnell vs. Quincy
Grinnell College,2,400 Im,8,5:07.36,Ceci Mayer,,16th Annual Phoenix Fall Classic
Grinnell College,2,400 Im,9,5:13.35,Megan Gawlick,,Grinnell Last Chance
Grinnell College,2,400 Im,10,6:08.56,Rachel Howard,,16th Annual Phoenix Fall Classic
Grinnell College,2,50 Free,1,24.19,Sophie Juethner,,Midwest Conference Championships
Grinnell College,2,50 Free,2,24.66,Tory Morse,,Midwest Conference Championships
Grinnell College,2,50 Free,3,24.72,Greta Dunn,,Midwest Conference Championships
Grinnell College,2,50 Free,4,24.93,Ciara Vogler,,Midwest Conference Championships
Grinnell College,2,50 Free,5,25.22,Samantha Cook,,16th Annual Phoenix Fall Classic
Grinnell College,2,50 Free,6,25.92,Molly Ryan,,2026 Grinnell Invite
Grinnell College,2,50 Free,7,25.93,Zoe Kwok,,16th Annual Phoenix Fall Classic
Grinnell College,2,50 Free,8,25.97,Ava Rodriguez,,Midwest Conference Championships
Grinnell College,2,50 Free,9,26.67,Alex Kruse,,Grinnell College Vs Coe College
Grinnell College,2,50 Free,10,26.74,Vivian Woare,,Grinnell College Vs Coe College
Grinnell College,2,500 Free,1,5:13.84,Maya Comer,,Midwest Conference Championships
Grinnell College,2,500 Free,2,5:14.97,Nina Lyons,,2026 Grinnell Invite
Grinnell College,2,500 Free,3,5:16.06,Zeb O'Hara,,Midwest Conference Championships
Grinnell College,2,500 Free,4,5:16.76,Samantha Cook,,16th Annual Phoenix Fall Classic
Grinnell College,2,500 Free,5,5:22.30,Megan Gawlick,,Midwest Conference Championships
Grinnell College,2,500 Free,6,5:37.68,Vivian Woare,,Grinnell College Vs Coe College
Grinnell College,2,500 Free,7,5:37.75,Josephine Hopkins,,Grinnell College Vs Coe College
Grinnell College,2,500 Free,8,5:43.92,Maddie Stark,,2026 Grinnell Invite
Grinnell College,2,500 Free,9,5:44.38,Joely Kam,,Grinnell College Vs Coe College
Grinnell College,2,500 Free,10,5:46.74,Natasha Zettler,,Macalester vs. Grinnell
Grove City College,42,100 Back,1,58.67,Ashley Rauhauser,,Presidents Athletic Conference Championships
Grove City College,42,100 Back,2,59.48,Mikayla Little,,Presidents Athletic Conference Championships
Grove City College,42,100 Back,3,1:00.45,Katherine Quinn,,Presidents Athletic Conference Championships
Grove City College,42,100 Back,4,1:02.39,Jamie Durstein,,Presidents Athletic Conference Championships
Grove City College,42,100 Back,5,1:03.71,Ellie Webster,,Grove City v. Saint Vincent
Grove City College,42,100 Back,6,1:03.71,Aubrey Schroeder,,Grove City vs. Clarion
Grove City College,42,100 Back,7,1:04.47,Freja Kile,,Grove City v. Westminster
Grove City College,42,100 Back,8,1:05.96,Gabby Kinneer,,Presidents Athletic Conference Championships
Grove City College,42,100 Back,9,1:06.27,Cora Plank,,Ashland University vs Grove City
Grove City College,42,100 Back,10,1:09.39,Gianna Bracken,,Grove City v. College of Wooster
Grove City College,42,100 Breast,1,1:06.79,Hadleigh McNay,,Wheaton Invitational
Grove City College,42,100 Breast,2,1:08.75,Abigail Vance,,Grove City v. Saint Vincent
Grove City College,42,100 Breast,3,1:09.07,Sarah Janicki,,Presidents Athletic Conference Championships
Grove City College,42,100 Breast,4,1:11.03,Amanda McGurk,,Grove City vs. Clarion
Grove City College,42,100 Breast,5,1:11.08,Erika Doolittle,,Presidents Athletic Conference Championships
Grove City College,42,100 Breast,6,1:11.25,Gianna Bracken,,Wheaton Invitational
Grove City College,42,100 Breast,7,1:14.12,Cora Plank,,Rochester vs. Grove City
Grove City College,42,100 Breast,8,1:14.98,Mary Anne Altman,,Grove City v. Saint Vincent
Grove City College,42,100 Breast,9,1:17.26,Sadie Shofestall,,Grove City v. Westminster
Grove City College,42,100 Breast,10,1:19.03,Sam Eaton,,Rochester vs. Grove City
Grove City College,42,100 Fly,1,58.99,Mollie Massella,,Grove City vs. Clarion
Grove City College,42,100 Fly,2,59.41,Addison Vance,,Grove City vs. Clarion
Grove City College,42,100 Fly,3,1:00.17,Mary Anne Altman,,Presidents Athletic Conference Championships
Grove City College,42,100 Fly,4,1:01.68,Aubrey Schroeder,,Wheaton Invitational
Grove City College,42,100 Fly,5,1:01.72,Abigail Vance,,Presidents Athletic Conference Championships
Grove City College,42,100 Fly,6,1:02.56,Abby Tweed,,Penn State Behrend vs Grove City
Grove City College,42,100 Fly,7,1:03.46,Hadleigh McNay,,Presidents Athletic Conference Championships
Grove City College,42,100 Fly,8,1:04.82,Pippin Lochstet,,GCC vs. Calvin
Grove City College,42,100 Fly,9,1:05.02,Freja Kile,,Grove City v. Westminster
Grove City College,42,100 Fly,10,1:05.14,Sarah Janicki,,Presidents Athletic Conference Championships
Grove City College,42,100 Free,1,52.77,Abby Tweed,,Presidents Athletic Conference Championships
Grove City College,42,100 Free,2,53.59,Ashley Rauhauser,,Presidents Athletic Conference Championships
Grove City College,42,100 Free,3,53.83,Sadie Shofestall,,Presidents Athletic Conference Championships
Grove City College,42,100 Free,4,54.22,Mary Anne Altman,,Presidents Athletic Conference Championships
Grove City College,42,100 Free,5,54.46,Ellie Webster,,Presidents Athletic Conference Championships
Grove City College,42,100 Free,6,54.57,Mikayla Little,,Presidents Athletic Conference Championships
Grove City College,42,100 Free,7,54.99,Abigail Vance,,Presidents Athletic Conference Championships
Grove City College,42,100 Free,8,55.07,Jamie Durstein,,Presidents Athletic Conference Championships
Grove City College,42,100 Free,9,56.12,Katherine Quinn,,Wheaton Invitational
Grove City College,42,100 Free,10,57.48,Freja Kile,,Western PA Invite
Grove City College,42,1000 Free,1,11:09.66,Marideth Hull,,Presidents Athletic Conference Championships
Grove City College,42,1000 Free,2,11:10.35,Freja Kile,,Western PA Invite
Grove City College,42,1000 Free,3,11:14.55,Cora Plank,,Presidents Athletic Conference Championships
Grove City College,42,1000 Free,4,11:30.14,Abigail Vance,,Grove City v. Saint Vincent
Grove City College,42,1000 Free,5,11:47.27,Katherine Quinn,,Grove City v. W&J
Grove City College,42,1000 Free,6,11:57.27,Pippin Lochstet,,Grove City v. College of Wooster
Grove City College,42,1650 Free,1,18:25.05,Marideth Hull,,Presidents Athletic Conference Championships
Grove City College,42,1650 Free,2,18:30.94,Freja Kile,,Western PA Invite
Grove City College,42,1650 Free,3,18:38.74,Cora Plank,,Presidents Athletic Conference Championships
Grove City College,42,1650 Free,4,20:14.82,Pippin Lochstet,,Rochester vs. Grove City
Grove City College,42,200 Back,1,2:09.82,Katherine Quinn,,Presidents Athletic Conference Championships
Grove City College,42,200 Back,2,2:11.18,Ashley Rauhauser,,Presidents Athletic Conference Championships
Grove City College,42,200 Back,3,2:11.86,Freja Kile,,Presidents Athletic Conference Championships
Grove City College,42,200 Back,4,2:14.78,Aubrey Schroeder,,Presidents Athletic Conference Championships
Grove City College,42,200 Back,5,2:19.01,Cora Plank,,Grove City v. W&J
Grove City College,42,200 Back,6,2:19.76,Ellie Webster,,Grove City v. W&J
Grove City College,42,200 Back,7,2:20.31,Jamie Durstein,,Grove City vs. Clarion
Grove City College,42,200 Back,8,2:21.07,Mikayla Little,,Western PA Invite
Grove City College,42,200 Back,9,2:25.11,Gabby Kinneer,,Presidents Athletic Conference Championships
Grove City College,42,200 Back,10,2:26.13,Pippin Lochstet,,Grove City v. W&J
Grove City College,42,200 Breast,1,2:22.89,Abigail Vance,,Presidents Athletic Conference Championships
Grove City College,42,200 Breast,2,2:25.15,Hadleigh McNay,,Wheaton Invitational
Grove City College,42,200 Breast,3,2:33.18,Sarah Janicki,,Presidents Athletic Conference Championships
Grove City College,42,200 Breast,4,2:34.76,Addison Vance,,Grove City v. W&J
Grove City College,42,200 Breast,5,2:37.25,Erika Doolittle,,Presidents Athletic Conference Championships
Grove City College,42,200 Breast,6,2:37.97,Amanda McGurk,,Grove City vs. Clarion
Grove City College,42,200 Breast,7,2:39.47,Gianna Bracken,,Western PA Invite
Grove City College,42,200 Breast,8,2:41.95,Cora Plank,,Wheaton Invitational
Grove City College,42,200 Breast,9,2:49.27,Pippin Lochstet,,Grove City v. Westminster
Grove City College,42,200 Breast,10,2:56.82,Sam Eaton,,"Geneseo vs. Behrend, Brockport, Grove City"
Grove City College,42,200 Fly,1,2:07.52,Mollie Massella,,Grove City vs. Clarion
Grove City College,42,200 Fly,2,2:10.38,Addison Vance,,Grove City vs. Clarion
Grove City College,42,200 Fly,3,2:18.06,Marideth Hull,,Presidents Athletic Conference Championships
Grove City College,42,200 Fly,4,2:19.12,Pippin Lochstet,,Presidents Athletic Conference Championships
Grove City College,42,200 Fly,5,2:21.26,Abigail Vance,,Grove City v. College of Wooster
Grove City College,42,200 Fly,6,2:23.31,Abby Tweed,,Grove City v. Saint Vincent
Grove City College,42,200 Fly,7,2:29.64,Aubrey Schroeder,,Grove City v. Saint Vincent
Grove City College,42,200 Fly,8,2:33.00,Sam Eaton,,Wheaton Invitational
Grove City College,42,200 Fly,9,2:50.45,Gabby Kinneer,,Grove City v. Westminster
Grove City College,42,200 Free,1,1:55.86,Abby Tweed,,Presidents Athletic Conference Championships
Grove City College,42,200 Free,2,1:56.66,Addison Vance,,Presidents Athletic Conference Championships
Grove City College,42,200 Free,3,1:57.49,Cora Plank,,Presidents Athletic Conference Championships
Grove City College,42,200 Free,4,1:57.78,Ellie Webster,,Presidents Athletic Conference Championships
Grove City College,42,200 Free,5,1:57.90,Abigail Vance,,Presidents Athletic Conference Championships
Grove City College,42,200 Free,6,1:58.93,Sadie Shofestall,,Presidents Athletic Conference Championships
Grove City College,42,200 Free,7,1:59.73,Freja Kile,,Presidents Athletic Conference Championships
Grove City College,42,200 Free,8,2:01.25,Mary Anne Altman,,Wheaton Invitational
Grove City College,42,200 Free,9,2:01.90,Mollie Massella,,Grove City v. Saint Vincent
Grove City College,42,200 Free,10,2:04.00,Katherine Quinn,,GCC vs. Calvin
Grove City College,42,200 Im,1,2:09.19,Abigail Vance,,Presidents Athletic Conference Championships
Grove City College,42,200 Im,2,2:09.62,Addison Vance,,Presidents Athletic Conference Championships
Grove City College,42,200 Im,3,2:14.71,Hadleigh McNay,,Presidents Athletic Conference Championships
Grove City College,42,200 Im,4,2:14.88,Ashley Rauhauser,,Wheaton Invitational
Grove City College,42,200 Im,5,2:16.30,Aubrey Schroeder,,Presidents Athletic Conference Championships
Grove City College,42,200 Im,6,2:17.65,Mary Anne Altman,,Western PA Invite
Grove City College,42,200 Im,7,2:18.81,Pippin Lochstet,,Wheaton Invitational
Grove City College,42,200 Im,8,2:19.42,Freja Kile,,Grove City v. Westminster
Grove City College,42,200 Im,9,2:23.59,Gianna Bracken,,Wheaton Invitational
Grove City College,42,200 Im,10,2:24.64,Abby Tweed,,Grove City v. W&J
Grove City College,42,400 Im,1,4:36.77,Addison Vance,,Western PA Invite
Grove City College,42,400 Im,2,4:37.23,Abigail Vance,,Presidents Athletic Conference Championships
Grove City College,42,400 Im,3,4:56.52,Pippin Lochstet,,Presidents Athletic Conference Championships
Grove City College,42,400 Im,4,4:57.69,Marideth Hull,,Western PA Invite
Grove City College,42,400 Im,5,5:07.30,Katherine Quinn,,Ashland University vs Grove City
Grove City College,42,400 Im,6,5:12.00,Erika Doolittle,,Grove City vs. Clarion
Grove City College,42,400 Im,7,5:13.56,Amanda McGurk,,Presidents Athletic Conference Championships
Grove City College,42,400 Im,8,5:22.31,Sam Eaton,,Wheaton Invitational
Grove City College,42,50 Free,1,24.31,Abby Tweed,,Presidents Athletic Conference Championships
Grove City College,42,50 Free,2,24.49,Sadie Shofestall,,Presidents Athletic Conference Championships
Grove City College,42,50 Free,3,24.61,Ashley Rauhauser,,Presidents Athletic Conference Championships
Grove City College,42,50 Free,4,24.84,Ellie Webster,,Presidents Athletic Conference Championships
Grove City College,42,50 Free,5,25.03,Jamie Durstein,,Presidents Athletic Conference Championships
Grove City College,42,50 Free,6,25.13,Mary Anne Altman,,Presidents Athletic Conference Championships
Grove City College,42,50 Free,7,25.21,Mikayla Little,,Presidents Athletic Conference Championships
Grove City College,42,50 Free,8,25.51,Leah Boardman,,Grove City v. College of Wooster
Grove City College,42,50 Free,9,26.06,Hadleigh McNay,,Wheaton Invitational
Grove City College,42,50 Free,10,26.43,Cora Plank,,Grove City v. College of Wooster
Grove City College,42,500 Free,1,5:15.72,Mollie Massella,,Presidents Athletic Conference Championships
Grove City College,42,500 Free,2,5:19.40,Marideth Hull,,Presidents Athletic Conference Championships
Grove City College,42,500 Free,3,5:19.72,Freja Kile,,Presidents Athletic Conference Championships
Grove City College,42,500 Free,4,5:19.74,Cora Plank,,Presidents Athletic Conference Championships
Grove City College,42,500 Free,5,5:26.33,Abigail Vance,,Grove City v. Westminster
Grove City College,42,500 Free,6,5:26.64,Addison Vance,,Grove City v. Westminster
Grove City College,42,500 Free,7,5:26.66,Katherine Quinn,,Presidents Athletic Conference Championships
Grove City College,42,500 Free,8,5:29.38,Abby Tweed,,Grove City v. Saint Vincent
Grove City College,42,500 Free,9,5:47.48,Hadleigh McNay,,Grove City v. Saint Vincent
Grove City College,42,500 Free,10,5:50.05,Pippin Lochstet,,"Geneseo vs. Behrend, Brockport, Grove City"
Gustavus Adolphus College,88,100 Back,1,56.63,Katelyn Siers,,MIAC Conference Championships
Gustavus Adolphus College,88,100 Back,2,57.53,Joely Anderson,,MIAC Conference Championships
Gustavus Adolphus College,88,100 Back,3,57.61,Geneva Fackler,,MIAC Conference Championships
Gustavus Adolphus College,88,100 Back,4,59.40,Felicia Symreng,,MIAC Conference Championships
Gustavus Adolphus College,88,100 Back,5,1:02.33,Caitlyn Otto,,Luther Invitational
Gustavus Adolphus College,88,100 Back,6,1:02.50,Teresa Gatti,,GUSTIE CHALLENGE
Gustavus Adolphus College,88,100 Back,7,1:02.66,Eloise Cooper,,Gustavus Adolphus vs. Luther
Gustavus Adolphus College,88,100 Back,8,1:03.77,Kendall Coppersmith,,Luther Invitational
Gustavus Adolphus College,88,100 Back,9,1:03.80,Libby Lozinski,,GUSTIE CHALLENGE
Gustavus Adolphus College,88,100 Back,10,1:05.90,Madison Witte,,"Gustavus vs. Augsburg, Hamline"
Gustavus Adolphus College,88,100 Breast,1,1:07.53,Hadley Wartner,,MIAC Conference Championships
Gustavus Adolphus College,88,100 Breast,2,1:08.32,Linnea Reinsmoen,,MIAC Conference Championships
Gustavus Adolphus College,88,100 Breast,3,1:09.14,Lindsay Sundby,,MIAC Conference Championships
Gustavus Adolphus College,88,100 Breast,4,1:10.84,Sommer Krause,,Luther Invitational
Gustavus Adolphus College,88,100 Breast,5,1:12.55,Gabby Lee,,GUSTIE CHALLENGE
Gustavus Adolphus College,88,100 Breast,6,1:12.70,Kalleigh Malecha,,GUSTIE CHALLENGE
Gustavus Adolphus College,88,100 Breast,7,1:12.79,Ava Fox,,GUSTIE CHALLENGE
Gustavus Adolphus College,88,100 Breast,8,1:13.32,Nora Thiss,,Luther Invitational
Gustavus Adolphus College,88,100 Breast,9,1:13.81,Lily Kwiatkowski,,GUSTIE CHALLENGE
Gustavus Adolphus College,88,100 Breast,10,1:14.18,Samantha Olson,,Luther Invitational
Gustavus Adolphus College,88,100 Fly,1,58.65,Madison Witte,,MIAC Conference Championships
Gustavus Adolphus College,88,100 Fly,2,58.99,Linnea Reinsmoen,,MIAC Conference Championships
Gustavus Adolphus College,88,100 Fly,3,59.87,Samantha Villa,,GUSTIE CHALLENGE
Gustavus Adolphus College,88,100 Fly,4,1:00.95,Nola Fisher,,GUSTIE CHALLENGE
Gustavus Adolphus College,88,100 Fly,5,1:02.34,Mia Trifilette Simons,,Luther Invitational
Gustavus Adolphus College,88,100 Fly,6,1:02.56,Hadley Wartner,,Macalester Last Chance Invite
Gustavus Adolphus College,88,100 Fly,7,1:02.59,Teresa Gatti,,GUSTIE CHALLENGE
Gustavus Adolphus College,88,100 Fly,8,1:02.59,Annika Beck,,MIAC Conference Championships
Gustavus Adolphus College,88,100 Fly,9,1:02.67,Stella Anderson Moye,,"GAC vs CSB, SJU"
Gustavus Adolphus College,88,100 Fly,10,1:03.77,Megan Thomson,,Luther Invitational
Gustavus Adolphus College,88,100 Free,1,52.41,Leah Felton,,MIAC Conference Championships
Gustavus Adolphus College,88,100 Free,2,52.45,Caitlyn Otto,,MIAC Conference Championships
Gustavus Adolphus College,88,100 Free,3,53.33,Stella Anderson Moye,,MIAC Conference Championships
Gustavus Adolphus College,88,100 Free,4,53.88,Geneva Fackler,,Luther Invitational
Gustavus Adolphus College,88,100 Free,5,54.53,Katelyn Siers,,Luther Invitational
Gustavus Adolphus College,88,100 Free,6,54.95,Teresa Gatti,,Luther Invitational
Gustavus Adolphus College,88,100 Free,7,55.10,Olivia Koeneman,,Luther Invitational
Gustavus Adolphus College,88,100 Free,8,55.34,Nola Fisher,,Minnesota First Chance Meet
Gustavus Adolphus College,88,100 Free,9,55.43,Mia Trifilette Simons,,Luther Invitational
Gustavus Adolphus College,88,100 Free,10,55.92,Joely Anderson,,Luther Invitational
Gustavus Adolphus College,88,1000 Free,1,10:43.54,Annika Beck,,MIAC Conference Championships
Gustavus Adolphus College,88,1000 Free,2,11:12.76,Teresa Gatti,,MIAC Conference Championships
Gustavus Adolphus College,88,1000 Free,3,11:13.20,Kaia Churness,,MIAC Conference Championships
Gustavus Adolphus College,88,1000 Free,4,11:16.00,Geneva Fackler,,St. Olaf vs. Gustavus Adolphus College
Gustavus Adolphus College,88,1000 Free,5,11:29.56,Emily Foster,,Luther Invitational
Gustavus Adolphus College,88,1000 Free,6,11:32.89,Emmi Heers,,GUSTIE CHALLENGE
Gustavus Adolphus College,88,1000 Free,7,11:51.13,Ellie Johnson,,Luther Invitational
Gustavus Adolphus College,88,1000 Free,8,11:51.81,greer jones,,Luther Invitational
Gustavus Adolphus College,88,1000 Free,9,11:55.53,Caitlyn Otto,,"Gustavus vs. Minnesota State, UWSP"
Gustavus Adolphus College,88,1000 Free,10,12:06.49,Callie Bjorklund,,GUSTIE CHALLENGE
Gustavus Adolphus College,88,1650 Free,1,17:37.69,Annika Beck,,MIAC Conference Championships
Gustavus Adolphus College,88,1650 Free,2,18:33.12,Kaia Churness,,MIAC Conference Championships
Gustavus Adolphus College,88,1650 Free,3,18:36.35,Teresa Gatti,,MIAC Conference Championships
Gustavus Adolphus College,88,1650 Free,4,18:51.61,Geneva Fackler,,UWSP Point Invite
Gustavus Adolphus College,88,1650 Free,5,18:59.92,Emmi Heers,,GUSTIE CHALLENGE
Gustavus Adolphus College,88,1650 Free,6,19:00.94,Emily Foster,,Luther Invitational
Gustavus Adolphus College,88,1650 Free,7,19:35.49,Ellie Johnson,,Luther Invitational
Gustavus Adolphus College,88,1650 Free,8,19:43.14,greer jones,,Luther Invitational
Gustavus Adolphus College,88,1650 Free,9,19:59.18,Callie Bjorklund,,GUSTIE CHALLENGE
Gustavus Adolphus College,88,1650 Free,10,20:11.47,Mickey Baar,,GUSTIE CHALLENGE
Gustavus Adolphus College,88,200 Back,1,2:05.99,Katelyn Siers,,MIAC Conference Championships
Gustavus Adolphus College,88,200 Back,2,2:06.43,Geneva Fackler,,MIAC Conference Championships
Gustavus Adolphus College,88,200 Back,3,2:09.36,Kendall Coppersmith,,MIAC Conference Championships
Gustavus Adolphus College,88,200 Back,4,2:09.82,Joely Anderson,,MIAC Conference Championships
Gustavus Adolphus College,88,200 Back,5,2:10.42,Felicia Symreng,,MIAC Conference Championships
Gustavus Adolphus College,88,200 Back,6,2:14.66,Teresa Gatti,,GUSTIE CHALLENGE
Gustavus Adolphus College,88,200 Back,7,2:15.13,Libby Lozinski,,GUSTIE CHALLENGE
Gustavus Adolphus College,88,200 Back,8,2:18.07,Eloise Cooper,,St. Olaf vs. Gustavus Adolphus College
Gustavus Adolphus College,88,200 Back,9,2:18.14,Emily Foster,,GUSTIE CHALLENGE
Gustavus Adolphus College,88,200 Back,10,2:19.67,Callie Bjorklund,,GUSTIE CHALLENGE
Gustavus Adolphus College,88,200 Breast,1,2:27.85,Hadley Wartner,,MIAC Conference Championships
Gustavus Adolphus College,88,200 Breast,2,2:27.90,Sommer Krause,,MIAC Conference Championships
Gustavus Adolphus College,88,200 Breast,3,2:29.89,Lindsay Sundby,,MIAC Conference Championships
Gustavus Adolphus College,88,200 Breast,4,2:36.26,Gabby Lee,,Luther Invitational
Gustavus Adolphus College,88,200 Breast,5,2:39.44,Kalleigh Malecha,,GUSTIE CHALLENGE
Gustavus Adolphus College,88,200 Breast,6,2:40.56,Ava Fox,,GUSTIE CHALLENGE
Gustavus Adolphus College,88,200 Breast,7,2:41.45,Nora Thiss,,Luther Invitational
Gustavus Adolphus College,88,200 Breast,8,2:42.27,Samantha Olson,,Luther Invitational
Gustavus Adolphus College,88,200 Breast,9,2:44.28,Lily Kwiatkowski,,GUSTIE CHALLENGE
Gustavus Adolphus College,88,200 Breast,10,2:47.89,Laura Zebell,,GUSTIE CHALLENGE
Gustavus Adolphus College,88,200 Fly,1,2:09.96,Madison Witte,,MIAC Conference Championships
Gustavus Adolphus College,88,200 Fly,2,2:16.69,Linnea Reinsmoen,,MIAC Conference Championships
Gustavus Adolphus College,88,200 Fly,3,2:17.08,Annika Beck,,Luther Invitational
Gustavus Adolphus College,88,200 Fly,4,2:17.88,Hadley Wartner,,MIAC Conference Championships
Gustavus Adolphus College,88,200 Fly,5,2:18.41,Samantha Villa,,GUSTIE CHALLENGE
Gustavus Adolphus College,88,200 Fly,6,2:19.81,Sommer Krause,,Luther Invitational
Gustavus Adolphus College,88,200 Fly,7,2:21.86,Stella Anderson Moye,,"Gustavus vs. Augsburg, Hamline"
Gustavus Adolphus College,88,200 Fly,8,2:27.20,Kate Schiller,,GUSTIE CHALLENGE
Gustavus Adolphus College,88,200 Fly,9,2:38.56,Felicia Symreng,,"GAC vs CSB, SJU"
Gustavus Adolphus College,88,200 Fly,10,2:47.58,Autumn Wunschel,,"GAC vs CSB, SJU"
Gustavus Adolphus College,88,200 Free,1,1:55.05,Geneva Fackler,,MIAC Conference Championships
Gustavus Adolphus College,88,200 Free,2,1:56.08,Caitlyn Otto,,MIAC Conference Championships
Gustavus Adolphus College,88,200 Free,3,1:57.14,Leah Felton,,MIAC Conference Championships
Gustavus Adolphus College,88,200 Free,4,1:57.63,Teresa Gatti,,MIAC Conference Championships
Gustavus Adolphus College,88,200 Free,5,1:59.09,Kaia Churness,,MIAC Conference Championships
Gustavus Adolphus College,88,200 Free,6,1:59.33,Stella Anderson Moye,,"Gustavus vs. Minnesota State, UWSP"
Gustavus Adolphus College,88,200 Free,7,1:59.61,Annika Beck,,Luther Invitational
Gustavus Adolphus College,88,200 Free,8,2:01.06,Emmi Heers,,GUSTIE CHALLENGE
Gustavus Adolphus College,88,200 Free,9,2:01.26,Sommer Krause,,Luther Invitational
Gustavus Adolphus College,88,200 Free,10,2:01.86,Olivia Koeneman,,Luther Invitational
Gustavus Adolphus College,88,200 Im,1,2:11.71,Sommer Krause,,MIAC Conference Championships
Gustavus Adolphus College,88,200 Im,2,2:11.83,Madison Witte,,MIAC Conference Championships
Gustavus Adolphus College,88,200 Im,3,2:12.70,Stella Anderson Moye,,MIAC Conference Championships
Gustavus Adolphus College,88,200 Im,4,2:13.45,Kendall Coppersmith,,MIAC Conference Championships
Gustavus Adolphus College,88,200 Im,5,2:14.63,Felicia Symreng,,MIAC Conference Championships
Gustavus Adolphus College,88,200 Im,6,2:17.10,Annika Beck,,GUSTIE CHALLENGE
Gustavus Adolphus College,88,200 Im,7,2:18.00,Samantha Villa,,GUSTIE CHALLENGE
Gustavus Adolphus College,88,200 Im,8,2:21.91,Nola Fisher,,Luther Invitational
Gustavus Adolphus College,88,200 Im,9,2:22.39,Eloise Cooper,,"Gustavus vs. Augsburg, Hamline"
Gustavus Adolphus College,88,200 Im,10,2:22.72,Kate Schiller,,GUSTIE CHALLENGE
Gustavus Adolphus College,88,400 Im,1,4:35.46,Annika Beck,,MIAC Conference Championships
Gustavus Adolphus College,88,400 Im,2,4:45.56,Kendall Coppersmith,,MIAC Conference Championships
Gustavus Adolphus College,88,400 Im,3,4:45.71,Stella Anderson Moye,,MIAC Conference Championships
Gustavus Adolphus College,88,400 Im,4,4:45.86,Sommer Krause,,MIAC Conference Championships
Gustavus Adolphus College,88,400 Im,5,4:52.16,Madison Witte,,Luther Invitational
Gustavus Adolphus College,88,400 Im,6,4:56.18,Hadley Wartner,,Luther Invitational
Gustavus Adolphus College,88,400 Im,7,4:58.43,Emily Foster,,GUSTIE CHALLENGE
Gustavus Adolphus College,88,400 Im,8,5:06.61,Felicia Symreng,,"Gustavus vs. Minnesota State, UWSP"
Gustavus Adolphus College,88,400 Im,9,5:37.27,Kalleigh Malecha,,Luther Invitational
Gustavus Adolphus College,88,50 Free,1,24.09,Katelyn Siers,,MIAC Conference Championships
Gustavus Adolphus College,88,50 Free,2,24.23,Leah Felton,,MIAC Conference Championships
Gustavus Adolphus College,88,50 Free,3,24.25,Joely Anderson,,MIAC Conference Championships
Gustavus Adolphus College,88,50 Free,4,24.43,Caitlyn Otto,,MIAC Conference Championships
Gustavus Adolphus College,88,50 Free,5,24.57,Mia Trifilette Simons,,Minnesota First Chance Meet
Gustavus Adolphus College,88,50 Free,6,24.75,Stella Anderson Moye,,Luther Invitational
Gustavus Adolphus College,88,50 Free,7,24.97,Olivia Koeneman,,Luther Invitational
Gustavus Adolphus College,88,50 Free,8,24.99,Nola Fisher,,GUSTIE CHALLENGE
Gustavus Adolphus College,88,50 Free,9,25.43,Linnea Reinsmoen,,Luther Invitational
Gustavus Adolphus College,88,50 Free,10,25.47,Lindsay Sundby,,MIAC Conference Championships
Gustavus Adolphus College,88,500 Free,1,5:06.82,Annika Beck,,MIAC Conference Championships
Gustavus Adolphus College,88,500 Free,2,5:18.10,Kaia Churness,,MIAC Conference Championships
Gustavus Adolphus College,88,500 Free,3,5:20.14,Teresa Gatti,,MIAC Conference Championships
Gustavus Adolphus College,88,500 Free,4,5:21.07,Emmi Heers,,GUSTIE CHALLENGE
Gustavus Adolphus College,88,500 Free,5,5:27.49,Emily Foster,,GUSTIE CHALLENGE
Gustavus Adolphus College,88,500 Free,6,5:27.94,Geneva Fackler,,UWSP Point Invite
Gustavus Adolphus College,88,500 Free,7,5:29.67,Leah Felton,,Luther Invitational
Gustavus Adolphus College,88,500 Free,8,5:34.76,Becca Femrite,,GUSTIE CHALLENGE
Gustavus Adolphus College,88,500 Free,9,5:37.88,Ellie Johnson,,GUSTIE CHALLENGE
Gustavus Adolphus College,88,500 Free,10,5:38.17,Ella Krupicka,,GUSTIE CHALLENGE
Hamilton College,84,100 Back,1,55.61,Jade Matthias,,NESCAC Womens Championships
Hamilton College,84,100 Back,2,57.12,Paige Wielgus,,MIT Winter Invite
Hamilton College,84,100 Back,3,57.97,Mila Smarrito,,NESCAC Womens Championships
Hamilton College,84,100 Back,4,58.09,Carolyn Miner,,NESCAC Womens Championships
Hamilton College,84,100 Back,5,58.93,Charlotte Sorensen,,NESCAC Womens Championships
Hamilton College,84,100 Back,6,1:00.15,Kylie Willis,,MIT Winter Invite
Hamilton College,84,100 Back,7,1:01.32,Freya Mottershead,,Williams v Middlebury v Hamilton
Hamilton College,84,100 Back,8,1:01.34,Emma Grace Sachar,,MIT Winter Invite
Hamilton College,84,100 Back,9,1:02.07,Katie Kilcoyne,,MIT Winter Invite
Hamilton College,84,100 Back,10,1:02.46,Julia Napoli,,MIT Winter Invite
Hamilton College,84,100 Breast,1,1:07.03,Megan Janczyk,,NESCAC Womens Championships
Hamilton College,84,100 Breast,2,1:07.28,Holly Woodhouse,,NESCAC Womens Championships
Hamilton College,84,100 Breast,3,1:07.59,Grace Fischer,,NESCAC Womens Championships
Hamilton College,84,100 Breast,4,1:07.78,Chiamaka Kanu,,NESCAC Womens Championships
Hamilton College,84,100 Breast,5,1:08.80,Samara McGlynn,,Williams v Middlebury v Hamilton
Hamilton College,84,100 Breast,6,1:08.99,Sophia Tosone,,MIT Winter Invite
Hamilton College,84,100 Breast,7,1:12.21,Delaney Patterson,,MIT Winter Invite
Hamilton College,84,100 Fly,1,57.36,Jade Matthias,,MIT Winter Invite
Hamilton College,84,100 Fly,2,57.74,Zoe Reynolds,,MIT Winter Invite
Hamilton College,84,100 Fly,3,59.24,Anna Orphanides,,NESCAC Womens Championships
Hamilton College,84,100 Fly,4,1:00.53,Charlotte Sorensen,,NESCAC Womens Championships
Hamilton College,84,100 Fly,5,1:00.64,Ava Gallagher,,Williams v Middlebury v Hamilton
Hamilton College,84,100 Fly,6,1:00.87,Julia Napoli,,MIT Winter Invite
Hamilton College,84,100 Fly,7,1:01.51,Jackie Story,,Williams v Middlebury v Hamilton
Hamilton College,84,100 Fly,8,1:01.65,Chloe Lan,,Trinity VS Colby VS Hamilton
Hamilton College,84,100 Fly,9,1:01.90,Emma Robinson,,Hamilton vs. Colgate
Hamilton College,84,100 Fly,10,1:02.78,Cate Logan,,Williams v Middlebury v Hamilton
Hamilton College,84,100 Free,1,51.35,Jade Matthias,,NESCAC Womens Championships
Hamilton College,84,100 Free,2,53.10,Paige Wielgus,,MIT Winter Invite
Hamilton College,84,100 Free,3,53.33,Chloe Lan,,MIT Winter Invite
Hamilton College,84,100 Free,4,53.49,Gianna Cofone,,NESCAC Womens Championships
Hamilton College,84,100 Free,5,53.79,Ashlyn Blessey,,MIT Winter Invite
Hamilton College,84,100 Free,6,53.99,Carolyn Miner,,MIT Winter Invite
Hamilton College,84,100 Free,7,54.09,Chiamaka Kanu,,NESCAC Womens Championships
Hamilton College,84,100 Free,8,54.23,Sam Bender,,Williams v Middlebury v Hamilton
Hamilton College,84,100 Free,9,54.45,Mila Smarrito,,MIT Winter Invite
Hamilton College,84,100 Free,10,54.51,Grace Hricay,,Williams v Middlebury v Hamilton
Hamilton College,84,1000 Free,1,10:24.51,Emma Robinson,,NESCAC Womens Championships
Hamilton College,84,1000 Free,2,10:37.15,Charlotte Moulson,,NESCAC Womens Championships
Hamilton College,84,1000 Free,3,10:42.25,Brooks Risher,,NESCAC Womens Championships
Hamilton College,84,1000 Free,4,10:49.76,Kylie Willis,,NESCAC Womens Championships
Hamilton College,84,1000 Free,5,10:53.73,Melissa Scala,,Williams v Middlebury v Hamilton
Hamilton College,84,1650 Free,1,17:31.17,Emma Robinson,,NESCAC Womens Championships
Hamilton College,84,1650 Free,2,17:51.13,Charlotte Moulson,,NESCAC Womens Championships
Hamilton College,84,1650 Free,3,18:01.60,Brooks Risher,,NESCAC Womens Championships
Hamilton College,84,1650 Free,4,18:26.26,Kylie Willis,,MIT Winter Invite
Hamilton College,84,1650 Free,5,18:43.43,Melissa Scala,,MIT Winter Invite
Hamilton College,84,200 Back,1,2:04.33,Mila Smarrito,,NESCAC Womens Championships
Hamilton College,84,200 Back,2,2:06.05,Charlotte Sorensen,,NESCAC Womens Championships
Hamilton College,84,200 Back,3,2:07.36,Kylie Willis,,NESCAC Womens Championships
Hamilton College,84,200 Back,4,2:09.41,Carolyn Miner,,NESCAC Womens Championships
Hamilton College,84,200 Back,5,2:11.77,Paige Wielgus,,Rensselaer Polytechnic Institute vs Hamilton
Hamilton College,84,200 Back,6,2:12.01,Freya Mottershead,,MIT Winter Invite
Hamilton College,84,200 Back,7,2:13.08,Katie Kilcoyne,,Williams v Middlebury v Hamilton
Hamilton College,84,200 Back,8,2:13.76,Ayana Ite,,MIT Winter Invite
Hamilton College,84,200 Back,9,2:14.22,Zoe Reynolds,,Ithaca vs. Hamilton
Hamilton College,84,200 Back,10,2:14.88,Natalie Peng,,MIT Winter Invite
Hamilton College,84,200 Breast,1,2:26.62,Holly Woodhouse,,NESCAC Womens Championships
Hamilton College,84,200 Breast,2,2:27.50,Sophia Tosone,,NESCAC Womens Championships
Hamilton College,84,200 Breast,3,2:28.36,Megan Janczyk,,NESCAC Womens Championships
Hamilton College,84,200 Breast,4,2:30.19,Grace Fischer,,MIT Winter Invite
Hamilton College,84,200 Breast,5,2:32.58,Samara McGlynn,,Williams v Middlebury v Hamilton
Hamilton College,84,200 Breast,6,2:35.76,Delaney Patterson,,Williams v Middlebury v Hamilton
Hamilton College,84,200 Fly,1,2:09.89,Julia Napoli,,Williams v Middlebury v Hamilton
Hamilton College,84,200 Fly,2,2:10.40,Zoe Reynolds,,Rensselaer Polytechnic Institute vs Hamilton
Hamilton College,84,200 Fly,3,2:10.83,Charlotte Sorensen,,MIT Winter Invite
Hamilton College,84,200 Fly,4,2:13.76,Emma Robinson,,Ithaca vs. Hamilton
Hamilton College,84,200 Fly,5,2:14.46,Ava Gallagher,,Williams v Middlebury v Hamilton
Hamilton College,84,200 Fly,6,2:19.59,Natalie Peng,,Rensselaer Polytechnic Institute vs Hamilton
Hamilton College,84,200 Fly,7,2:21.22,Jackie Story,,RIT v Hamilton
Hamilton College,84,200 Free,1,1:55.17,Gianna Cofone,,NESCAC Womens Championships
Hamilton College,84,200 Free,2,1:55.28,Emma Robinson,,NESCAC Womens Championships
Hamilton College,84,200 Free,3,1:56.33,Grace Hricay,,Williams v Middlebury v Hamilton
Hamilton College,84,200 Free,4,1:56.69,Carolyn Miner,,NESCAC Womens Championships
Hamilton College,84,200 Free,5,1:57.04,Zoe Reynolds,,MIT Winter Invite
Hamilton College,84,200 Free,6,1:57.31,Sam Bender,,Williams v Middlebury v Hamilton
Hamilton College,84,200 Free,7,1:58.88,Charlotte Moulson,,MIT Winter Invite
Hamilton College,84,200 Free,8,1:59.43,Emma Grace Sachar,,MIT Winter Invite
Hamilton College,84,200 Free,9,1:59.72,Mila Smarrito,,MIT Winter Invite
Hamilton College,84,200 Free,10,2:00.38,Brooks Risher,,MIT Winter Invite
Hamilton College,84,200 Im,1,2:06.42,Charlotte Sorensen,,NESCAC Womens Championships
Hamilton College,84,200 Im,2,2:09.46,Zoe Reynolds,,MIT Winter Invite
Hamilton College,84,200 Im,3,2:12.04,Holly Woodhouse,,NESCAC Womens Championships
Hamilton College,84,200 Im,4,2:13.07,Emma Robinson,,MIT Winter Invite
Hamilton College,84,200 Im,5,2:13.96,Sam Bender,,MIT Winter Invite
Hamilton College,84,200 Im,6,2:17.76,Natalie Peng,,Ithaca vs. Hamilton
Hamilton College,84,200 Im,7,2:18.30,Kylie Willis,,RIT v Hamilton
Hamilton College,84,200 Im,8,2:22.51,Jackie Story,,MIT Winter Invite
Hamilton College,84,400 Im,1,4:28.62,Charlotte Sorensen,,NESCAC Womens Championships
Hamilton College,84,400 Im,2,4:38.75,Zoe Reynolds,,MIT Winter Invite
Hamilton College,84,400 Im,3,4:45.69,Natalie Peng,,NESCAC Womens Championships
Hamilton College,84,50 Free,1,23.33,Jade Matthias,,NESCAC Womens Championships
Hamilton College,84,50 Free,2,24.00,Chloe Lan,,NESCAC Womens Championships
Hamilton College,84,50 Free,3,24.21,Carolyn Miner,,MIT Winter Invite
Hamilton College,84,50 Free,4,24.25,Emma Grace Sachar,,MIT Winter Invite
Hamilton College,84,50 Free,5,24.37,Paige Wielgus,,NESCAC Womens Championships
Hamilton College,84,50 Free,6,24.37,Ashlyn Blessey,,NESCAC Womens Championships
Hamilton College,84,50 Free,7,24.52,Anna Orphanides,,NESCAC Womens Championships
Hamilton College,84,50 Free,8,24.86,Gianna Cofone,,NESCAC Womens Championships
Hamilton College,84,50 Free,9,24.92,Chiamaka Kanu,,NESCAC Womens Championships
Hamilton College,84,50 Free,10,25.10,Mila Smarrito,,MIT Winter Invite
Hamilton College,84,500 Free,1,5:05.16,Emma Robinson,,NESCAC Womens Championships
Hamilton College,84,500 Free,2,5:09.19,Brooks Risher,,NESCAC Womens Championships
Hamilton College,84,500 Free,3,5:14.00,Charlotte Moulson,,NESCAC Womens Championships
Hamilton College,84,500 Free,4,5:16.32,Kylie Willis,,MIT Winter Invite
Hamilton College,84,500 Free,5,5:22.35,Sam Bender,,MIT Winter Invite
Hamilton College,84,500 Free,6,5:23.93,Melissa Scala,,Williams v Middlebury v Hamilton
Hamilton College,84,500 Free,7,5:25.37,Megan Janczyk,,MIT Winter Invite
Hamilton College,84,500 Free,8,5:32.74,Sophia Tosone,,MIT Winter Invite
Hamilton College,84,500 Free,9,5:36.71,Ava Gallagher,,MIT Winter Invite
Hope College,99,100 Back,1,55.78,Makenzie Baldwin,,D3 Shootout
Hope College,99,100 Back,2,56.83,Claudia Busse,,MIAA Championships
Hope College,99,100 Back,3,57.24,Katie Hermann,,MIAA Championships
Hope College,99,100 Back,4,57.56,Greta Gidley,,Michigan Illinois Quad
Hope College,99,100 Back,5,58.00,Ella Cabbage,,Total Performance Invitational
Hope College,99,100 Back,6,58.22,Avery Bills,,MIAA Championships
Hope College,99,100 Back,7,58.27,Madeline McGee,,MIAA Championships
Hope College,99,100 Back,8,58.67,Emmy Sower,,GVSU Invite
Hope College,99,100 Back,9,58.82,Paige Potter,,MIAA Championships
Hope College,99,100 Back,10,59.79,Brianna Elliott,,Total Performance Invitational
Hope College,99,100 Breast,1,1:01.89,Greta Gidley,,MIAA Championships
Hope College,99,100 Breast,2,1:03.89,Madi Remenschnieder,,MIAA Championships
Hope College,99,100 Breast,3,1:05.24,Riess Estep,,Total Performance Invitational
Hope College,99,100 Breast,4,1:07.47,Dillon Horsley,,GVSU Invite
Hope College,99,100 Breast,5,1:08.10,Ally O'Brien,,Total Performance Invitational
Hope College,99,100 Breast,6,1:08.32,Anna Stolle,,Total Performance Invitational
Hope College,99,100 Breast,7,1:09.13,Katie Hermann,,MIAA Invite
Hope College,99,100 Breast,8,1:09.71,Emme D'Errico,,Calvin vs. Hope
Hope College,99,100 Breast,9,1:10.06,Exley Tricker,,Total Performance Invitational
Hope College,99,100 Breast,10,1:10.18,Bella Turner,,MIAA Invite
Hope College,99,100 Fly,1,55.45,Greta Gidley,,MIAA Championships
Hope College,99,100 Fly,2,57.20,Claudia Busse,,MIAA Championships
Hope College,99,100 Fly,3,57.74,Laurel Wasiniak,,GVSU Invite
Hope College,99,100 Fly,4,58.79,Katie Hermann,,Calvin vs. Hope
Hope College,99,100 Fly,5,59.02,Makenzie Baldwin,,MIAA Invite
Hope College,99,100 Fly,6,59.17,Emmy Sower,,GVSU Invite
Hope College,99,100 Fly,7,59.46,Natalie Pitera,,MIAA Championships
Hope College,99,100 Fly,8,59.52,Emme D'Errico,,Be Better Invitational
Hope College,99,100 Fly,9,59.81,Meg Pinkerton,,Total Performance Invitational
Hope College,99,100 Fly,10,1:00.05,Kat Schaefer,,Total Performance Invitational
Hope College,99,100 Free,1,50.19,Laurel Wasiniak,,Total Performance Invitational
Hope College,99,100 Free,2,50.96,Bella Turner,,Total Performance Invitational
Hope College,99,100 Free,3,51.12,Greta Gidley,,Hope vs. Chicago
Hope College,99,100 Free,4,51.49,Claudia Busse,,Total Performance Invitational
Hope College,99,100 Free,5,52.37,Makenzie Baldwin,,Total Performance Invitational
Hope College,99,100 Free,6,52.57,Emme D'Errico,,MIAA Championships
Hope College,99,100 Free,7,53.23,Brianna Elliott,,Total Performance Invitational
Hope College,99,100 Free,8,53.41,Meg Pinkerton,,MIAA Championships
Hope College,99,100 Free,9,53.92,Gracie Putnam,,MIAA Championships
Hope College,99,100 Free,10,54.20,Lilly Ryden,,Total Performance Invitational
Hope College,99,1000 Free,1,10:51.63,Natalie Pitera,,MIAA Championships
Hope College,99,1000 Free,2,10:57.67,Ashlea Swingewood,,MIAA Championships
Hope College,99,1000 Free,3,11:07.09,Meredith Righter,,MIAA Championships
Hope College,99,1000 Free,4,11:15.61,Ruth Conley,,Total Performance Invitational
Hope College,99,1650 Free,1,17:57.90,Natalie Pitera,,MIAA Championships
Hope College,99,1650 Free,2,18:19.33,Ashlea Swingewood,,MIAA Championships
Hope College,99,1650 Free,3,18:27.52,Meredith Righter,,MIAA Championships
Hope College,99,1650 Free,4,18:49.54,Ruth Conley,,Total Performance Invitational
Hope College,99,200 Back,1,1:59.36,Makenzie Baldwin,,MIAA Championships
Hope College,99,200 Back,2,2:02.30,Katie Hermann,,MIAA Championships
Hope College,99,200 Back,3,2:03.61,Ella Cabbage,,Total Performance Invitational
Hope College,99,200 Back,4,2:04.34,Greta Gidley,,MIAA Winter Invite
Hope College,99,200 Back,5,2:04.70,Avery Bills,,MIAA Championships
Hope College,99,200 Back,6,2:08.66,Paige Potter,,MIAA Championships
Hope College,99,200 Back,7,2:09.55,Madeline McGee,,MIAA Championships
Hope College,99,200 Back,8,2:12.92,Emme D'Errico,,Calvin vs. Hope
Hope College,99,200 Back,9,2:14.93,Ruth Conley,,Total Performance Invitational
Hope College,99,200 Back,10,2:16.41,Brianna Elliott,,Total Performance Invitational
Hope College,99,200 Breast,1,2:21.11,Madi Remenschnieder,,MIAA Championships
Hope College,99,200 Breast,2,2:21.68,Greta Gidley,,Calvin vs. Hope
Hope College,99,200 Breast,3,2:22.02,Riess Estep,,MIAA Championships
Hope College,99,200 Breast,4,2:22.23,Anna Stolle,,MIAA Championships
Hope College,99,200 Breast,5,2:23.25,Katie Hermann,,Total Performance Invitational
Hope College,99,200 Breast,6,2:26.47,Ally O'Brien,,MIAA Championships
Hope College,99,200 Breast,7,2:28.05,Emme D'Errico,,D3 Shootout
Hope College,99,200 Breast,8,2:29.81,Dillon Horsley,,GVSU Invite
Hope College,99,200 Breast,9,2:33.62,Exley Tricker,,Total Performance Invitational
Hope College,99,200 Breast,10,2:33.76,Ella Cabbage,,MIAA Winter Invite
Hope College,99,200 Fly,1,2:03.58,Emme D'Errico,,MIAA Championships
Hope College,99,200 Fly,2,2:11.65,Natalie Pitera,,MIAA Championships
Hope College,99,200 Fly,3,2:11.94,Makenzie Baldwin,,GVSU Invite
Hope College,99,200 Fly,4,2:13.87,Ashlea Swingewood,,MIAA Championships
Hope College,99,200 Fly,5,2:16.17,Emmy Sower,,GVSU Invite
Hope College,99,200 Fly,6,2:16.40,Kat Schaefer,,Total Performance Invitational
Hope College,99,200 Fly,7,2:21.00,Bella Turner,,D3 Shootout
Hope College,99,200 Fly,8,2:23.58,Meredith Righter,,GVSU Invite
Hope College,99,200 Free,1,1:50.99,Laurel Wasiniak,,MIAA Championships
Hope College,99,200 Free,2,1:51.81,Emme D'Errico,,MIAA Championships
Hope College,99,200 Free,3,1:52.29,Claudia Busse,,D3 Shootout
Hope College,99,200 Free,4,1:54.74,Bella Turner,,MIAA Championships
Hope College,99,200 Free,5,1:55.96,Makenzie Baldwin,,MIAA Invite
Hope College,99,200 Free,6,1:56.12,Brianna Elliott,,MIAA Championships
Hope College,99,200 Free,7,1:56.33,Ally O'Brien,,MIAA Championships
Hope College,99,200 Free,8,1:57.14,Katie Hermann,,Calvin vs. Hope
Hope College,99,200 Free,9,1:58.04,Kat Schaefer,,Total Performance Invitational
Hope College,99,200 Free,10,1:58.26,Lilly Ryden,,Total Performance Invitational
Hope College,99,200 Im,1,2:00.47,Greta Gidley,,MIAA Championships
Hope College,99,200 Im,2,2:04.11,Katie Hermann,,MIAA Championships
Hope College,99,200 Im,3,2:04.57,Emme D'Errico,,MIAA Championships
Hope College,99,200 Im,4,2:06.49,Anna Stolle,,MIAA Championships
Hope College,99,200 Im,5,2:09.97,Madi Remenschnieder,,MIAA Championships
Hope College,99,200 Im,6,2:10.33,Ella Cabbage,,Total Performance Invitational
Hope College,99,200 Im,7,2:10.94,Avery Bills,,MIAA Championships
Hope College,99,200 Im,8,2:11.56,Paige Potter,,Total Performance Invitational
Hope College,99,200 Im,9,2:11.72,Claudia Busse,,Calvin vs. Hope
Hope College,99,200 Im,10,2:13.15,Riess Estep,,GVSU Invite
Hope College,99,400 Im,1,4:24.06,Emme D'Errico,,MIAA Championships
Hope College,99,400 Im,2,4:26.51,Katie Hermann,,Total Performance Invitational
Hope College,99,400 Im,3,4:33.81,Anna Stolle,,MIAA Championships
Hope College,99,400 Im,4,4:40.59,Paige Potter,,MIAA Championships
Hope College,99,400 Im,5,4:42.15,Ashlea Swingewood,,MIAA Championships
Hope College,99,400 Im,6,4:42.67,Natalie Pitera,,MIAA Championships
Hope College,99,400 Im,7,4:44.41,Riess Estep,,MIAA Championships
Hope College,99,400 Im,8,4:50.98,Ella Cabbage,,MIAA Winter Invite
Hope College,99,400 Im,9,4:52.40,Madi Remenschnieder,,D3 Shootout
Hope College,99,400 Im,10,4:55.83,Ally O'Brien,,Kalamazoo Quad
Hope College,99,50 Free,1,23.05,Laurel Wasiniak,,MIAA Championships
Hope College,99,50 Free,2,23.16,Claudia Busse,,MIAA Championships
Hope College,99,50 Free,3,23.21,Greta Gidley,,MIAA Championships
Hope College,99,50 Free,4,23.39,Bella Turner,,Total Performance Invitational
Hope College,99,50 Free,5,23.79,Ally O'Brien,,Be Better Invitational
Hope College,99,50 Free,6,24.03,Lilly Ryden,,Be Better Invitational
Hope College,99,50 Free,7,24.13,Madeline McGee,,MIAA Championships
Hope College,99,50 Free,8,24.48,Emmy Sower,,GVSU Invite
Hope College,99,50 Free,9,24.63,Emme D'Errico,,Total Performance Invitational
Hope College,99,50 Free,10,24.68,Makenzie Baldwin,,GVSU Invite
Hope College,99,500 Free,1,4:58.09,Makenzie Baldwin,,MIAA Championships
Hope College,99,500 Free,2,5:08.52,Emme D'Errico,,D3 Shootout
Hope College,99,500 Free,3,5:13.88,Ally O'Brien,,MIAA Championships
Hope College,99,500 Free,4,5:17.59,Ashlea Swingewood,,Total Performance Invitational
Hope College,99,500 Free,5,5:18.13,Brianna Elliott,,MIAA Championships
Hope College,99,500 Free,6,5:18.81,Natalie Pitera,,GVSU Invite
Hope College,99,500 Free,7,5:24.97,Kat Schaefer,,Total Performance Invitational
Hope College,99,500 Free,8,5:26.89,Ruth Conley,,Total Performance Invitational
Hope College,99,500 Free,9,5:28.61,Meredith Righter,,MIAA Championships
Hope College,99,500 Free,10,5:28.83,Meg Pinkerton,,MIAA Championships
Ithaca College,35,100 Back,1,57.41,Elke Beaumont,,Liberty League Championships
Ithaca College,35,100 Back,2,57.86,Samantha Bender,,Liberty League Championships
Ithaca College,35,100 Back,3,58.01,Ainsley Lappas-Ford,,Liberty League Championships
Ithaca College,35,100 Back,4,58.68,Elizabeth Bodie,,14th Annual Bomber Invitational
Ithaca College,35,100 Back,5,1:00.07,Kelsey Graham,,Liberty League Championships
Ithaca College,35,100 Back,6,1:00.45,Sierra Houck,,Liberty League Championships
Ithaca College,35,100 Back,7,1:01.26,Maggie Taplin,,14th Annual Bomber Invitational
Ithaca College,35,100 Back,8,1:02.68,Sydney Levensten,,Liberty League Championships
Ithaca College,35,100 Back,9,1:04.89,Emily Eichinger,,2025 Ithaca  @ RPI
Ithaca College,35,100 Breast,1,1:04.69,Sydney Koehler,,14th Annual Bomber Invitational
Ithaca College,35,100 Breast,2,1:06.33,Emma Kidd,,Liberty League Championships
Ithaca College,35,100 Breast,3,1:07.75,Spencer Carroll,,Liberty League Championships
Ithaca College,35,100 Breast,4,1:11.19,Kathleen Papiernik,,Ithaca College at SUNY Cortland
Ithaca College,35,100 Breast,5,1:12.12,Sydney Levensten,,Liberty League Championships
Ithaca College,35,100 Breast,6,1:14.66,Maggie Taplin,,URochester vs Ithaca
Ithaca College,35,100 Fly,1,55.32,Kathleen Papiernik,,Liberty League Championships
Ithaca College,35,100 Fly,2,56.37,Elizabeth Bodie,,Liberty League Championships
Ithaca College,35,100 Fly,3,58.44,mianny Trinidad,,Liberty League Championships
Ithaca College,35,100 Fly,4,59.60,Emily Eichinger,,Liberty League Championships
Ithaca College,35,100 Fly,5,59.88,Molly Wilson,,Liberty League Championships
Ithaca College,35,100 Fly,6,1:00.47,Ainsley Lappas-Ford,,14th Annual Bomber Invitational
Ithaca College,35,100 Fly,7,1:02.69,Erika Doran,,Liberty League Championships
Ithaca College,35,100 Fly,8,1:02.82,Naomi Fry,,Ithaca College at SUNY Cortland
Ithaca College,35,100 Fly,9,1:03.47,Paige Simon,,14th Annual Bomber Invitational
Ithaca College,35,100 Fly,10,1:05.81,Mya Barbatsoulis,,Liberty League Championships
Ithaca College,35,100 Free,1,51.67,Elke Beaumont,,Liberty League Championships
Ithaca College,35,100 Free,2,52.82,Charlotte Barton,,14th Annual Bomber Invitational
Ithaca College,35,100 Free,3,53.09,Emma Kidd,,14th Annual Bomber Invitational
Ithaca College,35,100 Free,4,53.15,Naomi Fry,,Liberty League Championships
Ithaca College,35,100 Free,5,53.67,Spencer Carroll,,Liberty League Championships
Ithaca College,35,100 Free,6,53.83,Jill Wedding,,Liberty League Championships
Ithaca College,35,100 Free,7,54.07,Sierra Houck,,Liberty League Championships
Ithaca College,35,100 Free,8,54.09,Ava Palfreyman,,Liberty League Championships
Ithaca College,35,100 Free,9,54.23,mianny Trinidad,,Liberty League Championships
Ithaca College,35,100 Free,10,54.32,Molly Wilson,,Liberty League Championships
Ithaca College,35,1000 Free,1,10:44.18,Paige Simon,,Liberty League Championships
Ithaca College,35,1000 Free,2,10:56.52,Mya Barbatsoulis,,Ithaca vs. SUNY-Geneseo
Ithaca College,35,1000 Free,3,10:59.21,Emma Heinze,,Ithaca vs. SUNY-Geneseo
Ithaca College,35,1000 Free,4,10:59.86,Erika Doran,,Ithaca vs. SUNY-Geneseo
Ithaca College,35,1000 Free,5,11:16.47,Dana Hans,,Liberty League Championships
Ithaca College,35,1000 Free,6,11:22.32,Caroline Armistead,,Liberty League Championships
Ithaca College,35,1000 Free,7,11:28.80,Abby Pecze,,Liberty League Championships
Ithaca College,35,1000 Free,8,11:31.97,Ava Palfreyman,,Ithaca vs. Scranton vs. Hartwick
Ithaca College,35,1650 Free,1,17:51.57,Paige Simon,,Liberty League Championships
Ithaca College,35,1650 Free,2,18:15.09,Mya Barbatsoulis,,Liberty League Championships
Ithaca College,35,1650 Free,3,18:17.47,Erika Doran,,Liberty League Championships
Ithaca College,35,1650 Free,4,18:35.65,Emma Heinze,,Liberty League Championships
Ithaca College,35,1650 Free,5,18:44.09,Dana Hans,,Liberty League Championships
Ithaca College,35,1650 Free,6,18:49.67,Caroline Armistead,,Liberty League Championships
Ithaca College,35,1650 Free,7,18:53.21,Abby Pecze,,14th Annual Bomber Invitational
Ithaca College,35,200 Back,1,2:05.38,Samantha Bender,,Liberty League Championships
Ithaca College,35,200 Back,2,2:06.21,Ainsley Lappas-Ford,,Liberty League Championships
Ithaca College,35,200 Back,3,2:09.54,Kelsey Graham,,Liberty League Championships
Ithaca College,35,200 Back,4,2:15.54,Elizabeth Bodie,,Ithaca College at SUNY Cortland
Ithaca College,35,200 Back,5,2:16.13,Emily Eichinger,,14th Annual Bomber Invitational
Ithaca College,35,200 Back,6,2:18.11,Kathleen Papiernik,,Ithaca College at SUNY Cortland
Ithaca College,35,200 Back,7,2:19.49,Dana Hans,,Ithaca vs. SUNY-Geneseo
Ithaca College,35,200 Breast,1,2:19.88,Sydney Koehler,,Liberty League Championships
Ithaca College,35,200 Breast,2,2:24.09,Kathleen Papiernik,,Liberty League Championships
Ithaca College,35,200 Breast,3,2:29.20,Erika Doran,,Liberty League Championships
Ithaca College,35,200 Breast,4,2:40.11,Maggie Taplin,,14th Annual Bomber Invitational
Ithaca College,35,200 Breast,5,2:46.80,Mya Barbatsoulis,,Ithaca vs. Scranton vs. Hartwick
Ithaca College,35,200 Breast,6,2:48.83,Emma Heinze,,Ithaca College at SUNY Cortland
Ithaca College,35,200 Fly,1,2:05.55,Elizabeth Bodie,,Liberty League Championships
Ithaca College,35,200 Fly,2,2:10.17,Kathleen Papiernik,,14th Annual Bomber Invitational
Ithaca College,35,200 Fly,3,2:14.75,Emily Eichinger,,Liberty League Championships
Ithaca College,35,200 Fly,4,2:14.94,Paige Simon,,Liberty League Championships
Ithaca College,35,200 Fly,5,2:23.16,Caroline Armistead,,Liberty League Championships
Ithaca College,35,200 Fly,6,2:23.53,Ainsley Lappas-Ford,,Ithaca College at SUNY Cortland
Ithaca College,35,200 Free,1,1:53.70,Naomi Fry,,Liberty League Championships
Ithaca College,35,200 Free,2,1:53.98,Samantha Bender,,Liberty League Championships
Ithaca College,35,200 Free,3,1:56.18,Charlotte Barton,,Liberty League Championships
Ithaca College,35,200 Free,4,1:56.29,Ava Palfreyman,,Liberty League Championships
Ithaca College,35,200 Free,5,1:57.13,Jill Wedding,,Liberty League Championships
Ithaca College,35,200 Free,6,2:00.37,Emma Heinze,,Liberty League Championships
Ithaca College,35,200 Free,7,2:01.89,Abby Pecze,,Ithaca vs. SUNY-Geneseo
Ithaca College,35,200 Free,8,2:02.85,Sydney Koehler,,Ithaca College at SUNY Cortland
Ithaca College,35,200 Free,9,2:06.88,Mya Barbatsoulis,,14th Annual Bomber Invitational
Ithaca College,35,200 Im,1,2:06.11,Kathleen Papiernik,,Liberty League Championships
Ithaca College,35,200 Im,2,2:10.07,Elizabeth Bodie,,Liberty League Championships
Ithaca College,35,200 Im,3,2:10.80,Sydney Koehler,,Liberty League Championships
Ithaca College,35,200 Im,4,2:15.94,Erika Doran,,Ithaca vs. SUNY-Geneseo
Ithaca College,35,200 Im,5,2:18.68,Mya Barbatsoulis,,Ithaca vs. SUNY-Geneseo
Ithaca College,35,200 Im,6,2:19.30,Kelsey Graham,,14th Annual Bomber Invitational
Ithaca College,35,200 Im,7,2:21.33,Molly Wilson,,Ithaca College at SUNY Cortland
Ithaca College,35,200 Im,8,2:23.87,Ainsley Lappas-Ford,,Ithaca College at SUNY Cortland
Ithaca College,35,200 Im,9,2:28.60,Caroline Armistead,,Ithaca vs. SUNY-Geneseo
Ithaca College,35,400 Im,1,4:35.18,Erika Doran,,Liberty League Championships
Ithaca College,35,400 Im,2,4:48.83,Mya Barbatsoulis,,Liberty League Championships
Ithaca College,35,400 Im,3,5:03.58,Caroline Armistead,,Liberty League Championships
Ithaca College,35,50 Free,1,23.79,Spencer Carroll,,Liberty League Championships
Ithaca College,35,50 Free,2,23.90,Elke Beaumont,,Liberty League Championships
Ithaca College,35,50 Free,3,24.14,Samantha Bender,,14th Annual Bomber Invitational
Ithaca College,35,50 Free,4,24.30,Jill Wedding,,Liberty League Championships
Ithaca College,35,50 Free,5,24.41,Emma Kidd,,Liberty League Championships
Ithaca College,35,50 Free,6,24.44,Molly Wilson,,Liberty League Championships
Ithaca College,35,50 Free,7,24.56,mianny Trinidad,,14th Annual Bomber Invitational
Ithaca College,35,50 Free,8,24.57,Charlotte Barton,,14th Annual Bomber Invitational
Ithaca College,35,50 Free,9,24.87,Sierra Houck,,Liberty League Championships
Ithaca College,35,50 Free,10,25.14,Naomi Fry,,14th Annual Bomber Invitational
Ithaca College,35,500 Free,1,5:06.63,Naomi Fry,,Liberty League Championships
Ithaca College,35,500 Free,2,5:09.49,Ava Palfreyman,,Liberty League Championships
Ithaca College,35,500 Free,3,5:10.28,Paige Simon,,Liberty League Championships
Ithaca College,35,500 Free,4,5:16.97,Mya Barbatsoulis,,Liberty League Championships
Ithaca College,35,500 Free,5,5:20.83,Abby Pecze,,14th Annual Bomber Invitational
Ithaca College,35,500 Free,6,5:24.48,Emma Heinze,,14th Annual Bomber Invitational
Ithaca College,35,500 Free,7,5:25.51,Erika Doran,,14th Annual Bomber Invitational
Ithaca College,35,500 Free,8,5:27.14,Dana Hans,,Liberty League Championships
Ithaca College,35,500 Free,9,5:33.45,Samantha Bender,,Ithaca College at SUNY Cortland
Ithaca College,35,500 Free,10,5:36.91,Caroline Armistead,,14th Annual Bomber Invitational
John Carroll University,150,100 Back,1,56.99,Audrey Sevald,,North Coast Athletic Conference Championships
John Carroll University,150,100 Back,2,59.48,Lauren Koppelmann,,Magnus Cup Invitational
John Carroll University,150,100 Back,3,1:00.07,Dylayn Shipe,,North Coast Athletic Conference Championships
John Carroll University,150,100 Back,4,1:00.77,Taylor Hudson,,North Coast Athletic Conference Championships
John Carroll University,150,100 Back,5,1:01.02,Gianna Minotas,,North Coast Athletic Conference Championships
John Carroll University,150,100 Back,6,1:02.43,Jenna Fetsko,,JCU vs Dennison
John Carroll University,150,100 Breast,1,1:08.67,Kami Contakis,,Kenyon vs. John Carroll
John Carroll University,150,100 Breast,2,1:08.70,Olivia Goodman,,Magnus Cup Invitational
John Carroll University,150,100 Breast,3,1:10.59,Kaitlyn Hilty,,Magnus Cup Invitational
John Carroll University,150,100 Breast,4,1:12.23,Kyan Snider-Mills,,North Coast Athletic Conference Championships
John Carroll University,150,100 Breast,5,1:15.43,Maria Armao,,North Coast Athletic Conference Championships
John Carroll University,150,100 Fly,1,58.06,Gabby Adamczyk,,North Coast Athletic Conference Championships
John Carroll University,150,100 Fly,2,59.00,Grace Roberts,,North Coast Athletic Conference Championships
John Carroll University,150,100 Fly,3,1:00.34,Alyssa Galley,,North Coast Athletic Conference Championships
John Carroll University,150,100 Fly,4,1:00.39,JJ Gowetski,,Kenyon vs. John Carroll
John Carroll University,150,100 Fly,5,1:01.21,Audrey Sevald,,Oberlin vs. John Carroll
John Carroll University,150,100 Fly,6,1:03.67,Olivia Goodman,,North Coast Athletic Conference Championships
John Carroll University,150,100 Fly,7,1:04.19,Marina Sneyd,,North Coast Athletic Conference Championships
John Carroll University,150,100 Fly,8,1:04.60,Lauren Koppelmann,,North Coast Athletic Conference Championships
John Carroll University,150,100 Free,1,52.33,Mairin Dalziel,,Magnus Cup Invitational
John Carroll University,150,100 Free,2,53.59,Bree Shirkey,,North Coast Athletic Conference Championships
John Carroll University,150,100 Free,3,54.08,Audrey Sevald,,North Coast Athletic Conference Championships
John Carroll University,150,100 Free,4,55.34,JJ Gowetski,,Magnus Cup Invitational
John Carroll University,150,100 Free,5,55.93,Gabby Adamczyk,,Kenyon vs. John Carroll
John Carroll University,150,100 Free,6,56.57,Taylor Hudson,,Magnus Cup Invitational
John Carroll University,150,100 Free,7,56.91,Gianna Minotas,,North Coast Athletic Conference Championships
John Carroll University,150,100 Free,8,56.92,Dylayn Shipe,,North Coast Athletic Conference Championships
John Carroll University,150,100 Free,9,57.48,Kyan Snider-Mills,,North Coast Athletic Conference Championships
John Carroll University,150,100 Free,10,57.58,Maria Armao,,North Coast Athletic Conference Championships
John Carroll University,150,1000 Free,1,10:45.56,Ella Muzychak,,Magnus Cup Invitational
John Carroll University,150,1000 Free,2,11:03.28,Mairin Dalziel,,John Carroll vs. Heidelberg
John Carroll University,150,1000 Free,3,11:29.20,Marina Sneyd,,John Carroll v Findlay v Bowling Green
John Carroll University,150,1000 Free,4,11:38.84,Hannah Smith,,Kenyon vs. John Carroll
John Carroll University,150,1650 Free,1,17:49.44,Ella Muzychak,,Magnus Cup Invitational
John Carroll University,150,200 Back,1,2:04.33,Audrey Sevald,,North Coast Athletic Conference Championships
John Carroll University,150,200 Back,2,2:08.51,Lauren Koppelmann,,North Coast Athletic Conference Championships
John Carroll University,150,200 Back,3,2:10.33,Jenna Fetsko,,North Coast Athletic Conference Championships
John Carroll University,150,200 Back,4,2:19.96,Taylor Hudson,,John Carroll v Findlay v Bowling Green
John Carroll University,150,200 Back,5,2:20.69,Dylayn Shipe,,JCU vs Dennison
John Carroll University,150,200 Breast,1,2:27.36,Olivia Goodman,,Magnus Cup Invitational
John Carroll University,150,200 Breast,2,2:33.76,Kami Contakis,,Magnus Cup Invitational
John Carroll University,150,200 Breast,3,2:35.47,Kaitlyn Hilty,,North Coast Athletic Conference Championships
John Carroll University,150,200 Breast,4,2:39.06,Marina Sneyd,,Kenyon vs. John Carroll
John Carroll University,150,200 Breast,5,2:46.90,Maria Armao,,JCU vs Dennison
John Carroll University,150,200 Fly,1,2:09.04,Gabby Adamczyk,,Magnus Cup Invitational
John Carroll University,150,200 Fly,2,2:13.86,Marina Sneyd,,Magnus Cup Invitational
John Carroll University,150,200 Fly,3,2:14.10,Grace Roberts,,Magnus Cup Invitational
John Carroll University,150,200 Fly,4,2:19.37,Alyssa Galley,,Magnus Cup Invitational
John Carroll University,150,200 Fly,5,2:20.35,JJ Gowetski,,Kenyon vs. John Carroll
John Carroll University,150,200 Free,1,1:55.77,Mairin Dalziel,,Magnus Cup Invitational
John Carroll University,150,200 Free,2,1:57.52,Audrey Sevald,,JCU vs Case Western Reserve
John Carroll University,150,200 Free,3,1:57.55,Bree Shirkey,,North Coast Athletic Conference Championships
John Carroll University,150,200 Free,4,2:00.03,Jenna Fetsko,,North Coast Athletic Conference Championships
John Carroll University,150,200 Free,5,2:00.25,Ella Muzychak,,North Coast Athletic Conference Championships
John Carroll University,150,200 Free,6,2:01.62,JJ Gowetski,,JCU vs Case Western Reserve
John Carroll University,150,200 Free,7,2:03.80,Kaitlyn Hilty,,Cleveland City Classic
John Carroll University,150,200 Free,8,2:04.42,Gabby Adamczyk,,Magnus Cup Invitational
John Carroll University,150,200 Free,9,2:07.90,Dylayn Shipe,,JCU vs Dennison
John Carroll University,150,200 Free,10,2:08.30,Taylor Hudson,,Oberlin vs. John Carroll
John Carroll University,150,200 Im,1,2:10.82,Audrey Sevald,,North Coast Athletic Conference Championships
John Carroll University,150,200 Im,2,2:12.81,Kami Contakis,,North Coast Athletic Conference Championships
John Carroll University,150,200 Im,3,2:12.82,Mairin Dalziel,,John Carroll v Findlay v Bowling Green
John Carroll University,150,200 Im,4,2:13.76,Olivia Goodman,,North Coast Athletic Conference Championships
John Carroll University,150,200 Im,5,2:13.79,JJ Gowetski,,Magnus Cup Invitational
John Carroll University,150,200 Im,6,2:15.44,Dylayn Shipe,,North Coast Athletic Conference Championships
John Carroll University,150,200 Im,7,2:15.76,Gabby Adamczyk,,North Coast Athletic Conference Championships
John Carroll University,150,200 Im,8,2:17.86,Bree Shirkey,,John Carroll vs. Heidelberg
John Carroll University,150,200 Im,9,2:19.60,Marina Sneyd,,Kalamazoo Quad
John Carroll University,150,200 Im,10,2:20.25,Kaitlyn Hilty,,Magnus Cup Invitational
John Carroll University,150,400 Im,1,4:41.39,Audrey Sevald,,Oberlin vs. John Carroll
John Carroll University,150,400 Im,2,4:42.01,Marina Sneyd,,Magnus Cup Invitational
John Carroll University,150,400 Im,3,4:42.01,Olivia Goodman,,North Coast Athletic Conference Championships
John Carroll University,150,400 Im,4,4:47.94,Lauren Koppelmann,,North Coast Athletic Conference Championships
John Carroll University,150,50 Free,1,24.24,Mairin Dalziel,,Magnus Cup Invitational
John Carroll University,150,50 Free,2,24.48,Bree Shirkey,,CWRU Spartan Invitational
John Carroll University,150,50 Free,3,25.17,Alyssa Galley,,North Coast Athletic Conference Championships
John Carroll University,150,50 Free,4,25.52,Grace Roberts,,North Coast Athletic Conference Championships
John Carroll University,150,50 Free,5,25.54,Taylor Hudson,,Cleveland City Classic
John Carroll University,150,50 Free,6,25.78,Gianna Minotas,,North Coast Athletic Conference Championships
John Carroll University,150,50 Free,7,25.79,JJ Gowetski,,Magnus Cup Invitational
John Carroll University,150,50 Free,8,25.87,Audrey Sevald,,North Coast Athletic Conference Championships
John Carroll University,150,50 Free,9,25.97,Gabby Adamczyk,,Cleveland City Classic
John Carroll University,150,50 Free,10,26.09,Kami Contakis,,Magnus Cup Invitational
John Carroll University,150,500 Free,1,5:14.68,Ella Muzychak,,Magnus Cup Invitational
John Carroll University,150,500 Free,2,5:16.31,Mairin Dalziel,,Magnus Cup Invitational
John Carroll University,150,500 Free,3,5:21.19,Marina Sneyd,,North Coast Athletic Conference Championships
John Carroll University,150,500 Free,4,5:26.63,Jenna Fetsko,,North Coast Athletic Conference Championships
John Carroll University,150,500 Free,5,5:38.73,Hannah Smith,,Kenyon vs. John Carroll
John Carroll University,150,500 Free,6,5:57.44,Taylor Hudson,,John Carroll vs. Heidelberg
Johns Hopkins University,111,100 Back,1,55.79,Ken Lee,,Blue Jay Invite
Johns Hopkins University,111,100 Back,2,56.31,Anna Miler,,Centennial Conference Championships
Johns Hopkins University,111,100 Back,3,56.34,Jaya Veerapaneni,,Centennial Conference Championships
Johns Hopkins University,111,100 Back,4,56.93,Kimberly Lan,,Centennial Conference Championships
Johns Hopkins University,111,100 Back,5,57.02,Lily Rossmann,,Centennial Conference Championships
Johns Hopkins University,111,100 Back,6,57.14,Stella Zhang,,Johns Hopkins Open
Johns Hopkins University,111,100 Breast,1,1:05.39,Reese Rosenthal,,Centennial Conference Championships
Johns Hopkins University,111,100 Breast,2,1:05.52,Renee Bak,,Centennial Conference Championships
Johns Hopkins University,111,100 Breast,3,1:06.28,Amy Hu,,Johns Hopkins v Swarthmore
Johns Hopkins University,111,100 Breast,4,1:06.99,Katherine Chelus,,William & Mary vs. Johns Hopkins
Johns Hopkins University,111,100 Breast,5,1:07.08,Rachel Davis,,"Johns Hopkins vs. TCNJ, Washington & Lee"
Johns Hopkins University,111,100 Breast,6,1:08.08,Kate Petitt,,Johns Hopkins Open
Johns Hopkins University,111,100 Breast,7,1:10.35,Maddie Horner,,Blue Jay Invite
Johns Hopkins University,111,100 Breast,8,1:10.71,Alia Basler,,Johns Hopkins vs Georgetown
Johns Hopkins University,111,100 Fly,1,54.68,Ken Lee,,H2ounds Invitational
Johns Hopkins University,111,100 Fly,2,56.35,Kate Petitt,,Centennial Conference Championships
Johns Hopkins University,111,100 Fly,3,56.85,Elizabeth Cohen,,Centennial Conference Championships
Johns Hopkins University,111,100 Fly,4,57.54,Lily Rossmann,,Centennial Conference Championships
Johns Hopkins University,111,100 Fly,5,57.78,Melissa Er,,Johns Hopkins Open
Johns Hopkins University,111,100 Fly,6,58.06,Renee Bak,,Johns Hopkins Open
Johns Hopkins University,111,100 Fly,7,58.60,Rachel Davis,,Blue Jay Invite
Johns Hopkins University,111,100 Fly,8,59.05,Maddie Horner,,Blue Jay Invite
Johns Hopkins University,111,100 Fly,9,59.73,Amy Hu,,"Johns Hopkins vs. TCNJ, Washington & Lee"
Johns Hopkins University,111,100 Fly,10,1:00.21,Angela Kim,,Johns Hopkins Open
Johns Hopkins University,111,100 Free,1,51.34,Elizabeth Cohen,,Centennial Conference Championships
Johns Hopkins University,111,100 Free,2,52.06,Ken Lee,,Blue Jay Invite
Johns Hopkins University,111,100 Free,3,52.23,Alex Watson,,Johns Hopkins vs Georgetown
Johns Hopkins University,111,100 Free,4,52.23,Kimberly Lan,,H2ounds Invitational
Johns Hopkins University,111,100 Free,5,52.27,Anna Miler,,Centennial Conference Championships
Johns Hopkins University,111,100 Free,6,52.50,Melissa Er,,Johns Hopkins v Swarthmore
Johns Hopkins University,111,100 Free,7,52.81,Claire Han,,H2ounds Invitational
Johns Hopkins University,111,100 Free,8,52.81,Angela Kim,,"Johns Hopkins vs. TCNJ, Washington & Lee"
Johns Hopkins University,111,100 Free,9,52.96,Jaya Veerapaneni,,Johns Hopkins v Swarthmore
Johns Hopkins University,111,100 Free,10,53.06,Renee Bak,,Johns Hopkins Open
Johns Hopkins University,111,1000 Free,1,10:40.22,Melissa Er,,William & Mary vs. Johns Hopkins
Johns Hopkins University,111,1000 Free,2,10:41.05,Julia Tuinman,,Johns Hopkins v Swarthmore
Johns Hopkins University,111,1000 Free,3,10:43.52,Carly white,,Johns Hopkins v Swarthmore
Johns Hopkins University,111,1000 Free,4,10:47.05,Alex Watson,,William & Mary vs. Johns Hopkins
Johns Hopkins University,111,1650 Free,1,17:43.51,Julia Tuinman,,H2ounds Invitational
Johns Hopkins University,111,1650 Free,2,17:55.22,Melissa Er,,Centennial Conference Championships
Johns Hopkins University,111,1650 Free,3,17:59.52,Carly white,,Centennial Conference Championships
Johns Hopkins University,111,200 Back,1,1:59.46,Ken Lee,,H2ounds Invitational
Johns Hopkins University,111,200 Back,2,2:04.30,Jaya Veerapaneni,,Johns Hopkins v Swarthmore
Johns Hopkins University,111,200 Back,3,2:05.05,Lily Rossmann,,Johns Hopkins Open
Johns Hopkins University,111,200 Back,4,2:05.87,Stella Zhang,,Johns Hopkins Open
Johns Hopkins University,111,200 Back,5,2:10.81,Kimberly Lan,,Johns Hopkins v Mt St Mary's
Johns Hopkins University,111,200 Breast,1,2:22.81,Rachel Davis,,Johns Hopkins Open
Johns Hopkins University,111,200 Breast,2,2:24.54,Amy Hu,,Centennial Conference Championships
Johns Hopkins University,111,200 Breast,3,2:26.07,Reese Rosenthal,,Centennial Conference Championships
Johns Hopkins University,111,200 Breast,4,2:26.35,Renee Bak,,"Johns Hopkins vs. TCNJ, Washington & Lee"
Johns Hopkins University,111,200 Breast,5,2:27.44,Maddie Horner,,Johns Hopkins Open
Johns Hopkins University,111,200 Breast,6,2:28.06,Katherine Chelus,,William & Mary vs. Johns Hopkins
Johns Hopkins University,111,200 Fly,1,2:07.30,Maddie Horner,,William & Mary vs. Johns Hopkins
Johns Hopkins University,111,200 Fly,2,2:07.41,Kate Petitt,,Centennial Conference Championships
Johns Hopkins University,111,200 Fly,3,2:09.65,Rachel Davis,,Johns Hopkins Open
Johns Hopkins University,111,200 Fly,4,2:10.44,Melissa Er,,Johns Hopkins Open
Johns Hopkins University,111,200 Fly,5,2:10.57,Lily Rossmann,,Johns Hopkins vs Georgetown
Johns Hopkins University,111,200 Free,1,1:52.18,Julia Tuinman,,Centennial Conference Championships
Johns Hopkins University,111,200 Free,2,1:52.23,Ken Lee,,Johns Hopkins Open
Johns Hopkins University,111,200 Free,3,1:52.54,Alex Watson,,Johns Hopkins vs Georgetown
Johns Hopkins University,111,200 Free,4,1:52.92,Melissa Er,,Johns Hopkins v Swarthmore
Johns Hopkins University,111,200 Free,5,1:53.36,Claire Han,,Centennial Conference Championships
Johns Hopkins University,111,200 Free,6,1:54.94,Elizabeth Cohen,,Blue Jay Invite
Johns Hopkins University,111,200 Free,7,1:55.97,Stella Zhang,,Johns Hopkins Open
Johns Hopkins University,111,200 Free,8,1:56.04,Anna Miler,,Blue Jay Invite
Johns Hopkins University,111,200 Free,9,1:56.77,Carly white,,H2ounds Invitational
Johns Hopkins University,111,200 Free,10,1:56.86,Angela Kim,,Johns Hopkins v Swarthmore
Johns Hopkins University,111,200 Im,1,2:06.76,Rachel Davis,,Centennial Conference Championships
Johns Hopkins University,111,200 Im,2,2:08.57,Kate Petitt,,Centennial Conference Championships
Johns Hopkins University,111,200 Im,3,2:08.78,Renee Bak,,Johns Hopkins Open
Johns Hopkins University,111,200 Im,4,2:08.90,Melissa Er,,Johns Hopkins Open
Johns Hopkins University,111,200 Im,5,2:09.07,Julia Tuinman,,Johns Hopkins Open
Johns Hopkins University,111,200 Im,6,2:09.29,Amy Hu,,Centennial Conference Championships
Johns Hopkins University,111,200 Im,7,2:10.70,Maddie Horner,,Centennial Conference Championships
Johns Hopkins University,111,200 Im,8,2:10.94,Jaya Veerapaneni,,Centennial Conference Championships
Johns Hopkins University,111,200 Im,9,2:11.54,Reese Rosenthal,,Johns Hopkins Open
Johns Hopkins University,111,200 Im,10,2:12.88,Lily Rossmann,,H2ounds Invitational
Johns Hopkins University,111,400 Im,1,4:29.04,Rachel Davis,,Centennial Conference Championships
Johns Hopkins University,111,400 Im,2,4:34.89,Maddie Horner,,Johns Hopkins v Swarthmore
Johns Hopkins University,111,400 Im,3,4:47.63,Katherine Chelus,,Johns Hopkins v Swarthmore
Johns Hopkins University,111,50 Free,1,23.58,Kimberly Lan,,Centennial Conference Championships
Johns Hopkins University,111,50 Free,2,23.92,Elizabeth Cohen,,Centennial Conference Championships
Johns Hopkins University,111,50 Free,3,23.96,Anna Miler,,Centennial Conference Championships
Johns Hopkins University,111,50 Free,4,24.02,Renee Bak,,William & Mary vs. Johns Hopkins
Johns Hopkins University,111,50 Free,5,24.05,Reese Rosenthal,,Centennial Conference Championships
Johns Hopkins University,111,50 Free,6,24.18,Ken Lee,,H2ounds Invitational
Johns Hopkins University,111,50 Free,7,24.23,Jaya Veerapaneni,,William & Mary vs. Johns Hopkins
Johns Hopkins University,111,50 Free,8,24.54,Angela Kim,,"Johns Hopkins vs. TCNJ, Washington & Lee"
Johns Hopkins University,111,50 Free,9,24.58,Stella Zhang,,Centennial Conference Championships
Johns Hopkins University,111,50 Free,10,24.59,Claire Han,,H2ounds Invitational
Johns Hopkins University,111,500 Free,1,5:05.13,Melissa Er,,Johns Hopkins v Swarthmore
Johns Hopkins University,111,500 Free,2,5:05.44,Alex Watson,,H2ounds Invitational
Johns Hopkins University,111,500 Free,3,5:08.34,Julia Tuinman,,Johns Hopkins v Swarthmore
Johns Hopkins University,111,500 Free,4,5:10.61,Carly white,,Centennial Conference Championships
Johns Hopkins University,111,500 Free,5,5:14.24,Claire Han,,Centennial Conference Championships
Johns Hopkins University,111,500 Free,6,5:22.15,Kimberly Lan,,Johns Hopkins vs Georgetown
Kenyon College,125,100 Back,1,54.36,Gwen Eisenbeis,,North Coast Athletic Conference Championships
Kenyon College,125,100 Back,2,56.33,Kate Dunagan,,"Navy vs. Delaware, Kenyon, Princeton"
Kenyon College,125,100 Back,3,56.39,Lisa Torrecillas-Jouault,,Total Performance Invitational
Kenyon College,125,100 Back,4,56.93,Nora Kortuem,,North Coast Athletic Conference Championships
Kenyon College,125,100 Back,5,57.98,Alaina Pizarro,,North Coast Athletic Conference Championships
Kenyon College,125,100 Back,6,58.07,Norah Cullicott,,North Coast Athletic Conference Championships
Kenyon College,125,100 Back,7,58.50,CJ Woare,,Kenyon College Fast Chance Invitational
Kenyon College,125,100 Back,8,58.68,Cambell Quijano,,"Navy vs. Delaware, Kenyon, Princeton"
Kenyon College,125,100 Back,9,59.19,Molly Haag,,Kenyon College Fast Chance Invitational
Kenyon College,125,100 Back,10,59.38,Ashlyn Widmer,,Kenyon College First Chance Invitational
Kenyon College,125,100 Breast,1,1:00.76,Kelsey Van Eldik,,"Navy vs. Delaware, Kenyon, Princeton"
Kenyon College,125,100 Breast,2,1:03.48,Norah Johnson,,North Coast Athletic Conference Championships
Kenyon College,125,100 Breast,3,1:04.04,Julia Mascarenhas,,North Coast Athletic Conference Championships
Kenyon College,125,100 Breast,4,1:04.07,Kate Bogan,,North Coast Athletic Conference Championships
Kenyon College,125,100 Breast,5,1:05.76,Nora Lee Brown,,Kenyon College First Chance Invitational
Kenyon College,125,100 Breast,6,1:06.06,Gracie Jansen,,Kenyon College First Chance Invitational
Kenyon College,125,100 Breast,7,1:06.13,Michaeldimi Procopiou,,North Coast Athletic Conference Championships
Kenyon College,125,100 Breast,8,1:06.15,Jeannie Cook,,North Coast Athletic Conference Championships
Kenyon College,125,100 Breast,9,1:07.96,Chloe Chen,,North Coast Athletic Conference Championships
Kenyon College,125,100 Breast,10,1:09.21,Ashlyn Widmer,,Kenyon College First Chance Invitational
Kenyon College,125,100 Fly,1,55.41,Sofia Giordano,,North Coast Athletic Conference Championships
Kenyon College,125,100 Fly,2,55.99,Gwen Eisenbeis,,Total Performance Invitational
Kenyon College,125,100 Fly,3,56.11,Kelsey Van Eldik,,Kenyon vs. Ohio Wesleyan
Kenyon College,125,100 Fly,4,56.13,Nora Kortuem,,Total Performance Invitational
Kenyon College,125,100 Fly,5,56.13,Afsana Rawlins,,North Coast Athletic Conference Championships
Kenyon College,125,100 Fly,6,56.45,Amelia Stevenson,,North Coast Athletic Conference Championships
Kenyon College,125,100 Fly,7,56.63,Maggie Grespin,,Total Performance Invitational
Kenyon College,125,100 Fly,8,57.20,Molly Haag,,Kenyon College First Chance Invitational
Kenyon College,125,100 Fly,9,57.35,Cambell Quijano,,Total Performance Invitational
Kenyon College,125,100 Fly,10,58.29,Margaret Rusche,,North Coast Athletic Conference Championships
Kenyon College,125,100 Free,1,50.46,Lisa Torrecillas-Jouault,,North Coast Athletic Conference Championships
Kenyon College,125,100 Free,2,50.75,Kate Bogan,,North Coast Athletic Conference Championships
Kenyon College,125,100 Free,3,50.80,Afsana Rawlins,,Total Performance Invitational
Kenyon College,125,100 Free,4,51.29,Gwen Eisenbeis,,Kenyon vs Case Western
Kenyon College,125,100 Free,5,51.35,Molly Haag,,North Coast Athletic Conference Championships
Kenyon College,125,100 Free,6,52.04,Julia Mascarenhas,,Kenyon vs Case Western
Kenyon College,125,100 Free,7,52.17,Deniz Guvenc,,Total Performance Invitational
Kenyon College,125,100 Free,8,52.23,Kelsey Van Eldik,,Total Performance Invitational
Kenyon College,125,100 Free,9,52.86,Michaeldimi Procopiou,,North Coast Athletic Conference Championships
Kenyon College,125,100 Free,10,52.95,Nora Lee Brown,,Total Performance Invitational
Kenyon College,125,1000 Free,1,9:58.12,Molly Haag,,"Navy vs. Delaware, Kenyon, Princeton"
Kenyon College,125,1000 Free,2,10:06.45,Nora Lee Brown,,North Coast Athletic Conference Championships
Kenyon College,125,1000 Free,3,10:24.87,Nina Schuerer,,"Navy vs. Delaware, Kenyon, Princeton"
Kenyon College,125,1000 Free,4,10:25.06,Sofia Giordano,,Kenyon vs Case Western
Kenyon College,125,1000 Free,5,10:39.14,Christine Kessens,,"Navy vs. Delaware, Kenyon, Princeton"
Kenyon College,125,1000 Free,6,10:53.84,Sylvia Thompson,,Kenyon vs Case Western
Kenyon College,125,1650 Free,1,16:40.29,Molly Haag,,North Coast Athletic Conference Championships
Kenyon College,125,1650 Free,2,16:49.62,Nora Lee Brown,,North Coast Athletic Conference Championships
Kenyon College,125,1650 Free,3,17:20.65,Sofia Giordano,,Total Performance Invitational
Kenyon College,125,1650 Free,4,17:21.11,Nina Schuerer,,North Coast Athletic Conference Championships
Kenyon College,125,1650 Free,5,17:46.50,Christine Kessens,,North Coast Athletic Conference Championships
Kenyon College,125,200 Back,1,1:59.91,Gwen Eisenbeis,,North Coast Athletic Conference Championships
Kenyon College,125,200 Back,2,2:01.90,Kate Dunagan,,Total Performance Invitational
Kenyon College,125,200 Back,3,2:04.79,Lisa Torrecillas-Jouault,,Kenyon vs Case Western
Kenyon College,125,200 Back,4,2:05.01,CJ Woare,,Kenyon College First Chance Invitational
Kenyon College,125,200 Back,5,2:05.16,Ashlyn Widmer,,Total Performance Invitational
Kenyon College,125,200 Back,6,2:06.97,Alaina Pizarro,,North Coast Athletic Conference Championships
Kenyon College,125,200 Back,7,2:06.98,Ceyda Yazici,,Kenyon vs. John Carroll
Kenyon College,125,200 Back,8,2:08.77,Christine Kessens,,"Navy vs. Delaware, Kenyon, Princeton"
Kenyon College,125,200 Back,9,2:09.47,Nora Kortuem,,Total Performance Invitational
Kenyon College,125,200 Back,10,2:09.58,Cambell Quijano,,Kenyon vs Case Western
Kenyon College,125,200 Breast,1,2:14.19,Kelsey Van Eldik,,North Coast Athletic Conference Championships
Kenyon College,125,200 Breast,2,2:21.55,Norah Johnson,,North Coast Athletic Conference Championships
Kenyon College,125,200 Breast,3,2:23.41,Nora Lee Brown,,Kenyon vs Case Western
Kenyon College,125,200 Breast,4,2:24.16,Jeannie Cook,,North Coast Athletic Conference Championships
Kenyon College,125,200 Breast,5,2:25.85,Gracie Jansen,,Kenyon College Fast Chance Invitational
Kenyon College,125,200 Breast,6,2:28.73,Michaeldimi Procopiou,,"Navy vs. Delaware, Kenyon, Princeton"
Kenyon College,125,200 Breast,7,2:29.60,Chloe Chen,,Total Performance Invitational
Kenyon College,125,200 Fly,1,2:01.01,Amelia Stevenson,,"Navy vs. Delaware, Kenyon, Princeton"
Kenyon College,125,200 Fly,2,2:02.50,Sofia Giordano,,Total Performance Invitational
Kenyon College,125,200 Fly,3,2:05.36,Ashlyn Widmer,,North Coast Athletic Conference Championships
Kenyon College,125,200 Fly,4,2:05.89,Molly Haag,,Kenyon vs. Ohio Wesleyan
Kenyon College,125,200 Fly,5,2:06.39,Nora Kortuem,,Total Performance Invitational
Kenyon College,125,200 Fly,6,2:06.79,Maggie Grespin,,Kenyon College Fast Chance Invitational
Kenyon College,125,200 Fly,7,2:06.93,CJ Woare,,Kenyon vs Case Western
Kenyon College,125,200 Fly,8,2:06.94,Sylvia Thompson,,Total Performance Invitational
Kenyon College,125,200 Fly,9,2:10.13,Cambell Quijano,,Total Performance Invitational
Kenyon College,125,200 Fly,10,2:11.12,Margaret Rusche,,Kenyon College First Chance Invitational
Kenyon College,125,200 Free,1,1:49.21,Molly Haag,,Total Performance Invitational
Kenyon College,125,200 Free,2,1:50.69,Nora Lee Brown,,North Coast Athletic Conference Championships
Kenyon College,125,200 Free,3,1:51.81,Lisa Torrecillas-Jouault,,Kenyon vs Case Western
Kenyon College,125,200 Free,4,1:51.84,Deniz Guvenc,,North Coast Athletic Conference Championships
Kenyon College,125,200 Free,5,1:52.90,Kelsey Van Eldik,,Kenyon vs Case Western
Kenyon College,125,200 Free,6,1:53.11,Sofia Giordano,,Total Performance Invitational
Kenyon College,125,200 Free,7,1:53.84,Nina Schuerer,,North Coast Athletic Conference Championships
Kenyon College,125,200 Free,8,1:54.41,Afsana Rawlins,,Total Performance Invitational
Kenyon College,125,200 Free,9,1:54.50,Kate Dunagan,,Miami vs Xavier vs Kenyon
Kenyon College,125,200 Free,10,1:54.81,Julia Mascarenhas,,Kenyon vs Case Western
Kenyon College,125,200 Im,1,2:03.64,Kelsey Van Eldik,,Total Performance Invitational
Kenyon College,125,200 Im,2,2:04.87,Ashlyn Widmer,,North Coast Athletic Conference Championships
Kenyon College,125,200 Im,3,2:08.07,Norah Johnson,,North Coast Athletic Conference Championships
Kenyon College,125,200 Im,4,2:08.10,Nora Kortuem,,Total Performance Invitational
Kenyon College,125,200 Im,5,2:08.50,CJ Woare,,Total Performance Invitational
Kenyon College,125,200 Im,6,2:10.59,Gracie Jansen,,Total Performance Invitational
Kenyon College,125,200 Im,7,2:11.07,Maggie Grespin,,Total Performance Invitational
Kenyon College,125,200 Im,8,2:11.65,Christine Kessens,,Total Performance Invitational
Kenyon College,125,200 Im,9,2:11.94,Sylvia Thompson,,Kenyon vs Case Western
Kenyon College,125,200 Im,10,2:11.96,Gwen Eisenbeis,,Kenyon College Fast Chance Invitational
Kenyon College,125,400 Im,1,4:23.38,Ashlyn Widmer,,North Coast Athletic Conference Championships
Kenyon College,125,400 Im,2,4:28.75,Sylvia Thompson,,Total Performance Invitational
Kenyon College,125,400 Im,3,4:29.79,Sofia Giordano,,Miami vs Xavier vs Kenyon
Kenyon College,125,400 Im,4,4:30.83,CJ Woare,,"Navy vs. Delaware, Kenyon, Princeton"
Kenyon College,125,400 Im,5,4:31.51,Christine Kessens,,Kenyon College Fast Chance Invitational
Kenyon College,125,400 Im,6,4:38.69,Nina Schuerer,,Kenyon College First Chance Invitational
Kenyon College,125,50 Free,1,23.21,Lisa Torrecillas-Jouault,,North Coast Athletic Conference Championships
Kenyon College,125,50 Free,2,23.24,Kate Bogan,,North Coast Athletic Conference Championships
Kenyon College,125,50 Free,3,23.50,Gwen Eisenbeis,,Kenyon vs Case Western
Kenyon College,125,50 Free,4,23.63,Julia Mascarenhas,,North Coast Athletic Conference Championships
Kenyon College,125,50 Free,5,23.79,Kelsey Van Eldik,,Kenyon vs. Ohio Wesleyan
Kenyon College,125,50 Free,6,23.82,Molly Haag,,Miami vs Xavier vs Kenyon
Kenyon College,125,50 Free,7,23.98,Afsana Rawlins,,Total Performance Invitational
Kenyon College,125,50 Free,8,24.10,Nora Kortuem,,Total Performance Invitational
Kenyon College,125,50 Free,9,24.49,Deniz Guvenc,,Kenyon College First Chance Invitational
Kenyon College,125,50 Free,10,24.59,Julia Golovina,,Kenyon College Fast Chance Invitational
Kenyon College,125,500 Free,1,4:50.71,Nora Lee Brown,,Total Performance Invitational
Kenyon College,125,500 Free,2,4:50.82,Molly Haag,,Kenyon vs Case Western
Kenyon College,125,500 Free,3,4:57.35,Sofia Giordano,,North Coast Athletic Conference Championships
Kenyon College,125,500 Free,4,4:57.72,Nina Schuerer,,North Coast Athletic Conference Championships
Kenyon College,125,500 Free,5,5:01.07,Kate Dunagan,,North Coast Athletic Conference Championships
Kenyon College,125,500 Free,6,5:03.97,Deniz Guvenc,,Total Performance Invitational
Kenyon College,125,500 Free,7,5:06.11,Sylvia Thompson,,Total Performance Invitational
Kenyon College,125,500 Free,8,5:06.90,Amelia Stevenson,,North Coast Athletic Conference Championships
Kenyon College,125,500 Free,9,5:08.29,Christine Kessens,,North Coast Athletic Conference Championships
Kenyon College,125,500 Free,10,5:18.97,Kate Bogan,,Kenyon College First Chance Invitational
Massachusetts Institute of Technology,14,100 Back,1,54.68,Sydney Smith,,NEWMAC Championships
Massachusetts Institute of Technology,14,100 Back,2,56.57,Annika Naveen,,NEWMAC Championships
Massachusetts Institute of Technology,14,100 Back,3,57.01,Daniela Petran,,NEWMAC Championships
Massachusetts Institute of Technology,14,100 Back,4,57.32,Livi chen,,NEWMAC Championships
Massachusetts Institute of Technology,14,100 Back,5,58.01,Christina Beggs,,MIT Winter Invite
Massachusetts Institute of Technology,14,100 Back,6,58.27,Jessie Crane,,MIT vs. Amherst
Massachusetts Institute of Technology,14,100 Back,7,58.84,Amber Gong,,MIT Winter Invite
Massachusetts Institute of Technology,14,100 Back,8,59.59,Emily Wu,,MIT Winter Invite
Massachusetts Institute of Technology,14,100 Back,9,59.62,Katherine Yao,,MIT vs. Tufts
Massachusetts Institute of Technology,14,100 Back,10,59.91,Natalie Tang,,MIT vs. Amherst
Massachusetts Institute of Technology,14,100 Breast,1,1:02.95,Sarah Bernard,,MIT Winter Invite
Massachusetts Institute of Technology,14,100 Breast,2,1:04.33,Kyra Cui,,NEWMAC Championships
Massachusetts Institute of Technology,14,100 Breast,3,1:04.56,Daniela Petran,,Boston University vs. MIT
Massachusetts Institute of Technology,14,100 Breast,4,1:05.31,Kathy Nie,,MIT Winter Invite
Massachusetts Institute of Technology,14,100 Breast,5,1:05.74,Anna Li,,NEWMAC Championships
Massachusetts Institute of Technology,14,100 Breast,6,1:06.88,Sydney Smith,,MIT vs. Bowdoin
Massachusetts Institute of Technology,14,100 Breast,7,1:07.33,Kathy Zhao,,MIT Winter Invite
Massachusetts Institute of Technology,14,100 Breast,8,1:07.97,Belise Swartwood,,MIT vs. Bowdoin
Massachusetts Institute of Technology,14,100 Breast,9,1:08.35,Kailey Simons,,MIT vs. Harvard and Northeastern
Massachusetts Institute of Technology,14,100 Breast,10,1:08.63,Claire Mao,,MIT Winter Invite
Massachusetts Institute of Technology,14,100 Fly,1,54.49,Sydney Smith,,NEWMAC Championships
Massachusetts Institute of Technology,14,100 Fly,2,55.46,Belise Swartwood,,NEWMAC Championships
Massachusetts Institute of Technology,14,100 Fly,3,56.06,Kathy Nie,,MIT vs. Tufts
Massachusetts Institute of Technology,14,100 Fly,4,56.57,Amber Gong,,NEWMAC Championships
Massachusetts Institute of Technology,14,100 Fly,5,56.63,Lauren Levy,,NEWMAC Championships
Massachusetts Institute of Technology,14,100 Fly,6,57.55,Rachel Yang,,NEWMAC Championships
Massachusetts Institute of Technology,14,100 Fly,7,58.50,Emily Wu,,MIT Winter Invite
Massachusetts Institute of Technology,14,100 Fly,8,58.88,Mary Feliz,,MIT Winter Invite
Massachusetts Institute of Technology,14,100 Fly,9,59.03,Anna Li,,MIT vs. Bowdoin
Massachusetts Institute of Technology,14,100 Fly,10,59.36,Tiffany Kim,,MIT vs. Amherst
Massachusetts Institute of Technology,14,100 Free,1,50.26,Ella Roberson,,MIT Winter Invite
Massachusetts Institute of Technology,14,100 Free,2,50.42,Sydney Smith,,NEWMAC Championships
Massachusetts Institute of Technology,14,100 Free,3,51.39,Lillian Poag,,NEWMAC Championships
Massachusetts Institute of Technology,14,100 Free,4,51.58,Mary Feliz,,NEWMAC Championships
Massachusetts Institute of Technology,14,100 Free,5,52.05,Natalie Tang,,NEWMAC Championships
Massachusetts Institute of Technology,14,100 Free,6,52.18,Annika Naveen,,MIT Winter Invite
Massachusetts Institute of Technology,14,100 Free,7,52.40,Jessie Crane,,MIT vs. Tufts
Massachusetts Institute of Technology,14,100 Free,8,52.61,Belise Swartwood,,MIT Winter Invite
Massachusetts Institute of Technology,14,100 Free,9,52.77,Anna Li,,MIT Winter Invite
Massachusetts Institute of Technology,14,100 Free,10,53.38,Rachel Yang,,NEWMAC Championships
Massachusetts Institute of Technology,14,1000 Free,1,10:21.68,Tiffany Kim,,MIT vs. Williams & NYU
Massachusetts Institute of Technology,14,1000 Free,2,10:28.92,Christina Beggs,,MIT vs. Tufts
Massachusetts Institute of Technology,14,1000 Free,3,10:29.97,Mary Feliz,,MIT vs. Bowdoin
Massachusetts Institute of Technology,14,1000 Free,4,10:31.82,Jessie Crane,,MIT vs. Harvard and Northeastern
Massachusetts Institute of Technology,14,1000 Free,5,10:37.14,Natalie Tang,,MIT vs. Tufts
Massachusetts Institute of Technology,14,1000 Free,6,10:45.71,Sarah Bernard,,USCGA vs. MIT
Massachusetts Institute of Technology,14,1000 Free,7,10:51.13,Katherine Yao,,MIT vs. Amherst
Massachusetts Institute of Technology,14,1000 Free,8,10:53.94,Camila Pierce,,MIT Winter Invite
Massachusetts Institute of Technology,14,1000 Free,9,10:58.38,Ella Roberson,,Springfield College v MIT
Massachusetts Institute of Technology,14,1650 Free,1,17:12.06,Tiffany Kim,,MIT vs. Williams & NYU
Massachusetts Institute of Technology,14,1650 Free,2,17:31.43,Jessie Crane,,MIT Winter Invite
Massachusetts Institute of Technology,14,1650 Free,3,17:42.68,Christina Beggs,,MIT vs. Williams & NYU
Massachusetts Institute of Technology,14,1650 Free,4,18:08.15,Camila Pierce,,MIT Winter Invite
Massachusetts Institute of Technology,14,200 Back,1,2:03.42,Jessie Crane,,MIT Winter Invite
Massachusetts Institute of Technology,14,200 Back,2,2:04.91,Livi chen,,NEWMAC Championships
Massachusetts Institute of Technology,14,200 Back,3,2:05.66,Chloe Xu,,NEWMAC Championships
Massachusetts Institute of Technology,14,200 Back,4,2:06.87,Amber Gong,,MIT vs. Tufts
Massachusetts Institute of Technology,14,200 Back,5,2:07.96,Natalie Tang,,MIT vs. Tufts
Massachusetts Institute of Technology,14,200 Back,6,2:09.04,Mary Feliz,,USCGA vs. MIT
Massachusetts Institute of Technology,14,200 Back,7,2:09.25,Daniela Petran,,MIT vs. Amherst
Massachusetts Institute of Technology,14,200 Back,8,2:09.80,Emily Wu,,MIT vs. Tufts
Massachusetts Institute of Technology,14,200 Back,9,2:09.97,Camila Pierce,,BU Winter Open
Massachusetts Institute of Technology,14,200 Back,10,2:10.57,Miri Griffin,,BU Winter Open
Massachusetts Institute of Technology,14,200 Breast,1,2:16.78,Sarah Bernard,,MIT Winter Invite
Massachusetts Institute of Technology,14,200 Breast,2,2:19.45,Daniela Petran,,Boston University vs. MIT
Massachusetts Institute of Technology,14,200 Breast,3,2:24.39,Anna Li,,MIT Winter Invite
Massachusetts Institute of Technology,14,200 Breast,4,2:24.46,Katherine Yao,,BU Winter Open
Massachusetts Institute of Technology,14,200 Breast,5,2:25.55,Kyra Cui,,MIT Winter Invite
Massachusetts Institute of Technology,14,200 Breast,6,2:26.91,Kathy Nie,,MIT vs. Amherst
Massachusetts Institute of Technology,14,200 Breast,7,2:29.60,Lillian Poag,,MIT vs. Amherst
Massachusetts Institute of Technology,14,200 Breast,8,2:30.94,Amber Gong,,MIT vs. Amherst
Massachusetts Institute of Technology,14,200 Breast,9,2:32.88,Claire Mao,,MIT vs. Tufts
Massachusetts Institute of Technology,14,200 Breast,10,2:34.57,Christina Beggs,,MIT vs. Amherst
Massachusetts Institute of Technology,14,200 Fly,1,2:02.37,Mary Feliz,,MIT Winter Invite
Massachusetts Institute of Technology,14,200 Fly,2,2:03.34,Belise Swartwood,,NEWMAC Championships
Massachusetts Institute of Technology,14,200 Fly,3,2:03.71,Kathy Nie,,Boston University vs. MIT
Massachusetts Institute of Technology,14,200 Fly,4,2:04.43,Amber Gong,,NEWMAC Championships
Massachusetts Institute of Technology,14,200 Fly,5,2:04.53,Natalie Tang,,NEWMAC Championships
Massachusetts Institute of Technology,14,200 Fly,6,2:04.98,Tiffany Kim,,MIT vs. Tufts
Massachusetts Institute of Technology,14,200 Fly,7,2:06.99,Chloe Xu,,NEWMAC Championships
Massachusetts Institute of Technology,14,200 Fly,8,2:10.81,Lauren Levy,,MIT Winter Invite
Massachusetts Institute of Technology,14,200 Fly,9,2:11.09,Camila Pierce,,MIT Winter Invite
Massachusetts Institute of Technology,14,200 Fly,10,2:12.91,Christina Beggs,,MIT vs. Harvard and Northeastern
Massachusetts Institute of Technology,14,200 Free,1,1:49.84,Mary Feliz,,MIT Winter Invite
Massachusetts Institute of Technology,14,200 Free,2,1:50.37,Ella Roberson,,MIT Winter Invite
Massachusetts Institute of Technology,14,200 Free,3,1:50.76,Jessie Crane,,NEWMAC Championships
Massachusetts Institute of Technology,14,200 Free,4,1:50.99,Sydney Smith,,MIT Winter Invite
Massachusetts Institute of Technology,14,200 Free,5,1:51.78,Natalie Tang,,NEWMAC Championships
Massachusetts Institute of Technology,14,200 Free,6,1:52.33,Lillian Poag,,NEWMAC Championships
Massachusetts Institute of Technology,14,200 Free,7,1:52.73,Belise Swartwood,,NEWMAC Championships
Massachusetts Institute of Technology,14,200 Free,8,1:53.77,Annika Naveen,,MIT Winter Invite
Massachusetts Institute of Technology,14,200 Free,9,1:54.51,Kathy Nie,,MIT vs. Tufts
Massachusetts Institute of Technology,14,200 Free,10,1:54.89,Chloe Xu,,MIT Winter Invite
Massachusetts Institute of Technology,14,200 Im,1,2:02.31,Kathy Nie,,Boston University vs. MIT
Massachusetts Institute of Technology,14,200 Im,2,2:04.51,Daniela Petran,,NEWMAC Championships
Massachusetts Institute of Technology,14,200 Im,3,2:04.99,Amber Gong,,NEWMAC Championships
Massachusetts Institute of Technology,14,200 Im,4,2:05.46,Christina Beggs,,NEWMAC Championships
Massachusetts Institute of Technology,14,200 Im,5,2:06.04,Lillian Poag,,NEWMAC Championships
Massachusetts Institute of Technology,14,200 Im,6,2:06.09,Jessie Crane,,NEWMAC Championships
Massachusetts Institute of Technology,14,200 Im,7,2:06.93,Natalie Tang,,NEWMAC Championships
Massachusetts Institute of Technology,14,200 Im,8,2:07.10,Anna Li,,NEWMAC Championships
Massachusetts Institute of Technology,14,200 Im,9,2:08.18,Sydney Smith,,USCGA vs. MIT
Massachusetts Institute of Technology,14,200 Im,10,2:08.79,Mary Feliz,,MIT vs. Harvard and Northeastern
Massachusetts Institute of Technology,14,400 Im,1,4:24.95,Sarah Bernard,,MIT Winter Invite
Massachusetts Institute of Technology,14,400 Im,2,4:25.67,Mary Feliz,,MIT Winter Invite
Massachusetts Institute of Technology,14,400 Im,3,4:26.11,Kathy Nie,,NEWMAC Championships
Massachusetts Institute of Technology,14,400 Im,4,4:27.47,Amber Gong,,NEWMAC Championships
Massachusetts Institute of Technology,14,400 Im,5,4:28.33,Christina Beggs,,NEWMAC Championships
Massachusetts Institute of Technology,14,400 Im,6,4:28.76,Natalie Tang,,NEWMAC Championships
Massachusetts Institute of Technology,14,400 Im,7,4:29.03,Jessie Crane,,MIT Winter Invite
Massachusetts Institute of Technology,14,400 Im,8,4:30.75,Chloe Xu,,NEWMAC Championships
Massachusetts Institute of Technology,14,400 Im,9,4:34.47,Katherine Yao,,BU Winter Open
Massachusetts Institute of Technology,14,50 Free,1,23.15,Annika Naveen,,NEWMAC Championships
Massachusetts Institute of Technology,14,50 Free,2,23.15,Ella Roberson,,Boston University vs. MIT
Massachusetts Institute of Technology,14,50 Free,3,23.30,Sydney Smith,,NEWMAC Championships
Massachusetts Institute of Technology,14,50 Free,4,23.96,Rachel Yang,,NEWMAC Championships
Massachusetts Institute of Technology,14,50 Free,5,23.97,Livi chen,,NEWMAC Championships
Massachusetts Institute of Technology,14,50 Free,6,23.99,Kailey Simons,,MIT Winter Invite
Massachusetts Institute of Technology,14,50 Free,7,24.18,Lillian Poag,,MIT Winter Invite
Massachusetts Institute of Technology,14,50 Free,8,24.25,Belise Swartwood,,NEWMAC Championships
Massachusetts Institute of Technology,14,50 Free,9,24.26,Mary Feliz,,MIT Winter Invite
Massachusetts Institute of Technology,14,50 Free,10,24.42,Daniela Petran,,MIT Winter Invite
Massachusetts Institute of Technology,14,500 Free,1,4:52.57,Mary Feliz,,NEWMAC Championships
Massachusetts Institute of Technology,14,500 Free,2,4:56.90,Sarah Bernard,,NEWMAC Championships
Massachusetts Institute of Technology,14,500 Free,3,4:59.25,Jessie Crane,,NEWMAC Championships
Massachusetts Institute of Technology,14,500 Free,4,5:00.47,Tiffany Kim,,NEWMAC Championships
Massachusetts Institute of Technology,14,500 Free,5,5:09.63,Christina Beggs,,MIT Winter Invite
Massachusetts Institute of Technology,14,500 Free,6,5:10.38,Belise Swartwood,,MIT vs. Bowdoin
Massachusetts Institute of Technology,14,500 Free,7,5:11.85,Lillian Poag,,MIT Winter Invite
Massachusetts Institute of Technology,14,500 Free,8,5:13.59,Ella Roberson,,Springfield College v MIT
Massachusetts Institute of Technology,14,500 Free,9,5:16.15,Natalie Tang,,MIT vs. Amherst
Massachusetts Institute of Technology,14,500 Free,10,5:16.61,Camila Pierce,,BU Winter Open
Middlebury College,101,100 Back,1,57.10,Anna McGrew,,NESCAC Womens Championships
Middlebury College,101,100 Back,2,59.53,Izzy Pentony,,NESCAC Womens Championships
Middlebury College,101,100 Back,3,59.70,Sasha Casey,,MIT Winter Invite
Middlebury College,101,100 Back,4,1:00.60,Sage Huddleston,,MIT Winter Invite
Middlebury College,101,100 Back,5,1:00.83,Lucy Chivers,,NESCAC Womens Championships
Middlebury College,101,100 Back,6,1:00.85,Chloe Bautista,,Middlebury Invitational
Middlebury College,101,100 Back,7,1:03.20,Emma Hall,,Middlebury Invitational
Middlebury College,101,100 Back,8,1:03.22,Miranda Moser,,Middlebury Invitational
Middlebury College,101,100 Back,9,1:04.17,Olivia Schwarz,,Middlebury vs. Colby
Middlebury College,101,100 Back,10,1:06.66,Emma Sellnow,,Middlebury vs. Bates
Middlebury College,101,100 Breast,1,1:05.09,Emma Hall,,NESCAC Womens Championships
Middlebury College,101,100 Breast,2,1:08.75,Lauren Lin,,MIT Winter Invite
Middlebury College,101,100 Breast,3,1:09.86,Elise Scott,,NESCAC Womens Championships
Middlebury College,101,100 Breast,4,1:10.41,Hannah Baumgartner,,Middlebury Invitational
Middlebury College,101,100 Breast,5,1:11.18,Grace Nadecki,,Middlebury Invitational
Middlebury College,101,100 Breast,6,1:13.72,Emma Sellnow,,Springfield College v Middlebury
Middlebury College,101,100 Breast,7,1:14.93,Reese Paison,,Middlebury Invitational
Middlebury College,101,100 Breast,8,1:20.25,Piper Dubow,,Middlebury vs. Colby
Middlebury College,101,100 Fly,1,56.03,Mia Cuiffo,,MIT Winter Invite
Middlebury College,101,100 Fly,2,56.24,Lauren Jolley,,NESCAC Womens Championships
Middlebury College,101,100 Fly,3,57.34,Madelyn Smith,,NESCAC Womens Championships
Middlebury College,101,100 Fly,4,58.12,Chloe Bautista,,NESCAC Womens Championships
Middlebury College,101,100 Fly,5,58.46,Avery Dollard,,MIT Winter Invite
Middlebury College,101,100 Fly,6,58.95,Miranda Moser,,Middlebury Invitational
Middlebury College,101,100 Fly,7,59.01,Hannah Baumgartner,,Middlebury Invitational
Middlebury College,101,100 Fly,8,59.18,Elise Scott,,NESCAC Womens Championships
Middlebury College,101,100 Fly,9,59.19,Evelyn Buetow,,NESCAC Womens Championships
Middlebury College,101,100 Fly,10,1:00.30,Heidi Tufo,,Middlebury Invitational
Middlebury College,101,100 Free,1,51.08,Anna McGrew,,NESCAC Womens Championships
Middlebury College,101,100 Free,2,52.63,Lauren Jolley,,NESCAC Womens Championships
Middlebury College,101,100 Free,3,52.88,Mia Cuiffo,,NESCAC Womens Championships
Middlebury College,101,100 Free,4,53.56,Grace Nadecki,,NESCAC Womens Championships
Middlebury College,101,100 Free,5,53.63,Hannah Baumgartner,,Middlebury Invitational
Middlebury College,101,100 Free,6,54.03,Madelyn Smith,,NESCAC Womens Championships
Middlebury College,101,100 Free,7,54.41,Courtney Couden,,NESCAC Womens Championships
Middlebury College,101,100 Free,8,54.50,Olivia Schwarz,,NESCAC Womens Championships
Middlebury College,101,100 Free,9,54.50,Ella Callahan,,Middlebury Invitational
Middlebury College,101,100 Free,10,54.77,Jane Cary,,Middlebury Invitational
Middlebury College,101,1000 Free,1,10:25.32,Isla Johnston,,NESCAC Womens Championships
Middlebury College,101,1000 Free,2,10:42.91,Hannah Baumgartner,,MIT Winter Invite
Middlebury College,101,1000 Free,3,10:44.27,Molly Nordquist,,NESCAC Womens Championships
Middlebury College,101,1000 Free,4,10:54.62,Reese Paison,,NESCAC Womens Championships
Middlebury College,101,1650 Free,1,17:16.32,Isla Johnston,,NESCAC Womens Championships
Middlebury College,101,1650 Free,2,17:40.04,Hannah Baumgartner,,MIT Winter Invite
Middlebury College,101,1650 Free,3,18:12.25,Molly Nordquist,,MIT Winter Invite
Middlebury College,101,1650 Free,4,18:18.81,Reese Paison,,NESCAC Womens Championships
Middlebury College,101,200 Back,1,2:05.66,Izzy Pentony,,NESCAC Womens Championships
Middlebury College,101,200 Back,2,2:08.17,Sage Huddleston,,NESCAC Womens Championships
Middlebury College,101,200 Back,3,2:08.93,Sasha Casey,,MIT Winter Invite
Middlebury College,101,200 Back,4,2:12.27,Holly mattson,,Middlebury Invitational
Middlebury College,101,200 Back,5,2:12.37,Miranda Moser,,Middlebury Invitational
Middlebury College,101,200 Back,6,2:15.77,Grace Nadecki,,Middlebury vs. Bates
Middlebury College,101,200 Back,7,2:18.76,Emma Sellnow,,Middlebury Invitational
Middlebury College,101,200 Breast,1,2:20.43,Emma Hall,,MIT Winter Invite
Middlebury College,101,200 Breast,2,2:31.90,Isla Johnston,,Middlebury Invitational
Middlebury College,101,200 Breast,3,2:35.01,Emma Sellnow,,NESCAC Womens Championships
Middlebury College,101,200 Breast,4,2:35.32,Lauren Lin,,Middlebury vs. Bates
Middlebury College,101,200 Breast,5,2:52.49,Piper Dubow,,Middlebury Invitational
Middlebury College,101,200 Fly,1,2:05.79,Avery Dollard,,MIT Winter Invite
Middlebury College,101,200 Fly,2,2:08.98,Miranda Moser,,NESCAC Womens Championships
Middlebury College,101,200 Fly,3,2:10.71,Chloe Bautista,,NESCAC Womens Championships
Middlebury College,101,200 Fly,4,2:12.07,Molly Nordquist,,NESCAC Womens Championships
Middlebury College,101,200 Fly,5,2:12.74,Evelyn Buetow,,NESCAC Womens Championships
Middlebury College,101,200 Fly,6,2:15.08,Heidi Tufo,,Middlebury Invitational
Middlebury College,101,200 Free,1,1:54.10,Hannah Baumgartner,,NESCAC Womens Championships
Middlebury College,101,200 Free,2,1:55.78,Sage Huddleston,,NESCAC Womens Championships
Middlebury College,101,200 Free,3,1:55.85,Holly mattson,,NESCAC Womens Championships
Middlebury College,101,200 Free,4,1:56.43,Grace Nadecki,,MIT Winter Invite
Middlebury College,101,200 Free,5,1:56.56,Lauren Jolley,,MIT Winter Invite
Middlebury College,101,200 Free,6,1:57.12,Isla Johnston,,Middlebury Invitational
Middlebury College,101,200 Free,7,1:58.08,Courtney Couden,,Middlebury Invitational
Middlebury College,101,200 Free,8,1:58.50,Olivia Schwarz,,NESCAC Womens Championships
Middlebury College,101,200 Free,9,1:59.87,Avery Dollard,,Middlebury Invitational
Middlebury College,101,200 Free,10,2:00.25,Ella Callahan,,Middlebury Invitational
Middlebury College,101,200 Im,1,2:09.41,Hannah Baumgartner,,Middlebury Invitational
Middlebury College,101,200 Im,2,2:09.68,Olivia Schwarz,,NESCAC Womens Championships
Middlebury College,101,200 Im,3,2:10.92,Isla Johnston,,Middlebury Invitational
Middlebury College,101,200 Im,4,2:11.75,Grace Nadecki,,NESCAC Womens Championships
Middlebury College,101,200 Im,5,2:12.75,Miranda Moser,,MIT Winter Invite
Middlebury College,101,200 Im,6,2:12.82,Courtney Couden,,Middlebury Invitational
Middlebury College,101,200 Im,7,2:15.07,Holly mattson,,MIT Winter Invite
Middlebury College,101,200 Im,8,2:17.00,Emma Sellnow,,NESCAC Womens Championships
Middlebury College,101,200 Im,9,2:18.71,Elise Scott,,MIT Winter Invite
Middlebury College,101,200 Im,10,2:23.55,Reese Paison,,Middlebury Invitational
Middlebury College,101,400 Im,1,4:37.38,Miranda Moser,,NESCAC Womens Championships
Middlebury College,101,400 Im,2,4:39.09,Isla Johnston,,Middlebury Invitational
Middlebury College,101,400 Im,3,4:39.42,Courtney Couden,,NESCAC Womens Championships
Middlebury College,101,400 Im,4,4:43.54,Holly mattson,,NESCAC Womens Championships
Middlebury College,101,400 Im,5,4:55.41,Emma Sellnow,,NESCAC Womens Championships
Middlebury College,101,50 Free,1,22.73,Anna McGrew,,NESCAC Womens Championships
Middlebury College,101,50 Free,2,23.68,Mia Cuiffo,,NESCAC Womens Championships
Middlebury College,101,50 Free,3,24.26,Madelyn Smith,,NESCAC Womens Championships
Middlebury College,101,50 Free,4,24.69,Grace Nadecki,,MIT Winter Invite
Middlebury College,101,50 Free,5,24.90,Lucy Chivers,,NESCAC Womens Championships
Middlebury College,101,50 Free,6,25.05,Lauren Jolley,,NESCAC Womens Championships
Middlebury College,101,50 Free,7,25.18,Jane Cary,,Middlebury Invitational
Middlebury College,101,50 Free,8,25.25,Ella Callahan,,Middlebury Invitational
Middlebury College,101,50 Free,9,25.37,Lauren Lin,,MIT Winter Invite
Middlebury College,101,50 Free,10,25.49,Olivia Schwarz,,Middlebury Invitational
Middlebury College,101,500 Free,1,5:03.88,Isla Johnston,,NESCAC Womens Championships
Middlebury College,101,500 Free,2,5:04.61,Hannah Baumgartner,,NESCAC Womens Championships
Middlebury College,101,500 Free,3,5:07.61,Holly mattson,,NESCAC Womens Championships
Middlebury College,101,500 Free,4,5:11.11,Sage Huddleston,,NESCAC Womens Championships
Middlebury College,101,500 Free,5,5:11.28,Molly Nordquist,,NESCAC Womens Championships
Middlebury College,101,500 Free,6,5:15.61,Courtney Couden,,NESCAC Womens Championships
Middlebury College,101,500 Free,7,5:24.88,Reese Paison,,NESCAC Womens Championships
New York University,59,100 Back,1,54.70,Nicole Ranile,,16th Annual Phoenix Fall Classic
New York University,59,100 Back,2,54.75,Maeve O'Donnell,,16th Annual Phoenix Fall Classic
New York University,59,100 Back,3,56.07,Sarah Pierson,,16th Annual Phoenix Fall Classic
New York University,59,100 Back,4,56.50,Eloise Emig,,16th Annual Phoenix Fall Classic
New York University,59,100 Back,5,57.28,Kaley McIntyre,,NYU Invitational
New York University,59,100 Back,6,57.73,Natsuki Uchino,,University Athletic Association Championships
New York University,59,100 Back,7,1:00.25,Ainsley Taylor,,NYU Winter Invitational
New York University,59,100 Back,8,1:00.60,Calista Lynch,,MIT vs. Williams & NYU
New York University,59,100 Back,9,1:01.40,Ella Romberg,,NYU Invitational
New York University,59,100 Back,10,1:03.28,Alia Saba,,NYU vs. John Hopkins
New York University,59,100 Breast,1,1:04.24,Sammy Wong,,16th Annual Phoenix Fall Classic
New York University,59,100 Breast,2,1:04.60,Babette Bradley,,University Athletic Association Championships
New York University,59,100 Breast,3,1:04.83,Ella Romberg,,University Athletic Association Championships
New York University,59,100 Breast,4,1:05.42,Kate Steinmeier,,University Athletic Association Championships
New York University,59,100 Breast,5,1:05.58,Sophia Liwanag,,16th Annual Phoenix Fall Classic
New York University,59,100 Breast,6,1:06.23,Kinley Wigle,,Army Invite
New York University,59,100 Breast,7,1:09.25,Ella Benjamin,,16th Annual Phoenix Fall Classic
New York University,59,100 Breast,8,1:10.47,Sophie Cox,,MIT vs. Williams & NYU
New York University,59,100 Fly,1,54.85,Nicole Ranile,,16th Annual Phoenix Fall Classic
New York University,59,100 Fly,2,55.35,Reina Gomez,,16th Annual Phoenix Fall Classic
New York University,59,100 Fly,3,56.26,Andrea Wu,,16th Annual Phoenix Fall Classic
New York University,59,100 Fly,4,56.68,Lina Wordelman,,16th Annual Phoenix Fall Classic
New York University,59,100 Fly,5,57.01,Sophia Liwanag,,Army Invite
New York University,59,100 Fly,6,57.04,Grace Biak,,Army Invite
New York University,59,100 Fly,7,57.34,Alia Saba,,16th Annual Phoenix Fall Classic
New York University,59,100 Fly,8,57.64,Maeve O'Donnell,,NYU Invitational
New York University,59,100 Fly,9,57.98,Natsuki Uchino,,16th Annual Phoenix Fall Classic
New York University,59,100 Fly,10,58.20,Sammy Wong,,MIT vs. Williams & NYU
New York University,59,100 Free,1,48.13,Kaley McIntyre,,16th Annual Phoenix Fall Classic
New York University,59,100 Free,2,50.49,Maeve O'Donnell,,University Athletic Association Championships
New York University,59,100 Free,3,50.66,Lian Jeong Engle,,University Athletic Association Championships
New York University,59,100 Free,4,50.89,Llew Ladomirak,,University Athletic Association Championships
New York University,59,100 Free,5,50.92,Nicole Ranile,,University Athletic Association Championships
New York University,59,100 Free,6,52.18,Andrea Wu,,University Athletic Association Championships
New York University,59,100 Free,7,52.60,Molly Sleman,,Army Invite
New York University,59,100 Free,8,53.06,Natsuki Uchino,,University Athletic Association Championships
New York University,59,100 Free,9,53.18,Jiji Harmer,,NYU vs. West Chester
New York University,59,100 Free,10,53.87,Reina Gomez,,MIT vs. Williams & NYU
New York University,59,1000 Free,1,10:19.55,Aanya Wala,,MIT vs. Williams & NYU
New York University,59,1000 Free,2,10:28.12,Bethany Spangler,,NYU Winter Invitational
New York University,59,1000 Free,3,10:28.50,Emery Muller,,University Athletic Association Championships
New York University,59,1000 Free,4,10:58.11,Alice Ciobanu,,NYU vs. John Hopkins
New York University,59,1000 Free,5,11:08.03,Calista Lynch,,NYU vs. West Chester
New York University,59,1000 Free,6,11:08.41,Ella Benjamin,,NYU vs. TCNJ vs Fordham
New York University,59,1650 Free,1,17:05.83,Aanya Wala,,University Athletic Association Championships
New York University,59,1650 Free,2,17:15.92,Bethany Spangler,,NYU Winter Invitational
New York University,59,1650 Free,3,17:18.69,Emery Muller,,University Athletic Association Championships
New York University,59,1650 Free,4,17:53.53,Alice Ciobanu,,MIT vs. Williams & NYU
New York University,59,200 Back,1,2:01.03,Eloise Emig,,16th Annual Phoenix Fall Classic
New York University,59,200 Back,2,2:01.11,Sarah Pierson,,University Athletic Association Championships
New York University,59,200 Back,3,2:03.19,Calista Lynch,,University Athletic Association Championships
New York University,59,200 Back,4,2:04.39,Kaley McIntyre,,NYU vs. West Chester
New York University,59,200 Back,5,2:05.67,Nicole Ranile,,NYU vs. John Hopkins
New York University,59,200 Back,6,2:06.88,Ella Romberg,,MIT vs. Williams & NYU
New York University,59,200 Breast,1,2:17.56,Sammy Wong,,16th Annual Phoenix Fall Classic
New York University,59,200 Breast,2,2:18.29,Babette Bradley,,University Athletic Association Championships
New York University,59,200 Breast,3,2:20.07,Ella Romberg,,University Athletic Association Championships
New York University,59,200 Breast,4,2:20.86,Kate Steinmeier,,NYU Winter Invitational
New York University,59,200 Breast,5,2:21.51,Sophie Cox,,University Athletic Association Championships
New York University,59,200 Breast,6,2:21.57,Zeynep Tokuz,,University Athletic Association Championships
New York University,59,200 Breast,7,2:21.90,Calista Lynch,,16th Annual Phoenix Fall Classic
New York University,59,200 Breast,8,2:24.24,Sophia Liwanag,,16th Annual Phoenix Fall Classic
New York University,59,200 Breast,9,2:28.30,Kinley Wigle,,MIT vs. Williams & NYU
New York University,59,200 Breast,10,2:29.94,Bethany Spangler,,NYU vs. John Hopkins
New York University,59,200 Fly,1,1:59.38,Nicole Ranile,,16th Annual Phoenix Fall Classic
New York University,59,200 Fly,2,2:02.31,Reina Gomez,,16th Annual Phoenix Fall Classic
New York University,59,200 Fly,3,2:03.63,Lina Wordelman,,16th Annual Phoenix Fall Classic
New York University,59,200 Fly,4,2:06.15,Bethany Spangler,,16th Annual Phoenix Fall Classic
New York University,59,200 Fly,5,2:07.49,Grace Biak,,16th Annual Phoenix Fall Classic
New York University,59,200 Fly,6,2:09.97,Andrea Wu,,NYU Winter Invitational
New York University,59,200 Fly,7,2:10.04,Zeynep Tokuz,,16th Annual Phoenix Fall Classic
New York University,59,200 Fly,8,2:10.63,Kinley Wigle,,16th Annual Phoenix Fall Classic
New York University,59,200 Fly,9,2:12.91,Ella Romberg,,NYU vs. John Hopkins
New York University,59,200 Fly,10,2:16.50,Alia Saba,,16th Annual Phoenix Fall Classic
New York University,59,200 Free,1,1:44.74,Kaley McIntyre,,University Athletic Association Championships
New York University,59,200 Free,2,1:49.62,Llew Ladomirak,,16th Annual Phoenix Fall Classic
New York University,59,200 Free,3,1:50.05,Nicole Ranile,,University Athletic Association Championships
New York University,59,200 Free,4,1:50.07,Emery Muller,,University Athletic Association Championships
New York University,59,200 Free,5,1:51.04,Lian Jeong Engle,,University Athletic Association Championships
New York University,59,200 Free,6,1:51.05,Aanya Wala,,University Athletic Association Championships
New York University,59,200 Free,7,1:52.99,Reina Gomez,,16th Annual Phoenix Fall Classic
New York University,59,200 Free,8,1:54.68,Molly Sleman,,16th Annual Phoenix Fall Classic
New York University,59,200 Free,9,1:55.91,Eloise Emig,,16th Annual Phoenix Fall Classic
New York University,59,200 Free,10,1:57.23,Bethany Spangler,,NYU vs. TCNJ vs Fordham
New York University,59,200 Im,1,2:04.25,Ella Romberg,,University Athletic Association Championships
New York University,59,200 Im,2,2:04.71,Babette Bradley,,University Athletic Association Championships
New York University,59,200 Im,3,2:05.41,Calista Lynch,,16th Annual Phoenix Fall Classic
New York University,59,200 Im,4,2:05.44,Sammy Wong,,University Athletic Association Championships
New York University,59,200 Im,5,2:05.90,Zeynep Tokuz,,University Athletic Association Championships
New York University,59,200 Im,6,2:06.65,Eloise Emig,,University Athletic Association Championships
New York University,59,200 Im,7,2:07.33,Lina Wordelman,,16th Annual Phoenix Fall Classic
New York University,59,200 Im,8,2:08.02,Kate Steinmeier,,University Athletic Association Championships
New York University,59,200 Im,9,2:08.14,Sophie Cox,,16th Annual Phoenix Fall Classic
New York University,59,200 Im,10,2:08.96,Kaley McIntyre,,NYU vs. West Chester
New York University,59,400 Im,1,4:23.09,Bethany Spangler,,University Athletic Association Championships
New York University,59,400 Im,2,4:24.30,Zeynep Tokuz,,University Athletic Association Championships
New York University,59,400 Im,3,4:26.23,Calista Lynch,,University Athletic Association Championships
New York University,59,400 Im,4,4:27.93,Sophie Cox,,16th Annual Phoenix Fall Classic
New York University,59,400 Im,5,4:35.14,Babette Bradley,,MIT vs. Williams & NYU
New York University,59,400 Im,6,4:35.62,Ella Romberg,,MIT vs. Williams & NYU
New York University,59,400 Im,7,4:37.38,Alice Ciobanu,,Army Invite
New York University,59,50 Free,1,22.29,Kaley McIntyre,,University Athletic Association Championships
New York University,59,50 Free,2,23.09,Maeve O'Donnell,,16th Annual Phoenix Fall Classic
New York University,59,50 Free,3,23.26,Lian Jeong Engle,,University Athletic Association Championships
New York University,59,50 Free,4,23.53,Llew Ladomirak,,16th Annual Phoenix Fall Classic
New York University,59,50 Free,5,24.01,Andrea Wu,,University Athletic Association Championships
New York University,59,50 Free,6,24.09,Sarah Pierson,,University Athletic Association Championships
New York University,59,50 Free,7,24.10,Natsuki Uchino,,16th Annual Phoenix Fall Classic
New York University,59,50 Free,8,24.17,Molly Sleman,,Army Invite
New York University,59,50 Free,9,24.25,Jiji Harmer,,NYU vs. West Chester
New York University,59,50 Free,10,24.48,Nicole Ranile,,University Athletic Association Championships
New York University,59,500 Free,1,4:54.08,Llew Ladomirak,,University Athletic Association Championships
New York University,59,500 Free,2,4:54.73,Aanya Wala,,University Athletic Association Championships
New York University,59,500 Free,3,4:57.35,Emery Muller,,16th Annual Phoenix Fall Classic
New York University,59,500 Free,4,4:58.25,Bethany Spangler,,University Athletic Association Championships
New York University,59,500 Free,5,5:01.74,Reina Gomez,,University Athletic Association Championships
New York University,59,500 Free,6,5:09.39,Nicole Ranile,,NYU vs. West Chester
New York University,59,500 Free,7,5:10.63,Alice Ciobanu,,16th Annual Phoenix Fall Classic
New York University,59,500 Free,8,5:12.56,Maeve O'Donnell,,NYU vs. John Hopkins
New York University,59,500 Free,9,5:21.11,Lina Wordelman,,MIT vs. Williams & NYU
New York University,59,500 Free,10,5:28.30,Renee Yasuda,,NYU vs. West Chester
Pomona-Pitzer Colleges,10,100 Back,1,55.31,Amaia Sherman,,SCIAC Championships
Pomona-Pitzer Colleges,10,100 Back,2,55.91,Izzy Yoon,,D3 Shootout
Pomona-Pitzer Colleges,10,100 Back,3,56.24,Charlotte Dixon,,SCIAC Championships
Pomona-Pitzer Colleges,10,100 Back,4,56.61,Mollie Appl,,CMS vs Pomona-Pitzer
Pomona-Pitzer Colleges,10,100 Back,5,57.18,Ashley Dangol,,SCIAC Championships
Pomona-Pitzer Colleges,10,100 Back,6,58.70,Joy Lee,,SCIAC Championships
Pomona-Pitzer Colleges,10,100 Back,7,59.74,Alanna Baker,,SCIAC Championships
Pomona-Pitzer Colleges,10,100 Back,8,1:00.86,Emmy Luu,,SCIAC Championships
Pomona-Pitzer Colleges,10,100 Back,9,1:01.46,Mia Kronson,,Pomona-Pitzer Invite
Pomona-Pitzer Colleges,10,100 Back,10,1:01.56,Alyssa Clark,,SCIAC Championships
Pomona-Pitzer Colleges,10,100 Breast,1,1:04.35,Francesca Coppo,,SCIAC Championships
Pomona-Pitzer Colleges,10,100 Breast,2,1:05.06,Dylan Hutchinson,,SCIAC Championships
Pomona-Pitzer Colleges,10,100 Breast,3,1:06.52,Amelia Barron,,La Verne Invitational
Pomona-Pitzer Colleges,10,100 Breast,4,1:06.68,Kiana Li,,SCIAC Championships
Pomona-Pitzer Colleges,10,100 Breast,5,1:07.35,Alena Sharp,,CMS vs Pomona-Pitzer
Pomona-Pitzer Colleges,10,100 Breast,6,1:10.32,Asha Bansal,,Redlands vs. Pomona-Pitzer
Pomona-Pitzer Colleges,10,100 Breast,7,1:11.30,Amaia Sherman,,Redlands vs. Pomona-Pitzer
Pomona-Pitzer Colleges,10,100 Breast,8,1:13.18,Maya Van Atta,,The Masters v Pomona-Pitzer
Pomona-Pitzer Colleges,10,100 Fly,1,55.08,Sabrina Wang,,SCIAC Championships
Pomona-Pitzer Colleges,10,100 Fly,2,55.68,Taylor Park,,CMS vs Pomona-Pitzer
Pomona-Pitzer Colleges,10,100 Fly,3,56.13,Mollie Appl,,SCIAC Championships
Pomona-Pitzer Colleges,10,100 Fly,4,56.33,Chesna Pelka,,Pomona-Pitzer Invite
Pomona-Pitzer Colleges,10,100 Fly,5,56.85,Jacqui Wong,,Pomona-Pitzer Invite
Pomona-Pitzer Colleges,10,100 Fly,6,56.97,Asha Bansal,,SCIAC Championships
Pomona-Pitzer Colleges,10,100 Fly,7,57.20,Nina Aballea,,La Verne Invitational
Pomona-Pitzer Colleges,10,100 Fly,8,57.38,Amaia Sherman,,SCIAC Championships
Pomona-Pitzer Colleges,10,100 Fly,9,57.79,Ashley Dangol,,CMS vs Pomona-Pitzer
Pomona-Pitzer Colleges,10,100 Fly,10,58.23,Maren Rusk,,La Verne Invitational
Pomona-Pitzer Colleges,10,100 Free,1,50.13,Nina Aballea,,SCIAC Championships
Pomona-Pitzer Colleges,10,100 Free,2,50.50,Ellie Burkhardt,,CMS vs Pomona-Pitzer
Pomona-Pitzer Colleges,10,100 Free,3,50.69,Francesca Coppo,,SCIAC Championships
Pomona-Pitzer Colleges,10,100 Free,4,50.97,Chesna Pelka,,SCIAC Championships
Pomona-Pitzer Colleges,10,100 Free,5,51.09,Sabrina Wang,,SCIAC Championships
Pomona-Pitzer Colleges,10,100 Free,6,52.38,Alyssa Clark,,La Verne Invitational
Pomona-Pitzer Colleges,10,100 Free,7,52.42,Charlotte Dixon,,SCIAC Championships
Pomona-Pitzer Colleges,10,100 Free,8,52.65,Maren Rusk,,Caltech vs. Pomona-Pitzer vs. Chapman
Pomona-Pitzer Colleges,10,100 Free,9,52.86,Joy Lee,,CMS vs Pomona-Pitzer
Pomona-Pitzer Colleges,10,100 Free,10,53.49,Mollie Appl,,Redlands vs. Pomona-Pitzer
Pomona-Pitzer Colleges,10,1000 Free,1,10:25.77,Cassidy Schneider,,CMS vs Pomona-Pitzer
Pomona-Pitzer Colleges,10,1000 Free,2,10:42.92,Kathryn Bennett Jones,,Redlands vs. Pomona-Pitzer
Pomona-Pitzer Colleges,10,1000 Free,3,10:45.77,Abby Raclaw,,CMS vs Pomona-Pitzer
Pomona-Pitzer Colleges,10,1000 Free,4,10:47.66,Ellie Burkhardt,,"Occidental vs. Caltech, LaVerne, Pomona"
Pomona-Pitzer Colleges,10,1650 Free,1,17:15.60,Cassidy Schneider,,CMS vs Pomona-Pitzer
Pomona-Pitzer Colleges,10,1650 Free,2,17:35.37,Kathryn Bennett Jones,,Redlands vs. Pomona-Pitzer
Pomona-Pitzer Colleges,10,1650 Free,3,17:45.39,Abby Raclaw,,SCIAC Championships
Pomona-Pitzer Colleges,10,200 Back,1,2:01.29,Izzy Yoon,,D3 Shootout
Pomona-Pitzer Colleges,10,200 Back,2,2:01.44,Amaia Sherman,,SCIAC Championships
Pomona-Pitzer Colleges,10,200 Back,3,2:03.82,Charlotte Dixon,,SCIAC Championships
Pomona-Pitzer Colleges,10,200 Back,4,2:05.18,Mollie Appl,,CMS vs Pomona-Pitzer
Pomona-Pitzer Colleges,10,200 Back,5,2:08.29,Ashley Dangol,,SCIAC Championships
Pomona-Pitzer Colleges,10,200 Back,6,2:09.24,Alanna Baker,,SCIAC Championships
Pomona-Pitzer Colleges,10,200 Back,7,2:11.69,Kathryn Bennett Jones,,The Masters v Pomona-Pitzer
Pomona-Pitzer Colleges,10,200 Back,8,2:13.90,Mia Kronson,,SCIAC Championships
Pomona-Pitzer Colleges,10,200 Back,9,2:15.01,Taylor Park,,Caltech vs. Pomona-Pitzer vs. Chapman
Pomona-Pitzer Colleges,10,200 Back,10,2:20.84,Asha Bansal,,Caltech vs. Pomona-Pitzer vs. Chapman
Pomona-Pitzer Colleges,10,200 Breast,1,2:24.90,Dylan Hutchinson,,SCIAC Championships
Pomona-Pitzer Colleges,10,200 Breast,2,2:25.17,Kiana Li,,CMS vs Pomona-Pitzer
Pomona-Pitzer Colleges,10,200 Breast,3,2:25.24,Kathryn Bennett Jones,,Redlands vs. Pomona-Pitzer
Pomona-Pitzer Colleges,10,200 Breast,4,2:25.48,Amelia Barron,,SCIAC Championships
Pomona-Pitzer Colleges,10,200 Breast,5,2:26.29,Francesca Coppo,,D3 Shootout
Pomona-Pitzer Colleges,10,200 Breast,6,2:29.72,Alena Sharp,,CMS vs Pomona-Pitzer
Pomona-Pitzer Colleges,10,200 Breast,7,2:37.09,Izzy Yoon,,"Occidental vs. Caltech, LaVerne, Pomona"
Pomona-Pitzer Colleges,10,200 Breast,8,2:38.28,Asha Bansal,,Whitworth v Pomona-Pitzer
Pomona-Pitzer Colleges,10,200 Fly,1,2:04.77,Kathryn Bennett Jones,,CMS vs Pomona-Pitzer
Pomona-Pitzer Colleges,10,200 Fly,2,2:05.37,Asha Bansal,,CMS vs Pomona-Pitzer
Pomona-Pitzer Colleges,10,200 Fly,3,2:06.10,Taylor Park,,CMS vs Pomona-Pitzer
Pomona-Pitzer Colleges,10,200 Fly,4,2:06.81,Maren Rusk,,SCIAC Championships
Pomona-Pitzer Colleges,10,200 Fly,5,2:10.59,Amelia Barron,,"Pomona vs. Cal Baptist, San Diego"
Pomona-Pitzer Colleges,10,200 Fly,6,2:11.60,Jacqui Wong,,CMS vs Pomona-Pitzer
Pomona-Pitzer Colleges,10,200 Fly,7,2:12.26,Chesna Pelka,,Biola vs Concordia vs Pomona-Pitzer
Pomona-Pitzer Colleges,10,200 Fly,8,2:14.67,Mary Louisa Leopold,,Redlands vs. Pomona-Pitzer
Pomona-Pitzer Colleges,10,200 Fly,9,2:20.22,Sabrina Wang,,Biola vs Concordia vs Pomona-Pitzer
Pomona-Pitzer Colleges,10,200 Fly,10,2:20.80,Dylan Hutchinson,,Biola vs Concordia vs Pomona-Pitzer
Pomona-Pitzer Colleges,10,200 Free,1,1:48.59,Nina Aballea,,SCIAC Championships
Pomona-Pitzer Colleges,10,200 Free,2,1:49.97,Ellie Burkhardt,,D3 Shootout
Pomona-Pitzer Colleges,10,200 Free,3,1:50.82,Chesna Pelka,,SCIAC Championships
Pomona-Pitzer Colleges,10,200 Free,4,1:52.06,Maren Rusk,,SCIAC Championships
Pomona-Pitzer Colleges,10,200 Free,5,1:52.07,Charlotte Dixon,,SCIAC Championships
Pomona-Pitzer Colleges,10,200 Free,6,1:54.15,Sabrina Wang,,SCIAC Championships
Pomona-Pitzer Colleges,10,200 Free,7,1:54.46,Cassidy Schneider,,SCIAC Championships
Pomona-Pitzer Colleges,10,200 Free,8,1:54.90,Joy Lee,,CMS vs Pomona-Pitzer
Pomona-Pitzer Colleges,10,200 Free,9,1:55.31,Kathryn Bennett Jones,,D3 Shootout
Pomona-Pitzer Colleges,10,200 Free,10,1:57.37,Abby Raclaw,,La Verne Invitational
Pomona-Pitzer Colleges,10,200 Im,1,2:03.09,Kathryn Bennett Jones,,CMS vs Pomona-Pitzer
Pomona-Pitzer Colleges,10,200 Im,2,2:07.55,Izzy Yoon,,SCIAC Championships
Pomona-Pitzer Colleges,10,200 Im,3,2:07.64,Dylan Hutchinson,,SCIAC Championships
Pomona-Pitzer Colleges,10,200 Im,4,2:08.21,Nina Aballea,,SCIAC Championships
Pomona-Pitzer Colleges,10,200 Im,5,2:08.46,Amelia Barron,,SCIAC Championships
Pomona-Pitzer Colleges,10,200 Im,6,2:11.39,Asha Bansal,,SCIAC Championships
Pomona-Pitzer Colleges,10,200 Im,7,2:11.91,Mollie Appl,,The Masters v Pomona-Pitzer
Pomona-Pitzer Colleges,10,200 Im,8,2:14.32,Maren Rusk,,Biola vs Concordia vs Pomona-Pitzer
Pomona-Pitzer Colleges,10,200 Im,9,2:14.42,Kiana Li,,SCIAC Championships
Pomona-Pitzer Colleges,10,200 Im,10,2:14.78,Sabrina Wang,,Whitworth v Pomona-Pitzer
Pomona-Pitzer Colleges,10,400 Im,1,4:22.54,Kathryn Bennett Jones,,CMS vs Pomona-Pitzer
Pomona-Pitzer Colleges,10,400 Im,2,4:34.01,Amelia Barron,,D3 Shootout
Pomona-Pitzer Colleges,10,400 Im,3,4:38.51,Asha Bansal,,SCIAC Championships
Pomona-Pitzer Colleges,10,400 Im,4,4:40.22,Abby Raclaw,,La Verne Invitational
Pomona-Pitzer Colleges,10,400 Im,5,4:42.47,Ellie Burkhardt,,Redlands vs. Pomona-Pitzer
Pomona-Pitzer Colleges,10,400 Im,6,4:45.58,Dylan Hutchinson,,"Pomona vs. Cal Baptist, San Diego"
Pomona-Pitzer Colleges,10,400 Im,7,4:49.91,Maren Rusk,,"Occidental vs. Caltech, LaVerne, Pomona"
Pomona-Pitzer Colleges,10,400 Im,8,4:51.94,Sabrina Wang,,"Occidental vs. Caltech, LaVerne, Pomona"
Pomona-Pitzer Colleges,10,400 Im,9,5:11.66,Kiana Li,,"Occidental vs. Caltech, LaVerne, Pomona"
Pomona-Pitzer Colleges,10,50 Free,1,22.82,Francesca Coppo,,SCIAC Championships
Pomona-Pitzer Colleges,10,50 Free,2,23.35,Sabrina Wang,,SCIAC Championships
Pomona-Pitzer Colleges,10,50 Free,3,23.40,Chesna Pelka,,SCIAC Championships
Pomona-Pitzer Colleges,10,50 Free,4,23.62,Ellie Burkhardt,,Pomona-Pitzer Invite
Pomona-Pitzer Colleges,10,50 Free,5,23.94,Nina Aballea,,CMS vs Pomona-Pitzer
Pomona-Pitzer Colleges,10,50 Free,6,23.95,Ashley Dangol,,SCIAC Championships
Pomona-Pitzer Colleges,10,50 Free,7,23.98,Dylan Hutchinson,,Pomona-Pitzer Invite
Pomona-Pitzer Colleges,10,50 Free,8,24.11,Alyssa Clark,,SCIAC Championships
Pomona-Pitzer Colleges,10,50 Free,9,24.14,Joy Lee,,SCIAC Championships
Pomona-Pitzer Colleges,10,50 Free,10,24.19,Mollie Appl,,SCIAC Championships
Pomona-Pitzer Colleges,10,500 Free,1,5:00.84,Ellie Burkhardt,,SCIAC Championships
Pomona-Pitzer Colleges,10,500 Free,2,5:01.81,Cassidy Schneider,,La Verne Invitational
Pomona-Pitzer Colleges,10,500 Free,3,5:06.57,Abby Raclaw,,SCIAC Championships
Pomona-Pitzer Colleges,10,500 Free,4,5:07.96,Kathryn Bennett Jones,,D3 Shootout
Pomona-Pitzer Colleges,10,500 Free,5,5:08.54,Maren Rusk,,SCIAC Championships
Pomona-Pitzer Colleges,10,500 Free,6,5:23.02,Charlotte Dixon,,"Occidental vs. Caltech, LaVerne, Pomona"
Pomona-Pitzer Colleges,10,500 Free,7,5:28.66,Taylor Park,,Redlands vs. Pomona-Pitzer
Pomona-Pitzer Colleges,10,500 Free,8,5:31.80,Izzy Yoon,,Redlands vs. Pomona-Pitzer
Rhodes College,540,100 Back,1,56.58,Gracie Shapard,,SAA Conference Championship
Rhodes College,540,100 Back,2,1:01.00,Ainsley Clark,,SAA Conference Championship
Rhodes College,540,100 Back,3,1:02.00,Annie Murer,,Delta State Thanksgiving Invitational
Rhodes College,540,100 Back,4,1:03.60,Kendall Mitzel,,Delta State Thanksgiving Invitational
Rhodes College,540,100 Back,5,1:07.40,Emma Knoesel,,Hendrix vs Rhodes
Rhodes College,540,100 Back,6,1:09.98,Kallen Huth,,Millsaps v Rhodes v MCC
Rhodes College,540,100 Back,7,1:14.79,AUTUMN BRUNS,,Millsaps v Rhodes v MCC
Rhodes College,540,100 Breast,1,1:04.52,Paxton Smythe,,SAA Conference Championship
Rhodes College,540,100 Breast,2,1:05.55,AUTUMN BRUNS,,Delta State Thanksgiving Invitational
Rhodes College,540,100 Breast,3,1:09.12,Kallen Huth,,Delta State Thanksgiving Invitational
Rhodes College,540,100 Breast,4,1:09.70,Cecilia Bailey,,SAA Conference Championship
Rhodes College,540,100 Breast,5,1:10.52,MacKenzie Roach,,Delta State Thanksgiving Invitational
Rhodes College,540,100 Breast,6,1:11.90,Kathleen Modder,,SAA Conference Championship
Rhodes College,540,100 Breast,7,1:14.24,Kate Pierros,,Hendrix vs Rhodes
Rhodes College,540,100 Breast,8,1:15.18,Makenna Mitzel,,Millsaps v Rhodes v MCC
Rhodes College,540,100 Breast,9,1:18.82,Emma Knoesel,,Millsaps v Rhodes v MCC
Rhodes College,540,100 Fly,1,58.07,Charlotte Hill,,SAA Conference Championship
Rhodes College,540,100 Fly,2,58.84,Kate Pierros,,Delta State Thanksgiving Invitational
Rhodes College,540,100 Fly,3,59.75,Madolyn Holmes,,Delta State Thanksgiving Invitational
Rhodes College,540,100 Fly,4,1:00.32,Cecilia Bailey,,Delta State Thanksgiving Invitational
Rhodes College,540,100 Fly,5,1:01.22,Taylor McNerney,,Delta State Thanksgiving Invitational
Rhodes College,540,100 Fly,6,1:01.80,Sydney Kalange,,Delta State Thanksgiving Invitational
Rhodes College,540,100 Fly,7,1:02.47,Paxton Smythe,,Rhodes vs Delta State
Rhodes College,540,100 Fly,8,1:02.60,Abby Carter,,Delta State Thanksgiving Invitational
Rhodes College,540,100 Fly,9,1:04.84,MacKenzie Roach,,SAA Conference Championship
Rhodes College,540,100 Fly,10,1:05.17,Kallen Huth,,Delta State Thanksgiving Invitational
Rhodes College,540,100 Free,1,53.65,Madolyn Holmes,,SAA Conference Championship
Rhodes College,540,100 Free,2,53.70,Makenna Mitzel,,Delta State Thanksgiving Invitational
Rhodes College,540,100 Free,3,54.11,Paxton Smythe,,SAA Conference Championship
Rhodes College,540,100 Free,4,54.70,Annie Murer,,Delta State Thanksgiving Invitational
Rhodes College,540,100 Free,5,55.11,Abby Carter,,Delta State Thanksgiving Invitational
Rhodes College,540,100 Free,6,55.40,MacKenzie Roach,,Delta State Thanksgiving Invitational
Rhodes College,540,100 Free,7,56.64,Emma Knoesel,,Delta State Thanksgiving Invitational
Rhodes College,540,100 Free,8,57.10,Mylee Dubin,,Delta State Thanksgiving Invitational
Rhodes College,540,100 Free,9,58.65,Kate Pierros,,Hendrix vs Rhodes
Rhodes College,540,1000 Free,1,10:51.61,Taylor McNerney,,SAA Conference Championship
Rhodes College,540,1000 Free,2,10:58.51,Kendall Mitzel,,Hendrix vs Rhodes
Rhodes College,540,1000 Free,3,11:02.04,Emma Knoesel,,Delta State Thanksgiving Invitational
Rhodes College,540,1000 Free,4,11:38.95,Sydney Kalange,,SAA Conference Championship
Rhodes College,540,1000 Free,5,11:49.53,Ainsley Clark,,Millsaps v Rhodes v MCC
Rhodes College,540,1000 Free,6,11:58.58,Annie Murer,,Hendrix vs Rhodes
Rhodes College,540,1650 Free,1,18:08.33,Kendall Mitzel,,SAA Conference Championship
Rhodes College,540,1650 Free,2,18:11.60,Taylor McNerney,,SAA Conference Championship
Rhodes College,540,1650 Free,3,18:27.13,Emma Knoesel,,SAA Conference Championship
Rhodes College,540,1650 Free,4,19:25.67,Sydney Kalange,,SAA Conference Championship
Rhodes College,540,200 Back,1,2:03.63,Gracie Shapard,,SAA Conference Championship
Rhodes College,540,200 Back,2,2:11.33,Ainsley Clark,,Delta State Thanksgiving Invitational
Rhodes College,540,200 Back,3,2:24.83,Emma Knoesel,,Rhodes vs Delta State
Rhodes College,540,200 Breast,1,2:22.88,Paxton Smythe,,SAA Conference Championship
Rhodes College,540,200 Breast,2,2:23.82,AUTUMN BRUNS,,SAA Conference Championship
Rhodes College,540,200 Breast,3,2:29.33,MacKenzie Roach,,SAA Conference Championship
Rhodes College,540,200 Breast,4,2:30.48,Kallen Huth,,SAA Conference Championship
Rhodes College,540,200 Breast,5,2:32.16,Cecilia Bailey,,SAA Conference Championship
Rhodes College,540,200 Breast,6,2:33.52,Kate Pierros,,Delta State Thanksgiving Invitational
Rhodes College,540,200 Breast,7,2:40.03,Kathleen Modder,,SAA Conference Championship
Rhodes College,540,200 Fly,1,2:07.61,Charlotte Hill,,SAA Conference Championship
Rhodes College,540,200 Fly,2,2:11.01,Taylor McNerney,,Delta State Thanksgiving Invitational
Rhodes College,540,200 Fly,3,2:20.86,Sydney Kalange,,SAA Conference Championship
Rhodes College,540,200 Free,1,1:55.48,Taylor McNerney,,SAA Conference Championship
Rhodes College,540,200 Free,2,1:58.02,Makenna Mitzel,,SAA Conference Championship
Rhodes College,540,200 Free,3,1:58.56,Kendall Mitzel,,SAA Conference Championship
Rhodes College,540,200 Free,4,1:58.73,MacKenzie Roach,,SAA Conference Championship
Rhodes College,540,200 Free,5,1:59.17,Annie Murer,,SAA Conference Championship
Rhodes College,540,200 Free,6,2:00.32,Emma Knoesel,,SAA Conference Championship
Rhodes College,540,200 Free,7,2:02.41,Paxton Smythe,,Millsaps v Rhodes v MCC
Rhodes College,540,200 Free,8,2:05.44,Mylee Dubin,,SAA Conference Championship
Rhodes College,540,200 Free,9,2:05.90,Kate Pierros,,Rhodes vs Delta State
Rhodes College,540,200 Free,10,2:10.91,Ainsley Clark,,Hendrix vs Rhodes
Rhodes College,540,200 Im,1,2:08.40,Paxton Smythe,,SAA Conference Championship
Rhodes College,540,200 Im,2,2:10.95,Kate Pierros,,SAA Conference Championship
Rhodes College,540,200 Im,3,2:11.40,AUTUMN BRUNS,,Delta State Thanksgiving Invitational
Rhodes College,540,200 Im,4,2:12.18,Makenna Mitzel,,Delta State Thanksgiving Invitational
Rhodes College,540,200 Im,5,2:13.41,Charlotte Hill,,Delta State Thanksgiving Invitational
Rhodes College,540,200 Im,6,2:14.21,MacKenzie Roach,,SAA Conference Championship
Rhodes College,540,200 Im,7,2:15.41,Kallen Huth,,Delta State Thanksgiving Invitational
Rhodes College,540,200 Im,8,2:27.97,Ainsley Clark,,Hendrix vs Rhodes
Rhodes College,540,400 Im,1,4:37.35,Charlotte Hill,,SAA Conference Championship
Rhodes College,540,400 Im,2,4:39.62,Kate Pierros,,SAA Conference Championship
Rhodes College,540,400 Im,3,4:43.32,Kendall Mitzel,,SAA Conference Championship
Rhodes College,540,400 Im,4,4:44.35,Taylor McNerney,,Delta State Thanksgiving Invitational
Rhodes College,540,400 Im,5,4:47.23,MacKenzie Roach,,SAA Conference Championship
Rhodes College,540,400 Im,6,4:52.26,Kallen Huth,,Delta State Thanksgiving Invitational
Rhodes College,540,400 Im,7,4:55.39,Gracie Shapard,,Rhodes vs Delta State
Rhodes College,540,400 Im,8,5:09.88,AUTUMN BRUNS,,Rhodes vs Delta State
Rhodes College,540,50 Free,1,24.25,Gracie Shapard,,SAA Conference Championship
Rhodes College,540,50 Free,2,24.54,Madolyn Holmes,,SAA Conference Championship
Rhodes College,540,50 Free,3,24.79,Makenna Mitzel,,Delta State Thanksgiving Invitational
Rhodes College,540,50 Free,4,24.96,Abby Carter,,Delta State Thanksgiving Invitational
Rhodes College,540,50 Free,5,25.01,Annie Murer,,Delta State Thanksgiving Invitational
Rhodes College,540,50 Free,6,25.52,MacKenzie Roach,,Delta State Thanksgiving Invitational
Rhodes College,540,50 Free,7,25.73,Paxton Smythe,,SAA Conference Championship
Rhodes College,540,50 Free,8,25.89,Cecilia Bailey,,Delta State Thanksgiving Invitational
Rhodes College,540,50 Free,9,26.10,Kendall Mitzel,,Delta State Thanksgiving Invitational
Rhodes College,540,50 Free,10,26.22,Mylee Dubin,,Delta State Thanksgiving Invitational
Rhodes College,540,500 Free,1,5:11.94,Taylor McNerney,,SAA Conference Championship
Rhodes College,540,500 Free,2,5:14.57,Kendall Mitzel,,SAA Conference Championship
Rhodes College,540,500 Free,3,5:18.92,Emma Knoesel,,Delta State Thanksgiving Invitational
Rhodes College,540,500 Free,4,5:21.93,Annie Murer,,SAA Conference Championship
Rhodes College,540,500 Free,5,5:22.22,Ainsley Clark,,Delta State Thanksgiving Invitational
Rhodes College,540,500 Free,6,5:26.45,Makenna Mitzel,,Rhodes vs Delta State
Rhodes College,540,500 Free,7,5:32.87,Paxton Smythe,,Millsaps v Rhodes v MCC
Rhodes College,540,500 Free,8,5:43.49,Sydney Kalange,,Delta State Thanksgiving Invitational
Rochester Institute of Technology,30,100 Back,1,58.17,Madisen Pavoris,,Liberty League Championships
Rochester Institute of Technology,30,100 Back,2,59.04,Taryn Hickey,,RIT vs. Ithaca
Rochester Institute of Technology,30,100 Back,3,1:00.88,Evan Arnold,,Liberty League Championships
Rochester Institute of Technology,30,100 Back,4,1:01.94,Val Tennyson,,2026 RIT vs Geneseo
Rochester Institute of Technology,30,100 Back,5,1:02.06,Zoë Joss,,RIT vs. Ithaca
Rochester Institute of Technology,30,100 Back,6,1:02.73,Annika Rieger,,Liberty League Championships
Rochester Institute of Technology,30,100 Back,7,1:05.20,Laina Swartzwelder,,HWS vs RIT
Rochester Institute of Technology,30,100 Back,8,1:09.56,Sephora Schoenheit,,IRSC vs RIT vs RW 2026
Rochester Institute of Technology,30,100 Back,9,1:09.69,Jess Walsh,,IRSC vs RIT vs RW 2026
Rochester Institute of Technology,30,100 Back,10,1:10.79,Megan Metivier,,IRSC vs RIT vs RW 2026
Rochester Institute of Technology,30,100 Breast,1,1:08.82,Jess Walsh,,2026 RIT vs Geneseo
Rochester Institute of Technology,30,100 Breast,2,1:10.05,Megan Metivier,,D3 Shootout
Rochester Institute of Technology,30,100 Breast,3,1:11.26,Amber Goldhagen,,RIT vs. Ithaca
Rochester Institute of Technology,30,100 Breast,4,1:12.15,Val Tennyson,,Liberty League Championships
Rochester Institute of Technology,30,100 Breast,5,1:14.93,Sephora Schoenheit,,HWS vs RIT
Rochester Institute of Technology,30,100 Breast,6,1:20.54,Cassy Collins,,IRSC vs RIT vs RW 2026
Rochester Institute of Technology,30,100 Breast,7,1:22.71,Madisen Pavoris,,IRSC vs RIT vs RW 2026
Rochester Institute of Technology,30,100 Breast,8,1:23.65,Zoë Joss,,HWS vs RIT
Rochester Institute of Technology,30,100 Breast,9,1:24.37,Taryn Hickey,,IRSC vs RIT vs RW 2026
Rochester Institute of Technology,30,100 Breast,10,1:25.82,Evan Arnold,,IRSC vs RIT vs RW 2026
Rochester Institute of Technology,30,100 Fly,1,57.14,Taryn Hickey,,Liberty League Championships
Rochester Institute of Technology,30,100 Fly,2,59.00,Megan Metivier,,Liberty League Championships
Rochester Institute of Technology,30,100 Fly,3,1:00.20,Zoë Joss,,D3 Shootout
Rochester Institute of Technology,30,100 Fly,4,1:00.46,Laina Swartzwelder,,D3 Shootout
Rochester Institute of Technology,30,100 Fly,5,1:00.70,Emma Seibel,,RPI vs  RIT
Rochester Institute of Technology,30,100 Fly,6,1:01.19,Annika Rieger,,Liberty League Championships
Rochester Institute of Technology,30,100 Fly,7,1:01.86,Jess Walsh,,Don Richards Invitational
Rochester Institute of Technology,30,100 Fly,8,1:03.48,Madisen Pavoris,,IRSC vs RIT vs RW 2026
Rochester Institute of Technology,30,100 Fly,9,1:06.49,Sephora Schoenheit,,IRSC vs RIT vs RW 2026
Rochester Institute of Technology,30,100 Fly,10,1:06.71,Cassy Collins,,Liberty League Championships
Rochester Institute of Technology,30,100 Free,1,51.41,Taryn Hickey,,Liberty League Championships
Rochester Institute of Technology,30,100 Free,2,53.77,Laina Swartzwelder,,RIT vs. Ithaca
Rochester Institute of Technology,30,100 Free,3,54.01,Sephora Schoenheit,,Liberty League Championships
Rochester Institute of Technology,30,100 Free,4,55.29,Evan Arnold,,Liberty League Championships
Rochester Institute of Technology,30,100 Free,5,55.93,Annika Rieger,,2026 RIT vs Geneseo
Rochester Institute of Technology,30,100 Free,6,56.10,Rose LaDue,,Liberty League Championships
Rochester Institute of Technology,30,100 Free,7,58.04,Val Tennyson,,RIT vs. Ithaca
Rochester Institute of Technology,30,100 Free,8,1:00.07,Jaden Steen,,Liberty League Championships
Rochester Institute of Technology,30,100 Free,9,1:00.21,Megan Metivier,,IRSC vs RIT vs RW 2026
Rochester Institute of Technology,30,100 Free,10,1:01.18,Zoë Joss,,IRSC vs RIT vs RW 2026
Rochester Institute of Technology,30,1000 Free,1,10:57.09,Laina Swartzwelder,,2026 RIT vs Geneseo
Rochester Institute of Technology,30,1000 Free,2,11:11.99,Cassy Collins,,Liberty League Championships
Rochester Institute of Technology,30,1000 Free,3,11:25.57,Taryn Hickey,,HWS vs RIT
Rochester Institute of Technology,30,1000 Free,4,11:37.55,Megan Metivier,,Don Richards Invitational
Rochester Institute of Technology,30,1000 Free,5,12:27.38,Val Tennyson,,HWS vs RIT
Rochester Institute of Technology,30,1650 Free,1,18:04.48,Laina Swartzwelder,,2026 RIT vs Geneseo
Rochester Institute of Technology,30,1650 Free,2,18:53.96,Cassy Collins,,Liberty League Championships
Rochester Institute of Technology,30,1650 Free,3,19:05.80,Megan Metivier,,Don Richards Invitational
Rochester Institute of Technology,30,200 Back,1,2:03.77,Madisen Pavoris,,Liberty League Championships
Rochester Institute of Technology,30,200 Back,2,2:12.31,Zoë Joss,,Don Richards Invitational
Rochester Institute of Technology,30,200 Back,3,2:12.38,Evan Arnold,,Liberty League Championships
Rochester Institute of Technology,30,200 Back,4,2:18.51,Cassy Collins,,Don Richards Invitational
Rochester Institute of Technology,30,200 Back,5,2:21.84,Taryn Hickey,,HWS vs RIT
Rochester Institute of Technology,30,200 Back,6,2:26.10,Megan Metivier,,Alfred University vs RIT
Rochester Institute of Technology,30,200 Breast,1,2:27.50,Jess Walsh,,Liberty League Championships
Rochester Institute of Technology,30,200 Breast,2,2:37.45,Megan Metivier,,D3 Shootout
Rochester Institute of Technology,30,200 Breast,3,2:40.79,Val Tennyson,,Liberty League Championships
Rochester Institute of Technology,30,200 Breast,4,2:43.66,Amber Goldhagen,,RIT vs. Ithaca
Rochester Institute of Technology,30,200 Breast,5,2:48.98,Cassy Collins,,HWS vs RIT
Rochester Institute of Technology,30,200 Breast,6,2:58.69,Madisen Pavoris,,HWS vs RIT
Rochester Institute of Technology,30,200 Fly,1,2:15.08,Megan Metivier,,2026 RIT vs Geneseo
Rochester Institute of Technology,30,200 Fly,2,2:16.50,Emma Seibel,,RPI vs  RIT
Rochester Institute of Technology,30,200 Fly,3,2:16.53,Madisen Pavoris,,RIT vs. Ithaca
Rochester Institute of Technology,30,200 Fly,4,2:19.18,Zoë Joss,,2026 RIT vs Geneseo
Rochester Institute of Technology,30,200 Fly,5,2:51.60,Val Tennyson,,HWS vs RIT
Rochester Institute of Technology,30,200 Free,1,1:55.11,Laina Swartzwelder,,Liberty League Championships
Rochester Institute of Technology,30,200 Free,2,1:57.35,Sephora Schoenheit,,Liberty League Championships
Rochester Institute of Technology,30,200 Free,3,2:02.03,Megan Metivier,,RIT vs. Ithaca
Rochester Institute of Technology,30,200 Free,4,2:04.91,Madisen Pavoris,,2025 RIT vs. University of Rochester
Rochester Institute of Technology,30,200 Free,5,2:07.05,Zoë Joss,,RIT v Hamilton
Rochester Institute of Technology,30,200 Free,6,2:09.74,Val Tennyson,,Liberty League Championships
Rochester Institute of Technology,30,200 Free,7,2:11.12,Cassy Collins,,2025 RIT vs. University of Rochester
Rochester Institute of Technology,30,200 Im,1,2:13.58,Jess Walsh,,Don Richards Invitational
Rochester Institute of Technology,30,200 Im,2,2:13.62,Megan Metivier,,Liberty League Championships
Rochester Institute of Technology,30,200 Im,3,2:17.11,Zoë Joss,,Don Richards Invitational
Rochester Institute of Technology,30,200 Im,4,2:24.40,Val Tennyson,,"Geneseo vs. RIT, Trinity"
Rochester Institute of Technology,30,200 Im,5,2:31.68,Amber Goldhagen,,Don Richards Invitational
Rochester Institute of Technology,30,400 Im,1,4:50.18,Cassy Collins,,Liberty League Championships
Rochester Institute of Technology,30,400 Im,2,4:55.62,Zoë Joss,,Liberty League Championships
Rochester Institute of Technology,30,400 Im,3,4:57.41,Madisen Pavoris,,D3 Shootout
Rochester Institute of Technology,30,50 Free,1,23.70,Taryn Hickey,,Liberty League Championships
Rochester Institute of Technology,30,50 Free,2,24.93,Sephora Schoenheit,,Liberty League Championships
Rochester Institute of Technology,30,50 Free,3,25.46,Laina Swartzwelder,,RPI vs  RIT
Rochester Institute of Technology,30,50 Free,4,25.48,Megan Metivier,,Don Richards Invitational
Rochester Institute of Technology,30,50 Free,5,25.57,Evan Arnold,,Liberty League Championships
Rochester Institute of Technology,30,50 Free,6,25.60,Val Tennyson,,Liberty League Championships
Rochester Institute of Technology,30,50 Free,7,25.62,Annika Rieger,,Liberty League Championships
Rochester Institute of Technology,30,50 Free,8,25.84,Jaden Steen,,2026 RIT vs Geneseo
Rochester Institute of Technology,30,50 Free,9,25.86,Emma Seibel,,D3 Shootout
Rochester Institute of Technology,30,50 Free,10,26.15,Rose LaDue,,Liberty League Championships
Rochester Institute of Technology,30,500 Free,1,5:12.32,Laina Swartzwelder,,Liberty League Championships
Rochester Institute of Technology,30,500 Free,2,5:22.69,Emma Seibel,,D3 Shootout
Rochester Institute of Technology,30,500 Free,3,5:23.21,Cassy Collins,,Liberty League Championships
Rochester Institute of Technology,30,500 Free,4,5:29.21,Madisen Pavoris,,Liberty League Championships
Rochester Institute of Technology,30,500 Free,5,5:30.99,Sephora Schoenheit,,D3 Shootout
Rochester Institute of Technology,30,500 Free,6,5:40.21,Zoë Joss,,HWS vs RIT
Rochester Institute of Technology,30,500 Free,7,5:43.44,Megan Metivier,,RIT v Hamilton
Rowan University,488,100 Back,1,54.45,Ella Pennington,,New Jersey Athletic Conference Championship
Rowan University,488,100 Back,2,58.73,Leia Wolf,,New Jersey Athletic Conference Championship
Rowan University,488,100 Back,3,59.39,Lily Pushkar,,New Jersey Athletic Conference Championship
Rowan University,488,100 Back,4,59.68,Trisha Lau,,New Jersey Athletic Conference Championship
Rowan University,488,100 Back,5,1:00.85,Sofie Hogue,,New Jersey Athletic Conference Championship
Rowan University,488,100 Back,6,1:00.91,Kailey Sheehan,,New Jersey Athletic Conference Championship
Rowan University,488,100 Back,7,1:00.96,Alexa Harris,,F&M Invitational
Rowan University,488,100 Back,8,1:01.99,Riley Shimp-Donahue,,F&M Invitational
Rowan University,488,100 Back,9,1:05.83,Kaylee McDermott,,New Jersey Athletic Conference Championship
Rowan University,488,100 Back,10,1:06.31,Abigail Hahm,,Salisbury vs. Rowan 2025
Rowan University,488,100 Breast,1,1:05.42,Rhylee Cornell,,New Jersey Athletic Conference Championship
Rowan University,488,100 Breast,2,1:07.34,Isabela Saltar,,F&M Invitational
Rowan University,488,100 Breast,3,1:11.47,Trisha Lau,,Rowan vs. Swathmore
Rowan University,488,100 Breast,4,1:12.90,Kinsey Ginsberg,,F&M Invitational
Rowan University,488,100 Breast,5,1:16.04,Gabrielle Achinko,,F&M Invitational
Rowan University,488,100 Breast,6,1:18.12,Olivia Achinko,,New Jersey Athletic Conference Championship
Rowan University,488,100 Breast,7,1:18.22,Molly Klinedinst,,F&M Invitational
Rowan University,488,100 Breast,8,1:18.44,Riley Shimp-Donahue,,Salisbury vs. Rowan 2025
Rowan University,488,100 Fly,1,53.87,Ella Pennington,,F&M Invitational
Rowan University,488,100 Fly,2,59.93,Lilyanna Martin,,Montclair State vs Rowan
Rowan University,488,100 Fly,3,1:00.16,Barbara Mora,,New Jersey Athletic Conference Championship
Rowan University,488,100 Fly,4,1:00.56,Kinsey Ginsberg,,New Jersey Athletic Conference Championship
Rowan University,488,100 Fly,5,1:01.14,Lauren Walls,,New Jersey Athletic Conference Championship
Rowan University,488,100 Fly,6,1:02.00,Kaitlyn Crouthamel,,New Jersey Athletic Conference Championship
Rowan University,488,100 Fly,7,1:03.63,Leia Wolf,,Rowan vs. Swathmore
Rowan University,488,100 Fly,8,1:03.83,Lily Pushkar,,Rowan vs. Stevens
Rowan University,488,100 Fly,9,1:04.21,Kailey Sheehan,,West Chester vs. Rowan
Rowan University,488,100 Fly,10,1:04.83,Riley Shimp-Donahue,,New Jersey Athletic Conference Championship
Rowan University,488,100 Free,1,52.86,Ella Pennington,,West Chester vs. Rowan
Rowan University,488,100 Free,2,52.99,Kaitlyn Crouthamel,,New Jersey Athletic Conference Championship
Rowan University,488,100 Free,3,53.20,Peyton Stauffer,,Rowan vs. Swathmore
Rowan University,488,100 Free,4,54.58,Barbara Mora,,F&M Invitational
Rowan University,488,100 Free,5,55.16,Rhylee Cornell,,F&M Invitational
Rowan University,488,100 Free,6,55.48,Alexa Harris,,New Jersey Athletic Conference Championship
Rowan University,488,100 Free,7,56.66,Gabrielle Achinko,,F&M Invitational
Rowan University,488,100 Free,8,56.96,Kaylee McDermott,,New Jersey Athletic Conference Championship
Rowan University,488,100 Free,9,57.00,Leia Wolf,,F&M Invitational
Rowan University,488,100 Free,10,57.09,Lily Pushkar,,Rowan vs. Swathmore
Rowan University,488,1000 Free,1,10:36.49,Kaitlyn Crouthamel,,New Jersey Athletic Conference Championship
Rowan University,488,1000 Free,2,11:11.12,Molly Klinedinst,,New Jersey Athletic Conference Championship
Rowan University,488,1000 Free,3,11:13.42,Jillian Walls,,F&M Invitational
Rowan University,488,1000 Free,4,11:17.35,Trisha Lau,,Montclair State vs Rowan
Rowan University,488,1000 Free,5,11:18.75,Abigail Hahm,,New Jersey Athletic Conference Championship
Rowan University,488,1650 Free,1,17:27.00,Kaitlyn Crouthamel,,New Jersey Athletic Conference Championship
Rowan University,488,1650 Free,2,18:24.57,Molly Klinedinst,,New Jersey Athletic Conference Championship
Rowan University,488,1650 Free,3,18:27.34,Jillian Walls,,F&M Invitational
Rowan University,488,1650 Free,4,18:46.38,Abigail Hahm,,New Jersey Athletic Conference Championship
Rowan University,488,200 Back,1,1:58.84,Ella Pennington,,New Jersey Athletic Conference Championship
Rowan University,488,200 Back,2,2:08.23,Trisha Lau,,New Jersey Athletic Conference Championship
Rowan University,488,200 Back,3,2:08.89,Riley Shimp-Donahue,,New Jersey Athletic Conference Championship
Rowan University,488,200 Back,4,2:09.43,Lily Pushkar,,New Jersey Athletic Conference Championship
Rowan University,488,200 Back,5,2:10.12,Sofie Hogue,,New Jersey Athletic Conference Championship
Rowan University,488,200 Back,6,2:10.59,Kailey Sheehan,,New Jersey Athletic Conference Championship
Rowan University,488,200 Back,7,2:10.62,Leia Wolf,,New Jersey Athletic Conference Championship
Rowan University,488,200 Back,8,2:14.67,Abigail Hahm,,F&M Invitational
Rowan University,488,200 Breast,1,2:21.74,Rhylee Cornell,,New Jersey Athletic Conference Championship
Rowan University,488,200 Breast,2,2:29.32,Isabela Saltar,,New Jersey Athletic Conference Championship
Rowan University,488,200 Breast,3,2:37.98,Trisha Lau,,Gettysburg v Rowan
Rowan University,488,200 Breast,4,2:48.09,Riley Shimp-Donahue,,Salisbury vs. Rowan 2025
Rowan University,488,200 Breast,5,2:55.21,Olivia Achinko,,Rowan vs. Stevens
Rowan University,488,200 Fly,1,2:09.93,Lilyanna Martin,,New Jersey Athletic Conference Championship
Rowan University,488,200 Fly,2,2:13.93,Kaitlyn Crouthamel,,Gettysburg v Rowan
Rowan University,488,200 Fly,3,2:15.68,Lauren Walls,,F&M Invitational
Rowan University,488,200 Fly,4,2:17.99,Kinsey Ginsberg,,New Jersey Athletic Conference Championship
Rowan University,488,200 Fly,5,2:27.43,Addi Ramey,,New Jersey Athletic Conference Championship
Rowan University,488,200 Fly,6,2:28.66,Riley Shimp-Donahue,,Montclair State vs Rowan
Rowan University,488,200 Free,1,1:53.59,Kaitlyn Crouthamel,,New Jersey Athletic Conference Championship
Rowan University,488,200 Free,2,1:54.12,Ella Pennington,,Rowan vs. Swathmore
Rowan University,488,200 Free,3,1:54.95,Lily Pushkar,,New Jersey Athletic Conference Championship
Rowan University,488,200 Free,4,1:56.42,Lilyanna Martin,,New Jersey Athletic Conference Championship
Rowan University,488,200 Free,5,1:57.66,Peyton Stauffer,,F&M Invitational
Rowan University,488,200 Free,6,1:58.49,Trisha Lau,,F&M Invitational
Rowan University,488,200 Free,7,1:58.89,Barbara Mora,,F&M Invitational
Rowan University,488,200 Free,8,1:59.68,Alexa Harris,,F&M Invitational
Rowan University,488,200 Free,9,2:01.96,Rhylee Cornell,,West Chester vs. Rowan
Rowan University,488,200 Free,10,2:02.53,Sofie Hogue,,F&M Invitational
Rowan University,488,200 Im,1,2:03.14,Ella Pennington,,F&M Invitational
Rowan University,488,200 Im,2,2:09.97,Rhylee Cornell,,New Jersey Athletic Conference Championship
Rowan University,488,200 Im,3,2:10.69,Trisha Lau,,F&M Invitational
Rowan University,488,200 Im,4,2:12.00,Kaitlyn Crouthamel,,Montclair State vs Rowan
Rowan University,488,200 Im,5,2:14.38,Riley Shimp-Donahue,,New Jersey Athletic Conference Championship
Rowan University,488,200 Im,6,2:14.58,Kailey Sheehan,,New Jersey Athletic Conference Championship
Rowan University,488,200 Im,7,2:16.38,Lily Pushkar,,F&M Invitational
Rowan University,488,200 Im,8,2:17.14,Lauren Walls,,F&M Invitational
Rowan University,488,200 Im,9,2:18.03,Abigail Hahm,,F&M Invitational
Rowan University,488,200 Im,10,2:18.39,Leia Wolf,,New Jersey Athletic Conference Championship
Rowan University,488,400 Im,1,4:27.94,Kaitlyn Crouthamel,,New Jersey Athletic Conference Championship
Rowan University,488,400 Im,2,4:45.06,Riley Shimp-Donahue,,New Jersey Athletic Conference Championship
Rowan University,488,400 Im,3,4:48.96,Abigail Hahm,,New Jersey Athletic Conference Championship
Rowan University,488,400 Im,4,4:55.92,Molly Klinedinst,,New Jersey Athletic Conference Championship
Rowan University,488,50 Free,1,23.85,Ella Pennington,,Rowan vs. Swathmore
Rowan University,488,50 Free,2,24.78,Kaitlyn Crouthamel,,F&M Invitational
Rowan University,488,50 Free,3,24.85,Peyton Stauffer,,F&M Invitational
Rowan University,488,50 Free,4,24.98,Barbara Mora,,F&M Invitational
Rowan University,488,50 Free,5,25.51,Alexa Harris,,F&M Invitational
Rowan University,488,50 Free,6,25.61,Kinsey Ginsberg,,New Jersey Athletic Conference Championship
Rowan University,488,50 Free,7,25.63,Kailey Sheehan,,F&M Invitational
Rowan University,488,50 Free,8,26.05,Kaylee McDermott,,New Jersey Athletic Conference Championship
Rowan University,488,50 Free,9,26.05,Gabrielle Achinko,,New Jersey Athletic Conference Championship
Rowan University,488,50 Free,10,26.38,Leia Wolf,,New Jersey Athletic Conference Championship
Rowan University,488,500 Free,1,5:09.21,Kaitlyn Crouthamel,,New Jersey Athletic Conference Championship
Rowan University,488,500 Free,2,5:09.67,Lilyanna Martin,,New Jersey Athletic Conference Championship
Rowan University,488,500 Free,3,5:13.50,Trisha Lau,,F&M Invitational
Rowan University,488,500 Free,4,5:24.47,Lauren Walls,,New Jersey Athletic Conference Championship
Rowan University,488,500 Free,5,5:25.11,Sofie Hogue,,New Jersey Athletic Conference Championship
Rowan University,488,500 Free,6,5:26.02,Jillian Walls,,F&M Invitational
Rowan University,488,500 Free,7,5:27.86,Abigail Hahm,,New Jersey Athletic Conference Championship
Rowan University,488,500 Free,8,5:29.65,Molly Klinedinst,,F&M Invitational
Rowan University,488,500 Free,9,5:39.64,Isabela Saltar,,New Jersey Athletic Conference Championship
Rowan University,488,500 Free,10,5:46.66,Addi Ramey,,New Jersey Athletic Conference Championship
Salisbury University,495,100 Back,1,57.31,Izzy Salvatore,,Battle of the Birds Qualifier
Salisbury University,495,100 Back,2,58.61,Logan Bagley,,Arena Yellow Jacket Invitational
Salisbury University,495,100 Back,3,59.03,Olivia Polucha,,Arena Yellow Jacket Invitational
Salisbury University,495,100 Back,4,59.37,Delaney Gibbons,,New Jersey Athletic Conference Championship
Salisbury University,495,100 Back,5,59.51,Grace Hudalla,,New Jersey Athletic Conference Championship
Salisbury University,495,100 Back,6,1:00.15,Ashlyn Swaim,,New Jersey Athletic Conference Championship
Salisbury University,495,100 Back,7,1:00.67,Sadie Hebert,,New Jersey Athletic Conference Championship
Salisbury University,495,100 Back,8,1:01.77,Morgan Adams,,New Jersey Athletic Conference Championship
Salisbury University,495,100 Back,9,1:03.91,Rachel Wyland,,Arena Yellow Jacket Invitational
Salisbury University,495,100 Back,10,1:04.08,Tanya Wintermute,,Arena Yellow Jacket Invitational
Salisbury University,495,100 Breast,1,1:04.51,Maddie Powell,,Arena Yellow Jacket Invitational
Salisbury University,495,100 Breast,2,1:04.69,Mackenzie Gula,,Arena Yellow Jacket Invitational
Salisbury University,495,100 Breast,3,1:05.87,Samantha Watson,,New Jersey Athletic Conference Championship
Salisbury University,495,100 Breast,4,1:07.37,Kira Brown,,New Jersey Athletic Conference Championship
Salisbury University,495,100 Breast,5,1:10.41,Nicole Rickabaugh,,New Jersey Athletic Conference Championship
Salisbury University,495,100 Breast,6,1:11.41,Erin Smith,,New Jersey Athletic Conference Championship
Salisbury University,495,100 Breast,7,1:12.36,Kenz O'Brien,,Salisbury vs. Franklin & Marshall 2026
Salisbury University,495,100 Breast,8,1:12.71,Nicole Chiricos,,New Jersey Athletic Conference Championship
Salisbury University,495,100 Breast,9,1:14.18,Hannah Rees,,Arena Yellow Jacket Invitational
Salisbury University,495,100 Breast,10,1:14.95,Madison Roseman,,Salisbury vs. Franklin & Marshall 2026
Salisbury University,495,100 Fly,1,55.83,Lily Griffin,,New Jersey Athletic Conference Championship
Salisbury University,495,100 Fly,2,56.66,Libby Miyashita,,New Jersey Athletic Conference Championship
Salisbury University,495,100 Fly,3,56.90,Olivia Polucha,,Arena Yellow Jacket Invitational
Salisbury University,495,100 Fly,4,58.17,Sierra Wakefield,,New Jersey Athletic Conference Championship
Salisbury University,495,100 Fly,5,59.84,Sadie Hebert,,Arena Yellow Jacket Invitational
Salisbury University,495,100 Fly,6,1:00.33,Ashlyn Swaim,,New Jersey Athletic Conference Championship
Salisbury University,495,100 Fly,7,1:00.90,Rowan O'Donoghue,,TCNJ vs. Salisbury
Salisbury University,495,100 Fly,8,1:01.33,Kayla Ciaccia,,Arena Yellow Jacket Invitational
Salisbury University,495,100 Fly,9,1:02.75,Addi Wood,,New Jersey Athletic Conference Championship
Salisbury University,495,100 Fly,10,1:02.76,Izzy Salvatore,,TCNJ vs. Salisbury
Salisbury University,495,100 Free,1,51.09,Rowan O'Donoghue,,New Jersey Athletic Conference Championship
Salisbury University,495,100 Free,2,52.54,Rachel Rickabaugh,,New Jersey Athletic Conference Championship
Salisbury University,495,100 Free,3,53.03,Alexa Hilty,,New Jersey Athletic Conference Championship
Salisbury University,495,100 Free,4,53.65,Kaitlyn McGuire,,Arena Yellow Jacket Invitational
Salisbury University,495,100 Free,5,53.88,Lily Griffin,,New Jersey Athletic Conference Championship
Salisbury University,495,100 Free,6,54.01,Logan Bagley,,New Jersey Athletic Conference Championship
Salisbury University,495,100 Free,7,54.31,Izzy Salvatore,,Arena Yellow Jacket Invitational
Salisbury University,495,100 Free,8,54.40,Mackenzie Gula,,Washington vs. Salisbury
Salisbury University,495,100 Free,9,54.69,Libby Miyashita,,Arena Yellow Jacket Invitational
Salisbury University,495,100 Free,10,54.94,Olivia Polucha,,Catholic vs. Salisbury
Salisbury University,495,1000 Free,1,10:11.88,Addi Wood,,New Jersey Athletic Conference Championship
Salisbury University,495,1000 Free,2,10:28.84,Sadie Hebert,,Battle of the Birds Qualifier
Salisbury University,495,1000 Free,3,10:33.84,Jenna Krawlzik,,Catholic vs. Salisbury
Salisbury University,495,1000 Free,4,10:42.65,Grace Wienckowski,,Catholic vs. Salisbury
Salisbury University,495,1000 Free,5,10:56.80,Katelyn Johnston,,Arena Yellow Jacket Invitational
Salisbury University,495,1000 Free,6,10:57.18,Rachel Rickabaugh,,Arena Yellow Jacket Invitational
Salisbury University,495,1000 Free,7,10:59.91,Kenz O'Brien,,Catholic vs. Salisbury
Salisbury University,495,1000 Free,8,11:15.54,Rowan O'Donoghue,,Salisbury vs. Marymount
Salisbury University,495,1000 Free,9,11:17.23,Olivia Polucha,,TCNJ vs. Salisbury
Salisbury University,495,1000 Free,10,11:39.06,Kayla Ciaccia,,Arena Yellow Jacket Invitational
Salisbury University,495,1650 Free,1,16:54.94,Addi Wood,,New Jersey Athletic Conference Championship
Salisbury University,495,1650 Free,2,17:22.45,Sadie Hebert,,Battle of the Birds Qualifier
Salisbury University,495,1650 Free,3,17:26.41,Jenna Krawlzik,,New Jersey Athletic Conference Championship
Salisbury University,495,1650 Free,4,17:55.01,Grace Wienckowski,,New Jersey Athletic Conference Championship
Salisbury University,495,1650 Free,5,18:06.45,Rachel Rickabaugh,,Arena Yellow Jacket Invitational
Salisbury University,495,1650 Free,6,18:08.65,Katelyn Johnston,,Arena Yellow Jacket Invitational
Salisbury University,495,1650 Free,7,18:21.29,Kenz O'Brien,,New Jersey Athletic Conference Championship
Salisbury University,495,1650 Free,8,19:06.60,Kayla Ciaccia,,Arena Yellow Jacket Invitational
Salisbury University,495,1650 Free,9,19:20.37,Nicole Rickabaugh,,Arena Yellow Jacket Invitational
Salisbury University,495,200 Back,1,2:05.92,Izzy Salvatore,,New Jersey Athletic Conference Championship
Salisbury University,495,200 Back,2,2:07.33,Olivia Polucha,,Arena Yellow Jacket Invitational
Salisbury University,495,200 Back,3,2:07.58,Delaney Gibbons,,New Jersey Athletic Conference Championship
Salisbury University,495,200 Back,4,2:09.58,Logan Bagley,,New Jersey Athletic Conference Championship
Salisbury University,495,200 Back,5,2:11.59,Morgan Adams,,New Jersey Athletic Conference Championship
Salisbury University,495,200 Back,6,2:14.60,Grace Hudalla,,Arena Yellow Jacket Invitational
Salisbury University,495,200 Back,7,2:15.40,Ashlyn Swaim,,New Jersey Athletic Conference Championship
Salisbury University,495,200 Back,8,2:16.63,Tanya Wintermute,,Arena Yellow Jacket Invitational
Salisbury University,495,200 Back,9,2:16.78,Rachel Wyland,,New Jersey Athletic Conference Championship
Salisbury University,495,200 Back,10,2:20.12,Grace Wienckowski,,Salisbury vs. Franklin & Marshall 2026
Salisbury University,495,200 Breast,1,2:19.65,Maddie Powell,,Arena Yellow Jacket Invitational
Salisbury University,495,200 Breast,2,2:22.12,Mackenzie Gula,,New Jersey Athletic Conference Championship
Salisbury University,495,200 Breast,3,2:23.66,Samantha Watson,,Arena Yellow Jacket Invitational
Salisbury University,495,200 Breast,4,2:24.08,Kira Brown,,New Jersey Athletic Conference Championship
Salisbury University,495,200 Breast,5,2:32.87,Katelyn Johnston,,Arena Yellow Jacket Invitational
Salisbury University,495,200 Breast,6,2:33.01,Kenz O'Brien,,Arena Yellow Jacket Invitational
Salisbury University,495,200 Breast,7,2:33.75,Nicole Rickabaugh,,New Jersey Athletic Conference Championship
Salisbury University,495,200 Breast,8,2:34.60,Erin Smith,,Arena Yellow Jacket Invitational
Salisbury University,495,200 Breast,9,2:35.83,Nicole Chiricos,,New Jersey Athletic Conference Championship
Salisbury University,495,200 Fly,1,2:03.27,Libby Miyashita,,Battle of the Birds Qualifier
Salisbury University,495,200 Fly,2,2:05.11,Olivia Polucha,,New Jersey Athletic Conference Championship
Salisbury University,495,200 Fly,3,2:06.26,Lily Griffin,,New Jersey Athletic Conference Championship
Salisbury University,495,200 Fly,4,2:09.89,Sierra Wakefield,,New Jersey Athletic Conference Championship
Salisbury University,495,200 Fly,5,2:10.66,Sadie Hebert,,Catholic vs. Salisbury
Salisbury University,495,200 Fly,6,2:16.95,Katelyn Johnston,,Arena Yellow Jacket Invitational
Salisbury University,495,200 Fly,7,2:22.25,Kayla Ciaccia,,Arena Yellow Jacket Invitational
Salisbury University,495,200 Fly,8,2:26.42,Tanya Wintermute,,Arena Yellow Jacket Invitational
Salisbury University,495,200 Fly,9,2:26.43,Ashlyn Swaim,,Arena Yellow Jacket Invitational
Salisbury University,495,200 Fly,10,2:34.37,Addi Wood,,Salisbury vs. Marymount
Salisbury University,495,200 Free,1,1:49.26,Rowan O'Donoghue,,New Jersey Athletic Conference Championship
Salisbury University,495,200 Free,2,1:54.17,Mackenzie Gula,,New Jersey Athletic Conference Championship
Salisbury University,495,200 Free,3,1:54.27,Alexa Hilty,,New Jersey Athletic Conference Championship
Salisbury University,495,200 Free,4,1:54.37,Jenna Krawlzik,,New Jersey Athletic Conference Championship
Salisbury University,495,200 Free,5,1:54.51,Rachel Rickabaugh,,New Jersey Athletic Conference Championship
Salisbury University,495,200 Free,6,1:55.96,Addi Wood,,Arena Yellow Jacket Invitational
Salisbury University,495,200 Free,7,1:57.19,Olivia Polucha,,Catholic vs. Salisbury
Salisbury University,495,200 Free,8,1:57.23,Grace Wienckowski,,New Jersey Athletic Conference Championship
Salisbury University,495,200 Free,9,1:58.86,Kira Brown,,New Jersey Athletic Conference Championship
Salisbury University,495,200 Free,10,1:59.87,Libby Miyashita,,Arena Yellow Jacket Invitational
Salisbury University,495,200 Im,1,2:07.85,Mackenzie Gula,,New Jersey Athletic Conference Championship
Salisbury University,495,200 Im,2,2:08.29,Libby Miyashita,,New Jersey Athletic Conference Championship
Salisbury University,495,200 Im,3,2:09.48,Maddie Powell,,Arena Yellow Jacket Invitational
Salisbury University,495,200 Im,4,2:11.02,Logan Bagley,,Arena Yellow Jacket Invitational
Salisbury University,495,200 Im,5,2:11.62,Rowan O'Donoghue,,Washington vs. Salisbury
Salisbury University,495,200 Im,6,2:12.57,Addi Wood,,Salisbury vs. Franklin & Marshall 2026
Salisbury University,495,200 Im,7,2:12.68,Samantha Watson,,New Jersey Athletic Conference Championship
Salisbury University,495,200 Im,8,2:14.35,Sierra Wakefield,,New Jersey Athletic Conference Championship
Salisbury University,495,200 Im,9,2:14.63,Morgan Adams,,Arena Yellow Jacket Invitational
Salisbury University,495,200 Im,10,2:14.72,Sadie Hebert,,Salisbury vs. Franklin & Marshall 2026
Salisbury University,495,400 Im,1,4:31.61,Sadie Hebert,,New Jersey Athletic Conference Championship
Salisbury University,495,400 Im,2,4:31.77,Addi Wood,,New Jersey Athletic Conference Championship
Salisbury University,495,400 Im,3,4:41.95,Katelyn Johnston,,New Jersey Athletic Conference Championship
Salisbury University,495,400 Im,4,4:42.99,Maddie Powell,,Arena Yellow Jacket Invitational
Salisbury University,495,400 Im,5,4:43.12,Kenz O'Brien,,New Jersey Athletic Conference Championship
Salisbury University,495,400 Im,6,4:52.45,Morgan Adams,,Arena Yellow Jacket Invitational
Salisbury University,495,50 Free,1,24.05,Lily Griffin,,New Jersey Athletic Conference Championship
Salisbury University,495,50 Free,2,24.11,Kaitlyn McGuire,,New Jersey Athletic Conference Championship
Salisbury University,495,50 Free,3,24.39,Alexa Hilty,,New Jersey Athletic Conference Championship
Salisbury University,495,50 Free,4,24.53,Izzy Salvatore,,New Jersey Athletic Conference Championship
Salisbury University,495,50 Free,5,24.54,Rowan O'Donoghue,,Catholic vs. Salisbury
Salisbury University,495,50 Free,6,25.00,Logan Bagley,,Arena Yellow Jacket Invitational
Salisbury University,495,50 Free,7,25.07,Grace Hudalla,,New Jersey Athletic Conference Championship
Salisbury University,495,50 Free,8,25.10,Libby Miyashita,,Arena Yellow Jacket Invitational
Salisbury University,495,50 Free,9,25.24,Mackenzie Gula,,TCNJ vs. Salisbury
Salisbury University,495,50 Free,10,25.29,Rachel Rickabaugh,,New Jersey Athletic Conference Championship
Salisbury University,495,500 Free,1,4:53.23,Rowan O'Donoghue,,New Jersey Athletic Conference Championship
Salisbury University,495,500 Free,2,4:59.31,Addi Wood,,New Jersey Athletic Conference Championship
Salisbury University,495,500 Free,3,5:01.59,Sadie Hebert,,New Jersey Athletic Conference Championship
Salisbury University,495,500 Free,4,5:05.27,Jenna Krawlzik,,New Jersey Athletic Conference Championship
Salisbury University,495,500 Free,5,5:06.55,Olivia Polucha,,Arena Yellow Jacket Invitational
Salisbury University,495,500 Free,6,5:07.42,Grace Wienckowski,,New Jersey Athletic Conference Championship
Salisbury University,495,500 Free,7,5:08.54,Rachel Rickabaugh,,New Jersey Athletic Conference Championship
Salisbury University,495,500 Free,8,5:10.68,Kira Brown,,Arena Yellow Jacket Invitational
Salisbury University,495,500 Free,9,5:13.27,Delaney Gibbons,,New Jersey Athletic Conference Championship
Salisbury University,495,500 Free,10,5:15.84,Katelyn Johnston,,Arena Yellow Jacket Invitational
State University of New York at Geneseo,346,100 Back,1,57.05,Alexandra Sotek,,Ithaca vs. SUNY-Geneseo
State University of New York at Geneseo,346,100 Back,2,57.82,Maya Marcyan,,Empire 8 Conference Championships
State University of New York at Geneseo,346,100 Back,3,58.76,Erin Johannsen,,Total Performance Invitational
State University of New York at Geneseo,346,100 Back,4,59.12,Courtney Sorbello,,Total Performance Invitational
State University of New York at Geneseo,346,100 Back,5,59.31,Molly McGourty,,Total Performance Invitational
State University of New York at Geneseo,346,100 Back,6,59.99,Sinead Devaney,,Total Performance Invitational
State University of New York at Geneseo,346,100 Back,7,1:00.00,Abby Funk,,2026 RIT vs Geneseo
State University of New York at Geneseo,346,100 Back,8,1:00.57,Lia Edlin-Miller,,Total Performance Invitational
State University of New York at Geneseo,346,100 Back,9,1:00.59,Erin Zagrobelny,,Empire 8 Conference Championships
State University of New York at Geneseo,346,100 Back,10,1:03.87,Olympia Frisoni,,Empire 8 Conference Championships
State University of New York at Geneseo,346,100 Breast,1,1:03.38,Emily Thomas,,Empire 8 Conference Championships
State University of New York at Geneseo,346,100 Breast,2,1:07.86,Addie Luce,,"Geneseo vs. RIT, Trinity"
State University of New York at Geneseo,346,100 Breast,3,1:09.53,Maura O'Donnell,,Ithaca vs. SUNY-Geneseo
State University of New York at Geneseo,346,100 Breast,4,1:09.72,Hannah Brockman,,D3 Shootout
State University of New York at Geneseo,346,100 Breast,5,1:11.14,Chloe Marcyan,,Brockport vs. Geneseo
State University of New York at Geneseo,346,100 Breast,6,1:11.45,Jessica Cronin,,2026 RIT vs Geneseo
State University of New York at Geneseo,346,100 Breast,7,1:13.09,Mylie Carano,,"Geneseo vs. RIT, Trinity"
State University of New York at Geneseo,346,100 Breast,8,1:14.41,Emma Jones,,Total Performance Invitational
State University of New York at Geneseo,346,100 Fly,1,55.36,Alexandra Sotek,,Total Performance Invitational
State University of New York at Geneseo,346,100 Fly,2,57.81,Sibby Lowe,,Total Performance Invitational
State University of New York at Geneseo,346,100 Fly,3,59.10,Kaitlyn Geary,,Ithaca vs. SUNY-Geneseo
State University of New York at Geneseo,346,100 Fly,4,59.65,Maeve Wright,,Empire 8 Conference Championships
State University of New York at Geneseo,346,100 Fly,5,59.91,Chloe Marcyan,,2026 RIT vs Geneseo
State University of New York at Geneseo,346,100 Fly,6,1:01.95,Maura Sheehan,,Total Performance Invitational
State University of New York at Geneseo,346,100 Fly,7,1:02.37,Maya Marcyan,,Brockport vs. Geneseo
State University of New York at Geneseo,346,100 Fly,8,1:03.13,Emily McCord,,Brockport vs. Geneseo
State University of New York at Geneseo,346,100 Fly,9,1:04.53,Molly McGourty,,Empire 8 Conference Championships
State University of New York at Geneseo,346,100 Fly,10,1:04.72,Sinead Devaney,,Total Performance Invitational
State University of New York at Geneseo,346,100 Free,1,51.13,Alexandra Sotek,,Total Performance Invitational
State University of New York at Geneseo,346,100 Free,2,52.39,Erin Johannsen,,Total Performance Invitational
State University of New York at Geneseo,346,100 Free,3,52.54,Sibby Lowe,,Total Performance Invitational
State University of New York at Geneseo,346,100 Free,4,53.72,Courtney Sorbello,,Empire 8 Conference Championships
State University of New York at Geneseo,346,100 Free,5,54.12,Emily McCord,,Empire 8 Conference Championships
State University of New York at Geneseo,346,100 Free,6,54.14,Kaitlyn Geary,,Empire 8 Conference Championships
State University of New York at Geneseo,346,100 Free,7,54.15,Hannah Brockman,,D3 Shootout
State University of New York at Geneseo,346,100 Free,8,54.87,Lia Edlin-Miller,,Total Performance Invitational
State University of New York at Geneseo,346,100 Free,9,55.14,Erin Zagrobelny,,Ithaca vs. SUNY-Geneseo
State University of New York at Geneseo,346,100 Free,10,56.02,Emily Thomas,,2026 RIT vs Geneseo
State University of New York at Geneseo,346,1000 Free,1,10:30.38,Hannah Brockman,,Ithaca vs. SUNY-Geneseo
State University of New York at Geneseo,346,1000 Free,2,10:37.90,Abby Funk,,Empire 8 Conference Championships
State University of New York at Geneseo,346,1000 Free,3,10:50.30,Maura O'Donnell,,Ithaca vs. SUNY-Geneseo
State University of New York at Geneseo,346,1000 Free,4,10:56.78,Thalia Marquez,,Ithaca vs. SUNY-Geneseo
State University of New York at Geneseo,346,1000 Free,5,11:13.40,Chloe Marcyan,,Alfred vs Geneseo
State University of New York at Geneseo,346,1000 Free,6,11:26.31,Maura Sheehan,,Alfred vs Geneseo
State University of New York at Geneseo,346,1650 Free,1,17:20.84,Hannah Brockman,,Empire 8 Conference Championships
State University of New York at Geneseo,346,1650 Free,2,17:43.16,Abby Funk,,2026 RIT vs Geneseo
State University of New York at Geneseo,346,1650 Free,3,18:01.96,Maura O'Donnell,,Total Performance Invitational
State University of New York at Geneseo,346,1650 Free,4,18:20.59,Thalia Marquez,,Empire 8 Conference Championships
State University of New York at Geneseo,346,200 Back,1,2:06.96,Maya Marcyan,,Empire 8 Conference Championships
State University of New York at Geneseo,346,200 Back,2,2:07.37,Molly McGourty,,Total Performance Invitational
State University of New York at Geneseo,346,200 Back,3,2:09.55,Sinead Devaney,,Total Performance Invitational
State University of New York at Geneseo,346,200 Back,4,2:10.25,Abby Funk,,D3 Shootout
State University of New York at Geneseo,346,200 Back,5,2:13.17,Alexandra Sotek,,Brockport vs. Geneseo
State University of New York at Geneseo,346,200 Back,6,2:13.61,Sibby Lowe,,Brockport vs. Geneseo
State University of New York at Geneseo,346,200 Back,7,2:14.62,Lia Edlin-Miller,,Total Performance Invitational
State University of New York at Geneseo,346,200 Back,8,2:16.95,Erin Johannsen,,Brockport vs. Geneseo
State University of New York at Geneseo,346,200 Back,9,2:19.06,Hannah Brockman,,Brockport vs. Geneseo
State University of New York at Geneseo,346,200 Back,10,2:19.35,Olympia Frisoni,,Empire 8 Conference Championships
State University of New York at Geneseo,346,200 Breast,1,2:21.38,Emily Thomas,,Empire 8 Conference Championships
State University of New York at Geneseo,346,200 Breast,2,2:25.97,Chloe Marcyan,,2026 RIT vs Geneseo
State University of New York at Geneseo,346,200 Breast,3,2:28.79,Addie Luce,,Empire 8 Conference Championships
State University of New York at Geneseo,346,200 Breast,4,2:34.44,Maura O'Donnell,,Canisius vs Geneseo
State University of New York at Geneseo,346,200 Breast,5,2:35.68,Jessica Cronin,,Total Performance Invitational
State University of New York at Geneseo,346,200 Breast,6,2:42.95,Maya Marcyan,,Alfred vs Geneseo
State University of New York at Geneseo,346,200 Breast,7,2:45.51,Mylie Carano,,Brockport vs. Geneseo
State University of New York at Geneseo,346,200 Breast,8,2:54.77,Emma Jones,,"Geneseo vs. Behrend, Brockport, Grove City"
State University of New York at Geneseo,346,200 Breast,9,2:59.50,Abby Funk,,Alfred vs Geneseo
State University of New York at Geneseo,346,200 Fly,1,2:08.92,Chloe Marcyan,,Total Performance Invitational
State University of New York at Geneseo,346,200 Fly,2,2:10.95,Alexandra Sotek,,D3 Shootout
State University of New York at Geneseo,346,200 Fly,3,2:11.21,Maeve Wright,,Total Performance Invitational
State University of New York at Geneseo,346,200 Fly,4,2:14.09,Maura Sheehan,,2026 RIT vs Geneseo
State University of New York at Geneseo,346,200 Fly,5,2:19.19,Maya Marcyan,,Brockport vs. Geneseo
State University of New York at Geneseo,346,200 Fly,6,2:22.00,Sibby Lowe,,Brockport vs. Geneseo
State University of New York at Geneseo,346,200 Fly,7,2:22.16,Kaitlyn Geary,,Alfred vs Geneseo
State University of New York at Geneseo,346,200 Fly,8,2:30.83,Sinead Devaney,,"Geneseo vs. Behrend, Brockport, Grove City"
State University of New York at Geneseo,346,200 Fly,9,2:31.29,Emily McCord,,Alfred vs Geneseo
State University of New York at Geneseo,346,200 Free,1,1:55.39,Abby Funk,,Empire 8 Conference Championships
State University of New York at Geneseo,346,200 Free,2,1:55.48,Sibby Lowe,,Total Performance Invitational
State University of New York at Geneseo,346,200 Free,3,1:56.25,Hannah Brockman,,Empire 8 Conference Championships
State University of New York at Geneseo,346,200 Free,4,1:56.93,Thalia Marquez,,Empire 8 Conference Championships
State University of New York at Geneseo,346,200 Free,5,1:57.64,Maura O'Donnell,,Empire 8 Conference Championships
State University of New York at Geneseo,346,200 Free,6,1:57.83,Emily McCord,,Total Performance Invitational
State University of New York at Geneseo,346,200 Free,7,1:58.21,Courtney Sorbello,,Empire 8 Conference Championships
State University of New York at Geneseo,346,200 Free,8,1:58.77,Emily Thomas,,Empire 8 Conference Championships
State University of New York at Geneseo,346,200 Free,9,2:00.99,Lia Edlin-Miller,,Empire 8 Conference Championships
State University of New York at Geneseo,346,200 Free,10,2:01.23,Erin Zagrobelny,,Ithaca vs. SUNY-Geneseo
State University of New York at Geneseo,346,200 Im,1,2:09.29,Chloe Marcyan,,Empire 8 Conference Championships
State University of New York at Geneseo,346,200 Im,2,2:10.59,Molly McGourty,,Empire 8 Conference Championships
State University of New York at Geneseo,346,200 Im,3,2:13.11,Maura Sheehan,,2026 RIT vs Geneseo
State University of New York at Geneseo,346,200 Im,4,2:13.15,Sinead Devaney,,Total Performance Invitational
State University of New York at Geneseo,346,200 Im,5,2:13.30,Maya Marcyan,,Empire 8 Conference Championships
State University of New York at Geneseo,346,200 Im,6,2:17.63,Jessica Cronin,,Empire 8 Conference Championships
State University of New York at Geneseo,346,200 Im,7,2:19.14,Addie Luce,,2026 RIT vs Geneseo
State University of New York at Geneseo,346,200 Im,8,2:20.34,Abby Funk,,Alfred vs Geneseo
State University of New York at Geneseo,346,200 Im,9,2:20.82,Maeve Wright,,2026 RIT vs Geneseo
State University of New York at Geneseo,346,200 Im,10,2:21.59,Maura O'Donnell,,"Geneseo vs. Behrend, Brockport, Grove City"
State University of New York at Geneseo,346,400 Im,1,4:35.24,Chloe Marcyan,,Total Performance Invitational
State University of New York at Geneseo,346,400 Im,2,4:41.34,Maura Sheehan,,2026 RIT vs Geneseo
State University of New York at Geneseo,346,400 Im,3,4:41.66,Molly McGourty,,Total Performance Invitational
State University of New York at Geneseo,346,400 Im,4,4:43.30,Sinead Devaney,,Total Performance Invitational
State University of New York at Geneseo,346,400 Im,5,4:59.06,Abby Funk,,Brockport vs. Geneseo
State University of New York at Geneseo,346,50 Free,1,23.08,Alexandra Sotek,,Total Performance Invitational
State University of New York at Geneseo,346,50 Free,2,23.77,Erin Johannsen,,Empire 8 Conference Championships
State University of New York at Geneseo,346,50 Free,3,24.36,Sibby Lowe,,"Geneseo vs. Behrend, Brockport, Grove City"
State University of New York at Geneseo,346,50 Free,4,24.39,Emily McCord,,Empire 8 Conference Championships
State University of New York at Geneseo,346,50 Free,5,24.56,Emily Thomas,,Empire 8 Conference Championships
State University of New York at Geneseo,346,50 Free,6,24.64,Kaitlyn Geary,,Empire 8 Conference Championships
State University of New York at Geneseo,346,50 Free,7,24.76,Erin Zagrobelny,,Total Performance Invitational
State University of New York at Geneseo,346,50 Free,8,24.80,Courtney Sorbello,,"Geneseo vs. RIT, Trinity"
State University of New York at Geneseo,346,50 Free,9,25.06,Lia Edlin-Miller,,Empire 8 Conference Championships
State University of New York at Geneseo,346,50 Free,10,25.62,Addie Luce,,Empire 8 Conference Championships
State University of New York at Geneseo,346,500 Free,1,5:04.68,Abby Funk,,Empire 8 Conference Championships
State University of New York at Geneseo,346,500 Free,2,5:04.95,Hannah Brockman,,Empire 8 Conference Championships
State University of New York at Geneseo,346,500 Free,3,5:11.33,Maura O'Donnell,,Total Performance Invitational
State University of New York at Geneseo,346,500 Free,4,5:14.97,Thalia Marquez,,Empire 8 Conference Championships
State University of New York at Geneseo,346,500 Free,5,5:21.49,Emily McCord,,Total Performance Invitational
State University of New York at Geneseo,346,500 Free,6,5:22.34,Molly McGourty,,Total Performance Invitational
State University of New York at Geneseo,346,500 Free,7,5:26.69,Maura Sheehan,,"Geneseo vs. RIT, Trinity"
State University of New York at Geneseo,346,500 Free,8,5:31.29,Emily Thomas,,Brockport vs. Geneseo
State University of New York at Geneseo,346,500 Free,9,5:44.37,Maeve Wright,,Brockport vs. Geneseo
Swarthmore College,315,100 Back,1,56.42,Maya Ambardekar,,Centennial Conference Championships
Swarthmore College,315,100 Back,2,57.04,Marin Norlander,,Centennial Conference Championships
Swarthmore College,315,100 Back,3,58.36,Elle Anthony,,F&M Invitational
Swarthmore College,315,100 Back,4,58.46,Quinn Weygandt,,F&M Invitational
Swarthmore College,315,100 Back,5,58.50,Cindy Wang,,Swarthmore vs. Gettysburg
Swarthmore College,315,100 Back,6,58.95,Kate Hallmark,,D3 Shootout
Swarthmore College,315,100 Back,7,59.45,Zoe Chung,,F&M Invitational
Swarthmore College,315,100 Back,8,1:00.12,Libby Turner,,F&M Invitational
Swarthmore College,315,100 Back,9,1:04.97,Maddie Adams-Miller,,Swarthmore vs. Gettysburg
Swarthmore College,315,100 Back,10,1:05.96,Millie Grieve,,Rowan vs. Swathmore
Swarthmore College,315,100 Breast,1,1:03.47,Cara Dominici,,Centennial Conference Championships
Swarthmore College,315,100 Breast,2,1:03.55,Elle Anthony,,Centennial Conference Championships
Swarthmore College,315,100 Breast,3,1:05.46,Norah Rutkowski,,D3 Shootout
Swarthmore College,315,100 Breast,4,1:05.69,Quinn Weygandt,,F&M Invitational
Swarthmore College,315,100 Breast,5,1:05.92,Cindy Wang,,Centennial Conference Championships
Swarthmore College,315,100 Breast,6,1:05.97,Bella Hoover,,Centennial Conference Championships
Swarthmore College,315,100 Breast,7,1:06.70,Sam Packard,,Centennial Conference Championships
Swarthmore College,315,100 Breast,8,1:09.04,Joe Fox,,Centennial Conference Championships
Swarthmore College,315,100 Breast,9,1:12.04,Sophia Ulvestad,,F&M Invitational
Swarthmore College,315,100 Breast,10,1:13.79,Emerson Schneider,,TCNJ vs Swarthmore vs Kean
Swarthmore College,315,100 Fly,1,55.55,Norah Rutkowski,,Centennial Conference Championships
Swarthmore College,315,100 Fly,2,56.10,Genine Collins,,Centennial Conference Championships
Swarthmore College,315,100 Fly,3,56.63,Riley Bacinski,,Centennial Conference Championships
Swarthmore College,315,100 Fly,4,56.98,Quinn Weygandt,,F&M Invitational
Swarthmore College,315,100 Fly,5,57.16,Mirabel Fernald,,Centennial Conference Championships
Swarthmore College,315,100 Fly,6,57.71,Elle Anthony,,F&M Invitational
Swarthmore College,315,100 Fly,7,57.88,Margaret Sawa,,Centennial Conference Championships
Swarthmore College,315,100 Fly,8,58.00,Ainsley Jane Tambling,,F&M Invitational
Swarthmore College,315,100 Fly,9,58.19,Kate Hallmark,,F&M Invitational
Swarthmore College,315,100 Fly,10,58.31,Sophia Cáceres,,Swarthmore vs. Gettysburg
Swarthmore College,315,100 Free,1,50.40,Genine Collins,,Centennial Conference Championships
Swarthmore College,315,100 Free,2,51.20,Elle Anthony,,Centennial Conference Championships
Swarthmore College,315,100 Free,3,52.18,Riley Bacinski,,Centennial Conference Championships
Swarthmore College,315,100 Free,4,52.40,Sam Packard,,Centennial Conference Championships
Swarthmore College,315,100 Free,5,52.72,Ava Craig,,Centennial Conference Championships
Swarthmore College,315,100 Free,6,53.36,Margaret Sawa,,F&M Invitational
Swarthmore College,315,100 Free,7,54.02,Ainsley Jane Tambling,,Centennial Conference Championships
Swarthmore College,315,100 Free,8,54.17,Kate Hallmark,,Swarthmore vs. Gettysburg
Swarthmore College,315,100 Free,9,54.22,Quinn Weygandt,,Rowan vs. Swathmore
Swarthmore College,315,100 Free,10,54.27,Mirabel Fernald,,Johns Hopkins v Swarthmore
Swarthmore College,315,1000 Free,1,10:25.78,Kate Hallmark,,Centennial Conference Championships
Swarthmore College,315,1000 Free,2,10:35.26,Quinn Weygandt,,TCNJ vs Swarthmore vs Kean
Swarthmore College,315,1000 Free,3,11:05.23,Emerson Schneider,,Swarthmore vs. Gettysburg
Swarthmore College,315,1000 Free,4,11:24.15,Millie Grieve,,Centennial East Quad Meet
Swarthmore College,315,1000 Free,5,11:28.22,Riley Foreman,,Centennial East Quad Meet
Swarthmore College,315,1000 Free,6,11:30.68,Ryleigh Vallejo,,Johns Hopkins v Swarthmore
Swarthmore College,315,1650 Free,1,17:20.23,Kate Hallmark,,Swarthmore vs. Gettysburg
Swarthmore College,315,1650 Free,2,18:30.13,Emerson Schneider,,Swarthmore vs. Gettysburg
Swarthmore College,315,1650 Free,3,19:07.75,Ryleigh Vallejo,,Swarthmore vs. Gettysburg
Swarthmore College,315,1650 Free,4,19:08.45,Millie Grieve,,Swarthmore vs. Gettysburg
Swarthmore College,315,200 Back,1,2:03.78,Maya Ambardekar,,Centennial Conference Championships
Swarthmore College,315,200 Back,2,2:05.46,Kate Hallmark,,F&M Invitational
Swarthmore College,315,200 Back,3,2:05.84,Marin Norlander,,Centennial Conference Championships
Swarthmore College,315,200 Back,4,2:09.45,Cindy Wang,,Swarthmore vs. Gettysburg
Swarthmore College,315,200 Back,5,2:11.24,Libby Turner,,F&M Invitational
Swarthmore College,315,200 Back,6,2:11.30,Zoe Chung,,F&M Invitational
Swarthmore College,315,200 Back,7,2:14.69,Millie Grieve,,F&M Invitational
Swarthmore College,315,200 Back,8,2:16.12,Maddie Adams-Miller,,Johns Hopkins v Swarthmore
Swarthmore College,315,200 Back,9,2:28.79,Ryleigh Vallejo,,Swarthmore vs. Salisbury
Swarthmore College,315,200 Breast,1,2:20.83,Norah Rutkowski,,D3 Shootout
Swarthmore College,315,200 Breast,2,2:20.88,Cara Dominici,,Centennial Conference Championships
Swarthmore College,315,200 Breast,3,2:21.90,Quinn Weygandt,,D3 Shootout
Swarthmore College,315,200 Breast,4,2:24.85,Cindy Wang,,TCNJ vs Swarthmore vs Kean
Swarthmore College,315,200 Breast,5,2:26.11,Bella Hoover,,Centennial Conference Championships
Swarthmore College,315,200 Breast,6,2:30.78,Joe Fox,,Centennial Conference Championships
Swarthmore College,315,200 Breast,7,2:33.32,Sophia Cáceres,,Swarthmore vs. Gettysburg
Swarthmore College,315,200 Breast,8,2:38.22,Sophia Ulvestad,,Centennial East Quad Meet
Swarthmore College,315,200 Breast,9,2:41.74,Emerson Schneider,,TCNJ vs Swarthmore vs Kean
Swarthmore College,315,200 Fly,1,2:03.74,Quinn Weygandt,,Swarthmore vs. Gettysburg
Swarthmore College,315,200 Fly,2,2:10.99,Sophia Ulvestad,,Centennial Conference Championships
Swarthmore College,315,200 Fly,3,2:11.38,Mirabel Fernald,,Centennial Conference Championships
Swarthmore College,315,200 Fly,4,2:14.41,Kate Hallmark,,Centennial East Quad Meet
Swarthmore College,315,200 Fly,5,2:14.45,Riley Bacinski,,D3 Shootout
Swarthmore College,315,200 Fly,6,2:15.74,Riley Foreman,,Swarthmore vs. Gettysburg
Swarthmore College,315,200 Fly,7,2:15.82,Sophia Cáceres,,Johns Hopkins v Swarthmore
Swarthmore College,315,200 Fly,8,2:29.28,Joe Fox,,Swarthmore vs. Gettysburg
Swarthmore College,315,200 Free,1,1:52.34,Quinn Weygandt,,Centennial Conference Championships
Swarthmore College,315,200 Free,2,1:52.87,Kate Hallmark,,Centennial Conference Championships
Swarthmore College,315,200 Free,3,1:53.43,Ava Craig,,F&M Invitational
Swarthmore College,315,200 Free,4,1:53.95,Riley Bacinski,,Johns Hopkins v Swarthmore
Swarthmore College,315,200 Free,5,1:55.58,Emerson Schneider,,Swarthmore vs. Gettysburg
Swarthmore College,315,200 Free,6,1:57.59,Margaret Sawa,,Centennial Conference Championships
Swarthmore College,315,200 Free,7,1:59.13,Sophia Cáceres,,TCNJ vs Swarthmore vs Kean
Swarthmore College,315,200 Free,8,1:59.48,Joe Fox,,F&M Invitational
Swarthmore College,315,200 Free,9,1:59.56,Cindy Wang,,TCNJ vs Swarthmore vs Kean
Swarthmore College,315,200 Free,10,2:02.89,Ryleigh Vallejo,,Swarthmore vs. Gettysburg
Swarthmore College,315,200 Im,1,2:02.43,Quinn Weygandt,,Centennial Conference Championships
Swarthmore College,315,200 Im,2,2:06.29,Elle Anthony,,F&M Invitational
Swarthmore College,315,200 Im,3,2:07.05,Sam Packard,,Swarthmore vs. Gettysburg
Swarthmore College,315,200 Im,4,2:07.59,Cindy Wang,,Centennial Conference Championships
Swarthmore College,315,200 Im,5,2:07.71,Cara Dominici,,Centennial Conference Championships
Swarthmore College,315,200 Im,6,2:07.85,Norah Rutkowski,,D3 Shootout
Swarthmore College,315,200 Im,7,2:10.69,Sophia Ulvestad,,Centennial Conference Championships
Swarthmore College,315,200 Im,8,2:11.25,Kate Hallmark,,Swarthmore vs. Salisbury
Swarthmore College,315,200 Im,9,2:12.97,Emerson Schneider,,F&M Invitational
Swarthmore College,315,200 Im,10,2:13.86,Libby Turner,,Swarthmore vs. Gettysburg
Swarthmore College,315,400 Im,1,4:20.71,Quinn Weygandt,,Centennial Conference Championships
Swarthmore College,315,400 Im,2,4:35.86,Emerson Schneider,,Swarthmore vs. Gettysburg
Swarthmore College,315,400 Im,3,4:36.04,Kate Hallmark,,D3 Shootout
Swarthmore College,315,400 Im,4,4:42.89,Sophia Ulvestad,,Centennial Conference Championships
Swarthmore College,315,400 Im,5,4:44.37,Riley Foreman,,Swarthmore vs. Gettysburg
Swarthmore College,315,400 Im,6,4:48.09,Joe Fox,,Johns Hopkins v Swarthmore
Swarthmore College,315,400 Im,7,4:48.11,Sophia Cáceres,,Johns Hopkins v Swarthmore
Swarthmore College,315,50 Free,1,22.69,Genine Collins,,Centennial Conference Championships
Swarthmore College,315,50 Free,2,23.36,Elle Anthony,,Centennial Conference Championships
Swarthmore College,315,50 Free,3,23.49,Riley Bacinski,,Centennial Conference Championships
Swarthmore College,315,50 Free,4,24.24,Mirabel Fernald,,Centennial Conference Championships
Swarthmore College,315,50 Free,5,24.27,Marin Norlander,,Centennial Conference Championships
Swarthmore College,315,50 Free,6,24.54,Ainsley Jane Tambling,,F&M Invitational
Swarthmore College,315,50 Free,7,24.54,Quinn Weygandt,,F&M Invitational
Swarthmore College,315,50 Free,8,24.64,Margaret Sawa,,Centennial Conference Championships
Swarthmore College,315,50 Free,9,24.70,Sam Packard,,F&M Invitational
Swarthmore College,315,50 Free,10,25.07,Maya Ambardekar,,F&M Invitational
Swarthmore College,315,500 Free,1,5:00.41,Kate Hallmark,,Centennial Conference Championships
Swarthmore College,315,500 Free,2,5:07.42,Ava Craig,,Centennial Conference Championships
Swarthmore College,315,500 Free,3,5:13.14,Emerson Schneider,,Swarthmore vs. Gettysburg
Swarthmore College,315,500 Free,4,5:19.62,Riley Foreman,,Swarthmore vs. Gettysburg
Swarthmore College,315,500 Free,5,5:19.95,Bella Hoover,,Centennial Conference Championships
Swarthmore College,315,500 Free,6,5:21.22,Sophia Cáceres,,Swarthmore vs. Gettysburg
Swarthmore College,315,500 Free,7,5:25.20,Cindy Wang,,Johns Hopkins v Swarthmore
Swarthmore College,315,500 Free,8,5:25.53,Ryleigh Vallejo,,TCNJ vs Swarthmore vs Kean
Swarthmore College,315,500 Free,9,5:34.60,Millie Grieve,,F&M Invitational
Swarthmore College,315,500 Free,10,5:40.61,Joe Fox,,Centennial East Quad Meet
Trinity University (Texas),322,100 Back,1,56.15,Ava Easley,,SAA Conference Championship
Trinity University (Texas),322,100 Back,2,56.96,kaitlyn phan,,Trinity University Tiger Invitational -
Trinity University (Texas),322,100 Back,3,57.86,Kaya Alvegaard-Struble,,Trinity University Tiger Invitational -
Trinity University (Texas),322,100 Back,4,58.76,Jules Wiehrdt,,Trinity University Tiger Invitational -
Trinity University (Texas),322,100 Back,5,59.04,Neely Burns,,Trinity University Tiger Invitational -
Trinity University (Texas),322,100 Back,6,1:01.19,Allison Ortiz,,Trinity University Tiger Invitational -
Trinity University (Texas),322,100 Back,7,1:05.09,Renee Trombley,,Trinity University Tiger Invitational -
Trinity University (Texas),322,100 Breast,1,1:06.19,Lindsay McKinney,,SAA Conference Championship
Trinity University (Texas),322,100 Breast,2,1:06.33,Neely Burns,,D3 Shootout
Trinity University (Texas),322,100 Breast,3,1:06.48,Emme Penry,,SAA Conference Championship
Trinity University (Texas),322,100 Breast,4,1:08.32,Sophia Mandanis,,Trinity University Tiger Invitational -
Trinity University (Texas),322,100 Breast,5,1:10.37,Sid McCullough,,SAA Conference Championship
Trinity University (Texas),322,100 Breast,6,1:11.62,Anna Stouffer,,Trinity University Tiger Invitational -
Trinity University (Texas),322,100 Breast,7,1:19.15,Erin Morie,,Trinity University (Texas) Intrasquad
Trinity University (Texas),322,100 Fly,1,56.30,Allison Ortiz,,SAA Conference Championship
Trinity University (Texas),322,100 Fly,2,57.83,Ava Easley,,D3 Shootout
Trinity University (Texas),322,100 Fly,3,58.03,Amy Benson,,Trinity University Tiger Invitational -
Trinity University (Texas),322,100 Fly,4,59.17,Sophia Mandanis,,Trinity University Tiger Invitational -
Trinity University (Texas),322,100 Fly,5,59.92,Erin Morie,,Trinity University Tiger Invitational -
Trinity University (Texas),322,100 Fly,6,59.92,Addie Domilise,,SAA Conference Championship
Trinity University (Texas),322,100 Fly,7,1:01.29,Neely Burns,,SAA Conference Championship
Trinity University (Texas),322,100 Fly,8,1:01.63,kaitlyn phan,,D3 Shootout
Trinity University (Texas),322,100 Fly,9,1:01.90,Erica Peterson,,Trinity University (Texas) Intrasquad
Trinity University (Texas),322,100 Fly,10,1:03.25,Emme Penry,,Trinity (TX) vs. UT Permian Basin
Trinity University (Texas),322,100 Free,1,51.49,Amy Benson,,Trinity University Tiger Invitational -
Trinity University (Texas),322,100 Free,2,51.75,Julia Carter,,SAA Conference Championship
Trinity University (Texas),322,100 Free,3,52.22,Kaya Alvegaard-Struble,,Trinity University Tiger Invitational -
Trinity University (Texas),322,100 Free,4,53.10,Ava Easley,,D3 Shootout
Trinity University (Texas),322,100 Free,5,53.15,Sienna Nordquist,,SAA Conference Championship
Trinity University (Texas),322,100 Free,6,53.17,Audrey Jacobson,,SAA Conference Championship
Trinity University (Texas),322,100 Free,7,53.42,Jules Wiehrdt,,SAA Conference Championship
Trinity University (Texas),322,100 Free,8,53.47,Allison Ortiz,,SAA Conference Championship
Trinity University (Texas),322,100 Free,9,53.81,Anna Stouffer,,SAA Conference Championship
Trinity University (Texas),322,100 Free,10,54.84,kaitlyn phan,,Colonel Classic
Trinity University (Texas),322,1000 Free,1,10:50.12,Audrey Jacobson,,Colonel Classic
Trinity University (Texas),322,1000 Free,2,10:55.71,Diane Park,,Trinity v UIW
Trinity University (Texas),322,1000 Free,3,11:01.56,Erin Morie,,SAA Conference Championship
Trinity University (Texas),322,1000 Free,4,11:20.48,Renee Trombley,,SAA Conference Championship
Trinity University (Texas),322,1650 Free,1,17:55.10,Audrey Jacobson,,Colonel Classic
Trinity University (Texas),322,1650 Free,2,18:15.58,Erin Morie,,SAA Conference Championship
Trinity University (Texas),322,1650 Free,3,18:31.04,Diane Park,,SAA Conference Championship
Trinity University (Texas),322,1650 Free,4,18:42.75,Renee Trombley,,SAA Conference Championship
Trinity University (Texas),322,200 Back,1,2:03.62,kaitlyn phan,,Trinity University Tiger Invitational -
Trinity University (Texas),322,200 Back,2,2:03.92,Kaya Alvegaard-Struble,,Trinity University Tiger Invitational -
Trinity University (Texas),322,200 Back,3,2:10.62,Erica Peterson,,SAA Conference Championship
Trinity University (Texas),322,200 Back,4,2:14.78,Renee Trombley,,SAA Conference Championship
Trinity University (Texas),322,200 Back,5,2:16.70,Audrey Jacobson,,Trinity v UIW
Trinity University (Texas),322,200 Breast,1,2:19.24,Neely Burns,,SAA Conference Championship
Trinity University (Texas),322,200 Breast,2,2:23.92,Emme Penry,,SAA Conference Championship
Trinity University (Texas),322,200 Breast,3,2:27.20,Lindsay McKinney,,SAA Conference Championship
Trinity University (Texas),322,200 Breast,4,2:32.47,Sid McCullough,,SAA Conference Championship
Trinity University (Texas),322,200 Breast,5,2:33.64,Anna Stouffer,,Trinity University Tiger Invitational -
Trinity University (Texas),322,200 Breast,6,2:41.79,Erin Morie,,Trinity (TX) vs. UT Permian Basin
Trinity University (Texas),322,200 Fly,1,2:08.45,Sophia Mandanis,,Trinity University Tiger Invitational -
Trinity University (Texas),322,200 Fly,2,2:08.73,Neely Burns,,Trinity University Tiger Invitational -
Trinity University (Texas),322,200 Fly,3,2:11.72,Erin Morie,,SAA Conference Championship
Trinity University (Texas),322,200 Fly,4,2:13.88,Addie Domilise,,SAA Conference Championship
Trinity University (Texas),322,200 Fly,5,2:19.56,Erica Peterson,,"Geneseo vs. RIT, Trinity"
Trinity University (Texas),322,200 Fly,6,2:23.02,Diane Park,,Colonel Classic
Trinity University (Texas),322,200 Fly,7,2:27.18,Allison Ortiz,,D3 Shootout
Trinity University (Texas),322,200 Free,1,1:51.62,Kaya Alvegaard-Struble,,D3 Shootout
Trinity University (Texas),322,200 Free,2,1:53.48,Neely Burns,,SAA Conference Championship
Trinity University (Texas),322,200 Free,3,1:53.57,Amy Benson,,SAA Conference Championship
Trinity University (Texas),322,200 Free,4,1:54.42,Julia Carter,,SAA Conference Championship
Trinity University (Texas),322,200 Free,5,1:54.70,Audrey Jacobson,,SAA Conference Championship
Trinity University (Texas),322,200 Free,6,1:55.67,Sienna Nordquist,,SAA Conference Championship
Trinity University (Texas),322,200 Free,7,1:57.59,kaitlyn phan,,Trinity University Tiger Invitational -
Trinity University (Texas),322,200 Free,8,1:59.90,Anna Stouffer,,Trinity University Tiger Invitational -
Trinity University (Texas),322,200 Free,9,2:00.51,Renee Trombley,,SAA Conference Championship
Trinity University (Texas),322,200 Free,10,2:02.02,Sophia Mandanis,,Trinity (TX) vs. UT Permian Basin
Trinity University (Texas),322,200 Im,1,2:03.98,Neely Burns,,SAA Conference Championship
Trinity University (Texas),322,200 Im,2,2:07.48,Kaya Alvegaard-Struble,,Trinity University Tiger Invitational -
Trinity University (Texas),322,200 Im,3,2:08.66,kaitlyn phan,,Trinity University Tiger Invitational -
Trinity University (Texas),322,200 Im,4,2:10.97,Erica Peterson,,SAA Conference Championship
Trinity University (Texas),322,200 Im,5,2:11.32,Emme Penry,,Trinity University Tiger Invitational -
Trinity University (Texas),322,200 Im,6,2:11.83,Sophia Mandanis,,SAA Conference Championship
Trinity University (Texas),322,200 Im,7,2:16.05,Lindsay McKinney,,SAA Conference Championship
Trinity University (Texas),322,200 Im,8,2:18.65,Addie Domilise,,SAA Conference Championship
Trinity University (Texas),322,200 Im,9,2:19.88,Erin Morie,,"Geneseo vs. RIT, Trinity"
Trinity University (Texas),322,200 Im,10,2:24.50,Diane Park,,Trinity v UIW
Trinity University (Texas),322,400 Im,1,4:22.81,Neely Burns,,SAA Conference Championship
Trinity University (Texas),322,400 Im,2,4:37.94,Erica Peterson,,SAA Conference Championship
Trinity University (Texas),322,400 Im,3,4:40.97,kaitlyn phan,,D3 Shootout
Trinity University (Texas),322,400 Im,4,4:45.35,Erin Morie,,SAA Conference Championship
Trinity University (Texas),322,400 Im,5,4:54.80,Addie Domilise,,Trinity University Tiger Invitational -
Trinity University (Texas),322,400 Im,6,4:56.58,Diane Park,,Colonel Classic
Trinity University (Texas),322,50 Free,1,23.64,Amy Benson,,SAA Conference Championship
Trinity University (Texas),322,50 Free,2,23.97,Julia Carter,,SAA Conference Championship
Trinity University (Texas),322,50 Free,3,24.25,Ava Easley,,Trinity University Tiger Invitational -
Trinity University (Texas),322,50 Free,4,24.28,Allison Ortiz,,Trinity University Tiger Invitational -
Trinity University (Texas),322,50 Free,5,24.49,Kaya Alvegaard-Struble,,Trinity University Tiger Invitational -
Trinity University (Texas),322,50 Free,6,24.52,Jules Wiehrdt,,SAA Conference Championship
Trinity University (Texas),322,50 Free,7,24.84,Neely Burns,,Trinity University Tiger Invitational -
Trinity University (Texas),322,50 Free,8,24.86,Anna Stouffer,,SAA Conference Championship
Trinity University (Texas),322,50 Free,9,24.87,Sienna Nordquist,,Trinity University Tiger Invitational -
Trinity University (Texas),322,50 Free,10,25.15,Emme Penry,,Trinity University Tiger Invitational -
Trinity University (Texas),322,500 Free,1,5:08.92,Audrey Jacobson,,Trinity University Tiger Invitational -
Trinity University (Texas),322,500 Free,2,5:13.47,Emme Penry,,SAA Conference Championship
Trinity University (Texas),322,500 Free,3,5:21.95,Diane Park,,SAA Conference Championship
Trinity University (Texas),322,500 Free,4,5:23.47,Renee Trombley,,SAA Conference Championship
Trinity University (Texas),322,500 Free,5,5:23.97,kaitlyn phan,,D3 Shootout
Trinity University (Texas),322,500 Free,6,5:24.94,Erin Morie,,Trinity University Tiger Invitational -
Trinity University (Texas),322,500 Free,7,5:26.43,Sophia Mandanis,,D3 Shootout
Trinity University (Texas),322,500 Free,8,5:28.23,Sienna Nordquist,,Trinity University Tiger Invitational -
Trinity University (Texas),322,500 Free,9,5:34.88,Erica Peterson,,Trinity (TX) vs. UT Permian Basin
Trinity University (Texas),322,500 Free,10,5:37.39,Addie Domilise,,Trinity University Tiger Invitational -
Tufts University,49,100 Back,1,56.11,Abby Davis,,BU Winter Open
Tufts University,49,100 Back,2,56.72,Noa Chambers,,NESCAC Womens Championships
Tufts University,49,100 Back,3,56.83,Madison Hagberg,,NESCAC Womens Championships
Tufts University,49,100 Back,4,56.89,Elena Harrison,,NESCAC Womens Championships
Tufts University,49,100 Back,5,56.93,Olivia Pettit,,NESCAC Womens Championships
Tufts University,49,100 Back,6,59.55,Alya Hocaoğlu,,BU Winter Open
Tufts University,49,100 Back,7,1:00.11,Isabella Chambers,,MIT Winter Invite
Tufts University,49,100 Back,8,1:00.95,Anna Gjervold,,MIT vs. Tufts
Tufts University,49,100 Back,9,1:02.09,Iris Paek,,BU Winter Open
Tufts University,49,100 Breast,1,1:03.08,Sydney Stasz,,NESCAC Womens Championships
Tufts University,49,100 Breast,2,1:03.26,Quinci Wheeler,,MIT Winter Invite
Tufts University,49,100 Breast,3,1:05.64,Emma Shane,,NESCAC Womens Championships
Tufts University,49,100 Breast,4,1:07.88,Aila Howson,,MIT Winter Invite
Tufts University,49,100 Breast,5,1:09.89,Clara Behling,,MIT vs. Tufts
Tufts University,49,100 Fly,1,55.58,Elena Harrison,,NESCAC Womens Championships
Tufts University,49,100 Fly,2,56.17,Angeliki Smyrniou,,NESCAC Womens Championships
Tufts University,49,100 Fly,3,56.75,Katharine Skelly,,NESCAC Womens Championships
Tufts University,49,100 Fly,4,57.84,Angelina Sagaow,,NESCAC Womens Championships
Tufts University,49,100 Fly,5,1:00.20,Lila Strober,,MIT Winter Invite
Tufts University,49,100 Fly,6,1:00.33,Iris Paek,,BU Winter Open
Tufts University,49,100 Fly,7,1:01.54,Sophia Knight,,NESCAC Womens Championships
Tufts University,49,100 Fly,8,1:01.80,Alya Hocaoğlu,,MIT Winter Invite
Tufts University,49,100 Fly,9,1:02.03,Megan Treglia,,NESCAC Womens Championships
Tufts University,49,100 Fly,10,1:02.31,Clara Behling,,NESCAC Womens Championships
Tufts University,49,100 Free,1,51.04,Quinci Wheeler,,NESCAC Womens Championships
Tufts University,49,100 Free,2,51.21,Sydney Stasz,,NESCAC Womens Championships
Tufts University,49,100 Free,3,51.33,Abby Lazorisak,,NESCAC Womens Championships
Tufts University,49,100 Free,4,51.79,Sweeney Su,,NESCAC Womens Championships
Tufts University,49,100 Free,5,52.02,Isabella Chambers,,NESCAC Womens Championships
Tufts University,49,100 Free,6,52.30,Sophia Knight,,NESCAC Womens Championships
Tufts University,49,100 Free,7,52.79,Katharine Skelly,,MIT vs. Tufts
Tufts University,49,100 Free,8,53.00,Abby Davis,,MIT Winter Invite
Tufts University,49,100 Free,9,53.18,Angeliki Smyrniou,,MIT vs. Tufts
Tufts University,49,100 Free,10,53.41,Kate Urdaneta,,MIT Winter Invite
Tufts University,49,1000 Free,1,10:00.97,Madeleine Dunn,,NESCAC Womens Championships
Tufts University,49,1000 Free,2,10:15.54,Cloe Nader,,NESCAC Womens Championships
Tufts University,49,1000 Free,3,10:33.21,Lila Strober,,MIT vs. Tufts
Tufts University,49,1000 Free,4,10:42.98,Alli Brown,,NESCAC Womens Championships
Tufts University,49,1650 Free,1,16:47.11,Madeleine Dunn,,NESCAC Womens Championships
Tufts University,49,1650 Free,2,17:08.26,Cloe Nader,,MIT Winter Invite
Tufts University,49,1650 Free,3,17:42.05,Lila Strober,,MIT Winter Invite
Tufts University,49,1650 Free,4,17:43.34,Alli Brown,,NESCAC Womens Championships
Tufts University,49,200 Back,1,2:01.65,Madison Hagberg,,MIT Winter Invite
Tufts University,49,200 Back,2,2:02.28,Noa Chambers,,NESCAC Womens Championships
Tufts University,49,200 Back,3,2:02.44,Madeleine Dunn,,MIT vs. Tufts
Tufts University,49,200 Back,4,2:03.97,Olivia Pettit,,NESCAC Womens Championships
Tufts University,49,200 Back,5,2:07.15,Abby Davis,,MIT Winter Invite
Tufts University,49,200 Back,6,2:08.27,Anna Gjervold,,BU Winter Open
Tufts University,49,200 Back,7,2:11.62,Alya Hocaoğlu,,MIT Winter Invite
Tufts University,49,200 Breast,1,2:22.87,Quinci Wheeler,,MIT Winter Invite
Tufts University,49,200 Breast,2,2:26.21,Aila Howson,,BU Winter Open
Tufts University,49,200 Breast,3,2:26.25,Emma Shane,,MIT Winter Invite
Tufts University,49,200 Breast,4,2:29.52,Clara Behling,,NESCAC Womens Championships
Tufts University,49,200 Breast,5,2:34.92,Sophia Knight,,"Williams vs. Trinity, Tufts, WPI"
Tufts University,49,200 Fly,1,2:04.53,Elena Harrison,,MIT Winter Invite
Tufts University,49,200 Fly,2,2:06.35,Megan Treglia,,NESCAC Womens Championships
Tufts University,49,200 Fly,3,2:06.48,Lila Strober,,Tufts vs. Bates
Tufts University,49,200 Fly,4,2:08.45,Angelina Sagaow,,NESCAC Womens Championships
Tufts University,49,200 Fly,5,2:08.46,Cloe Nader,,MIT Winter Invite
Tufts University,49,200 Free,1,1:51.38,Quinci Wheeler,,MIT Winter Invite
Tufts University,49,200 Free,2,1:52.18,Elena Harrison,,MIT Winter Invite
Tufts University,49,200 Free,3,1:52.34,Madeleine Dunn,,NESCAC Womens Championships
Tufts University,49,200 Free,4,1:53.13,Sweeney Su,,NESCAC Womens Championships
Tufts University,49,200 Free,5,1:53.22,Alli Brown,,NESCAC Womens Championships
Tufts University,49,200 Free,6,1:54.57,Isabella Chambers,,MIT vs. Tufts
Tufts University,49,200 Free,7,1:54.64,Sophia Knight,,MIT Winter Invite
Tufts University,49,200 Free,8,1:54.94,Selin Tuncay,,BU Winter Open
Tufts University,49,200 Free,9,1:54.95,Noa Chambers,,MIT vs. Tufts
Tufts University,49,200 Free,10,1:55.54,Clara Behling,,MIT Winter Invite
Tufts University,49,200 Im,1,2:04.26,Sydney Stasz,,NESCAC Womens Championships
Tufts University,49,200 Im,2,2:06.40,Angelina Sagaow,,NESCAC Womens Championships
Tufts University,49,200 Im,3,2:07.54,Sophia Knight,,NESCAC Womens Championships
Tufts University,49,200 Im,4,2:09.16,Clara Behling,,NESCAC Womens Championships
Tufts University,49,200 Im,5,2:09.46,Megan Treglia,,MIT vs. Tufts
Tufts University,49,200 Im,6,2:09.77,Madison Hagberg,,MIT Winter Invite
Tufts University,49,200 Im,7,2:12.17,Anna Gjervold,,BU Winter Open
Tufts University,49,200 Im,8,2:12.85,Selin Tuncay,,MIT Winter Invite
Tufts University,49,200 Im,9,2:13.14,Elena Harrison,,MIT vs. Tufts
Tufts University,49,200 Im,10,2:15.33,Aila Howson,,BU Winter Open
Tufts University,49,400 Im,1,4:26.01,Madeleine Dunn,,MIT Winter Invite
Tufts University,49,400 Im,2,4:32.09,Sophia Knight,,NESCAC Womens Championships
Tufts University,49,400 Im,3,4:32.61,Megan Treglia,,NESCAC Womens Championships
Tufts University,49,400 Im,4,4:35.94,Clara Behling,,NESCAC Womens Championships
Tufts University,49,400 Im,5,4:39.72,Madison Hagberg,,MIT Winter Invite
Tufts University,49,400 Im,6,4:40.53,Anna Gjervold,,BU Winter Open
Tufts University,49,400 Im,7,4:47.77,Aila Howson,,MIT Winter Invite
Tufts University,49,50 Free,1,23.33,Abby Lazorisak,,NESCAC Womens Championships
Tufts University,49,50 Free,2,23.63,Katharine Skelly,,NESCAC Womens Championships
Tufts University,49,50 Free,3,23.76,Isabella Chambers,,NESCAC Womens Championships
Tufts University,49,50 Free,4,24.04,Quinci Wheeler,,MIT Winter Invite
Tufts University,49,50 Free,5,24.18,Sweeney Su,,NESCAC Womens Championships
Tufts University,49,50 Free,6,24.33,Alli Brown,,MIT Winter Invite
Tufts University,49,50 Free,7,24.33,Iris Paek,,BU Winter Open
Tufts University,49,50 Free,8,24.44,Kate Urdaneta,,BU Winter Open
Tufts University,49,50 Free,9,24.73,Alexia Palko-Lacerda,,BU Winter Open
Tufts University,49,50 Free,10,24.75,Sydney Stasz,,NESCAC Womens Championships
Tufts University,49,500 Free,1,4:52.21,Madeleine Dunn,,NESCAC Womens Championships
Tufts University,49,500 Free,2,5:01.33,Cloe Nader,,MIT Winter Invite
Tufts University,49,500 Free,3,5:06.65,Lila Strober,,NESCAC Womens Championships
Tufts University,49,500 Free,4,5:07.12,Selin Tuncay,,BU Winter Open
Tufts University,49,500 Free,5,5:07.50,Alli Brown,,NESCAC Womens Championships
Tufts University,49,500 Free,6,5:17.06,Sweeney Su,,MIT vs. Tufts
U.S. Coast Guard Academy,324,100 Back,1,57.19,Madelyn Paxton,,NEWMAC Championships
U.S. Coast Guard Academy,324,100 Back,2,57.50,Samantha Halvorson,,NEWMAC Championships
U.S. Coast Guard Academy,324,100 Back,3,1:01.51,Colleen Read,,Wellesley vs CGA
U.S. Coast Guard Academy,324,100 Back,4,1:03.40,Kendra Hiigel,,NEWMAC Championships
U.S. Coast Guard Academy,324,100 Back,5,1:06.32,Eleanor Murphy,,USCGA vs. MIT
U.S. Coast Guard Academy,324,100 Breast,1,1:08.28,Becca Hurst,,NEWMAC Championships
U.S. Coast Guard Academy,324,100 Breast,2,1:08.77,Kathleen O'Shea,,NEWMAC Championships
U.S. Coast Guard Academy,324,100 Breast,3,1:10.01,Tess Breitbart,,NEWMAC Championships
U.S. Coast Guard Academy,324,100 Breast,4,1:11.30,Thanida Thomas,,Conn Amherst CGA
U.S. Coast Guard Academy,324,100 Breast,5,1:11.35,Cammi Schaufelberger,,NEWMAC Championships
U.S. Coast Guard Academy,324,100 Breast,6,1:11.83,Alaina Riggs,,NEWMAC Championships
U.S. Coast Guard Academy,324,100 Breast,7,1:11.99,Claire Knight,,Conn Amherst CGA
U.S. Coast Guard Academy,324,100 Breast,8,1:15.53,Colleen Read,,Conn Amherst CGA
U.S. Coast Guard Academy,324,100 Fly,1,57.27,Madelyn Paxton,,NEWMAC Championships
U.S. Coast Guard Academy,324,100 Fly,2,58.43,Julia Thomas,,NEWMAC Championships
U.S. Coast Guard Academy,324,100 Fly,3,1:00.18,Cammi Schaufelberger,,NEWMAC Championships
U.S. Coast Guard Academy,324,100 Fly,4,1:00.54,Eleanor Murphy,,NEWMAC Championships
U.S. Coast Guard Academy,324,100 Fly,5,1:00.88,Celia Wyckoff,,NEWMAC Championships
U.S. Coast Guard Academy,324,100 Fly,6,1:01.57,Megan Doubrava,,NEWMAC Championships
U.S. Coast Guard Academy,324,100 Fly,7,1:02.66,Tess Breitbart,,USCGA-RWU-MSU
U.S. Coast Guard Academy,324,100 Fly,8,1:03.22,Kendra Hiigel,,NEWMAC Championships
U.S. Coast Guard Academy,324,100 Fly,9,1:04.49,Mikayla Jolley,,USCGA vs. MIT
U.S. Coast Guard Academy,324,100 Fly,10,1:05.32,Leah Harris,,NEWMAC Championships
U.S. Coast Guard Academy,324,100 Free,1,53.84,Julia Thomas,,NEWMAC Championships
U.S. Coast Guard Academy,324,100 Free,2,54.06,Kendra Hiigel,,NEWMAC Championships
U.S. Coast Guard Academy,324,100 Free,3,54.36,Samantha Halvorson,,Brandeis vs Coast Guard
U.S. Coast Guard Academy,324,100 Free,4,54.44,Eleanor Murphy,,NEWMAC Championships
U.S. Coast Guard Academy,324,100 Free,5,54.59,Kathleen O'Shea,,NEWMAC Championships
U.S. Coast Guard Academy,324,100 Free,6,55.36,Jaida Lippy,,NEWMAC Championships
U.S. Coast Guard Academy,324,100 Free,7,55.48,Morgan Moore,,NEWMAC Championships
U.S. Coast Guard Academy,324,100 Free,8,56.60,Savannah Riera,,NEWMAC Championships
U.S. Coast Guard Academy,324,100 Free,9,56.95,Cammi Schaufelberger,,Conn Amherst CGA
U.S. Coast Guard Academy,324,100 Free,10,56.97,Julia Striker,,Wellesley vs CGA
U.S. Coast Guard Academy,324,1000 Free,1,10:44.81,Zoe Suhajda,,NEWMAC Championships
U.S. Coast Guard Academy,324,1000 Free,2,10:45.20,Megan Doubrava,,Trinity VS Coast Guard
U.S. Coast Guard Academy,324,1000 Free,3,11:06.84,Alaina Riggs,,NEWMAC Championships
U.S. Coast Guard Academy,324,1000 Free,4,11:07.67,Liliana Feyk,,NEWMAC Championships
U.S. Coast Guard Academy,324,1650 Free,1,17:51.01,Zoe Suhajda,,NEWMAC Championships
U.S. Coast Guard Academy,324,1650 Free,2,17:58.29,Megan Doubrava,,Conn Amherst CGA
U.S. Coast Guard Academy,324,1650 Free,3,18:25.30,Liliana Feyk,,NEWMAC Championships
U.S. Coast Guard Academy,324,1650 Free,4,18:32.48,Alaina Riggs,,NEWMAC Championships
U.S. Coast Guard Academy,324,200 Back,1,2:06.48,Samantha Halvorson,,NEWMAC Championships
U.S. Coast Guard Academy,324,200 Back,2,2:10.23,Colleen Read,,Wellesley vs CGA
U.S. Coast Guard Academy,324,200 Back,3,2:15.28,Kendra Hiigel,,Wellesley vs CGA
U.S. Coast Guard Academy,324,200 Breast,1,2:25.83,Mikayla Jolley,,NEWMAC Championships
U.S. Coast Guard Academy,324,200 Breast,2,2:31.75,Becca Hurst,,Trinity VS Coast Guard
U.S. Coast Guard Academy,324,200 Breast,3,2:33.72,Megan Doubrava,,USCGA vs. MIT
U.S. Coast Guard Academy,324,200 Breast,4,2:35.25,Alaina Riggs,,Trinity VS Coast Guard
U.S. Coast Guard Academy,324,200 Breast,5,2:35.40,Thanida Thomas,,Conn Amherst CGA
U.S. Coast Guard Academy,324,200 Breast,6,2:36.23,Tess Breitbart,,USCGA vs. MIT
U.S. Coast Guard Academy,324,200 Breast,7,2:40.31,Claire Knight,,Conn Amherst CGA
U.S. Coast Guard Academy,324,200 Fly,1,2:07.86,Megan Doubrava,,NEWMAC Championships
U.S. Coast Guard Academy,324,200 Fly,2,2:13.53,Tess Breitbart,,NEWMAC Championships
U.S. Coast Guard Academy,324,200 Fly,3,2:17.21,Madelyn Paxton,,Brandeis vs Coast Guard
U.S. Coast Guard Academy,324,200 Fly,4,2:20.52,Celia Wyckoff,,NEWMAC Championships
U.S. Coast Guard Academy,324,200 Fly,5,2:21.08,Cammi Schaufelberger,,Brandeis vs Coast Guard
U.S. Coast Guard Academy,324,200 Free,1,1:54.85,Mikayla Jolley,,NEWMAC Championships
U.S. Coast Guard Academy,324,200 Free,2,1:58.62,Liliana Feyk,,NEWMAC Championships
U.S. Coast Guard Academy,324,200 Free,3,1:58.93,Zoe Suhajda,,NEWMAC Championships
U.S. Coast Guard Academy,324,200 Free,4,2:01.83,Julia Striker,,NEWMAC Championships
U.S. Coast Guard Academy,324,200 Free,5,2:01.89,Jaida Lippy,,NEWMAC Championships
U.S. Coast Guard Academy,324,200 Free,6,2:02.59,Morgan Moore,,NEWMAC Championships
U.S. Coast Guard Academy,324,200 Free,7,2:03.29,Cammi Schaufelberger,,Conn Amherst CGA
U.S. Coast Guard Academy,324,200 Free,8,2:05.29,Savannah Riera,,NEWMAC Championships
U.S. Coast Guard Academy,324,200 Free,9,2:12.11,Josephine Weinert,,NEWMAC Championships
U.S. Coast Guard Academy,324,200 Im,1,2:05.48,Madelyn Paxton,,NEWMAC Championships
U.S. Coast Guard Academy,324,200 Im,2,2:12.25,Kendra Hiigel,,NEWMAC Championships
U.S. Coast Guard Academy,324,200 Im,3,2:14.46,Cammi Schaufelberger,,NEWMAC Championships
U.S. Coast Guard Academy,324,200 Im,4,2:16.43,Tess Breitbart,,USCGA-RWU-MSU
U.S. Coast Guard Academy,324,200 Im,5,2:16.53,Mikayla Jolley,,USCGA-RWU-MSU
U.S. Coast Guard Academy,324,200 Im,6,2:17.90,Megan Doubrava,,"WPI vs. Coast Guard, Babson, Brandies, Smith"
U.S. Coast Guard Academy,324,200 Im,7,2:18.43,Celia Wyckoff,,NEWMAC Championships
U.S. Coast Guard Academy,324,200 Im,8,2:20.42,Becca Hurst,,Conn Amherst CGA
U.S. Coast Guard Academy,324,400 Im,1,4:35.55,Megan Doubrava,,NEWMAC Championships
U.S. Coast Guard Academy,324,400 Im,2,4:45.60,Tess Breitbart,,NEWMAC Championships
U.S. Coast Guard Academy,324,400 Im,3,4:47.52,Kendra Hiigel,,NEWMAC Championships
U.S. Coast Guard Academy,324,50 Free,1,23.96,Samantha Halvorson,,Conn Amherst CGA
U.S. Coast Guard Academy,324,50 Free,2,24.00,Julia Thomas,,NEWMAC Championships
U.S. Coast Guard Academy,324,50 Free,3,24.75,Kathleen O'Shea,,NEWMAC Championships
U.S. Coast Guard Academy,324,50 Free,4,24.77,Eleanor Murphy,,NEWMAC Championships
U.S. Coast Guard Academy,324,50 Free,5,25.10,Jaida Lippy,,NEWMAC Championships
U.S. Coast Guard Academy,324,50 Free,6,25.62,Morgan Moore,,NEWMAC Championships
U.S. Coast Guard Academy,324,50 Free,7,25.68,Kendra Hiigel,,Trinity VS Coast Guard
U.S. Coast Guard Academy,324,50 Free,8,26.05,Cammi Schaufelberger,,"WPI vs. Coast Guard, Babson, Brandies, Smith"
U.S. Coast Guard Academy,324,50 Free,9,26.07,Savannah Riera,,NEWMAC Championships
U.S. Coast Guard Academy,324,50 Free,10,26.12,Mikayla Jolley,,USMMA vs Coast Guard
U.S. Coast Guard Academy,324,500 Free,1,5:11.49,Megan Doubrava,,NEWMAC Championships
U.S. Coast Guard Academy,324,500 Free,2,5:13.71,Zoe Suhajda,,NEWMAC Championships
U.S. Coast Guard Academy,324,500 Free,3,5:14.24,Mikayla Jolley,,NEWMAC Championships
U.S. Coast Guard Academy,324,500 Free,4,5:16.87,Liliana Feyk,,NEWMAC Championships
U.S. Coast Guard Academy,324,500 Free,5,5:20.91,Alaina Riggs,,NEWMAC Championships
U.S. Coast Guard Academy,324,500 Free,6,5:38.65,Tess Breitbart,,"Springfield vs. Wheaton, USCGA"
U.S. Merchant Marine Academy,311,100 Back,1,1:01.87,Kaitlyn Adams,,New Jersey Athletic Conference Championship
U.S. Merchant Marine Academy,311,100 Back,2,1:03.39,Natalie Scafetta,,TCNJ Invitational
U.S. Merchant Marine Academy,311,100 Back,3,1:05.63,Georgia Magditch,,2025 Gryphons Quad Meet
U.S. Merchant Marine Academy,311,100 Back,4,1:08.57,Natalie Woodman,,Skyline Conference Championship
U.S. Merchant Marine Academy,311,100 Back,5,1:09.14,Rylie Larkin,,TCNJ Invitational
U.S. Merchant Marine Academy,311,100 Back,6,1:09.66,Kk Rogers,,New Jersey Athletic Conference Championship
U.S. Merchant Marine Academy,311,100 Back,7,1:13.89,Catherine Kennedy,,USMMA vs John Jay vs Hunter
U.S. Merchant Marine Academy,311,100 Back,8,1:19.26,Victoria Crofford,,2025 Gryphons Quad Meet
U.S. Merchant Marine Academy,311,100 Breast,1,1:07.50,Jessica Felske,,NYU Winter Invitational
U.S. Merchant Marine Academy,311,100 Breast,2,1:13.43,Catherine Kennedy,,USMMA Memorial Invite
U.S. Merchant Marine Academy,311,100 Breast,3,1:13.55,Delaney Cantlon,,New Jersey Athletic Conference Championship
U.S. Merchant Marine Academy,311,100 Breast,4,1:15.18,Molly O'Brien,,New Jersey Athletic Conference Championship
U.S. Merchant Marine Academy,311,100 Breast,5,1:15.52,Natalie Scafetta,,USMMA Memorial Invite
U.S. Merchant Marine Academy,311,100 Breast,6,1:16.12,Abby Cayton,,TCNJ Invitational
U.S. Merchant Marine Academy,311,100 Breast,7,1:17.71,Victoria Crofford,,2025 Gryphons Quad Meet
U.S. Merchant Marine Academy,311,100 Breast,8,1:23.53,Giana Leoni,,New Jersey Athletic Conference Championship
U.S. Merchant Marine Academy,311,100 Fly,1,59.75,Isabel Lunsford,,TCNJ Invitational
U.S. Merchant Marine Academy,311,100 Fly,2,59.87,Catherine Kennedy,,New Jersey Athletic Conference Championship
U.S. Merchant Marine Academy,311,100 Fly,3,1:04.66,Bryony Shipe,,New Jersey Athletic Conference Championship
U.S. Merchant Marine Academy,311,100 Fly,4,1:04.80,Natalie Scafetta,,Skyline Conference Championship
U.S. Merchant Marine Academy,311,100 Fly,5,1:06.05,Rylie Larkin,,New Jersey Athletic Conference Championship
U.S. Merchant Marine Academy,311,100 Fly,6,1:08.44,Kaitlyn Adams,,TCNJ Invitational
U.S. Merchant Marine Academy,311,100 Fly,7,1:14.41,Abby Cayton,,TCNJ Invitational
U.S. Merchant Marine Academy,311,100 Fly,8,1:24.51,Delaney Cantlon,,USMMA vs John Jay vs Hunter
U.S. Merchant Marine Academy,311,100 Free,1,53.49,Isabel Lunsford,,New Jersey Athletic Conference Championship
U.S. Merchant Marine Academy,311,100 Free,2,56.30,Natalie Woodman,,New Jersey Athletic Conference Championship
U.S. Merchant Marine Academy,311,100 Free,3,56.63,Kaitlyn Adams,,New Jersey Athletic Conference Championship
U.S. Merchant Marine Academy,311,100 Free,4,57.19,Natalie Scafetta,,USMMA Memorial Invite
U.S. Merchant Marine Academy,311,100 Free,5,57.81,Bryony Shipe,,NYU Winter Invitational
U.S. Merchant Marine Academy,311,100 Free,6,57.82,Kk Rogers,,New Jersey Athletic Conference Championship
U.S. Merchant Marine Academy,311,100 Free,7,59.17,Jessica Felske,,Stevens vs USMMA 25
U.S. Merchant Marine Academy,311,100 Free,8,59.57,Molly O'Brien,,USMMA Memorial Invite
U.S. Merchant Marine Academy,311,100 Free,9,59.64,Catherine Kennedy,,USMMA vs Coast Guard
U.S. Merchant Marine Academy,311,100 Free,10,1:03.73,Abby Cayton,,TCNJ Invitational
U.S. Merchant Marine Academy,311,1000 Free,1,10:57.00,Natalie Scafetta,,Skyline Conference Championship
U.S. Merchant Marine Academy,311,1000 Free,2,11:04.27,Bryony Shipe,,Skyline Conference Championship
U.S. Merchant Marine Academy,311,1000 Free,3,12:54.66,Rylie Larkin,,2025 Gryphons Quad Meet
U.S. Merchant Marine Academy,311,1000 Free,4,13:30.71,Delaney Cantlon,,USMMA vs Adelphi
U.S. Merchant Marine Academy,311,1000 Free,5,13:36.49,Emma Frank,,Skyline Conference Championship
U.S. Merchant Marine Academy,311,1650 Free,1,18:11.92,Natalie Scafetta,,New Jersey Athletic Conference Championship
U.S. Merchant Marine Academy,311,1650 Free,2,18:28.29,Bryony Shipe,,New Jersey Athletic Conference Championship
U.S. Merchant Marine Academy,311,1650 Free,3,22:20.78,Emma Frank,,New Jersey Athletic Conference Championship
U.S. Merchant Marine Academy,311,200 Back,1,2:15.64,Natalie Scafetta,,Skyline Conference Championship
U.S. Merchant Marine Academy,311,200 Back,2,2:17.26,Kaitlyn Adams,,New Jersey Athletic Conference Championship
U.S. Merchant Marine Academy,311,200 Back,3,2:22.46,Bryony Shipe,,USMMA Memorial Invite
U.S. Merchant Marine Academy,311,200 Back,4,2:29.47,Rylie Larkin,,TCNJ Invitational
U.S. Merchant Marine Academy,311,200 Breast,1,2:28.49,Jessica Felske,,New Jersey Athletic Conference Championship
U.S. Merchant Marine Academy,311,200 Breast,2,2:42.37,Delaney Cantlon,,New Jersey Athletic Conference Championship
U.S. Merchant Marine Academy,311,200 Breast,3,2:42.94,Abby Cayton,,TCNJ Invitational
U.S. Merchant Marine Academy,311,200 Breast,4,2:48.17,Natalie Scafetta,,USMMA-NYMC-SJC-LI-MSMC
U.S. Merchant Marine Academy,311,200 Breast,5,2:51.55,Molly O'Brien,,New Jersey Athletic Conference Championship
U.S. Merchant Marine Academy,311,200 Breast,6,3:01.09,Giana Leoni,,New Jersey Athletic Conference Championship
U.S. Merchant Marine Academy,311,200 Fly,1,2:17.72,Catherine Kennedy,,New Jersey Athletic Conference Championship
U.S. Merchant Marine Academy,311,200 Fly,2,2:22.40,Natalie Scafetta,,USMMA vs John Jay vs Hunter
U.S. Merchant Marine Academy,311,200 Fly,3,2:30.86,Bryony Shipe,,USMMA vs John Jay vs Hunter
U.S. Merchant Marine Academy,311,200 Fly,4,2:52.98,Abby Cayton,,USMMA-NYMC-SJC-LI-MSMC
U.S. Merchant Marine Academy,311,200 Free,1,1:56.23,Isabel Lunsford,,New Jersey Athletic Conference Championship
U.S. Merchant Marine Academy,311,200 Free,2,2:01.58,Bryony Shipe,,Skyline Conference Championship
U.S. Merchant Marine Academy,311,200 Free,3,2:02.84,Natalie Woodman,,New Jersey Athletic Conference Championship
U.S. Merchant Marine Academy,311,200 Free,4,2:04.20,Natalie Scafetta,,TCNJ Invitational
U.S. Merchant Marine Academy,311,200 Free,5,2:08.24,Kk Rogers,,New Jersey Athletic Conference Championship
U.S. Merchant Marine Academy,311,200 Free,6,2:11.93,Molly O'Brien,,USMMA vs Adelphi
U.S. Merchant Marine Academy,311,200 Free,7,2:14.12,Kaitlyn Adams,,2025 Gryphons Quad Meet
U.S. Merchant Marine Academy,311,200 Free,8,2:14.49,Rylie Larkin,,TCNJ Invitational
U.S. Merchant Marine Academy,311,200 Free,9,2:26.16,Delaney Cantlon,,USMMA-NYMC-SJC-LI-MSMC
U.S. Merchant Marine Academy,311,200 Free,10,2:28.20,Emma Frank,,Skyline Conference Championship
U.S. Merchant Marine Academy,311,200 Im,1,2:17.35,Catherine Kennedy,,New Jersey Athletic Conference Championship
U.S. Merchant Marine Academy,311,200 Im,2,2:18.33,Bryony Shipe,,NYU Winter Invitational
U.S. Merchant Marine Academy,311,200 Im,3,2:19.70,Natalie Scafetta,,USMMA vs Coast Guard
U.S. Merchant Marine Academy,311,200 Im,4,2:26.94,Georgia Magditch,,2025 Gryphons Quad Meet
U.S. Merchant Marine Academy,311,200 Im,5,2:27.39,Delaney Cantlon,,New Jersey Athletic Conference Championship
U.S. Merchant Marine Academy,311,200 Im,6,2:28.04,Kaitlyn Adams,,USMMA vs John Jay vs Hunter
U.S. Merchant Marine Academy,311,200 Im,7,2:34.52,Abby Cayton,,TCNJ Invitational
U.S. Merchant Marine Academy,311,400 Im,1,4:42.26,Natalie Scafetta,,New Jersey Athletic Conference Championship
U.S. Merchant Marine Academy,311,400 Im,2,4:43.66,Bryony Shipe,,New Jersey Athletic Conference Championship
U.S. Merchant Marine Academy,311,400 Im,3,5:08.27,Catherine Kennedy,,TCNJ Invitational
U.S. Merchant Marine Academy,311,400 Im,4,5:33.39,Abby Cayton,,TCNJ Invitational
U.S. Merchant Marine Academy,311,50 Free,1,24.49,Isabel Lunsford,,New Jersey Athletic Conference Championship
U.S. Merchant Marine Academy,311,50 Free,2,25.08,Jessica Felske,,New Jersey Athletic Conference Championship
U.S. Merchant Marine Academy,311,50 Free,3,25.34,Natalie Woodman,,New Jersey Athletic Conference Championship
U.S. Merchant Marine Academy,311,50 Free,4,25.74,Kaitlyn Adams,,New Jersey Athletic Conference Championship
U.S. Merchant Marine Academy,311,50 Free,5,25.98,Kk Rogers,,New Jersey Athletic Conference Championship
U.S. Merchant Marine Academy,311,50 Free,6,26.27,Catherine Kennedy,,Skyline Conference Championship
U.S. Merchant Marine Academy,311,50 Free,7,27.42,Natalie Scafetta,,USMMA Memorial Invite
U.S. Merchant Marine Academy,311,50 Free,8,27.46,Molly O'Brien,,New Jersey Athletic Conference Championship
U.S. Merchant Marine Academy,311,50 Free,9,27.72,Bryony Shipe,,NYU Winter Invitational
U.S. Merchant Marine Academy,311,50 Free,10,28.20,Rylie Larkin,,Skyline Conference Championship
U.S. Merchant Marine Academy,311,500 Free,1,5:16.05,Natalie Scafetta,,New Jersey Athletic Conference Championship
U.S. Merchant Marine Academy,311,500 Free,2,5:19.21,Bryony Shipe,,New Jersey Athletic Conference Championship
U.S. Merchant Marine Academy,311,500 Free,3,5:38.21,Isabel Lunsford,,USMMA vs John Jay vs Hunter
U.S. Merchant Marine Academy,311,500 Free,4,6:03.37,Rylie Larkin,,TCNJ Invitational
U.S. Merchant Marine Academy,311,500 Free,5,6:19.72,Jessica Felske,,2025 Gryphons Quad Meet
U.S. Merchant Marine Academy,311,500 Free,6,6:36.23,Emma Frank,,Skyline Conference Championship
University of California-Santa Cruz,182,100 Back,1,57.33,Siena Ancona,,Pacific Collegiate Swim Conference Championships
University of California-Santa Cruz,182,100 Back,2,57.46,Medha Raghuraman,,Pacific Collegiate Swim Conference Championships
University of California-Santa Cruz,182,100 Back,3,57.85,Hannah Love,,Pacific Collegiate Swim Conference Championships
University of California-Santa Cruz,182,100 Back,4,58.31,Maddy Stein,,Pacific Collegiate Swim Conference Championships
University of California-Santa Cruz,182,100 Back,5,58.69,Kaitlyn Armstrong,,Pacific Collegiate Swim Conference Championships
University of California-Santa Cruz,182,100 Back,6,59.53,Fiona Lei,,Pacific Collegiate Swim Conference Championships
University of California-Santa Cruz,182,100 Back,7,59.55,Phoebe Jaggers,,Pacific Collegiate Swim Conference Championships
University of California-Santa Cruz,182,100 Back,8,1:00.54,Sophia Saldana,,UC Santa Cruz vs. Cal State University Bakersfield
University of California-Santa Cruz,182,100 Back,9,1:00.62,Ella Welch,,UC Santa Cruz vs. Cal State University Bakersfield
University of California-Santa Cruz,182,100 Back,10,1:00.79,Kirsten Boyle,,Whittier vs. UC Santa Cruz
University of California-Santa Cruz,182,100 Breast,1,1:03.67,Lily Wolfinger,,Pacific Collegiate Swim Conference Championships
University of California-Santa Cruz,182,100 Breast,2,1:04.32,Sadie Breen,,Pacific Collegiate Swim Conference Championships
University of California-Santa Cruz,182,100 Breast,3,1:04.36,Namya Sarup,,La Verne Invitational
University of California-Santa Cruz,182,100 Breast,4,1:06.70,Maya Chan,,La Verne Invitational
University of California-Santa Cruz,182,100 Breast,5,1:08.83,Ella Matson,,Pacific Collegiate Swim Conference Championships
University of California-Santa Cruz,182,100 Breast,6,1:09.42,Gretta Bellin,,UCSC Slug Shootout
University of California-Santa Cruz,182,100 Breast,7,1:10.19,Katy Hawk,,La Verne Invitational
University of California-Santa Cruz,182,100 Breast,8,1:10.51,Maya Garcia-Hale,,Whittier vs. UC Santa Cruz
University of California-Santa Cruz,182,100 Breast,9,1:12.01,Jolie Mosack,,Pacific Collegiate Swim Conference Championships
University of California-Santa Cruz,182,100 Breast,10,1:12.19,Tessa Garvey Miller,,University of California Santa Cruz vs. Simpson
University of California-Santa Cruz,182,100 Fly,1,57.10,Kirsten Boyle,,Pacific Collegiate Swim Conference Championships
University of California-Santa Cruz,182,100 Fly,2,57.59,Medha Raghuraman,,Pacific Collegiate Swim Conference Championships
University of California-Santa Cruz,182,100 Fly,3,57.82,Maya Chan,,Pacific Collegiate Swim Conference Championships
University of California-Santa Cruz,182,100 Fly,4,58.00,Siena Ancona,,La Verne Invitational
University of California-Santa Cruz,182,100 Fly,5,58.26,Fiona Lei,,La Verne Invitational
University of California-Santa Cruz,182,100 Fly,6,58.72,Kaitlyn Armstrong,,Pacific Collegiate Swim Conference Championships
University of California-Santa Cruz,182,100 Fly,7,59.26,Maya Garcia-Hale,,La Verne Invitational
University of California-Santa Cruz,182,100 Fly,8,1:00.27,Sophia Saldana,,Pacific Collegiate Swim Conference Championships
University of California-Santa Cruz,182,100 Fly,9,1:00.53,Gretta Bellin,,Cal State East Bay vs UC Santa Cruz
University of California-Santa Cruz,182,100 Fly,10,1:01.04,Maddy Stein,,Pacific Collegiate Swim Conference Championships
University of California-Santa Cruz,182,100 Free,1,51.55,Katy Hawk,,UC Santa Cruz vs. Cal State University Bakersfield
University of California-Santa Cruz,182,100 Free,2,53.27,Medha Raghuraman,,Pacific Collegiate Swim Conference Championships
University of California-Santa Cruz,182,100 Free,3,53.59,Phoebe Jaggers,,Pacific Collegiate Swim Conference Championships
University of California-Santa Cruz,182,100 Free,4,53.84,Keaton Canaday,,Pacific vs. UC Santa Cruz vs. San Jose State
University of California-Santa Cruz,182,100 Free,5,53.97,Kaitlyn Armstrong,,La Verne Invitational
University of California-Santa Cruz,182,100 Free,6,54.04,Jadyn Chaffins,,Chapman vs. UC Santa Cruz
University of California-Santa Cruz,182,100 Free,7,54.10,Fiona Lei,,Pacific Collegiate Swim Conference Championships
University of California-Santa Cruz,182,100 Free,8,54.15,Kirsten Boyle,,University of California Santa Cruz vs. Simpson
University of California-Santa Cruz,182,100 Free,9,54.68,Maya Chan,,University of California Santa Cruz vs. Simpson
University of California-Santa Cruz,182,100 Free,10,54.72,Heather O'Brien,,Pacific Collegiate Swim Conference Championships
University of California-Santa Cruz,182,1000 Free,1,10:40.34,Sadie Breen,,Pacific Collegiate Swim Conference Championships
University of California-Santa Cruz,182,1000 Free,2,10:42.58,Honour Dufresne,,Pacific Collegiate Swim Conference Championships
University of California-Santa Cruz,182,1000 Free,3,10:44.74,Paiten Tobey,,Pacific Collegiate Swim Conference Championships
University of California-Santa Cruz,182,1000 Free,4,10:48.23,Hannah Love,,Pacific Collegiate Swim Conference Championships
University of California-Santa Cruz,182,1000 Free,5,10:50.64,Piper Stickler,,Pacific Collegiate Swim Conference Championships
University of California-Santa Cruz,182,1000 Free,6,10:50.87,Ruby Sanchez,,Chapman vs. UC Santa Cruz
University of California-Santa Cruz,182,1000 Free,7,10:50.98,Heather O'Brien,,Pacific Collegiate Swim Conference Championships
University of California-Santa Cruz,182,1000 Free,8,11:00.37,Erin Gidley,,Pacific Collegiate Swim Conference Championships
University of California-Santa Cruz,182,1650 Free,1,18:00.29,Paiten Tobey,,Pacific Collegiate Swim Conference Championships
University of California-Santa Cruz,182,1650 Free,2,18:08.35,Piper Stickler,,La Verne Invitational
University of California-Santa Cruz,182,1650 Free,3,18:11.77,Ruby Sanchez,,Pacific Collegiate Swim Conference Championships
University of California-Santa Cruz,182,1650 Free,4,18:14.07,Hannah Love,,Pacific Collegiate Swim Conference Championships
University of California-Santa Cruz,182,1650 Free,5,18:15.42,Honour Dufresne,,Pacific Collegiate Swim Conference Championships
University of California-Santa Cruz,182,1650 Free,6,18:17.84,Erin Gidley,,Pacific Collegiate Swim Conference Championships
University of California-Santa Cruz,182,200 Back,1,2:04.24,Siena Ancona,,La Verne Invitational
University of California-Santa Cruz,182,200 Back,2,2:04.60,Hannah Love,,Pacific Collegiate Swim Conference Championships
University of California-Santa Cruz,182,200 Back,3,2:09.06,Kaitlyn Armstrong,,Pacific Collegiate Swim Conference Championships
University of California-Santa Cruz,182,200 Back,4,2:13.64,Maddy Stein,,Pacific Collegiate Swim Conference Championships
University of California-Santa Cruz,182,200 Back,5,2:14.28,Lily Wolfinger,,Pacific vs. UC Santa Cruz vs. San Jose State
University of California-Santa Cruz,182,200 Back,6,2:14.60,Medha Raghuraman,,La Verne Invitational
University of California-Santa Cruz,182,200 Back,7,2:14.63,Paiten Tobey,,La Verne Invitational
University of California-Santa Cruz,182,200 Back,8,2:15.94,Sophia Saldana,,Pacific Collegiate Swim Conference Championships
University of California-Santa Cruz,182,200 Back,9,2:17.83,Ella Welch,,Cal State East Bay vs UC Santa Cruz
University of California-Santa Cruz,182,200 Back,10,2:33.45,Sadie Breen,,University of California Santa Cruz vs. Simpson
University of California-Santa Cruz,182,200 Breast,1,2:18.61,Lily Wolfinger,,Pacific Collegiate Swim Conference Championships
University of California-Santa Cruz,182,200 Breast,2,2:19.26,Namya Sarup,,Pacific Collegiate Swim Conference Championships
University of California-Santa Cruz,182,200 Breast,3,2:21.96,Kirsten Boyle,,Pacific Collegiate Swim Conference Championships
University of California-Santa Cruz,182,200 Breast,4,2:22.71,Maya Chan,,Pacific Collegiate Swim Conference Championships
University of California-Santa Cruz,182,200 Breast,5,2:23.68,Sadie Breen,,Pacific Collegiate Swim Conference Championships
University of California-Santa Cruz,182,200 Breast,6,2:27.61,Gretta Bellin,,Pacific vs. UC Santa Cruz vs. San Jose State
University of California-Santa Cruz,182,200 Breast,7,2:29.12,Maya Garcia-Hale,,Pacific Collegiate Swim Conference Championships
University of California-Santa Cruz,182,200 Breast,8,2:36.85,Jolie Mosack,,Pacific Collegiate Swim Conference Championships
University of California-Santa Cruz,182,200 Breast,9,2:42.67,Erin Gidley,,UC Santa Cruz vs. Cal State University Bakersfield
University of California-Santa Cruz,182,200 Fly,1,2:08.44,Kirsten Boyle,,Pacific Collegiate Swim Conference Championships
University of California-Santa Cruz,182,200 Fly,2,2:08.49,Gretta Bellin,,La Verne Invitational
University of California-Santa Cruz,182,200 Fly,3,2:08.57,Katy Hawk,,Pacific Collegiate Swim Conference Championships
University of California-Santa Cruz,182,200 Fly,4,2:09.46,Maya Garcia-Hale,,Cal State East Bay vs UC Santa Cruz
University of California-Santa Cruz,182,200 Fly,5,2:16.21,Keaton Canaday,,Pacific Collegiate Swim Conference Championships
University of California-Santa Cruz,182,200 Fly,6,2:23.74,Medha Raghuraman,,University of California Santa Cruz vs. Simpson
University of California-Santa Cruz,182,200 Fly,7,2:25.37,Ella Matson,,UCSC Slug Shootout
University of California-Santa Cruz,182,200 Free,1,1:51.19,Katy Hawk,,UC Santa Cruz vs. Cal State University Bakersfield
University of California-Santa Cruz,182,200 Free,2,1:54.39,Maya Garcia-Hale,,Pacific Collegiate Swim Conference Championships
University of California-Santa Cruz,182,200 Free,3,1:55.80,Heather O'Brien,,Cal State East Bay vs UC Santa Cruz
University of California-Santa Cruz,182,200 Free,4,1:55.89,Paiten Tobey,,Pacific Collegiate Swim Conference Championships
University of California-Santa Cruz,182,200 Free,5,1:56.23,Keaton Canaday,,Pacific Collegiate Swim Conference Championships
University of California-Santa Cruz,182,200 Free,6,1:57.20,Honour Dufresne,,Pacific Collegiate Swim Conference Championships
University of California-Santa Cruz,182,200 Free,7,1:57.20,Jadyn Chaffins,,Pacific Collegiate Swim Conference Championships
University of California-Santa Cruz,182,200 Free,8,1:57.55,Hannah Love,,Pacific Collegiate Swim Conference Championships
University of California-Santa Cruz,182,200 Free,9,1:57.72,Piper Stickler,,Pacific Collegiate Swim Conference Championships
University of California-Santa Cruz,182,200 Free,10,1:58.13,Kirsten Boyle,,University of California Santa Cruz vs. Simpson
University of California-Santa Cruz,182,200 Im,1,2:06.53,Kirsten Boyle,,Pacific Collegiate Swim Conference Championships
University of California-Santa Cruz,182,200 Im,2,2:07.06,Gretta Bellin,,La Verne Invitational
University of California-Santa Cruz,182,200 Im,3,2:07.10,Maya Chan,,Pacific Collegiate Swim Conference Championships
University of California-Santa Cruz,182,200 Im,4,2:07.18,Lily Wolfinger,,Pacific Collegiate Swim Conference Championships
University of California-Santa Cruz,182,200 Im,5,2:09.30,Siena Ancona,,La Verne Invitational
University of California-Santa Cruz,182,200 Im,6,2:11.01,Maya Garcia-Hale,,La Verne Invitational
University of California-Santa Cruz,182,200 Im,7,2:12.39,Keaton Canaday,,Pacific Collegiate Swim Conference Championships
University of California-Santa Cruz,182,200 Im,8,2:13.02,Namya Sarup,,La Verne Invitational
University of California-Santa Cruz,182,200 Im,9,2:13.41,Sadie Breen,,La Verne Invitational
University of California-Santa Cruz,182,200 Im,10,2:14.22,Fiona Lei,,Pacific vs. UC Santa Cruz vs. San Jose State
University of California-Santa Cruz,182,400 Im,1,4:32.11,Lily Wolfinger,,Pacific Collegiate Swim Conference Championships
University of California-Santa Cruz,182,400 Im,2,4:39.67,Sadie Breen,,Pacific Collegiate Swim Conference Championships
University of California-Santa Cruz,182,400 Im,3,4:39.85,Honour Dufresne,,Pacific Collegiate Swim Conference Championships
University of California-Santa Cruz,182,400 Im,4,4:45.03,Namya Sarup,,Pacific Collegiate Swim Conference Championships
University of California-Santa Cruz,182,400 Im,5,5:03.89,Ella Matson,,UCSC Slug Shootout
University of California-Santa Cruz,182,400 Im,6,5:07.02,Jolie Mosack,,Pacific Collegiate Swim Conference Championships
University of California-Santa Cruz,182,50 Free,1,23.78,Katy Hawk,,Pacific Collegiate Swim Conference Championships
University of California-Santa Cruz,182,50 Free,2,24.13,Medha Raghuraman,,Pacific Collegiate Swim Conference Championships
University of California-Santa Cruz,182,50 Free,3,24.21,Maya Chan,,Pacific Collegiate Swim Conference Championships
University of California-Santa Cruz,182,50 Free,4,24.26,Fiona Lei,,Pacific Collegiate Swim Conference Championships
University of California-Santa Cruz,182,50 Free,5,24.41,Phoebe Jaggers,,Pacific Collegiate Swim Conference Championships
University of California-Santa Cruz,182,50 Free,6,24.64,Kaitlyn Armstrong,,Pacific Collegiate Swim Conference Championships
University of California-Santa Cruz,182,50 Free,7,24.71,Tessa Garvey Miller,,Pacific Collegiate Swim Conference Championships
University of California-Santa Cruz,182,50 Free,8,24.75,Jadyn Chaffins,,Pacific Collegiate Swim Conference Championships
University of California-Santa Cruz,182,50 Free,9,24.76,Maddy Stein,,La Verne Invitational
University of California-Santa Cruz,182,50 Free,10,24.95,Zoe Ma,,UC Santa Cruz vs. Cal State University Bakersfield
University of California-Santa Cruz,182,500 Free,1,5:10.07,Paiten Tobey,,Pacific Collegiate Swim Conference Championships
University of California-Santa Cruz,182,500 Free,2,5:10.60,Katy Hawk,,Whittier vs. UC Santa Cruz
University of California-Santa Cruz,182,500 Free,3,5:10.74,Heather O'Brien,,Cal State East Bay vs UC Santa Cruz
University of California-Santa Cruz,182,500 Free,4,5:12.23,Maya Garcia-Hale,,Cal State East Bay vs UC Santa Cruz
University of California-Santa Cruz,182,500 Free,5,5:12.60,Honour Dufresne,,Pacific Collegiate Swim Conference Championships
University of California-Santa Cruz,182,500 Free,6,5:16.11,Ruby Sanchez,,Whittier vs. UC Santa Cruz
University of California-Santa Cruz,182,500 Free,7,5:17.08,Erin Gidley,,Pacific Collegiate Swim Conference Championships
University of California-Santa Cruz,182,500 Free,8,5:17.55,Piper Stickler,,Pacific Collegiate Swim Conference Championships
University of California-Santa Cruz,182,500 Free,9,5:18.86,Jadyn Chaffins,,Pacific Collegiate Swim Conference Championships
University of California-Santa Cruz,182,500 Free,10,5:26.90,Hannah Love,,La Verne Invitational
University of Chicago,259,100 Back,1,55.84,Kylie Stuart,,16th Annual Phoenix Fall Classic
University of Chicago,259,100 Back,2,57.55,Karina Hartounian,,Hope vs. Chicago
University of Chicago,259,100 Back,3,57.61,Naomi Ong,,16th Annual Phoenix Fall Classic
University of Chicago,259,100 Back,4,58.09,Adelia Biello,,D3 Shootout
University of Chicago,259,100 Back,5,58.44,NouNou Chang,,16th Annual Phoenix Fall Classic
University of Chicago,259,100 Back,6,59.42,Kaitlyn Liu,,University of Chicago vs Northwestern
University of Chicago,259,100 Back,7,1:01.87,Addie Diaz,,"Chicago vs IIT, Wheaton"
University of Chicago,259,100 Breast,1,1:02.17,Alicia Soosai,,University Athletic Association Championships
University of Chicago,259,100 Breast,2,1:05.85,Ella McEver,,D3 Shootout
University of Chicago,259,100 Breast,3,1:10.49,Adrienne Tam,,University Athletic Association Championships
University of Chicago,259,100 Breast,4,1:12.75,Charlotte Eckert,,"Chicago vs IIT, Wheaton"
University of Chicago,259,100 Breast,5,1:14.81,Kaitlyn Liu,,"Chicago vs IIT, Wheaton"
University of Chicago,259,100 Fly,1,54.77,Sophia Xu,,University Athletic Association Championships
University of Chicago,259,100 Fly,2,55.59,Adelia Biello,,University Athletic Association Championships
University of Chicago,259,100 Fly,3,56.27,EMILY XU,,16th Annual Phoenix Fall Classic
University of Chicago,259,100 Fly,4,56.40,NouNou Chang,,University Athletic Association Championships
University of Chicago,259,100 Fly,5,57.11,Kaitlyn Liu,,16th Annual Phoenix Fall Classic
University of Chicago,259,100 Fly,6,57.29,Kylie Stuart,,16th Annual Phoenix Fall Classic
University of Chicago,259,100 Fly,7,57.66,Karina Hartounian,,University Athletic Association Championships
University of Chicago,259,100 Fly,8,58.37,Adrienne Tam,,University Athletic Association Championships
University of Chicago,259,100 Fly,9,58.58,Sophia Lee,,University Athletic Association Championships
University of Chicago,259,100 Fly,10,58.80,Alexandra Milisavljevic,,University of Chicago vs. Calvin
University of Chicago,259,100 Free,1,50.78,Sophia Xu,,University Athletic Association Championships
University of Chicago,259,100 Free,2,51.20,EMILY XU,,16th Annual Phoenix Fall Classic
University of Chicago,259,100 Free,3,51.47,Adelia Biello,,2026 Midwest Invitational
University of Chicago,259,100 Free,4,51.58,Genesee Quon,,16th Annual Phoenix Fall Classic
University of Chicago,259,100 Free,5,51.98,Sophia Lee,,University Athletic Association Championships
University of Chicago,259,100 Free,6,52.40,Naomi Ong,,University Athletic Association Championships
University of Chicago,259,100 Free,7,52.56,Estelle Vernhes,,2026 Midwest Invitational
University of Chicago,259,100 Free,8,52.69,Macie Campbell,,University Athletic Association Championships
University of Chicago,259,100 Free,9,52.87,NouNou Chang,,Hope vs. Chicago
University of Chicago,259,100 Free,10,52.91,Jessica Qi,,16th Annual Phoenix Fall Classic
University of Chicago,259,1000 Free,1,10:16.77,Alexandra Milisavljevic,,2026 Midwest Invitational
University of Chicago,259,1000 Free,2,10:34.96,Charlotte Eckert,,Hope vs. Chicago
University of Chicago,259,1000 Free,3,10:40.78,Emma Osborne,,2026 Midwest Invitational
University of Chicago,259,1000 Free,4,11:00.97,Lauren Richards,,16th Annual Phoenix Fall Classic
University of Chicago,259,1000 Free,5,11:03.98,Maggie Larson,,Hope vs. Chicago
University of Chicago,259,1650 Free,1,17:04.02,Alexandra Milisavljevic,,2026 Midwest Invitational
University of Chicago,259,1650 Free,2,17:41.92,Charlotte Eckert,,University Athletic Association Championships
University of Chicago,259,1650 Free,3,17:46.75,Emma Osborne,,2026 Midwest Invitational
University of Chicago,259,1650 Free,4,18:08.07,Lauren Richards,,16th Annual Phoenix Fall Classic
University of Chicago,259,1650 Free,5,18:17.17,Maggie Larson,,16th Annual Phoenix Fall Classic
University of Chicago,259,200 Back,1,2:03.96,Addie Diaz,,University Athletic Association Championships
University of Chicago,259,200 Back,2,2:04.85,Kylie Stuart,,16th Annual Phoenix Fall Classic
University of Chicago,259,200 Back,3,2:06.00,Naomi Ong,,16th Annual Phoenix Fall Classic
University of Chicago,259,200 Back,4,2:07.67,Kaitlyn Liu,,University Athletic Association Championships
University of Chicago,259,200 Back,5,2:10.03,Frankie Callahan,,University of Chicago vs Northwestern
University of Chicago,259,200 Back,6,2:10.12,Ella McEver,,D3 Shootout
University of Chicago,259,200 Back,7,2:17.55,Alexandra Milisavljevic,,"Chicago vs IIT, Wheaton"
University of Chicago,259,200 Breast,1,2:17.30,Alicia Soosai,,University Athletic Association Championships
University of Chicago,259,200 Breast,2,2:22.68,Ella McEver,,D3 Shootout
University of Chicago,259,200 Breast,3,2:36.33,Charlotte Eckert,,"Chicago vs IIT, Wheaton"
University of Chicago,259,200 Fly,1,2:04.91,Alexandra Milisavljevic,,University Athletic Association Championships
University of Chicago,259,200 Fly,2,2:08.28,Adelia Biello,,WashU vs Chicago
University of Chicago,259,200 Fly,3,2:08.33,Adrienne Tam,,University Athletic Association Championships
University of Chicago,259,200 Fly,4,2:09.37,Frankie Callahan,,16th Annual Phoenix Fall Classic
University of Chicago,259,200 Fly,5,2:09.48,Karina Hartounian,,University of Chicago vs. University of Illinois at Chicago
University of Chicago,259,200 Fly,6,2:10.02,NouNou Chang,,University of Chicago vs. Calvin
University of Chicago,259,200 Fly,7,2:12.62,EMILY XU,,D3 Shootout
University of Chicago,259,200 Fly,8,2:15.60,Kaitlyn Liu,,University of Chicago vs. Calvin
University of Chicago,259,200 Fly,9,2:25.50,Ella McEver,,University of Chicago vs. Calvin
University of Chicago,259,200 Free,1,1:50.51,Sophia Xu,,University Athletic Association Championships
University of Chicago,259,200 Free,2,1:51.88,Alexandra Milisavljevic,,University Athletic Association Championships
University of Chicago,259,200 Free,3,1:53.02,Adelia Biello,,D3 Shootout
University of Chicago,259,200 Free,4,1:53.06,Naomi Ong,,Hope vs. Chicago
University of Chicago,259,200 Free,5,1:53.06,Emma Osborne,,2026 Midwest Invitational
University of Chicago,259,200 Free,6,1:53.12,Macie Campbell,,University Athletic Association Championships
University of Chicago,259,200 Free,7,1:53.41,Addie Diaz,,University Athletic Association Championships
University of Chicago,259,200 Free,8,1:53.82,Sophia Lee,,16th Annual Phoenix Fall Classic
University of Chicago,259,200 Free,9,1:54.17,Estelle Vernhes,,University Athletic Association Championships
University of Chicago,259,200 Free,10,1:56.47,Jessica Qi,,University Athletic Association Championships
University of Chicago,259,200 Im,1,2:06.38,Naomi Ong,,University Athletic Association Championships
University of Chicago,259,200 Im,2,2:08.06,Sophia Xu,,2026 Midwest Invitational
University of Chicago,259,200 Im,3,2:08.10,Ella McEver,,University Athletic Association Championships
University of Chicago,259,200 Im,4,2:08.29,Kaitlyn Liu,,16th Annual Phoenix Fall Classic
University of Chicago,259,200 Im,5,2:08.38,Karina Hartounian,,University Athletic Association Championships
University of Chicago,259,200 Im,6,2:09.15,NouNou Chang,,16th Annual Phoenix Fall Classic
University of Chicago,259,200 Im,7,2:11.08,Alexandra Milisavljevic,,D3 Shootout
University of Chicago,259,200 Im,8,2:11.45,Alicia Soosai,,D3 Shootout
University of Chicago,259,200 Im,9,2:12.95,Charlotte Eckert,,University of Chicago vs Northwestern
University of Chicago,259,200 Im,10,2:13.18,Adrienne Tam,,16th Annual Phoenix Fall Classic
University of Chicago,259,400 Im,1,4:27.48,Alexandra Milisavljevic,,University Athletic Association Championships
University of Chicago,259,400 Im,2,4:27.98,Ella McEver,,D3 Shootout
University of Chicago,259,400 Im,3,4:32.09,Charlotte Eckert,,16th Annual Phoenix Fall Classic
University of Chicago,259,400 Im,4,4:35.87,Frankie Callahan,,16th Annual Phoenix Fall Classic
University of Chicago,259,50 Free,1,23.36,Sophia Xu,,University Athletic Association Championships
University of Chicago,259,50 Free,2,23.58,EMILY XU,,16th Annual Phoenix Fall Classic
University of Chicago,259,50 Free,3,23.66,Adelia Biello,,University Athletic Association Championships
University of Chicago,259,50 Free,4,23.87,Genesee Quon,,D3 Shootout
University of Chicago,259,50 Free,5,23.90,Sophia Lee,,16th Annual Phoenix Fall Classic
University of Chicago,259,50 Free,6,23.90,Estelle Vernhes,,University Athletic Association Championships
University of Chicago,259,50 Free,7,24.06,NouNou Chang,,University Athletic Association Championships
University of Chicago,259,50 Free,8,24.15,Addie Diaz,,16th Annual Phoenix Fall Classic
University of Chicago,259,50 Free,9,24.59,Macie Campbell,,University Athletic Association Championships
University of Chicago,259,50 Free,10,24.65,Alicia Soosai,,16th Annual Phoenix Fall Classic
University of Chicago,259,500 Free,1,4:56.74,Alexandra Milisavljevic,,16th Annual Phoenix Fall Classic
University of Chicago,259,500 Free,2,5:03.67,Emma Osborne,,University Athletic Association Championships
University of Chicago,259,500 Free,3,5:04.19,Charlotte Eckert,,University Athletic Association Championships
University of Chicago,259,500 Free,4,5:07.37,Frankie Callahan,,16th Annual Phoenix Fall Classic
University of Chicago,259,500 Free,5,5:10.63,Naomi Ong,,University of Chicago vs. Calvin
University of Chicago,259,500 Free,6,5:12.05,Adelia Biello,,D3 Shootout
University of Chicago,259,500 Free,7,5:17.49,Lauren Richards,,16th Annual Phoenix Fall Classic
University of Chicago,259,500 Free,8,5:18.43,Maggie Larson,,Hope vs. Chicago
University of Chicago,259,500 Free,9,5:20.38,Macie Campbell,,16th Annual Phoenix Fall Classic
University of Mary Washington,144,100 Back,1,57.71,Christina Korkos,,New Jersey Athletic Conference Championship
University of Mary Washington,144,100 Back,2,58.67,Maddie Timmons,,F&M Invitational
University of Mary Washington,144,100 Back,3,1:00.02,Ann Karr,,F&M Invitational
University of Mary Washington,144,100 Back,4,1:00.34,Audrey Sivak,,F&M Invitational
University of Mary Washington,144,100 Back,5,1:00.76,Sarah Green,,New Jersey Athletic Conference Championship
University of Mary Washington,144,100 Back,6,1:00.97,Nora McMullen,,New Jersey Athletic Conference Championship
University of Mary Washington,144,100 Back,7,1:01.05,Ainsley Graf,,F&M Invitational
University of Mary Washington,144,100 Back,8,1:01.71,Amber Candido,,F&M Invitational
University of Mary Washington,144,100 Back,9,1:01.83,Hannah Siraj,,New Jersey Athletic Conference Championship
University of Mary Washington,144,100 Back,10,1:02.38,Ashlyn Diederich,,F&M Invitational
University of Mary Washington,144,100 Breast,1,1:03.80,Soleil Clifford,,New Jersey Athletic Conference Championship
University of Mary Washington,144,100 Breast,2,1:10.86,Maddie Kryszon,,New Jersey Athletic Conference Championship
University of Mary Washington,144,100 Breast,3,1:11.01,Sam Torres,,Mary Washington & Frostburg
University of Mary Washington,144,100 Breast,4,1:11.26,Carleigh Dillman,,UMW Last Chance
University of Mary Washington,144,100 Breast,5,1:12.19,Bryar Laine,,F&M Invitational
University of Mary Washington,144,100 Breast,6,1:13.17,Alex Kerner,,F&M Invitational
University of Mary Washington,144,100 Breast,7,1:13.46,Abi Higgins,,New Jersey Athletic Conference Championship
University of Mary Washington,144,100 Breast,8,1:16.32,Ava Rice,,2026 Marymount vs Mary Washington
University of Mary Washington,144,100 Breast,9,1:16.58,Lauren McCann,,F&M Invitational
University of Mary Washington,144,100 Fly,1,56.90,Christina Korkos,,F&M Invitational
University of Mary Washington,144,100 Fly,2,58.86,Carleigh Dillman,,UMW Last Chance
University of Mary Washington,144,100 Fly,3,59.18,Spera Moy-Jacobs,,Mary Washington Vs. Randolph Macon
University of Mary Washington,144,100 Fly,4,59.51,Megan Fallin,,New Jersey Athletic Conference Championship
University of Mary Washington,144,100 Fly,5,1:00.39,Marina Klein,,New Jersey Athletic Conference Championship
University of Mary Washington,144,100 Fly,6,1:01.40,Maddie Timmons,,Mary Washington Vs. SMCM
University of Mary Washington,144,100 Fly,7,1:01.77,Nora McMullen,,UMW Last Chance
University of Mary Washington,144,100 Fly,8,1:02.13,Ainsley Graf,,New Jersey Athletic Conference Championship
University of Mary Washington,144,100 Fly,9,1:02.25,Audrey Sivak,,University of Lynchburg vs Univ of Mary Washington
University of Mary Washington,144,100 Fly,10,1:02.44,Sarah Green,,New Jersey Athletic Conference Championship
University of Mary Washington,144,100 Free,1,52.14,Spera Moy-Jacobs,,New Jersey Athletic Conference Championship
University of Mary Washington,144,100 Free,2,53.41,Ann Karr,,New Jersey Athletic Conference Championship
University of Mary Washington,144,100 Free,3,53.97,Sarah Brown,,New Jersey Athletic Conference Championship
University of Mary Washington,144,100 Free,4,54.30,Megan Fallin,,F&M Invitational
University of Mary Washington,144,100 Free,5,54.58,Maddie Timmons,,F&M Invitational
University of Mary Washington,144,100 Free,6,54.83,Ashlyn Diederich,,New Jersey Athletic Conference Championship
University of Mary Washington,144,100 Free,7,54.92,Abi Higgins,,F&M Invitational
University of Mary Washington,144,100 Free,8,55.60,Amber Candido,,New Jersey Athletic Conference Championship
University of Mary Washington,144,100 Free,9,55.88,Arianna Portella,,F&M Invitational
University of Mary Washington,144,100 Free,10,56.26,Alex Kerner,,New Jersey Athletic Conference Championship
University of Mary Washington,144,1000 Free,1,10:59.75,Maddie Kryszon,,F&M Invitational
University of Mary Washington,144,1000 Free,2,11:18.75,Marina Klein,,New Jersey Athletic Conference Championship
University of Mary Washington,144,1000 Free,3,11:23.30,Bryar Laine,,New Jersey Athletic Conference Championship
University of Mary Washington,144,1000 Free,4,11:24.68,Spera Moy-Jacobs,,Mary Washington vs. Catholic
University of Mary Washington,144,1000 Free,5,11:27.79,Carleigh Dillman,,Franklin and Marshall vs Mary Washington
University of Mary Washington,144,1000 Free,6,11:33.57,Nora McMullen,,Mary Washington & Frostburg
University of Mary Washington,144,1000 Free,7,11:44.55,Ava Rice,,Washington & Lee vs. Mary Washington
University of Mary Washington,144,1000 Free,8,11:50.51,Ann Karr,,Washington & Lee vs. Mary Washington
University of Mary Washington,144,1000 Free,9,11:56.39,Ainsley Graf,,Mary Washington vs. Catholic
University of Mary Washington,144,1000 Free,10,11:57.53,Sarah Brown,,Mary Washington Vs. Randolph Macon
University of Mary Washington,144,1650 Free,1,18:11.61,Maddie Kryszon,,F&M Invitational
University of Mary Washington,144,1650 Free,2,18:52.28,Marina Klein,,New Jersey Athletic Conference Championship
University of Mary Washington,144,1650 Free,3,19:01.11,Bryar Laine,,New Jersey Athletic Conference Championship
University of Mary Washington,144,200 Back,1,2:06.12,Nora McMullen,,New Jersey Athletic Conference Championship
University of Mary Washington,144,200 Back,2,2:09.32,Audrey Sivak,,New Jersey Athletic Conference Championship
University of Mary Washington,144,200 Back,3,2:09.88,Christina Korkos,,New Jersey Athletic Conference Championship
University of Mary Washington,144,200 Back,4,2:11.43,Amber Candido,,F&M Invitational
University of Mary Washington,144,200 Back,5,2:12.82,Ainsley Graf,,New Jersey Athletic Conference Championship
University of Mary Washington,144,200 Back,6,2:16.15,Hannah Siraj,,New Jersey Athletic Conference Championship
University of Mary Washington,144,200 Back,7,2:16.67,Carleigh Dillman,,2026 Marymount vs Mary Washington
University of Mary Washington,144,200 Back,8,2:17.40,Sarah Green,,University of Lynchburg vs Univ of Mary Washington
University of Mary Washington,144,200 Back,9,2:22.42,Maddie Timmons,,2026 Marymount vs Mary Washington
University of Mary Washington,144,200 Back,10,2:24.49,Ashlyn Diederich,,University of Lynchburg vs Univ of Mary Washington
University of Mary Washington,144,200 Breast,1,2:25.28,Soleil Clifford,,F&M Invitational
University of Mary Washington,144,200 Breast,2,2:31.45,Carleigh Dillman,,F&M Invitational
University of Mary Washington,144,200 Breast,3,2:35.93,Maddie Kryszon,,F&M Invitational
University of Mary Washington,144,200 Breast,4,2:37.65,Bryar Laine,,F&M Invitational
University of Mary Washington,144,200 Breast,5,2:43.32,Sam Torres,,F&M Invitational
University of Mary Washington,144,200 Breast,6,2:46.28,Nora McMullen,,Mary Washington & Frostburg
University of Mary Washington,144,200 Breast,7,2:47.93,Ava Rice,,2026 Marymount vs Mary Washington
University of Mary Washington,144,200 Breast,8,2:49.95,Lauren McCann,,F&M Invitational
University of Mary Washington,144,200 Breast,9,2:50.78,Ainsley Graf,,University of Lynchburg vs Univ of Mary Washington
University of Mary Washington,144,200 Breast,10,2:51.20,Alex Kerner,,Mary Washington & Frostburg
University of Mary Washington,144,200 Fly,1,2:13.59,Carleigh Dillman,,New Jersey Athletic Conference Championship
University of Mary Washington,144,200 Fly,2,2:13.76,Marina Klein,,New Jersey Athletic Conference Championship
University of Mary Washington,144,200 Fly,3,2:15.03,Christina Korkos,,F&M Invitational
University of Mary Washington,144,200 Fly,4,2:20.94,Audrey Sivak,,University of Lynchburg vs Univ of Mary Washington
University of Mary Washington,144,200 Fly,5,2:23.83,Hannah Siraj,,F&M Invitational
University of Mary Washington,144,200 Fly,6,2:23.88,Nora McMullen,,Washington & Lee vs. Mary Washington
University of Mary Washington,144,200 Fly,7,2:24.15,Sarah Brown,,Franklin and Marshall vs Mary Washington
University of Mary Washington,144,200 Fly,8,2:24.61,Ainsley Graf,,F&M Invitational
University of Mary Washington,144,200 Fly,9,2:29.89,Sarah Green,,2026 Marymount vs Mary Washington
University of Mary Washington,144,200 Fly,10,2:33.71,Ava Rice,,Franklin and Marshall vs Mary Washington
University of Mary Washington,144,200 Free,1,1:53.70,Spera Moy-Jacobs,,New Jersey Athletic Conference Championship
University of Mary Washington,144,200 Free,2,1:57.84,Ann Karr,,New Jersey Athletic Conference Championship
University of Mary Washington,144,200 Free,3,1:57.98,Sarah Brown,,New Jersey Athletic Conference Championship
University of Mary Washington,144,200 Free,4,2:02.19,Maddie Timmons,,F&M Invitational
University of Mary Washington,144,200 Free,5,2:02.26,Abi Higgins,,New Jersey Athletic Conference Championship
University of Mary Washington,144,200 Free,6,2:02.42,Ava Rice,,F&M Invitational
University of Mary Washington,144,200 Free,7,2:02.43,Marina Klein,,Mary Washington Vs. Randolph Macon
University of Mary Washington,144,200 Free,8,2:03.17,Arianna Portella,,New Jersey Athletic Conference Championship
University of Mary Washington,144,200 Free,9,2:03.84,Maddie Kryszon,,Washington & Lee vs. Mary Washington
University of Mary Washington,144,200 Free,10,2:04.56,Amber Candido,,F&M Invitational
University of Mary Washington,144,200 Im,1,2:11.70,Carleigh Dillman,,New Jersey Athletic Conference Championship
University of Mary Washington,144,200 Im,2,2:15.56,Spera Moy-Jacobs,,Mary Washington Vs. Randolph Macon
University of Mary Washington,144,200 Im,3,2:16.03,Audrey Sivak,,F&M Invitational
University of Mary Washington,144,200 Im,4,2:16.73,Nora McMullen,,F&M Invitational
University of Mary Washington,144,200 Im,5,2:18.71,Amber Candido,,F&M Invitational
University of Mary Washington,144,200 Im,6,2:19.53,Bryar Laine,,New Jersey Athletic Conference Championship
University of Mary Washington,144,200 Im,7,2:19.92,Soleil Clifford,,University of Lynchburg vs Univ of Mary Washington
University of Mary Washington,144,200 Im,8,2:21.00,Ainsley Graf,,Mary Washington Vs. Randolph Macon
University of Mary Washington,144,200 Im,9,2:21.22,Hannah Siraj,,F&M Invitational
University of Mary Washington,144,200 Im,10,2:26.63,Lauren McCann,,F&M Invitational
University of Mary Washington,144,400 Im,1,4:38.46,Carleigh Dillman,,New Jersey Athletic Conference Championship
University of Mary Washington,144,400 Im,2,4:43.96,Nora McMullen,,New Jersey Athletic Conference Championship
University of Mary Washington,144,400 Im,3,4:49.19,Audrey Sivak,,F&M Invitational
University of Mary Washington,144,400 Im,4,4:49.97,Maddie Kryszon,,Mary Washington Vs. SMCM
University of Mary Washington,144,400 Im,5,4:50.53,Amber Candido,,F&M Invitational
University of Mary Washington,144,400 Im,6,4:56.46,Bryar Laine,,New Jersey Athletic Conference Championship
University of Mary Washington,144,400 Im,7,4:59.93,Hannah Siraj,,F&M Invitational
University of Mary Washington,144,50 Free,1,24.00,Soleil Clifford,,New Jersey Athletic Conference Championship
University of Mary Washington,144,50 Free,2,24.02,Spera Moy-Jacobs,,New Jersey Athletic Conference Championship
University of Mary Washington,144,50 Free,3,24.49,Abi Higgins,,New Jersey Athletic Conference Championship
University of Mary Washington,144,50 Free,4,24.54,Sarah Green,,New Jersey Athletic Conference Championship
University of Mary Washington,144,50 Free,5,24.76,Maddie Timmons,,New Jersey Athletic Conference Championship
University of Mary Washington,144,50 Free,6,24.77,Megan Fallin,,F&M Invitational
University of Mary Washington,144,50 Free,7,25.07,Ann Karr,,F&M Invitational
University of Mary Washington,144,50 Free,8,25.16,Christina Korkos,,F&M Invitational
University of Mary Washington,144,50 Free,9,25.30,Alex Kerner,,F&M Invitational
University of Mary Washington,144,50 Free,10,25.42,Arianna Portella,,New Jersey Athletic Conference Championship
University of Mary Washington,144,500 Free,1,5:16.44,Maddie Kryszon,,F&M Invitational
University of Mary Washington,144,500 Free,2,5:20.26,Sarah Brown,,New Jersey Athletic Conference Championship
University of Mary Washington,144,500 Free,3,5:21.43,Ann Karr,,F&M Invitational
University of Mary Washington,144,500 Free,4,5:26.32,Ava Rice,,F&M Invitational
University of Mary Washington,144,500 Free,5,5:27.80,Marina Klein,,F&M Invitational
University of Mary Washington,144,500 Free,6,5:28.07,Spera Moy-Jacobs,,Mary Washington Vs. Randolph Macon
University of Mary Washington,144,500 Free,7,5:29.38,Ashlyn Diederich,,F&M Invitational
University of Mary Washington,144,500 Free,8,5:49.08,Arianna Portella,,2026 Marymount vs Mary Washington
University of Mary Washington,144,500 Free,9,5:53.75,Bryar Laine,,Mary Washington Vs. Randolph Macon
University of Mary Washington,144,500 Free,10,5:54.38,Megan Fallin,,Mary Washington Vs. Randolph Macon
University of Wisconsin-Eau Claire,367,100 Back,1,57.82,Erika Schroeder,,Wisconsin Intercollegiate Athletic Conference Championship
University of Wisconsin-Eau Claire,367,100 Back,2,59.96,Annie Hippen,,Wisconsin Intercollegiate Athletic Conference Championship
University of Wisconsin-Eau Claire,367,100 Back,3,1:00.08,Faith Oswald,,Minnesota First Chance Meet
University of Wisconsin-Eau Claire,367,100 Back,4,1:00.23,Anwen Smith,,Rochester Invitational
University of Wisconsin-Eau Claire,367,100 Back,5,1:00.30,Jayne Satre,,Rochester Invitational
University of Wisconsin-Eau Claire,367,100 Back,6,1:00.53,Abby Voelker,,Wisconsin Intercollegiate Athletic Conference Championship
University of Wisconsin-Eau Claire,367,100 Back,7,1:00.82,Danika Zablocki,,Rochester Invitational
University of Wisconsin-Eau Claire,367,100 Back,8,1:00.84,Jocelyn Trzebiatowski,,Minnesota First Chance Meet
University of Wisconsin-Eau Claire,367,100 Back,9,1:01.59,Julia Behnke,,Rochester Invitational
University of Wisconsin-Eau Claire,367,100 Back,10,1:01.59,Maddie Grahn,,Rochester Invitational
University of Wisconsin-Eau Claire,367,100 Breast,1,1:05.34,Amber Winter,,Wisconsin Intercollegiate Athletic Conference Championship
University of Wisconsin-Eau Claire,367,100 Breast,2,1:09.72,Melanie Witikko,,Wisconsin Intercollegiate Athletic Conference Championship
University of Wisconsin-Eau Claire,367,100 Breast,3,1:10.17,Grace Kaczmarek,,Wisconsin Intercollegiate Athletic Conference Championship
University of Wisconsin-Eau Claire,367,100 Breast,4,1:10.20,Cora Borroughs,,Minnesota First Chance Meet
University of Wisconsin-Eau Claire,367,100 Breast,5,1:10.87,Abby Ellingsberg,,Minnesota First Chance Meet
University of Wisconsin-Eau Claire,367,100 Breast,6,1:10.90,Mehal Raghwani,,Rochester Invitational
University of Wisconsin-Eau Claire,367,100 Breast,7,1:12.29,Kyleigh Klukas Safranski,,Minnesota First Chance Meet
University of Wisconsin-Eau Claire,367,100 Breast,8,1:17.01,Brynn Jondle,,UW-Lacrosse vs. UW-Eau Claire
University of Wisconsin-Eau Claire,367,100 Fly,1,56.64,Anwen Smith,,Wisconsin Intercollegiate Athletic Conference Championship
University of Wisconsin-Eau Claire,367,100 Fly,2,57.17,Elaina Plonis,,Rochester Invitational
University of Wisconsin-Eau Claire,367,100 Fly,3,58.03,Abby Voelker,,Wisconsin Intercollegiate Athletic Conference Championship
University of Wisconsin-Eau Claire,367,100 Fly,4,58.47,Faith Oswald,,Minnesota First Chance Meet
University of Wisconsin-Eau Claire,367,100 Fly,5,58.94,Melanie Witikko,,Wisconsin Intercollegiate Athletic Conference Championship
University of Wisconsin-Eau Claire,367,100 Fly,6,59.31,Madeleine Hammond,,Wisconsin Intercollegiate Athletic Conference Championship
University of Wisconsin-Eau Claire,367,100 Fly,7,1:00.29,Mehal Raghwani,,Rochester Invitational
University of Wisconsin-Eau Claire,367,100 Fly,8,1:02.44,Annie Hippen,,Rochester Invitational
University of Wisconsin-Eau Claire,367,100 Fly,9,1:03.27,Grace Mullikin,,Minnesota First Chance Meet
University of Wisconsin-Eau Claire,367,100 Fly,10,1:03.74,Emma Vogen,,D3 Shootout
University of Wisconsin-Eau Claire,367,100 Free,1,51.67,Anwen Smith,,Wisconsin Intercollegiate Athletic Conference Championship
University of Wisconsin-Eau Claire,367,100 Free,2,52.59,Grace Schnabl,,Wisconsin Intercollegiate Athletic Conference Championship
University of Wisconsin-Eau Claire,367,100 Free,3,54.01,Faith Oswald,,Minnesota First Chance Meet
University of Wisconsin-Eau Claire,367,100 Free,4,54.73,Mehal Raghwani,,Rochester Invitational
University of Wisconsin-Eau Claire,367,100 Free,5,54.94,Danika Zablocki,,Rochester Invitational
University of Wisconsin-Eau Claire,367,100 Free,6,54.96,Jocelyn Trzebiatowski,,Minnesota First Chance Meet
University of Wisconsin-Eau Claire,367,100 Free,7,54.99,Cora Borroughs,,Minnesota First Chance Meet
University of Wisconsin-Eau Claire,367,100 Free,8,55.17,Madeleine Hammond,,Rochester Invitational
University of Wisconsin-Eau Claire,367,100 Free,9,55.54,Maddie Grahn,,Wisconsin Intercollegiate Athletic Conference Championship
University of Wisconsin-Eau Claire,367,100 Free,10,55.75,Jayne Satre,,Rochester Invitational
University of Wisconsin-Eau Claire,367,1000 Free,1,10:30.37,Molly Hosack,,Wisconsin Intercollegiate Athletic Conference Championship
University of Wisconsin-Eau Claire,367,1000 Free,2,10:45.45,Emma Vogen,,Wisconsin Intercollegiate Athletic Conference Championship
University of Wisconsin-Eau Claire,367,1000 Free,3,10:45.92,Amanda Hyland,,Wisconsin Intercollegiate Athletic Conference Championship
University of Wisconsin-Eau Claire,367,1000 Free,4,11:26.47,Julia Behnke,,Wisconsin Intercollegiate Athletic Conference Championship
University of Wisconsin-Eau Claire,367,1000 Free,5,11:29.96,Jordan Lindeen,,Rochester Invitational
University of Wisconsin-Eau Claire,367,1000 Free,6,11:37.28,Jayne Satre,,UWEC vs. UWW
University of Wisconsin-Eau Claire,367,1000 Free,7,11:38.97,Bella Wulterkens,,Minnesota First Chance Meet
University of Wisconsin-Eau Claire,367,1000 Free,8,12:02.52,Reagan Jimenez,,Saint Cloud vs. UW-Eau Claire
University of Wisconsin-Eau Claire,367,1650 Free,1,17:20.68,Molly Hosack,,Wisconsin Intercollegiate Athletic Conference Championship
University of Wisconsin-Eau Claire,367,1650 Free,2,17:45.63,Emma Vogen,,Wisconsin Intercollegiate Athletic Conference Championship
University of Wisconsin-Eau Claire,367,1650 Free,3,17:51.34,Amanda Hyland,,Wisconsin Intercollegiate Athletic Conference Championship
University of Wisconsin-Eau Claire,367,1650 Free,4,18:55.99,Julia Behnke,,Wisconsin Intercollegiate Athletic Conference Championship
University of Wisconsin-Eau Claire,367,1650 Free,5,19:01.27,Jordan Lindeen,,Rochester Invitational
University of Wisconsin-Eau Claire,367,1650 Free,6,19:20.31,Bella Wulterkens,,Minnesota First Chance Meet
University of Wisconsin-Eau Claire,367,200 Back,1,2:04.14,Erika Schroeder,,Wisconsin Intercollegiate Athletic Conference Championship
University of Wisconsin-Eau Claire,367,200 Back,2,2:06.21,Jayne Satre,,Wisconsin Intercollegiate Athletic Conference Championship
University of Wisconsin-Eau Claire,367,200 Back,3,2:08.64,Annie Hippen,,Wisconsin Intercollegiate Athletic Conference Championship
University of Wisconsin-Eau Claire,367,200 Back,4,2:11.11,Julia Behnke,,Wisconsin Intercollegiate Athletic Conference Championship
University of Wisconsin-Eau Claire,367,200 Back,5,2:13.20,Danika Zablocki,,Wisconsin Intercollegiate Athletic Conference Championship
University of Wisconsin-Eau Claire,367,200 Back,6,2:13.46,Bella Wulterkens,,Minnesota First Chance Meet
University of Wisconsin-Eau Claire,367,200 Back,7,2:14.27,Molly Hosack,,D3 Shootout
University of Wisconsin-Eau Claire,367,200 Back,8,2:15.60,Maddie Grahn,,Rochester Invitational
University of Wisconsin-Eau Claire,367,200 Back,9,2:15.94,Faith Oswald,,Rochester Invitational
University of Wisconsin-Eau Claire,367,200 Back,10,2:18.93,Jocelyn Trzebiatowski,,Rochester Invitational
University of Wisconsin-Eau Claire,367,200 Breast,1,2:26.94,Amber Winter,,Wisconsin Intercollegiate Athletic Conference Championship
University of Wisconsin-Eau Claire,367,200 Breast,2,2:30.52,Grace Kaczmarek,,Wisconsin Intercollegiate Athletic Conference Championship
University of Wisconsin-Eau Claire,367,200 Breast,3,2:35.09,Abby Ellingsberg,,Minnesota First Chance Meet
University of Wisconsin-Eau Claire,367,200 Breast,4,2:35.39,Kyleigh Klukas Safranski,,Minnesota First Chance Meet
University of Wisconsin-Eau Claire,367,200 Breast,5,2:35.51,Melanie Witikko,,D3 Shootout
University of Wisconsin-Eau Claire,367,200 Breast,6,2:37.27,Cora Borroughs,,Rochester Invitational
University of Wisconsin-Eau Claire,367,200 Breast,7,2:38.90,Brynn Jondle,,Rochester Invitational
University of Wisconsin-Eau Claire,367,200 Breast,8,2:39.58,Mehal Raghwani,,UWEC vs. UWW
University of Wisconsin-Eau Claire,367,200 Breast,9,2:48.00,Reagan Jimenez,,UWEC vs. UWW
University of Wisconsin-Eau Claire,367,200 Fly,1,2:05.57,Elaina Plonis,,D3 Shootout
University of Wisconsin-Eau Claire,367,200 Fly,2,2:11.87,Abby Voelker,,Wisconsin Intercollegiate Athletic Conference Championship
University of Wisconsin-Eau Claire,367,200 Fly,3,2:13.49,Emma Vogen,,D3 Shootout
University of Wisconsin-Eau Claire,367,200 Fly,4,2:14.04,Melanie Witikko,,Wisconsin Intercollegiate Athletic Conference Championship
University of Wisconsin-Eau Claire,367,200 Fly,5,2:15.12,Reagan Jimenez,,Wisconsin Intercollegiate Athletic Conference Championship
University of Wisconsin-Eau Claire,367,200 Fly,6,2:20.08,Jordan Lindeen,,Minnesota First Chance Meet
University of Wisconsin-Eau Claire,367,200 Fly,7,2:20.52,Grace Mullikin,,Minnesota First Chance Meet
University of Wisconsin-Eau Claire,367,200 Fly,8,2:28.14,Danika Zablocki,,UWEC vs. UWW
University of Wisconsin-Eau Claire,367,200 Free,1,1:53.57,Molly Hosack,,Wisconsin Intercollegiate Athletic Conference Championship
University of Wisconsin-Eau Claire,367,200 Free,2,1:56.28,Grace Schnabl,,Wisconsin Intercollegiate Athletic Conference Championship
University of Wisconsin-Eau Claire,367,200 Free,3,1:56.76,Jayne Satre,,Wisconsin Intercollegiate Athletic Conference Championship
University of Wisconsin-Eau Claire,367,200 Free,4,1:58.75,Elaina Plonis,,Rochester Invitational
University of Wisconsin-Eau Claire,367,200 Free,5,2:00.66,Anwen Smith,,Saint Norbert vs. UW-Eau Claire
University of Wisconsin-Eau Claire,367,200 Free,6,2:00.86,Julia Behnke,,Wisconsin Intercollegiate Athletic Conference Championship
University of Wisconsin-Eau Claire,367,200 Free,7,2:01.70,Maddie Grahn,,Wisconsin Intercollegiate Athletic Conference Championship
University of Wisconsin-Eau Claire,367,200 Free,8,2:02.01,Cora Borroughs,,Minnesota First Chance Meet
University of Wisconsin-Eau Claire,367,200 Free,9,2:03.54,Erika Schroeder,,UWEC vs. UWW
University of Wisconsin-Eau Claire,367,200 Free,10,2:04.51,Emma Vogen,,UW-Lacrosse vs. UW-Eau Claire
University of Wisconsin-Eau Claire,367,200 Im,1,2:10.92,Amber Winter,,Wisconsin Intercollegiate Athletic Conference Championship
University of Wisconsin-Eau Claire,367,200 Im,2,2:13.47,Annie Hippen,,Wisconsin Intercollegiate Athletic Conference Championship
University of Wisconsin-Eau Claire,367,200 Im,3,2:13.57,Mehal Raghwani,,Rochester Invitational
University of Wisconsin-Eau Claire,367,200 Im,4,2:14.46,Danika Zablocki,,Wisconsin Intercollegiate Athletic Conference Championship
University of Wisconsin-Eau Claire,367,200 Im,5,2:15.33,Reagan Jimenez,,Wisconsin Intercollegiate Athletic Conference Championship
University of Wisconsin-Eau Claire,367,200 Im,6,2:16.10,Melanie Witikko,,Rochester Invitational
University of Wisconsin-Eau Claire,367,200 Im,7,2:17.17,Brynn Jondle,,Minnesota First Chance Meet
University of Wisconsin-Eau Claire,367,200 Im,8,2:18.34,Bella Wulterkens,,Minnesota First Chance Meet
University of Wisconsin-Eau Claire,367,200 Im,9,2:19.34,Grace Kaczmarek,,Wisconsin Intercollegiate Athletic Conference Championship
University of Wisconsin-Eau Claire,367,200 Im,10,2:21.09,Emma Vogen,,UWEC vs. UWW
University of Wisconsin-Eau Claire,367,400 Im,1,4:33.97,Emma Vogen,,Wisconsin Intercollegiate Athletic Conference Championship
University of Wisconsin-Eau Claire,367,400 Im,2,4:45.88,Elaina Plonis,,Rochester Invitational
University of Wisconsin-Eau Claire,367,400 Im,3,4:46.11,Amanda Hyland,,Wisconsin Intercollegiate Athletic Conference Championship
University of Wisconsin-Eau Claire,367,400 Im,4,4:47.98,Reagan Jimenez,,Wisconsin Intercollegiate Athletic Conference Championship
University of Wisconsin-Eau Claire,367,400 Im,5,4:53.12,Brynn Jondle,,Minnesota First Chance Meet
University of Wisconsin-Eau Claire,367,50 Free,1,23.81,Anwen Smith,,Wisconsin Intercollegiate Athletic Conference Championship
University of Wisconsin-Eau Claire,367,50 Free,2,24.08,Grace Schnabl,,Wisconsin Intercollegiate Athletic Conference Championship
University of Wisconsin-Eau Claire,367,50 Free,3,24.20,Erika Schroeder,,Wisconsin Intercollegiate Athletic Conference Championship
University of Wisconsin-Eau Claire,367,50 Free,4,24.30,Faith Oswald,,Minnesota First Chance Meet
University of Wisconsin-Eau Claire,367,50 Free,5,24.51,Madeleine Hammond,,Wisconsin Intercollegiate Athletic Conference Championship
University of Wisconsin-Eau Claire,367,50 Free,6,24.64,Cora Borroughs,,Rochester Invitational
University of Wisconsin-Eau Claire,367,50 Free,7,24.80,Maddie Grahn,,Rochester Invitational
University of Wisconsin-Eau Claire,367,50 Free,8,24.92,Amber Winter,,Rochester Invitational
University of Wisconsin-Eau Claire,367,50 Free,9,25.18,Jocelyn Trzebiatowski,,Minnesota First Chance Meet
University of Wisconsin-Eau Claire,367,50 Free,10,25.65,Jayne Satre,,Rochester Invitational
University of Wisconsin-Eau Claire,367,500 Free,1,5:00.60,Molly Hosack,,Wisconsin Intercollegiate Athletic Conference Championship
University of Wisconsin-Eau Claire,367,500 Free,2,5:06.55,Emma Vogen,,Wisconsin Intercollegiate Athletic Conference Championship
University of Wisconsin-Eau Claire,367,500 Free,3,5:10.19,Jayne Satre,,Wisconsin Intercollegiate Athletic Conference Championship
University of Wisconsin-Eau Claire,367,500 Free,4,5:12.27,Elaina Plonis,,Wisconsin Intercollegiate Athletic Conference Championship
University of Wisconsin-Eau Claire,367,500 Free,5,5:15.37,Amanda Hyland,,Rochester Invitational
University of Wisconsin-Eau Claire,367,500 Free,6,5:29.43,Julia Behnke,,Rochester Invitational
University of Wisconsin-Eau Claire,367,500 Free,7,5:29.77,Bella Wulterkens,,Minnesota First Chance Meet
University of Wisconsin-Eau Claire,367,500 Free,8,5:30.11,Grace Schnabl,,UW-Eau Claire vs. UW-Oshkosh
University of Wisconsin-Eau Claire,367,500 Free,9,5:36.22,Jordan Lindeen,,Rochester Invitational
University of Wisconsin-LaCrosse,113,100 Back,1,56.90,Zoey Rank,,Wisconsin Intercollegiate Athletic Conference Championship
University of Wisconsin-LaCrosse,113,100 Back,2,59.10,Sofia Badillo,,Wisconsin Intercollegiate Athletic Conference Championship
University of Wisconsin-LaCrosse,113,100 Back,3,59.17,Kayla Knaffla,,Wisconsin Intercollegiate Athletic Conference Championship
University of Wisconsin-LaCrosse,113,100 Back,4,59.65,Libby Cleveland,,Wisconsin Intercollegiate Athletic Conference Championship
University of Wisconsin-LaCrosse,113,100 Back,5,59.88,Shefali Ramakrishnan,,Wisconsin Intercollegiate Athletic Conference Championship
University of Wisconsin-LaCrosse,113,100 Back,6,1:00.37,Paige Rundahl,,Rochester Invitational
University of Wisconsin-LaCrosse,113,100 Back,7,1:00.75,Ali Benson,,Rochester Invitational
University of Wisconsin-LaCrosse,113,100 Back,8,1:00.81,Avary Calonder,,Minnesota First Chance Meet
University of Wisconsin-LaCrosse,113,100 Back,9,1:00.88,Jonalee Feller,,Rochester Invitational
University of Wisconsin-LaCrosse,113,100 Back,10,1:01.23,Liz Warns,,Rochester Invitational
University of Wisconsin-LaCrosse,113,100 Breast,1,1:06.66,Zoey Rank,,Rochester Invitational
University of Wisconsin-LaCrosse,113,100 Breast,2,1:06.93,Emily Hauke,,Wisconsin Intercollegiate Athletic Conference Championship
University of Wisconsin-LaCrosse,113,100 Breast,3,1:07.46,Makenzie Wallace,,Wisconsin Intercollegiate Athletic Conference Championship
University of Wisconsin-LaCrosse,113,100 Breast,4,1:08.17,Hannah Wadholm,,Wisconsin Intercollegiate Athletic Conference Championship
University of Wisconsin-LaCrosse,113,100 Breast,5,1:08.21,Ella Stadler,,Wisconsin Intercollegiate Athletic Conference Championship
University of Wisconsin-LaCrosse,113,100 Breast,6,1:08.69,Aly Wallander,,Wisconsin Intercollegiate Athletic Conference Championship
University of Wisconsin-LaCrosse,113,100 Breast,7,1:09.76,Brooke Laube,,Minnesota First Chance Meet
University of Wisconsin-LaCrosse,113,100 Breast,8,1:10.03,Lily Rosenau,,Rochester Invitational
University of Wisconsin-LaCrosse,113,100 Breast,9,1:11.30,Lauren Zarecki,,Minnesota First Chance Meet
University of Wisconsin-LaCrosse,113,100 Breast,10,1:13.20,Libby Cleveland,,UWSP Point Invite
University of Wisconsin-LaCrosse,113,100 Fly,1,58.18,Ava Pulvermacher,,Minnesota First Chance Meet
University of Wisconsin-LaCrosse,113,100 Fly,2,58.20,Shefali Ramakrishnan,,Wisconsin Intercollegiate Athletic Conference Championship
University of Wisconsin-LaCrosse,113,100 Fly,3,59.54,Greta Wiskus,,Wisconsin Intercollegiate Athletic Conference Championship
University of Wisconsin-LaCrosse,113,100 Fly,4,59.91,Abby Gierke,,Rochester Invitational
University of Wisconsin-LaCrosse,113,100 Fly,5,1:00.37,Sofia Badillo,,Wisconsin Intercollegiate Athletic Conference Championship
University of Wisconsin-LaCrosse,113,100 Fly,6,1:01.18,McKenna Biegler,,Minnesota First Chance Meet
University of Wisconsin-LaCrosse,113,100 Fly,7,1:01.47,Zoey Rank,,UW-L vs. CSB.SJU
University of Wisconsin-LaCrosse,113,100 Fly,8,1:01.89,Paige Rundahl,,Minnesota First Chance Meet
University of Wisconsin-LaCrosse,113,100 Fly,9,1:02.13,Grace Radke,,Minnesota First Chance Meet
University of Wisconsin-LaCrosse,113,100 Fly,10,1:02.30,Liz Warns,,Rochester Invitational
University of Wisconsin-LaCrosse,113,100 Free,1,52.36,Greta Wiskus,,Wisconsin Intercollegiate Athletic Conference Championship
University of Wisconsin-LaCrosse,113,100 Free,2,52.78,Ava Pulvermacher,,Wisconsin Intercollegiate Athletic Conference Championship
University of Wisconsin-LaCrosse,113,100 Free,3,53.03,Libby Cleveland,,Wisconsin Intercollegiate Athletic Conference Championship
University of Wisconsin-LaCrosse,113,100 Free,4,54.33,Hannah Wadholm,,Wisconsin Intercollegiate Athletic Conference Championship
University of Wisconsin-LaCrosse,113,100 Free,5,54.34,Ellie Brown,,Wisconsin Intercollegiate Athletic Conference Championship
University of Wisconsin-LaCrosse,113,100 Free,6,54.72,Shefali Ramakrishnan,,Minnesota First Chance Meet
University of Wisconsin-LaCrosse,113,100 Free,7,55.15,Zoey Rank,,UW Stevens Point vs. UW Lacrosse
University of Wisconsin-LaCrosse,113,100 Free,8,55.26,Elizabeth Barton,,UWSP Point Invite
University of Wisconsin-LaCrosse,113,100 Free,9,55.31,Paige Rundahl,,UWSP Point Invite
University of Wisconsin-LaCrosse,113,100 Free,10,55.40,Ella Stadler,,Minnesota First Chance Meet
University of Wisconsin-LaCrosse,113,1000 Free,1,10:57.99,McKenna Biegler,,Wisconsin Intercollegiate Athletic Conference Championship
University of Wisconsin-LaCrosse,113,1000 Free,2,11:07.04,Ava Newman,,Wisconsin Intercollegiate Athletic Conference Championship
University of Wisconsin-LaCrosse,113,1000 Free,3,11:17.27,Megann Jobin,,Minnesota First Chance Meet
University of Wisconsin-LaCrosse,113,1000 Free,4,11:30.28,Kyra Bogenschuetz,,UW-Lacrosse vs. UW-Eau Claire
University of Wisconsin-LaCrosse,113,1000 Free,5,11:50.12,Sofia Alf,,Rochester Invitational
University of Wisconsin-LaCrosse,113,1000 Free,6,12:01.71,Grace Radke,,Minnesota First Chance Meet
University of Wisconsin-LaCrosse,113,1000 Free,7,12:12.51,Ella Eck,,Rochester Invitational
University of Wisconsin-LaCrosse,113,1000 Free,8,12:29.87,Lauren Zarecki,,UWSP Point Invite
University of Wisconsin-LaCrosse,113,1650 Free,1,18:19.51,McKenna Biegler,,Wisconsin Intercollegiate Athletic Conference Championship
University of Wisconsin-LaCrosse,113,1650 Free,2,18:23.86,Ava Newman,,Wisconsin Intercollegiate Athletic Conference Championship
University of Wisconsin-LaCrosse,113,1650 Free,3,18:34.56,Megann Jobin,,Minnesota First Chance Meet
University of Wisconsin-LaCrosse,113,1650 Free,4,19:11.73,Kyra Bogenschuetz,,Minnesota First Chance Meet
University of Wisconsin-LaCrosse,113,1650 Free,5,19:35.22,Sofia Alf,,Rochester Invitational
University of Wisconsin-LaCrosse,113,1650 Free,6,20:01.09,Grace Radke,,Minnesota First Chance Meet
University of Wisconsin-LaCrosse,113,1650 Free,7,20:13.60,Ella Eck,,Rochester Invitational
University of Wisconsin-LaCrosse,113,1650 Free,8,20:43.79,Lauren Zarecki,,UWSP Point Invite
University of Wisconsin-LaCrosse,113,200 Back,1,2:06.27,Paige Rundahl,,Wisconsin Intercollegiate Athletic Conference Championship
University of Wisconsin-LaCrosse,113,200 Back,2,2:07.90,Ava Newman,,Wisconsin Intercollegiate Athletic Conference Championship
University of Wisconsin-LaCrosse,113,200 Back,3,2:09.06,Kayla Knaffla,,Wisconsin Intercollegiate Athletic Conference Championship
University of Wisconsin-LaCrosse,113,200 Back,4,2:10.95,Sofia Badillo,,Wisconsin Intercollegiate Athletic Conference Championship
University of Wisconsin-LaCrosse,113,200 Back,5,2:11.71,Ali Benson,,Wisconsin Intercollegiate Athletic Conference Championship
University of Wisconsin-LaCrosse,113,200 Back,6,2:12.82,Jonalee Feller,,Rochester Invitational
University of Wisconsin-LaCrosse,113,200 Back,7,2:13.42,Zoey Rank,,Rochester Invitational
University of Wisconsin-LaCrosse,113,200 Back,8,2:14.99,Ava Pulvermacher,,UW Oshkosh vs UW LaCrosse
University of Wisconsin-LaCrosse,113,200 Back,9,2:16.55,Avary Calonder,,Minnesota First Chance Meet
University of Wisconsin-LaCrosse,113,200 Back,10,2:19.18,McKenna Biegler,,UW-L vs. CSB.SJU
University of Wisconsin-LaCrosse,113,200 Breast,1,2:24.19,Zoey Rank,,Wisconsin Intercollegiate Athletic Conference Championship
University of Wisconsin-LaCrosse,113,200 Breast,2,2:26.10,Emily Hauke,,Wisconsin Intercollegiate Athletic Conference Championship
University of Wisconsin-LaCrosse,113,200 Breast,3,2:26.86,Makenzie Wallace,,Wisconsin Intercollegiate Athletic Conference Championship
University of Wisconsin-LaCrosse,113,200 Breast,4,2:28.81,Lily Rosenau,,Rochester Invitational
University of Wisconsin-LaCrosse,113,200 Breast,5,2:31.19,Aly Wallander,,Wisconsin Intercollegiate Athletic Conference Championship
University of Wisconsin-LaCrosse,113,200 Breast,6,2:31.70,Brooke Laube,,Rochester Invitational
University of Wisconsin-LaCrosse,113,200 Breast,7,2:32.96,Ella Stadler,,Wisconsin Intercollegiate Athletic Conference Championship
University of Wisconsin-LaCrosse,113,200 Breast,8,2:35.34,Ella Eck,,Rochester Invitational
University of Wisconsin-LaCrosse,113,200 Breast,9,2:35.56,Lauren Zarecki,,Minnesota First Chance Meet
University of Wisconsin-LaCrosse,113,200 Breast,10,2:36.84,Ava Pulvermacher,,UW-L vs. CSB.SJU
University of Wisconsin-LaCrosse,113,200 Fly,1,2:10.35,Ava Pulvermacher,,Wisconsin Intercollegiate Athletic Conference Championship
University of Wisconsin-LaCrosse,113,200 Fly,2,2:13.22,Abby Gierke,,Rochester Invitational
University of Wisconsin-LaCrosse,113,200 Fly,3,2:20.20,Shefali Ramakrishnan,,Wisconsin Intercollegiate Athletic Conference Championship
University of Wisconsin-LaCrosse,113,200 Fly,4,2:21.64,Grace Radke,,Rochester Invitational
University of Wisconsin-LaCrosse,113,200 Fly,5,2:22.88,McKenna Biegler,,UW Stevens Point vs. UW Lacrosse
University of Wisconsin-LaCrosse,113,200 Fly,6,2:24.42,Sofia Badillo,,UWSP Point Invite
University of Wisconsin-LaCrosse,113,200 Fly,7,2:24.55,Mia Hayward,,Minnesota First Chance Meet
University of Wisconsin-LaCrosse,113,200 Fly,8,2:25.84,Lizzie Douglas,,Minnesota First Chance Meet
University of Wisconsin-LaCrosse,113,200 Free,1,1:57.16,Paige Rundahl,,Wisconsin Intercollegiate Athletic Conference Championship
University of Wisconsin-LaCrosse,113,200 Free,2,1:57.70,Ava Pulvermacher,,Minnesota First Chance Meet
University of Wisconsin-LaCrosse,113,200 Free,3,1:57.90,McKenna Biegler,,Wisconsin Intercollegiate Athletic Conference Championship
University of Wisconsin-LaCrosse,113,200 Free,4,2:00.28,Brooke Laube,,Minnesota First Chance Meet
University of Wisconsin-LaCrosse,113,200 Free,5,2:00.32,Megann Jobin,,Minnesota First Chance Meet
University of Wisconsin-LaCrosse,113,200 Free,6,2:01.52,Greta Wiskus,,Rochester Invitational
University of Wisconsin-LaCrosse,113,200 Free,7,2:02.35,Ava Newman,,Minnesota First Chance Meet
University of Wisconsin-LaCrosse,113,200 Free,8,2:02.99,Ella Stadler,,UW Stevens Point vs. UW Lacrosse
University of Wisconsin-LaCrosse,113,200 Free,9,2:04.26,Ella Eck,,Rochester Invitational
University of Wisconsin-LaCrosse,113,200 Free,10,2:04.76,Sofia Alf,,Rochester Invitational
University of Wisconsin-LaCrosse,113,200 Im,1,2:06.51,Zoey Rank,,Wisconsin Intercollegiate Athletic Conference Championship
University of Wisconsin-LaCrosse,113,200 Im,2,2:09.12,Ava Pulvermacher,,Wisconsin Intercollegiate Athletic Conference Championship
University of Wisconsin-LaCrosse,113,200 Im,3,2:13.01,Makenzie Wallace,,Wisconsin Intercollegiate Athletic Conference Championship
University of Wisconsin-LaCrosse,113,200 Im,4,2:13.32,Ella Stadler,,Wisconsin Intercollegiate Athletic Conference Championship
University of Wisconsin-LaCrosse,113,200 Im,5,2:14.38,Lily Rosenau,,Wisconsin Intercollegiate Athletic Conference Championship
University of Wisconsin-LaCrosse,113,200 Im,6,2:16.40,Paige Rundahl,,UW Stevens Point vs. UW Lacrosse
University of Wisconsin-LaCrosse,113,200 Im,7,2:16.93,Aly Wallander,,Wisconsin Intercollegiate Athletic Conference Championship
University of Wisconsin-LaCrosse,113,200 Im,8,2:19.71,Abby Gierke,,UWSP Point Invite
University of Wisconsin-LaCrosse,113,200 Im,9,2:19.96,Ella Eck,,Rochester Invitational
University of Wisconsin-LaCrosse,113,200 Im,10,2:20.69,Ava Newman,,UW-L vs. CSB.SJU
University of Wisconsin-LaCrosse,113,400 Im,1,4:33.94,Ava Pulvermacher,,Wisconsin Intercollegiate Athletic Conference Championship
University of Wisconsin-LaCrosse,113,400 Im,2,4:45.07,Lily Rosenau,,Wisconsin Intercollegiate Athletic Conference Championship
University of Wisconsin-LaCrosse,113,400 Im,3,4:49.52,Abby Gierke,,Wisconsin Intercollegiate Athletic Conference Championship
University of Wisconsin-LaCrosse,113,400 Im,4,4:51.15,Makenzie Wallace,,Rochester Invitational
University of Wisconsin-LaCrosse,113,400 Im,5,4:52.98,McKenna Biegler,,Rochester Invitational
University of Wisconsin-LaCrosse,113,400 Im,6,4:53.45,Ava Newman,,Rochester Invitational
University of Wisconsin-LaCrosse,113,400 Im,7,4:54.27,Emily Hauke,,Wisconsin Intercollegiate Athletic Conference Championship
University of Wisconsin-LaCrosse,113,50 Free,1,23.65,Greta Wiskus,,Wisconsin Intercollegiate Athletic Conference Championship
University of Wisconsin-LaCrosse,113,50 Free,2,23.87,Libby Cleveland,,Rochester Invitational
University of Wisconsin-LaCrosse,113,50 Free,3,24.17,Ellie Brown,,Wisconsin Intercollegiate Athletic Conference Championship
University of Wisconsin-LaCrosse,113,50 Free,4,24.31,Paige Rundahl,,Wisconsin Intercollegiate Athletic Conference Championship
University of Wisconsin-LaCrosse,113,50 Free,5,24.36,Hannah Wadholm,,Minnesota First Chance Meet
University of Wisconsin-LaCrosse,113,50 Free,6,24.62,Ava Pulvermacher,,Rochester Invitational
University of Wisconsin-LaCrosse,113,50 Free,7,24.75,Shefali Ramakrishnan,,Rochester Invitational
University of Wisconsin-LaCrosse,113,50 Free,8,24.92,Elizabeth Barton,,Rochester Invitational
University of Wisconsin-LaCrosse,113,50 Free,9,24.94,Zoey Rank,,Rochester Invitational
University of Wisconsin-LaCrosse,113,50 Free,10,24.98,Ella Stadler,,Rochester Invitational
University of Wisconsin-LaCrosse,113,500 Free,1,5:15.65,Ava Newman,,Wisconsin Intercollegiate Athletic Conference Championship
University of Wisconsin-LaCrosse,113,500 Free,2,5:17.19,McKenna Biegler,,Wisconsin Intercollegiate Athletic Conference Championship
University of Wisconsin-LaCrosse,113,500 Free,3,5:25.61,Megann Jobin,,Minnesota First Chance Meet
University of Wisconsin-LaCrosse,113,500 Free,4,5:26.23,Ava Pulvermacher,,UW Stevens Point vs. UW Lacrosse
University of Wisconsin-LaCrosse,113,500 Free,5,5:30.02,Kyra Bogenschuetz,,Minnesota First Chance Meet
University of Wisconsin-LaCrosse,113,500 Free,6,5:33.32,Sofia Alf,,Minnesota First Chance Meet
University of Wisconsin-LaCrosse,113,500 Free,7,5:39.00,Abby Gierke,,UW Stevens Point vs. UW Lacrosse
University of Wisconsin-LaCrosse,113,500 Free,8,6:10.64,Grace Radke,,Saint Cloud Quad
Washington University (Missouri),94,100 Back,1,56.61,Elizabeth Chen,,16th Annual Phoenix Fall Classic
Washington University (Missouri),94,100 Back,2,57.35,Ali Roche,,University Athletic Association Championships
Washington University (Missouri),94,100 Back,3,57.94,Andrea Leng,,University Athletic Association Championships
Washington University (Missouri),94,100 Back,4,58.37,Rachi Kravtsov,,University Athletic Association Championships
Washington University (Missouri),94,100 Back,5,58.84,Kiera Johnson,,16th Annual Phoenix Fall Classic
Washington University (Missouri),94,100 Back,6,59.34,Izzie Gattone,,University Athletic Association Championships
Washington University (Missouri),94,100 Back,7,59.45,Julia Pintescu,,McKendree Last Chance Meet
Washington University (Missouri),94,100 Back,8,1:00.01,Crystal Yu,,16th Annual Phoenix Fall Classic
Washington University (Missouri),94,100 Back,9,1:01.47,Noli Hall,,McKendree vs. WashU
Washington University (Missouri),94,100 Back,10,1:03.55,Lili Sandor,,McKendree Last Chance Meet
Washington University (Missouri),94,100 Breast,1,1:02.43,Hannah Lee,,University Athletic Association Championships
Washington University (Missouri),94,100 Breast,2,1:04.29,Eliana King,,University Athletic Association Championships
Washington University (Missouri),94,100 Breast,3,1:05.88,Avery Dixon,,University Athletic Association Championships
Washington University (Missouri),94,100 Breast,4,1:06.09,Becca Hackel,,16th Annual Phoenix Fall Classic
Washington University (Missouri),94,100 Breast,5,1:06.23,Kerry Frey,,16th Annual Phoenix Fall Classic
Washington University (Missouri),94,100 Breast,6,1:06.68,Maddie Sammut,,IUI - NKU - WU
Washington University (Missouri),94,100 Breast,7,1:07.99,Rachel Bello,,McKendree vs. WashU
Washington University (Missouri),94,100 Breast,8,1:08.85,Ayaan Olasewere,,D3 Shootout
Washington University (Missouri),94,100 Breast,9,1:11.13,Lili Sandor,,WashU vs Chicago
Washington University (Missouri),94,100 Breast,10,1:16.48,Julia Pintescu,,WashU vs Quincy 2026
Washington University (Missouri),94,100 Fly,1,56.12,Peyton Watson,,McKendree Last Chance Meet
Washington University (Missouri),94,100 Fly,2,57.00,Lindsay Alisbah,,University Athletic Association Championships
Washington University (Missouri),94,100 Fly,3,57.04,Elizabeth Chen,,16th Annual Phoenix Fall Classic
Washington University (Missouri),94,100 Fly,4,57.66,Kiera Johnson,,16th Annual Phoenix Fall Classic
Washington University (Missouri),94,100 Fly,5,58.59,Anya Rao,,16th Annual Phoenix Fall Classic
Washington University (Missouri),94,100 Fly,6,58.76,Izzie Gattone,,16th Annual Phoenix Fall Classic
Washington University (Missouri),94,100 Fly,7,58.97,Julia Pintescu,,McKendree Last Chance Meet
Washington University (Missouri),94,100 Fly,8,59.46,Crystal Yu,,16th Annual Phoenix Fall Classic
Washington University (Missouri),94,100 Fly,9,1:00.00,Natalie Klaas,,McKendree Last Chance Meet
Washington University (Missouri),94,100 Fly,10,1:00.18,Annabel Hermacinski,,16th Annual Phoenix Fall Classic
Washington University (Missouri),94,100 Free,1,51.05,Iris Qi,,16th Annual Phoenix Fall Classic
Washington University (Missouri),94,100 Free,2,52.11,Ayaan Olasewere,,University Athletic Association Championships
Washington University (Missouri),94,100 Free,3,52.20,Peyton Watson,,16th Annual Phoenix Fall Classic
Washington University (Missouri),94,100 Free,4,52.69,Sarah Cohen,,16th Annual Phoenix Fall Classic
Washington University (Missouri),94,100 Free,5,52.78,Abby Wright,,University Athletic Association Championships
Washington University (Missouri),94,100 Free,6,52.87,Izzie Gattone,,University Athletic Association Championships
Washington University (Missouri),94,100 Free,7,52.99,Sophia Gossum,,McKendree Last Chance Meet
Washington University (Missouri),94,100 Free,8,53.01,Maddie Sammut,,IUI - NKU - WU
Washington University (Missouri),94,100 Free,9,53.23,Anisa Basler,,IUI - NKU - WU
Washington University (Missouri),94,100 Free,10,53.47,Kerry Frey,,IUI - NKU - WU
Washington University (Missouri),94,1000 Free,1,10:27.11,Ali Roche,,University Athletic Association Championships
Washington University (Missouri),94,1000 Free,2,10:27.18,Sarah Cohen,,16th Annual Phoenix Fall Classic
Washington University (Missouri),94,1000 Free,3,10:32.47,Rachi Kravtsov,,University Athletic Association Championships
Washington University (Missouri),94,1000 Free,4,10:45.51,Holly Gmelich,,DePauw vs. Wash U
Washington University (Missouri),94,1000 Free,5,10:46.04,Nicole Caruso,,16th Annual Phoenix Fall Classic
Washington University (Missouri),94,1000 Free,6,10:50.63,Anna Fonda,,DePauw vs. Wash U
Washington University (Missouri),94,1000 Free,7,11:04.24,Lily Dourney,,WashU vs Chicago
Washington University (Missouri),94,1000 Free,8,11:11.76,Lindsay Alisbah,,WashU vs Chicago
Washington University (Missouri),94,1000 Free,9,11:20.39,Anya Rao,,WashU vs Chicago
Washington University (Missouri),94,1000 Free,10,11:21.70,Natalie Klaas,,Washington (Mo) vs. UMSL
Washington University (Missouri),94,1650 Free,1,17:11.45,Ali Roche,,University Athletic Association Championships
Washington University (Missouri),94,1650 Free,2,17:18.60,Sarah Cohen,,16th Annual Phoenix Fall Classic
Washington University (Missouri),94,1650 Free,3,17:31.77,Rachi Kravtsov,,University Athletic Association Championships
Washington University (Missouri),94,1650 Free,4,17:47.32,Nicole Caruso,,16th Annual Phoenix Fall Classic
Washington University (Missouri),94,1650 Free,5,17:56.00,Anna Fonda,,16th Annual Phoenix Fall Classic
Washington University (Missouri),94,1650 Free,6,17:57.00,Holly Gmelich,,University Athletic Association Championships
Washington University (Missouri),94,1650 Free,7,18:16.48,Lily Dourney,,16th Annual Phoenix Fall Classic
Washington University (Missouri),94,200 Back,1,2:01.53,Ali Roche,,University Athletic Association Championships
Washington University (Missouri),94,200 Back,2,2:04.35,Elizabeth Chen,,16th Annual Phoenix Fall Classic
Washington University (Missouri),94,200 Back,3,2:05.90,Rachi Kravtsov,,16th Annual Phoenix Fall Classic
Washington University (Missouri),94,200 Back,4,2:06.50,Natalie Klaas,,University Athletic Association Championships
Washington University (Missouri),94,200 Back,5,2:07.43,Kiera Johnson,,16th Annual Phoenix Fall Classic
Washington University (Missouri),94,200 Back,6,2:11.87,Sarah Cohen,,WashU vs Quincy 2026
Washington University (Missouri),94,200 Back,7,2:12.33,Julia Pintescu,,16th Annual Phoenix Fall Classic
Washington University (Missouri),94,200 Back,8,2:13.96,Andrea Leng,,McKendree vs. WashU
Washington University (Missouri),94,200 Back,9,2:16.87,Noli Hall,,McKendree vs. WashU
Washington University (Missouri),94,200 Back,10,2:18.28,Elizabeth Oyler,,SLU vs. WASH U
Washington University (Missouri),94,200 Breast,1,2:20.22,Hannah Lee,,University Athletic Association Championships
Washington University (Missouri),94,200 Breast,2,2:20.27,Eliana King,,16th Annual Phoenix Fall Classic
Washington University (Missouri),94,200 Breast,3,2:22.89,Rachel Bello,,16th Annual Phoenix Fall Classic
Washington University (Missouri),94,200 Breast,4,2:25.02,Avery Dixon,,University Athletic Association Championships
Washington University (Missouri),94,200 Breast,5,2:26.06,Becca Hackel,,16th Annual Phoenix Fall Classic
Washington University (Missouri),94,200 Breast,6,2:27.32,Maddie Sammut,,IUI - NKU - WU
Washington University (Missouri),94,200 Breast,7,2:29.06,Kerry Frey,,16th Annual Phoenix Fall Classic
Washington University (Missouri),94,200 Breast,8,2:31.03,Nicole Caruso,,IUI - NKU - WU
Washington University (Missouri),94,200 Breast,9,2:31.70,Lindsay Alisbah,,McKendree vs. WashU
Washington University (Missouri),94,200 Breast,10,2:32.15,Julia Pintescu,,16th Annual Phoenix Fall Classic
Washington University (Missouri),94,200 Fly,1,2:06.63,Kiera Johnson,,16th Annual Phoenix Fall Classic
Washington University (Missouri),94,200 Fly,2,2:07.99,Lindsay Alisbah,,University Athletic Association Championships
Washington University (Missouri),94,200 Fly,3,2:08.31,Peyton Watson,,University Athletic Association Championships
Washington University (Missouri),94,200 Fly,4,2:08.60,Natalie Klaas,,University Athletic Association Championships
Washington University (Missouri),94,200 Fly,5,2:09.80,Annabel Hermacinski,,16th Annual Phoenix Fall Classic
Washington University (Missouri),94,200 Fly,6,2:11.15,Rachel Bello,,D3 Shootout
Washington University (Missouri),94,200 Fly,7,2:13.19,Anya Rao,,16th Annual Phoenix Fall Classic
Washington University (Missouri),94,200 Fly,8,2:14.25,Abby Wright,,IUI - NKU - WU
Washington University (Missouri),94,200 Fly,9,2:16.01,Holly Gmelich,,McKendree vs. WashU
Washington University (Missouri),94,200 Fly,10,2:19.40,Anna Fonda,,McKendree Last Chance Meet
Washington University (Missouri),94,200 Free,1,1:50.99,Iris Qi,,University Athletic Association Championships
Washington University (Missouri),94,200 Free,2,1:52.25,Sarah Cohen,,16th Annual Phoenix Fall Classic
Washington University (Missouri),94,200 Free,3,1:53.70,Rachel Bello,,16th Annual Phoenix Fall Classic
Washington University (Missouri),94,200 Free,4,1:53.81,Ali Roche,,16th Annual Phoenix Fall Classic
Washington University (Missouri),94,200 Free,5,1:54.22,Anisa Basler,,16th Annual Phoenix Fall Classic
Washington University (Missouri),94,200 Free,6,1:54.68,Abby Wright,,University Athletic Association Championships
Washington University (Missouri),94,200 Free,7,1:55.43,Ayaan Olasewere,,16th Annual Phoenix Fall Classic
Washington University (Missouri),94,200 Free,8,1:55.59,Holly Gmelich,,University Athletic Association Championships
Washington University (Missouri),94,200 Free,9,1:57.03,Anna Fonda,,16th Annual Phoenix Fall Classic
Washington University (Missouri),94,200 Free,10,1:57.45,Maddie Sammut,,16th Annual Phoenix Fall Classic
Washington University (Missouri),94,200 Im,1,2:05.60,Rachel Bello,,16th Annual Phoenix Fall Classic
Washington University (Missouri),94,200 Im,2,2:07.08,Eliana King,,University Athletic Association Championships
Washington University (Missouri),94,200 Im,3,2:08.33,Lindsay Alisbah,,University Athletic Association Championships
Washington University (Missouri),94,200 Im,4,2:08.66,Kerry Frey,,16th Annual Phoenix Fall Classic
Washington University (Missouri),94,200 Im,5,2:08.75,Elizabeth Chen,,16th Annual Phoenix Fall Classic
Washington University (Missouri),94,200 Im,6,2:09.93,Avery Dixon,,University Athletic Association Championships
Washington University (Missouri),94,200 Im,7,2:12.91,Kiera Johnson,,16th Annual Phoenix Fall Classic
Washington University (Missouri),94,200 Im,8,2:13.33,Natalie Klaas,,16th Annual Phoenix Fall Classic
Washington University (Missouri),94,200 Im,9,2:13.57,Julia Pintescu,,16th Annual Phoenix Fall Classic
Washington University (Missouri),94,200 Im,10,2:14.01,Lili Sandor,,McKendree Last Chance Meet
Washington University (Missouri),94,400 Im,1,4:27.98,Rachel Bello,,16th Annual Phoenix Fall Classic
Washington University (Missouri),94,400 Im,2,4:31.48,Natalie Klaas,,University Athletic Association Championships
Washington University (Missouri),94,400 Im,3,4:32.69,Lindsay Alisbah,,University Athletic Association Championships
Washington University (Missouri),94,400 Im,4,4:36.07,Ali Roche,,D3 Shootout
Washington University (Missouri),94,400 Im,5,4:39.24,Nicole Caruso,,16th Annual Phoenix Fall Classic
Washington University (Missouri),94,400 Im,6,4:41.81,Anna Fonda,,University Athletic Association Championships
Washington University (Missouri),94,400 Im,7,4:46.10,Annabel Hermacinski,,McKendree Last Chance Meet
Washington University (Missouri),94,400 Im,8,4:53.80,Lili Sandor,,WashU vs Chicago
Washington University (Missouri),94,400 Im,9,5:04.13,Holly Gmelich,,WashU vs Chicago
Washington University (Missouri),94,50 Free,1,23.75,Ayaan Olasewere,,D3 Shootout
Washington University (Missouri),94,50 Free,2,23.79,Andrea Leng,,16th Annual Phoenix Fall Classic
Washington University (Missouri),94,50 Free,3,23.79,Iris Qi,,16th Annual Phoenix Fall Classic
Washington University (Missouri),94,50 Free,4,24.01,Izzie Gattone,,16th Annual Phoenix Fall Classic
Washington University (Missouri),94,50 Free,5,24.38,Peyton Watson,,D3 Shootout
Washington University (Missouri),94,50 Free,6,24.46,Hannah Lee,,16th Annual Phoenix Fall Classic
Washington University (Missouri),94,50 Free,7,24.47,Kerry Frey,,IUI - NKU - WU
Washington University (Missouri),94,50 Free,8,24.48,Maddie Sammut,,16th Annual Phoenix Fall Classic
Washington University (Missouri),94,50 Free,9,24.63,Anya Rao,,16th Annual Phoenix Fall Classic
Washington University (Missouri),94,50 Free,10,24.67,Holly Gmelich,,16th Annual Phoenix Fall Classic
Washington University (Missouri),94,500 Free,1,4:58.06,Sarah Cohen,,University Athletic Association Championships
Washington University (Missouri),94,500 Free,2,4:58.25,Ali Roche,,University Athletic Association Championships
Washington University (Missouri),94,500 Free,3,5:06.76,Abby Wright,,University Athletic Association Championships
Washington University (Missouri),94,500 Free,4,5:07.20,Rachi Kravtsov,,University Athletic Association Championships
Washington University (Missouri),94,500 Free,5,5:08.07,Holly Gmelich,,University Athletic Association Championships
Washington University (Missouri),94,500 Free,6,5:11.80,Anisa Basler,,16th Annual Phoenix Fall Classic
Washington University (Missouri),94,500 Free,7,5:12.36,Nicole Caruso,,University Athletic Association Championships
Washington University (Missouri),94,500 Free,8,5:13.26,Anna Fonda,,16th Annual Phoenix Fall Classic
Washington University (Missouri),94,500 Free,9,5:17.21,Rachel Bello,,McKendree vs. WashU
Washington University (Missouri),94,500 Free,10,5:17.96,Becca Hackel,,16th Annual Phoenix Fall Classic
Washington and Lee University,286,100 Back,1,57.76,Maria Jellig,,"Johns Hopkins vs. TCNJ, Washington & Lee"
Washington and Lee University,286,100 Back,2,58.64,Vivian Pickeral,,Arena Yellow Jacket Invitational
Washington and Lee University,286,100 Back,3,59.71,Grace Bentley,,Old Dominion Athletic Conference Championship
Washington and Lee University,286,100 Back,4,1:00.34,Cameron Schwartz,,Arena Yellow Jacket Invitational
Washington and Lee University,286,100 Back,5,1:00.45,Julia Connor,,Arena Yellow Jacket Invitational
Washington and Lee University,286,100 Back,6,1:00.68,Bella Malchow,,Old Dominion Athletic Conference Championship
Washington and Lee University,286,100 Back,7,1:02.35,Sophia Brame-Goldthwaite,,"Johns Hopkins vs. TCNJ, Washington & Lee"
Washington and Lee University,286,100 Back,8,1:02.83,Fiona Barr,,Old Dominion Athletic Conference Championship
Washington and Lee University,286,100 Back,9,1:03.04,Schuyler Ross,,W&L vs VMI
Washington and Lee University,286,100 Back,10,1:04.19,Meagan Baxley,,"Johns Hopkins vs. TCNJ, Washington & Lee"
Washington and Lee University,286,100 Breast,1,1:05.08,Morgan Smith,,Old Dominion Athletic Conference Championship
Washington and Lee University,286,100 Breast,2,1:05.29,Frances Fenton,,Old Dominion Athletic Conference Championship
Washington and Lee University,286,100 Breast,3,1:07.03,Amelia Maloof,,Old Dominion Athletic Conference Championship
Washington and Lee University,286,100 Breast,4,1:07.32,Amelia Macholz,,Arena Yellow Jacket Invitational
Washington and Lee University,286,100 Breast,5,1:07.46,Paige McBoyle,,Arena Yellow Jacket Invitational
Washington and Lee University,286,100 Breast,6,1:08.21,Clara Attar,,Old Dominion Athletic Conference Championship
Washington and Lee University,286,100 Breast,7,1:11.50,Virginia Lathrop,,Washington & Lee vs. Lynchburg
Washington and Lee University,286,100 Breast,8,1:12.27,Gabby Clemens,,Washington & Lee vs. Lynchburg
Washington and Lee University,286,100 Breast,9,1:14.78,Alli Badeaux,,Arena Yellow Jacket Invitational
Washington and Lee University,286,100 Breast,10,1:15.82,Annie Avery,,Arena Yellow Jacket Invitational
Washington and Lee University,286,100 Fly,1,56.30,Maria Jellig,,Arena Yellow Jacket Invitational
Washington and Lee University,286,100 Fly,2,56.83,Peighton Kruzel,,Old Dominion Athletic Conference Championship
Washington and Lee University,286,100 Fly,3,57.42,Virginia Lathrop,,Old Dominion Athletic Conference Championship
Washington and Lee University,286,100 Fly,4,58.54,Eme Monackey,,Old Dominion Athletic Conference Championship
Washington and Lee University,286,100 Fly,5,59.81,Camlyn Belle,,Old Dominion Athletic Conference Championship
Washington and Lee University,286,100 Fly,6,1:00.25,Keener Witmer,,Arena Yellow Jacket Invitational
Washington and Lee University,286,100 Fly,7,1:00.42,Vivian Pickeral,,D3 Shootout
Washington and Lee University,286,100 Fly,8,1:00.75,Marcy Mortimer,,W&L Senior Meet - RMC.Chowan
Washington and Lee University,286,100 Fly,9,1:00.93,Gabby Clemens,,Arena Yellow Jacket Invitational
Washington and Lee University,286,100 Fly,10,1:01.65,Sophia Brame-Goldthwaite,,Old Dominion Athletic Conference Championship
Washington and Lee University,286,100 Free,1,52.90,Tenra Adams,,Old Dominion Athletic Conference Championship
Washington and Lee University,286,100 Free,2,53.12,Amelia Maloof,,Arena Yellow Jacket Invitational
Washington and Lee University,286,100 Free,3,53.78,Marcy Mortimer,,Arena Yellow Jacket Invitational
Washington and Lee University,286,100 Free,4,53.85,Grace Bentley,,Arena Yellow Jacket Invitational
Washington and Lee University,286,100 Free,5,54.03,Ruth Crane,,Arena Yellow Jacket Invitational
Washington and Lee University,286,100 Free,6,54.31,Margaret Beimdiek,,Old Dominion Athletic Conference Championship
Washington and Lee University,286,100 Free,7,54.41,Gabby Clemens,,Arena Yellow Jacket Invitational
Washington and Lee University,286,100 Free,8,54.85,Schuyler Ross,,Old Dominion Athletic Conference Championship
Washington and Lee University,286,100 Free,9,54.92,Keener Witmer,,Arena Yellow Jacket Invitational
Washington and Lee University,286,100 Free,10,55.24,Riley Moorman,,Arena Yellow Jacket Invitational
Washington and Lee University,286,1000 Free,1,10:22.93,Celia Bredehoeft,,"Johns Hopkins vs. TCNJ, Washington & Lee"
Washington and Lee University,286,1000 Free,2,10:29.95,Julia Connor,,Arena Yellow Jacket Invitational
Washington and Lee University,286,1000 Free,3,10:55.76,Katie Crawford,,Arena Yellow Jacket Invitational
Washington and Lee University,286,1000 Free,4,11:12.54,Annie Avery,,"Johns Hopkins vs. TCNJ, Washington & Lee"
Washington and Lee University,286,1000 Free,5,11:56.93,Dani Hackman,,W&L vs VMI
Washington and Lee University,286,1650 Free,1,17:25.85,Celia Bredehoeft,,Arena Yellow Jacket Invitational
Washington and Lee University,286,1650 Free,2,17:32.09,Julia Connor,,Arena Yellow Jacket Invitational
Washington and Lee University,286,1650 Free,3,18:05.92,Katie Crawford,,Arena Yellow Jacket Invitational
Washington and Lee University,286,200 Back,1,2:02.80,Maria Jellig,,Arena Yellow Jacket Invitational
Washington and Lee University,286,200 Back,2,2:07.70,Vivian Pickeral,,Arena Yellow Jacket Invitational
Washington and Lee University,286,200 Back,3,2:08.46,Sophia Brame-Goldthwaite,,Old Dominion Athletic Conference Championship
Washington and Lee University,286,200 Back,4,2:10.34,Bella Malchow,,Old Dominion Athletic Conference Championship
Washington and Lee University,286,200 Back,5,2:12.14,Cameron Schwartz,,Arena Yellow Jacket Invitational
Washington and Lee University,286,200 Breast,1,2:21.67,Morgan Smith,,Old Dominion Athletic Conference Championship
Washington and Lee University,286,200 Breast,2,2:25.23,Paige McBoyle,,Old Dominion Athletic Conference Championship
Washington and Lee University,286,200 Breast,3,2:26.91,Frances Fenton,,Arena Yellow Jacket Invitational
Washington and Lee University,286,200 Breast,4,2:27.54,Amelia Macholz,,Old Dominion Athletic Conference Championship
Washington and Lee University,286,200 Breast,5,2:29.71,Marcy Mortimer,,Arena Yellow Jacket Invitational
Washington and Lee University,286,200 Breast,6,2:30.60,Clara Attar,,Old Dominion Athletic Conference Championship
Washington and Lee University,286,200 Breast,7,2:34.03,Annie Avery,,Old Dominion Athletic Conference Championship
Washington and Lee University,286,200 Breast,8,2:34.15,Celia Bredehoeft,,D3 Shootout
Washington and Lee University,286,200 Breast,9,2:40.89,Alli Badeaux,,Arena Yellow Jacket Invitational
Washington and Lee University,286,200 Fly,1,2:06.62,Maria Jellig,,"Johns Hopkins vs. TCNJ, Washington & Lee"
Washington and Lee University,286,200 Fly,2,2:06.83,Peighton Kruzel,,Old Dominion Athletic Conference Championship
Washington and Lee University,286,200 Fly,3,2:09.21,Eme Monackey,,Old Dominion Athletic Conference Championship
Washington and Lee University,286,200 Fly,4,2:09.24,Marcy Mortimer,,Old Dominion Athletic Conference Championship
Washington and Lee University,286,200 Fly,5,2:10.78,Virginia Lathrop,,Old Dominion Athletic Conference Championship
Washington and Lee University,286,200 Fly,6,2:13.21,Meagan Baxley,,Arena Yellow Jacket Invitational
Washington and Lee University,286,200 Fly,7,2:13.87,Camlyn Belle,,Arena Yellow Jacket Invitational
Washington and Lee University,286,200 Fly,8,2:16.71,Morgan Smith,,Washington & Lee vs. Mary Washington
Washington and Lee University,286,200 Fly,9,2:19.00,Riley Moorman,,Arena Yellow Jacket Invitational
Washington and Lee University,286,200 Free,1,1:56.26,Riley Moorman,,Arena Yellow Jacket Invitational
Washington and Lee University,286,200 Free,2,1:56.94,Maria Jellig,,Arena Yellow Jacket Invitational
Washington and Lee University,286,200 Free,3,1:57.22,Gabby Clemens,,Arena Yellow Jacket Invitational
Washington and Lee University,286,200 Free,4,1:57.34,Tenra Adams,,Old Dominion Athletic Conference Championship
Washington and Lee University,286,200 Free,5,1:57.82,Julia Connor,,Arena Yellow Jacket Invitational
Washington and Lee University,286,200 Free,6,1:58.27,Celia Bredehoeft,,Old Dominion Athletic Conference Championship
Washington and Lee University,286,200 Free,7,1:58.46,Schuyler Ross,,Old Dominion Athletic Conference Championship
Washington and Lee University,286,200 Free,8,1:58.75,Ruth Crane,,Arena Yellow Jacket Invitational
Washington and Lee University,286,200 Free,9,1:58.75,Margaret Beimdiek,,Old Dominion Athletic Conference Championship
Washington and Lee University,286,200 Free,10,1:58.79,Marcy Mortimer,,W&L vs VMI
Washington and Lee University,286,200 Im,1,2:06.31,Maria Jellig,,Arena Yellow Jacket Invitational
Washington and Lee University,286,200 Im,2,2:07.93,Morgan Smith,,Old Dominion Athletic Conference Championship
Washington and Lee University,286,200 Im,3,2:09.06,Marcy Mortimer,,Arena Yellow Jacket Invitational
Washington and Lee University,286,200 Im,4,2:11.98,Sophia Brame-Goldthwaite,,Arena Yellow Jacket Invitational
Washington and Lee University,286,200 Im,5,2:12.51,Amelia Macholz,,Old Dominion Athletic Conference Championship
Washington and Lee University,286,200 Im,6,2:12.70,Paige McBoyle,,Old Dominion Athletic Conference Championship
Washington and Lee University,286,200 Im,7,2:13.34,Camlyn Belle,,Old Dominion Athletic Conference Championship
Washington and Lee University,286,200 Im,8,2:13.51,Gabby Clemens,,Arena Yellow Jacket Invitational
Washington and Lee University,286,200 Im,9,2:14.68,Virginia Lathrop,,Old Dominion Athletic Conference Championship
Washington and Lee University,286,200 Im,10,2:15.52,Bella Malchow,,Old Dominion Athletic Conference Championship
Washington and Lee University,286,400 Im,1,4:32.26,Maria Jellig,,Arena Yellow Jacket Invitational
Washington and Lee University,286,400 Im,2,4:37.00,Sophia Brame-Goldthwaite,,Old Dominion Athletic Conference Championship
Washington and Lee University,286,400 Im,3,4:37.55,Marcy Mortimer,,Arena Yellow Jacket Invitational
Washington and Lee University,286,400 Im,4,4:40.17,Celia Bredehoeft,,Arena Yellow Jacket Invitational
Washington and Lee University,286,400 Im,5,4:44.45,Annie Avery,,Old Dominion Athletic Conference Championship
Washington and Lee University,286,400 Im,6,4:44.55,Katie Crawford,,Arena Yellow Jacket Invitational
Washington and Lee University,286,400 Im,7,4:45.16,Meagan Baxley,,Old Dominion Athletic Conference Championship
Washington and Lee University,286,50 Free,1,24.14,Amelia Maloof,,Arena Yellow Jacket Invitational
Washington and Lee University,286,50 Free,2,24.28,Frances Fenton,,Arena Yellow Jacket Invitational
Washington and Lee University,286,50 Free,3,24.50,Tenra Adams,,Old Dominion Athletic Conference Championship
Washington and Lee University,286,50 Free,4,24.77,Grace Bentley,,Old Dominion Athletic Conference Championship
Washington and Lee University,286,50 Free,5,24.81,Vivian Pickeral,,Old Dominion Athletic Conference Championship
Washington and Lee University,286,50 Free,6,24.99,Ruth Crane,,Arena Yellow Jacket Invitational
Washington and Lee University,286,50 Free,7,25.00,Keener Witmer,,Arena Yellow Jacket Invitational
Washington and Lee University,286,50 Free,8,25.35,Cameron Schwartz,,Arena Yellow Jacket Invitational
Washington and Lee University,286,50 Free,9,25.53,Schuyler Ross,,Old Dominion Athletic Conference Championship
Washington and Lee University,286,50 Free,10,25.60,Margaret Beimdiek,,Old Dominion Athletic Conference Championship
Washington and Lee University,286,500 Free,1,5:06.61,Celia Bredehoeft,,Old Dominion Athletic Conference Championship
Washington and Lee University,286,500 Free,2,5:09.25,Julia Connor,,Arena Yellow Jacket Invitational
Washington and Lee University,286,500 Free,3,5:13.46,Marcy Mortimer,,D3 Shootout
Washington and Lee University,286,500 Free,4,5:14.76,Riley Moorman,,Arena Yellow Jacket Invitational
Washington and Lee University,286,500 Free,5,5:16.44,Katie Crawford,,Arena Yellow Jacket Invitational
Washington and Lee University,286,500 Free,6,5:16.56,Schuyler Ross,,Arena Yellow Jacket Invitational
Washington and Lee University,286,500 Free,7,5:21.23,Peighton Kruzel,,Old Dominion Athletic Conference Championship
Washington and Lee University,286,500 Free,8,5:21.33,Virginia Jane Hultgren,,Arena Yellow Jacket Invitational
Washington and Lee University,286,500 Free,9,5:21.65,Margaret Beimdiek,,Old Dominion Athletic Conference Championship
Washington and Lee University,286,500 Free,10,5:21.73,Annie Avery,,Old Dominion Athletic Conference Championship
Whitworth University,40,100 Back,1,59.03,Paige Dangleis,,Northwest Conference Championships
Whitworth University,40,100 Back,2,1:02.23,Paige Orlando,,Northwest Conference Championships
Whitworth University,40,100 Back,3,1:02.61,Mija Hood,,Northwest Conference Championships
Whitworth University,40,100 Back,4,1:03.24,Julia Schoenfelder,,Logger Invitational
Whitworth University,40,100 Back,5,1:03.53,Maria Bentz,,Northwest Conference Championships
Whitworth University,40,100 Back,6,1:04.37,Hailey Freeman,,Logger Invitational
Whitworth University,40,100 Back,7,1:11.41,Sofia Lawson,,Logger Invitational
Whitworth University,40,100 Breast,1,1:04.17,Molly Konop,,Northwest Conference Championships
Whitworth University,40,100 Breast,2,1:05.05,Megan Bonikowsky,,Logger Last Chance Meet
Whitworth University,40,100 Breast,3,1:09.23,Bella Hoopes,,Whitworth at Linfield
Whitworth University,40,100 Breast,4,1:10.08,Sahara Lewis,,Northwest Conference Championships
Whitworth University,40,100 Breast,5,1:11.26,Kallie Badry,,Whitman at Whitworth
Whitworth University,40,100 Breast,6,1:13.97,Paige Orlando,,L&C vs. Whitworth
Whitworth University,40,100 Breast,7,1:14.31,Maria Girbacea,,Whitworth vs. George Fox
Whitworth University,40,100 Breast,8,1:16.28,Maria Bentz,,Whitworth at Linfield
Whitworth University,40,100 Fly,1,58.57,Grace Esteban,,Northwest Conference Championships
Whitworth University,40,100 Fly,2,1:00.74,Maria Girbacea,,Logger Invitational
Whitworth University,40,100 Fly,3,1:01.40,Laura Inwards,,Northwest Conference Championships
Whitworth University,40,100 Fly,4,1:01.41,Bella Hoopes,,Logger Invitational
Whitworth University,40,100 Fly,5,1:02.87,Hailey Freeman,,Northwest Conference Championships
Whitworth University,40,100 Fly,6,1:03.14,Samantha Merriam,,Northwest Conference Championships
Whitworth University,40,100 Fly,7,1:03.34,Paige Dangleis,,Whitworth vs. George Fox
Whitworth University,40,100 Fly,8,1:03.92,Makhaela Parrish,,Puget Sound at Whitworth
Whitworth University,40,100 Fly,9,1:04.40,Mija Hood,,Logger Invitational
Whitworth University,40,100 Fly,10,1:05.20,Kallie Badry,,Logger Invitational
Whitworth University,40,100 Free,1,52.40,Paige Dangleis,,Northwest Conference Championships
Whitworth University,40,100 Free,2,52.77,Megan Bonikowsky,,Logger Invitational
Whitworth University,40,100 Free,3,53.63,Grace Esteban,,Northwest Conference Championships
Whitworth University,40,100 Free,4,54.60,Makhaela Parrish,,Northwest Conference Championships
Whitworth University,40,100 Free,5,55.11,Paige Orlando,,Northwest Conference Championships
Whitworth University,40,100 Free,6,55.51,Molly Konop,,Whitworth vs. George Fox
Whitworth University,40,100 Free,7,55.72,Maria Girbacea,,Logger Invitational
Whitworth University,40,100 Free,8,55.98,Kallie Badry,,Logger Invitational
Whitworth University,40,100 Free,9,56.01,Mya Granger,,Logger Invitational
Whitworth University,40,100 Free,10,56.34,Hailey Freeman,,Logger Invitational
Whitworth University,40,1000 Free,1,10:35.20,Kallie Badry,,Logger Invitational
Whitworth University,40,1000 Free,2,11:12.90,Makhaela Parrish,,Logger Invitational
Whitworth University,40,1000 Free,3,11:15.19,Alisa King,,Northwest Conference Championships
Whitworth University,40,1000 Free,4,12:39.87,Ryan Steed,,Whitman at Whitworth
Whitworth University,40,1650 Free,1,17:29.56,Kallie Badry,,Logger Invitational
Whitworth University,40,1650 Free,2,18:33.10,Alisa King,,Logger Invitational
Whitworth University,40,1650 Free,3,18:37.87,Makhaela Parrish,,Logger Invitational
Whitworth University,40,1650 Free,4,21:06.95,Ryan Steed,,Whitman at Whitworth
Whitworth University,40,200 Back,1,2:10.64,Hailey Freeman,,Logger Invitational
Whitworth University,40,200 Back,2,2:13.03,Paige Dangleis,,Pacific Lutheran at Whitworth
Whitworth University,40,200 Back,3,2:18.14,Mija Hood,,Northwest Conference Championships
Whitworth University,40,200 Back,4,2:18.44,Megan Bonikowsky,,Pacific vs. Whitworth
Whitworth University,40,200 Back,5,2:19.09,Maria Bentz,,Northwest Conference Championships
Whitworth University,40,200 Back,6,2:29.80,Molly Konop,,Pacific vs. Whitworth
Whitworth University,40,200 Breast,1,2:19.26,Molly Konop,,Northwest Conference Championships
Whitworth University,40,200 Breast,2,2:19.53,Megan Bonikowsky,,Northwest Conference Championships
Whitworth University,40,200 Breast,3,2:25.50,Bella Hoopes,,Northwest Conference Championships
Whitworth University,40,200 Breast,4,2:36.58,Sahara Lewis,,Northwest Conference Championships
Whitworth University,40,200 Breast,5,2:37.66,Kallie Badry,,Pacific vs. Whitworth
Whitworth University,40,200 Breast,6,2:44.45,Maria Bentz,,Pacific vs. Whitworth
Whitworth University,40,200 Fly,1,2:17.34,Bella Hoopes,,Logger Invitational
Whitworth University,40,200 Fly,2,2:19.88,Grace Esteban,,Logger Invitational
Whitworth University,40,200 Fly,3,2:22.00,Hailey Freeman,,Whitman at Whitworth
Whitworth University,40,200 Fly,4,2:31.39,Laura Inwards,,Pacific Lutheran at Whitworth
Whitworth University,40,200 Free,1,1:53.52,Paige Dangleis,,Northwest Conference Championships
Whitworth University,40,200 Free,2,1:57.09,Makhaela Parrish,,Northwest Conference Championships
Whitworth University,40,200 Free,3,1:58.28,Kallie Badry,,Northwest Conference Championships
Whitworth University,40,200 Free,4,2:00.55,Megan Bonikowsky,,L&C vs. Whitworth
Whitworth University,40,200 Free,5,2:03.13,Mya Granger,,Whitman at Whitworth
Whitworth University,40,200 Free,6,2:03.24,Alisa King,,Logger Invitational
Whitworth University,40,200 Free,7,2:04.40,Bella Hoopes,,Whitman at Whitworth
Whitworth University,40,200 Free,8,2:05.97,Molly Konop,,L&C vs. Whitworth
Whitworth University,40,200 Free,9,2:06.45,Maria Girbacea,,Logger Invitational
Whitworth University,40,200 Free,10,2:10.83,Sahara Lewis,,Whitworth at Linfield
Whitworth University,40,200 Im,1,2:06.78,Paige Dangleis,,Northwest Conference Championships
Whitworth University,40,200 Im,2,2:07.60,Bella Hoopes,,Northwest Conference Championships
Whitworth University,40,200 Im,3,2:07.67,Megan Bonikowsky,,Northwest Conference Championships
Whitworth University,40,200 Im,4,2:15.82,Kallie Badry,,Whitworth v Pomona-Pitzer
Whitworth University,40,200 Im,5,2:16.57,Hailey Freeman,,Logger Invitational
Whitworth University,40,200 Im,6,2:17.99,Maria Bentz,,Northwest Conference Championships
Whitworth University,40,200 Im,7,2:18.18,Maria Girbacea,,Logger Invitational
Whitworth University,40,200 Im,8,2:29.46,Mija Hood,,Pacific vs. Whitworth
Whitworth University,40,400 Im,1,4:36.87,Kallie Badry,,Northwest Conference Championships
Whitworth University,40,400 Im,2,4:36.88,Bella Hoopes,,Logger Invitational
Whitworth University,40,400 Im,3,4:40.96,Hailey Freeman,,Northwest Conference Championships
Whitworth University,40,400 Im,4,4:50.47,Paige Dangleis,,Whitworth vs. George Fox
Whitworth University,40,400 Im,5,4:53.32,Alisa King,,Logger Invitational
Whitworth University,40,50 Free,1,24.26,Paige Dangleis,,Northwest Conference Championships
Whitworth University,40,50 Free,2,24.53,Grace Esteban,,Northwest Conference Championships
Whitworth University,40,50 Free,3,25.14,Mya Granger,,Logger Invitational
Whitworth University,40,50 Free,4,25.19,Paige Orlando,,Northwest Conference Championships
Whitworth University,40,50 Free,5,25.41,Megan Bonikowsky,,Logger Invitational
Whitworth University,40,50 Free,6,25.55,Molly Konop,,Logger Invitational
Whitworth University,40,50 Free,7,25.74,Sahara Lewis,,Logger Invitational
Whitworth University,40,50 Free,8,25.83,Julia Schoenfelder,,Logger Invitational
Whitworth University,40,50 Free,9,26.22,Laura Inwards,,Northwest Conference Championships
Whitworth University,40,50 Free,10,26.32,Makhaela Parrish,,Northwest Conference Championships
Whitworth University,40,500 Free,1,5:08.67,Kallie Badry,,Northwest Conference Championships
Whitworth University,40,500 Free,2,5:11.76,Megan Bonikowsky,,Logger Invitational
Whitworth University,40,500 Free,3,5:17.81,Makhaela Parrish,,Northwest Conference Championships
Whitworth University,40,500 Free,4,5:22.00,Hailey Freeman,,Northwest Conference Championships
Whitworth University,40,500 Free,5,5:24.55,Alisa King,,Northwest Conference Championships
Whitworth University,40,500 Free,6,6:05.98,Ryan Steed,,Pacific Lutheran at Whitworth
Williams College,119,100 Back,1,55.42,Irene Yang,,NESCAC Womens Championships
Williams College,119,100 Back,2,55.65,Alden White,,NESCAC Womens Championships
Williams College,119,100 Back,3,57.95,Sophie Phelps,,Middlebury Invitational
Williams College,119,100 Back,4,58.20,Aly Eward,,NESCAC Womens Championships
Williams College,119,100 Back,5,1:00.06,Clare McDermott,,Jayden Szkirka Memorial Championships
Williams College,119,100 Back,6,1:00.38,Nora Sherman,,"Williams vs. Trinity, Tufts, WPI"
Williams College,119,100 Back,7,1:00.92,Lily Codd,,Middlebury Invitational
Williams College,119,100 Back,8,1:01.04,Clementine Robins,,Middlebury Invitational
Williams College,119,100 Back,9,1:01.39,Kyla Kelley,,Williams vs. Springfield vs. Wesleyan
Williams College,119,100 Back,10,1:01.63,Ruby Groves,,Jayden Szkirka Memorial Championships
Williams College,119,100 Breast,1,1:05.39,Anna Doherty,,Jayden Szkirka Memorial Championships
Williams College,119,100 Breast,2,1:05.86,Bernadette Ramoy,,NESCAC Womens Championships
Williams College,119,100 Breast,3,1:06.44,Annika C. Chu,,Jayden Szkirka Memorial Championships
Williams College,119,100 Breast,4,1:06.92,Sophie Phelps,,Williams v Middlebury v Hamilton
Williams College,119,100 Breast,5,1:07.79,Brielle Gold,,Jayden Szkirka Memorial Championships
Williams College,119,100 Breast,6,1:09.18,Charlotte Brawer,,Middlebury Invitational
Williams College,119,100 Breast,7,1:09.55,Irene Yang,,Connecticut vs. Williams
Williams College,119,100 Breast,8,1:09.60,Ruby Groves,,Middlebury Invitational
Williams College,119,100 Breast,9,1:09.64,Carter Roebuck,,Williams v Middlebury v Hamilton
Williams College,119,100 Breast,10,1:09.85,Esme Van Orden,,Williams vs. Springfield vs. Wesleyan
Williams College,119,100 Fly,1,54.74,Maggie Farley,,NESCAC Womens Championships
Williams College,119,100 Fly,2,55.29,Esme Van Orden,,Jayden Szkirka Memorial Championships
Williams College,119,100 Fly,3,56.11,Ruby Groves,,NESCAC Womens Championships
Williams College,119,100 Fly,4,56.33,Clare McDermott,,NESCAC Womens Championships
Williams College,119,100 Fly,5,56.36,Annie McLean,,Jayden Szkirka Memorial Championships
Williams College,119,100 Fly,6,56.63,Isabella Castano,,NESCAC Womens Championships
Williams College,119,100 Fly,7,57.25,Irene Yang,,Jayden Szkirka Memorial Championships
Williams College,119,100 Fly,8,57.94,Sophie Phelps,,NESCAC Womens Championships
Williams College,119,100 Fly,9,58.44,Lily Codd,,Jayden Szkirka Memorial Championships
Williams College,119,100 Fly,10,1:00.09,Brielle Gold,,Jayden Szkirka Memorial Championships
Williams College,119,100 Free,1,50.22,Sophie Phelps,,NESCAC Womens Championships
Williams College,119,100 Free,2,50.99,Esme Van Orden,,NESCAC Womens Championships
Williams College,119,100 Free,3,51.75,Emma Dimter,,NESCAC Womens Championships
Williams College,119,100 Free,4,51.91,Clare McDermott,,NESCAC Womens Championships
Williams College,119,100 Free,5,52.72,Annie McLean,,NESCAC Womens Championships
Williams College,119,100 Free,6,52.79,Isabella Castano,,Jayden Szkirka Memorial Championships
Williams College,119,100 Free,7,53.06,Isabel Espinosa,,NESCAC Womens Championships
Williams College,119,100 Free,8,53.57,Bernadette Ramoy,,NESCAC Womens Championships
Williams College,119,100 Free,9,54.11,Annika C. Chu,,Jayden Szkirka Memorial Championships
Williams College,119,100 Free,10,54.21,Azmera Gebre,,NESCAC Womens Championships
Williams College,119,1000 Free,1,10:06.18,Lily Codd,,NESCAC Womens Championships
Williams College,119,1000 Free,2,10:34.90,Kyla Kelley,,NESCAC Womens Championships
Williams College,119,1000 Free,3,10:40.40,Gracie O'Connell,,NESCAC Womens Championships
Williams College,119,1000 Free,4,10:46.46,Maggie Farley,,Middlebury Invitational
Williams College,119,1000 Free,5,10:50.29,Carter Roebuck,,Williams v Middlebury v Hamilton
Williams College,119,1000 Free,6,10:58.88,Azmera Gebre,,NESCAC Womens Championships
Williams College,119,1650 Free,1,16:48.54,Lily Codd,,MIT vs. Williams & NYU
Williams College,119,1650 Free,2,17:47.24,Gracie O'Connell,,NESCAC Womens Championships
Williams College,119,1650 Free,3,17:59.14,Kyla Kelley,,MIT vs. Williams & NYU
Williams College,119,200 Back,1,2:00.38,Alden White,,NESCAC Womens Championships
Williams College,119,200 Back,2,2:01.11,Irene Yang,,NESCAC Womens Championships
Williams College,119,200 Back,3,2:03.71,Clementine Robins,,NESCAC Womens Championships
Williams College,119,200 Back,4,2:06.58,Aly Eward,,NESCAC Womens Championships
Williams College,119,200 Back,5,2:08.93,Lily Codd,,Williams vs. Springfield vs. Wesleyan
Williams College,119,200 Back,6,2:12.24,Kyla Kelley,,Connecticut vs. Williams
Williams College,119,200 Breast,1,2:16.84,Anna Doherty,,NESCAC Womens Championships
Williams College,119,200 Breast,2,2:17.73,Carter Roebuck,,NESCAC Womens Championships
Williams College,119,200 Breast,3,2:22.81,Nora Sherman,,NESCAC Womens Championships
Williams College,119,200 Breast,4,2:23.65,Sophie Phelps,,Middlebury Invitational
Williams College,119,200 Breast,5,2:29.14,Charlotte Brawer,,Middlebury Invitational
Williams College,119,200 Breast,6,2:29.19,Irene Yang,,Williams vs. Springfield vs. Wesleyan
Williams College,119,200 Breast,7,2:31.37,Bernadette Ramoy,,Middlebury Invitational
Williams College,119,200 Breast,8,2:31.84,Ruby Groves,,"Williams vs. Trinity, Tufts, WPI"
Williams College,119,200 Fly,1,2:01.10,Lily Codd,,NESCAC Womens Championships
Williams College,119,200 Fly,2,2:01.56,Maggie Farley,,NESCAC Womens Championships
Williams College,119,200 Fly,3,2:04.30,Esme Van Orden,,Jayden Szkirka Memorial Championships
Williams College,119,200 Fly,4,2:04.91,Isabella Castano,,NESCAC Womens Championships
Williams College,119,200 Fly,5,2:05.40,Ruby Groves,,NESCAC Womens Championships
Williams College,119,200 Fly,6,2:06.93,Clare McDermott,,Middlebury Invitational
Williams College,119,200 Fly,7,2:07.95,Gracie O'Connell,,NESCAC Womens Championships
Williams College,119,200 Free,1,1:49.72,Esme Van Orden,,NESCAC Womens Championships
Williams College,119,200 Free,2,1:50.37,Sophie Phelps,,Jayden Szkirka Memorial Championships
Williams College,119,200 Free,3,1:51.68,Carter Roebuck,,NESCAC Womens Championships
Williams College,119,200 Free,4,1:53.50,Isabel Espinosa,,NESCAC Womens Championships
Williams College,119,200 Free,5,1:53.87,Clementine Robins,,NESCAC Womens Championships
Williams College,119,200 Free,6,1:53.88,Maggie Farley,,Jayden Szkirka Memorial Championships
Williams College,119,200 Free,7,1:53.99,Emma Dimter,,NESCAC Womens Championships
Williams College,119,200 Free,8,1:55.09,Lily Codd,,Williams v Middlebury v Hamilton
Williams College,119,200 Free,9,1:56.09,Azmera Gebre,,NESCAC Womens Championships
Williams College,119,200 Free,10,1:57.64,Anna Doherty,,Williams vs. Springfield vs. Wesleyan
Williams College,119,200 Im,1,2:00.92,Sophie Phelps,,NESCAC Womens Championships
Williams College,119,200 Im,2,2:03.50,Irene Yang,,NESCAC Womens Championships
Williams College,119,200 Im,3,2:04.07,Lily Codd,,NESCAC Womens Championships
Williams College,119,200 Im,4,2:04.36,Esme Van Orden,,NESCAC Womens Championships
Williams College,119,200 Im,5,2:06.30,Ruby Groves,,NESCAC Womens Championships
Williams College,119,200 Im,6,2:07.61,Nora Sherman,,NESCAC Womens Championships
Williams College,119,200 Im,7,2:08.59,Isabella Castano,,NESCAC Womens Championships
Williams College,119,200 Im,8,2:08.90,Alden White,,Jayden Szkirka Memorial Championships
Williams College,119,200 Im,9,2:09.62,Anna Doherty,,Middlebury Invitational
Williams College,119,200 Im,10,2:12.68,Annika C. Chu,,Jayden Szkirka Memorial Championships
Williams College,119,400 Im,1,4:20.58,Sophie Phelps,,NESCAC Womens Championships
Williams College,119,400 Im,2,4:23.27,Lily Codd,,Jayden Szkirka Memorial Championships
Williams College,119,400 Im,3,4:27.03,Anna Doherty,,NESCAC Womens Championships
Williams College,119,400 Im,4,4:31.67,Nora Sherman,,Jayden Szkirka Memorial Championships
Williams College,119,400 Im,5,4:37.73,Irene Yang,,"Williams vs. Trinity, Tufts, WPI"
Williams College,119,400 Im,6,4:44.03,Isabella Castano,,MIT vs. Williams & NYU
Williams College,119,50 Free,1,23.30,Maggie Farley,,NESCAC Womens Championships
Williams College,119,50 Free,2,23.52,Clare McDermott,,NESCAC Womens Championships
Williams College,119,50 Free,3,23.52,Emma Dimter,,NESCAC Womens Championships
Williams College,119,50 Free,4,24.00,Sophie Phelps,,MIT vs. Williams & NYU
Williams College,119,50 Free,5,24.17,Irene Yang,,Jayden Szkirka Memorial Championships
Williams College,119,50 Free,6,24.33,Esme Van Orden,,NESCAC Womens Championships
Williams College,119,50 Free,7,24.51,Bernadette Ramoy,,NESCAC Womens Championships
Williams College,119,50 Free,8,24.51,Annika C. Chu,,"Williams vs. Trinity, Tufts, WPI"
Williams College,119,50 Free,9,24.56,Annie McLean,,NESCAC Womens Championships
Williams College,119,50 Free,10,25.03,Aly Eward,,Jayden Szkirka Memorial Championships
Williams College,119,500 Free,1,4:58.75,Anna Doherty,,NESCAC Womens Championships
Williams College,119,500 Free,2,4:59.59,Carter Roebuck,,NESCAC Womens Championships
Williams College,119,500 Free,3,5:03.79,Sophie Phelps,,MIT vs. Williams & NYU
Williams College,119,500 Free,4,5:05.88,Kyla Kelley,,NESCAC Womens Championships
Williams College,119,500 Free,5,5:07.09,Isabel Espinosa,,NESCAC Womens Championships
Williams College,119,500 Free,6,5:07.33,Lily Codd,,Williams v Middlebury v Hamilton
Williams College,119,500 Free,7,5:12.21,Esme Van Orden,,Middlebury Invitational
Williams College,119,500 Free,8,5:13.10,Gracie O'Connell,,Jayden Szkirka Memorial Championships
Williams College,119,500 Free,9,5:15.17,Azmera Gebre,,NESCAC Womens Championships
