school_name,team_id,event,rank,time,swimmer,year,meet
Amherst College,103,100 Back,1,50.43,Emmanuel Odim,,NESCAC Mens Championships
Amherst College,103,100 Back,2,50.50,Jonah Luetke,,NESCAC Mens Championships
Amherst College,103,100 Back,3,52.15,Owen Vale,,Menck Sprints
Amherst College,103,100 Back,4,53.56,Joel Chen,,MIT vs. Amherst
Amherst College,103,100 Back,5,54.32,JP Giglio,,Amherst vs. Colby
Amherst College,103,100 Back,6,54.88,Henry Liu,,Menck Sprints
Amherst College,103,100 Back,7,55.56,Teddy Sun,,MIT vs. Amherst
Amherst College,103,100 Back,8,55.85,Michael Jang,,Conn Amherst CGA
Amherst College,103,100 Back,9,1:01.81,Jack D'Alessandro,,Amherst vs. Colby
Amherst College,103,100 Breast,1,54.06,Eric Albers,,NESCAC Mens Championships
Amherst College,103,100 Breast,2,54.33,Fynlan Nadel,,NESCAC Mens Championships
Amherst College,103,100 Breast,3,54.80,Henry Liu,,NESCAC Mens Championships
Amherst College,103,100 Breast,4,57.49,Jeffrey Ge,,NESCAC Mens Championships
Amherst College,103,100 Breast,5,58.13,Joel Chen,,Amherst vs Springfield
Amherst College,103,100 Breast,6,58.53,Owen Vale,,Menck Sprints
Amherst College,103,100 Breast,7,1:00.47,Michael Jang,,Amherst vs. Colby
Amherst College,103,100 Breast,8,1:03.36,JP Giglio,,MIT vs. Amherst
Amherst College,103,100 Fly,1,48.90,Cameron Aryanpour,,NESCAC Mens Championships
Amherst College,103,100 Fly,2,49.78,Henry LeCates,,NESCAC Mens Championships
Amherst College,103,100 Fly,3,50.30,Tom Conaty,,NESCAC Mens Championships
Amherst College,103,100 Fly,4,51.02,Roan Haney,,NESCAC Mens Championships
Amherst College,103,100 Fly,5,51.13,Liam Mahoney,,NESCAC Mens Championships
Amherst College,103,100 Fly,6,52.00,Fynlan Nadel,,Conn Amherst CGA
Amherst College,103,100 Fly,7,53.01,Owen Vale,,NESCAC Mens Championships
Amherst College,103,100 Fly,8,53.37,Teddy Sun,,NESCAC Mens Championships
Amherst College,103,100 Fly,9,53.87,Emmanuel Odim,,Conn Amherst CGA
Amherst College,103,100 Fly,10,54.25,Ryan Roberts,,NESCAC Mens Championships
Amherst College,103,100 Free,1,44.80,Jack Goepfrich,,NESCAC Mens Championships
Amherst College,103,100 Free,2,45.39,Ethan Van De Water,,NESCAC Mens Championships
Amherst College,103,100 Free,3,45.83,Tom Conaty,,NESCAC Mens Championships
Amherst College,103,100 Free,4,46.85,Roan Haney,,NESCAC Mens Championships
Amherst College,103,100 Free,5,47.36,JP Giglio,,Menck Sprints
Amherst College,103,100 Free,6,47.56,Andrew Berkowitz,,NESCAC Mens Championships
Amherst College,103,100 Free,7,47.64,Cameron Aryanpour,,Conn Amherst CGA
Amherst College,103,100 Free,8,47.97,Henry Liu,,Conn Amherst CGA
Amherst College,103,100 Free,9,48.25,Teddy Sun,,Menck Sprints
Amherst College,103,100 Free,10,48.93,Henry LeCates,,MIT vs. Amherst
Amherst College,103,1000 Free,1,9:13.05,Benjamin Robins,,NESCAC Mens Championships
Amherst College,103,1000 Free,2,9:42.60,Charlie McMillan,,NESCAC Mens Championships
Amherst College,103,1000 Free,3,9:48.75,Jack D'Alessandro,,NESCAC Mens Championships
Amherst College,103,1000 Free,4,9:59.44,John Moll,,NESCAC Mens Championships
Amherst College,103,1000 Free,5,10:06.16,Ryan Roberts,,NESCAC Mens Championships
Amherst College,103,1650 Free,1,15:40.80,Benjamin Robins,,NESCAC Mens Championships
Amherst College,103,1650 Free,2,16:31.23,Jack D'Alessandro,,NESCAC Mens Championships
Amherst College,103,1650 Free,3,16:33.70,Charlie McMillan,,NESCAC Mens Championships
Amherst College,103,1650 Free,4,16:51.27,Ryan Roberts,,NESCAC Mens Championships
Amherst College,103,1650 Free,5,16:51.46,John Moll,,NESCAC Mens Championships
Amherst College,103,200 Back,1,1:51.70,Jonah Luetke,,NESCAC Mens Championships
Amherst College,103,200 Back,2,1:53.71,JP Giglio,,NESCAC Mens Championships
Amherst College,103,200 Back,3,1:54.38,Owen Vale,,Williams vs. Amherst
Amherst College,103,200 Back,4,1:59.19,Joel Chen,,Amherst vs. Colby
Amherst College,103,200 Back,5,1:59.85,Henry LeCates,,Amherst vs. Union (NY)
Amherst College,103,200 Back,6,2:01.00,Teddy Sun,,Amherst vs. Union (NY)
Amherst College,103,200 Back,7,2:02.02,Michael Jang,,MIT vs. Amherst
Amherst College,103,200 Breast,1,1:59.08,Eric Albers,,NESCAC Mens Championships
Amherst College,103,200 Breast,2,2:00.06,Henry Liu,,NESCAC Mens Championships
Amherst College,103,200 Breast,3,2:03.27,Michael Jang,,NESCAC Mens Championships
Amherst College,103,200 Breast,4,2:03.91,Jeffrey Ge,,NESCAC Mens Championships
Amherst College,103,200 Breast,5,2:04.14,Joel Chen,,NESCAC Mens Championships
Amherst College,103,200 Breast,6,2:05.20,Owen Vale,,MIT vs. Amherst
Amherst College,103,200 Breast,7,2:15.89,Teddy Sun,,MIT vs. Amherst
Amherst College,103,200 Breast,8,2:19.65,Ryan Roberts,,Amherst vs. Colby
Amherst College,103,200 Fly,1,1:48.16,Fynlan Nadel,,NESCAC Mens Championships
Amherst College,103,200 Fly,2,1:48.35,Owen Vale,,NESCAC Mens Championships
Amherst College,103,200 Fly,3,1:49.89,Henry LeCates,,NESCAC Mens Championships
Amherst College,103,200 Fly,4,1:51.66,Teddy Sun,,NESCAC Mens Championships
Amherst College,103,200 Fly,5,1:55.90,Liam Mahoney,,NESCAC Mens Championships
Amherst College,103,200 Fly,6,1:56.96,Jack Goepfrich,,Menck Sprints
Amherst College,103,200 Fly,7,2:00.49,Joel Chen,,Amherst vs. Union (NY)
Amherst College,103,200 Fly,8,2:02.58,Ryan Roberts,,Amherst vs. Union (NY)
Amherst College,103,200 Fly,9,2:05.20,Michael Jang,,Amherst vs. Union (NY)
Amherst College,103,200 Free,1,1:37.30,Jack Goepfrich,,NESCAC Mens Championships
Amherst College,103,200 Free,2,1:39.53,JP Giglio,,NESCAC Mens Championships
Amherst College,103,200 Free,3,1:40.72,Ethan Van De Water,,NESCAC Mens Championships
Amherst College,103,200 Free,4,1:41.26,Henry Liu,,NESCAC Mens Championships
Amherst College,103,200 Free,5,1:43.68,Owen Vale,,Menck Sprints
Amherst College,103,200 Free,6,1:43.75,Teddy Sun,,Amherst vs Springfield
Amherst College,103,200 Free,7,1:44.67,Andrew Berkowitz,,NESCAC Mens Championships
Amherst College,103,200 Free,8,1:44.75,Roan Haney,,Conn Amherst CGA
Amherst College,103,200 Free,9,1:45.28,Henry LeCates,,Menck Sprints
Amherst College,103,200 Free,10,1:46.11,Cameron Aryanpour,,Amherst vs Springfield
Amherst College,103,200 Im,1,1:47.84,Owen Vale,,NESCAC Mens Championships
Amherst College,103,200 Im,2,1:51.22,Henry Liu,,NESCAC Mens Championships
Amherst College,103,200 Im,3,1:52.81,JP Giglio,,NESCAC Mens Championships
Amherst College,103,200 Im,4,1:53.22,Joel Chen,,NESCAC Mens Championships
Amherst College,103,200 Im,5,1:54.24,Teddy Sun,,NESCAC Mens Championships
Amherst College,103,200 Im,6,1:57.64,Michael Jang,,Amherst vs Springfield
Amherst College,103,200 Im,7,1:58.83,Eric Albers,,MIT vs. Amherst
Amherst College,103,200 Im,8,1:59.39,Ryan Roberts,,MIT vs. Amherst
Amherst College,103,400 Im,1,3:50.78,Owen Vale,,NESCAC Mens Championships
Amherst College,103,400 Im,2,4:01.41,Michael Jang,,NESCAC Mens Championships
Amherst College,103,400 Im,3,4:04.70,Joel Chen,,NESCAC Mens Championships
Amherst College,103,400 Im,4,4:05.17,Henry Liu,,MIT vs. Amherst
Amherst College,103,400 Im,5,4:05.81,Teddy Sun,,NESCAC Mens Championships
Amherst College,103,400 Im,6,4:06.75,Ryan Roberts,,NESCAC Mens Championships
Amherst College,103,50 Free,1,20.56,Cameron Aryanpour,,NESCAC Mens Championships
Amherst College,103,50 Free,2,20.62,Ethan Van De Water,,NESCAC Mens Championships
Amherst College,103,50 Free,3,20.69,Jack Goepfrich,,NESCAC Mens Championships
Amherst College,103,50 Free,4,20.84,Tom Conaty,,NESCAC Mens Championships
Amherst College,103,50 Free,5,21.72,Henry LeCates,,Amherst vs Springfield
Amherst College,103,50 Free,6,21.75,Roan Haney,,Amherst vs Springfield
Amherst College,103,50 Free,7,21.91,Jonah Luetke,,Amherst vs Springfield
Amherst College,103,50 Free,8,22.14,Emmanuel Odim,,MIT vs. Amherst
Amherst College,103,50 Free,9,22.43,Andrew Berkowitz,,NESCAC Mens Championships
Amherst College,103,50 Free,10,22.48,Teddy Sun,,Wesleyan vs Amherst
Amherst College,103,500 Free,1,4:31.26,Benjamin Robins,,NESCAC Mens Championships
Amherst College,103,500 Free,2,4:34.57,Jack Goepfrich,,NESCAC Mens Championships
Amherst College,103,500 Free,3,4:42.47,Michael Jang,,Amherst vs Springfield
Amherst College,103,500 Free,4,4:42.48,Jack D'Alessandro,,NESCAC Mens Championships
Amherst College,103,500 Free,5,4:44.65,Charlie McMillan,,NESCAC Mens Championships
Amherst College,103,500 Free,6,4:46.24,John Moll,,NESCAC Mens Championships
Amherst College,103,500 Free,7,4:49.50,Andrew Berkowitz,,NESCAC Mens Championships
Amherst College,103,500 Free,8,4:51.68,Ryan Roberts,,NESCAC Mens Championships
Amherst College,103,500 Free,9,4:55.69,Teddy Sun,,Amherst vs. Colby
Augustana College,232,100 Back,1,51.04,Tyler Leslie,,CCIW Championships
Augustana College,232,100 Back,2,51.57,Luke Rettig,,CCIW Championships
Augustana College,232,100 Back,3,52.33,Trentin Lechleitner,,CCIW Championships
Augustana College,232,100 Back,4,52.85,Teddy McGuire,,CCIW Championships
Augustana College,232,100 Back,5,52.97,Cesar Castillo,,CCIW Championships
Augustana College,232,100 Back,6,53.34,Emanuel Anguelov,,2026 Grinnell Invite
Augustana College,232,100 Back,7,54.02,Jake McCormack,,CCIW Championships
Augustana College,232,100 Back,8,55.68,Alex Xayachanla,,CCIW Championships
Augustana College,232,100 Back,9,57.09,Joshua Whalen,,CCIW Championships
Augustana College,232,100 Back,10,57.60,Michael Garland,,Wheaton (IL) vs. North Central
Augustana College,232,100 Breast,1,55.94,Mark Addison,,CCIW Championships
Augustana College,232,100 Breast,2,56.29,Alejandro Jacob,,CCIW Championships
Augustana College,232,100 Breast,3,57.40,Matthew Meyer,,CCIW Championships
Augustana College,232,100 Breast,4,57.44,Michael Garland,,CCIW Championships
Augustana College,232,100 Breast,5,59.36,Tyler Leslie,,Wheaton (IL) vs. North Central
Augustana College,232,100 Breast,6,1:01.29,Henry Chapon,,CCIW Championships
Augustana College,232,100 Breast,7,1:02.00,Alex Xayachanla,,CCIW Championships
Augustana College,232,100 Breast,8,1:02.55,Cesar Castillo,,Luther Invitational
Augustana College,232,100 Breast,9,1:03.51,Jake McCormack,,Wheaton (IL) vs. North Central
Augustana College,232,100 Breast,10,1:03.55,Emanuel Anguelov,,Wheaton (IL) vs. North Central
Augustana College,232,100 Fly,1,50.62,Jake McCormack,,CCIW Championships
Augustana College,232,100 Fly,2,50.89,Tyler Leslie,,"Augustana (IL) vs. Coe, Monmouth (IL)"
Augustana College,232,100 Fly,3,51.11,Teddy McGuire,,CCIW Championships
Augustana College,232,100 Fly,4,51.46,Luke Rettig,,Augustana College (IL) vs. Loras College
Augustana College,232,100 Fly,5,51.54,Ian Palmroos,,CCIW Championships
Augustana College,232,100 Fly,6,52.55,Cesar Castillo,,CCIW Championships
Augustana College,232,100 Fly,7,52.72,Elliot Martillo,,CCIW Championships
Augustana College,232,100 Fly,8,52.91,Emanuel Anguelov,,"Augustana (IL) vs. Coe, Monmouth (IL)"
Augustana College,232,100 Fly,9,54.89,Carter Lavold,,Augustana College (IL) vs. Loras College
Augustana College,232,100 Fly,10,55.70,Alex Xayachanla,,"Augustana (IL) vs. Coe, Monmouth (IL)"
Augustana College,232,100 Free,1,45.51,Tyler Leslie,,CCIW Championships
Augustana College,232,100 Free,2,45.83,Oskar Bannister,,CCIW Championships
Augustana College,232,100 Free,3,45.94,Luke Rettig,,CCIW Championships
Augustana College,232,100 Free,4,46.23,Mark Addison,,CCIW Championships
Augustana College,232,100 Free,5,46.69,Bjorn Sievert,,Luther Invitational
Augustana College,232,100 Free,6,47.10,Emanuel Anguelov,,2026 Grinnell Invite
Augustana College,232,100 Free,7,47.27,Teddy McGuire,,CCIW Championships
Augustana College,232,100 Free,8,47.39,Trentin Lechleitner,,CCIW Championships
Augustana College,232,100 Free,9,47.60,Sam Kulisek,,CCIW Championships
Augustana College,232,100 Free,10,48.11,Jake McCormack,,2026 Grinnell Invite
Augustana College,232,1000 Free,1,9:52.25,Tyler Leslie,,Augustana (IL) vs. Wheaton (IL)
Augustana College,232,1000 Free,2,9:59.90,Matthew Meyer,,CCIW Championships
Augustana College,232,1000 Free,3,10:06.03,Ethan Herstedt,,CCIW Championships
Augustana College,232,1000 Free,4,10:26.80,Matteo Graham,,2026 Grinnell Invite
Augustana College,232,1000 Free,5,10:38.26,Carter Lavold,,Augustana College (IL) vs. Loras College
Augustana College,232,1000 Free,6,10:50.64,Christian Mammoser,,CCIW Championships
Augustana College,232,1000 Free,7,10:53.68,Joshua Whalen,,CCIW Championships
Augustana College,232,1000 Free,8,10:56.90,Max Nord,,CCIW Championships
Augustana College,232,1000 Free,9,11:40.44,Bjorn Sievert,,2026 Grinnell Invite
Augustana College,232,1000 Free,10,12:15.03,Christopher Bajda,,2026 Grinnell Invite
Augustana College,232,1650 Free,1,16:23.84,Tyler Leslie,,Augustana (IL) vs. Wheaton (IL)
Augustana College,232,1650 Free,2,16:39.49,Matthew Meyer,,CCIW Championships
Augustana College,232,1650 Free,3,16:47.81,Ethan Herstedt,,CCIW Championships
Augustana College,232,1650 Free,4,17:23.52,Matteo Graham,,2026 Grinnell Invite
Augustana College,232,1650 Free,5,17:40.54,Carter Lavold,,Augustana College (IL) vs. Loras College
Augustana College,232,1650 Free,6,17:55.94,Joshua Whalen,,CCIW Championships
Augustana College,232,1650 Free,7,18:01.61,Christian Mammoser,,CCIW Championships
Augustana College,232,1650 Free,8,18:02.54,Max Nord,,CCIW Championships
Augustana College,232,1650 Free,9,19:29.48,Bjorn Sievert,,2026 Grinnell Invite
Augustana College,232,1650 Free,10,20:43.73,Christopher Bajda,,2026 Grinnell Invite
Augustana College,232,200 Back,1,1:51.60,Tyler Leslie,,CCIW Championships
Augustana College,232,200 Back,2,1:52.43,Emanuel Anguelov,,CCIW Championships
Augustana College,232,200 Back,3,1:57.69,Cesar Castillo,,CCIW Championships
Augustana College,232,200 Back,4,2:03.71,Alex Xayachanla,,Luther Invitational
Augustana College,232,200 Back,5,2:03.76,Teddy McGuire,,2026 Grinnell Invite
Augustana College,232,200 Back,6,2:05.76,Luke Rettig,,Luther Invitational
Augustana College,232,200 Back,7,2:08.50,Jake McCormack,,"Augustana (IL) vs. Coe, Monmouth (IL)"
Augustana College,232,200 Back,8,2:12.53,Elliot Martillo,,Luther Invitational
Augustana College,232,200 Back,9,2:12.64,Joshua Whalen,,2026 Grinnell Invite
Augustana College,232,200 Back,10,2:14.50,Ethan Herstedt,,Grinnell College vs CC and Augstana
Augustana College,232,200 Breast,1,2:00.45,Mark Addison,,CCIW Championships
Augustana College,232,200 Breast,2,2:04.59,Michael Garland,,CCIW Championships
Augustana College,232,200 Breast,3,2:08.22,Alejandro Jacob,,CCIW Championships
Augustana College,232,200 Breast,4,2:12.65,Henry Chapon,,CCIW Championships
Augustana College,232,200 Breast,5,2:13.37,Matthew Meyer,,2026 Grinnell Invite
Augustana College,232,200 Breast,6,2:21.16,Alex Xayachanla,,"Augustana (IL) vs. Coe, Monmouth (IL)"
Augustana College,232,200 Breast,7,2:25.22,Carter Lavold,,"Augustana (IL) vs. Coe, Monmouth (IL)"
Augustana College,232,200 Breast,8,2:29.16,Matteo Graham,,Luther Invitational
Augustana College,232,200 Fly,1,1:55.21,Carter Lavold,,CCIW Championships
Augustana College,232,200 Fly,2,1:59.76,Ian Palmroos,,CCIW Championships
Augustana College,232,200 Fly,3,1:59.91,Emanuel Anguelov,,"Augustana (IL) vs. Coe, Monmouth (IL)"
Augustana College,232,200 Fly,4,1:59.98,Elliot Martillo,,CCIW Championships
Augustana College,232,200 Fly,5,2:02.24,Alex Xayachanla,,CCIW Championships
Augustana College,232,200 Fly,6,2:02.26,Luke Rettig,,IWU Halloween Invite
Augustana College,232,200 Fly,7,2:06.47,Ethan Herstedt,,2026 Grinnell Invite
Augustana College,232,200 Fly,8,2:10.95,Christian Mammoser,,Luther Invitational
Augustana College,232,200 Fly,9,2:16.68,Jake McCormack,,Luther Invitational
Augustana College,232,200 Fly,10,2:24.56,Finn Glazebrook,,2026 Grinnell Invite
Augustana College,232,200 Free,1,1:38.45,Tyler Leslie,,CCIW Championships
Augustana College,232,200 Free,2,1:41.68,Mark Addison,,2026 Grinnell Invite
Augustana College,232,200 Free,3,1:41.99,Matthew Meyer,,CCIW Championships
Augustana College,232,200 Free,4,1:42.03,Oskar Bannister,,CCIW Championships
Augustana College,232,200 Free,5,1:42.52,Emanuel Anguelov,,CCIW Championships
Augustana College,232,200 Free,6,1:46.07,Luke Rettig,,2026 Grinnell Invite
Augustana College,232,200 Free,7,1:47.79,Sam Kulisek,,CCIW Championships
Augustana College,232,200 Free,8,1:48.22,Bjorn Sievert,,CCIW Championships
Augustana College,232,200 Free,9,1:49.25,Trentin Lechleitner,,2026 Grinnell Invite
Augustana College,232,200 Free,10,1:49.72,Teddy McGuire,,Luther Invitational
Augustana College,232,200 Im,1,1:50.85,Tyler Leslie,,CCIW Championships
Augustana College,232,200 Im,2,1:55.06,Emanuel Anguelov,,CCIW Championships
Augustana College,232,200 Im,3,1:55.15,Michael Garland,,CCIW Championships
Augustana College,232,200 Im,4,1:56.52,Mark Addison,,"Augustana (IL) vs. Coe, Monmouth (IL)"
Augustana College,232,200 Im,5,1:58.64,Matthew Meyer,,2026 Grinnell Invite
Augustana College,232,200 Im,6,1:58.69,Henry Chapon,,CCIW Championships
Augustana College,232,200 Im,7,2:01.95,Ian Palmroos,,CCIW Championships
Augustana College,232,200 Im,8,2:02.57,Alex Xayachanla,,CCIW Championships
Augustana College,232,200 Im,9,2:04.01,Cesar Castillo,,Augustana (IL) vs. Wheaton (IL)
Augustana College,232,200 Im,10,2:08.09,Carter Lavold,,"Augustana (IL) vs. Coe, Monmouth (IL)"
Augustana College,232,400 Im,1,4:04.02,Tyler Leslie,,Wheaton (IL) vs. North Central
Augustana College,232,400 Im,2,4:12.05,Matthew Meyer,,CCIW Championships
Augustana College,232,400 Im,3,4:13.57,Emanuel Anguelov,,Luther Invitational
Augustana College,232,400 Im,4,4:17.14,Carter Lavold,,CCIW Championships
Augustana College,232,400 Im,5,4:24.04,Ethan Herstedt,,CCIW Championships
Augustana College,232,400 Im,6,4:25.13,Alex Xayachanla,,CCIW Championships
Augustana College,232,400 Im,7,4:29.83,Alejandro Jacob,,CCIW Championships
Augustana College,232,400 Im,8,4:30.49,Cesar Castillo,,Luther Invitational
Augustana College,232,400 Im,9,4:33.13,Michael Garland,,Grinnell College vs CC and Augstana
Augustana College,232,400 Im,10,4:54.79,Elliot Martillo,,Wheaton (IL) vs. North Central
Augustana College,232,50 Free,1,20.84,Oskar Bannister,,CCIW Championships
Augustana College,232,50 Free,2,20.87,Luke Rettig,,CCIW Championships
Augustana College,232,50 Free,3,20.94,Bjorn Sievert,,Luther Invitational
Augustana College,232,50 Free,4,21.29,Tyler Leslie,,Augustana (IL) vs. Wheaton (IL)
Augustana College,232,50 Free,5,21.42,Emanuel Anguelov,,CCIW Championships
Augustana College,232,50 Free,6,21.55,Jake McCormack,,CCIW Championships
Augustana College,232,50 Free,7,21.59,Trentin Lechleitner,,CCIW Championships
Augustana College,232,50 Free,8,21.72,Mark Addison,,"Augustana (IL) vs. Coe, Monmouth (IL)"
Augustana College,232,50 Free,9,21.81,Will Quesnell,,CCIW Championships
Augustana College,232,50 Free,10,21.81,Sam Kulisek,,CCIW Championships
Augustana College,232,500 Free,1,4:33.46,Mark Addison,,CCIW Championships
Augustana College,232,500 Free,2,4:38.87,Matthew Meyer,,CCIW Championships
Augustana College,232,500 Free,3,4:47.45,Carter Lavold,,CCIW Championships
Augustana College,232,500 Free,4,4:49.39,Ethan Herstedt,,CCIW Championships
Augustana College,232,500 Free,5,4:55.15,Oskar Bannister,,Wheaton (IL) vs. North Central
Augustana College,232,500 Free,6,4:58.31,Luke Rettig,,Luther Invitational
Augustana College,232,500 Free,7,4:58.81,Matteo Graham,,2026 Grinnell Invite
Augustana College,232,500 Free,8,5:04.12,Sam Kulisek,,Luther Invitational
Augustana College,232,500 Free,9,5:06.49,Joshua Whalen,,2026 Grinnell Invite
Augustana College,232,500 Free,10,5:10.41,Max Nord,,CCIW Championships
Bates College,76,100 Back,1,47.86,Tim Johnson,,NESCAC Mens Championships
Bates College,76,100 Back,2,50.93,Zach White,,NESCAC Mens Championships
Bates College,76,100 Back,3,51.54,Kyle Beebe,,NESCAC Mens Championships
Bates College,76,100 Back,4,51.70,Natte Pierce,,NESCAC Mens Championships
Bates College,76,100 Back,5,52.41,John Weigel,,Bates vs. Wheaton (MA)
Bates College,76,100 Back,6,53.18,Odin Schwab,,Colby vs Bowdoin & Bates
Bates College,76,100 Back,7,55.40,Alex Brann,,Bates vs. Wesleyan
Bates College,76,100 Back,8,55.76,Lucas Gold,,Maine Collegiate Invite
Bates College,76,100 Back,9,1:05.62,Ben Madan,,Bates v UNE
Bates College,76,100 Breast,1,51.85,Marrich Somridhivej,,NESCAC Mens Championships
Bates College,76,100 Breast,2,54.39,Nate Oppenheim,,Colby vs Bowdoin & Bates
Bates College,76,100 Breast,3,55.39,Noah Katz,,NESCAC Mens Championships
Bates College,76,100 Breast,4,56.21,Kailer Tom,,NESCAC Mens Championships
Bates College,76,100 Breast,5,56.40,John Weigel,,Middlebury vs. Bates
Bates College,76,100 Breast,6,1:02.87,Will Trotman,,Bates v UNE
Bates College,76,100 Breast,7,1:06.23,Xander Theodos,,Bates v UNE
Bates College,76,100 Breast,8,1:07.02,Collin Faraher,,Bates v UNE
Bates College,76,100 Breast,9,1:07.87,Kyle Beebe,,Bates v UNE
Bates College,76,100 Fly,1,47.51,Max Cory,,NESCAC Mens Championships
Bates College,76,100 Fly,2,48.31,Nate Oppenheim,,NESCAC Mens Championships
Bates College,76,100 Fly,3,49.73,Liam Friedlander,,NESCAC Mens Championships
Bates College,76,100 Fly,4,50.87,Trent Hieber,,Colby vs Bowdoin & Bates
Bates College,76,100 Fly,5,50.94,Peter Morris,,NESCAC Mens Championships
Bates College,76,100 Fly,6,51.10,Xander Theodos,,NESCAC Mens Championships
Bates College,76,100 Fly,7,51.88,Collin Faraher,,NESCAC Mens Championships
Bates College,76,100 Fly,8,52.04,Will Trotman,,Maine Collegiate Invite
Bates College,76,100 Fly,9,52.35,Eyton Ng,,Middlebury vs. Bates
Bates College,76,100 Fly,10,54.86,Alex Brann,,Bates vs. Wheaton (MA)
Bates College,76,100 Free,1,42.92,Max Cory,,NESCAC Mens Championships
Bates College,76,100 Free,2,44.36,John Weigel,,NESCAC Mens Championships
Bates College,76,100 Free,3,45.98,Marrich Somridhivej,,Middlebury vs. Bates
Bates College,76,100 Free,4,46.07,Natte Pierce,,NESCAC Mens Championships
Bates College,76,100 Free,5,46.57,Nate Oppenheim,,Maine Collegiate Invite
Bates College,76,100 Free,6,46.82,Kyle Beebe,,NESCAC Mens Championships
Bates College,76,100 Free,7,47.04,Eyton Ng,,NESCAC Mens Championships
Bates College,76,100 Free,8,47.11,Collin Faraher,,NESCAC Mens Championships
Bates College,76,100 Free,9,47.40,Alex Brann,,NESCAC Mens Championships
Bates College,76,100 Free,10,47.60,Peter Morris,,NESCAC Mens Championships
Bates College,76,1000 Free,1,9:45.18,Anton Kondratyev,,NESCAC Mens Championships
Bates College,76,1000 Free,2,9:47.62,Matt Kunkiewicz,,NESCAC Mens Championships
Bates College,76,1000 Free,3,10:03.60,Luka Di Fabio,,NESCAC Mens Championships
Bates College,76,1000 Free,4,10:08.92,Liam Friedlander,,Bates vs. Gettysburg
Bates College,76,1000 Free,5,10:24.99,Connor Schaffel,,Bates vs. Wesleyan
Bates College,76,1650 Free,1,16:22.94,Anton Kondratyev,,NESCAC Mens Championships
Bates College,76,1650 Free,2,16:23.91,Matt Kunkiewicz,,NESCAC Mens Championships
Bates College,76,1650 Free,3,16:31.90,Luka Di Fabio,,NESCAC Mens Championships
Bates College,76,1650 Free,4,17:20.13,Connor Schaffel,,Maine Collegiate Invite
Bates College,76,200 Back,1,1:46.11,Tim Johnson,,NESCAC Mens Championships
Bates College,76,200 Back,2,1:56.85,Zach White,,NESCAC Mens Championships
Bates College,76,200 Back,3,1:57.50,Odin Schwab,,Colby vs Bowdoin & Bates
Bates College,76,200 Back,4,1:59.09,Matt Kunkiewicz,,Colby vs Bowdoin & Bates
Bates College,76,200 Back,5,2:04.43,Kyle Beebe,,Bates vs. Wesleyan
Bates College,76,200 Breast,1,1:59.99,Marrich Somridhivej,,Colby vs Bowdoin & Bates
Bates College,76,200 Breast,2,2:01.01,Nate Oppenheim,,NESCAC Mens Championships
Bates College,76,200 Breast,3,2:08.80,Kailer Tom,,Maine Collegiate Invite
Bates College,76,200 Breast,4,2:19.45,Noah Katz,,Middlebury vs. Bates
Bates College,76,200 Fly,1,1:48.05,Liam Friedlander,,NESCAC Mens Championships
Bates College,76,200 Fly,2,1:51.20,Will Trotman,,NESCAC Mens Championships
Bates College,76,200 Fly,3,1:55.43,Trent Hieber,,NESCAC Mens Championships
Bates College,76,200 Fly,4,2:00.23,Xander Theodos,,NESCAC Mens Championships
Bates College,76,200 Fly,5,2:00.31,Luka Di Fabio,,Tufts vs. Bates
Bates College,76,200 Fly,6,2:06.42,Matt Kunkiewicz,,Maine Collegiate Invite
Bates College,76,200 Fly,7,2:08.90,Dalton Edman,,Maine Collegiate Invite
Bates College,76,200 Free,1,1:37.51,John Weigel,,NESCAC Mens Championships
Bates College,76,200 Free,2,1:41.96,Will Trotman,,NESCAC Mens Championships
Bates College,76,200 Free,3,1:43.14,Alex Brann,,NESCAC Mens Championships
Bates College,76,200 Free,4,1:44.13,Max Cory,,Middlebury vs. Bates
Bates College,76,200 Free,5,1:44.70,Nate Oppenheim,,Tufts vs. Bates
Bates College,76,200 Free,6,1:44.96,Ben Madan,,NESCAC Mens Championships
Bates College,76,200 Free,7,1:45.10,Anton Kondratyev,,Colby vs Bowdoin & Bates
Bates College,76,200 Free,8,1:45.60,Luka Di Fabio,,Colby vs Bowdoin & Bates
Bates College,76,200 Free,9,1:46.00,Matt Kunkiewicz,,Colby vs Bowdoin & Bates
Bates College,76,200 Free,10,1:46.65,Liam Friedlander,,Maine Collegiate Invite
Bates College,76,200 Im,1,1:50.12,Tim Johnson,,NESCAC Mens Championships
Bates College,76,200 Im,2,1:51.18,Nate Oppenheim,,NESCAC Mens Championships
Bates College,76,200 Im,3,1:52.52,John Weigel,,Maine Collegiate Invite
Bates College,76,200 Im,4,1:59.13,Will Trotman,,Maine Collegiate Invite
Bates College,76,200 Im,5,2:01.63,Luka Di Fabio,,Maine Collegiate Invite
Bates College,76,200 Im,6,2:01.79,Matt Kunkiewicz,,Maine Collegiate Invite
Bates College,76,200 Im,7,2:02.16,Alex Brann,,Tufts vs. Bates
Bates College,76,200 Im,8,2:02.24,Liam Friedlander,,Bates vs. Wesleyan
Bates College,76,200 Im,9,2:12.03,Connor Schaffel,,Bates vs. Wheaton (MA)
Bates College,76,400 Im,1,4:12.41,Nate Oppenheim,,Middlebury vs. Bates
Bates College,76,400 Im,2,4:12.67,Luka Di Fabio,,NESCAC Mens Championships
Bates College,76,400 Im,3,4:19.35,Liam Friedlander,,Middlebury vs. Bates
Bates College,76,400 Im,4,4:24.19,Tim Johnson,,Middlebury vs. Bates
Bates College,76,400 Im,5,4:31.50,Matt Kunkiewicz,,Middlebury vs. Bates
Bates College,76,400 Im,6,4:33.37,Connor Schaffel,,Maine Collegiate Invite
Bates College,76,50 Free,1,19.53,Max Cory,,NESCAC Mens Championships
Bates College,76,50 Free,2,20.36,John Weigel,,NESCAC Mens Championships
Bates College,76,50 Free,3,20.59,Marrich Somridhivej,,Colby vs Bowdoin & Bates
Bates College,76,50 Free,4,20.63,Benjamin Wolking,,NESCAC Mens Championships
Bates College,76,50 Free,5,20.67,Nate Oppenheim,,NESCAC Mens Championships
Bates College,76,50 Free,6,20.81,Natte Pierce,,NESCAC Mens Championships
Bates College,76,50 Free,7,21.45,Eyton Ng,,NESCAC Mens Championships
Bates College,76,50 Free,8,21.51,Peter Morris,,NESCAC Mens Championships
Bates College,76,50 Free,9,21.61,Collin Faraher,,NESCAC Mens Championships
Bates College,76,50 Free,10,21.67,Noah Katz,,NESCAC Mens Championships
Bates College,76,500 Free,1,4:35.08,Liam Friedlander,,NESCAC Mens Championships
Bates College,76,500 Free,2,4:35.54,Anton Kondratyev,,NESCAC Mens Championships
Bates College,76,500 Free,3,4:36.82,Will Trotman,,NESCAC Mens Championships
Bates College,76,500 Free,4,4:43.35,Matt Kunkiewicz,,NESCAC Mens Championships
Bates College,76,500 Free,5,4:46.18,Luka Di Fabio,,NESCAC Mens Championships
Bates College,76,500 Free,6,4:49.12,Alex Brann,,NESCAC Mens Championships
Bates College,76,500 Free,7,4:59.05,Ryan Amundson,,Colby vs Bowdoin & Bates
Bates College,76,500 Free,8,5:03.76,Connor Schaffel,,Maine Collegiate Invite
Bates College,76,500 Free,9,5:19.22,Lucas Gold,,Middlebury vs. Bates
Bowdoin College,36,100 Back,1,48.87,Jack Tran,,NESCAC Mens Championships
Bowdoin College,36,100 Back,2,51.42,Owen Weller,,NESCAC Mens Championships
Bowdoin College,36,100 Back,3,52.47,David Xu,,Maine Collegiate Invite
Bowdoin College,36,100 Back,4,53.62,Theo Veru,,NESCAC Mens Championships
Bowdoin College,36,100 Back,5,53.78,Tyler Lenk,,NESCAC Mens Championships
Bowdoin College,36,100 Breast,1,59.78,Jack Tran,,Maine vs. Bowdoin
Bowdoin College,36,100 Breast,2,59.92,Amadou Sall,,NESCAC Mens Championships
Bowdoin College,36,100 Breast,3,59.94,Henry Peters,,Maine Collegiate Invite
Bowdoin College,36,100 Breast,4,1:02.61,Peter Hou,,Colby vs Bowdoin & Bates
Bowdoin College,36,100 Breast,5,1:11.08,Logan Driever,,Maine vs. Bowdoin
Bowdoin College,36,100 Breast,6,1:12.84,Getchell Gibbons,,Maine vs. Bowdoin
Bowdoin College,36,100 Fly,1,48.51,Raphael Grand’Pierre,,NESCAC Mens Championships
Bowdoin College,36,100 Fly,2,49.57,Jaran Depew,,NESCAC Mens Championships
Bowdoin College,36,100 Fly,3,50.38,Jack Tran,,Colby vs Bowdoin & Bates
Bowdoin College,36,100 Fly,4,50.45,Jacob Kellerman,,Colby vs Bowdoin & Bates
Bowdoin College,36,100 Fly,5,50.61,Getchell Gibbons,,NESCAC Mens Championships
Bowdoin College,36,100 Fly,6,50.81,Micah Sher,,NESCAC Mens Championships
Bowdoin College,36,100 Fly,7,51.06,Hayden Mallory,,NESCAC Mens Championships
Bowdoin College,36,100 Fly,8,52.20,Gaffney McDonough,,Maine Collegiate Invite
Bowdoin College,36,100 Fly,9,52.81,Phillip Bianco,,Maine Collegiate Invite
Bowdoin College,36,100 Fly,10,53.45,David Xu,,NESCAC Mens Championships
Bowdoin College,36,100 Free,1,44.48,Raphael Grand’Pierre,,NESCAC Mens Championships
Bowdoin College,36,100 Free,2,44.94,Jack Tran,,NESCAC Mens Championships
Bowdoin College,36,100 Free,3,45.86,Henry Peters,,Maine Collegiate Invite
Bowdoin College,36,100 Free,4,45.87,Getchell Gibbons,,NESCAC Mens Championships
Bowdoin College,36,100 Free,5,45.94,Micah Sher,,NESCAC Mens Championships
Bowdoin College,36,100 Free,6,46.62,Gaffney McDonough,,NESCAC Mens Championships
Bowdoin College,36,100 Free,7,46.72,Jaran Depew,,NESCAC Mens Championships
Bowdoin College,36,100 Free,8,47.13,Hayden Mallory,,NESCAC Mens Championships
Bowdoin College,36,100 Free,9,48.36,Nathan Kellerman,,NESCAC Mens Championships
Bowdoin College,36,100 Free,10,48.40,Tyler Lenk,,NESCAC Mens Championships
Bowdoin College,36,1000 Free,1,9:22.08,Chase Shapiro,,NESCAC Mens Championships
Bowdoin College,36,1000 Free,2,9:32.44,Phillip Bianco,,NESCAC Mens Championships
Bowdoin College,36,1000 Free,3,9:38.34,Colby Whitney,,NESCAC Mens Championships
Bowdoin College,36,1000 Free,4,10:35.91,Logan Driever,,NESCAC Mens Championships
Bowdoin College,36,1650 Free,1,15:46.69,Chase Shapiro,,NESCAC Mens Championships
Bowdoin College,36,1650 Free,2,16:16.01,Colby Whitney,,NESCAC Mens Championships
Bowdoin College,36,1650 Free,3,17:33.44,Logan Driever,,NESCAC Mens Championships
Bowdoin College,36,200 Back,1,1:52.16,Owen Weller,,NESCAC Mens Championships
Bowdoin College,36,200 Back,2,1:53.71,David Xu,,Maine Collegiate Invite
Bowdoin College,36,200 Back,3,1:56.10,Joram Kim,,NESCAC Mens Championships
Bowdoin College,36,200 Back,4,1:57.37,Theo Veru,,NESCAC Mens Championships
Bowdoin College,36,200 Back,5,2:00.94,Tyler Lenk,,NESCAC Mens Championships
Bowdoin College,36,200 Breast,1,2:22.49,David Xu,,Maine vs. Bowdoin
Bowdoin College,36,200 Breast,2,2:24.62,Amadou Sall,,Colby vs Bowdoin & Bates
Bowdoin College,36,200 Breast,3,2:25.72,Joram Kim,,Colby vs Bowdoin & Bates
Bowdoin College,36,200 Breast,4,2:26.50,Chase Shapiro,,Conn College vs. Bowdoin
Bowdoin College,36,200 Fly,1,1:48.95,Jaran Depew,,NESCAC Mens Championships
Bowdoin College,36,200 Fly,2,1:50.74,David Xu,,NESCAC Mens Championships
Bowdoin College,36,200 Fly,3,1:52.41,Phillip Bianco,,NESCAC Mens Championships
Bowdoin College,36,200 Fly,4,2:00.99,Colby Whitney,,Maine Collegiate Invite
Bowdoin College,36,200 Fly,5,2:03.37,Chase Shapiro,,Maine Collegiate Invite
Bowdoin College,36,200 Fly,6,2:07.60,Jacob Kellerman,,Maine Collegiate Invite
Bowdoin College,36,200 Free,1,1:39.63,Raphael Grand’Pierre,,NESCAC Mens Championships
Bowdoin College,36,200 Free,2,1:42.98,Phillip Bianco,,NESCAC Mens Championships
Bowdoin College,36,200 Free,3,1:43.41,Jaran Depew,,NESCAC Mens Championships
Bowdoin College,36,200 Free,4,1:43.47,David Xu,,Colby vs Bowdoin & Bates
Bowdoin College,36,200 Free,5,1:46.55,Getchell Gibbons,,Colby vs Bowdoin & Bates
Bowdoin College,36,200 Free,6,1:47.02,Colby Whitney,,Colby vs Bowdoin & Bates
Bowdoin College,36,200 Free,7,1:47.18,Chase Shapiro,,Maine Collegiate Invite
Bowdoin College,36,200 Free,8,1:49.51,Theo Veru,,Maine Collegiate Invite
Bowdoin College,36,200 Free,9,1:50.06,Hayden Mallory,,Maine vs. Bowdoin
Bowdoin College,36,200 Free,10,1:50.08,Logan Driever,,Colby vs Bowdoin & Bates
Bowdoin College,36,200 Im,1,1:52.41,Jaran Depew,,NESCAC Mens Championships
Bowdoin College,36,200 Im,2,1:53.31,David Xu,,NESCAC Mens Championships
Bowdoin College,36,200 Im,3,1:57.81,Joram Kim,,NESCAC Mens Championships
Bowdoin College,36,200 Im,4,1:59.77,Michael Mahedy,,NESCAC Mens Championships
Bowdoin College,36,200 Im,5,2:00.18,Owen Weller,,Maine Collegiate Invite
Bowdoin College,36,200 Im,6,2:03.07,Henry Peters,,Maine vs. Bowdoin
Bowdoin College,36,200 Im,7,2:12.13,Theo Veru,,MIT vs. Bowdoin
Bowdoin College,36,400 Im,1,4:02.69,David Xu,,NESCAC Mens Championships
Bowdoin College,36,400 Im,2,4:07.11,Joram Kim,,NESCAC Mens Championships
Bowdoin College,36,400 Im,3,4:10.08,Chase Shapiro,,NESCAC Mens Championships
Bowdoin College,36,400 Im,4,4:17.93,Colby Whitney,,Maine Collegiate Invite
Bowdoin College,36,400 Im,5,4:33.60,Michael Mahedy,,Maine vs. Bowdoin
Bowdoin College,36,50 Free,1,20.27,Jack Tran,,NESCAC Mens Championships
Bowdoin College,36,50 Free,2,20.44,Raphael Grand’Pierre,,NESCAC Mens Championships
Bowdoin College,36,50 Free,3,20.49,Henry Peters,,NESCAC Mens Championships
Bowdoin College,36,50 Free,4,20.88,Micah Sher,,NESCAC Mens Championships
Bowdoin College,36,50 Free,5,20.96,Gaffney McDonough,,Maine Collegiate Invite
Bowdoin College,36,50 Free,6,21.25,Getchell Gibbons,,NESCAC Mens Championships
Bowdoin College,36,50 Free,7,21.54,Hayden Mallory,,NESCAC Mens Championships
Bowdoin College,36,50 Free,8,21.66,Jacob Kellerman,,Colby vs Bowdoin & Bates
Bowdoin College,36,50 Free,9,21.74,Tyler Lenk,,NESCAC Mens Championships
Bowdoin College,36,50 Free,10,21.94,Amadou Sall,,NESCAC Mens Championships
Bowdoin College,36,500 Free,1,4:35.91,Chase Shapiro,,NESCAC Mens Championships
Bowdoin College,36,500 Free,2,4:36.71,Phillip Bianco,,NESCAC Mens Championships
Bowdoin College,36,500 Free,3,4:39.80,Colby Whitney,,NESCAC Mens Championships
Bowdoin College,36,500 Free,4,4:49.87,David Xu,,Colby vs Bowdoin & Bates
Bowdoin College,36,500 Free,5,5:03.55,Logan Driever,,NESCAC Mens Championships
Bowdoin College,36,500 Free,6,5:44.52,Amadou Sall,,Maine vs. Bowdoin
Calvin University,55,100 Back,1,47.19,Charles Platt,,MIAA Championships
Calvin University,55,100 Back,2,47.53,Jackson Merkel,,MIAA Championships
Calvin University,55,100 Back,3,50.55,David Gabrielle,,MIAA Championships
Calvin University,55,100 Back,4,50.80,Logan McKinney,,MIAA Championships
Calvin University,55,100 Back,5,50.88,Ryan Halberg,,MIAA Championships
Calvin University,55,100 Back,6,51.64,Andrew Taulbee,,Calvin Winter Invitational
Calvin University,55,100 Back,7,51.69,Zach Logan,,MIAA Championships
Calvin University,55,100 Back,8,51.84,Jacob Ziegler,,Calvin Winter Invitational
Calvin University,55,100 Back,9,53.59,Dominic Rose,,Calvin Winter Invitational
Calvin University,55,100 Back,10,53.83,Benjamin Wichhart,,Calvin Winter Invitational
Calvin University,55,100 Breast,1,54.90,Caleb Gemmen,,MIAA Championships
Calvin University,55,100 Breast,2,55.26,Andrew Taulbee,,MIAA Championships
Calvin University,55,100 Breast,3,55.70,Josh Krampe,,MIAA Championships
Calvin University,55,100 Breast,4,56.77,Cardin Nguyen,,Calvin Winter Invitational
Calvin University,55,100 Breast,5,57.57,Antoine Douguet,,Calvin Winter Invitational
Calvin University,55,100 Breast,6,58.77,Alex Ketrow,,MIAA Championships
Calvin University,55,100 Breast,7,1:00.42,Daniel Miller,,MIAA Championships
Calvin University,55,100 Breast,8,1:01.46,Luke Foll,,Calvin Winter Invitational
Calvin University,55,100 Breast,9,1:02.56,Evan Haney,,Wheaton vs. Calvin
Calvin University,55,100 Breast,10,1:02.61,Andrew Stimpert,,Wheaton vs. Calvin
Calvin University,55,100 Fly,1,49.06,David Gabrielle,,MIAA Championships
Calvin University,55,100 Fly,2,49.17,Charles Platt,,Wheaton vs. Calvin
Calvin University,55,100 Fly,3,49.20,Andrew Taulbee,,Calvin Winter Invitational
Calvin University,55,100 Fly,4,49.77,Antoine Douguet,,MIAA Championships
Calvin University,55,100 Fly,5,50.32,Cardin Nguyen,,Calvin Winter Invitational
Calvin University,55,100 Fly,6,50.55,Jacob Ziegler,,Calvin Winter Invitational
Calvin University,55,100 Fly,7,50.96,Benjamin Wichhart,,MIAA Championships
Calvin University,55,100 Fly,8,51.21,Daniel Miller,,MIAA Championships
Calvin University,55,100 Fly,9,51.28,Logan McKinney,,MIAA Championships
Calvin University,55,100 Fly,10,51.71,Jake Schotanus,,Calvin Winter Invitational
Calvin University,55,100 Free,1,43.15,Charles Platt,,MIAA Championships
Calvin University,55,100 Free,2,45.30,Jackson Merkel,,MIAA Championships
Calvin University,55,100 Free,3,45.62,David Gabrielle,,MIAA Championships
Calvin University,55,100 Free,4,45.93,Carter Detweiler,,MIAA Championships
Calvin University,55,100 Free,5,46.27,Zach Logan,,Calvin Winter Invitational
Calvin University,55,100 Free,6,46.31,Kellen Morford,,MIAA Championships
Calvin University,55,100 Free,7,46.91,Will Bales,,MIAA Winter Invite
Calvin University,55,100 Free,8,46.98,Daniel Miller,,MIAA Championships
Calvin University,55,100 Free,9,47.03,Henry Phippen,,Calvin Winter Invitational
Calvin University,55,100 Free,10,47.31,Jacob Ziegler,,Calvin vs. Hope
Calvin University,55,1000 Free,1,9:40.30,Alex Bergsma,,MIAA Championships
Calvin University,55,1000 Free,2,9:47.20,Evan Haney,,MIAA Championships
Calvin University,55,1000 Free,3,9:47.34,Ryan Halberg,,Carnegie Mellon vs. Calvin
Calvin University,55,1000 Free,4,10:01.44,Andrew Stimpert,,Calvin vs. Hope
Calvin University,55,1000 Free,5,10:16.01,John Reeder,,MIAA Championships
Calvin University,55,1650 Free,1,16:03.96,Alex Bergsma,,MIAA Championships
Calvin University,55,1650 Free,2,16:06.71,Evan Haney,,MIAA Championships
Calvin University,55,1650 Free,3,16:18.67,Ryan Halberg,,Calvin Winter Invitational
Calvin University,55,1650 Free,4,16:53.03,John Reeder,,MIAA Championships
Calvin University,55,1650 Free,5,16:54.41,Andrew Stimpert,,MIAA Championships
Calvin University,55,200 Back,1,1:45.70,Jackson Merkel,,MIAA Championships
Calvin University,55,200 Back,2,1:49.78,Charles Platt,,Calvin vs. Hope
Calvin University,55,200 Back,3,1:51.32,Jacob Ziegler,,MIAA Championships
Calvin University,55,200 Back,4,1:52.76,Ryan Halberg,,Calvin vs. Hope
Calvin University,55,200 Back,5,1:54.41,Antoine Douguet,,MIAA Championships
Calvin University,55,200 Back,6,1:55.85,Carson McIntire,,MIAA Championships
Calvin University,55,200 Back,7,1:55.92,Logan McKinney,,Calvin Winter Invitational
Calvin University,55,200 Back,8,1:58.05,Mace Boender,,MIAA Championships
Calvin University,55,200 Back,9,1:58.94,Benjamin Wichhart,,MIAA Championships
Calvin University,55,200 Back,10,2:01.92,Dhruvtej Patel,,Calvin Winter Invitational
Calvin University,55,200 Breast,1,2:02.90,Josh Krampe,,MIAA Championships
Calvin University,55,200 Breast,2,2:03.03,Andrew Taulbee,,Calvin Winter Invitational
Calvin University,55,200 Breast,3,2:03.41,Caleb Gemmen,,MIAA Championships
Calvin University,55,200 Breast,4,2:06.32,Cardin Nguyen,,Calvin Winter Invitational
Calvin University,55,200 Breast,5,2:07.78,Logan Yakubowski,,MIAA Championships
Calvin University,55,200 Breast,6,2:12.71,Alex Ketrow,,Calvin Quad Meet
Calvin University,55,200 Breast,7,2:13.83,Antoine Douguet,,MIAA Winter Invite
Calvin University,55,200 Breast,8,2:16.20,Evan Nelson,,MIAA Winter Invite
Calvin University,55,200 Breast,9,2:17.64,Luke Foll,,MIAA Winter Invite
Calvin University,55,200 Breast,10,2:18.78,Evan Haney,,University of Chicago vs. Calvin
Calvin University,55,200 Fly,1,1:51.16,Jacob Ziegler,,MIAA Championships
Calvin University,55,200 Fly,2,1:56.70,Kyle Chakery,,Calvin vs. Hope
Calvin University,55,200 Fly,3,1:57.58,John Reeder,,Calvin Winter Invitational
Calvin University,55,200 Fly,4,1:57.61,Evan Nelson,,MIAA Championships
Calvin University,55,200 Fly,5,1:58.09,Benjamin Wichhart,,MIAA Championships
Calvin University,55,200 Fly,6,1:58.83,Alex Bergsma,,MIAA Championships
Calvin University,55,200 Fly,7,2:01.67,Jake Schotanus,,Wheaton vs. Calvin
Calvin University,55,200 Fly,8,2:02.52,Drew Bronczyk,,Calvin Winter Invitational
Calvin University,55,200 Fly,9,2:04.38,Logan Yakubowski,,MIAA Winter Invite
Calvin University,55,200 Fly,10,2:05.46,Henry Phippen,,University of Chicago vs. Calvin
Calvin University,55,200 Free,1,1:36.27,Charles Platt,,MIAA Championships
Calvin University,55,200 Free,2,1:39.94,Ryan Halberg,,MIAA Championships
Calvin University,55,200 Free,3,1:40.45,Carter Detweiler,,MIAA Championships
Calvin University,55,200 Free,4,1:41.72,Kellen Morford,,MIAA Championships
Calvin University,55,200 Free,5,1:41.90,Jacob Ziegler,,Calvin vs. Hope
Calvin University,55,200 Free,6,1:42.72,Andrew Stimpert,,MIAA Championships
Calvin University,55,200 Free,7,1:43.15,Will Bales,,MIAA Championships
Calvin University,55,200 Free,8,1:43.20,Jackson Merkel,,Wheaton vs. Calvin
Calvin University,55,200 Free,9,1:43.63,Luca Zdravkov,,MIAA Championships
Calvin University,55,200 Free,10,1:44.30,Evan Haney,,Calvin Winter Invitational
Calvin University,55,200 Im,1,1:50.49,Jacob Ziegler,,MIAA Championships
Calvin University,55,200 Im,2,1:54.61,Logan Yakubowski,,MIAA Championships
Calvin University,55,200 Im,3,1:55.25,Caleb Gemmen,,MIAA Championships
Calvin University,55,200 Im,4,1:55.32,Cardin Nguyen,,Calvin Winter Invitational
Calvin University,55,200 Im,5,1:55.34,Antoine Douguet,,MIAA Championships
Calvin University,55,200 Im,6,1:56.15,Ryan Halberg,,University of Chicago vs. Calvin
Calvin University,55,200 Im,7,1:56.62,Jackson Merkel,,Calvin vs. Hope
Calvin University,55,200 Im,8,1:56.63,Evan Nelson,,MIAA Championships
Calvin University,55,200 Im,9,1:56.74,Carter Detweiler,,MIAA Championships
Calvin University,55,200 Im,10,1:56.94,Evan Haney,,Calvin vs. Hope
Calvin University,55,400 Im,1,4:02.03,Evan Haney,,MIAA Championships
Calvin University,55,400 Im,2,4:05.77,Ryan Halberg,,Calvin Winter Invitational
Calvin University,55,400 Im,3,4:13.08,Logan Yakubowski,,MIAA Championships
Calvin University,55,400 Im,4,4:13.18,Evan Nelson,,MIAA Championships
Calvin University,55,400 Im,5,4:16.32,Jacob Ziegler,,Calvin vs Wayne State
Calvin University,55,400 Im,6,4:17.05,John Reeder,,MIAA Championships
Calvin University,55,400 Im,7,4:36.82,Peter Crudele,,MIAA Winter Invite
Calvin University,55,50 Free,1,19.97,Charles Platt,,MIAA Championships
Calvin University,55,50 Free,2,20.59,Jackson Merkel,,MIAA Championships
Calvin University,55,50 Free,3,20.70,David Gabrielle,,MIAA Championships
Calvin University,55,50 Free,4,20.86,Zach Logan,,Calvin Winter Invitational
Calvin University,55,50 Free,5,20.95,Kellen Morford,,MIAA Championships
Calvin University,55,50 Free,6,21.05,Andrew Taulbee,,MIAA Championships
Calvin University,55,50 Free,7,21.07,Will Bales,,Calvin Winter Invitational
Calvin University,55,50 Free,8,21.13,Evan Nelson,,Be Better Invitational
Calvin University,55,50 Free,9,21.30,Carter Detweiler,,Calvin Winter Invitational
Calvin University,55,50 Free,10,21.68,Daniel Miller,,MIAA Invite
Calvin University,55,500 Free,1,4:34.37,Ryan Halberg,,Calvin Winter Invitational
Calvin University,55,500 Free,2,4:36.59,Evan Haney,,MIAA Championships
Calvin University,55,500 Free,3,4:40.06,Alex Bergsma,,MIAA Championships
Calvin University,55,500 Free,4,4:41.77,Andrew Stimpert,,MIAA Championships
Calvin University,55,500 Free,5,4:47.95,Luca Zdravkov,,MIAA Championships
Calvin University,55,500 Free,6,4:55.11,Ryan Seidelman,,Calvin Winter Invitational
Calvin University,55,500 Free,7,4:55.68,Carson McIntire,,Calvin Winter Invitational
Calvin University,55,500 Free,8,4:56.97,Carter Detweiler,,Wheaton vs. Calvin
Calvin University,55,500 Free,9,4:57.97,Kyle Chakery,,MIAA Championships
Calvin University,55,500 Free,10,4:59.51,Evan Nelson,,University of Chicago vs. Calvin
Carnegie Mellon University,33,100 Back,1,47.27,Brayden Morford,,University Athletic Association Championships
Carnegie Mellon University,33,100 Back,2,47.98,Arnav Deshpande,,University Athletic Association Championships
Carnegie Mellon University,33,100 Back,3,49.82,Tenzin Wangpo,,Kenyon College Fast Chance Invitational
Carnegie Mellon University,33,100 Back,4,49.99,Matvey Malinovski,,University Athletic Association Championships
Carnegie Mellon University,33,100 Back,5,50.45,Max Gu,,Total Performance Invitational
Carnegie Mellon University,33,100 Back,6,50.57,Raaghav Reddy,,Total Performance Invitational
Carnegie Mellon University,33,100 Back,7,50.72,Lou Popovic,,Total Performance Invitational
Carnegie Mellon University,33,100 Back,8,51.06,Otis Tsai,,Total Performance Invitational
Carnegie Mellon University,33,100 Back,9,51.20,David Zoota,,Total Performance Invitational
Carnegie Mellon University,33,100 Back,10,51.94,Miles Haraldsson,,Total Performance Invitational
Carnegie Mellon University,33,100 Breast,1,54.27,Aaron Lee,,University Athletic Association Championships
Carnegie Mellon University,33,100 Breast,2,54.48,Max Kulbida,,University Athletic Association Championships
Carnegie Mellon University,33,100 Breast,3,54.91,Daniel Baytin,,Total Performance Invitational
Carnegie Mellon University,33,100 Breast,4,55.72,Andy Lu,,Total Performance Invitational
Carnegie Mellon University,33,100 Breast,5,55.92,Brayden Morford,,Washington & Lee vs. Carnegie Mellon
Carnegie Mellon University,33,100 Breast,6,56.45,Jerry Chu,,Total Performance Invitational
Carnegie Mellon University,33,100 Breast,7,57.98,Max Gu,,Western PA Invite
Carnegie Mellon University,33,100 Breast,8,59.48,Reggie Kanu,,Total Performance Invitational
Carnegie Mellon University,33,100 Breast,9,1:02.77,Shivansh Singhal,,Washington & Lee vs. Carnegie Mellon
Carnegie Mellon University,33,100 Breast,10,1:03.80,Alex Luebke,,Western PA Invite
Carnegie Mellon University,33,100 Fly,1,46.90,Brayden Morford,,Total Performance Invitational
Carnegie Mellon University,33,100 Fly,2,49.17,Austin Lathrop,,University Athletic Association Championships
Carnegie Mellon University,33,100 Fly,3,49.20,Giulio Migliarina,,University Athletic Association Championships
Carnegie Mellon University,33,100 Fly,4,49.86,Noah Barrett,,University Athletic Association Championships
Carnegie Mellon University,33,100 Fly,5,50.54,Todd Achuff,,Total Performance Invitational
Carnegie Mellon University,33,100 Fly,6,50.74,Aaron Lee,,Western PA Invite
Carnegie Mellon University,33,100 Fly,7,51.28,Max Gu,,Western PA Invite
Carnegie Mellon University,33,100 Fly,8,52.17,Alex Luebke,,Kenyon College Fast Chance Invitational
Carnegie Mellon University,33,100 Fly,9,52.17,Henry Rosenhagen,,Carnegie Mellon vs. Calvin
Carnegie Mellon University,33,100 Fly,10,52.50,Otis Tsai,,Western PA Invite
Carnegie Mellon University,33,100 Free,1,43.08,Matt Peitler,,Total Performance Invitational
Carnegie Mellon University,33,100 Free,2,43.34,Brayden Morford,,Total Performance Invitational
Carnegie Mellon University,33,100 Free,3,44.89,Arnav Deshpande,,University Athletic Association Championships
Carnegie Mellon University,33,100 Free,4,45.61,Todd Dong,,Total Performance Invitational
Carnegie Mellon University,33,100 Free,5,45.62,Alex Luebke,,Total Performance Invitational
Carnegie Mellon University,33,100 Free,6,45.83,Noah Barrett,,University Athletic Association Championships
Carnegie Mellon University,33,100 Free,7,45.84,Max Gu,,Kenyon College Fast Chance Invitational
Carnegie Mellon University,33,100 Free,8,45.94,Otis Tsai,,Total Performance Invitational
Carnegie Mellon University,33,100 Free,9,46.83,Lou Popovic,,Total Performance Invitational
Carnegie Mellon University,33,100 Free,10,47.08,Jacob Quan,,Kenyon College Fast Chance Invitational
Carnegie Mellon University,33,1000 Free,1,9:48.24,Cole Venters,,Total Performance Invitational
Carnegie Mellon University,33,1000 Free,2,9:51.84,Jacob Quan,,University Athletic Association Championships
Carnegie Mellon University,33,1000 Free,3,9:57.57,Miles Haraldsson,,Total Performance Invitational
Carnegie Mellon University,33,1000 Free,4,9:59.49,Trevan Valena,,University Athletic Association Championships
Carnegie Mellon University,33,1000 Free,5,10:03.45,Andrew Chen,,Carnegie Mellon vs. Gettysburg
Carnegie Mellon University,33,1000 Free,6,10:15.18,David Zoota,,Washington & Lee vs. Carnegie Mellon
Carnegie Mellon University,33,1650 Free,1,16:14.15,Jacob Quan,,University Athletic Association Championships
Carnegie Mellon University,33,1650 Free,2,16:14.79,Cole Venters,,Total Performance Invitational
Carnegie Mellon University,33,1650 Free,3,16:25.84,Trevan Valena,,University Athletic Association Championships
Carnegie Mellon University,33,1650 Free,4,16:25.98,Miles Haraldsson,,Total Performance Invitational
Carnegie Mellon University,33,200 Back,1,1:47.46,Tenzin Wangpo,,Total Performance Invitational
Carnegie Mellon University,33,200 Back,2,1:50.24,Matvey Malinovski,,Carnegie Mellon vs. Gettysburg
Carnegie Mellon University,33,200 Back,3,1:50.85,Max Gu,,Total Performance Invitational
Carnegie Mellon University,33,200 Back,4,1:51.42,Raaghav Reddy,,Total Performance Invitational
Carnegie Mellon University,33,200 Back,5,1:51.75,David Zoota,,Total Performance Invitational
Carnegie Mellon University,33,200 Back,6,1:52.96,Otis Tsai,,Total Performance Invitational
Carnegie Mellon University,33,200 Back,7,1:54.12,Trevan Valena,,Total Performance Invitational
Carnegie Mellon University,33,200 Breast,1,1:59.90,Max Kulbida,,University Athletic Association Championships
Carnegie Mellon University,33,200 Breast,2,2:01.29,Brayden Morford,,Kenyon College Fast Chance Invitational
Carnegie Mellon University,33,200 Breast,3,2:02.84,Andy Lu,,Total Performance Invitational
Carnegie Mellon University,33,200 Breast,4,2:03.80,Jerry Chu,,Total Performance Invitational
Carnegie Mellon University,33,200 Breast,5,2:04.58,Aaron Lee,,Total Performance Invitational
Carnegie Mellon University,33,200 Breast,6,2:06.84,Tenzin Wangpo,,Western PA Invite
Carnegie Mellon University,33,200 Breast,7,2:12.25,Giulio Migliarina,,Western PA Invite
Carnegie Mellon University,33,200 Breast,8,2:17.53,Trevan Valena,,Washington & Lee vs. Carnegie Mellon
Carnegie Mellon University,33,200 Breast,9,2:19.94,David Zoota,,Western PA Invite
Carnegie Mellon University,33,200 Fly,1,1:47.62,Tenzin Wangpo,,University Athletic Association Championships
Carnegie Mellon University,33,200 Fly,2,1:48.87,Giulio Migliarina,,Kenyon College Fast Chance Invitational
Carnegie Mellon University,33,200 Fly,3,1:48.95,Austin Lathrop,,Kenyon College Fast Chance Invitational
Carnegie Mellon University,33,200 Fly,4,1:51.97,David Zoota,,University Athletic Association Championships
Carnegie Mellon University,33,200 Fly,5,1:53.39,Todd Achuff,,Total Performance Invitational
Carnegie Mellon University,33,200 Fly,6,1:53.90,Henry Rosenhagen,,Carnegie Mellon vs. Calvin
Carnegie Mellon University,33,200 Fly,7,1:58.31,James Kaye,,Total Performance Invitational
Carnegie Mellon University,33,200 Fly,8,2:02.13,Noah Barrett,,Western PA Invite
Carnegie Mellon University,33,200 Free,1,1:36.04,Matt Peitler,,Total Performance Invitational
Carnegie Mellon University,33,200 Free,2,1:36.46,Brayden Morford,,University Athletic Association Championships
Carnegie Mellon University,33,200 Free,3,1:38.97,Alex Luebke,,University Athletic Association Championships
Carnegie Mellon University,33,200 Free,4,1:40.08,Max Gu,,University Athletic Association Championships
Carnegie Mellon University,33,200 Free,5,1:40.40,Cole Venters,,University Athletic Association Championships
Carnegie Mellon University,33,200 Free,6,1:41.30,Matvey Malinovski,,Carnegie Mellon vs. Gettysburg
Carnegie Mellon University,33,200 Free,7,1:41.58,Tenzin Wangpo,,University Athletic Association Championships
Carnegie Mellon University,33,200 Free,8,1:41.60,Jacob Quan,,Kenyon College Fast Chance Invitational
Carnegie Mellon University,33,200 Free,9,1:41.83,Andrew Chen,,Total Performance Invitational
Carnegie Mellon University,33,200 Free,10,1:44.11,Todd Dong,,Total Performance Invitational
Carnegie Mellon University,33,200 Im,1,1:47.21,Brayden Morford,,University Athletic Association Championships
Carnegie Mellon University,33,200 Im,2,1:49.96,Max Gu,,Total Performance Invitational
Carnegie Mellon University,33,200 Im,3,1:50.21,Tenzin Wangpo,,Total Performance Invitational
Carnegie Mellon University,33,200 Im,4,1:51.61,Giulio Migliarina,,Total Performance Invitational
Carnegie Mellon University,33,200 Im,5,1:51.83,Andy Lu,,Total Performance Invitational
Carnegie Mellon University,33,200 Im,6,1:53.05,Matvey Malinovski,,University Athletic Association Championships
Carnegie Mellon University,33,200 Im,7,1:54.19,Todd Achuff,,Total Performance Invitational
Carnegie Mellon University,33,200 Im,8,1:57.87,Noah Barrett,,Western PA Invite
Carnegie Mellon University,33,200 Im,9,1:58.27,Jerry Chu,,Total Performance Invitational
Carnegie Mellon University,33,200 Im,10,2:02.50,David Zoota,,Western PA Invite
Carnegie Mellon University,33,400 Im,1,3:54.83,Tenzin Wangpo,,Total Performance Invitational
Carnegie Mellon University,33,400 Im,2,4:04.96,David Zoota,,University Athletic Association Championships
Carnegie Mellon University,33,400 Im,3,4:05.17,Trevan Valena,,University Athletic Association Championships
Carnegie Mellon University,33,400 Im,4,4:10.55,Giulio Migliarina,,Western PA Invite
Carnegie Mellon University,33,50 Free,1,19.73,Matt Peitler,,Total Performance Invitational
Carnegie Mellon University,33,50 Free,2,19.85,Brayden Morford,,Total Performance Invitational
Carnegie Mellon University,33,50 Free,3,20.06,Arnav Deshpande,,University Athletic Association Championships
Carnegie Mellon University,33,50 Free,4,20.48,Noah Barrett,,Total Performance Invitational
Carnegie Mellon University,33,50 Free,5,20.78,Todd Dong,,Total Performance Invitational
Carnegie Mellon University,33,50 Free,6,21.08,Aaron Lee,,University Athletic Association Championships
Carnegie Mellon University,33,50 Free,7,21.14,Max Gu,,Total Performance Invitational
Carnegie Mellon University,33,50 Free,8,21.42,Otis Tsai,,University Athletic Association Championships
Carnegie Mellon University,33,50 Free,9,21.43,Daniel Baytin,,Western PA Invite
Carnegie Mellon University,33,50 Free,10,21.61,Shivansh Singhal,,Total Performance Invitational
Carnegie Mellon University,33,500 Free,1,4:34.41,Cole Venters,,University Athletic Association Championships
Carnegie Mellon University,33,500 Free,2,4:36.41,David Zoota,,Total Performance Invitational
Carnegie Mellon University,33,500 Free,3,4:36.62,Jacob Quan,,University Athletic Association Championships
Carnegie Mellon University,33,500 Free,4,4:36.94,Tenzin Wangpo,,Western PA Invite
Carnegie Mellon University,33,500 Free,5,4:38.73,Andrew Chen,,Total Performance Invitational
Carnegie Mellon University,33,500 Free,6,4:38.97,Miles Haraldsson,,Total Performance Invitational
Carnegie Mellon University,33,500 Free,7,4:42.72,Alex Luebke,,Total Performance Invitational
Carnegie Mellon University,33,500 Free,8,4:43.25,Trevan Valena,,Western PA Invite
Carnegie Mellon University,33,500 Free,9,4:49.98,Alan Pham,,Total Performance Invitational
Carnegie Mellon University,33,500 Free,10,4:52.37,James Kaye,,Total Performance Invitational
Case Western Reserve University,200,100 Back,1,49.42,William Froass,,Total Performance Invitational
Case Western Reserve University,200,100 Back,2,50.10,Sebastian Illum,,University Athletic Association Championships
Case Western Reserve University,200,100 Back,3,51.04,Jace Creech,,Gannnon vs. Case Western
Case Western Reserve University,200,100 Back,4,51.60,Michael Boelens,,Total Performance Invitational
Case Western Reserve University,200,100 Back,5,51.75,Hudson Perkins,,University Athletic Association Championships
Case Western Reserve University,200,100 Back,6,52.12,River Chiang,,Oberlin Early Invite
Case Western Reserve University,200,100 Back,7,52.25,Tyler Ahten,,Gannnon vs. Case Western
Case Western Reserve University,200,100 Back,8,53.50,Chris Leuciuc,,Total Performance Invitational
Case Western Reserve University,200,100 Back,9,54.12,Jack Watson,,Gannnon vs. Case Western
Case Western Reserve University,200,100 Back,10,1:00.24,Trevor Novak,,Oberlin Early Invite
Case Western Reserve University,200,100 Breast,1,55.72,Edgar Rutkauskas,,University Athletic Association Championships
Case Western Reserve University,200,100 Breast,2,56.67,Julian Kim,,Total Performance Invitational
Case Western Reserve University,200,100 Breast,3,56.91,Oliver Lazenby,,CWRU Spartan Invitational
Case Western Reserve University,200,100 Breast,4,58.50,Spencer Ahten,,Total Performance Invitational
Case Western Reserve University,200,100 Breast,5,1:00.20,Sam Schultz,,Oberlin vs. CWRU
Case Western Reserve University,200,100 Breast,6,1:00.21,Elliott Lee,,Kenyon vs Case Western
Case Western Reserve University,200,100 Breast,7,1:03.35,Vladimir Shibalov,,CWRU Spartan Invitational
Case Western Reserve University,200,100 Fly,1,49.47,William Froass,,Total Performance Invitational
Case Western Reserve University,200,100 Fly,2,49.74,Ed Steward,,Total Performance Invitational
Case Western Reserve University,200,100 Fly,3,50.60,Adam Khatib,,Total Performance Invitational
Case Western Reserve University,200,100 Fly,4,50.64,Cameron Schauer,,University Athletic Association Championships
Case Western Reserve University,200,100 Fly,5,50.64,Lucas Porta,,Total Performance Invitational
Case Western Reserve University,200,100 Fly,6,50.96,Ben Borvendeg,,CWRU Spartan Invitational
Case Western Reserve University,200,100 Fly,7,51.10,Josh Hernandez,,Oberlin vs. CWRU
Case Western Reserve University,200,100 Fly,8,51.13,John Drumm,,Gannnon vs. Case Western
Case Western Reserve University,200,100 Fly,9,51.17,Owen Miao,,CWRU Spartan Invitational
Case Western Reserve University,200,100 Fly,10,51.52,Elliott Lee,,Total Performance Invitational
Case Western Reserve University,200,100 Free,1,44.78,Trevor Novak,,CWRU Spartan Invitational
Case Western Reserve University,200,100 Free,2,45.34,Mason Bencurik,,Total Performance Invitational
Case Western Reserve University,200,100 Free,3,45.70,Ben Borvendeg,,University Athletic Association Championships
Case Western Reserve University,200,100 Free,4,46.54,Victor Trinh,,CWRU Spartan Invitational
Case Western Reserve University,200,100 Free,5,46.94,Caeden Couch,,CWRU Spartan Invitational
Case Western Reserve University,200,100 Free,6,47.15,Chris Leuciuc,,Total Performance Invitational
Case Western Reserve University,200,100 Free,7,47.31,Cameron Schauer,,CWRU Spartan Invitational
Case Western Reserve University,200,100 Free,8,47.31,Lucas Porta,,Total Performance Invitational
Case Western Reserve University,200,100 Free,9,47.44,Tigran Danagoulian,,CWRU Spartan Invitational
Case Western Reserve University,200,100 Free,10,47.65,Spencer Ahten,,Total Performance Invitational
Case Western Reserve University,200,1000 Free,1,9:27.81,John Drumm,,Kenyon vs Case Western
Case Western Reserve University,200,1000 Free,2,9:48.02,Owen Miao,,CWRU Spartan Invitational
Case Western Reserve University,200,1000 Free,3,9:55.87,Vladimir Shibalov,,Kenyon vs Case Western
Case Western Reserve University,200,1000 Free,4,9:58.41,Sam Schultz,,CMU vs. CWRU
Case Western Reserve University,200,1000 Free,5,10:02.00,Oliver Johnson,,Total Performance Invitational
Case Western Reserve University,200,1000 Free,6,10:07.54,Cameron Schauer,,Kenyon vs Case Western
Case Western Reserve University,200,1000 Free,7,10:14.40,River Chiang,,Battle in the Bluegrass
Case Western Reserve University,200,1000 Free,8,10:29.75,Michael Boelens,,University Athletic Association Championships
Case Western Reserve University,200,1000 Free,9,10:32.71,Ed Steward,,JCU vs Case Western Reserve
Case Western Reserve University,200,1650 Free,1,15:49.47,John Drumm,,CWRU Spartan Invitational
Case Western Reserve University,200,1650 Free,2,16:12.35,Owen Miao,,CWRU Spartan Invitational
Case Western Reserve University,200,1650 Free,3,16:38.11,Vladimir Shibalov,,Oberlin Early Invite
Case Western Reserve University,200,1650 Free,4,16:42.02,Oliver Johnson,,Total Performance Invitational
Case Western Reserve University,200,1650 Free,5,16:53.13,Cameron Schauer,,University Athletic Association Championships
Case Western Reserve University,200,1650 Free,6,17:32.43,Michael Boelens,,University Athletic Association Championships
Case Western Reserve University,200,200 Back,1,1:50.81,William Froass,,Total Performance Invitational
Case Western Reserve University,200,200 Back,2,1:51.61,Tyler Ahten,,Total Performance Invitational
Case Western Reserve University,200,200 Back,3,1:52.02,River Chiang,,University Athletic Association Championships
Case Western Reserve University,200,200 Back,4,1:52.09,Jace Creech,,University Athletic Association Championships
Case Western Reserve University,200,200 Back,5,1:53.57,Hudson Perkins,,Total Performance Invitational
Case Western Reserve University,200,200 Back,6,1:54.61,Michael Boelens,,Total Performance Invitational
Case Western Reserve University,200,200 Back,7,1:55.70,Jack Watson,,Total Performance Invitational
Case Western Reserve University,200,200 Breast,1,2:00.13,Edgar Rutkauskas,,CWRU Spartan Invitational
Case Western Reserve University,200,200 Breast,2,2:02.71,Oliver Lazenby,,CWRU Spartan Invitational
Case Western Reserve University,200,200 Breast,3,2:04.11,Sam Schultz,,Total Performance Invitational
Case Western Reserve University,200,200 Breast,4,2:08.15,Spencer Ahten,,Total Performance Invitational
Case Western Reserve University,200,200 Breast,5,2:10.97,Elliott Lee,,Total Performance Invitational
Case Western Reserve University,200,200 Breast,6,2:15.43,Vladimir Shibalov,,CWRU Spartan Invitational
Case Western Reserve University,200,200 Fly,1,1:47.69,John Drumm,,Total Performance Invitational
Case Western Reserve University,200,200 Fly,2,1:50.74,Adam Khatib,,Total Performance Invitational
Case Western Reserve University,200,200 Fly,3,1:51.01,Owen Miao,,Total Performance Invitational
Case Western Reserve University,200,200 Fly,4,1:52.46,Josh Hernandez,,Total Performance Invitational
Case Western Reserve University,200,200 Fly,5,1:54.60,Sam Schultz,,CWRU Spartan Invitational
Case Western Reserve University,200,200 Fly,6,1:55.27,Vladimir Shibalov,,University Athletic Association Championships
Case Western Reserve University,200,200 Fly,7,1:55.56,Cameron Schauer,,University Athletic Association Championships
Case Western Reserve University,200,200 Fly,8,1:55.81,Ed Steward,,Total Performance Invitational
Case Western Reserve University,200,200 Fly,9,2:01.82,Elliott Lee,,Oberlin Early Invite
Case Western Reserve University,200,200 Free,1,1:39.06,Mason Bencurik,,Total Performance Invitational
Case Western Reserve University,200,200 Free,2,1:40.07,John Drumm,,Total Performance Invitational
Case Western Reserve University,200,200 Free,3,1:40.31,Owen Miao,,University Athletic Association Championships
Case Western Reserve University,200,200 Free,4,1:40.40,Trevor Novak,,Total Performance Invitational
Case Western Reserve University,200,200 Free,5,1:41.40,River Chiang,,Total Performance Invitational
Case Western Reserve University,200,200 Free,6,1:42.55,Tigran Danagoulian,,CWRU Spartan Invitational
Case Western Reserve University,200,200 Free,7,1:42.97,Sam Schultz,,Oberlin vs. CWRU
Case Western Reserve University,200,200 Free,8,1:43.01,Ben Borvendeg,,University Athletic Association Championships
Case Western Reserve University,200,200 Free,9,1:43.59,Cameron Schauer,,Total Performance Invitational
Case Western Reserve University,200,200 Free,10,1:44.26,Caeden Couch,,CWRU Spartan Invitational
Case Western Reserve University,200,200 Im,1,1:51.64,Edgar Rutkauskas,,Total Performance Invitational
Case Western Reserve University,200,200 Im,2,1:52.47,Sam Schultz,,Total Performance Invitational
Case Western Reserve University,200,200 Im,3,1:52.86,Josh Hernandez,,University Athletic Association Championships
Case Western Reserve University,200,200 Im,4,1:52.88,Tyler Ahten,,University Athletic Association Championships
Case Western Reserve University,200,200 Im,5,1:54.55,William Froass,,Oberlin Early Invite
Case Western Reserve University,200,200 Im,6,1:55.13,Jace Creech,,University Athletic Association Championships
Case Western Reserve University,200,200 Im,7,1:56.38,Tigran Danagoulian,,Total Performance Invitational
Case Western Reserve University,200,200 Im,8,1:56.69,Hudson Perkins,,University Athletic Association Championships
Case Western Reserve University,200,200 Im,9,1:57.79,Elliott Lee,,Total Performance Invitational
Case Western Reserve University,200,200 Im,10,1:59.32,Spencer Ahten,,Total Performance Invitational
Case Western Reserve University,200,400 Im,1,4:01.35,Sam Schultz,,University Athletic Association Championships
Case Western Reserve University,200,400 Im,2,4:01.78,Tyler Ahten,,University Athletic Association Championships
Case Western Reserve University,200,400 Im,3,4:04.14,Edgar Rutkauskas,,CWRU Spartan Invitational
Case Western Reserve University,200,400 Im,4,4:05.09,Josh Hernandez,,University Athletic Association Championships
Case Western Reserve University,200,400 Im,5,4:05.23,Owen Miao,,CWRU Spartan Invitational
Case Western Reserve University,200,400 Im,6,4:10.49,Vladimir Shibalov,,University Athletic Association Championships
Case Western Reserve University,200,400 Im,7,4:15.20,Oliver Johnson,,Total Performance Invitational
Case Western Reserve University,200,50 Free,1,20.80,Trevor Novak,,University Athletic Association Championships
Case Western Reserve University,200,50 Free,2,20.83,Lucas Porta,,CWRU Spartan Invitational
Case Western Reserve University,200,50 Free,3,20.88,Ben Borvendeg,,University Athletic Association Championships
Case Western Reserve University,200,50 Free,4,21.08,Mason Bencurik,,Total Performance Invitational
Case Western Reserve University,200,50 Free,5,21.20,Victor Trinh,,CWRU Spartan Invitational
Case Western Reserve University,200,50 Free,6,21.46,William Froass,,Total Performance Invitational
Case Western Reserve University,200,50 Free,7,21.47,Chris Leuciuc,,Total Performance Invitational
Case Western Reserve University,200,50 Free,8,21.49,Sebastian Illum,,University Athletic Association Championships
Case Western Reserve University,200,50 Free,9,21.61,Edgar Rutkauskas,,Total Performance Invitational
Case Western Reserve University,200,50 Free,10,21.68,Caeden Couch,,Total Performance Invitational
Case Western Reserve University,200,500 Free,1,4:27.53,John Drumm,,Total Performance Invitational
Case Western Reserve University,200,500 Free,2,4:34.78,Owen Miao,,Total Performance Invitational
Case Western Reserve University,200,500 Free,3,4:37.55,River Chiang,,Total Performance Invitational
Case Western Reserve University,200,500 Free,4,4:44.21,Ed Steward,,University Athletic Association Championships
Case Western Reserve University,200,500 Free,5,4:44.63,Cameron Schauer,,Total Performance Invitational
Case Western Reserve University,200,500 Free,6,4:46.52,Oliver Johnson,,Total Performance Invitational
Case Western Reserve University,200,500 Free,7,4:50.54,Josh Hernandez,,JCU vs Case Western Reserve
Case Western Reserve University,200,500 Free,8,4:52.26,Vladimir Shibalov,,Oberlin Early Invite
Case Western Reserve University,200,500 Free,9,4:56.20,Michael Boelens,,Total Performance Invitational
Case Western Reserve University,200,500 Free,10,5:01.54,Tigran Danagoulian,,Kenyon vs Case Western
Centre College,244,100 Back,1,50.02,Xavier Moore,,SAA Conference Championship
Centre College,244,100 Back,2,51.86,Cullen Roberts,,Centre Invitational
Centre College,244,100 Back,3,52.43,Dustin Niebauer,,SAA Conference Championship
Centre College,244,100 Back,4,54.32,Davis Pingleton,,SAA Conference Championship
Centre College,244,100 Back,5,54.69,Jake Holmes,,Colonel Classic
Centre College,244,100 Back,6,56.42,Toby Wirantana,,SAA Conference Championship
Centre College,244,100 Back,7,56.72,Will Scarlett,,SAA Conference Championship
Centre College,244,100 Back,8,58.20,Ben Wafford,,DePauw vs. Centre
Centre College,244,100 Back,9,58.33,Nate Fairchild,,SAA Conference Championship
Centre College,244,100 Back,10,59.04,Matt Herfel,,Sewanee Relay Meet
Centre College,244,100 Breast,1,53.08,Tiernan Moore,,SAA Conference Championship
Centre College,244,100 Breast,2,57.72,Mason McCallum,,SAA Conference Championship
Centre College,244,100 Breast,3,57.95,Jack liau,,SAA Conference Championship
Centre College,244,100 Breast,4,58.17,Ben Wafford,,SAA Conference Championship
Centre College,244,100 Breast,5,1:00.22,Jake Holmes,,Centre vs. Midway vs. Campbellsville
Centre College,244,100 Breast,6,1:03.20,Mac Allen,,SAA Conference Championship
Centre College,244,100 Breast,7,1:05.63,Matt Herfel,,"Centre vs.Transylvania, Cumberlands"
Centre College,244,100 Breast,8,1:09.53,Calvin Mar,,"Centre vs.Transylvania, Cumberlands"
Centre College,244,100 Breast,9,1:10.30,Henry Hawkins,,SAA Conference Championship
Centre College,244,100 Breast,10,1:11.55,Max Galvin,,"Centre vs.Transylvania, Cumberlands"
Centre College,244,100 Fly,1,50.53,Jack liau,,SAA Conference Championship
Centre College,244,100 Fly,2,51.66,Gavin Schoeling,,Emory vs. Centre
Centre College,244,100 Fly,3,52.38,Hunter Crain,,Centre Invitational
Centre College,244,100 Fly,4,52.40,Griffin Brown,,Centre Invitational
Centre College,244,100 Fly,5,52.51,Jack Lawrence,,SAA Conference Championship
Centre College,244,100 Fly,6,53.26,Cullen Roberts,,Emory vs. Centre
Centre College,244,100 Fly,7,53.33,Calvin Mar,,SAA Conference Championship
Centre College,244,100 Fly,8,53.97,Ben Camp,,SAA Conference Championship
Centre College,244,100 Fly,9,54.58,Ben Wafford,,"Centre vs.Transylvania, Cumberlands"
Centre College,244,100 Fly,10,54.83,Dustin Niebauer,,"Centre vs.Transylvania, Cumberlands"
Centre College,244,100 Free,1,46.39,Xavier Moore,,SAA Conference Championship
Centre College,244,100 Free,2,46.84,Gavin Schoeling,,SAA Conference Championship
Centre College,244,100 Free,3,47.55,Jackson Campbell,,SAA Conference Championship
Centre College,244,100 Free,4,47.69,Jake Holmes,,Centre Invitational
Centre College,244,100 Free,5,47.88,Mason McCallum,,SAA Conference Championship
Centre College,244,100 Free,6,48.23,Logen Black,,SAA Conference Championship
Centre College,244,100 Free,7,49.39,Alfonso Verduzco Mijares,,Centre Invitational
Centre College,244,100 Free,8,49.39,Jack liau,,Emory vs. Centre
Centre College,244,100 Free,9,49.40,Wyatt Fulton,,Asbury vs. Centre
Centre College,244,100 Free,10,49.80,Griffin Brown,,Centre vs. Midway vs. Campbellsville
Centre College,244,1000 Free,1,9:29.88,Brady Miller,,SAA Conference Championship
Centre College,244,1000 Free,2,10:09.37,Alfonso Verduzco Mijares,,Centre Invitational
Centre College,244,1000 Free,3,10:15.35,Gavin Schoeling,,"Centre vs.Transylvania, Cumberlands"
Centre College,244,1000 Free,4,10:20.13,Quinn Moore,,SAA Conference Championship
Centre College,244,1000 Free,5,10:40.37,Mason McCallum,,Battle in the Bluegrass
Centre College,244,1000 Free,6,10:49.06,Matt Herfel,,Wabash vs. Centre
Centre College,244,1000 Free,7,11:04.28,Will Scarlett,,Battle in the Bluegrass
Centre College,244,1000 Free,8,11:05.90,Toby Wirantana,,DePauw vs. Centre
Centre College,244,1000 Free,9,11:21.03,Mac Allen,,Asbury vs. Centre
Centre College,244,1000 Free,10,11:30.90,Noah Terry,,Asbury vs. Centre
Centre College,244,1650 Free,1,15:46.53,Brady Miller,,SAA Conference Championship
Centre College,244,1650 Free,2,16:43.00,Alfonso Verduzco Mijares,,Centre Invitational
Centre College,244,1650 Free,3,17:05.09,Quinn Moore,,SAA Conference Championship
Centre College,244,200 Back,1,1:54.79,Cullen Roberts,,SAA Conference Championship
Centre College,244,200 Back,2,1:57.39,Dustin Niebauer,,SAA Conference Championship
Centre College,244,200 Back,3,1:58.64,Jake Holmes,,Centre Invitational
Centre College,244,200 Back,4,2:02.22,Toby Wirantana,,SAA Conference Championship
Centre College,244,200 Back,5,2:02.59,Xavier Moore,,Battle in the Bluegrass
Centre College,244,200 Back,6,2:02.78,Matt Herfel,,SAA Conference Championship
Centre College,244,200 Back,7,2:06.15,Will Scarlett,,SAA Conference Championship
Centre College,244,200 Back,8,2:10.26,Davis Pingleton,,Colonel Classic
Centre College,244,200 Breast,1,1:56.26,Tiernan Moore,,SAA Conference Championship
Centre College,244,200 Breast,2,2:05.97,Jake Holmes,,SAA Conference Championship
Centre College,244,200 Breast,3,2:07.74,Mason McCallum,,Centre Invitational
Centre College,244,200 Breast,4,2:09.12,Ben Wafford,,SAA Conference Championship
Centre College,244,200 Breast,5,2:18.08,Mac Allen,,SAA Conference Championship
Centre College,244,200 Breast,6,2:35.50,Garrett Urash,,Battle in the Bluegrass
Centre College,244,200 Breast,7,2:37.93,Henry Hawkins,,SAA Conference Championship
Centre College,244,200 Fly,1,1:50.36,Jack liau,,SAA Conference Championship
Centre College,244,200 Fly,2,1:52.27,Gavin Schoeling,,Centre Invitational
Centre College,244,200 Fly,3,1:55.76,Cullen Roberts,,SAA Conference Championship
Centre College,244,200 Fly,4,1:57.19,Griffin Brown,,SAA Conference Championship
Centre College,244,200 Fly,5,1:58.64,Jack Lawrence,,SAA Conference Championship
Centre College,244,200 Fly,6,2:02.78,Hunter Crain,,SAA Conference Championship
Centre College,244,200 Fly,7,2:03.14,Calvin Mar,,SAA Conference Championship
Centre College,244,200 Fly,8,2:07.74,Ben Camp,,Centre Invitational
Centre College,244,200 Fly,9,2:07.79,George Von Canon,,SAA Conference Championship
Centre College,244,200 Free,1,1:41.38,Brady Miller,,SAA Conference Championship
Centre College,244,200 Free,2,1:41.40,Gavin Schoeling,,Centre Invitational
Centre College,244,200 Free,3,1:44.39,Jack liau,,SAA Conference Championship
Centre College,244,200 Free,4,1:45.62,Logen Black,,SAA Conference Championship
Centre College,244,200 Free,5,1:45.88,Alfonso Verduzco Mijares,,Centre Invitational
Centre College,244,200 Free,6,1:46.37,Jackson Campbell,,SAA Conference Championship
Centre College,244,200 Free,7,1:48.24,Jake Holmes,,Berry vs. Centre vs. Millsaps
Centre College,244,200 Free,8,1:48.65,Griffin Brown,,Centre Invitational
Centre College,244,200 Free,9,1:49.51,Quinn Moore,,Centre Invitational
Centre College,244,200 Free,10,1:49.61,Wyatt Fulton,,SAA Conference Championship
Centre College,244,200 Im,1,1:52.62,Gavin Schoeling,,SAA Conference Championship
Centre College,244,200 Im,2,1:53.08,Jake Holmes,,Centre Invitational
Centre College,244,200 Im,3,1:53.41,Tiernan Moore,,SAA Conference Championship
Centre College,244,200 Im,4,1:54.49,Mason McCallum,,SAA Conference Championship
Centre College,244,200 Im,5,1:59.39,Matt Herfel,,SAA Conference Championship
Centre College,244,200 Im,6,1:59.97,Ben Wafford,,Centre Invitational
Centre College,244,200 Im,7,2:02.25,Jack liau,,"Centre vs.Transylvania, Cumberlands"
Centre College,244,200 Im,8,2:02.26,Will Scarlett,,SAA Conference Championship
Centre College,244,200 Im,9,2:02.78,Toby Wirantana,,SAA Conference Championship
Centre College,244,200 Im,10,2:03.34,Calvin Mar,,SAA Conference Championship
Centre College,244,400 Im,1,4:08.55,Jake Holmes,,SAA Conference Championship
Centre College,244,400 Im,2,4:18.45,Matt Herfel,,SAA Conference Championship
Centre College,244,400 Im,3,4:19.38,Ben Wafford,,SAA Conference Championship
Centre College,244,400 Im,4,4:24.09,Alfonso Verduzco Mijares,,Emory vs. Centre
Centre College,244,400 Im,5,4:30.06,Toby Wirantana,,Centre Invitational
Centre College,244,400 Im,6,4:32.15,Mac Allen,,Centre Invitational
Centre College,244,400 Im,7,4:36.19,Calvin Mar,,Centre Invitational
Centre College,244,400 Im,8,4:36.83,Will Scarlett,,Centre Invitational
Centre College,244,50 Free,1,20.99,Xavier Moore,,Centre Invitational
Centre College,244,50 Free,2,21.54,Jackson Campbell,,SAA Conference Championship
Centre College,244,50 Free,3,21.57,Gavin Schoeling,,SAA Conference Championship
Centre College,244,50 Free,4,21.78,Jack Lawrence,,SAA Conference Championship
Centre College,244,50 Free,5,22.11,Mason McCallum,,SAA Conference Championship
Centre College,244,50 Free,6,22.14,Hunter Crain,,Centre Invitational
Centre College,244,50 Free,7,22.27,Jack liau,,Centre Invitational
Centre College,244,50 Free,8,22.35,Logen Black,,SAA Conference Championship
Centre College,244,50 Free,9,22.36,Griffin Brown,,Centre Invitational
Centre College,244,50 Free,10,22.42,Dustin Niebauer,,Centre Invitational
Centre College,244,500 Free,1,4:30.94,Brady Miller,,SAA Conference Championship
Centre College,244,500 Free,2,4:45.78,Alfonso Verduzco Mijares,,Centre Invitational
Centre College,244,500 Free,3,4:55.31,Quinn Moore,,Centre Invitational
Centre College,244,500 Free,4,5:13.90,Calvin Mar,,Centre Invitational
Centre College,244,500 Free,5,5:14.22,Logen Black,,Centre Invitational
Centre College,244,500 Free,6,5:22.46,Mac Allen,,DePauw vs. Centre
Centre College,244,500 Free,7,5:23.03,Will Scarlett,,Battle in the Bluegrass
Centre College,244,500 Free,8,5:27.19,Nate Fairchild,,Centre vs. Midway vs. Campbellsville
Centre College,244,500 Free,9,5:41.58,Noah Terry,,"Centre vs.Transylvania, Cumberlands"
Chapman University,85,100 Back,1,51.19,Riley Coleman,,SCIAC Championships
Chapman University,85,100 Back,2,51.88,Harrison Kundahl,,SCIAC Championships
Chapman University,85,100 Back,3,52.09,Ryan Musich,,La Verne Invitational
Chapman University,85,100 Back,4,52.13,Owen Ripley,,SCIAC Championships
Chapman University,85,100 Back,5,52.16,Brody Perkins,,La Verne Invitational
Chapman University,85,100 Back,6,52.77,Ryan McMillan,,SCIAC Championships
Chapman University,85,100 Back,7,53.59,Ben Allen,,La Verne Invitational
Chapman University,85,100 Back,8,54.17,Bennett Russo,,SCIAC Championships
Chapman University,85,100 Back,9,54.72,Jude Light,,Chapman vs. Redlands
Chapman University,85,100 Back,10,54.74,Ethan Miller,,La Verne Invitational
Chapman University,85,100 Breast,1,56.16,James Galligan,,SCIAC Championships
Chapman University,85,100 Breast,2,56.48,Max Polovinkin,,La Verne Invitational
Chapman University,85,100 Breast,3,56.84,Jack Krikorian,,La Verne Invitational
Chapman University,85,100 Breast,4,57.39,George Sholton,,SCIAC Championships
Chapman University,85,100 Breast,5,57.72,Tyler Licari,,Caltech vs. Pomona-Pitzer vs. Chapman
Chapman University,85,100 Breast,6,57.99,Dean Koenders,,Caltech vs. Pomona-Pitzer vs. Chapman
Chapman University,85,100 Breast,7,58.61,Sebastian Herrera,,La Verne Invitational
Chapman University,85,100 Breast,8,58.98,Noah Williams,,La Verne Invitational
Chapman University,85,100 Breast,9,1:02.57,Ryan Musich,,Chapman vs. Redlands
Chapman University,85,100 Breast,10,1:05.28,Cameron Kazemipour,,La Verne Invitational
Chapman University,85,100 Fly,1,48.94,Trenten Calloway,,SCIAC Championships
Chapman University,85,100 Fly,2,50.15,Alex Landmark,,SCIAC Championships
Chapman University,85,100 Fly,3,50.68,Jude Light,,SCIAC Championships
Chapman University,85,100 Fly,4,51.34,Harrison Kundahl,,SCIAC Championships
Chapman University,85,100 Fly,5,52.35,Ethan Miller,,SCIAC Championships
Chapman University,85,100 Fly,6,53.50,Jack Krikorian,,Chapman vs. Occidental vs. Concordia
Chapman University,85,100 Fly,7,53.70,Bennett Russo,,SCIAC Championships
Chapman University,85,100 Fly,8,54.37,Derek Jones,,Caltech vs. Pomona-Pitzer vs. Chapman
Chapman University,85,100 Fly,9,55.29,Sebastian Herrera,,Caltech vs. Pomona-Pitzer vs. Chapman
Chapman University,85,100 Fly,10,56.44,Ryan Musich,,SCIAC Championships
Chapman University,85,100 Free,1,45.18,Max Polovinkin,,SCIAC Championships
Chapman University,85,100 Free,2,45.43,Cooper Na,,SCIAC Championships
Chapman University,85,100 Free,3,46.07,Trenten Calloway,,La Verne Invitational
Chapman University,85,100 Free,4,46.60,Alex Landmark,,SCIAC Championships
Chapman University,85,100 Free,5,47.01,Noah Williams,,La Verne Invitational
Chapman University,85,100 Free,6,47.08,James Galligan,,Chapman vs. Cal Lutheran
Chapman University,85,100 Free,7,47.70,Riley Coleman,,La Verne Invitational
Chapman University,85,100 Free,8,47.73,Brody Perkins,,Chapman vs. Cal Lutheran
Chapman University,85,100 Free,9,47.74,Charley Wilson,,SCIAC Championships
Chapman University,85,100 Free,10,47.75,Daniel Deschenes,,SCIAC Championships
Chapman University,85,1000 Free,1,9:51.54,Derek Jones,,SCIAC Championships
Chapman University,85,1000 Free,2,9:51.66,Ryan Musich,,SCIAC Championships
Chapman University,85,1000 Free,3,10:07.61,Walker Slay,,SCIAC Championships
Chapman University,85,1000 Free,4,10:20.31,Miles Duncan,,SCIAC Championships
Chapman University,85,1000 Free,5,10:21.97,Daniel Deschenes,,SCIAC Championships
Chapman University,85,1000 Free,6,10:36.92,Trenten Calloway,,Chapman vs La Verne
Chapman University,85,1000 Free,7,11:28.23,Brody Perkins,,Chapman vs La Verne
Chapman University,85,1650 Free,1,16:14.84,Ryan Musich,,SCIAC Championships
Chapman University,85,1650 Free,2,16:27.17,Derek Jones,,SCIAC Championships
Chapman University,85,1650 Free,3,16:51.57,Walker Slay,,SCIAC Championships
Chapman University,85,1650 Free,4,17:13.23,Daniel Deschenes,,SCIAC Championships
Chapman University,85,1650 Free,5,17:16.56,Miles Duncan,,SCIAC Championships
Chapman University,85,200 Back,1,1:54.53,Harrison Kundahl,,La Verne Invitational
Chapman University,85,200 Back,2,1:55.27,Owen Ripley,,SCIAC Championships
Chapman University,85,200 Back,3,1:55.58,Ryan Musich,,La Verne Invitational
Chapman University,85,200 Back,4,1:55.64,Brody Perkins,,La Verne Invitational
Chapman University,85,200 Back,5,1:57.66,Cormac McShane,,La Verne Invitational
Chapman University,85,200 Back,6,1:58.07,Ben Allen,,SCIAC Championships
Chapman University,85,200 Back,7,1:59.89,Bennett Russo,,La Verne Invitational
Chapman University,85,200 Back,8,2:04.92,Derek Jones,,Chapman vs. Redlands
Chapman University,85,200 Back,9,2:06.92,Dean Koenders,,Chapman vs La Verne
Chapman University,85,200 Back,10,2:12.55,Ethan Miller,,Chapman vs. San Diego vs. Fresno Pacific
Chapman University,85,200 Breast,1,2:02.18,Max Polovinkin,,La Verne Invitational
Chapman University,85,200 Breast,2,2:02.51,James Galligan,,SCIAC Championships
Chapman University,85,200 Breast,3,2:05.73,Jack Krikorian,,La Verne Invitational
Chapman University,85,200 Breast,4,2:08.07,Tyler Licari,,SCIAC Championships
Chapman University,85,200 Breast,5,2:10.73,Dean Koenders,,SCIAC Championships
Chapman University,85,200 Breast,6,2:11.65,George Sholton,,Chapman vs. Cal Lutheran
Chapman University,85,200 Breast,7,2:12.95,Sebastian Herrera,,La Verne Invitational
Chapman University,85,200 Breast,8,2:17.78,Daniel Deschenes,,Chapman vs La Verne
Chapman University,85,200 Breast,9,2:18.53,Ryan Musich,,Chapman vs. San Diego vs. Fresno Pacific
Chapman University,85,200 Breast,10,2:38.50,Nick Ross,,Chapman vs La Verne
Chapman University,85,200 Fly,1,1:51.45,Jude Light,,SCIAC Championships
Chapman University,85,200 Fly,2,1:53.37,Alex Landmark,,SCIAC Championships
Chapman University,85,200 Fly,3,1:54.49,Ethan Miller,,SCIAC Championships
Chapman University,85,200 Fly,4,2:01.77,Derek Jones,,Chapman vs. Colorado College
Chapman University,85,200 Fly,5,2:03.04,Ryan Musich,,Chapman vs. San Diego vs. Fresno Pacific
Chapman University,85,200 Fly,6,2:05.39,Ben Allen,,Chapman vs. San Diego vs. Fresno Pacific
Chapman University,85,200 Fly,7,2:15.52,Harrison Kundahl,,Chapman vs La Verne
Chapman University,85,200 Free,1,1:42.35,Trenten Calloway,,SCIAC Championships
Chapman University,85,200 Free,2,1:43.08,Brody Perkins,,SCIAC Championships
Chapman University,85,200 Free,3,1:43.23,Alex Landmark,,La Verne Invitational
Chapman University,85,200 Free,4,1:43.40,Cooper Na,,SCIAC Championships
Chapman University,85,200 Free,5,1:43.40,Daniel Deschenes,,SCIAC Championships
Chapman University,85,200 Free,6,1:44.29,Derek Jones,,La Verne Invitational
Chapman University,85,200 Free,7,1:45.17,Walker Slay,,SCIAC Championships
Chapman University,85,200 Free,8,1:45.18,Charley Wilson,,SCIAC Championships
Chapman University,85,200 Free,9,1:46.21,Tyler Licari,,Chapman vs. Cal Lutheran
Chapman University,85,200 Free,10,1:46.70,Ryan Musich,,La Verne Invitational
Chapman University,85,200 Im,1,1:50.81,James Galligan,,SCIAC Championships
Chapman University,85,200 Im,2,1:54.22,Ryan Musich,,SCIAC Championships
Chapman University,85,200 Im,3,1:54.93,Jude Light,,SCIAC Championships
Chapman University,85,200 Im,4,1:57.04,Ryan McMillan,,SCIAC Championships
Chapman University,85,200 Im,5,1:57.20,Dean Koenders,,SCIAC Championships
Chapman University,85,200 Im,6,1:59.21,Jack Krikorian,,La Verne Invitational
Chapman University,85,200 Im,7,1:59.68,Ethan Miller,,SCIAC Championships
Chapman University,85,200 Im,8,2:00.11,Harrison Kundahl,,La Verne Invitational
Chapman University,85,200 Im,9,2:00.30,Ben Allen,,SCIAC Championships
Chapman University,85,200 Im,10,2:01.28,Sebastian Herrera,,La Verne Invitational
Chapman University,85,400 Im,1,4:04.26,Ryan Musich,,SCIAC Championships
Chapman University,85,400 Im,2,4:10.10,Jude Light,,La Verne Invitational
Chapman University,85,400 Im,3,4:12.53,James Galligan,,Chapman vs. Occidental vs. Concordia
Chapman University,85,400 Im,4,4:18.21,Ben Allen,,La Verne Invitational
Chapman University,85,400 Im,5,4:19.65,Dean Koenders,,SCIAC Championships
Chapman University,85,400 Im,6,4:22.33,Derek Jones,,Chapman vs La Verne
Chapman University,85,400 Im,7,4:25.36,Miles Duncan,,SCIAC Championships
Chapman University,85,400 Im,8,4:27.87,Harrison Kundahl,,Chapman vs. Occidental vs. Concordia
Chapman University,85,400 Im,9,4:33.01,Ethan Miller,,Chapman vs. Occidental vs. Concordia
Chapman University,85,50 Free,1,20.55,Cooper Na,,SCIAC Championships
Chapman University,85,50 Free,2,20.62,Max Polovinkin,,SCIAC Championships
Chapman University,85,50 Free,3,20.68,Riley Coleman,,SCIAC Championships
Chapman University,85,50 Free,4,20.92,Trenten Calloway,,La Verne Invitational
Chapman University,85,50 Free,5,21.05,Alex Landmark,,SCIAC Championships
Chapman University,85,50 Free,6,21.14,James Galligan,,La Verne Invitational
Chapman University,85,50 Free,7,21.40,Noah Williams,,La Verne Invitational
Chapman University,85,50 Free,8,21.61,Charley Wilson,,SCIAC Championships
Chapman University,85,50 Free,9,21.66,Cameron Kazemipour,,La Verne Invitational
Chapman University,85,50 Free,10,21.79,Tyler Licari,,Chapman vs. UC Santa Cruz
Chapman University,85,500 Free,1,4:34.87,Trenten Calloway,,SCIAC Championships
Chapman University,85,500 Free,2,4:39.50,Derek Jones,,La Verne Invitational
Chapman University,85,500 Free,3,4:44.36,Ryan Musich,,Caltech vs. Pomona-Pitzer vs. Chapman
Chapman University,85,500 Free,4,4:44.60,Daniel Deschenes,,SCIAC Championships
Chapman University,85,500 Free,5,4:46.21,Walker Slay,,SCIAC Championships
Chapman University,85,500 Free,6,4:49.73,Owen Ripley,,La Verne Invitational
Chapman University,85,500 Free,7,4:53.40,Alex Landmark,,Chapman vs. Cal Lutheran
Chapman University,85,500 Free,8,4:53.42,Brody Perkins,,SCIAC Championships
Chapman University,85,500 Free,9,5:00.87,Cormac McShane,,SCIAC Championships
Chapman University,85,500 Free,10,5:03.41,Ethan Miller,,La Verne Invitational
Claremont McKenna-Harvey Mudd-Scripps Colleges,261,100 Back,1,50.14,Kenny Eckel,,SCIAC Championships
Claremont McKenna-Harvey Mudd-Scripps Colleges,261,100 Back,2,51.19,Jack Beckman,,SCIAC Championships
Claremont McKenna-Harvey Mudd-Scripps Colleges,261,100 Back,3,51.53,Adam Lee,,SCIAC Championships
Claremont McKenna-Harvey Mudd-Scripps Colleges,261,100 Back,4,52.27,Julian Piedrahita,,CMS vs Pomona-Pitzer
Claremont McKenna-Harvey Mudd-Scripps Colleges,261,100 Back,5,52.29,Sean Su,,Pomona-Pitzer Invite
Claremont McKenna-Harvey Mudd-Scripps Colleges,261,100 Back,6,52.89,Micah Borg,,UC Santa Barbara vs Claremont-Mudd-Scripps
Claremont McKenna-Harvey Mudd-Scripps Colleges,261,100 Back,7,53.04,Jeremy Tan,,UCSD v SFU v CMS
Claremont McKenna-Harvey Mudd-Scripps Colleges,261,100 Back,8,53.17,Alex Jiang,,UC Santa Barbara vs Claremont-Mudd-Scripps
Claremont McKenna-Harvey Mudd-Scripps Colleges,261,100 Back,9,53.35,Jasper Shue,,Pomona-Pitzer Invite
Claremont McKenna-Harvey Mudd-Scripps Colleges,261,100 Back,10,53.72,Dean Ko,,La Verne Invitational
Claremont McKenna-Harvey Mudd-Scripps Colleges,261,100 Breast,1,55.03,Evan Deedy,,SCIAC Championships
Claremont McKenna-Harvey Mudd-Scripps Colleges,261,100 Breast,2,55.13,Kenny Eckel,,SCIAC Championships
Claremont McKenna-Harvey Mudd-Scripps Colleges,261,100 Breast,3,57.23,Spencer Merodio,,UC Santa Barbara vs Claremont-Mudd-Scripps
Claremont McKenna-Harvey Mudd-Scripps Colleges,261,100 Breast,4,57.79,Steven Tran,,UC Santa Barbara vs Claremont-Mudd-Scripps
Claremont McKenna-Harvey Mudd-Scripps Colleges,261,100 Breast,5,58.23,Clarence Cheam,,Pomona-Pitzer Invite
Claremont McKenna-Harvey Mudd-Scripps Colleges,261,100 Breast,6,59.39,Lucas Williams,,Redlands vs CMS
Claremont McKenna-Harvey Mudd-Scripps Colleges,261,100 Breast,7,1:01.33,Julian Piedrahita,,Pomona-Pitzer Invite
Claremont McKenna-Harvey Mudd-Scripps Colleges,261,100 Breast,8,1:02.68,Henry Lyons,,UCSD v SFU v CMS
Claremont McKenna-Harvey Mudd-Scripps Colleges,261,100 Fly,1,49.67,Jasper Shue,,CMS vs Pomona-Pitzer
Claremont McKenna-Harvey Mudd-Scripps Colleges,261,100 Fly,2,50.49,Alex Johnson,,SCIAC Championships
Claremont McKenna-Harvey Mudd-Scripps Colleges,261,100 Fly,3,50.51,Jayden Kadiman,,Pomona-Pitzer Invite
Claremont McKenna-Harvey Mudd-Scripps Colleges,261,100 Fly,4,51.61,Adam Lee,,SCIAC Championships
Claremont McKenna-Harvey Mudd-Scripps Colleges,261,100 Fly,5,51.67,Tyler Headley,,SCIAC Championships
Claremont McKenna-Harvey Mudd-Scripps Colleges,261,100 Fly,6,52.19,Matthew Shield,,SCIAC Championships
Claremont McKenna-Harvey Mudd-Scripps Colleges,261,100 Fly,7,52.20,Evan Deedy,,Pomona-Pitzer Invite
Claremont McKenna-Harvey Mudd-Scripps Colleges,261,100 Fly,8,52.54,Cole Sumino,,SCIAC Championships
Claremont McKenna-Harvey Mudd-Scripps Colleges,261,100 Fly,9,52.70,Charlie Bollwerk,,SCIAC Championships
Claremont McKenna-Harvey Mudd-Scripps Colleges,261,100 Fly,10,53.94,Dean Ko,,SCIAC Championships
Claremont McKenna-Harvey Mudd-Scripps Colleges,261,100 Free,1,45.31,Sean Su,,UC Santa Barbara vs Claremont-Mudd-Scripps
Claremont McKenna-Harvey Mudd-Scripps Colleges,261,100 Free,2,45.42,Kenny Eckel,,SCIAC Championships
Claremont McKenna-Harvey Mudd-Scripps Colleges,261,100 Free,3,45.44,Jasper Shue,,CMS vs Pomona-Pitzer
Claremont McKenna-Harvey Mudd-Scripps Colleges,261,100 Free,4,45.73,Jack Beckman,,CMS vs Pomona-Pitzer
Claremont McKenna-Harvey Mudd-Scripps Colleges,261,100 Free,5,45.74,Alex Davies,,SCIAC Championships
Claremont McKenna-Harvey Mudd-Scripps Colleges,261,100 Free,6,46.93,Spencer Merodio,,UC Santa Barbara vs Claremont-Mudd-Scripps
Claremont McKenna-Harvey Mudd-Scripps Colleges,261,100 Free,7,47.40,Alex Johnson,,Pomona-Pitzer Invite
Claremont McKenna-Harvey Mudd-Scripps Colleges,261,100 Free,8,47.43,Matthew Shield,,Pomona-Pitzer Invite
Claremont McKenna-Harvey Mudd-Scripps Colleges,261,100 Free,9,47.47,Jeremy Tan,,UCSD v SFU v CMS
Claremont McKenna-Harvey Mudd-Scripps Colleges,261,100 Free,10,47.48,Benjamin Gallegos,,SCIAC Championships
Claremont McKenna-Harvey Mudd-Scripps Colleges,261,1000 Free,1,9:31.07,William Jones,,SCIAC Championships
Claremont McKenna-Harvey Mudd-Scripps Colleges,261,1000 Free,2,9:38.73,Charlie Hill,,SCIAC Championships
Claremont McKenna-Harvey Mudd-Scripps Colleges,261,1000 Free,3,9:48.17,Alex Johnson,,SCIAC Championships
Claremont McKenna-Harvey Mudd-Scripps Colleges,261,1000 Free,4,9:51.66,Pierce McShane,,Redlands vs CMS
Claremont McKenna-Harvey Mudd-Scripps Colleges,261,1000 Free,5,9:57.62,Cole Sumino,,CMS vs Pomona-Pitzer
Claremont McKenna-Harvey Mudd-Scripps Colleges,261,1000 Free,6,10:02.19,Henry Lyons,,SCIAC Championships
Claremont McKenna-Harvey Mudd-Scripps Colleges,261,1000 Free,7,10:04.51,Adam VanLuvanee,,Pomona-Pitzer Invite
Claremont McKenna-Harvey Mudd-Scripps Colleges,261,1650 Free,1,15:37.94,William Jones,,SCIAC Championships
Claremont McKenna-Harvey Mudd-Scripps Colleges,261,1650 Free,2,15:50.98,Charlie Hill,,SCIAC Championships
Claremont McKenna-Harvey Mudd-Scripps Colleges,261,1650 Free,3,16:06.05,Alex Johnson,,SCIAC Championships
Claremont McKenna-Harvey Mudd-Scripps Colleges,261,1650 Free,4,16:30.61,Cole Sumino,,CMS vs Pomona-Pitzer
Claremont McKenna-Harvey Mudd-Scripps Colleges,261,1650 Free,5,16:35.89,Adam VanLuvanee,,Pomona-Pitzer Invite
Claremont McKenna-Harvey Mudd-Scripps Colleges,261,1650 Free,6,16:37.12,Henry Lyons,,UC Santa Barbara vs Claremont-Mudd-Scripps
Claremont McKenna-Harvey Mudd-Scripps Colleges,261,200 Back,1,1:51.88,Pierce McShane,,SCIAC Championships
Claremont McKenna-Harvey Mudd-Scripps Colleges,261,200 Back,2,1:52.80,Alex Davies,,SCIAC Championships
Claremont McKenna-Harvey Mudd-Scripps Colleges,261,200 Back,3,1:52.96,Adam Lee,,SCIAC Championships
Claremont McKenna-Harvey Mudd-Scripps Colleges,261,200 Back,4,1:53.32,Micah Borg,,SCIAC Championships
Claremont McKenna-Harvey Mudd-Scripps Colleges,261,200 Back,5,1:55.04,Julian Piedrahita,,CMS vs Pomona-Pitzer
Claremont McKenna-Harvey Mudd-Scripps Colleges,261,200 Back,6,1:55.35,Dean Ko,,Redlands vs CMS
Claremont McKenna-Harvey Mudd-Scripps Colleges,261,200 Back,7,1:57.20,Jack Beckman,,"LaVerne vs. CLU, CMS"
Claremont McKenna-Harvey Mudd-Scripps Colleges,261,200 Back,8,2:00.74,Sean Su,,"LaVerne vs. CLU, CMS"
Claremont McKenna-Harvey Mudd-Scripps Colleges,261,200 Back,9,2:06.20,Alex Jiang,,UC Santa Barbara vs Claremont-Mudd-Scripps
Claremont McKenna-Harvey Mudd-Scripps Colleges,261,200 Breast,1,2:00.72,Evan Deedy,,SCIAC Championships
Claremont McKenna-Harvey Mudd-Scripps Colleges,261,200 Breast,2,2:00.99,Kenny Eckel,,SCIAC Championships
Claremont McKenna-Harvey Mudd-Scripps Colleges,261,200 Breast,3,2:03.96,Lucas Williams,,SCIAC Championships
Claremont McKenna-Harvey Mudd-Scripps Colleges,261,200 Breast,4,2:04.17,Steven Tran,,Redlands vs CMS
Claremont McKenna-Harvey Mudd-Scripps Colleges,261,200 Breast,5,2:09.02,Henry Lyons,,Pomona-Pitzer Invite
Claremont McKenna-Harvey Mudd-Scripps Colleges,261,200 Breast,6,2:09.97,Spencer Merodio,,CMS vs Pomona-Pitzer
Claremont McKenna-Harvey Mudd-Scripps Colleges,261,200 Breast,7,2:10.73,Clarence Cheam,,CMS vs Pomona-Pitzer
Claremont McKenna-Harvey Mudd-Scripps Colleges,261,200 Breast,8,2:10.73,Alex Jiang,,SCIAC Championships
Claremont McKenna-Harvey Mudd-Scripps Colleges,261,200 Breast,9,2:16.81,William Jones,,Pomona-Pitzer Invite
Claremont McKenna-Harvey Mudd-Scripps Colleges,261,200 Breast,10,2:17.24,Pierce McShane,,Redlands vs CMS
Claremont McKenna-Harvey Mudd-Scripps Colleges,261,200 Fly,1,1:51.33,Jayden Kadiman,,CMS vs Pomona-Pitzer
Claremont McKenna-Harvey Mudd-Scripps Colleges,261,200 Fly,2,1:52.35,Dean Ko,,SCIAC Championships
Claremont McKenna-Harvey Mudd-Scripps Colleges,261,200 Fly,3,1:54.65,Pierce McShane,,CMS vs Pomona-Pitzer
Claremont McKenna-Harvey Mudd-Scripps Colleges,261,200 Fly,4,1:54.66,Tyler Headley,,Pomona-Pitzer Invite
Claremont McKenna-Harvey Mudd-Scripps Colleges,261,200 Fly,5,1:55.20,Adam VanLuvanee,,SCIAC Championships
Claremont McKenna-Harvey Mudd-Scripps Colleges,261,200 Fly,6,1:59.01,Jasper Shue,,"LaVerne vs. CLU, CMS"
Claremont McKenna-Harvey Mudd-Scripps Colleges,261,200 Free,1,1:38.98,Jasper Shue,,SCIAC Championships
Claremont McKenna-Harvey Mudd-Scripps Colleges,261,200 Free,2,1:39.94,Sean Su,,SCIAC Championships
Claremont McKenna-Harvey Mudd-Scripps Colleges,261,200 Free,3,1:40.86,William Jones,,SCIAC Championships
Claremont McKenna-Harvey Mudd-Scripps Colleges,261,200 Free,4,1:41.29,Alex Davies,,SCIAC Championships
Claremont McKenna-Harvey Mudd-Scripps Colleges,261,200 Free,5,1:41.94,Kenny Eckel,,Redlands vs CMS
Claremont McKenna-Harvey Mudd-Scripps Colleges,261,200 Free,6,1:42.00,Pierce McShane,,UC Santa Barbara vs Claremont-Mudd-Scripps
Claremont McKenna-Harvey Mudd-Scripps Colleges,261,200 Free,7,1:42.52,Adam Lee,,Redlands vs CMS
Claremont McKenna-Harvey Mudd-Scripps Colleges,261,200 Free,8,1:43.24,Henry Lyons,,Redlands vs CMS
Claremont McKenna-Harvey Mudd-Scripps Colleges,261,200 Free,9,1:43.48,Alex Johnson,,Redlands vs CMS
Claremont McKenna-Harvey Mudd-Scripps Colleges,261,200 Free,10,1:43.52,Jack Beckman,,La Verne Invitational
Claremont McKenna-Harvey Mudd-Scripps Colleges,261,200 Im,1,1:49.01,Kenny Eckel,,SCIAC Championships
Claremont McKenna-Harvey Mudd-Scripps Colleges,261,200 Im,2,1:51.45,Lucas Williams,,SCIAC Championships
Claremont McKenna-Harvey Mudd-Scripps Colleges,261,200 Im,3,1:52.29,Spencer Merodio,,SCIAC Championships
Claremont McKenna-Harvey Mudd-Scripps Colleges,261,200 Im,4,1:52.78,Dean Ko,,SCIAC Championships
Claremont McKenna-Harvey Mudd-Scripps Colleges,261,200 Im,5,1:52.83,Pierce McShane,,Pomona-Pitzer Invite
Claremont McKenna-Harvey Mudd-Scripps Colleges,261,200 Im,6,1:56.31,Evan Deedy,,SCIAC Championships
Claremont McKenna-Harvey Mudd-Scripps Colleges,261,200 Im,7,1:57.11,Julian Piedrahita,,SCIAC Championships
Claremont McKenna-Harvey Mudd-Scripps Colleges,261,200 Im,8,1:57.28,Steven Tran,,Redlands vs CMS
Claremont McKenna-Harvey Mudd-Scripps Colleges,261,200 Im,9,1:57.68,Cole Sumino,,SCIAC Championships
Claremont McKenna-Harvey Mudd-Scripps Colleges,261,200 Im,10,1:59.40,Sean Su,,Occidental vs. CMS
Claremont McKenna-Harvey Mudd-Scripps Colleges,261,400 Im,1,3:57.15,Pierce McShane,,CMS vs Pomona-Pitzer
Claremont McKenna-Harvey Mudd-Scripps Colleges,261,400 Im,2,4:02.25,Dean Ko,,SCIAC Championships
Claremont McKenna-Harvey Mudd-Scripps Colleges,261,400 Im,3,4:03.40,William Jones,,SCIAC Championships
Claremont McKenna-Harvey Mudd-Scripps Colleges,261,400 Im,4,4:04.36,Kenny Eckel,,UC Santa Barbara vs Claremont-Mudd-Scripps
Claremont McKenna-Harvey Mudd-Scripps Colleges,261,400 Im,5,4:04.64,Charlie Hill,,SCIAC Championships
Claremont McKenna-Harvey Mudd-Scripps Colleges,261,400 Im,6,4:04.74,Henry Lyons,,Pomona-Pitzer Invite
Claremont McKenna-Harvey Mudd-Scripps Colleges,261,400 Im,7,4:06.56,Lucas Williams,,Pomona-Pitzer Invite
Claremont McKenna-Harvey Mudd-Scripps Colleges,261,50 Free,1,20.83,Sean Su,,CMS vs Pomona-Pitzer
Claremont McKenna-Harvey Mudd-Scripps Colleges,261,50 Free,2,20.92,Jasper Shue,,CMS vs Pomona-Pitzer
Claremont McKenna-Harvey Mudd-Scripps Colleges,261,50 Free,3,20.95,Kenny Eckel,,UC Santa Barbara vs Claremont-Mudd-Scripps
Claremont McKenna-Harvey Mudd-Scripps Colleges,261,50 Free,4,21.03,Jack Beckman,,SCIAC Championships
Claremont McKenna-Harvey Mudd-Scripps Colleges,261,50 Free,5,21.22,Alex Davies,,SCIAC Championships
Claremont McKenna-Harvey Mudd-Scripps Colleges,261,50 Free,6,21.35,Jayden Kadiman,,Occidental vs. CMS
Claremont McKenna-Harvey Mudd-Scripps Colleges,261,50 Free,7,21.73,Benjamin Gallegos,,Redlands vs CMS
Claremont McKenna-Harvey Mudd-Scripps Colleges,261,50 Free,8,21.78,Tyler Headley,,SCIAC Championships
Claremont McKenna-Harvey Mudd-Scripps Colleges,261,50 Free,9,21.81,Matthew Shield,,SCIAC Championships
Claremont McKenna-Harvey Mudd-Scripps Colleges,261,50 Free,10,21.99,Adam Lee,,Pomona-Pitzer Invite
Claremont McKenna-Harvey Mudd-Scripps Colleges,261,500 Free,1,4:28.48,Pierce McShane,,SCIAC Championships
Claremont McKenna-Harvey Mudd-Scripps Colleges,261,500 Free,2,4:30.58,William Jones,,SCIAC Championships
Claremont McKenna-Harvey Mudd-Scripps Colleges,261,500 Free,3,4:32.82,Charlie Hill,,SCIAC Championships
Claremont McKenna-Harvey Mudd-Scripps Colleges,261,500 Free,4,4:33.60,Alex Johnson,,SCIAC Championships
Claremont McKenna-Harvey Mudd-Scripps Colleges,261,500 Free,5,4:37.59,Adam VanLuvanee,,Redlands vs CMS
Claremont McKenna-Harvey Mudd-Scripps Colleges,261,500 Free,6,4:40.92,Sean Su,,Pomona-Pitzer Invite
Claremont McKenna-Harvey Mudd-Scripps Colleges,261,500 Free,7,4:43.64,Henry Lyons,,Redlands vs CMS
Claremont McKenna-Harvey Mudd-Scripps Colleges,261,500 Free,8,4:47.28,Cole Sumino,,UCSD v SFU v CMS
Claremont McKenna-Harvey Mudd-Scripps Colleges,261,500 Free,9,4:57.57,Benjamin Gallegos,,UCSD v SFU v CMS
Colby College,69,100 Back,1,48.68,Brandon Xiong,,NESCAC Mens Championships
Colby College,69,100 Back,2,52.39,Henry Stimson,,NESCAC Mens Championships
Colby College,69,100 Back,3,53.77,Breacan Shea,,NESCAC Mens Championships
Colby College,69,100 Back,4,54.06,Noam Reinhorn,,Maine Collegiate Invite
Colby College,69,100 Back,5,54.32,Evan Stein,,NESCAC Mens Championships
Colby College,69,100 Back,6,54.61,Alexander Ruckel-Bekefi,,Wesleyan vs. Colby
Colby College,69,100 Breast,1,56.46,Alex MacLennan,,NESCAC Mens Championships
Colby College,69,100 Breast,2,57.14,Noam Reinhorn,,NESCAC Mens Championships
Colby College,69,100 Breast,3,57.51,Shepard Kerscher,,NESCAC Mens Championships
Colby College,69,100 Breast,4,58.02,Henry Stimson,,Colby vs Bowdoin & Bates
Colby College,69,100 Breast,5,1:01.94,Michael Fiechter,,Maine Collegiate Invite
Colby College,69,100 Fly,1,48.78,Brandon Morrison,,NESCAC Mens Championships
Colby College,69,100 Fly,2,49.24,Alexander Ruckel-Bekefi,,NESCAC Mens Championships
Colby College,69,100 Fly,3,50.12,Skylar Yoham,,NESCAC Mens Championships
Colby College,69,100 Fly,4,51.47,Todd Siekman,,Maine Collegiate Invite
Colby College,69,100 Fly,5,52.50,Ethan Chang,,Wesleyan vs. Colby
Colby College,69,100 Fly,6,53.86,Henry Stimson,,Amherst vs. Colby
Colby College,69,100 Fly,7,53.97,Shepard Kerscher,,Maine Collegiate Invite
Colby College,69,100 Fly,8,55.91,Curtis Johnson,,Colby vs Bowdoin & Bates
Colby College,69,100 Fly,9,56.14,Gabriel Huajardo,,NESCAC Mens Championships
Colby College,69,100 Fly,10,58.14,Alex MacLennan,,Maine Collegiate Invite
Colby College,69,100 Free,1,45.07,Brandon Xiong,,Colby vs Bowdoin & Bates
Colby College,69,100 Free,2,45.94,Todd Siekman,,NESCAC Mens Championships
Colby College,69,100 Free,3,46.14,Amaan Siddiqui,,NESCAC Mens Championships
Colby College,69,100 Free,4,46.41,Ethan Chang,,NESCAC Mens Championships
Colby College,69,100 Free,5,46.80,Charlie Jacobs,,NESCAC Mens Championships
Colby College,69,100 Free,6,46.95,Brandon Morrison,,Wesleyan vs. Colby
Colby College,69,100 Free,7,47.06,Alexander Ruckel-Bekefi,,Colby vs Bowdoin & Bates
Colby College,69,100 Free,8,47.07,Michael Fiechter,,NESCAC Mens Championships
Colby College,69,100 Free,9,47.71,Noam Reinhorn,,NESCAC Mens Championships
Colby College,69,100 Free,10,47.87,Brendan Kirberger,,Maine Collegiate Invite
Colby College,69,1000 Free,1,9:17.09,Brendan Kirberger,,NESCAC Mens Championships
Colby College,69,1000 Free,2,9:35.06,Matthew Church,,NESCAC Mens Championships
Colby College,69,1000 Free,3,9:53.31,Curtis Johnson,,NESCAC Mens Championships
Colby College,69,1000 Free,4,10:01.30,Breacan Shea,,Colby vs Bowdoin & Bates
Colby College,69,1000 Free,5,10:26.48,Nathaniel Chon,,NESCAC Mens Championships
Colby College,69,1650 Free,1,15:41.97,Brendan Kirberger,,NESCAC Mens Championships
Colby College,69,1650 Free,2,16:03.27,Matthew Church,,NESCAC Mens Championships
Colby College,69,1650 Free,3,16:55.51,Breacan Shea,,Maine Collegiate Invite
Colby College,69,1650 Free,4,17:35.66,Nathaniel Chon,,NESCAC Mens Championships
Colby College,69,1650 Free,5,17:46.68,Curtis Johnson,,Maine Collegiate Invite
Colby College,69,200 Back,1,1:53.23,Noam Reinhorn,,NESCAC Mens Championships
Colby College,69,200 Back,2,1:53.85,Breacan Shea,,NESCAC Mens Championships
Colby College,69,200 Back,3,1:58.32,Evan Stein,,NESCAC Mens Championships
Colby College,69,200 Back,4,2:07.45,Finn Stenfors,,Amherst vs. Colby
Colby College,69,200 Breast,1,2:03.96,Alex MacLennan,,NESCAC Mens Championships
Colby College,69,200 Breast,2,2:12.55,Shepard Kerscher,,NESCAC Mens Championships
Colby College,69,200 Breast,3,2:16.37,Noam Reinhorn,,Maine Collegiate Invite
Colby College,69,200 Breast,4,2:39.00,Nathaniel Chon,,Colby vs. Worcester Polytechnic Institute
Colby College,69,200 Fly,1,1:48.54,Brandon Morrison,,NESCAC Mens Championships
Colby College,69,200 Fly,2,1:52.29,Skylar Yoham,,NESCAC Mens Championships
Colby College,69,200 Fly,3,1:52.75,Alexander Ruckel-Bekefi,,NESCAC Mens Championships
Colby College,69,200 Fly,4,1:55.75,Curtis Johnson,,NESCAC Mens Championships
Colby College,69,200 Fly,5,2:24.08,Gabriel Huajardo,,Colby vs. Worcester Polytechnic Institute
Colby College,69,200 Free,1,1:40.57,Amaan Siddiqui,,Colby vs Bowdoin & Bates
Colby College,69,200 Free,2,1:42.32,Todd Siekman,,NESCAC Mens Championships
Colby College,69,200 Free,3,1:42.49,Brendan Kirberger,,Maine Collegiate Invite
Colby College,69,200 Free,4,1:44.44,Brandon Morrison,,Wesleyan vs. Colby
Colby College,69,200 Free,5,1:44.80,Alexander Ruckel-Bekefi,,Maine Collegiate Invite
Colby College,69,200 Free,6,1:45.03,Charlie Jacobs,,NESCAC Mens Championships
Colby College,69,200 Free,7,1:46.14,Cole DiPietro,,NESCAC Mens Championships
Colby College,69,200 Free,8,1:46.54,Breacan Shea,,Maine Collegiate Invite
Colby College,69,200 Free,9,1:49.27,Evan Stein,,Maine Collegiate Invite
Colby College,69,200 Free,10,1:49.31,Curtis Johnson,,Maine Collegiate Invite
Colby College,69,200 Im,1,1:51.69,Alex MacLennan,,NESCAC Mens Championships
Colby College,69,200 Im,2,1:55.31,Noam Reinhorn,,NESCAC Mens Championships
Colby College,69,200 Im,3,1:55.60,Brandon Morrison,,Maine Collegiate Invite
Colby College,69,200 Im,4,1:58.29,Henry Stimson,,Colby vs Bowdoin & Bates
Colby College,69,200 Im,5,2:00.10,Alexander Ruckel-Bekefi,,Wesleyan vs. Colby
Colby College,69,200 Im,6,2:01.22,Brendan Kirberger,,Wesleyan vs. Colby
Colby College,69,200 Im,7,2:01.23,Shepard Kerscher,,Colby vs Bowdoin & Bates
Colby College,69,200 Im,8,2:02.55,Skylar Yoham,,Colby vs. Worcester Polytechnic Institute
Colby College,69,200 Im,9,2:04.69,Matthew Church,,Maine Collegiate Invite
Colby College,69,200 Im,10,2:08.11,Gabriel Huajardo,,Colby vs Bowdoin & Bates
Colby College,69,400 Im,1,4:19.31,Skylar Yoham,,Colby v Conn College
Colby College,69,400 Im,2,4:21.34,Matthew Church,,Maine Collegiate Invite
Colby College,69,400 Im,3,4:23.79,Alex MacLennan,,Colby v Conn College
Colby College,69,400 Im,4,4:32.64,Nathaniel Chon,,Maine Collegiate Invite
Colby College,69,50 Free,1,20.28,Brandon Xiong,,Maine Collegiate Invite
Colby College,69,50 Free,2,20.80,Brandon Morrison,,NESCAC Mens Championships
Colby College,69,50 Free,3,20.92,Todd Siekman,,NESCAC Mens Championships
Colby College,69,50 Free,4,21.02,Ethan Chang,,NESCAC Mens Championships
Colby College,69,50 Free,5,21.09,Alexander Ruckel-Bekefi,,NESCAC Mens Championships
Colby College,69,50 Free,6,21.32,Michael Fiechter,,NESCAC Mens Championships
Colby College,69,50 Free,7,21.45,Amaan Siddiqui,,NESCAC Mens Championships
Colby College,69,50 Free,8,21.64,Shepard Kerscher,,NESCAC Mens Championships
Colby College,69,50 Free,9,21.70,Charlie Jacobs,,NESCAC Mens Championships
Colby College,69,50 Free,10,21.80,Henry Stimson,,Colby vs Bowdoin & Bates
Colby College,69,500 Free,1,4:30.84,Brendan Kirberger,,NESCAC Mens Championships
Colby College,69,500 Free,2,4:41.27,Amaan Siddiqui,,Maine Collegiate Invite
Colby College,69,500 Free,3,4:42.71,Matthew Church,,NESCAC Mens Championships
Colby College,69,500 Free,4,4:45.17,Curtis Johnson,,NESCAC Mens Championships
Colby College,69,500 Free,5,4:48.03,Breacan Shea,,NESCAC Mens Championships
Colby College,69,500 Free,6,4:58.82,Nathaniel Chon,,Colby vs Bowdoin & Bates
Colby College,69,500 Free,7,5:02.28,Evan Stein,,Maine Collegiate Invite
Colby College,69,500 Free,8,5:11.75,Brandon Xiong,,Wesleyan vs. Colby
"College of New Jersey, The",52,100 Back,1,48.29,Andrew Kidchob,,New Jersey Athletic Conference Championship
"College of New Jersey, The",52,100 Back,2,49.73,Mason Bushay,,New Jersey Athletic Conference Championship
"College of New Jersey, The",52,100 Back,3,50.74,Gavin Patrick,,New Jersey Athletic Conference Championship
"College of New Jersey, The",52,100 Back,4,51.47,Matt Liotti,,TCNJ Invitational
"College of New Jersey, The",52,100 Back,5,51.77,Bradley Frank,,New Jersey Athletic Conference Championship
"College of New Jersey, The",52,100 Back,6,53.29,Hunter Adams,,TCNJ Invitational
"College of New Jersey, The",52,100 Back,7,54.23,Nick Viola,,"Johns Hopkins vs. TCNJ, Washington & Lee"
"College of New Jersey, The",52,100 Back,8,54.44,Kyle Brushaber,,TCNJ vs Montclair
"College of New Jersey, The",52,100 Back,9,54.58,Derin Ozbas,,Ramapo vs. TCNJ
"College of New Jersey, The",52,100 Back,10,55.39,Nathaniel Ross,,The College of New Jersey vs. Rowan
"College of New Jersey, The",52,100 Breast,1,54.67,Tyler McGeehan,,New Jersey Athletic Conference Championship
"College of New Jersey, The",52,100 Breast,2,56.16,Dylan Negron,,New Jersey Athletic Conference Championship
"College of New Jersey, The",52,100 Breast,3,56.54,Gabe Beverini,,TCNJ Invitational
"College of New Jersey, The",52,100 Breast,4,59.25,Robert Young,,TCNJ Invitational
"College of New Jersey, The",52,100 Breast,5,59.42,Andrew Casares,,TCNJ Invitational
"College of New Jersey, The",52,100 Breast,6,59.68,MJ Hoban,,Ramapo vs. TCNJ
"College of New Jersey, The",52,100 Breast,7,1:00.31,Patrick Adams,,Monmouth vs. TCNJ
"College of New Jersey, The",52,100 Breast,8,1:00.72,Andrew Kidchob,,TCNJ vs Montclair
"College of New Jersey, The",52,100 Breast,9,1:01.39,Riley Smith,,TCNJ vs Kean
"College of New Jersey, The",52,100 Breast,10,1:01.73,Brian Bull,,TCNJ vs Montclair
"College of New Jersey, The",52,100 Fly,1,47.19,Joe McChesney,,New Jersey Athletic Conference Championship
"College of New Jersey, The",52,100 Fly,2,48.58,Andrew Kidchob,,New Jersey Athletic Conference Championship
"College of New Jersey, The",52,100 Fly,3,49.09,Mason Bushay,,New Jersey Athletic Conference Championship
"College of New Jersey, The",52,100 Fly,4,50.37,Hunter Adams,,New Jersey Athletic Conference Championship
"College of New Jersey, The",52,100 Fly,5,50.44,Pablo Salazar,,The College of New Jersey vs. Rowan
"College of New Jersey, The",52,100 Fly,6,51.76,Gavin Patrick,,TCNJ Invitational
"College of New Jersey, The",52,100 Fly,7,52.05,Owyn Keiderling,,TCNJ Invitational
"College of New Jersey, The",52,100 Fly,8,52.33,Derin Ozbas,,Ramapo vs. TCNJ
"College of New Jersey, The",52,100 Fly,9,52.63,Matt Jensen,,New Jersey Athletic Conference Championship
"College of New Jersey, The",52,100 Fly,10,52.84,Andrew Casares,,New Jersey Athletic Conference Championship
"College of New Jersey, The",52,100 Free,1,44.08,MJ Hoban,,New Jersey Athletic Conference Championship
"College of New Jersey, The",52,100 Free,2,45.61,Mason Bushay,,New Jersey Athletic Conference Championship
"College of New Jersey, The",52,100 Free,3,45.65,Derin Ozbas,,New Jersey Athletic Conference Championship
"College of New Jersey, The",52,100 Free,4,45.74,Gabe Beverini,,TCNJ Invitational
"College of New Jersey, The",52,100 Free,5,45.81,Keilan Moran,,New Jersey Athletic Conference Championship
"College of New Jersey, The",52,100 Free,6,45.99,Riley Smith,,TCNJ Invitational
"College of New Jersey, The",52,100 Free,7,46.05,Joe McChesney,,TCNJ Invitational
"College of New Jersey, The",52,100 Free,8,46.28,Bradley Frank,,New Jersey Athletic Conference Championship
"College of New Jersey, The",52,100 Free,9,46.59,Gavin Patrick,,New Jersey Athletic Conference Championship
"College of New Jersey, The",52,100 Free,10,46.90,Nathaniel Ross,,New Jersey Athletic Conference Championship
"College of New Jersey, The",52,1000 Free,1,9:28.11,Gavin Formon,,New Jersey Athletic Conference Championship
"College of New Jersey, The",52,1000 Free,2,9:29.02,steven Bendoraitis,,New Jersey Athletic Conference Championship
"College of New Jersey, The",52,1000 Free,3,9:31.21,Will Heinze,,New Jersey Athletic Conference Championship
"College of New Jersey, The",52,1000 Free,4,9:42.33,Brian Bull,,New Jersey Athletic Conference Championship
"College of New Jersey, The",52,1000 Free,5,9:43.65,Noah Serrano,,"Johns Hopkins vs. TCNJ, Washington & Lee"
"College of New Jersey, The",52,1000 Free,6,9:45.59,Dylan DeWitt,,New Jersey Athletic Conference Championship
"College of New Jersey, The",52,1000 Free,7,10:00.01,Owyn Keiderling,,TCNJ vs Kean
"College of New Jersey, The",52,1000 Free,8,10:03.00,Matt Liotti,,TCNJ Invitational
"College of New Jersey, The",52,1000 Free,9,10:06.93,Kyle Brushaber,,TCNJ Invitational
"College of New Jersey, The",52,1000 Free,10,10:52.46,Nick Viola,,Ramapo vs. TCNJ
"College of New Jersey, The",52,1650 Free,1,15:34.77,Gavin Formon,,New Jersey Athletic Conference Championship
"College of New Jersey, The",52,1650 Free,2,15:43.88,steven Bendoraitis,,New Jersey Athletic Conference Championship
"College of New Jersey, The",52,1650 Free,3,15:48.88,Will Heinze,,New Jersey Athletic Conference Championship
"College of New Jersey, The",52,1650 Free,4,16:09.84,Noah Serrano,,New Jersey Athletic Conference Championship
"College of New Jersey, The",52,1650 Free,5,16:13.34,Brian Bull,,New Jersey Athletic Conference Championship
"College of New Jersey, The",52,1650 Free,6,16:13.74,Dylan DeWitt,,New Jersey Athletic Conference Championship
"College of New Jersey, The",52,1650 Free,7,16:27.30,Matt Liotti,,TCNJ Invitational
"College of New Jersey, The",52,1650 Free,8,16:38.31,Kyle Brushaber,,TCNJ Invitational
"College of New Jersey, The",52,1650 Free,9,16:41.84,Owyn Keiderling,,TCNJ Invitational
"College of New Jersey, The",52,200 Back,1,1:48.65,Mason Bushay,,New Jersey Athletic Conference Championship
"College of New Jersey, The",52,200 Back,2,1:49.82,Andrew Kidchob,,New Jersey Athletic Conference Championship
"College of New Jersey, The",52,200 Back,3,1:50.02,Matt Liotti,,New Jersey Athletic Conference Championship
"College of New Jersey, The",52,200 Back,4,1:50.94,Kyle Brushaber,,New Jersey Athletic Conference Championship
"College of New Jersey, The",52,200 Back,5,1:51.60,Nick Viola,,New Jersey Athletic Conference Championship
"College of New Jersey, The",52,200 Back,6,1:51.94,Gavin Patrick,,New Jersey Athletic Conference Championship
"College of New Jersey, The",52,200 Back,7,1:52.37,Will Heinze,,New Jersey Athletic Conference Championship
"College of New Jersey, The",52,200 Back,8,1:53.28,Gavin Formon,,TCNJ Invitational
"College of New Jersey, The",52,200 Back,9,1:59.66,steven Bendoraitis,,TCNJ vs Kean
"College of New Jersey, The",52,200 Back,10,2:03.60,Robert Young,,TCNJ vs Montclair
"College of New Jersey, The",52,200 Breast,1,1:58.18,Tyler McGeehan,,New Jersey Athletic Conference Championship
"College of New Jersey, The",52,200 Breast,2,2:02.24,Gabe Beverini,,New Jersey Athletic Conference Championship
"College of New Jersey, The",52,200 Breast,3,2:02.70,Dylan Negron,,New Jersey Athletic Conference Championship
"College of New Jersey, The",52,200 Breast,4,2:06.43,Patrick Adams,,TCNJ Invitational
"College of New Jersey, The",52,200 Breast,5,2:08.67,Andrew Casares,,TCNJ Invitational
"College of New Jersey, The",52,200 Breast,6,2:09.23,Robert Young,,New Jersey Athletic Conference Championship
"College of New Jersey, The",52,200 Breast,7,2:16.15,Gavin Formon,,TCNJ vs Kean
"College of New Jersey, The",52,200 Breast,8,2:16.76,Nick Viola,,TCNJ vs Kean
"College of New Jersey, The",52,200 Breast,9,2:18.97,Brian Bull,,TCNJ vs Montclair
"College of New Jersey, The",52,200 Breast,10,2:26.95,Joe McChesney,,Ramapo vs. TCNJ
"College of New Jersey, The",52,200 Fly,1,1:47.71,Joe McChesney,,New Jersey Athletic Conference Championship
"College of New Jersey, The",52,200 Fly,2,1:49.82,Pablo Salazar,,TCNJ Invitational
"College of New Jersey, The",52,200 Fly,3,1:51.51,Hunter Adams,,New Jersey Athletic Conference Championship
"College of New Jersey, The",52,200 Fly,4,1:51.76,Owyn Keiderling,,New Jersey Athletic Conference Championship
"College of New Jersey, The",52,200 Fly,5,1:56.71,Derin Ozbas,,TCNJ vs Kean
"College of New Jersey, The",52,200 Fly,6,1:58.25,Brian Bull,,"Johns Hopkins vs. TCNJ, Washington & Lee"
"College of New Jersey, The",52,200 Fly,7,1:58.89,Noah Serrano,,TCNJ Invitational
"College of New Jersey, The",52,200 Fly,8,1:59.42,Gavin Formon,,TCNJ vs Kean
"College of New Jersey, The",52,200 Fly,9,2:04.90,Robert Young,,Monmouth vs. TCNJ
"College of New Jersey, The",52,200 Fly,10,2:06.92,Dylan Negron,,TCNJ vs Montclair
"College of New Jersey, The",52,200 Free,1,1:37.14,steven Bendoraitis,,New Jersey Athletic Conference Championship
"College of New Jersey, The",52,200 Free,2,1:39.43,Derin Ozbas,,New Jersey Athletic Conference Championship
"College of New Jersey, The",52,200 Free,3,1:39.85,Kyle Brushaber,,New Jersey Athletic Conference Championship
"College of New Jersey, The",52,200 Free,4,1:39.88,Matt Liotti,,New Jersey Athletic Conference Championship
"College of New Jersey, The",52,200 Free,5,1:40.34,MJ Hoban,,New Jersey Athletic Conference Championship
"College of New Jersey, The",52,200 Free,6,1:40.49,Keilan Moran,,New Jersey Athletic Conference Championship
"College of New Jersey, The",52,200 Free,7,1:40.55,Gabe Beverini,,New Jersey Athletic Conference Championship
"College of New Jersey, The",52,200 Free,8,1:41.02,Brian Bull,,New Jersey Athletic Conference Championship
"College of New Jersey, The",52,200 Free,9,1:41.36,Riley Smith,,TCNJ Invitational
"College of New Jersey, The",52,200 Free,10,1:42.73,Mason Bushay,,TCNJ Invitational
"College of New Jersey, The",52,200 Im,1,1:49.37,Gabe Beverini,,New Jersey Athletic Conference Championship
"College of New Jersey, The",52,200 Im,2,1:50.86,Pablo Salazar,,New Jersey Athletic Conference Championship
"College of New Jersey, The",52,200 Im,3,1:51.41,Tyler McGeehan,,New Jersey Athletic Conference Championship
"College of New Jersey, The",52,200 Im,4,1:52.66,Hunter Adams,,New Jersey Athletic Conference Championship
"College of New Jersey, The",52,200 Im,5,1:52.88,Nick Viola,,New Jersey Athletic Conference Championship
"College of New Jersey, The",52,200 Im,6,1:53.46,Mason Bushay,,TCNJ Invitational
"College of New Jersey, The",52,200 Im,7,1:53.90,Dylan Negron,,New Jersey Athletic Conference Championship
"College of New Jersey, The",52,200 Im,8,1:54.66,Gavin Patrick,,New Jersey Athletic Conference Championship
"College of New Jersey, The",52,200 Im,9,1:54.70,Patrick Adams,,TCNJ Invitational
"College of New Jersey, The",52,200 Im,10,1:55.36,Riley Smith,,TCNJ Invitational
"College of New Jersey, The",52,400 Im,1,3:53.20,Gavin Formon,,New Jersey Athletic Conference Championship
"College of New Jersey, The",52,400 Im,2,4:01.12,Nick Viola,,New Jersey Athletic Conference Championship
"College of New Jersey, The",52,400 Im,3,4:01.68,Pablo Salazar,,New Jersey Athletic Conference Championship
"College of New Jersey, The",52,400 Im,4,4:04.78,Owyn Keiderling,,New Jersey Athletic Conference Championship
"College of New Jersey, The",52,400 Im,5,4:07.13,Patrick Adams,,TCNJ Invitational
"College of New Jersey, The",52,400 Im,6,4:09.50,Noah Serrano,,New Jersey Athletic Conference Championship
"College of New Jersey, The",52,400 Im,7,4:14.69,Robert Young,,Monmouth vs. TCNJ
"College of New Jersey, The",52,400 Im,8,4:14.93,Brian Bull,,The College of New Jersey vs. Rowan
"College of New Jersey, The",52,400 Im,9,4:18.49,Dylan DeWitt,,The College of New Jersey vs. Rowan
"College of New Jersey, The",52,400 Im,10,4:22.85,Matt Liotti,,The College of New Jersey vs. Rowan
"College of New Jersey, The",52,50 Free,1,19.94,MJ Hoban,,New Jersey Athletic Conference Championship
"College of New Jersey, The",52,50 Free,2,20.43,Joe McChesney,,New Jersey Athletic Conference Championship
"College of New Jersey, The",52,50 Free,3,21.05,Bradley Frank,,New Jersey Athletic Conference Championship
"College of New Jersey, The",52,50 Free,4,21.11,Keilan Moran,,New Jersey Athletic Conference Championship
"College of New Jersey, The",52,50 Free,5,21.16,Riley Smith,,TCNJ Invitational
"College of New Jersey, The",52,50 Free,6,21.26,Derin Ozbas,,New Jersey Athletic Conference Championship
"College of New Jersey, The",52,50 Free,7,21.34,Mason Bushay,,TCNJ Invitational
"College of New Jersey, The",52,50 Free,8,21.45,Gabe Beverini,,The College of New Jersey vs. Rowan
"College of New Jersey, The",52,50 Free,9,21.51,Andrew Kidchob,,TCNJ Invitational
"College of New Jersey, The",52,50 Free,10,21.51,steven Bendoraitis,,NYU vs. TCNJ vs Fordham
"College of New Jersey, The",52,500 Free,1,4:26.12,steven Bendoraitis,,New Jersey Athletic Conference Championship
"College of New Jersey, The",52,500 Free,2,4:29.23,Gavin Formon,,New Jersey Athletic Conference Championship
"College of New Jersey, The",52,500 Free,3,4:30.60,Matt Liotti,,New Jersey Athletic Conference Championship
"College of New Jersey, The",52,500 Free,4,4:32.97,Brian Bull,,New Jersey Athletic Conference Championship
"College of New Jersey, The",52,500 Free,5,4:35.14,Will Heinze,,New Jersey Athletic Conference Championship
"College of New Jersey, The",52,500 Free,6,4:37.16,Kyle Brushaber,,New Jersey Athletic Conference Championship
"College of New Jersey, The",52,500 Free,7,4:39.22,Noah Serrano,,New Jersey Athletic Conference Championship
"College of New Jersey, The",52,500 Free,8,4:39.47,Derin Ozbas,,New Jersey Athletic Conference Championship
"College of New Jersey, The",52,500 Free,9,4:40.55,Dylan DeWitt,,New Jersey Athletic Conference Championship
"College of New Jersey, The",52,500 Free,10,4:41.77,Riley Smith,,TCNJ Invitational
Colorado College,13,100 Back,1,49.38,Sam Allen,,Southern Collegiate Athletic Conference Championships
Colorado College,13,100 Back,2,51.25,Logan Loveday,,Southern Collegiate Athletic Conference Championships
Colorado College,13,100 Back,3,54.76,Liam McCarthy,,2026 Colorado College Classic
Colorado College,13,100 Back,4,55.57,Stephen Kim,,Grinnell College vs CC and Augstana
Colorado College,13,100 Back,5,57.05,Mark Lofye,,2026 Colorado College Classic
Colorado College,13,100 Back,6,1:00.24,Kole Petersen,,2026 Colorado College Classic
Colorado College,13,100 Breast,1,55.34,Andrew Colgan,,Southern Collegiate Athletic Conference Championships
Colorado College,13,100 Breast,2,58.66,Stephen Kim,,Southern Collegiate Athletic Conference Championships
Colorado College,13,100 Breast,3,58.71,Lucio Bollettieri,,Southern Collegiate Athletic Conference Championships
Colorado College,13,100 Breast,4,59.53,Zach Harris,,Southern Collegiate Athletic Conference Championships
Colorado College,13,100 Breast,5,1:01.79,Kole Petersen,,Centre Invitational
Colorado College,13,100 Breast,6,1:02.19,Connor Fredericks,,Centre Invitational
Colorado College,13,100 Breast,7,1:03.83,Logan Loveday,,2026 Colorado College Classic
Colorado College,13,100 Breast,8,1:07.22,Liam McCarthy,,2026 Colorado College Classic
Colorado College,13,100 Fly,1,49.22,Sam Allen,,Southern Collegiate Athletic Conference Championships
Colorado College,13,100 Fly,2,50.08,Liam McCarthy,,Southern Collegiate Athletic Conference Championships
Colorado College,13,100 Fly,3,51.13,Stephen Kim,,Southern Collegiate Athletic Conference Championships
Colorado College,13,100 Fly,4,51.94,Edmund Davis,,2026 Colorado College Classic
Colorado College,13,100 Fly,5,52.10,Dax Sherwood,,Centre Invitational
Colorado College,13,100 Fly,6,53.51,Logan Loveday,,2026 Colorado College Classic
Colorado College,13,100 Fly,7,54.00,Carter Hagenauer,,Centre Invitational
Colorado College,13,100 Fly,8,55.07,Lucio Bollettieri,,Centre Invitational
Colorado College,13,100 Fly,9,57.29,Mark Lofye,,2026 Colorado College Classic
Colorado College,13,100 Fly,10,57.31,Kole Petersen,,Southern Collegiate Athletic Conference Championships
Colorado College,13,100 Free,1,45.22,Liam McCarthy,,Southern Collegiate Athletic Conference Championships
Colorado College,13,100 Free,2,46.18,Dax Sherwood,,Southern Collegiate Athletic Conference Championships
Colorado College,13,100 Free,3,47.46,Edmund Davis,,2026 Colorado College Classic
Colorado College,13,100 Free,4,48.46,Stephen Kim,,Southern Collegiate Athletic Conference Championships
Colorado College,13,100 Free,5,48.69,Logan Loveday,,2026 Colorado College Classic
Colorado College,13,100 Free,6,48.85,Mark Lofye,,Centre Invitational
Colorado College,13,100 Free,7,48.97,Connor Fredericks,,Southern Collegiate Athletic Conference Championships
Colorado College,13,100 Free,8,49.81,Miles Nordling,,Centre Invitational
Colorado College,13,100 Free,9,49.84,Andrew Colgan,,Grinnell College vs CC and Augstana
Colorado College,13,100 Free,10,53.62,Carter Hagenauer,,Grinnell College vs CC and Augstana
Colorado College,13,1000 Free,1,9:44.80,Edmund Davis,,Southern Collegiate Athletic Conference Championships
Colorado College,13,1000 Free,2,9:55.96,Mark Lofye,,Southern Collegiate Athletic Conference Championships
Colorado College,13,1000 Free,3,10:12.43,Lucio Bollettieri,,Southern Collegiate Athletic Conference Championships
Colorado College,13,1000 Free,4,10:36.73,Kole Petersen,,Colorado College v CSU Pueblo
Colorado College,13,1000 Free,5,11:06.52,Connor Fredericks,,2026 Colorado College Classic
Colorado College,13,1000 Free,6,11:25.22,Miles Nordling,,2026 Colorado College Classic
Colorado College,13,1000 Free,7,11:39.11,Andrew Colgan,,2026 Colorado College Classic
Colorado College,13,1000 Free,8,11:49.44,Carter Hagenauer,,2026 Colorado College Classic
Colorado College,13,1650 Free,1,16:00.61,Edmund Davis,,Southern Collegiate Athletic Conference Championships
Colorado College,13,1650 Free,2,16:30.29,Mark Lofye,,Southern Collegiate Athletic Conference Championships
Colorado College,13,1650 Free,3,17:00.00,Lucio Bollettieri,,Southern Collegiate Athletic Conference Championships
Colorado College,13,1650 Free,4,18:26.55,Connor Fredericks,,2026 Colorado College Classic
Colorado College,13,1650 Free,5,18:43.20,Miles Nordling,,2026 Colorado College Classic
Colorado College,13,1650 Free,6,19:21.17,Andrew Colgan,,2026 Colorado College Classic
Colorado College,13,1650 Free,7,19:35.69,Carter Hagenauer,,2026 Colorado College Classic
Colorado College,13,200 Back,1,1:47.35,Sam Allen,,Southern Collegiate Athletic Conference Championships
Colorado College,13,200 Back,2,1:52.19,Logan Loveday,,Southern Collegiate Athletic Conference Championships
Colorado College,13,200 Back,3,1:59.34,Mark Lofye,,Centre Invitational
Colorado College,13,200 Back,4,2:04.00,Edmund Davis,,Colorado College v CSU Pueblo
Colorado College,13,200 Back,5,2:11.84,Stephen Kim,,Colorado College v CSU Pueblo
Colorado College,13,200 Back,6,2:15.05,Carter Hagenauer,,2026 Colorado College Classic
Colorado College,13,200 Breast,1,2:00.46,Andrew Colgan,,Southern Collegiate Athletic Conference Championships
Colorado College,13,200 Breast,2,2:09.54,Kole Petersen,,Southern Collegiate Athletic Conference Championships
Colorado College,13,200 Breast,3,2:11.29,Zach Harris,,Southern Collegiate Athletic Conference Championships
Colorado College,13,200 Breast,4,2:12.50,Miles Nordling,,Southern Collegiate Athletic Conference Championships
Colorado College,13,200 Breast,5,2:15.14,Stephen Kim,,Centre Invitational
Colorado College,13,200 Fly,1,1:54.81,Sam Allen,,2026 Colorado College Classic
Colorado College,13,200 Fly,2,1:56.06,Stephen Kim,,Southern Collegiate Athletic Conference Championships
Colorado College,13,200 Fly,3,1:57.73,Edmund Davis,,2026 Colorado College Classic
Colorado College,13,200 Fly,4,2:03.38,Carter Hagenauer,,Centre Invitational
Colorado College,13,200 Fly,5,2:04.02,Mark Lofye,,2026 Colorado College Classic
Colorado College,13,200 Free,1,1:40.60,Edmund Davis,,Southern Collegiate Athletic Conference Championships
Colorado College,13,200 Free,2,1:42.37,Dax Sherwood,,Southern Collegiate Athletic Conference Championships
Colorado College,13,200 Free,3,1:42.93,Sam Allen,,2026 Colorado College Classic
Colorado College,13,200 Free,4,1:44.63,Logan Loveday,,2026 Colorado College Classic
Colorado College,13,200 Free,5,1:45.11,Miles Nordling,,Southern Collegiate Athletic Conference Championships
Colorado College,13,200 Free,6,1:45.47,Mark Lofye,,Southern Collegiate Athletic Conference Championships
Colorado College,13,200 Free,7,1:46.70,Connor Fredericks,,Southern Collegiate Athletic Conference Championships
Colorado College,13,200 Free,8,1:47.29,Carter Hagenauer,,Centre Invitational
Colorado College,13,200 Free,9,1:50.57,Liam McCarthy,,Chapman vs. Colorado College
Colorado College,13,200 Im,1,1:50.97,Sam Allen,,Southern Collegiate Athletic Conference Championships
Colorado College,13,200 Im,2,1:53.61,Logan Loveday,,Southern Collegiate Athletic Conference Championships
Colorado College,13,200 Im,3,1:56.63,Andrew Colgan,,Centre Invitational
Colorado College,13,200 Im,4,1:58.16,Kole Petersen,,Southern Collegiate Athletic Conference Championships
Colorado College,13,200 Im,5,1:58.66,Stephen Kim,,Centre Invitational
Colorado College,13,200 Im,6,2:01.22,Zach Harris,,Southern Collegiate Athletic Conference Championships
Colorado College,13,200 Im,7,2:05.71,Liam McCarthy,,Colorado College v CSU Pueblo
Colorado College,13,200 Im,8,2:06.64,Lucio Bollettieri,,Colorado College v CSU Pueblo
Colorado College,13,200 Im,9,2:08.91,Mark Lofye,,Chapman vs. Colorado College
Colorado College,13,200 Im,10,2:11.21,Miles Nordling,,Colorado College v CSU Pueblo
Colorado College,13,400 Im,1,4:04.84,Logan Loveday,,Southern Collegiate Athletic Conference Championships
Colorado College,13,400 Im,2,4:11.31,Kole Petersen,,Southern Collegiate Athletic Conference Championships
Colorado College,13,400 Im,3,4:23.18,Mark Lofye,,2026 Colorado College Classic
Colorado College,13,50 Free,1,20.56,Liam McCarthy,,Southern Collegiate Athletic Conference Championships
Colorado College,13,50 Free,2,21.04,Andrew Colgan,,Southern Collegiate Athletic Conference Championships
Colorado College,13,50 Free,3,21.16,Dax Sherwood,,Southern Collegiate Athletic Conference Championships
Colorado College,13,50 Free,4,21.29,Edmund Davis,,Southern Collegiate Athletic Conference Championships
Colorado College,13,50 Free,5,21.37,Sam Allen,,2026 Colorado College Classic
Colorado College,13,50 Free,6,22.05,Logan Loveday,,2026 Colorado College Classic
Colorado College,13,50 Free,7,22.22,Carter Hagenauer,,Centre Invitational
Colorado College,13,50 Free,8,22.23,Stephen Kim,,Centre Invitational
Colorado College,13,50 Free,9,22.55,Connor Fredericks,,Centre Invitational
Colorado College,13,50 Free,10,23.20,Miles Nordling,,Chapman vs. Colorado College
Colorado College,13,500 Free,1,4:32.76,Edmund Davis,,Southern Collegiate Athletic Conference Championships
Colorado College,13,500 Free,2,4:40.85,Lucio Bollettieri,,Southern Collegiate Athletic Conference Championships
Colorado College,13,500 Free,3,4:42.02,Mark Lofye,,Southern Collegiate Athletic Conference Championships
Colorado College,13,500 Free,4,4:48.31,Miles Nordling,,Southern Collegiate Athletic Conference Championships
Colorado College,13,500 Free,5,4:52.55,Carter Hagenauer,,Centre Invitational
Colorado College,13,500 Free,6,4:54.74,Connor Fredericks,,Southern Collegiate Athletic Conference Championships
Colorado College,13,500 Free,7,5:04.64,Kole Petersen,,Grinnell College vs CC and Augstana
Colorado College,13,500 Free,8,5:12.37,Dax Sherwood,,Colorado College v CSU Pueblo
Connecticut College,74,100 Back,1,50.19,Dawson Rice,,NESCAC Mens Championships
Connecticut College,74,100 Back,2,50.37,Matthew Morris,,Conn Amherst CGA
Connecticut College,74,100 Back,3,52.07,Alex Pesek,,NESCAC Mens Championships
Connecticut College,74,100 Back,4,53.18,Brendan Guiliano,,NESCAC Mens Championships
Connecticut College,74,100 Back,5,53.70,Ryan Karaca,,Conn Amherst CGA
Connecticut College,74,100 Back,6,55.83,Julian Carlson,,Wesleyan vs. Connecticut College
Connecticut College,74,100 Breast,1,53.04,Carrick Shea,,NESCAC Mens Championships
Connecticut College,74,100 Breast,2,55.29,Julian Carlson,,NESCAC Mens Championships
Connecticut College,74,100 Breast,3,59.86,Patrick Henry,,Conn Amherst CGA
Connecticut College,74,100 Breast,4,1:02.16,Ryan Karaca,,Conn College vs. Bowdoin
Connecticut College,74,100 Breast,5,1:04.85,Rowan Karaca,,Conn Amherst CGA
Connecticut College,74,100 Fly,1,49.54,Nick Holovacs,,NESCAC Mens Championships
Connecticut College,74,100 Fly,2,50.39,Stepan Ignatiev,,NESCAC Mens Championships
Connecticut College,74,100 Fly,3,51.93,Jack Mattison-Gulotta,,Conn vs. MIddlebury
Connecticut College,74,100 Fly,4,52.29,Vrishak Duriseti,,NESCAC Mens Championships
Connecticut College,74,100 Fly,5,52.51,Dave Slowinski,,NESCAC Mens Championships
Connecticut College,74,100 Fly,6,52.63,Dawson Rice,,Conn Amherst CGA
Connecticut College,74,100 Fly,7,53.68,Alex Pesek,,Conn Amherst CGA
Connecticut College,74,100 Fly,8,53.71,Rowan Karaca,,NESCAC Mens Championships
Connecticut College,74,100 Fly,9,54.25,Evan Lyons,,NESCAC Mens Championships
Connecticut College,74,100 Fly,10,54.57,Campbell Noel,,Wesleyan vs. Connecticut College
Connecticut College,74,100 Free,1,45.58,Carrick Shea,,Conn Amherst CGA
Connecticut College,74,100 Free,2,45.69,Aiden Miller,,NESCAC Mens Championships
Connecticut College,74,100 Free,3,46.61,Nick Holovacs,,NESCAC Mens Championships
Connecticut College,74,100 Free,4,46.83,Alex Pesek,,NESCAC Mens Championships
Connecticut College,74,100 Free,5,47.67,Oliver Mann,,Conn Amherst CGA
Connecticut College,74,100 Free,6,48.38,Campbell Noel,,Conn Amherst CGA
Connecticut College,74,100 Free,7,48.38,Rowan Karaca,,NESCAC Mens Championships
Connecticut College,74,100 Free,8,48.49,Cooper Voss,,Conn Amherst CGA
Connecticut College,74,100 Free,9,48.70,Dave Slowinski,,Conn Amherst CGA
Connecticut College,74,100 Free,10,48.86,Stepan Ignatiev,,Wesleyan vs. Connecticut College
Connecticut College,74,1000 Free,1,9:10.55,Evan Lyons,,NESCAC Mens Championships
Connecticut College,74,1000 Free,2,9:16.85,Campbell Noel,,NESCAC Mens Championships
Connecticut College,74,1000 Free,3,9:23.19,Jack Mattison-Gulotta,,NESCAC Mens Championships
Connecticut College,74,1000 Free,4,9:49.33,Teddy Batmaca,,NESCAC Mens Championships
Connecticut College,74,1000 Free,5,10:02.64,Cooper Voss,,NESCAC Mens Championships
Connecticut College,74,1000 Free,6,10:06.87,William Moulson,,NESCAC Mens Championships
Connecticut College,74,1000 Free,7,10:36.63,Alex Pesek,,"Holy Cross vs. Conn College, Sacred Heart"
Connecticut College,74,1650 Free,1,15:29.51,Evan Lyons,,NESCAC Mens Championships
Connecticut College,74,1650 Free,2,16:02.84,Campbell Noel,,Conn Amherst CGA
Connecticut College,74,1650 Free,3,16:05.61,Jack Mattison-Gulotta,,NESCAC Mens Championships
Connecticut College,74,1650 Free,4,16:29.77,Teddy Batmaca,,NESCAC Mens Championships
Connecticut College,74,1650 Free,5,16:38.17,Cooper Voss,,NESCAC Mens Championships
Connecticut College,74,1650 Free,6,16:44.74,William Moulson,,NESCAC Mens Championships
Connecticut College,74,200 Back,1,1:49.97,Dawson Rice,,NESCAC Mens Championships
Connecticut College,74,200 Back,2,1:50.70,Ryan Karaca,,NESCAC Mens Championships
Connecticut College,74,200 Back,3,1:51.14,Matthew Morris,,Conn Amherst CGA
Connecticut College,74,200 Back,4,1:52.18,Alex Pesek,,NESCAC Mens Championships
Connecticut College,74,200 Back,5,1:55.66,Brendan Guiliano,,NESCAC Mens Championships
Connecticut College,74,200 Back,6,1:57.99,Evan Lyons,,Wesleyan vs. Connecticut College
Connecticut College,74,200 Back,7,2:08.24,William Moulson,,Conn College vs. Bowdoin
Connecticut College,74,200 Breast,1,1:55.12,Carrick Shea,,NESCAC Mens Championships
Connecticut College,74,200 Breast,2,1:59.20,Julian Carlson,,NESCAC Mens Championships
Connecticut College,74,200 Breast,3,2:15.56,Ryan Karaca,,Wesleyan vs. Connecticut College
Connecticut College,74,200 Breast,4,2:15.72,Patrick Henry,,Conn Amherst CGA
Connecticut College,74,200 Breast,5,2:17.08,Evan Lyons,,Conn College vs. Bowdoin
Connecticut College,74,200 Breast,6,2:24.55,William Moulson,,Connecticut vs. Williams
Connecticut College,74,200 Fly,1,1:49.40,Jack Mattison-Gulotta,,NESCAC Mens Championships
Connecticut College,74,200 Fly,2,1:51.95,Stepan Ignatiev,,NESCAC Mens Championships
Connecticut College,74,200 Fly,3,1:53.87,William Moulson,,NESCAC Mens Championships
Connecticut College,74,200 Fly,4,1:55.77,Dave Slowinski,,NESCAC Mens Championships
Connecticut College,74,200 Fly,5,1:58.38,Vrishak Duriseti,,NESCAC Mens Championships
Connecticut College,74,200 Fly,6,2:05.64,Alex Pesek,,Conn College vs. Wheaton (MA)
Connecticut College,74,200 Free,1,1:38.93,Aiden Miller,,NESCAC Mens Championships
Connecticut College,74,200 Free,2,1:41.05,Cooper Voss,,NESCAC Mens Championships
Connecticut College,74,200 Free,3,1:41.31,Ryan Karaca,,NESCAC Mens Championships
Connecticut College,74,200 Free,4,1:42.30,Campbell Noel,,Conn Amherst CGA
Connecticut College,74,200 Free,5,1:42.83,Carrick Shea,,Conn College vs. Bowdoin
Connecticut College,74,200 Free,6,1:44.38,Patrick Henry,,NESCAC Mens Championships
Connecticut College,74,200 Free,7,1:45.46,Evan Lyons,,Wesleyan vs. Connecticut College
Connecticut College,74,200 Free,8,1:45.93,Alex Pesek,,Conn Amherst CGA
Connecticut College,74,200 Free,9,1:46.77,Oliver Mann,,Conn Amherst CGA
Connecticut College,74,200 Free,10,1:47.47,Jack Mattison-Gulotta,,Conn College vs. Wheaton (MA)
Connecticut College,74,200 Im,1,1:47.17,Carrick Shea,,NESCAC Mens Championships
Connecticut College,74,200 Im,2,1:51.08,Julian Carlson,,NESCAC Mens Championships
Connecticut College,74,200 Im,3,1:52.83,Ryan Karaca,,NESCAC Mens Championships
Connecticut College,74,200 Im,4,1:55.64,Patrick Henry,,NESCAC Mens Championships
Connecticut College,74,200 Im,5,1:58.45,Evan Lyons,,Connecticut vs. Williams
Connecticut College,74,200 Im,6,2:07.05,William Moulson,,Conn College vs. Bowdoin
Connecticut College,74,400 Im,1,3:57.42,Evan Lyons,,NESCAC Mens Championships
Connecticut College,74,400 Im,2,4:02.56,Ryan Karaca,,NESCAC Mens Championships
Connecticut College,74,400 Im,3,4:05.49,William Moulson,,NESCAC Mens Championships
Connecticut College,74,400 Im,4,4:15.00,Julian Carlson,,Conn Amherst CGA
Connecticut College,74,50 Free,1,20.59,Carrick Shea,,Conn vs. MIddlebury
Connecticut College,74,50 Free,2,20.97,Nick Holovacs,,NESCAC Mens Championships
Connecticut College,74,50 Free,3,21.55,Oliver Mann,,Conn Amherst CGA
Connecticut College,74,50 Free,4,21.61,Aiden Miller,,NESCAC Mens Championships
Connecticut College,74,50 Free,5,21.88,Stepan Ignatiev,,Conn Amherst CGA
Connecticut College,74,50 Free,6,22.21,Ryan Karaca,,NESCAC Mens Championships
Connecticut College,74,50 Free,7,22.22,Rowan Karaca,,NESCAC Mens Championships
Connecticut College,74,50 Free,8,22.40,Campbell Noel,,Conn vs. MIddlebury
Connecticut College,74,50 Free,9,22.47,Cooper Voss,,Colby v Conn College
Connecticut College,74,50 Free,10,22.47,Dave Slowinski,,Colby v Conn College
Connecticut College,74,500 Free,1,4:31.24,Campbell Noel,,NESCAC Mens Championships
Connecticut College,74,500 Free,2,4:34.65,Aiden Miller,,NESCAC Mens Championships
Connecticut College,74,500 Free,3,4:36.65,Cooper Voss,,NESCAC Mens Championships
Connecticut College,74,500 Free,4,4:42.24,Jack Mattison-Gulotta,,Conn Amherst CGA
Connecticut College,74,500 Free,5,4:43.88,Evan Lyons,,Conn vs. MIddlebury
Connecticut College,74,500 Free,6,4:44.11,Teddy Batmaca,,NESCAC Mens Championships
Connecticut College,74,500 Free,7,4:57.49,Alex Pesek,,Connecticut vs. Williams
Connecticut College,74,500 Free,8,5:03.81,William Moulson,,Wesleyan vs. Connecticut College
Connecticut College,74,500 Free,9,5:05.09,Dave Slowinski,,Wesleyan vs. Connecticut College
Denison University,118,100 Back,1,47.98,Ben Bevill,,Denison Invitational
Denison University,118,100 Back,2,48.06,Jack Hill,,Denison Invitational
Denison University,118,100 Back,3,49.36,Devin Testin,,North Coast Athletic Conference Championships
Denison University,118,100 Back,4,49.75,Ethan Killam,,Denison Invitational
Denison University,118,100 Back,5,50.29,Cameron Noble,,North Coast Athletic Conference Championships
Denison University,118,100 Back,6,51.05,Marshall Pifer,,North Coast Athletic Conference Championships
Denison University,118,100 Back,7,51.19,Luke Swiggett,,Michigan vs. Denison
Denison University,118,100 Back,8,51.71,Emmett Harmon,,Denison Invitational
Denison University,118,100 Back,9,51.85,George Emrhein,,Denison Invitational
Denison University,118,100 Back,10,51.92,Kenny You,,Akron Zips Classic
Denison University,118,100 Breast,1,54.22,Liam Nelson,,Denison Invitational
Denison University,118,100 Breast,2,54.60,Talen Palmateer,,Kenyon College First Chance Invitational
Denison University,118,100 Breast,3,54.89,Josh Thomas,,North Coast Athletic Conference Championships
Denison University,118,100 Breast,4,55.22,Jimmy Rogers,,North Coast Athletic Conference Championships
Denison University,118,100 Breast,5,56.58,Teak Bunditkitsada,,Denison Invitational
Denison University,118,100 Breast,6,56.85,Jack Hill,,Denison vs. Ohio Wesleyan
Denison University,118,100 Breast,7,56.93,Bryce Spangler,,Denison Invitational
Denison University,118,100 Breast,8,57.08,Lukas Shafer,,Denison Invitational
Denison University,118,100 Breast,9,57.22,George Wang,,Denison Invitational
Denison University,118,100 Breast,10,57.42,Daniel Garza,,Denison Invitational
Denison University,118,100 Fly,1,47.57,Cam Blevins-Mohr,,North Coast Athletic Conference Championships
Denison University,118,100 Fly,2,48.07,Sam Hibbert,,North Coast Athletic Conference Championships
Denison University,118,100 Fly,3,48.25,Asher Cole,,North Coast Athletic Conference Championships
Denison University,118,100 Fly,4,48.56,Jack Hill,,Kenyon College Fast Chance Invitational
Denison University,118,100 Fly,5,49.55,Ben Bevill,,Denison vs. Ohio Wesleyan
Denison University,118,100 Fly,6,49.76,Benjamin Coverdale,,Kenyon College Fast Chance Invitational
Denison University,118,100 Fly,7,49.79,Max Lough,,Oakland vs. Denison vs. Miami-OH
Denison University,118,100 Fly,8,49.82,Nick Hensel,,Denison vs. Ohio Wesleyan
Denison University,118,100 Fly,9,50.07,Dylan Escano,,Kenyon College First Chance Invitational
Denison University,118,100 Fly,10,50.84,Lukas Shafer,,Denison Invitational
Denison University,118,100 Free,1,43.56,Jack Hill,,Denison Invitational
Denison University,118,100 Free,2,43.82,Nick Hensel,,Denison Invitational
Denison University,118,100 Free,3,44.44,Harry Parsons,,North Coast Athletic Conference Championships
Denison University,118,100 Free,4,45.16,Cam Blevins-Mohr,,North Coast Athletic Conference Championships
Denison University,118,100 Free,5,45.23,Sam Hibbert,,North Coast Athletic Conference Championships
Denison University,118,100 Free,6,45.28,George Goins,,Denison Invitational
Denison University,118,100 Free,7,45.42,Cameron Noble,,North Coast Athletic Conference Championships
Denison University,118,100 Free,8,45.63,Clay Perry,,Kenyon College Fast Chance Invitational
Denison University,118,100 Free,9,45.86,Jack Curtin,,North Coast Athletic Conference Championships
Denison University,118,100 Free,10,45.89,Joe Keroack,,North Coast Athletic Conference Championships
Denison University,118,1000 Free,1,9:17.35,George Goins,,North Coast Athletic Conference Championships
Denison University,118,1000 Free,2,9:29.06,Ben Campbell,,Kenyon College First Chance Invitational
Denison University,118,1000 Free,3,9:39.02,Hunter Raymer,,Carnegie Mellon vs. Denison
Denison University,118,1000 Free,4,9:42.66,Max Hutson-Comeaux,,Denison vs. Ohio Wesleyan
Denison University,118,1000 Free,5,9:44.43,Joe Keroack,,Denison vs. Ohio Wesleyan
Denison University,118,1650 Free,1,15:20.72,George Goins,,Denison Invitational
Denison University,118,1650 Free,2,15:39.72,Ben Campbell,,Kenyon College First Chance Invitational
Denison University,118,1650 Free,3,16:03.97,Hunter Raymer,,Denison Invitational
Denison University,118,1650 Free,4,16:05.41,Max Hutson-Comeaux,,Denison Invitational
Denison University,118,1650 Free,5,16:21.10,Joe Keroack,,Denison Invitational
Denison University,118,200 Back,1,1:47.17,Ben Bevill,,Denison Invitational
Denison University,118,200 Back,2,1:47.33,Luke Swiggett,,North Coast Athletic Conference Championships
Denison University,118,200 Back,3,1:47.65,Devin Testin,,North Coast Athletic Conference Championships
Denison University,118,200 Back,4,1:48.95,Marshall Pifer,,Kenyon College First Chance Invitational
Denison University,118,200 Back,5,1:50.08,Cameron Noble,,Denison vs. Ohio Wesleyan
Denison University,118,200 Back,6,1:51.44,Ethan Killam,,Denison Invitational
Denison University,118,200 Back,7,1:52.31,Mark Jacobi-Krohn,,Denison Invitational
Denison University,118,200 Back,8,1:56.58,Lukas Shafer,,Denison vs. Ohio Wesleyan
Denison University,118,200 Back,9,1:56.65,Nick Johnson,,Oakland vs. Denison vs. Miami-OH
Denison University,118,200 Back,10,1:59.91,Emmett Harmon,,Denison vs. Ohio Wesleyan
Denison University,118,200 Breast,1,1:59.27,Liam Nelson,,Denison Invitational
Denison University,118,200 Breast,2,1:59.87,Jimmy Rogers,,North Coast Athletic Conference Championships
Denison University,118,200 Breast,3,2:01.14,Josh Thomas,,Denison Invitational
Denison University,118,200 Breast,4,2:01.72,Bryce Spangler,,Kenyon College First Chance Invitational
Denison University,118,200 Breast,5,2:04.43,Teak Bunditkitsada,,North Coast Athletic Conference Championships
Denison University,118,200 Breast,6,2:04.91,Jack Hill,,Denison vs. Ohio Wesleyan
Denison University,118,200 Breast,7,2:05.50,Talen Palmateer,,Denison Invitational
Denison University,118,200 Breast,8,2:05.58,Daniel Garza,,North Coast Athletic Conference Championships
Denison University,118,200 Breast,9,2:06.04,Carter Robertson,,Denison Invitational
Denison University,118,200 Breast,10,2:06.05,Lukas Shafer,,Denison Invitational
Denison University,118,200 Fly,1,1:47.98,Max Lough,,Kenyon College First Chance Invitational
Denison University,118,200 Fly,2,1:50.50,Asher Cole,,North Coast Athletic Conference Championships
Denison University,118,200 Fly,3,1:51.62,George Goins,,Denison vs. Ohio Wesleyan
Denison University,118,200 Fly,4,1:52.72,Finn Daly,,Kenyon College Fast Chance Invitational
Denison University,118,200 Fly,5,1:53.84,Dylan Escano,,North Coast Athletic Conference Championships
Denison University,118,200 Fly,6,1:54.50,Ben Bevill,,Denison vs. Ohio Wesleyan
Denison University,118,200 Fly,7,1:55.62,Carter Robertson,,Carnegie Mellon vs. Denison
Denison University,118,200 Fly,8,1:56.27,Ben Davis,,North Coast Athletic Conference Championships
Denison University,118,200 Fly,9,1:57.13,Nick Hensel,,Denison vs. Ohio Wesleyan
Denison University,118,200 Fly,10,1:58.69,Jack Johnson,,North Coast Athletic Conference Championships
Denison University,118,200 Free,1,1:35.18,Jack Hill,,Denison Invitational
Denison University,118,200 Free,2,1:37.25,Nick Hensel,,Denison Invitational
Denison University,118,200 Free,3,1:37.77,Harry Parsons,,North Coast Athletic Conference Championships
Denison University,118,200 Free,4,1:38.44,George Goins,,Denison Invitational
Denison University,118,200 Free,5,1:39.45,Devin Testin,,Denison Invitational
Denison University,118,200 Free,6,1:39.59,Luke Swiggett,,Carnegie Mellon vs. Denison
Denison University,118,200 Free,7,1:39.94,Asher Cole,,Kenyon College Fast Chance Invitational
Denison University,118,200 Free,8,1:40.01,Joe Keroack,,North Coast Athletic Conference Championships
Denison University,118,200 Free,9,1:40.02,Ben Bevill,,Denison Invitational
Denison University,118,200 Free,10,1:40.38,Ben Campbell,,North Coast Athletic Conference Championships
Denison University,118,200 Im,1,1:47.02,Jack Hill,,North Coast Athletic Conference Championships
Denison University,118,200 Im,2,1:47.38,Devin Testin,,Kenyon College First Chance Invitational
Denison University,118,200 Im,3,1:48.55,Ben Bevill,,Denison Invitational
Denison University,118,200 Im,4,1:48.57,Luke Swiggett,,North Coast Athletic Conference Championships
Denison University,118,200 Im,5,1:50.31,Ben Davis,,North Coast Athletic Conference Championships
Denison University,118,200 Im,6,1:50.56,Liam Nelson,,Denison Invitational
Denison University,118,200 Im,7,1:50.91,Lukas Shafer,,Denison Invitational
Denison University,118,200 Im,8,1:51.52,Jimmy Rogers,,North Coast Athletic Conference Championships
Denison University,118,200 Im,9,1:53.39,Teak Bunditkitsada,,Denison Invitational
Denison University,118,200 Im,10,1:53.46,Carter Robertson,,Denison Invitational
Denison University,118,400 Im,1,3:53.46,Luke Swiggett,,Kenyon College First Chance Invitational
Denison University,118,400 Im,2,3:58.65,Mark Jacobi-Krohn,,Kenyon College Fast Chance Invitational
Denison University,118,400 Im,3,4:00.78,Carter Robertson,,Denison Invitational
Denison University,118,400 Im,4,4:01.74,Hunter Raymer,,Denison Invitational
Denison University,118,400 Im,5,4:02.94,George Goins,,Kenyon College Fast Chance Invitational
Denison University,118,400 Im,6,4:03.93,Liam Nelson,,Denison vs. Ohio Wesleyan
Denison University,118,400 Im,7,4:08.55,Teak Bunditkitsada,,Denison vs. Ohio Wesleyan
Denison University,118,400 Im,8,4:11.08,Max Lough,,Denison vs. Ohio Wesleyan
Denison University,118,400 Im,9,4:14.34,Dylan Escano,,Denison vs. Ohio Wesleyan
Denison University,118,400 Im,10,4:20.96,Devin Testin,,Denison vs. Kenyon
Denison University,118,50 Free,1,19.82,Nick Hensel,,Denison Invitational
Denison University,118,50 Free,2,19.90,Jack Hill,,North Coast Athletic Conference Championships
Denison University,118,50 Free,3,20.20,Cam Blevins-Mohr,,North Coast Athletic Conference Championships
Denison University,118,50 Free,4,20.28,Sam Hibbert,,North Coast Athletic Conference Championships
Denison University,118,50 Free,5,20.47,Harry Parsons,,North Coast Athletic Conference Championships
Denison University,118,50 Free,6,20.74,Devin Testin,,Denison Invitational
Denison University,118,50 Free,7,20.86,Cameron Noble,,Kenyon College First Chance Invitational
Denison University,118,50 Free,8,20.86,Clay Perry,,Denison Invitational
Denison University,118,50 Free,9,20.87,Asher Cole,,Denison Invitational
Denison University,118,50 Free,10,20.89,Benjamin Coverdale,,Denison Invitational
Denison University,118,500 Free,1,4:24.31,George Goins,,Denison Invitational
Denison University,118,500 Free,2,4:30.21,Joe Keroack,,Kenyon College First Chance Invitational
Denison University,118,500 Free,3,4:30.76,Hunter Raymer,,North Coast Athletic Conference Championships
Denison University,118,500 Free,4,4:31.03,Ben Campbell,,Denison Invitational
Denison University,118,500 Free,5,4:34.21,Mark Jacobi-Krohn,,North Coast Athletic Conference Championships
Denison University,118,500 Free,6,4:37.22,Ben Bevill,,Kenyon College Fast Chance Invitational
Denison University,118,500 Free,7,4:40.52,Max Hutson-Comeaux,,Denison Invitational
Denison University,118,500 Free,8,4:48.10,Jack Johnson,,Denison Invitational
Denison University,118,500 Free,9,4:51.91,Cameron Noble,,Akron Zips Classic
Denison University,118,500 Free,10,4:53.70,Carter Robertson,,Akron Zips Classic
Drew University,278,100 Back,1,50.07,Brendan Burkett,,Landmark Conference Championships
Drew University,278,100 Back,2,54.32,Ricky Kilichowski,,Landmark Conference Championships
Drew University,278,100 Back,3,55.40,Nick Shaffer,,Ranger Invitational
Drew University,278,100 Back,4,58.01,Nikolai Kalinin,,Ranger Invitational
Drew University,278,100 Back,5,1:04.02,Juan Ortiz,,York vs Drew
Drew University,278,100 Breast,1,55.30,THIAGO DE MIRANDA E SILVA,,Landmark Conference Championships
Drew University,278,100 Breast,2,56.79,Nick Heinio-Widell,,Ranger Invitational
Drew University,278,100 Breast,3,57.14,Gabe Spivak,,Landmark Conference Championships
Drew University,278,100 Breast,4,57.31,Hunor Harsanyi,,Ranger Invitational
Drew University,278,100 Breast,5,1:09.13,Ricky Kilichowski,,Drew University Vs Montclair State
Drew University,278,100 Breast,6,1:09.50,Juan Ortiz,,Ranger Invitational
Drew University,278,100 Fly,1,48.14,Nick Heinio-Widell,,Landmark Conference Championships
Drew University,278,100 Fly,2,50.08,Kyle Talerico,,Landmark Conference Championships
Drew University,278,100 Fly,3,51.89,Marcell János HUDÁK,,Ranger Invitational
Drew University,278,100 Fly,4,53.66,Eric Friday,,Ranger Invitational
Drew University,278,100 Fly,5,55.27,Nikolai Kalinin,,Ranger Invitational
Drew University,278,100 Fly,6,55.62,Ricky Kilichowski,,Drew Rangers vs Scranton Royal
Drew University,278,100 Fly,7,57.22,Nate Osborne,,Drew vs. Catholic
Drew University,278,100 Fly,8,57.57,Christopher Guidi,,Landmark Conference Championships
Drew University,278,100 Fly,9,58.56,Liam Gregory,,NYU Invitational
Drew University,278,100 Fly,10,1:01.94,Gabe Spivak,,Drew University Vs Montclair State
Drew University,278,100 Free,1,44.50,Nick Heinio-Widell,,Ranger Invitational
Drew University,278,100 Free,2,45.47,Brendan Burkett,,Landmark Conference Championships
Drew University,278,100 Free,3,46.32,THIAGO DE MIRANDA E SILVA,,Landmark Conference Championships
Drew University,278,100 Free,4,48.75,Eric Friday,,Landmark Conference Championships
Drew University,278,100 Free,5,49.35,Gabe Spivak,,Ranger Invitational
Drew University,278,100 Free,6,49.36,Kyle Talerico,,Drew vs. Catholic
Drew University,278,100 Free,7,49.42,Marcell János HUDÁK,,Drew Rangers vs Scranton Royal
Drew University,278,100 Free,8,49.54,Nikolai Kalinin,,Ranger Invitational
Drew University,278,100 Free,9,50.08,Issac Jeffers,,Ranger Invitational
Drew University,278,100 Free,10,50.70,Nate Osborne,,Ranger Invitational
Drew University,278,1000 Free,1,9:53.45,Liam Gregory,,Landmark Conference Championships
Drew University,278,1000 Free,2,10:26.18,Issac Jeffers,,Drew Rangers vs Scranton Royal
Drew University,278,1000 Free,3,10:34.25,Will Spreeman,,Landmark Conference Championships
Drew University,278,1000 Free,4,10:39.48,Christopher Guidi,,Stevens vs Drew
Drew University,278,1000 Free,5,11:08.03,Ghali Sentissi,,Ranger Invitational
Drew University,278,1650 Free,1,16:20.37,Liam Gregory,,Landmark Conference Championships
Drew University,278,1650 Free,2,17:32.98,Will Spreeman,,Landmark Conference Championships
Drew University,278,1650 Free,3,17:36.11,Christopher Guidi,,Stevens vs Drew
Drew University,278,1650 Free,4,17:38.65,Issac Jeffers,,Ranger Invitational
Drew University,278,1650 Free,5,18:27.11,Ghali Sentissi,,Ranger Invitational
Drew University,278,200 Back,1,1:55.37,Ricky Kilichowski,,Ranger Invitational
Drew University,278,200 Back,2,1:59.02,Nick Shaffer,,Ranger Invitational
Drew University,278,200 Back,3,1:59.86,Brendan Burkett,,Stevens vs Drew
Drew University,278,200 Back,4,2:28.75,Ghali Sentissi,,Drew vs. Catholic
Drew University,278,200 Breast,1,2:05.91,Hunor Harsanyi,,Ranger Invitational
Drew University,278,200 Breast,2,2:06.61,Gabe Spivak,,Ranger Invitational
Drew University,278,200 Breast,3,2:27.75,Will Spreeman,,Drew Rangers vs Scranton Royal
Drew University,278,200 Breast,4,2:28.39,Ricky Kilichowski,,Drew Rangers vs Scranton Royal
Drew University,278,200 Breast,5,2:35.67,Juan Ortiz,,Landmark Conference Championships
Drew University,278,200 Fly,1,1:51.19,Kyle Talerico,,Landmark Conference Championships
Drew University,278,200 Fly,2,1:53.78,Marcell János HUDÁK,,Ranger Invitational
Drew University,278,200 Fly,3,1:53.98,Nick Heinio-Widell,,Drew Rangers vs Scranton Royal
Drew University,278,200 Fly,4,1:58.72,Christopher Guidi,,Landmark Conference Championships
Drew University,278,200 Fly,5,2:00.50,Nate Osborne,,Landmark Conference Championships
Drew University,278,200 Fly,6,2:05.54,Eric Friday,,Drew Rangers vs Scranton Royal
Drew University,278,200 Free,1,1:41.44,Nick Heinio-Widell,,Ranger Invitational
Drew University,278,200 Free,2,1:41.50,Brendan Burkett,,Ranger Invitational
Drew University,278,200 Free,3,1:44.14,Liam Gregory,,Landmark Conference Championships
Drew University,278,200 Free,4,1:44.74,Marcell János HUDÁK,,Drew Rangers vs Scranton Royal
Drew University,278,200 Free,5,1:47.11,Issac Jeffers,,Landmark Conference Championships
Drew University,278,200 Free,6,1:49.93,Will Spreeman,,Ranger Invitational
Drew University,278,200 Free,7,1:50.32,Nate Osborne,,Ranger Invitational
Drew University,278,200 Free,8,1:50.39,Kyle Talerico,,York vs Drew
Drew University,278,200 Free,9,1:51.02,Christopher Guidi,,Drew Rangers vs Scranton Royal
Drew University,278,200 Free,10,1:54.33,Eric Friday,,Drew University Vs Montclair State
Drew University,278,200 Im,1,1:55.50,Hunor Harsanyi,,Ranger Invitational
Drew University,278,200 Im,2,1:57.80,Kyle Talerico,,Landmark Conference Championships
Drew University,278,200 Im,3,1:58.42,Nick Heinio-Widell,,York vs Drew
Drew University,278,200 Im,4,1:58.88,Gabe Spivak,,Landmark Conference Championships
Drew University,278,200 Im,5,1:58.99,Marcell János HUDÁK,,Drew Rangers vs Scranton Royal
Drew University,278,200 Im,6,2:02.61,Ricky Kilichowski,,Landmark Conference Championships
Drew University,278,200 Im,7,2:10.80,Will Spreeman,,Drew Rangers vs Scranton Royal
Drew University,278,200 Im,8,2:25.52,Juan Ortiz,,Drew vs. Catholic
Drew University,278,400 Im,1,4:08.31,Marcell János HUDÁK,,Ranger Invitational
Drew University,278,400 Im,2,4:20.87,Christopher Guidi,,Landmark Conference Championships
Drew University,278,400 Im,3,4:27.06,Nate Osborne,,Landmark Conference Championships
Drew University,278,400 Im,4,4:28.72,Liam Gregory,,NYU Invitational
Drew University,278,400 Im,5,4:33.77,Gabe Spivak,,Drew University Vs Montclair State
Drew University,278,400 Im,6,4:52.01,Juan Ortiz,,Ranger Invitational
Drew University,278,400 Im,7,5:13.56,Ghali Sentissi,,Stevens vs Drew
Drew University,278,50 Free,1,20.41,Nick Heinio-Widell,,Ranger Invitational
Drew University,278,50 Free,2,20.69,Brendan Burkett,,Ranger Invitational
Drew University,278,50 Free,3,21.16,THIAGO DE MIRANDA E SILVA,,Landmark Conference Championships
Drew University,278,50 Free,4,21.70,Kyle Talerico,,Drew Rangers vs Scranton Royal
Drew University,278,50 Free,5,21.97,Gabe Spivak,,Ranger Invitational
Drew University,278,50 Free,6,22.04,Nikolai Kalinin,,Ranger Invitational
Drew University,278,50 Free,7,22.38,Eric Friday,,Ranger Invitational
Drew University,278,50 Free,8,22.76,Issac Jeffers,,Ranger Invitational
Drew University,278,50 Free,9,22.83,Marcell János HUDÁK,,Drew University Vs Montclair State
Drew University,278,50 Free,10,22.88,Liam Gregory,,Drew Rangers vs Scranton Royal
Drew University,278,500 Free,1,4:42.57,Liam Gregory,,Ranger Invitational
Drew University,278,500 Free,2,4:43.97,Marcell János HUDÁK,,Landmark Conference Championships
Drew University,278,500 Free,3,4:45.73,Christopher Guidi,,Landmark Conference Championships
Drew University,278,500 Free,4,4:53.13,Issac Jeffers,,Landmark Conference Championships
Drew University,278,500 Free,5,4:59.31,Nate Osborne,,Landmark Conference Championships
Drew University,278,500 Free,6,5:02.43,Will Spreeman,,Landmark Conference Championships
Drew University,278,500 Free,7,5:03.14,Nick Shaffer,,Ranger Invitational
Drew University,278,500 Free,8,5:13.68,Gabe Spivak,,NYU Invitational
Drew University,278,500 Free,9,5:17.51,Ghali Sentissi,,Ranger Invitational
Drew University,278,500 Free,10,5:22.98,Ayden Twiddy,,NYU Invitational
Emory University,123,100 Back,1,48.16,Zachary Spicer,,Denison Invitational
Emory University,123,100 Back,2,48.70,Colin Zexter,,Denison Invitational
Emory University,123,100 Back,3,49.36,Patrick Horton,,University Athletic Association Championships
Emory University,123,100 Back,4,49.47,Jeff George,,University Athletic Association Championships
Emory University,123,100 Back,5,49.68,Anthony Simmons,,Denison Invitational
Emory University,123,100 Back,6,49.94,Hayden Tupper,,Emory Last Chance
Emory University,123,100 Back,7,50.12,Jared Zhang,,Georgia vs. Emory
Emory University,123,100 Back,8,50.18,Gary Wang,,Denison Invitational
Emory University,123,100 Back,9,50.35,Graham Zucker,,Emory Fall Invitational
Emory University,123,100 Back,10,51.03,McKee Thorsen,,Emory Last Chance
Emory University,123,100 Breast,1,52.96,Henri Bonnault,,Emory Fall Invitational
Emory University,123,100 Breast,2,55.26,Griffin Barlow,,Denison Invitational
Emory University,123,100 Breast,3,55.33,Carson Kalish,,Emory Last Chance
Emory University,123,100 Breast,4,55.36,Owen Howell,,University Athletic Association Championships
Emory University,123,100 Breast,5,55.52,McKee Thorsen,,Denison Invitational
Emory University,123,100 Breast,6,56.36,Ryan Schnur,,Emory Last Chance
Emory University,123,100 Breast,7,56.47,Lukas Fu,,Emory Fall Invitational
Emory University,123,100 Breast,8,57.36,Jeff George,,Emory Last Chance
Emory University,123,100 Breast,9,57.81,Caden Bjornstad,,Emory Last Chance
Emory University,123,100 Breast,10,58.81,Sven Becker,,Emory Last Chance
Emory University,123,100 Fly,1,47.85,McKee Thorsen,,University Athletic Association Championships
Emory University,123,100 Fly,2,47.99,Carson Kalish,,Denison Invitational
Emory University,123,100 Fly,3,48.02,Jared Zhang,,University Athletic Association Championships
Emory University,123,100 Fly,4,48.17,Satya Agashiwala,,Denison Invitational
Emory University,123,100 Fly,5,48.58,Connor McHugh,,University Athletic Association Championships
Emory University,123,100 Fly,6,48.68,Anthony Simmons,,Denison Invitational
Emory University,123,100 Fly,7,48.88,Patrick Horton,,Emory Last Chance
Emory University,123,100 Fly,8,49.01,Michael Kaiser,,Denison Invitational
Emory University,123,100 Fly,9,49.21,Jeff George,,University Athletic Association Championships
Emory University,123,100 Fly,10,49.71,Jack Teasley,,Emory Last Chance
Emory University,123,100 Free,1,44.46,Hayden Tupper,,Emory Last Chance
Emory University,123,100 Free,2,44.84,Trenton Cassens,,University Athletic Association Championships
Emory University,123,100 Free,3,45.05,Jared Zhang,,University Athletic Association Championships
Emory University,123,100 Free,4,45.15,Satya Agashiwala,,Denison Invitational
Emory University,123,100 Free,5,45.36,Connor McHugh,,Denison Invitational
Emory University,123,100 Free,6,45.53,Fred Brown,,Denison Invitational
Emory University,123,100 Free,7,45.57,Caden Bjornstad,,Georgia vs. Emory
Emory University,123,100 Free,8,45.61,Crow Thorsen,,Emory Last Chance
Emory University,123,100 Free,9,45.68,Evan Prabhu,,Denison Invitational
Emory University,123,100 Free,10,45.83,Colin Zexter,,Emory Fall Invitational
Emory University,123,1000 Free,1,9:25.44,Ben Pritchard,,University Athletic Association Championships
Emory University,123,1000 Free,2,9:39.38,Carson Kalish,,Sewanee vs. Emory
Emory University,123,1000 Free,3,9:49.88,Griffin Barlow,,Emory vs. Georgia Tech
Emory University,123,1000 Free,4,10:06.15,Joao Lapagesse,,Emory Fall Invitational
Emory University,123,1000 Free,5,10:06.64,Quinn Nelson,,Queens vs. Emory
Emory University,123,1000 Free,6,10:22.23,Evan Prabhu,,Emory vs. Georgia Tech
Emory University,123,1650 Free,1,15:37.02,Ben Pritchard,,University Athletic Association Championships
Emory University,123,1650 Free,2,16:52.60,Joao Lapagesse,,Emory Fall Invitational
Emory University,123,200 Back,1,1:46.13,Jeff George,,Emory Last Chance
Emory University,123,200 Back,2,1:46.20,Zachary Spicer,,Denison Invitational
Emory University,123,200 Back,3,1:47.19,Quinn Nelson,,Emory Last Chance
Emory University,123,200 Back,4,1:47.42,Graham Zucker,,Denison Invitational
Emory University,123,200 Back,5,1:48.33,Sven Becker,,University Athletic Association Championships
Emory University,123,200 Back,6,1:50.91,Harry Kerscher,,Denison Invitational
Emory University,123,200 Back,7,1:52.30,Will Kohn,,Emory Last Chance
Emory University,123,200 Back,8,1:56.66,Jared Zhang,,Sewanee vs. Emory
Emory University,123,200 Breast,1,1:57.19,Henri Bonnault,,Denison Invitational
Emory University,123,200 Breast,2,2:00.14,Ryan Schnur,,Emory Last Chance
Emory University,123,200 Breast,3,2:01.11,Owen Howell,,Emory Last Chance
Emory University,123,200 Breast,4,2:01.21,Crow Thorsen,,Denison Invitational
Emory University,123,200 Breast,5,2:01.36,Griffin Barlow,,Emory Last Chance
Emory University,123,200 Breast,6,2:03.05,McKee Thorsen,,Emory Fall Invitational
Emory University,123,200 Breast,7,2:03.42,Lukas Fu,,Emory Last Chance
Emory University,123,200 Fly,1,1:45.75,McKee Thorsen,,University Athletic Association Championships
Emory University,123,200 Fly,2,1:48.41,Carson Kalish,,University Athletic Association Championships
Emory University,123,200 Fly,3,1:48.75,Anthony Simmons,,Denison Invitational
Emory University,123,200 Fly,4,1:49.09,Michael Kaiser,,Emory Last Chance
Emory University,123,200 Fly,5,1:49.27,Crow Thorsen,,Emory Last Chance
Emory University,123,200 Fly,6,1:49.58,Jack Teasley,,Emory Fall Invitational
Emory University,123,200 Fly,7,1:50.43,Satya Agashiwala,,Emory Fall Invitational
Emory University,123,200 Fly,8,1:51.13,Luke Hartman,,Denison Invitational
Emory University,123,200 Fly,9,1:54.31,Joao Lapagesse,,Emory Last Chance
Emory University,123,200 Fly,10,1:54.45,Ryley Yoo,,Emory Fall Invitational
Emory University,123,200 Free,1,1:37.75,Hayden Tupper,,University Athletic Association Championships
Emory University,123,200 Free,2,1:38.51,Sven Becker,,University Athletic Association Championships
Emory University,123,200 Free,3,1:39.04,Graham Zucker,,University Athletic Association Championships
Emory University,123,200 Free,4,1:39.72,Ben Pritchard,,University Athletic Association Championships
Emory University,123,200 Free,5,1:39.90,Crow Thorsen,,Georgia vs. Emory
Emory University,123,200 Free,6,1:40.08,Carson Kalish,,University Athletic Association Championships
Emory University,123,200 Free,7,1:40.22,Trenton Cassens,,University Athletic Association Championships
Emory University,123,200 Free,8,1:40.40,Evan Prabhu,,Emory Last Chance
Emory University,123,200 Free,9,1:40.75,Jack Teasley,,Denison Invitational
Emory University,123,200 Free,10,1:40.81,Luke Hartman,,Emory Last Chance
Emory University,123,200 Im,1,1:47.94,McKee Thorsen,,University Athletic Association Championships
Emory University,123,200 Im,2,1:48.09,Carson Kalish,,University Athletic Association Championships
Emory University,123,200 Im,3,1:49.22,Sven Becker,,University Athletic Association Championships
Emory University,123,200 Im,4,1:49.97,Zachary Spicer,,University Athletic Association Championships
Emory University,123,200 Im,5,1:50.64,Quinn Nelson,,University Athletic Association Championships
Emory University,123,200 Im,6,1:50.65,Lukas Fu,,Emory Last Chance
Emory University,123,200 Im,7,1:50.93,Owen Howell,,Denison Invitational
Emory University,123,200 Im,8,1:54.25,Graham Zucker,,Georgia vs. Emory
Emory University,123,200 Im,9,1:54.84,Harry Kerscher,,Denison Invitational
Emory University,123,200 Im,10,1:57.06,Gary Wang,,Denison Invitational
Emory University,123,400 Im,1,3:51.07,Crow Thorsen,,University Athletic Association Championships
Emory University,123,400 Im,2,3:54.23,Carson Kalish,,University Athletic Association Championships
Emory University,123,400 Im,3,3:55.76,Quinn Nelson,,University Athletic Association Championships
Emory University,123,400 Im,4,4:02.34,Lukas Fu,,Emory Last Chance
Emory University,123,400 Im,5,4:11.66,Owen Howell,,Emory Fall Invitational
Emory University,123,50 Free,1,20.30,Connor McHugh,,University Athletic Association Championships
Emory University,123,50 Free,2,20.39,Jared Zhang,,Emory Fall Invitational
Emory University,123,50 Free,3,20.48,Hayden Tupper,,Emory Last Chance
Emory University,123,50 Free,4,20.65,Fred Brown,,Emory Last Chance
Emory University,123,50 Free,5,20.73,Satya Agashiwala,,Denison Invitational
Emory University,123,50 Free,6,20.76,McKee Thorsen,,Emory Fall Invitational
Emory University,123,50 Free,7,20.80,Trenton Cassens,,Denison Invitational
Emory University,123,50 Free,8,20.86,Patrick Horton,,Denison Invitational
Emory University,123,50 Free,9,20.88,Anthony Simmons,,Denison Invitational
Emory University,123,50 Free,10,20.96,Colin Zexter,,Denison Invitational
Emory University,123,500 Free,1,4:28.32,Ben Pritchard,,University Athletic Association Championships
Emory University,123,500 Free,2,4:28.72,Crow Thorsen,,University Athletic Association Championships
Emory University,123,500 Free,3,4:29.72,Anthony Simmons,,University Athletic Association Championships
Emory University,123,500 Free,4,4:30.34,Luke Hartman,,Emory Last Chance
Emory University,123,500 Free,5,4:30.78,Griffin Barlow,,University Athletic Association Championships
Emory University,123,500 Free,6,4:31.14,Joao Lapagesse,,Denison Invitational
Emory University,123,500 Free,7,4:32.05,Carson Kalish,,Emory Last Chance
Emory University,123,500 Free,8,4:36.39,Graham Zucker,,University Athletic Association Championships
Emory University,123,500 Free,9,4:36.77,Evan Prabhu,,Denison Invitational
Emory University,123,500 Free,10,4:38.31,Hayden Tupper,,Denison Invitational
Gettysburg College,254,100 Back,1,47.86,Evan Graham,,Centennial Conference Championships
Gettysburg College,254,100 Back,2,48.70,Connor Mangan,,Centennial Conference Championships
Gettysburg College,254,100 Back,3,49.78,Griffin Koester,,Centennial Conference Championships
Gettysburg College,254,100 Back,4,49.94,Ben Butterfield,,Centennial Conference Championships
Gettysburg College,254,100 Back,5,50.97,Edward Kim,,Centennial Conference Championships
Gettysburg College,254,100 Back,6,52.22,Rudy Rudatsikira,,16th Annual Phoenix Fall Classic
Gettysburg College,254,100 Back,7,52.59,Connor Tiffin,,Gettysburg Invite
Gettysburg College,254,100 Back,8,53.23,Reese Velishka,,Swarthmore vs. Gettysburg
Gettysburg College,254,100 Back,9,54.24,Charter Sasseville,,Gettysburg v Franklin & Marshall
Gettysburg College,254,100 Back,10,54.64,Davis Hottle,,Swarthmore vs. Gettysburg
Gettysburg College,254,100 Breast,1,56.27,Lorenzo Zullo,,Centennial Conference Championships
Gettysburg College,254,100 Breast,2,56.35,Jackson Schundler,,16th Annual Phoenix Fall Classic
Gettysburg College,254,100 Breast,3,56.59,Evan Graham,,Gettysburg Invite
Gettysburg College,254,100 Breast,4,56.81,Connor Booth,,Centennial Conference Championships
Gettysburg College,254,100 Breast,5,57.58,Ben Campet,,Centennial Conference Championships
Gettysburg College,254,100 Breast,6,59.50,Ethan Keiner,,Gettysburg Invite
Gettysburg College,254,100 Fly,1,49.37,Griffin Koester,,Centennial Conference Championships
Gettysburg College,254,100 Fly,2,49.40,Max McAlister,,Centennial Conference Championships
Gettysburg College,254,100 Fly,3,50.09,Ben Butterfield,,16th Annual Phoenix Fall Classic
Gettysburg College,254,100 Fly,4,50.86,Charter Sasseville,,Gettysburg Invite
Gettysburg College,254,100 Fly,5,51.43,Jackson Schundler,,Gettysburg Invite
Gettysburg College,254,100 Fly,6,51.47,Bailey Steimel,,16th Annual Phoenix Fall Classic
Gettysburg College,254,100 Fly,7,51.84,Toby Winston,,16th Annual Phoenix Fall Classic
Gettysburg College,254,100 Fly,8,52.43,Evan Graham,,Centennial Conference Championships
Gettysburg College,254,100 Fly,9,54.01,Edward Kim,,Gettysburg vs. NYU
Gettysburg College,254,100 Fly,10,55.29,Connor Tiffin,,Centennial Conference Championships
Gettysburg College,254,100 Free,1,45.10,Ethan Keiner,,Centennial Conference Championships
Gettysburg College,254,100 Free,2,45.18,Toby Winston,,Centennial Conference Championships
Gettysburg College,254,100 Free,3,46.08,Lorenzo Zullo,,Centennial Conference Championships
Gettysburg College,254,100 Free,4,46.14,Connor Booth,,16th Annual Phoenix Fall Classic
Gettysburg College,254,100 Free,5,47.13,Evan Graham,,Centennial Conference West Quad
Gettysburg College,254,100 Free,6,47.37,Rudy Rudatsikira,,16th Annual Phoenix Fall Classic
Gettysburg College,254,100 Free,7,47.48,Edward Kim,,Swarthmore vs. Gettysburg
Gettysburg College,254,100 Free,8,47.56,Davis Hottle,,16th Annual Phoenix Fall Classic
Gettysburg College,254,100 Free,9,47.63,Max McAlister,,Gettysburg Invite
Gettysburg College,254,100 Free,10,47.64,Griffin Koester,,Gettysburg Invite
Gettysburg College,254,1000 Free,1,9:41.32,Sam Nelson,,Centennial Conference Championships
Gettysburg College,254,1000 Free,2,9:46.06,john Verosko,,Gettysburg Invite
Gettysburg College,254,1000 Free,3,9:54.47,Kellen Booth,,Centennial Conference Championships
Gettysburg College,254,1000 Free,4,10:00.70,Davis Hottle,,Gettysburg v Rowan
Gettysburg College,254,1000 Free,5,10:03.50,Charter Sasseville,,Centennial Conference Championships
Gettysburg College,254,1000 Free,6,10:12.14,Evan Graham,,Dickinson vs. Gettysburg
Gettysburg College,254,1000 Free,7,10:29.56,Ben Campet,,Dickinson vs. Gettysburg
Gettysburg College,254,1650 Free,1,16:05.03,Sam Nelson,,Centennial Conference Championships
Gettysburg College,254,1650 Free,2,16:16.18,john Verosko,,16th Annual Phoenix Fall Classic
Gettysburg College,254,1650 Free,3,16:23.61,Kellen Booth,,Centennial Conference Championships
Gettysburg College,254,1650 Free,4,16:34.29,Davis Hottle,,Centennial Conference Championships
Gettysburg College,254,1650 Free,5,16:44.89,Charter Sasseville,,Centennial Conference Championships
Gettysburg College,254,200 Back,1,1:45.57,Evan Graham,,16th Annual Phoenix Fall Classic
Gettysburg College,254,200 Back,2,1:46.30,Connor Mangan,,Centennial Conference Championships
Gettysburg College,254,200 Back,3,1:48.90,Ben Butterfield,,Centennial Conference Championships
Gettysburg College,254,200 Back,4,1:52.95,Connor Tiffin,,Centennial Conference Championships
Gettysburg College,254,200 Back,5,1:53.17,Edward Kim,,Centennial Conference Championships
Gettysburg College,254,200 Back,6,1:54.33,Charter Sasseville,,Centennial Conference Championships
Gettysburg College,254,200 Back,7,1:55.29,Davis Hottle,,16th Annual Phoenix Fall Classic
Gettysburg College,254,200 Back,8,1:57.45,Reese Velishka,,Swarthmore vs. Gettysburg
Gettysburg College,254,200 Back,9,2:00.40,Rudy Rudatsikira,,Gettysburg Invite
Gettysburg College,254,200 Breast,1,2:03.62,Evan Graham,,Gettysburg Invite
Gettysburg College,254,200 Breast,2,2:07.32,Ben Campet,,Centennial Conference Championships
Gettysburg College,254,200 Breast,3,2:07.87,Jackson Schundler,,16th Annual Phoenix Fall Classic
Gettysburg College,254,200 Breast,4,2:18.23,Connor Booth,,Gettysburg at Scranton
Gettysburg College,254,200 Breast,5,2:20.09,Connor Mangan,,Dickinson vs. Gettysburg
Gettysburg College,254,200 Breast,6,2:23.60,Rudy Rudatsikira,,Gettysburg at Scranton
Gettysburg College,254,200 Breast,7,2:24.86,Ethan Keiner,,Gettysburg v Rowan
Gettysburg College,254,200 Breast,8,2:30.15,Erik Floren Smith,,Dickinson vs. Gettysburg
Gettysburg College,254,200 Fly,1,1:50.49,Connor Mangan,,Centennial Conference Championships
Gettysburg College,254,200 Fly,2,1:50.56,Ben Butterfield,,Centennial Conference Championships
Gettysburg College,254,200 Fly,3,1:52.90,Griffin Koester,,16th Annual Phoenix Fall Classic
Gettysburg College,254,200 Fly,4,1:54.07,Max McAlister,,16th Annual Phoenix Fall Classic
Gettysburg College,254,200 Fly,5,1:57.31,Bailey Steimel,,16th Annual Phoenix Fall Classic
Gettysburg College,254,200 Fly,6,2:06.07,john Verosko,,Gettysburg at Scranton
Gettysburg College,254,200 Free,1,1:39.88,Ethan Keiner,,Centennial Conference Championships
Gettysburg College,254,200 Free,2,1:40.48,Toby Winston,,Centennial Conference Championships
Gettysburg College,254,200 Free,3,1:41.01,Evan Graham,,Gettysburg Invite
Gettysburg College,254,200 Free,4,1:41.59,Connor Mangan,,Gettysburg v Franklin & Marshall
Gettysburg College,254,200 Free,5,1:41.94,john Verosko,,Centennial Conference Championships
Gettysburg College,254,200 Free,6,1:42.64,Kellen Booth,,16th Annual Phoenix Fall Classic
Gettysburg College,254,200 Free,7,1:42.67,Connor Booth,,Swarthmore vs. Gettysburg
Gettysburg College,254,200 Free,8,1:42.90,Davis Hottle,,Centennial Conference Championships
Gettysburg College,254,200 Free,9,1:44.62,Ben Butterfield,,Gettysburg Invite
Gettysburg College,254,200 Free,10,1:44.67,Cole Martin,,Gettysburg v Rowan
Gettysburg College,254,200 Im,1,1:47.81,Evan Graham,,Gettysburg Invite
Gettysburg College,254,200 Im,2,1:49.59,Connor Mangan,,Centennial Conference Championships
Gettysburg College,254,200 Im,3,1:53.78,Edward Kim,,Centennial Conference Championships
Gettysburg College,254,200 Im,4,1:54.07,Connor Tiffin,,Centennial Conference Championships
Gettysburg College,254,200 Im,5,1:54.71,Ben Campet,,Centennial Conference Championships
Gettysburg College,254,200 Im,6,1:54.94,Griffin Koester,,16th Annual Phoenix Fall Classic
Gettysburg College,254,200 Im,7,1:56.63,Jackson Schundler,,16th Annual Phoenix Fall Classic
Gettysburg College,254,200 Im,8,1:57.20,Charter Sasseville,,Gettysburg Invite
Gettysburg College,254,200 Im,9,2:00.36,Reese Velishka,,Gettysburg Invite
Gettysburg College,254,200 Im,10,2:10.50,Kellen Booth,,Gettysburg at Scranton
Gettysburg College,254,400 Im,1,3:52.45,Evan Graham,,Centennial Conference Championships
Gettysburg College,254,400 Im,2,4:05.39,Connor Tiffin,,Centennial Conference Championships
Gettysburg College,254,400 Im,3,4:13.52,Ben Campet,,16th Annual Phoenix Fall Classic
Gettysburg College,254,400 Im,4,4:14.90,Reese Velishka,,16th Annual Phoenix Fall Classic
Gettysburg College,254,50 Free,1,20.34,Ethan Keiner,,Centennial Conference Championships
Gettysburg College,254,50 Free,2,20.63,Lorenzo Zullo,,Centennial Conference Championships
Gettysburg College,254,50 Free,3,20.89,Connor Booth,,16th Annual Phoenix Fall Classic
Gettysburg College,254,50 Free,4,21.01,Toby Winston,,Centennial Conference Championships
Gettysburg College,254,50 Free,5,21.14,Max McAlister,,Centennial Conference Championships
Gettysburg College,254,50 Free,6,21.53,Ben Butterfield,,Gettysburg Invite
Gettysburg College,254,50 Free,7,21.55,Rudy Rudatsikira,,Gettysburg v Franklin & Marshall
Gettysburg College,254,50 Free,8,21.72,Kellen Booth,,Gettysburg Invite
Gettysburg College,254,50 Free,9,21.76,Cole Martin,,Gettysburg v Rowan
Gettysburg College,254,50 Free,10,21.78,Griffin Koester,,Gettysburg Invite
Gettysburg College,254,500 Free,1,4:36.37,Sam Nelson,,Centennial Conference Championships
Gettysburg College,254,500 Free,2,4:37.62,john Verosko,,Centennial Conference Championships
Gettysburg College,254,500 Free,3,4:38.91,Connor Mangan,,Gettysburg Invite
Gettysburg College,254,500 Free,4,4:39.13,Kellen Booth,,Centennial Conference Championships
Gettysburg College,254,500 Free,5,4:40.38,Davis Hottle,,Centennial Conference Championships
Gettysburg College,254,500 Free,6,4:41.09,Charter Sasseville,,Centennial Conference Championships
Gettysburg College,254,500 Free,7,4:44.33,Connor Tiffin,,Gettysburg Invite
Gettysburg College,254,500 Free,8,4:47.22,Ben Campet,,Gettysburg Invite
Gettysburg College,254,500 Free,9,4:54.14,Ethan Keiner,,Gettysburg Invite
Gettysburg College,254,500 Free,10,5:03.55,Ben Butterfield,,Dickinson vs. Gettysburg
Grinnell College,2,100 Back,1,49.10,Evan Ingraham,,Midwest Conference Championships
Grinnell College,2,100 Back,2,49.23,Rommin Adl,,Midwest Conference Championships
Grinnell College,2,100 Back,3,49.84,Cadel Saszik,,Midwest Conference Championships
Grinnell College,2,100 Back,4,52.10,Gavin Stiglitz,,Midwest Conference Championships
Grinnell College,2,100 Back,5,56.19,Antoni Staszkiewicz,,2026 Grinnell Invite
Grinnell College,2,100 Back,6,57.30,Samora Lumonya,,Midwest Conference Championships
Grinnell College,2,100 Back,7,58.87,Luke Velte,,Midwest Conference Championships
Grinnell College,2,100 Back,8,59.94,Jack Cerone,,St. Ambrose vs. Grinnell
Grinnell College,2,100 Back,9,1:00.51,Benke Grobler,,Grinnell College vs CC and Augstana
Grinnell College,2,100 Back,10,1:06.55,Zachary Roberts,,Grinnell vs. Quincy
Grinnell College,2,100 Breast,1,56.75,Keely Yeager,,Midwest Conference Championships
Grinnell College,2,100 Breast,2,57.45,Chris Zhou,,Midwest Conference Championships
Grinnell College,2,100 Breast,3,57.96,Jafar Jarrar,,Midwest Conference Championships
Grinnell College,2,100 Breast,4,59.76,Benke Grobler,,16th Annual Phoenix Fall Classic
Grinnell College,2,100 Breast,5,1:01.06,Jack Cerone,,16th Annual Phoenix Fall Classic
Grinnell College,2,100 Breast,6,1:01.53,Ryan K Lim,,Grinnell Last Chance
Grinnell College,2,100 Breast,7,1:04.70,James Applegate,,Midwest Conference Championships
Grinnell College,2,100 Breast,8,1:07.71,Mitch Paiva,,Grinnell College vs CC and Augstana
Grinnell College,2,100 Breast,9,1:10.75,Zachary Roberts,,Grinnell Last Chance
Grinnell College,2,100 Breast,10,1:15.45,Luke Velte,,St. Ambrose vs. Grinnell
Grinnell College,2,100 Fly,1,48.54,Spencer Pfaff,,Midwest Conference Championships
Grinnell College,2,100 Fly,2,49.93,Evan Ingraham,,16th Annual Phoenix Fall Classic
Grinnell College,2,100 Fly,3,50.61,Evan Feilmeyer,,Grinnell Last Chance
Grinnell College,2,100 Fly,4,50.68,Ryan K Lim,,Midwest Conference Championships
Grinnell College,2,100 Fly,5,51.17,Gavin Stiglitz,,Midwest Conference Championships
Grinnell College,2,100 Fly,6,54.16,Noah Tsukuda,,Grinnell College vs CC and Augstana
Grinnell College,2,100 Fly,7,54.70,Aidan Donovan,,St. Ambrose vs. Grinnell
Grinnell College,2,100 Fly,8,55.21,Antoni Staszkiewicz,,Midwest Conference Championships
Grinnell College,2,100 Fly,9,55.80,Keely Yeager,,Grinnell vs. Quincy
Grinnell College,2,100 Fly,10,56.27,Seunghui Yoo,,16th Annual Phoenix Fall Classic
Grinnell College,2,100 Free,1,44.89,Aidan Donovan,,16th Annual Phoenix Fall Classic
Grinnell College,2,100 Free,2,45.00,Rommin Adl,,Midwest Conference Championships
Grinnell College,2,100 Free,3,45.71,Spencer Pfaff,,Midwest Conference Championships
Grinnell College,2,100 Free,4,46.79,Noah Tsukuda,,Grinnell Last Chance
Grinnell College,2,100 Free,5,46.84,Evan Ingraham,,Grinnell Last Chance
Grinnell College,2,100 Free,6,47.43,Ryan K Lim,,Midwest Conference Championships
Grinnell College,2,100 Free,7,47.67,Evan Feilmeyer,,Grinnell College Vs Coe College
Grinnell College,2,100 Free,8,49.50,Luke Velte,,Midwest Conference Championships
Grinnell College,2,100 Free,9,49.93,Seunghui Yoo,,St. Ambrose vs. Grinnell
Grinnell College,2,100 Free,10,49.99,Cadel Saszik,,Grinnell College vs CC and Augstana
Grinnell College,2,1000 Free,1,9:52.68,Noah Tsukuda,,Midwest Conference Championships
Grinnell College,2,1000 Free,2,9:58.80,Evan Feilmeyer,,2026 Grinnell Invite
Grinnell College,2,1000 Free,3,10:13.95,John Kafumbe,,Midwest Conference Championships
Grinnell College,2,1000 Free,4,11:22.27,Samuel Raynor,,Grinnell College vs CC and Augstana
Grinnell College,2,1650 Free,1,16:19.01,Evan Feilmeyer,,2026 Grinnell Invite
Grinnell College,2,1650 Free,2,16:23.57,Noah Tsukuda,,16th Annual Phoenix Fall Classic
Grinnell College,2,1650 Free,3,16:58.42,John Kafumbe,,Midwest Conference Championships
Grinnell College,2,200 Back,1,1:50.54,Evan Ingraham,,16th Annual Phoenix Fall Classic
Grinnell College,2,200 Back,2,1:50.64,Cadel Saszik,,Midwest Conference Championships
Grinnell College,2,200 Back,3,1:54.79,Gavin Stiglitz,,Midwest Conference Championships
Grinnell College,2,200 Back,4,2:00.51,Rommin Adl,,Luther vs. Grinnell
Grinnell College,2,200 Back,5,2:03.36,Samora Lumonya,,Midwest Conference Championships
Grinnell College,2,200 Back,6,2:05.37,Antoni Staszkiewicz,,2026 Grinnell Invite
Grinnell College,2,200 Back,7,2:15.25,Jack Cerone,,St. Ambrose vs. Grinnell
Grinnell College,2,200 Breast,1,2:05.74,Keely Yeager,,Midwest Conference Championships
Grinnell College,2,200 Breast,2,2:09.66,Benke Grobler,,16th Annual Phoenix Fall Classic
Grinnell College,2,200 Breast,3,2:10.25,Jack Cerone,,Midwest Conference Championships
Grinnell College,2,200 Breast,4,2:10.56,Jafar Jarrar,,Midwest Conference Championships
Grinnell College,2,200 Breast,5,2:13.20,Chris Zhou,,Midwest Conference Championships
Grinnell College,2,200 Breast,6,2:21.94,James Applegate,,Midwest Conference Championships
Grinnell College,2,200 Breast,7,2:31.64,Antoni Staszkiewicz,,St. Ambrose vs. Grinnell
Grinnell College,2,200 Breast,8,2:34.13,Mitch Paiva,,Grinnell vs. Quincy
Grinnell College,2,200 Fly,1,1:47.69,Evan Ingraham,,Midwest Conference Championships
Grinnell College,2,200 Fly,2,1:49.67,Evan Feilmeyer,,Midwest Conference Championships
Grinnell College,2,200 Fly,3,1:56.59,Antoni Staszkiewicz,,Midwest Conference Championships
Grinnell College,2,200 Fly,4,2:01.81,Seunghui Yoo,,16th Annual Phoenix Fall Classic
Grinnell College,2,200 Fly,5,2:08.25,Ryan K Lim,,16th Annual Phoenix Fall Classic
Grinnell College,2,200 Fly,6,2:11.00,Keely Yeager,,Luther vs. Grinnell
Grinnell College,2,200 Fly,7,2:14.43,James Applegate,,2026 Grinnell Invite
Grinnell College,2,200 Free,1,1:39.05,Evan Feilmeyer,,Midwest Conference Championships
Grinnell College,2,200 Free,2,1:40.38,Noah Tsukuda,,Midwest Conference Championships
Grinnell College,2,200 Free,3,1:42.57,Aidan Donovan,,Midwest Conference Championships
Grinnell College,2,200 Free,4,1:45.12,Seunghui Yoo,,Midwest Conference Championships
Grinnell College,2,200 Free,5,1:46.05,Rommin Adl,,2026 Grinnell Invite
Grinnell College,2,200 Free,6,1:46.63,Evan Ingraham,,Midwest Conference Championships
Grinnell College,2,200 Free,7,1:47.92,Cadel Saszik,,Grinnell Last Chance
Grinnell College,2,200 Free,8,1:49.29,John Kafumbe,,16th Annual Phoenix Fall Classic
Grinnell College,2,200 Free,9,1:52.27,Keely Yeager,,Macalester vs. Grinnell
Grinnell College,2,200 Free,10,1:52.61,Luke Velte,,Midwest Conference Championships
Grinnell College,2,200 Im,1,1:53.78,Evan Ingraham,,Midwest Conference Championships
Grinnell College,2,200 Im,2,1:55.72,Keely Yeager,,Midwest Conference Championships
Grinnell College,2,200 Im,3,1:58.28,Cadel Saszik,,Midwest Conference Championships
Grinnell College,2,200 Im,4,1:58.64,Jack Cerone,,Midwest Conference Championships
Grinnell College,2,200 Im,5,2:00.97,Antoni Staszkiewicz,,2026 Grinnell Invite
Grinnell College,2,200 Im,6,2:01.04,Benke Grobler,,16th Annual Phoenix Fall Classic
Grinnell College,2,200 Im,7,2:01.17,Aidan Donovan,,2026 Grinnell Invite
Grinnell College,2,200 Im,8,2:03.08,Seunghui Yoo,,16th Annual Phoenix Fall Classic
Grinnell College,2,200 Im,9,2:07.46,James Applegate,,16th Annual Phoenix Fall Classic
Grinnell College,2,200 Im,10,2:15.59,John Kafumbe,,St. Ambrose vs. Grinnell
Grinnell College,2,400 Im,1,4:09.12,Antoni Staszkiewicz,,Midwest Conference Championships
Grinnell College,2,400 Im,2,4:17.20,Jack Cerone,,Midwest Conference Championships
Grinnell College,2,400 Im,3,4:20.95,John Kafumbe,,Midwest Conference Championships
Grinnell College,2,400 Im,4,4:23.04,Seunghui Yoo,,16th Annual Phoenix Fall Classic
Grinnell College,2,400 Im,5,4:24.91,Evan Feilmeyer,,Luther vs. Grinnell
Grinnell College,2,400 Im,6,4:33.29,Noah Tsukuda,,Grinnell vs. Quincy
Grinnell College,2,400 Im,7,4:33.86,James Applegate,,Midwest Conference Championships
Grinnell College,2,400 Im,8,4:42.87,Keely Yeager,,Grinnell College vs CC and Augstana
Grinnell College,2,400 Im,9,5:09.87,Mitch Paiva,,Grinnell vs. Quincy
Grinnell College,2,50 Free,1,20.17,Spencer Pfaff,,Midwest Conference Championships
Grinnell College,2,50 Free,2,20.32,Aidan Donovan,,Midwest Conference Championships
Grinnell College,2,50 Free,3,20.57,Rommin Adl,,Midwest Conference Championships
Grinnell College,2,50 Free,4,21.20,Jafar Jarrar,,Midwest Conference Championships
Grinnell College,2,50 Free,5,21.37,Evan Feilmeyer,,Grinnell Last Chance
Grinnell College,2,50 Free,6,21.47,Ryan K Lim,,Midwest Conference Championships
Grinnell College,2,50 Free,7,21.83,Evan Ingraham,,Grinnell Last Chance
Grinnell College,2,50 Free,8,21.98,Noah Tsukuda,,Grinnell Last Chance
Grinnell College,2,50 Free,9,22.07,Luke Velte,,Midwest Conference Championships
Grinnell College,2,50 Free,10,22.13,Gavin Stiglitz,,16th Annual Phoenix Fall Classic
Grinnell College,2,500 Free,1,4:28.76,Evan Feilmeyer,,Midwest Conference Championships
Grinnell College,2,500 Free,2,4:38.27,Noah Tsukuda,,Midwest Conference Championships
Grinnell College,2,500 Free,3,4:49.07,Antoni Staszkiewicz,,Midwest Conference Championships
Grinnell College,2,500 Free,4,4:51.94,John Kafumbe,,Midwest Conference Championships
Grinnell College,2,500 Free,5,4:54.43,Seunghui Yoo,,Midwest Conference Championships
Grinnell College,2,500 Free,6,5:04.74,Keely Yeager,,Macalester vs. Grinnell
Grinnell College,2,500 Free,7,5:13.99,Cadel Saszik,,Grinnell College Vs Coe College
Grinnell College,2,500 Free,8,5:32.67,Samuel Raynor,,Grinnell vs. Quincy
Grove City College,42,100 Back,1,48.85,Owen Hancock,,Presidents Athletic Conference Championships
Grove City College,42,100 Back,2,54.02,Bryce Pope,,Grove City v. W&J
Grove City College,42,100 Back,3,54.19,Joshua Langworthy,,Presidents Athletic Conference Championships
Grove City College,42,100 Back,4,54.73,Andrew Buxbaum,,Rochester vs. Grove City
Grove City College,42,100 Back,5,54.73,Ryan Turner,,Wheaton Invitational
Grove City College,42,100 Back,6,54.75,George Witte,,Grove City v. Westminster
Grove City College,42,100 Back,7,55.09,Charlie Cratty,,Presidents Athletic Conference Championships
Grove City College,42,100 Back,8,58.51,B Huryn,,Presidents Athletic Conference Championships
Grove City College,42,100 Back,9,59.66,Connor Morgan,,GCC vs. Calvin
Grove City College,42,100 Back,10,1:01.05,LUCAS MCCREADIE,,"Geneseo vs. Behrend, Brockport, Grove City"
Grove City College,42,100 Breast,1,52.79,Caleb Einolf,,Presidents Athletic Conference Championships
Grove City College,42,100 Breast,2,55.98,Bryce Pope,,Presidents Athletic Conference Championships
Grove City College,42,100 Breast,3,57.81,Emmett Wilson,,Presidents Athletic Conference Championships
Grove City College,42,100 Breast,4,58.12,Andrew Buxbaum,,Wheaton Invitational
Grove City College,42,100 Breast,5,1:01.09,CJ Mayhew,,Grove City v. Westminster
Grove City College,42,100 Breast,6,1:04.24,Logan Myers,,Grove City v. Westminster
Grove City College,42,100 Breast,7,1:05.24,Patrick Cratty,,GCC vs. Calvin
Grove City College,42,100 Breast,8,1:05.59,William Rankine,,Western PA Invite
Grove City College,42,100 Breast,9,1:07.68,Peyton Randall,,Presidents Athletic Conference Championships
Grove City College,42,100 Breast,10,1:07.97,Joshua Langworthy,,Grove City v. W&J
Grove City College,42,100 Fly,1,47.52,Owen Hancock,,Presidents Athletic Conference Championships
Grove City College,42,100 Fly,2,47.63,Caleb Einolf,,Wheaton Invitational
Grove City College,42,100 Fly,3,51.45,Nathan Beukema,,Wheaton Invitational
Grove City College,42,100 Fly,4,52.41,Josh Remlinger,,Presidents Athletic Conference Championships
Grove City College,42,100 Fly,5,52.53,Bryce Pope,,Grove City v. W&J
Grove City College,42,100 Fly,6,52.59,Andrew Buxbaum,,Presidents Athletic Conference Championships
Grove City College,42,100 Fly,7,53.17,Caden Ondrejko,,Presidents Athletic Conference Championships
Grove City College,42,100 Fly,8,53.21,Charlie Cratty,,Presidents Athletic Conference Championships
Grove City College,42,100 Fly,9,53.40,George Witte,,Grove City v. W&J
Grove City College,42,100 Fly,10,54.25,Calvin Doolittle,,Presidents Athletic Conference Championships
Grove City College,42,100 Free,1,44.43,Caleb Einolf,,Presidents Athletic Conference Championships
Grove City College,42,100 Free,2,45.71,Nathan Beukema,,Wheaton Invitational
Grove City College,42,100 Free,3,46.39,George Witte,,Presidents Athletic Conference Championships
Grove City College,42,100 Free,4,46.73,Ryan Turner,,Presidents Athletic Conference Championships
Grove City College,42,100 Free,5,47.39,Owen Hancock,,Western PA Invite
Grove City College,42,100 Free,6,47.80,AJ McCarthy,,Wheaton Invitational
Grove City College,42,100 Free,7,48.15,Patrick Cratty,,Presidents Athletic Conference Championships
Grove City College,42,100 Free,8,48.40,CJ Mayhew,,Wheaton Invitational
Grove City College,42,100 Free,9,48.70,Bryce Pope,,Western PA Invite
Grove City College,42,100 Free,10,49.11,Emmett Wilson,,Wheaton Invitational
Grove City College,42,1000 Free,1,10:07.33,CJ Mayhew,,Wheaton Invitational
Grove City College,42,1000 Free,2,10:08.14,Connor Morgan,,Presidents Athletic Conference Championships
Grove City College,42,1000 Free,3,10:11.94,AJ McCarthy,,Presidents Athletic Conference Championships
Grove City College,42,1000 Free,4,10:20.25,Sam Thayer,,Presidents Athletic Conference Championships
Grove City College,42,1000 Free,5,10:57.81,Caden Ondrejko,,Presidents Athletic Conference Championships
Grove City College,42,1000 Free,6,11:12.46,Calvin Doolittle,,Presidents Athletic Conference Championships
Grove City College,42,1000 Free,7,11:15.01,Emmett Wilson,,Grove City v. Saint Vincent
Grove City College,42,1000 Free,8,11:57.32,Peyton Randall,,Grove City v. College of Wooster
Grove City College,42,1650 Free,1,16:46.36,Connor Morgan,,Presidents Athletic Conference Championships
Grove City College,42,1650 Free,2,16:46.37,AJ McCarthy,,Presidents Athletic Conference Championships
Grove City College,42,1650 Free,3,16:48.26,CJ Mayhew,,Wheaton Invitational
Grove City College,42,1650 Free,4,17:11.19,Sam Thayer,,Presidents Athletic Conference Championships
Grove City College,42,1650 Free,5,18:12.41,Caden Ondrejko,,Presidents Athletic Conference Championships
Grove City College,42,1650 Free,6,18:32.55,Calvin Doolittle,,Presidents Athletic Conference Championships
Grove City College,42,1650 Free,7,20:01.15,Peyton Randall,,Rochester vs. Grove City
Grove City College,42,200 Back,1,1:51.66,George Witte,,Presidents Athletic Conference Championships
Grove City College,42,200 Back,2,1:55.66,Joshua Langworthy,,Presidents Athletic Conference Championships
Grove City College,42,200 Back,3,1:59.96,Charlie Cratty,,Wheaton Invitational
Grove City College,42,200 Back,4,2:02.97,Owen Hancock,,Grove City v. Saint Vincent
Grove City College,42,200 Back,5,2:05.34,Ryan Turner,,Grove City v. W&J
Grove City College,42,200 Back,6,2:06.03,Logan Myers,,Grove City v. W&J
Grove City College,42,200 Back,7,2:16.16,LUCAS MCCREADIE,,"Geneseo vs. Behrend, Brockport, Grove City"
Grove City College,42,200 Back,8,2:22.53,Heinrich van der Westhuizen,,Grove City v. W&J
Grove City College,42,200 Back,9,2:25.19,Connor Owens,,"Geneseo vs. Behrend, Brockport, Grove City"
Grove City College,42,200 Breast,1,2:05.93,Bryce Pope,,Presidents Athletic Conference Championships
Grove City College,42,200 Breast,2,2:07.48,Andrew Buxbaum,,Wheaton Invitational
Grove City College,42,200 Breast,3,2:07.58,Caleb Einolf,,Penn State Behrend vs Grove City
Grove City College,42,200 Breast,4,2:12.27,Emmett Wilson,,Presidents Athletic Conference Championships
Grove City College,42,200 Breast,5,2:17.29,CJ Mayhew,,Grove City v. W&J
Grove City College,42,200 Breast,6,2:17.77,William Rankine,,Presidents Athletic Conference Championships
Grove City College,42,200 Breast,7,2:21.71,Logan Myers,,Grove City v. College of Wooster
Grove City College,42,200 Breast,8,2:34.86,Peyton Randall,,Presidents Athletic Conference Championships
Grove City College,42,200 Fly,1,1:55.30,Logan Myers,,Presidents Athletic Conference Championships
Grove City College,42,200 Fly,2,1:59.60,Josh Remlinger,,Presidents Athletic Conference Championships
Grove City College,42,200 Fly,3,2:01.59,George Witte,,Grove City v. Saint Vincent
Grove City College,42,200 Fly,4,2:02.83,Calvin Doolittle,,Presidents Athletic Conference Championships
Grove City College,42,200 Fly,5,2:04.42,Caden Ondrejko,,Presidents Athletic Conference Championships
Grove City College,42,200 Fly,6,2:06.51,CJ Mayhew,,Grove City v. W&J
Grove City College,42,200 Fly,7,2:09.62,Charlie Cratty,,"Geneseo vs. Behrend, Brockport, Grove City"
Grove City College,42,200 Fly,8,2:22.13,Connor Morgan,,Grove City v. College of Wooster
Grove City College,42,200 Fly,9,2:22.49,William Rankine,,Ashland University vs Grove City
Grove City College,42,200 Free,1,1:40.78,George Witte,,Wheaton Invitational
Grove City College,42,200 Free,2,1:43.54,Ryan Turner,,Presidents Athletic Conference Championships
Grove City College,42,200 Free,3,1:43.98,Patrick Cratty,,Presidents Athletic Conference Championships
Grove City College,42,200 Free,4,1:44.37,Logan Myers,,Presidents Athletic Conference Championships
Grove City College,42,200 Free,5,1:44.61,Caleb Einolf,,Grove City v. W&J
Grove City College,42,200 Free,6,1:44.73,CJ Mayhew,,Presidents Athletic Conference Championships
Grove City College,42,200 Free,7,1:44.79,Nathan Beukema,,Wheaton Invitational
Grove City College,42,200 Free,8,1:45.39,AJ McCarthy,,Presidents Athletic Conference Championships
Grove City College,42,200 Free,9,1:46.76,Bryce Pope,,Wheaton Invitational
Grove City College,42,200 Free,10,1:49.44,Sam Thayer,,Presidents Athletic Conference Championships
Grove City College,42,200 Im,1,1:51.53,Owen Hancock,,Presidents Athletic Conference Championships
Grove City College,42,200 Im,2,1:54.23,Bryce Pope,,Presidents Athletic Conference Championships
Grove City College,42,200 Im,3,1:55.78,Andrew Buxbaum,,Wheaton Invitational
Grove City College,42,200 Im,4,2:01.09,CJ Mayhew,,Grove City vs. Clarion
Grove City College,42,200 Im,5,2:01.63,George Witte,,Grove City v. Saint Vincent
Grove City College,42,200 Im,6,2:02.02,Joshua Langworthy,,Presidents Athletic Conference Championships
Grove City College,42,200 Im,7,2:02.65,Logan Myers,,Grove City v. W&J
Grove City College,42,200 Im,8,2:03.16,Charlie Cratty,,Presidents Athletic Conference Championships
Grove City College,42,200 Im,9,2:04.04,Josh Remlinger,,Presidents Athletic Conference Championships
Grove City College,42,200 Im,10,2:06.30,Connor Morgan,,Grove City vs. Clarion
Grove City College,42,400 Im,1,4:07.51,Logan Myers,,Presidents Athletic Conference Championships
Grove City College,42,400 Im,2,4:10.18,CJ Mayhew,,Wheaton Invitational
Grove City College,42,400 Im,3,4:17.26,Andrew Buxbaum,,Wheaton Invitational
Grove City College,42,400 Im,4,4:21.05,Connor Morgan,,Presidents Athletic Conference Championships
Grove City College,42,400 Im,5,4:31.86,Joshua Langworthy,,Western PA Invite
Grove City College,42,50 Free,1,20.05,Caleb Einolf,,Presidents Athletic Conference Championships
Grove City College,42,50 Free,2,20.64,Owen Hancock,,Presidents Athletic Conference Championships
Grove City College,42,50 Free,3,21.00,George Witte,,Presidents Athletic Conference Championships
Grove City College,42,50 Free,4,21.09,Nathan Beukema,,Wheaton Invitational
Grove City College,42,50 Free,5,21.47,Bryce Pope,,Wheaton Invitational
Grove City College,42,50 Free,6,21.66,Ryan Turner,,Presidents Athletic Conference Championships
Grove City College,42,50 Free,7,22.20,CJ Mayhew,,Wheaton Invitational
Grove City College,42,50 Free,8,22.27,Patrick Cratty,,Presidents Athletic Conference Championships
Grove City College,42,50 Free,9,22.37,Emmett Wilson,,Wheaton Invitational
Grove City College,42,50 Free,10,22.39,B Huryn,,Rochester vs. Grove City
Grove City College,42,500 Free,1,4:45.47,CJ Mayhew,,Wheaton Invitational
Grove City College,42,500 Free,2,4:48.69,Logan Myers,,Presidents Athletic Conference Championships
Grove City College,42,500 Free,3,4:50.01,AJ McCarthy,,Presidents Athletic Conference Championships
Grove City College,42,500 Free,4,4:52.29,Connor Morgan,,Presidents Athletic Conference Championships
Grove City College,42,500 Free,5,4:53.17,Patrick Cratty,,Presidents Athletic Conference Championships
Grove City College,42,500 Free,6,4:54.72,Sam Thayer,,Presidents Athletic Conference Championships
Grove City College,42,500 Free,7,4:59.95,George Witte,,Grove City v. College of Wooster
Grove City College,42,500 Free,8,5:00.94,Josh Remlinger,,Wheaton Invitational
Grove City College,42,500 Free,9,5:09.07,Emmett Wilson,,Western PA Invite
Grove City College,42,500 Free,10,5:15.62,Ryan Turner,,Rochester vs. Grove City
Gustavus Adolphus College,88,100 Back,1,49.75,Josh Wallin,,MIAC Conference Championships
Gustavus Adolphus College,88,100 Back,2,50.42,Declan Vahey,,MIAC Conference Championships
Gustavus Adolphus College,88,100 Back,3,51.33,Matthew Lillejord,,MIAC Conference Championships
Gustavus Adolphus College,88,100 Back,4,51.81,Will Sarkinen,,MIAC Conference Championships
Gustavus Adolphus College,88,100 Back,5,53.36,Aidynn Havermann,,Luther Invitational
Gustavus Adolphus College,88,100 Back,6,54.54,Logan Cyr,,GUSTIE CHALLENGE
Gustavus Adolphus College,88,100 Back,7,54.59,Jack Reilly,,GUSTIE CHALLENGE
Gustavus Adolphus College,88,100 Back,8,55.14,Aiden Shermak,,Luther Invitational
Gustavus Adolphus College,88,100 Back,9,55.17,Tyler Kauffman,,GUSTIE CHALLENGE
Gustavus Adolphus College,88,100 Back,10,55.72,Ben Kell,,Gustavus Adolphus vs. Luther
Gustavus Adolphus College,88,100 Breast,1,53.76,Braden Ripken,,MIAC Conference Championships
Gustavus Adolphus College,88,100 Breast,2,56.22,Brandon Wilcek,,MIAC Conference Championships
Gustavus Adolphus College,88,100 Breast,3,56.42,Aiden Carlson,,MIAC Conference Championships
Gustavus Adolphus College,88,100 Breast,4,58.27,Mason Cote,,MIAC Conference Championships
Gustavus Adolphus College,88,100 Breast,5,1:00.14,Nikhil Kaufman,,GUSTIE CHALLENGE
Gustavus Adolphus College,88,100 Breast,6,1:00.64,Tyler Jellum,,GUSTIE CHALLENGE
Gustavus Adolphus College,88,100 Breast,7,1:01.14,Matthew Verwest,,GUSTIE CHALLENGE
Gustavus Adolphus College,88,100 Breast,8,1:02.00,Fred Myers,,GUSTIE CHALLENGE
Gustavus Adolphus College,88,100 Breast,9,1:05.25,Carter Craven,,GUSTIE CHALLENGE
Gustavus Adolphus College,88,100 Breast,10,1:05.73,Tyler Kauffman,,Luther Invitational
Gustavus Adolphus College,88,100 Fly,1,49.66,Aiden Carlson,,MIAC Conference Championships
Gustavus Adolphus College,88,100 Fly,2,50.10,Keegan Jones,,MIAC Conference Championships
Gustavus Adolphus College,88,100 Fly,3,50.56,Ben Kell,,MIAC Conference Championships
Gustavus Adolphus College,88,100 Fly,4,50.89,Jacob Robischon,,MIAC Conference Championships
Gustavus Adolphus College,88,100 Fly,5,51.51,Declan Vahey,,Luther Invitational
Gustavus Adolphus College,88,100 Fly,6,53.44,Aidynn Havermann,,MIAC Conference Championships
Gustavus Adolphus College,88,100 Fly,7,53.46,Jonah Ohrtman,,GUSTIE CHALLENGE
Gustavus Adolphus College,88,100 Fly,8,53.94,Will Sarkinen,,Luther Invitational
Gustavus Adolphus College,88,100 Fly,9,54.45,Britton Patee,,Luther Invitational
Gustavus Adolphus College,88,100 Fly,10,54.87,Josh Wallin,,Luther Invitational
Gustavus Adolphus College,88,100 Free,1,46.13,Josh Wallin,,MIAC Conference Championships
Gustavus Adolphus College,88,100 Free,2,46.14,Braden Ripken,,MIAC Conference Championships
Gustavus Adolphus College,88,100 Free,3,46.56,Logan Cyr,,MIAC Conference Championships
Gustavus Adolphus College,88,100 Free,4,46.93,Keegan Jones,,MIAC Conference Championships
Gustavus Adolphus College,88,100 Free,5,47.19,Declan Vahey,,MIAC Conference Championships
Gustavus Adolphus College,88,100 Free,6,47.50,Aiden Shermak,,GUSTIE CHALLENGE
Gustavus Adolphus College,88,100 Free,7,47.62,Logan Braley,,Luther Invitational
Gustavus Adolphus College,88,100 Free,8,48.72,Theodore Solensky,,GUSTIE CHALLENGE
Gustavus Adolphus College,88,100 Free,9,48.79,Matthew Lillejord,,Luther Invitational
Gustavus Adolphus College,88,100 Free,10,48.96,Will Sarkinen,,Luther Invitational
Gustavus Adolphus College,88,1000 Free,1,9:58.59,Mason Deitering,,MIAC Conference Championships
Gustavus Adolphus College,88,1000 Free,2,10:14.70,Britton Patee,,GUSTIE CHALLENGE
Gustavus Adolphus College,88,1000 Free,3,10:23.28,Ben Kell,,Gustavus Adolphus vs. Luther
Gustavus Adolphus College,88,1000 Free,4,10:26.05,Theodore Solensky,,GUSTIE CHALLENGE
Gustavus Adolphus College,88,1000 Free,5,10:30.34,Logan Cyr,,Gustavus Adolphus vs. Luther
Gustavus Adolphus College,88,1000 Free,6,10:39.58,Jonah Ohrtman,,GUSTIE CHALLENGE
Gustavus Adolphus College,88,1000 Free,7,11:02.08,Mason Rokala,,"GAC vs CSB, SJU"
Gustavus Adolphus College,88,1000 Free,8,11:31.73,Dawson Behm,,GUSTIE CHALLENGE
Gustavus Adolphus College,88,1000 Free,9,11:34.33,Leo Mellum,,GUSTIE CHALLENGE
Gustavus Adolphus College,88,1000 Free,10,11:59.01,AJ Hultman,,"Gustavus vs. Minnesota State, UWSP"
Gustavus Adolphus College,88,1650 Free,1,16:29.56,Mason Deitering,,MIAC Conference Championships
Gustavus Adolphus College,88,1650 Free,2,16:56.67,Britton Patee,,GUSTIE CHALLENGE
Gustavus Adolphus College,88,1650 Free,3,17:16.83,Logan Cyr,,Luther Invitational
Gustavus Adolphus College,88,1650 Free,4,17:26.09,Theodore Solensky,,GUSTIE CHALLENGE
Gustavus Adolphus College,88,1650 Free,5,17:45.60,Jonah Ohrtman,,GUSTIE CHALLENGE
Gustavus Adolphus College,88,1650 Free,6,18:21.55,Mason Rokala,,Luther Invitational
Gustavus Adolphus College,88,1650 Free,7,18:59.61,Dawson Behm,,GUSTIE CHALLENGE
Gustavus Adolphus College,88,1650 Free,8,19:13.18,Leo Mellum,,GUSTIE CHALLENGE
Gustavus Adolphus College,88,1650 Free,9,20:12.38,AJ Hultman,,Luther Invitational
Gustavus Adolphus College,88,1650 Free,10,20:22.77,Braden Ripken,,UWSP Point Invite
Gustavus Adolphus College,88,200 Back,1,1:51.51,Declan Vahey,,MIAC Conference Championships
Gustavus Adolphus College,88,200 Back,2,1:51.64,Aidynn Havermann,,MIAC Conference Championships
Gustavus Adolphus College,88,200 Back,3,1:54.45,Matthew Lillejord,,MIAC Conference Championships
Gustavus Adolphus College,88,200 Back,4,1:55.56,Will Sarkinen,,MIAC Conference Championships
Gustavus Adolphus College,88,200 Back,5,1:56.52,Charlie Newton,,MIAC Conference Championships
Gustavus Adolphus College,88,200 Back,6,1:58.09,Jack Reilly,,GUSTIE CHALLENGE
Gustavus Adolphus College,88,200 Back,7,1:59.49,Ben Kell,,Luther Invitational
Gustavus Adolphus College,88,200 Back,8,2:00.92,Josh Wallin,,Luther Invitational
Gustavus Adolphus College,88,200 Back,9,2:01.86,Parker Jeseritz,,GUSTIE CHALLENGE
Gustavus Adolphus College,88,200 Back,10,2:03.45,Logan Cyr,,St. Olaf vs. Gustavus Adolphus College
Gustavus Adolphus College,88,200 Breast,1,2:04.28,Aiden Carlson,,MIAC Conference Championships
Gustavus Adolphus College,88,200 Breast,2,2:06.19,Brandon Wilcek,,MIAC Conference Championships
Gustavus Adolphus College,88,200 Breast,3,2:07.55,Braden Ripken,,Macalester Last Chance Invite
Gustavus Adolphus College,88,200 Breast,4,2:08.86,Mason Cote,,MIAC Conference Championships
Gustavus Adolphus College,88,200 Breast,5,2:16.06,Matthew Verwest,,GUSTIE CHALLENGE
Gustavus Adolphus College,88,200 Breast,6,2:18.50,Tyler Jellum,,GUSTIE CHALLENGE
Gustavus Adolphus College,88,200 Breast,7,2:22.68,Mason Deitering,,GUSTIE CHALLENGE
Gustavus Adolphus College,88,200 Breast,8,2:23.69,Britton Patee,,"Gustavus vs. Augsburg, Hamline"
Gustavus Adolphus College,88,200 Breast,9,2:23.97,Fred Myers,,Luther Invitational
Gustavus Adolphus College,88,200 Breast,10,2:27.02,Nihal Cheema,,GUSTIE CHALLENGE
Gustavus Adolphus College,88,200 Fly,1,1:53.09,Ben Kell,,MIAC Conference Championships
Gustavus Adolphus College,88,200 Fly,2,1:55.47,Britton Patee,,MIAC Conference Championships
Gustavus Adolphus College,88,200 Fly,3,1:56.16,Jacob Robischon,,MIAC Conference Championships
Gustavus Adolphus College,88,200 Fly,4,1:56.46,Aiden Shermak,,GUSTIE CHALLENGE
Gustavus Adolphus College,88,200 Fly,5,2:04.38,Jonah Ohrtman,,GUSTIE CHALLENGE
Gustavus Adolphus College,88,200 Fly,6,2:05.47,Aidan Smith,,GUSTIE CHALLENGE
Gustavus Adolphus College,88,200 Fly,7,2:05.82,Charlie Newton,,Luther Invitational
Gustavus Adolphus College,88,200 Fly,8,2:05.83,Keegan Jones,,Luther Invitational
Gustavus Adolphus College,88,200 Fly,9,2:06.02,Michael Shannon,,GUSTIE CHALLENGE
Gustavus Adolphus College,88,200 Fly,10,2:07.85,Landon Vaupel,,"Gustavus vs. Augsburg, Hamline"
Gustavus Adolphus College,88,200 Free,1,1:40.94,Logan Cyr,,MIAC Conference Championships
Gustavus Adolphus College,88,200 Free,2,1:42.77,Aiden Shermak,,MIAC Conference Championships
Gustavus Adolphus College,88,200 Free,3,1:44.34,Charlie Newton,,MIAC Conference Championships
Gustavus Adolphus College,88,200 Free,4,1:46.65,Aidynn Havermann,,"GAC vs CSB, SJU"
Gustavus Adolphus College,88,200 Free,5,1:47.25,Logan Braley,,MIAC Conference Championships
Gustavus Adolphus College,88,200 Free,6,1:47.31,Jack Reilly,,GUSTIE CHALLENGE
Gustavus Adolphus College,88,200 Free,7,1:47.65,Matthew Lillejord,,Luther Invitational
Gustavus Adolphus College,88,200 Free,8,1:48.45,Ben Kell,,Luther Invitational
Gustavus Adolphus College,88,200 Free,9,1:50.87,Theodore Solensky,,Luther Invitational
Gustavus Adolphus College,88,200 Free,10,1:51.66,Jack Christoferson,,GUSTIE CHALLENGE
Gustavus Adolphus College,88,200 Im,1,1:52.80,Aidynn Havermann,,MIAC Conference Championships
Gustavus Adolphus College,88,200 Im,2,1:54.04,Declan Vahey,,MIAC Conference Championships
Gustavus Adolphus College,88,200 Im,3,1:54.88,Ben Kell,,MIAC Conference Championships
Gustavus Adolphus College,88,200 Im,4,1:55.27,Brandon Wilcek,,MIAC Conference Championships
Gustavus Adolphus College,88,200 Im,5,1:56.78,Jacob Robischon,,MIAC Conference Championships
Gustavus Adolphus College,88,200 Im,6,1:59.18,Logan Cyr,,GUSTIE CHALLENGE
Gustavus Adolphus College,88,200 Im,7,2:01.27,Aiden Carlson,,Luther Invitational
Gustavus Adolphus College,88,200 Im,8,2:02.42,Matthew Verwest,,GUSTIE CHALLENGE
Gustavus Adolphus College,88,200 Im,9,2:03.04,Michael Shannon,,GUSTIE CHALLENGE
Gustavus Adolphus College,88,200 Im,10,2:03.52,Mason Cote,,Luther Invitational
Gustavus Adolphus College,88,400 Im,1,4:04.82,Aidynn Havermann,,MIAC Conference Championships
Gustavus Adolphus College,88,400 Im,2,4:11.93,Britton Patee,,GUSTIE CHALLENGE
Gustavus Adolphus College,88,400 Im,3,4:18.79,Mason Deitering,,MIAC Conference Championships
Gustavus Adolphus College,88,400 Im,4,4:20.52,Ben Kell,,Luther Invitational
Gustavus Adolphus College,88,400 Im,5,4:21.12,Logan Cyr,,Luther Invitational
Gustavus Adolphus College,88,400 Im,6,4:25.80,Mason Cote,,MIAC Conference Championships
Gustavus Adolphus College,88,400 Im,7,4:28.18,Aidan Smith,,GUSTIE CHALLENGE
Gustavus Adolphus College,88,400 Im,8,4:34.50,Brandon Wilcek,,Luther Invitational
Gustavus Adolphus College,88,400 Im,9,4:41.12,Finn Berry,,UWSP Point Invite
Gustavus Adolphus College,88,400 Im,10,4:41.21,Theodore Solensky,,Luther Invitational
Gustavus Adolphus College,88,50 Free,1,20.67,Braden Ripken,,MIAC Conference Championships
Gustavus Adolphus College,88,50 Free,2,20.90,Josh Wallin,,MIAC Conference Championships
Gustavus Adolphus College,88,50 Free,3,21.05,Will Sarkinen,,MIAC Conference Championships
Gustavus Adolphus College,88,50 Free,4,21.22,Keegan Jones,,MIAC Conference Championships
Gustavus Adolphus College,88,50 Free,5,21.40,Aiden Shermak,,MIAC Conference Championships
Gustavus Adolphus College,88,50 Free,6,21.48,Logan Braley,,MIAC Conference Championships
Gustavus Adolphus College,88,50 Free,7,21.67,Jack Christoferson,,GUSTIE CHALLENGE
Gustavus Adolphus College,88,50 Free,8,21.79,Declan Vahey,,Luther Invitational
Gustavus Adolphus College,88,50 Free,9,21.99,Theodore Solensky,,GUSTIE CHALLENGE
Gustavus Adolphus College,88,50 Free,10,22.14,Tyler Kauffman,,GUSTIE CHALLENGE
Gustavus Adolphus College,88,500 Free,1,4:40.76,Logan Cyr,,MIAC Conference Championships
Gustavus Adolphus College,88,500 Free,2,4:43.92,Matthew Lillejord,,MIAC Conference Championships
Gustavus Adolphus College,88,500 Free,3,4:44.46,Mason Deitering,,MIAC Conference Championships
Gustavus Adolphus College,88,500 Free,4,4:49.56,Britton Patee,,GUSTIE CHALLENGE
Gustavus Adolphus College,88,500 Free,5,4:49.64,Charlie Newton,,MIAC Conference Championships
Gustavus Adolphus College,88,500 Free,6,4:51.87,Jack Reilly,,GUSTIE CHALLENGE
Gustavus Adolphus College,88,500 Free,7,4:55.80,Theodore Solensky,,GUSTIE CHALLENGE
Gustavus Adolphus College,88,500 Free,8,4:58.42,Jonah Ohrtman,,GUSTIE CHALLENGE
Gustavus Adolphus College,88,500 Free,9,4:59.75,Ben Kell,,"GAC vs CSB, SJU"
Gustavus Adolphus College,88,500 Free,10,5:05.18,Finn Berry,,GUSTIE CHALLENGE
Hamilton College,84,100 Back,1,48.07,Matthew Chang,,NESCAC Mens Championships
Hamilton College,84,100 Back,2,51.03,Calvin Meeker,,NESCAC Mens Championships
Hamilton College,84,100 Back,3,51.13,Flynn McDonnell,,NESCAC Mens Championships
Hamilton College,84,100 Back,4,51.15,Will Roth,,NESCAC Mens Championships
Hamilton College,84,100 Back,5,51.90,Josh Smith,,NESCAC Mens Championships
Hamilton College,84,100 Back,6,53.17,Loui Chambon,,Ithaca vs. Hamilton
Hamilton College,84,100 Back,7,53.22,Max Hamann,,Williams v Middlebury v Hamilton
Hamilton College,84,100 Back,8,54.77,Jaiden Xu,,MIT Winter Invite
Hamilton College,84,100 Back,9,1:00.63,Patrick Burdzicki,,Trinity VS Colby VS Hamilton
Hamilton College,84,100 Breast,1,55.90,Matt Hake,,NESCAC Mens Championships
Hamilton College,84,100 Breast,2,56.27,Sebastian van Wanroy,,NESCAC Mens Championships
Hamilton College,84,100 Breast,3,56.30,Ben Chidley,,NESCAC Mens Championships
Hamilton College,84,100 Breast,4,58.15,Sam Button,,NESCAC Mens Championships
Hamilton College,84,100 Breast,5,58.18,Tom Rolefson,,MIT Winter Invite
Hamilton College,84,100 Breast,6,1:01.51,Chris Bannigan,,MIT Winter Invite
Hamilton College,84,100 Breast,7,1:02.29,Jaiden Xu,,Trinity VS Colby VS Hamilton
Hamilton College,84,100 Breast,8,1:02.58,Cam Groves,,Hamilton vs. Colgate
Hamilton College,84,100 Fly,1,49.59,Matthew Chang,,NESCAC Mens Championships
Hamilton College,84,100 Fly,2,49.89,Josh Smith,,NESCAC Mens Championships
Hamilton College,84,100 Fly,3,50.78,Alex Vasquez,,NESCAC Mens Championships
Hamilton College,84,100 Fly,4,51.56,Calvin Meeker,,NESCAC Mens Championships
Hamilton College,84,100 Fly,5,52.55,Will Siudzinski,,NESCAC Mens Championships
Hamilton College,84,100 Fly,6,52.95,Brayden Malionek,,NESCAC Mens Championships
Hamilton College,84,100 Fly,7,53.05,Jake Cannistra,,NESCAC Mens Championships
Hamilton College,84,100 Fly,8,53.90,Zachary Yasinov,,MIT Winter Invite
Hamilton College,84,100 Fly,9,54.79,Chris Bannigan,,Williams v Middlebury v Hamilton
Hamilton College,84,100 Fly,10,55.03,Steven Roche,,Ithaca vs. Hamilton
Hamilton College,84,100 Free,1,43.86,Nathaniel Taft,,NESCAC Mens Championships
Hamilton College,84,100 Free,2,46.04,Alex Vasquez,,NESCAC Mens Championships
Hamilton College,84,100 Free,3,46.29,Steven Roche,,NESCAC Mens Championships
Hamilton College,84,100 Free,4,46.32,Josh Smith,,NESCAC Mens Championships
Hamilton College,84,100 Free,5,46.53,Ethan Olivo,,NESCAC Mens Championships
Hamilton College,84,100 Free,6,46.55,Henry Wiemeyer,,NESCAC Mens Championships
Hamilton College,84,100 Free,7,46.65,Matthew Chang,,MIT Winter Invite
Hamilton College,84,100 Free,8,47.78,Loui Chambon,,Ithaca vs. Hamilton
Hamilton College,84,100 Free,9,47.85,Flynn McDonnell,,MIT Winter Invite
Hamilton College,84,100 Free,10,47.93,Tom Rolefson,,NESCAC Mens Championships
Hamilton College,84,1000 Free,1,9:41.51,Loui Chambon,,MIT Winter Invite
Hamilton College,84,1000 Free,2,9:52.17,Jaiden Xu,,NESCAC Mens Championships
Hamilton College,84,1000 Free,3,10:05.82,Matthew Chang,,Rensselaer Polytechnic Institute vs Hamilton
Hamilton College,84,1000 Free,4,10:22.53,Nicolas Wyndham,,NESCAC Mens Championships
Hamilton College,84,1000 Free,5,10:34.81,Cam Groves,,Ithaca vs. Hamilton
Hamilton College,84,1000 Free,6,10:46.00,William Campbell,,MIT Winter Invite
Hamilton College,84,1000 Free,7,11:02.18,Jake Cannistra,,Ithaca vs. Hamilton
Hamilton College,84,1650 Free,1,16:13.83,Jaiden Xu,,NESCAC Mens Championships
Hamilton College,84,1650 Free,2,16:37.74,Loui Chambon,,MIT Winter Invite
Hamilton College,84,1650 Free,3,17:10.24,Nicolas Wyndham,,NESCAC Mens Championships
Hamilton College,84,1650 Free,4,17:56.62,William Campbell,,Williams v Middlebury v Hamilton
Hamilton College,84,200 Back,1,1:48.94,Calvin Meeker,,NESCAC Mens Championships
Hamilton College,84,200 Back,2,1:49.26,Loui Chambon,,NESCAC Mens Championships
Hamilton College,84,200 Back,3,1:51.31,Matthew Chang,,MIT Winter Invite
Hamilton College,84,200 Back,4,1:51.91,Will Roth,,NESCAC Mens Championships
Hamilton College,84,200 Back,5,1:56.88,Flynn McDonnell,,NESCAC Mens Championships
Hamilton College,84,200 Back,6,1:57.67,Oliver Jackson,,Williams v Middlebury v Hamilton
Hamilton College,84,200 Back,7,1:58.50,Max Hamann,,MIT Winter Invite
Hamilton College,84,200 Back,8,1:59.85,Jaiden Xu,,Ithaca vs. Hamilton
Hamilton College,84,200 Back,9,2:06.56,Patrick Burdzicki,,Williams v Middlebury v Hamilton
Hamilton College,84,200 Breast,1,2:04.99,Ben Chidley,,NESCAC Mens Championships
Hamilton College,84,200 Breast,2,2:05.59,Sebastian van Wanroy,,NESCAC Mens Championships
Hamilton College,84,200 Breast,3,2:09.04,Sam Button,,NESCAC Mens Championships
Hamilton College,84,200 Breast,4,2:09.52,Matt Hake,,NESCAC Mens Championships
Hamilton College,84,200 Breast,5,2:14.42,Cam Groves,,MIT Winter Invite
Hamilton College,84,200 Breast,6,2:15.25,Jaiden Xu,,RIT v Hamilton
Hamilton College,84,200 Fly,1,1:50.74,Matthew Chang,,NESCAC Mens Championships
Hamilton College,84,200 Fly,2,1:58.95,Jake Cannistra,,NESCAC Mens Championships
Hamilton College,84,200 Fly,3,1:59.05,Brayden Malionek,,NESCAC Mens Championships
Hamilton College,84,200 Fly,4,2:01.75,Cam Groves,,NESCAC Mens Championships
Hamilton College,84,200 Fly,5,2:02.11,Sebastian van Wanroy,,Rensselaer Polytechnic Institute vs Hamilton
Hamilton College,84,200 Fly,6,2:03.69,Steven Roche,,Ithaca vs. Hamilton
Hamilton College,84,200 Fly,7,2:10.47,Tom Rolefson,,Williams v Middlebury v Hamilton
Hamilton College,84,200 Free,1,1:39.41,Loui Chambon,,NESCAC Mens Championships
Hamilton College,84,200 Free,2,1:40.12,Nathaniel Taft,,NESCAC Mens Championships
Hamilton College,84,200 Free,3,1:41.10,Steven Roche,,NESCAC Mens Championships
Hamilton College,84,200 Free,4,1:41.22,Henry Wiemeyer,,NESCAC Mens Championships
Hamilton College,84,200 Free,5,1:42.35,Nicolas Wyndham,,MIT Winter Invite
Hamilton College,84,200 Free,6,1:42.58,Jaiden Xu,,NESCAC Mens Championships
Hamilton College,84,200 Free,7,1:43.34,Aidan Olson,,NESCAC Mens Championships
Hamilton College,84,200 Free,8,1:43.88,Matthew Chang,,MIT Winter Invite
Hamilton College,84,200 Free,9,1:43.89,Ethan Olivo,,NESCAC Mens Championships
Hamilton College,84,200 Free,10,1:44.63,Calvin Meeker,,MIT Winter Invite
Hamilton College,84,200 Im,1,1:50.70,Matthew Chang,,NESCAC Mens Championships
Hamilton College,84,200 Im,2,1:51.27,Steven Roche,,NESCAC Mens Championships
Hamilton College,84,200 Im,3,1:54.19,Sebastian van Wanroy,,NESCAC Mens Championships
Hamilton College,84,200 Im,4,1:56.50,Jaiden Xu,,MIT Winter Invite
Hamilton College,84,200 Im,5,1:56.55,Sam Button,,NESCAC Mens Championships
Hamilton College,84,200 Im,6,1:57.89,Cam Groves,,NESCAC Mens Championships
Hamilton College,84,200 Im,7,2:02.50,Will Roth,,Trinity VS Colby VS Hamilton
Hamilton College,84,400 Im,1,4:05.25,Jaiden Xu,,NESCAC Mens Championships
Hamilton College,84,400 Im,2,4:11.18,Cam Groves,,MIT Winter Invite
Hamilton College,84,400 Im,3,4:14.40,Sebastian van Wanroy,,MIT Winter Invite
Hamilton College,84,400 Im,4,4:20.66,Sam Button,,MIT Winter Invite
Hamilton College,84,400 Im,5,4:50.82,William Campbell,,MIT Winter Invite
Hamilton College,84,50 Free,1,19.86,Nathaniel Taft,,NESCAC Mens Championships
Hamilton College,84,50 Free,2,20.86,Alex Vasquez,,NESCAC Mens Championships
Hamilton College,84,50 Free,3,21.10,Ethan Olivo,,NESCAC Mens Championships
Hamilton College,84,50 Free,4,21.30,Henry Wiemeyer,,NESCAC Mens Championships
Hamilton College,84,50 Free,5,21.34,Matthew Chang,,MIT Winter Invite
Hamilton College,84,50 Free,6,21.35,Josh Smith,,NESCAC Mens Championships
Hamilton College,84,50 Free,7,21.54,Tom Rolefson,,NESCAC Mens Championships
Hamilton College,84,50 Free,8,21.62,Matt Hake,,NESCAC Mens Championships
Hamilton College,84,50 Free,9,21.84,Flynn McDonnell,,NESCAC Mens Championships
Hamilton College,84,50 Free,10,21.94,Zachary Yasinov,,MIT Winter Invite
Hamilton College,84,500 Free,1,4:32.12,Loui Chambon,,NESCAC Mens Championships
Hamilton College,84,500 Free,2,4:36.92,Jaiden Xu,,NESCAC Mens Championships
Hamilton College,84,500 Free,3,4:43.30,Aidan Olson,,NESCAC Mens Championships
Hamilton College,84,500 Free,4,4:43.78,Nicolas Wyndham,,NESCAC Mens Championships
Hamilton College,84,500 Free,5,4:51.94,Brayden Malionek,,NESCAC Mens Championships
Hamilton College,84,500 Free,6,4:56.73,Henry Wiemeyer,,Rensselaer Polytechnic Institute vs Hamilton
Hamilton College,84,500 Free,7,5:04.23,Cam Groves,,Ithaca vs. Hamilton
Hamilton College,84,500 Free,8,5:14.92,William Campbell,,MIT Winter Invite
Hope College,99,100 Back,1,50.80,Jack Szuba,,MIAA Championships
Hope College,99,100 Back,2,50.90,Josh Bordovsky,,Total Performance Invitational
Hope College,99,100 Back,3,51.34,Ethan Esparza,,MIAA Championships
Hope College,99,100 Back,4,52.20,John McHugh,,MIAA Championships
Hope College,99,100 Back,5,52.75,Samuel Albrecht,,MIAA Championships
Hope College,99,100 Back,6,53.16,Christian Hoeksema,,GVSU Invite
Hope College,99,100 Back,7,53.49,Erik Keisling,,Hope vs. Chicago
Hope College,99,100 Back,8,53.84,Blake Hetherington,,D3 Shootout
Hope College,99,100 Back,9,54.03,Nick Suranyi,,Calvin vs. Hope
Hope College,99,100 Back,10,54.11,Luke Wyrick,,D3 Shootout
Hope College,99,100 Breast,1,54.62,Luke Newcomb,,MIAA Championships
Hope College,99,100 Breast,2,55.50,Christian Hoeksema,,MIAA Championships
Hope College,99,100 Breast,3,56.51,Josh Bordovsky,,MIAA Championships
Hope College,99,100 Breast,4,57.85,Graham Eisenmann,,Calvin vs. Hope
Hope College,99,100 Breast,5,59.16,Henry Booker,,Total Performance Invitational
Hope College,99,100 Breast,6,1:00.01,Jacob Mowers,,MIAA Championships
Hope College,99,100 Breast,7,1:00.01,Noah Fletcher,,Total Performance Invitational
Hope College,99,100 Breast,8,1:01.14,Kellen Townsend,,MIAA Championships
Hope College,99,100 Breast,9,1:01.95,Luke Wyrick,,MIAA Invite
Hope College,99,100 Breast,10,1:03.03,George Marsh,,Total Performance Invitational
Hope College,99,100 Fly,1,48.07,Graham Eisenmann,,MIAA Championships
Hope College,99,100 Fly,2,49.76,Basilio Ledesma,,MIAA Championships
Hope College,99,100 Fly,3,50.18,Nick Suranyi,,MIAA Championships
Hope College,99,100 Fly,4,50.80,Everett Cox,,Total Performance Invitational
Hope College,99,100 Fly,5,51.05,Jack Szuba,,MIAA Championships
Hope College,99,100 Fly,6,52.11,Tyler Houpt,,Total Performance Invitational
Hope College,99,100 Fly,7,52.24,Nolan Smith,,Total Performance Invitational
Hope College,99,100 Fly,8,52.38,Samuel Albrecht,,MIAA Championships
Hope College,99,100 Fly,9,52.63,Christian Hoeksema,,D3 Shootout
Hope College,99,100 Fly,10,53.28,Evan Harris,,Be Better Invitational
Hope College,99,100 Free,1,44.16,Graham Eisenmann,,MIAA Championships
Hope College,99,100 Free,2,45.30,Blake Hetherington,,MIAA Championships
Hope College,99,100 Free,3,45.42,Nolan Smith,,MIAA Championships
Hope College,99,100 Free,4,45.49,Everett Cox,,Total Performance Invitational
Hope College,99,100 Free,5,45.68,Hunter Latham,,MIAA Championships
Hope College,99,100 Free,6,45.69,George Marsh,,MIAA Championships
Hope College,99,100 Free,7,45.73,Basilio Ledesma,,MIAA Championships
Hope College,99,100 Free,8,45.73,Henry Booker,,MIAA Championships
Hope College,99,100 Free,9,45.78,Josh Bordovsky,,Total Performance Invitational
Hope College,99,100 Free,10,45.85,Christian Hoeksema,,Total Performance Invitational
Hope College,99,1000 Free,1,9:46.37,Joseph Engle,,MIAA Championships
Hope College,99,1000 Free,2,9:52.77,Tyler Houpt,,MIAA Championships
Hope College,99,1000 Free,3,9:56.24,Hunter Latham,,MIAA Championships
Hope College,99,1000 Free,4,10:16.20,Erik Keisling,,MIAA Championships
Hope College,99,1000 Free,5,10:16.39,Alex Pierce,,MIAA Winter Invite
Hope College,99,1000 Free,6,10:24.74,Lee Assink,,MIAA Championships
Hope College,99,1000 Free,7,10:31.33,Nick Suranyi,,MIAA Invite
Hope College,99,1000 Free,8,11:03.06,Kenny Pontius,,MIAA Winter Invite
Hope College,99,1650 Free,1,16:03.67,Joseph Engle,,MIAA Championships
Hope College,99,1650 Free,2,16:17.34,Tyler Houpt,,MIAA Championships
Hope College,99,1650 Free,3,16:28.62,Hunter Latham,,MIAA Championships
Hope College,99,1650 Free,4,16:58.79,Erik Keisling,,MIAA Championships
Hope College,99,1650 Free,5,17:03.89,Alex Pierce,,MIAA Winter Invite
Hope College,99,1650 Free,6,17:09.20,Lee Assink,,MIAA Championships
Hope College,99,1650 Free,7,18:32.78,Kenny Pontius,,MIAA Winter Invite
Hope College,99,200 Back,1,1:49.83,Josh Bordovsky,,Total Performance Invitational
Hope College,99,200 Back,2,1:51.87,Ethan Esparza,,MIAA Championships
Hope College,99,200 Back,3,1:54.28,Erik Keisling,,MIAA Championships
Hope College,99,200 Back,4,1:54.29,Luke Wyrick,,Total Performance Invitational
Hope College,99,200 Back,5,1:54.79,Alex Pierce,,Total Performance Invitational
Hope College,99,200 Back,6,1:55.17,Jack Szuba,,MIAA Championships
Hope College,99,200 Back,7,1:55.56,John McHugh,,MIAA Championships
Hope College,99,200 Back,8,1:55.86,Joseph Engle,,Total Performance Invitational
Hope College,99,200 Back,9,1:55.90,Samuel Albrecht,,MIAA Championships
Hope College,99,200 Back,10,1:56.38,Nick Suranyi,,Total Performance Invitational
Hope College,99,200 Breast,1,2:00.16,Josh Bordovsky,,MIAA Championships
Hope College,99,200 Breast,2,2:03.21,Christian Hoeksema,,MIAA Championships
Hope College,99,200 Breast,3,2:03.60,Luke Newcomb,,MIAA Championships
Hope College,99,200 Breast,4,2:04.20,Luke Wyrick,,MIAA Championships
Hope College,99,200 Breast,5,2:13.60,Henry Booker,,Total Performance Invitational
Hope College,99,200 Breast,6,2:15.11,Jacob Mowers,,MIAA Championships
Hope College,99,200 Breast,7,2:15.39,John McHugh,,Total Performance Invitational
Hope College,99,200 Breast,8,2:17.35,Nick Suranyi,,Calvin vs. Hope
Hope College,99,200 Breast,9,2:18.19,Joseph Engle,,Calvin vs. Hope
Hope College,99,200 Breast,10,2:18.90,Alex Pierce,,Michigan Illinois Quad
Hope College,99,200 Fly,1,1:51.53,Nick Suranyi,,MIAA Championships
Hope College,99,200 Fly,2,1:51.81,Everett Cox,,MIAA Championships
Hope College,99,200 Fly,3,1:54.09,Alex Pierce,,MIAA Championships
Hope College,99,200 Fly,4,1:54.50,Tyler Houpt,,Total Performance Invitational
Hope College,99,200 Fly,5,1:56.13,Ethan Esparza,,MIAA Championships
Hope College,99,200 Fly,6,1:56.95,Luke Wyrick,,Michigan Illinois Quad
Hope College,99,200 Fly,7,1:59.78,Kenny Pontius,,MIAA Championships
Hope College,99,200 Fly,8,2:00.50,Hunter Latham,,Calvin vs. Hope
Hope College,99,200 Fly,9,2:04.90,Basilio Ledesma,,Michigan Illinois Quad
Hope College,99,200 Fly,10,2:05.38,Samuel Albrecht,,MIAA Winter Invite
Hope College,99,200 Free,1,1:37.79,Graham Eisenmann,,MIAA Championships
Hope College,99,200 Free,2,1:38.26,Everett Cox,,MIAA Championships
Hope College,99,200 Free,3,1:39.71,Hunter Latham,,MIAA Championships
Hope College,99,200 Free,4,1:40.87,Christian Hoeksema,,MIAA Championships
Hope College,99,200 Free,5,1:41.19,Nolan Smith,,MIAA Championships
Hope College,99,200 Free,6,1:41.93,Henry Booker,,Total Performance Invitational
Hope College,99,200 Free,7,1:42.09,Blake Hetherington,,Total Performance Invitational
Hope College,99,200 Free,8,1:42.35,Evan Harris,,GVSU Invite
Hope College,99,200 Free,9,1:43.26,Tyler Houpt,,Total Performance Invitational
Hope College,99,200 Free,10,1:43.70,Josh Bordovsky,,D3 Shootout
Hope College,99,200 Im,1,1:48.85,Josh Bordovsky,,MIAA Championships
Hope College,99,200 Im,2,1:50.27,Christian Hoeksema,,MIAA Championships
Hope College,99,200 Im,3,1:52.06,Luke Wyrick,,MIAA Championships
Hope College,99,200 Im,4,1:54.32,Nick Suranyi,,MIAA Championships
Hope College,99,200 Im,5,1:54.46,Luke Newcomb,,Total Performance Invitational
Hope College,99,200 Im,6,1:56.83,John McHugh,,MIAA Championships
Hope College,99,200 Im,7,1:59.04,Jacob Mowers,,MIAA Championships
Hope College,99,200 Im,8,1:59.16,Evan Harris,,D3 Shootout
Hope College,99,200 Im,9,1:59.60,Ethan Esparza,,Total Performance Invitational
Hope College,99,200 Im,10,2:00.50,Alex Pierce,,Michigan Illinois Quad
Hope College,99,400 Im,1,4:00.22,Luke Wyrick,,MIAA Championships
Hope College,99,400 Im,2,4:01.85,Alex Pierce,,MIAA Championships
Hope College,99,400 Im,3,4:05.32,Tyler Houpt,,MIAA Championships
Hope College,99,400 Im,4,4:06.92,Joseph Engle,,MIAA Championships
Hope College,99,400 Im,5,4:14.43,Nick Suranyi,,D3 Shootout
Hope College,99,400 Im,6,4:16.50,Josh Bordovsky,,Kalamazoo Quad
Hope College,99,400 Im,7,4:26.70,Christian Hoeksema,,MIAA Winter Invite
Hope College,99,400 Im,8,4:31.62,Aaron Thomas,,MIAA Championships
Hope College,99,400 Im,9,4:35.32,Jacob Mowers,,MIAA Winter Invite
Hope College,99,50 Free,1,20.35,George Marsh,,MIAA Championships
Hope College,99,50 Free,2,20.39,Graham Eisenmann,,Total Performance Invitational
Hope College,99,50 Free,3,20.45,Ethan Esparza,,Be Better Invitational
Hope College,99,50 Free,4,20.60,Jacob Mowers,,Be Better Invitational
Hope College,99,50 Free,5,20.61,Blake Hetherington,,MIAA Championships
Hope College,99,50 Free,6,20.71,Nolan Smith,,Total Performance Invitational
Hope College,99,50 Free,7,20.76,Nick Suranyi,,Be Better Invitational
Hope College,99,50 Free,8,20.81,Josh Bordovsky,,MIAA Championships
Hope College,99,50 Free,9,20.93,Henry Booker,,Total Performance Invitational
Hope College,99,50 Free,10,20.94,Christian Hoeksema,,Total Performance Invitational
Hope College,99,500 Free,1,4:31.75,Joseph Engle,,MIAA Championships
Hope College,99,500 Free,2,4:32.43,Everett Cox,,MIAA Championships
Hope College,99,500 Free,3,4:33.60,Hunter Latham,,MIAA Championships
Hope College,99,500 Free,4,4:39.53,Tyler Houpt,,Total Performance Invitational
Hope College,99,500 Free,5,4:41.43,Evan Harris,,GVSU Invite
Hope College,99,500 Free,6,4:43.98,Alex Pierce,,MIAA Championships
Hope College,99,500 Free,7,4:44.65,Erik Keisling,,MIAA Championships
Hope College,99,500 Free,8,4:56.91,Lee Assink,,MIAA Championships
Hope College,99,500 Free,9,4:57.53,Nolan Smith,,Calvin vs. Hope
Hope College,99,500 Free,10,4:59.34,Graham Eisenmann,,MIAA Invite
Ithaca College,35,100 Back,1,49.69,Alec Kutsner,,RIT vs. Ithaca
Ithaca College,35,100 Back,2,50.36,Evan Wardrop,,Liberty League Championships
Ithaca College,35,100 Back,3,51.33,Ben Hurty,,14th Annual Bomber Invitational
Ithaca College,35,100 Back,4,51.71,Marshall Adams,,Liberty League Championships
Ithaca College,35,100 Back,5,52.76,Caleb Chen,,Liberty League Championships
Ithaca College,35,100 Back,6,53.01,Michael Gehley,,Liberty League Championships
Ithaca College,35,100 Back,7,53.24,Connor Lajza,,Liberty League Championships
Ithaca College,35,100 Back,8,53.35,Maxwell Matthews,,Liberty League Championships
Ithaca College,35,100 Back,9,53.95,Ray Mukoyama,,Liberty League Championships
Ithaca College,35,100 Back,10,56.77,James Moore,,Ithaca College at SUNY Cortland
Ithaca College,35,100 Breast,1,56.72,Mateo Graff,,Liberty League Championships
Ithaca College,35,100 Breast,2,56.93,Will Stanczewski,,Liberty League Championships
Ithaca College,35,100 Breast,3,57.09,Nicholas Sosa,,Liberty League Championships
Ithaca College,35,100 Breast,4,59.25,Bryce Martin,,14th Annual Bomber Invitational
Ithaca College,35,100 Breast,5,1:01.08,Matthew Janssen,,RIT vs. Ithaca
Ithaca College,35,100 Breast,6,1:01.95,Brandon Block,,14th Annual Bomber Invitational
Ithaca College,35,100 Breast,7,1:03.71,Ryan Cooke,,Ithaca College at SUNY Cortland
Ithaca College,35,100 Breast,8,1:04.11,Elijah Gehman,,"Ithaca vs. HWS, WPI"
Ithaca College,35,100 Fly,1,48.38,Matt Mitros,,Liberty League Championships
Ithaca College,35,100 Fly,2,50.22,James Moore,,Liberty League Championships
Ithaca College,35,100 Fly,3,50.59,Connor Lajza,,Liberty League Championships
Ithaca College,35,100 Fly,4,50.91,Mike Ekert,,Liberty League Championships
Ithaca College,35,100 Fly,5,52.19,Ray Mukoyama,,Liberty League Championships
Ithaca College,35,100 Fly,6,52.31,Caleb Chen,,Liberty League Championships
Ithaca College,35,100 Fly,7,52.95,Maxwell Matthews,,Liberty League Championships
Ithaca College,35,100 Fly,8,53.20,Ethan Schmitt,,14th Annual Bomber Invitational
Ithaca College,35,100 Fly,9,53.98,Kieran Brown,,Liberty League Championships
Ithaca College,35,100 Fly,10,54.99,Ben Lajoie,,Ithaca vs. Scranton vs. Hartwick
Ithaca College,35,100 Free,1,45.43,Matt Mitros,,Liberty League Championships
Ithaca College,35,100 Free,2,45.68,Bennett Molitor-Kirsch,,Liberty League Championships
Ithaca College,35,100 Free,3,46.25,Ryan Cooke,,Liberty League Championships
Ithaca College,35,100 Free,4,46.48,Spencer Alderson,,Ithaca vs. SUNY-Geneseo
Ithaca College,35,100 Free,5,46.65,Kyle Kruppa,,Liberty League Championships
Ithaca College,35,100 Free,6,46.93,Mike Ekert,,Liberty League Championships
Ithaca College,35,100 Free,7,47.06,Will Stanczewski,,14th Annual Bomber Invitational
Ithaca College,35,100 Free,8,47.20,Max Mignogna,,Liberty League Championships
Ithaca College,35,100 Free,9,47.58,Ray Mukoyama,,Ithaca vs. SUNY-Geneseo
Ithaca College,35,100 Free,10,47.61,Ethan Schmitt,,Liberty League Championships
Ithaca College,35,1000 Free,1,9:40.25,Bennett Molitor-Kirsch,,Liberty League Championships
Ithaca College,35,1000 Free,2,9:46.90,Jack True,,Liberty League Championships
Ithaca College,35,1000 Free,3,9:52.04,James Kissel,,Liberty League Championships
Ithaca College,35,1000 Free,4,9:54.67,Harper Freeman,,Ithaca vs. SUNY-Geneseo
Ithaca College,35,1000 Free,5,10:21.84,Jack Reppert,,Liberty League Championships
Ithaca College,35,1000 Free,6,10:23.55,Boden Pearson,,Liberty League Championships
Ithaca College,35,1000 Free,7,10:40.00,Mateo Graff,,URochester vs Ithaca
Ithaca College,35,1650 Free,1,16:10.45,Bennett Molitor-Kirsch,,Liberty League Championships
Ithaca College,35,1650 Free,2,16:12.47,Jack True,,Liberty League Championships
Ithaca College,35,1650 Free,3,16:24.78,James Kissel,,14th Annual Bomber Invitational
Ithaca College,35,1650 Free,4,16:31.80,Harper Freeman,,Liberty League Championships
Ithaca College,35,1650 Free,5,17:05.73,Jack Reppert,,Liberty League Championships
Ithaca College,35,1650 Free,6,17:07.40,Boden Pearson,,Liberty League Championships
Ithaca College,35,1650 Free,7,17:53.04,Mateo Graff,,Liberty League Championships
Ithaca College,35,200 Back,1,1:50.54,Evan Wardrop,,Liberty League Championships
Ithaca College,35,200 Back,2,1:52.60,Ben Hurty,,Liberty League Championships
Ithaca College,35,200 Back,3,1:52.70,Marshall Adams,,Liberty League Championships
Ithaca College,35,200 Back,4,1:53.69,Alec Kutsner,,14th Annual Bomber Invitational
Ithaca College,35,200 Back,5,1:54.43,Michael Gehley,,Liberty League Championships
Ithaca College,35,200 Back,6,1:56.19,James Moore,,14th Annual Bomber Invitational
Ithaca College,35,200 Back,7,1:59.63,Kieran Brown,,14th Annual Bomber Invitational
Ithaca College,35,200 Back,8,2:07.06,Matthew Janssen,,Ithaca College at SUNY Cortland
Ithaca College,35,200 Breast,1,2:07.11,Mateo Graff,,Liberty League Championships
Ithaca College,35,200 Breast,2,2:07.12,Elijah Gehman,,Liberty League Championships
Ithaca College,35,200 Breast,3,2:07.50,Matthew Janssen,,Liberty League Championships
Ithaca College,35,200 Breast,4,2:08.82,Will Stanczewski,,Liberty League Championships
Ithaca College,35,200 Breast,5,2:10.49,Bryce Martin,,14th Annual Bomber Invitational
Ithaca College,35,200 Breast,6,2:16.72,Nicholas Sosa,,Ithaca vs. Hamilton
Ithaca College,35,200 Breast,7,2:23.49,Marshall Adams,,Ithaca College at SUNY Cortland
Ithaca College,35,200 Breast,8,2:25.47,James Kissel,,Ithaca College at SUNY Cortland
Ithaca College,35,200 Breast,9,2:31.09,Brandon Block,,Ithaca vs. Scranton vs. Hartwick
Ithaca College,35,200 Fly,1,1:49.89,James Moore,,Liberty League Championships
Ithaca College,35,200 Fly,2,1:53.72,James Kissel,,Liberty League Championships
Ithaca College,35,200 Fly,3,1:54.10,Mike Ekert,,Liberty League Championships
Ithaca College,35,200 Fly,4,1:54.50,Ben Lajoie,,Liberty League Championships
Ithaca College,35,200 Fly,5,1:57.27,Caleb Chen,,Liberty League Championships
Ithaca College,35,200 Fly,6,2:01.68,Jack Reppert,,Liberty League Championships
Ithaca College,35,200 Free,1,1:39.83,Bennett Molitor-Kirsch,,Liberty League Championships
Ithaca College,35,200 Free,2,1:39.97,Ryan Cooke,,Liberty League Championships
Ithaca College,35,200 Free,3,1:40.78,Kyle Kruppa,,Liberty League Championships
Ithaca College,35,200 Free,4,1:43.24,Spencer Alderson,,Liberty League Championships
Ithaca College,35,200 Free,5,1:43.56,Max Mignogna,,Liberty League Championships
Ithaca College,35,200 Free,6,1:44.15,Harper Freeman,,Liberty League Championships
Ithaca College,35,200 Free,7,1:44.86,Jack True,,Liberty League Championships
Ithaca College,35,200 Free,8,1:45.43,Ethan Schmitt,,Liberty League Championships
Ithaca College,35,200 Free,9,1:45.53,James Kissel,,14th Annual Bomber Invitational
Ithaca College,35,200 Free,10,1:46.04,Ray Mukoyama,,Liberty League Championships
Ithaca College,35,200 Im,1,1:54.07,Ben Lajoie,,Liberty League Championships
Ithaca College,35,200 Im,2,1:54.99,Ben Hurty,,14th Annual Bomber Invitational
Ithaca College,35,200 Im,3,1:55.03,Nicholas Sosa,,14th Annual Bomber Invitational
Ithaca College,35,200 Im,4,1:55.97,Matthew Janssen,,Liberty League Championships
Ithaca College,35,200 Im,5,1:56.23,Elijah Gehman,,Liberty League Championships
Ithaca College,35,200 Im,6,1:56.66,Bryce Martin,,14th Annual Bomber Invitational
Ithaca College,35,200 Im,7,1:58.06,Boden Pearson,,Liberty League Championships
Ithaca College,35,200 Im,8,1:59.38,Maxwell Matthews,,Liberty League Championships
Ithaca College,35,200 Im,9,1:59.57,Caleb Chen,,Liberty League Championships
Ithaca College,35,200 Im,10,2:01.35,Kieran Brown,,Liberty League Championships
Ithaca College,35,400 Im,1,4:05.21,Ben Lajoie,,Liberty League Championships
Ithaca College,35,400 Im,2,4:08.09,Marshall Adams,,Liberty League Championships
Ithaca College,35,400 Im,3,4:08.60,James Kissel,,14th Annual Bomber Invitational
Ithaca College,35,400 Im,4,4:08.70,Elijah Gehman,,Liberty League Championships
Ithaca College,35,400 Im,5,4:10.16,Matthew Janssen,,Liberty League Championships
Ithaca College,35,400 Im,6,4:11.49,Nicholas Sosa,,Liberty League Championships
Ithaca College,35,400 Im,7,4:12.54,Boden Pearson,,Liberty League Championships
Ithaca College,35,50 Free,1,19.92,Matt Mitros,,Liberty League Championships
Ithaca College,35,50 Free,2,20.90,Alec Kutsner,,Liberty League Championships
Ithaca College,35,50 Free,3,21.09,Spencer Alderson,,Liberty League Championships
Ithaca College,35,50 Free,4,21.33,Max Mignogna,,Liberty League Championships
Ithaca College,35,50 Free,5,21.50,Brandon Block,,Liberty League Championships
Ithaca College,35,50 Free,6,21.51,Will Stanczewski,,14th Annual Bomber Invitational
Ithaca College,35,50 Free,7,21.67,Ray Mukoyama,,Liberty League Championships
Ithaca College,35,50 Free,8,21.80,Connor Lajza,,Liberty League Championships
Ithaca College,35,50 Free,9,21.83,Ethan Schmitt,,Liberty League Championships
Ithaca College,35,50 Free,10,21.92,Kyle Kruppa,,14th Annual Bomber Invitational
Ithaca College,35,500 Free,1,4:31.98,Ryan Cooke,,Liberty League Championships
Ithaca College,35,500 Free,2,4:33.99,Bennett Molitor-Kirsch,,Liberty League Championships
Ithaca College,35,500 Free,3,4:35.40,James Kissel,,Liberty League Championships
Ithaca College,35,500 Free,4,4:38.84,Kyle Kruppa,,Liberty League Championships
Ithaca College,35,500 Free,5,4:40.35,Evan Wardrop,,Liberty League Championships
Ithaca College,35,500 Free,6,4:41.51,Jack True,,Liberty League Championships
Ithaca College,35,500 Free,7,4:42.31,Harper Freeman,,14th Annual Bomber Invitational
Ithaca College,35,500 Free,8,4:49.40,Michael Gehley,,Liberty League Championships
Ithaca College,35,500 Free,9,4:53.19,Jack Reppert,,Liberty League Championships
Ithaca College,35,500 Free,10,5:03.97,Ben Hurty,,Ithaca College at SUNY Cortland
John Carroll University,150,100 Back,1,49.02,Jacob Florio,,CWRU Spartan Invitational
John Carroll University,150,100 Back,2,50.19,David Miller,,North Coast Athletic Conference Championships
John Carroll University,150,100 Back,3,50.66,Michael Vertikoff,,North Coast Athletic Conference Championships
John Carroll University,150,100 Back,4,51.81,Logan Snively,,North Coast Athletic Conference Championships
John Carroll University,150,100 Back,5,54.28,Cameron Cook,,Cleveland City Classic
John Carroll University,150,100 Back,6,59.32,Kaden Abke,,Kalamazoo Quad
John Carroll University,150,100 Breast,1,55.15,Bart Kubis,,North Coast Athletic Conference Championships
John Carroll University,150,100 Breast,2,55.32,Alex Gallagher,,Magnus Cup Invitational
John Carroll University,150,100 Breast,3,56.01,Patrick Branch,,North Coast Athletic Conference Championships
John Carroll University,150,100 Breast,4,56.10,Ian Hofmann,,North Coast Athletic Conference Championships
John Carroll University,150,100 Breast,5,58.49,Joe Nadur,,JCU vs Case Western Reserve
John Carroll University,150,100 Breast,6,1:00.48,Nathan Reigle,,CWRU Spartan Invitational
John Carroll University,150,100 Breast,7,1:01.28,Dom Falcon,,CWRU Spartan Invitational
John Carroll University,150,100 Fly,1,49.74,Michael Vertikoff,,North Coast Athletic Conference Championships
John Carroll University,150,100 Fly,2,50.50,Alex Gallagher,,Magnus Cup Invitational
John Carroll University,150,100 Fly,3,50.84,Dom Falcon,,North Coast Athletic Conference Championships
John Carroll University,150,100 Fly,4,50.93,Jacob Florio,,Magnus Cup Invitational
John Carroll University,150,100 Fly,5,51.10,Kyle Priset,,North Coast Athletic Conference Championships
John Carroll University,150,100 Fly,6,51.15,Owen Holm,,North Coast Athletic Conference Championships
John Carroll University,150,100 Fly,7,51.27,Bailey Parsons,,North Coast Athletic Conference Championships
John Carroll University,150,100 Fly,8,52.30,Mario Bondy,,North Coast Athletic Conference Championships
John Carroll University,150,100 Fly,9,53.48,Kaden Abke,,North Coast Athletic Conference Championships
John Carroll University,150,100 Fly,10,54.25,Sam Kmet,,Magnus Cup Invitational
John Carroll University,150,100 Free,1,44.94,Cameron Cook,,North Coast Athletic Conference Championships
John Carroll University,150,100 Free,2,46.17,Patrick Branch,,Magnus Cup Invitational
John Carroll University,150,100 Free,3,46.94,Kyle Priset,,North Coast Athletic Conference Championships
John Carroll University,150,100 Free,4,47.04,Dom Falcon,,North Coast Athletic Conference Championships
John Carroll University,150,100 Free,5,47.07,Nathan Reigle,,North Coast Athletic Conference Championships
John Carroll University,150,100 Free,6,47.17,Owen Holm,,North Coast Athletic Conference Championships
John Carroll University,150,100 Free,7,47.29,Alex Gallagher,,Magnus Cup Invitational
John Carroll University,150,100 Free,8,47.38,David Miller,,Magnus Cup Invitational
John Carroll University,150,100 Free,9,48.42,Yuriy Gorobchuk,,Kalamazoo Quad
John Carroll University,150,100 Free,10,50.05,Mario Bondy,,Kenyon vs. John Carroll
John Carroll University,150,1000 Free,1,9:41.74,Sam Kmet,,Oberlin vs. John Carroll
John Carroll University,150,1000 Free,2,10:02.71,Jacob Burton,,Magnus Cup Invitational
John Carroll University,150,1000 Free,3,10:05.13,Zach Marinis,,Magnus Cup Invitational
John Carroll University,150,1000 Free,4,10:11.16,Joe Nadur,,John Carroll v Findlay v Bowling Green
John Carroll University,150,1000 Free,5,10:39.39,Owen Holm,,John Carroll vs. Heidelberg
John Carroll University,150,1650 Free,1,16:04.16,Sam Kmet,,North Coast Athletic Conference Championships
John Carroll University,150,1650 Free,2,16:40.99,Zach Marinis,,Magnus Cup Invitational
John Carroll University,150,1650 Free,3,16:56.40,Jacob Burton,,Magnus Cup Invitational
John Carroll University,150,200 Back,1,1:46.64,Jacob Florio,,CWRU Spartan Invitational
John Carroll University,150,200 Back,2,1:50.05,David Miller,,North Coast Athletic Conference Championships
John Carroll University,150,200 Back,3,1:54.79,Logan Snively,,North Coast Athletic Conference Championships
John Carroll University,150,200 Back,4,1:57.31,Cameron Cook,,Kenyon vs. John Carroll
John Carroll University,150,200 Back,5,1:58.27,Michael Vertikoff,,JCU vs Dennison
John Carroll University,150,200 Breast,1,1:58.11,Bart Kubis,,CWRU Spartan Invitational
John Carroll University,150,200 Breast,2,2:01.17,Alex Gallagher,,CWRU Spartan Invitational
John Carroll University,150,200 Breast,3,2:03.84,Joe Nadur,,North Coast Athletic Conference Championships
John Carroll University,150,200 Breast,4,2:04.11,Patrick Branch,,North Coast Athletic Conference Championships
John Carroll University,150,200 Breast,5,2:06.56,Ian Hofmann,,North Coast Athletic Conference Championships
John Carroll University,150,200 Fly,1,1:51.59,Michael Vertikoff,,Magnus Cup Invitational
John Carroll University,150,200 Fly,2,1:56.89,Bailey Parsons,,North Coast Athletic Conference Championships
John Carroll University,150,200 Fly,3,1:57.14,Zach Marinis,,North Coast Athletic Conference Championships
John Carroll University,150,200 Fly,4,1:58.30,Mario Bondy,,Magnus Cup Invitational
John Carroll University,150,200 Fly,5,1:59.37,Sam Kmet,,JCU vs Dennison
John Carroll University,150,200 Fly,6,1:59.87,Joe Nadur,,Kenyon vs. John Carroll
John Carroll University,150,200 Fly,7,2:04.02,Kaden Abke,,North Coast Athletic Conference Championships
John Carroll University,150,200 Fly,8,2:08.23,Owen Holm,,Kalamazoo Quad
John Carroll University,150,200 Free,1,1:37.84,Cameron Cook,,North Coast Athletic Conference Championships
John Carroll University,150,200 Free,2,1:41.41,Patrick Branch,,North Coast Athletic Conference Championships
John Carroll University,150,200 Free,3,1:42.32,Nathan Reigle,,North Coast Athletic Conference Championships
John Carroll University,150,200 Free,4,1:43.96,Kyle Priset,,CWRU Spartan Invitational
John Carroll University,150,200 Free,5,1:44.12,Joe Nadur,,Oberlin vs. John Carroll
John Carroll University,150,200 Free,6,1:45.78,David Miller,,Oberlin vs. John Carroll
John Carroll University,150,200 Free,7,1:46.57,Jacob Florio,,JCU vs Case Western Reserve
John Carroll University,150,200 Free,8,1:48.28,Mario Bondy,,Kenyon vs. John Carroll
John Carroll University,150,200 Free,9,1:48.56,Owen Holm,,Kenyon vs. John Carroll
John Carroll University,150,200 Free,10,1:48.57,Yuriy Gorobchuk,,Kenyon vs. John Carroll
John Carroll University,150,200 Im,1,1:48.69,Jacob Florio,,North Coast Athletic Conference Championships
John Carroll University,150,200 Im,2,1:51.50,Joe Nadur,,North Coast Athletic Conference Championships
John Carroll University,150,200 Im,3,1:51.71,Patrick Branch,,North Coast Athletic Conference Championships
John Carroll University,150,200 Im,4,1:52.08,Alex Gallagher,,Magnus Cup Invitational
John Carroll University,150,200 Im,5,2:00.07,Ian Hofmann,,Magnus Cup Invitational
John Carroll University,150,200 Im,6,2:01.66,Zach Marinis,,JCU vs Dennison
John Carroll University,150,200 Im,7,2:03.04,Bailey Parsons,,JCU vs Dennison
John Carroll University,150,200 Im,8,2:03.36,Mario Bondy,,JCU vs Dennison
John Carroll University,150,200 Im,9,2:03.56,David Miller,,John Carroll vs. Heidelberg
John Carroll University,150,400 Im,1,4:00.13,Joe Nadur,,North Coast Athletic Conference Championships
John Carroll University,150,400 Im,2,4:11.65,Zach Marinis,,Magnus Cup Invitational
John Carroll University,150,400 Im,3,4:16.10,Alex Gallagher,,Oberlin vs. John Carroll
John Carroll University,150,400 Im,4,4:16.20,Sam Kmet,,North Coast Athletic Conference Championships
John Carroll University,150,400 Im,5,4:16.39,Jacob Burton,,North Coast Athletic Conference Championships
John Carroll University,150,400 Im,6,4:30.65,Bailey Parsons,,Kenyon vs. John Carroll
John Carroll University,150,50 Free,1,20.71,Cameron Cook,,North Coast Athletic Conference Championships
John Carroll University,150,50 Free,2,20.81,Patrick Branch,,North Coast Athletic Conference Championships
John Carroll University,150,50 Free,3,21.29,Dom Falcon,,North Coast Athletic Conference Championships
John Carroll University,150,50 Free,4,21.47,Owen Holm,,North Coast Athletic Conference Championships
John Carroll University,150,50 Free,5,21.49,Nathan Reigle,,North Coast Athletic Conference Championships
John Carroll University,150,50 Free,6,21.79,Kyle Priset,,CWRU Spartan Invitational
John Carroll University,150,50 Free,7,21.82,David Miller,,North Coast Athletic Conference Championships
John Carroll University,150,50 Free,8,21.85,Bart Kubis,,North Coast Athletic Conference Championships
John Carroll University,150,50 Free,9,21.93,Ian Hofmann,,North Coast Athletic Conference Championships
John Carroll University,150,50 Free,10,22.12,Yuriy Gorobchuk,,Magnus Cup Invitational
John Carroll University,150,500 Free,1,4:40.02,Sam Kmet,,North Coast Athletic Conference Championships
John Carroll University,150,500 Free,2,4:47.84,Jacob Burton,,CWRU Spartan Invitational
John Carroll University,150,500 Free,3,4:48.51,Mario Bondy,,North Coast Athletic Conference Championships
John Carroll University,150,500 Free,4,4:49.68,Zach Marinis,,Magnus Cup Invitational
John Carroll University,150,500 Free,5,4:50.14,Bailey Parsons,,North Coast Athletic Conference Championships
John Carroll University,150,500 Free,6,4:51.27,Joe Nadur,,JCU vs Dennison
John Carroll University,150,500 Free,7,4:52.05,Nathan Reigle,,Magnus Cup Invitational
John Carroll University,150,500 Free,8,5:00.83,Owen Holm,,Magnus Cup Invitational
John Carroll University,150,500 Free,9,5:02.37,Cameron Cook,,John Carroll vs. Heidelberg
John Carroll University,150,500 Free,10,5:04.25,Patrick Branch,,John Carroll vs. Heidelberg
Johns Hopkins University,111,100 Back,1,47.70,Kai Henrikson-Brandt,,Centennial Conference Championships
Johns Hopkins University,111,100 Back,2,47.92,Aden Li,,Centennial Conference Championships
Johns Hopkins University,111,100 Back,3,48.58,Dylan Jewett,,Centennial Conference Championships
Johns Hopkins University,111,100 Back,4,48.79,BRYCE LLOYD,,Centennial Conference Championships
Johns Hopkins University,111,100 Back,5,48.98,Avery Clapp,,Johns Hopkins v Swarthmore
Johns Hopkins University,111,100 Back,6,50.86,Larry Yu,,Blue Jay Invite
Johns Hopkins University,111,100 Back,7,54.48,Nicholas Lee,,Johns Hopkins v Mt St Mary's
Johns Hopkins University,111,100 Breast,1,55.34,Michael Ivanov,,Centennial Conference Championships
Johns Hopkins University,111,100 Breast,2,55.54,Jonathan Wang,,Blue Jay Invite
Johns Hopkins University,111,100 Breast,3,56.45,Justin Ely,,Centennial Conference Championships
Johns Hopkins University,111,100 Breast,4,56.86,Larry Yu,,Johns Hopkins vs Georgetown
Johns Hopkins University,111,100 Breast,5,57.09,Carl Stauffer,,H2ounds Invitational
Johns Hopkins University,111,100 Breast,6,57.31,Adam Sandid,,H2ounds Invitational
Johns Hopkins University,111,100 Breast,7,57.57,Larkin Helman,,Johns Hopkins v Swarthmore
Johns Hopkins University,111,100 Breast,8,58.12,Julian Maycock,,Blue Jay Invite
Johns Hopkins University,111,100 Breast,9,1:00.26,Matthew Hartshorn,,Johns Hopkins Open
Johns Hopkins University,111,100 Breast,10,1:01.40,Alessandro Pereira,,Blue Jay Invite
Johns Hopkins University,111,100 Fly,1,48.16,Kai Henrikson-Brandt,,Centennial Conference Championships
Johns Hopkins University,111,100 Fly,2,48.17,Avery Clapp,,Centennial Conference Championships
Johns Hopkins University,111,100 Fly,3,48.25,Aden Li,,Centennial Conference Championships
Johns Hopkins University,111,100 Fly,4,49.59,Rad Couture,,Centennial Conference Championships
Johns Hopkins University,111,100 Fly,5,49.78,Larry Yu,,Blue Jay Invite
Johns Hopkins University,111,100 Fly,6,50.84,Dylan Jewett,,Johns Hopkins v Swarthmore
Johns Hopkins University,111,100 Fly,7,51.75,Michael Ivanov,,William & Mary vs. Johns Hopkins
Johns Hopkins University,111,100 Fly,8,51.78,Matthew Hartshorn,,Johns Hopkins Open
Johns Hopkins University,111,100 Fly,9,52.55,Justin Ely,,Johns Hopkins v Swarthmore
Johns Hopkins University,111,100 Fly,10,53.01,Christian Mayr,,Johns Hopkins Open
Johns Hopkins University,111,100 Free,1,45.27,Michael Ivanov,,Centennial Conference Championships
Johns Hopkins University,111,100 Free,2,46.00,Larry Yu,,Johns Hopkins Open
Johns Hopkins University,111,100 Free,3,46.09,Avery Clapp,,Johns Hopkins v Swarthmore
Johns Hopkins University,111,100 Free,4,46.15,Kai Henrikson-Brandt,,Centennial Conference Championships
Johns Hopkins University,111,100 Free,5,46.63,Christian Mayr,,Centennial Conference Championships
Johns Hopkins University,111,100 Free,6,46.72,Justin Ely,,H2ounds Invitational
Johns Hopkins University,111,100 Free,7,46.76,Nicholas Lee,,H2ounds Invitational
Johns Hopkins University,111,100 Free,8,46.88,Adam Sandid,,H2ounds Invitational
Johns Hopkins University,111,100 Free,9,47.05,Jonathan Wang,,Johns Hopkins Open
Johns Hopkins University,111,100 Free,10,47.05,Ken Ning,,William & Mary vs. Johns Hopkins
Johns Hopkins University,111,1000 Free,1,9:27.03,Alessandro Pereira,,Centennial Conference Championships
Johns Hopkins University,111,1000 Free,2,9:29.73,Josiah March,,Centennial Conference Championships
Johns Hopkins University,111,1000 Free,3,9:32.22,Jack Cornish,,Centennial Conference Championships
Johns Hopkins University,111,1000 Free,4,9:47.90,Ken Ning,,Centennial Conference Championships
Johns Hopkins University,111,1000 Free,5,9:52.30,Julian Maycock,,William & Mary vs. Johns Hopkins
Johns Hopkins University,111,1000 Free,6,10:02.72,Matthew Hartshorn,,Johns Hopkins v Mt St Mary's
Johns Hopkins University,111,1000 Free,7,10:03.69,BRYCE LLOYD,,Johns Hopkins v Swarthmore
Johns Hopkins University,111,1000 Free,8,10:08.93,Willi Dunlap,,Johns Hopkins vs Georgetown
Johns Hopkins University,111,1650 Free,1,15:40.65,Alessandro Pereira,,Centennial Conference Championships
Johns Hopkins University,111,1650 Free,2,15:44.37,Jack Cornish,,Centennial Conference Championships
Johns Hopkins University,111,1650 Free,3,15:46.80,Josiah March,,H2ounds Invitational
Johns Hopkins University,111,1650 Free,4,16:15.60,Ken Ning,,Centennial Conference Championships
Johns Hopkins University,111,200 Back,1,1:45.89,Kai Henrikson-Brandt,,Centennial Conference Championships
Johns Hopkins University,111,200 Back,2,1:46.98,BRYCE LLOYD,,Centennial Conference Championships
Johns Hopkins University,111,200 Back,3,1:47.60,Avery Clapp,,Johns Hopkins v Swarthmore
Johns Hopkins University,111,200 Back,4,1:49.62,Dylan Jewett,,Centennial Conference Championships
Johns Hopkins University,111,200 Back,5,1:50.93,Josiah March,,Johns Hopkins Open
Johns Hopkins University,111,200 Back,6,1:53.38,Aden Li,,Blue Jay Invite
Johns Hopkins University,111,200 Back,7,1:54.68,Matthew Hartshorn,,"Johns Hopkins vs. TCNJ, Washington & Lee"
Johns Hopkins University,111,200 Back,8,1:56.29,Alessandro Pereira,,William & Mary vs. Johns Hopkins
Johns Hopkins University,111,200 Breast,1,2:01.51,Larry Yu,,Centennial Conference Championships
Johns Hopkins University,111,200 Breast,2,2:02.02,Larkin Helman,,Centennial Conference Championships
Johns Hopkins University,111,200 Breast,3,2:03.31,Matthew Hartshorn,,Centennial Conference Championships
Johns Hopkins University,111,200 Breast,4,2:04.29,Julian Maycock,,Centennial Conference Championships
Johns Hopkins University,111,200 Breast,5,2:05.63,Justin Ely,,Johns Hopkins Open
Johns Hopkins University,111,200 Breast,6,2:07.55,Carl Stauffer,,H2ounds Invitational
Johns Hopkins University,111,200 Breast,7,2:09.73,Willi Dunlap,,Johns Hopkins Open
Johns Hopkins University,111,200 Fly,1,1:46.43,Avery Clapp,,Centennial Conference Championships
Johns Hopkins University,111,200 Fly,2,1:51.18,Rad Couture,,H2ounds Invitational
Johns Hopkins University,111,200 Fly,3,1:52.17,Aden Li,,NYU vs. John Hopkins
Johns Hopkins University,111,200 Fly,4,1:52.63,Alessandro Pereira,,Johns Hopkins Open
Johns Hopkins University,111,200 Fly,5,1:52.85,Larkin Helman,,William & Mary vs. Johns Hopkins
Johns Hopkins University,111,200 Fly,6,1:54.77,Julian Maycock,,Johns Hopkins Open
Johns Hopkins University,111,200 Fly,7,1:56.46,Willi Dunlap,,H2ounds Invitational
Johns Hopkins University,111,200 Fly,8,1:57.03,Matthew Hartshorn,,"Johns Hopkins vs. TCNJ, Washington & Lee"
Johns Hopkins University,111,200 Free,1,1:39.44,Larry Yu,,Centennial Conference Championships
Johns Hopkins University,111,200 Free,2,1:39.90,Josiah March,,Centennial Conference Championships
Johns Hopkins University,111,200 Free,3,1:40.30,Avery Clapp,,H2ounds Invitational
Johns Hopkins University,111,200 Free,4,1:40.98,Ken Ning,,Blue Jay Invite
Johns Hopkins University,111,200 Free,5,1:41.11,Larkin Helman,,Centennial Conference Championships
Johns Hopkins University,111,200 Free,6,1:42.19,Michael Ivanov,,Johns Hopkins Open
Johns Hopkins University,111,200 Free,7,1:42.52,Aden Li,,Johns Hopkins v Mt St Mary's
Johns Hopkins University,111,200 Free,8,1:42.69,BRYCE LLOYD,,Blue Jay Invite
Johns Hopkins University,111,200 Free,9,1:43.07,Nicholas Lee,,William & Mary vs. Johns Hopkins
Johns Hopkins University,111,200 Free,10,1:43.74,Justin Ely,,Blue Jay Invite
Johns Hopkins University,111,200 Im,1,1:49.30,Larry Yu,,Centennial Conference Championships
Johns Hopkins University,111,200 Im,2,1:50.21,BRYCE LLOYD,,Centennial Conference Championships
Johns Hopkins University,111,200 Im,3,1:50.75,Matthew Hartshorn,,Centennial Conference Championships
Johns Hopkins University,111,200 Im,4,1:51.69,Larkin Helman,,Blue Jay Invite
Johns Hopkins University,111,200 Im,5,1:52.39,Willi Dunlap,,H2ounds Invitational
Johns Hopkins University,111,200 Im,6,1:52.82,Julian Maycock,,Centennial Conference Championships
Johns Hopkins University,111,200 Im,7,1:53.69,Alessandro Pereira,,Johns Hopkins Open
Johns Hopkins University,111,200 Im,8,1:54.92,Justin Ely,,Johns Hopkins Open
Johns Hopkins University,111,200 Im,9,1:56.24,Michael Ivanov,,"Johns Hopkins vs. TCNJ, Washington & Lee"
Johns Hopkins University,111,200 Im,10,2:02.94,Carl Stauffer,,Johns Hopkins Open
Johns Hopkins University,111,400 Im,1,3:54.56,Matthew Hartshorn,,Centennial Conference Championships
Johns Hopkins University,111,400 Im,2,3:56.05,Alessandro Pereira,,Centennial Conference Championships
Johns Hopkins University,111,400 Im,3,3:59.03,Larry Yu,,Centennial Conference Championships
Johns Hopkins University,111,400 Im,4,3:59.47,Larkin Helman,,H2ounds Invitational
Johns Hopkins University,111,400 Im,5,4:01.29,Julian Maycock,,Centennial Conference Championships
Johns Hopkins University,111,400 Im,6,4:03.42,Willi Dunlap,,Blue Jay Invite
Johns Hopkins University,111,50 Free,1,20.44,Michael Ivanov,,Centennial Conference Championships
Johns Hopkins University,111,50 Free,2,21.04,Aden Li,,Johns Hopkins Open
Johns Hopkins University,111,50 Free,3,21.10,Larry Yu,,Johns Hopkins v Swarthmore
Johns Hopkins University,111,50 Free,4,21.12,Christian Mayr,,Centennial Conference Championships
Johns Hopkins University,111,50 Free,5,21.24,Adam Sandid,,Blue Jay Invite
Johns Hopkins University,111,50 Free,6,21.32,Justin Ely,,Johns Hopkins vs Georgetown
Johns Hopkins University,111,50 Free,7,21.37,Dylan Jewett,,Centennial Conference Championships
Johns Hopkins University,111,50 Free,8,21.42,BRYCE LLOYD,,Johns Hopkins Open
Johns Hopkins University,111,50 Free,9,21.45,Rad Couture,,Centennial Conference Championships
Johns Hopkins University,111,50 Free,10,21.46,Jonathan Wang,,Johns Hopkins Open
Johns Hopkins University,111,500 Free,1,4:28.33,Josiah March,,Centennial Conference Championships
Johns Hopkins University,111,500 Free,2,4:32.86,Alessandro Pereira,,Centennial Conference Championships
Johns Hopkins University,111,500 Free,3,4:33.67,Ken Ning,,Centennial Conference Championships
Johns Hopkins University,111,500 Free,4,4:37.02,Larkin Helman,,Centennial Conference Championships
Johns Hopkins University,111,500 Free,5,4:37.84,Larry Yu,,Johns Hopkins Open
Johns Hopkins University,111,500 Free,6,4:39.89,Jack Cornish,,H2ounds Invitational
Johns Hopkins University,111,500 Free,7,4:41.86,Julian Maycock,,Johns Hopkins Open
Johns Hopkins University,111,500 Free,8,4:48.05,Nicholas Lee,,Johns Hopkins Open
Johns Hopkins University,111,500 Free,9,4:50.04,Aden Li,,"Johns Hopkins vs. TCNJ, Washington & Lee"
Johns Hopkins University,111,500 Free,10,4:51.34,Matthew Hartshorn,,William & Mary vs. Johns Hopkins
Kenyon College,125,100 Back,1,49.40,Peter Dunson,,Total Performance Invitational
Kenyon College,125,100 Back,2,49.80,Ethan Manske,,North Coast Athletic Conference Championships
Kenyon College,125,100 Back,3,49.88,Kristof Szappanos,,North Coast Athletic Conference Championships
Kenyon College,125,100 Back,4,50.74,Thomson Parlette,,North Coast Athletic Conference Championships
Kenyon College,125,100 Back,5,50.96,Landon Suaverdez,,Total Performance Invitational
Kenyon College,125,100 Back,6,51.76,Jack Douglas,,North Coast Athletic Conference Championships
Kenyon College,125,100 Back,7,51.92,Josh Hession,,Miami vs Xavier vs Kenyon
Kenyon College,125,100 Back,8,52.03,Sajan Ramachandran,,Kenyon College Fast Chance Invitational
Kenyon College,125,100 Back,9,52.33,Leo Karnitz,,Kenyon vs Case Western
Kenyon College,125,100 Back,10,53.15,Matthew Weiner,,Kenyon College First Chance Invitational
Kenyon College,125,100 Breast,1,54.31,Leo Karnitz,,Kenyon College First Chance Invitational
Kenyon College,125,100 Breast,2,54.41,Noel Tumbasz,,Total Performance Invitational
Kenyon College,125,100 Breast,3,55.89,Walker Bailey,,Kenyon College Fast Chance Invitational
Kenyon College,125,100 Breast,4,57.13,Zach Schuster,,Kenyon College Fast Chance Invitational
Kenyon College,125,100 Breast,5,57.22,Andrew Bier,,North Coast Athletic Conference Championships
Kenyon College,125,100 Breast,6,57.91,Owen Gingras,,Total Performance Invitational
Kenyon College,125,100 Breast,7,58.72,Roman Savage,,Kenyon vs. Ohio Wesleyan
Kenyon College,125,100 Breast,8,59.28,Landon Suaverdez,,Kenyon College Fast Chance Invitational
Kenyon College,125,100 Breast,9,59.67,Niko Theodos,,Kenyon vs. Ohio Wesleyan
Kenyon College,125,100 Breast,10,59.96,Georgios Baniotis,,Kenyon College First Chance Invitational
Kenyon College,125,100 Fly,1,47.73,Roman Savage,,North Coast Athletic Conference Championships
Kenyon College,125,100 Fly,2,48.49,Leo Karnitz,,North Coast Athletic Conference Championships
Kenyon College,125,100 Fly,3,49.21,Djordje Dragojlovic,,Kenyon vs Case Western
Kenyon College,125,100 Fly,4,49.48,Neil Abrahamson,,Total Performance Invitational
Kenyon College,125,100 Fly,5,49.48,Michael Baltodano,,North Coast Athletic Conference Championships
Kenyon College,125,100 Fly,6,49.82,Thomson Parlette,,Total Performance Invitational
Kenyon College,125,100 Fly,7,49.93,Zach Schuster,,North Coast Athletic Conference Championships
Kenyon College,125,100 Fly,8,50.33,Peter Dunson,,Total Performance Invitational
Kenyon College,125,100 Fly,9,50.43,Teo Jaworski,,Kenyon vs. Ohio Wesleyan
Kenyon College,125,100 Fly,10,50.59,Andre McCloud,,Kenyon College First Chance Invitational
Kenyon College,125,100 Free,1,43.13,Djordje Dragojlovic,,Total Performance Invitational
Kenyon College,125,100 Free,2,44.85,Teo Jaworski,,Total Performance Invitational
Kenyon College,125,100 Free,3,45.27,Neil Abrahamson,,Total Performance Invitational
Kenyon College,125,100 Free,4,45.42,Spencer Stluka,,North Coast Athletic Conference Championships
Kenyon College,125,100 Free,5,45.80,Pedro Mello Araujo,,North Coast Athletic Conference Championships
Kenyon College,125,100 Free,6,45.96,Peter Dunson,,Total Performance Invitational
Kenyon College,125,100 Free,7,46.04,Roman Savage,,Kenyon vs Case Western
Kenyon College,125,100 Free,8,46.05,Noel Tumbasz,,Total Performance Invitational
Kenyon College,125,100 Free,9,46.22,Andre McCloud,,Kenyon College Fast Chance Invitational
Kenyon College,125,100 Free,10,46.40,Lars Rauch,,Total Performance Invitational
Kenyon College,125,1000 Free,1,9:34.20,Matthew Amodio,,Miami vs Xavier vs Kenyon
Kenyon College,125,1000 Free,2,9:36.34,Conner Verbanas,,North Coast Athletic Conference Championships
Kenyon College,125,1000 Free,3,9:36.67,Teo Jaworski,,"Navy vs. Delaware, Kenyon, Princeton"
Kenyon College,125,1000 Free,4,9:38.23,Kristof Szappanos,,Kenyon vs. Ohio Wesleyan
Kenyon College,125,1000 Free,5,9:38.34,Evan Harrison,,Total Performance Invitational
Kenyon College,125,1000 Free,6,9:40.08,Owen Von Weihe,,Kenyon vs. John Carroll
Kenyon College,125,1000 Free,7,9:40.39,Gabe Cowart,,Kenyon College Fast Chance Invitational
Kenyon College,125,1000 Free,8,9:45.33,Matthew Weiner,,Kenyon vs Case Western
Kenyon College,125,1000 Free,9,9:47.77,Daniel Ybarbo,,Kenyon vs Case Western
Kenyon College,125,1000 Free,10,9:49.26,Lucas Macy,,Kenyon vs Case Western
Kenyon College,125,1650 Free,1,15:49.86,Matthew Amodio,,North Coast Athletic Conference Championships
Kenyon College,125,1650 Free,2,15:56.03,Gabe Cowart,,North Coast Athletic Conference Championships
Kenyon College,125,1650 Free,3,15:58.22,Conner Verbanas,,Kenyon College Fast Chance Invitational
Kenyon College,125,1650 Free,4,16:04.27,Evan Harrison,,Total Performance Invitational
Kenyon College,125,1650 Free,5,16:10.02,Matthew Weiner,,North Coast Athletic Conference Championships
Kenyon College,125,1650 Free,6,16:19.45,Lucas Macy,,Total Performance Invitational
Kenyon College,125,1650 Free,7,16:26.19,Daniel Ybarbo,,Total Performance Invitational
Kenyon College,125,200 Back,1,1:48.58,Ethan Manske,,Kenyon College First Chance Invitational
Kenyon College,125,200 Back,2,1:49.04,Kristof Szappanos,,Kenyon College Fast Chance Invitational
Kenyon College,125,200 Back,3,1:51.03,Thomson Parlette,,Total Performance Invitational
Kenyon College,125,200 Back,4,1:52.13,Landon Suaverdez,,Total Performance Invitational
Kenyon College,125,200 Back,5,1:53.18,Jack Douglas,,North Coast Athletic Conference Championships
Kenyon College,125,200 Back,6,1:53.35,Owen Gingras,,Kenyon College Fast Chance Invitational
Kenyon College,125,200 Back,7,1:56.26,Josh Hession,,Miami vs Xavier vs Kenyon
Kenyon College,125,200 Back,8,1:58.87,Daniel Ybarbo,,Kenyon vs Case Western
Kenyon College,125,200 Back,9,1:58.88,Matthew Weiner,,Kenyon College Fast Chance Invitational
Kenyon College,125,200 Back,10,1:59.55,Conner Verbanas,,Kenyon vs. Ohio Wesleyan
Kenyon College,125,200 Breast,1,2:00.53,Noel Tumbasz,,Total Performance Invitational
Kenyon College,125,200 Breast,2,2:03.86,Walker Bailey,,Kenyon College Fast Chance Invitational
Kenyon College,125,200 Breast,3,2:04.25,Niko Theodos,,North Coast Athletic Conference Championships
Kenyon College,125,200 Breast,4,2:04.97,Owen Gingras,,Total Performance Invitational
Kenyon College,125,200 Breast,5,2:06.24,Andrew Bier,,Total Performance Invitational
Kenyon College,125,200 Breast,6,2:07.47,Owen Von Weihe,,Kenyon vs. John Carroll
Kenyon College,125,200 Breast,7,2:08.79,Leo Karnitz,,Kenyon vs Case Western
Kenyon College,125,200 Fly,1,1:47.98,Roman Savage,,Total Performance Invitational
Kenyon College,125,200 Fly,2,1:48.41,Ethan Manske,,North Coast Athletic Conference Championships
Kenyon College,125,200 Fly,3,1:48.61,Thomson Parlette,,Kenyon College First Chance Invitational
Kenyon College,125,200 Fly,4,1:49.35,Michael Baltodano,,North Coast Athletic Conference Championships
Kenyon College,125,200 Fly,5,1:50.74,Lucas Macy,,Kenyon College First Chance Invitational
Kenyon College,125,200 Fly,6,1:53.78,Leo Karnitz,,Total Performance Invitational
Kenyon College,125,200 Fly,7,1:53.87,Zach Schuster,,Total Performance Invitational
Kenyon College,125,200 Fly,8,1:55.66,Conner Verbanas,,Kenyon vs. Ohio Wesleyan
Kenyon College,125,200 Fly,9,1:55.70,Niko Theodos,,Kenyon College Fast Chance Invitational
Kenyon College,125,200 Fly,10,1:56.40,Owen Von Weihe,,2025 UINDY Quad Meet
Kenyon College,125,200 Free,1,1:36.00,Djordje Dragojlovic,,Total Performance Invitational
Kenyon College,125,200 Free,2,1:38.61,Teo Jaworski,,Total Performance Invitational
Kenyon College,125,200 Free,3,1:38.72,Ethan Manske,,North Coast Athletic Conference Championships
Kenyon College,125,200 Free,4,1:38.77,Roman Savage,,Total Performance Invitational
Kenyon College,125,200 Free,5,1:41.08,Pedro Mello Araujo,,Kenyon College Fast Chance Invitational
Kenyon College,125,200 Free,6,1:41.60,Kristof Szappanos,,Total Performance Invitational
Kenyon College,125,200 Free,7,1:41.89,Gabe Cowart,,North Coast Athletic Conference Championships
Kenyon College,125,200 Free,8,1:42.13,Ari Jonihakis,,Total Performance Invitational
Kenyon College,125,200 Free,9,1:42.18,Lars Rauch,,Total Performance Invitational
Kenyon College,125,200 Free,10,1:42.30,Matthew Amodio,,Total Performance Invitational
Kenyon College,125,200 Im,1,1:50.35,Ethan Manske,,North Coast Athletic Conference Championships
Kenyon College,125,200 Im,2,1:52.49,Leo Karnitz,,Total Performance Invitational
Kenyon College,125,200 Im,3,1:52.62,Thomson Parlette,,Total Performance Invitational
Kenyon College,125,200 Im,4,1:53.28,Teo Jaworski,,Kenyon vs Case Western
Kenyon College,125,200 Im,5,1:53.29,Owen Gingras,,North Coast Athletic Conference Championships
Kenyon College,125,200 Im,6,1:53.50,Josh Hession,,Kenyon College Fast Chance Invitational
Kenyon College,125,200 Im,7,1:54.38,Zach Schuster,,Total Performance Invitational
Kenyon College,125,200 Im,8,1:55.15,Noel Tumbasz,,"Navy vs. Delaware, Kenyon, Princeton"
Kenyon College,125,200 Im,9,1:56.27,Andrew Bier,,Total Performance Invitational
Kenyon College,125,200 Im,10,1:56.90,Walker Bailey,,North Coast Athletic Conference Championships
Kenyon College,125,400 Im,1,3:52.99,Ethan Manske,,North Coast Athletic Conference Championships
Kenyon College,125,400 Im,2,4:02.04,Niko Theodos,,North Coast Athletic Conference Championships
Kenyon College,125,400 Im,3,4:02.74,Owen Gingras,,Total Performance Invitational
Kenyon College,125,400 Im,4,4:05.79,Conner Verbanas,,Total Performance Invitational
Kenyon College,125,400 Im,5,4:07.59,Owen Von Weihe,,Kenyon vs. John Carroll
Kenyon College,125,400 Im,6,4:11.60,Matthew Weiner,,Miami vs Xavier vs Kenyon
Kenyon College,125,400 Im,7,4:12.04,Teo Jaworski,,Kenyon vs. John Carroll
Kenyon College,125,50 Free,1,19.53,Djordje Dragojlovic,,Total Performance Invitational
Kenyon College,125,50 Free,2,20.18,Peter Dunson,,Total Performance Invitational
Kenyon College,125,50 Free,3,20.34,Spencer Stluka,,North Coast Athletic Conference Championships
Kenyon College,125,50 Free,4,20.64,Neil Abrahamson,,North Coast Athletic Conference Championships
Kenyon College,125,50 Free,5,20.92,Lars Rauch,,Total Performance Invitational
Kenyon College,125,50 Free,6,20.94,Andre McCloud,,Kenyon College First Chance Invitational
Kenyon College,125,50 Free,7,21.00,Pedro Mello Araujo,,Total Performance Invitational
Kenyon College,125,50 Free,8,21.00,Michael Baltodano,,Kenyon College Fast Chance Invitational
Kenyon College,125,50 Free,9,21.01,Noel Tumbasz,,North Coast Athletic Conference Championships
Kenyon College,125,50 Free,10,21.21,Teo Jaworski,,Kenyon College First Chance Invitational
Kenyon College,125,500 Free,1,4:26.93,Roman Savage,,Total Performance Invitational
Kenyon College,125,500 Free,2,4:30.97,Teo Jaworski,,Total Performance Invitational
Kenyon College,125,500 Free,3,4:31.11,Gabe Cowart,,Total Performance Invitational
Kenyon College,125,500 Free,4,4:33.23,Matthew Amodio,,Total Performance Invitational
Kenyon College,125,500 Free,5,4:34.04,Kristof Szappanos,,Total Performance Invitational
Kenyon College,125,500 Free,6,4:34.80,Niko Theodos,,North Coast Athletic Conference Championships
Kenyon College,125,500 Free,7,4:35.69,Evan Harrison,,Kenyon College First Chance Invitational
Kenyon College,125,500 Free,8,4:35.87,Ari Jonihakis,,Total Performance Invitational
Kenyon College,125,500 Free,9,4:36.34,Matthew Weiner,,Total Performance Invitational
Kenyon College,125,500 Free,10,4:38.15,Lucas Macy,,Total Performance Invitational
Massachusetts Institute of Technology,14,100 Back,1,47.81,Aitor Arrese-Igor,,MIT Winter Invite
Massachusetts Institute of Technology,14,100 Back,2,49.15,Zack West,,MIT Winter Invite
Massachusetts Institute of Technology,14,100 Back,3,49.25,Nathan Kim,,NEWMAC Championships
Massachusetts Institute of Technology,14,100 Back,4,49.74,Grant Hu,,Boston University vs. MIT
Massachusetts Institute of Technology,14,100 Back,5,49.79,Ian Sun,,NEWMAC Championships
Massachusetts Institute of Technology,14,100 Back,6,50.65,Jake Geoghegan,,BU Winter Open
Massachusetts Institute of Technology,14,100 Back,7,51.38,Theo Chen,,MIT Winter Invite
Massachusetts Institute of Technology,14,100 Back,8,52.40,Eric Huang,,MIT vs. Bowdoin
Massachusetts Institute of Technology,14,100 Back,9,54.28,Nathan Wu,,USCGA vs. MIT
Massachusetts Institute of Technology,14,100 Back,10,54.35,Evan Wong,,Springfield College v MIT
Massachusetts Institute of Technology,14,100 Breast,1,54.36,Thomas Wu,,NEWMAC Championships
Massachusetts Institute of Technology,14,100 Breast,2,55.43,Dominic Bollettieri,,MIT Winter Invite
Massachusetts Institute of Technology,14,100 Breast,3,55.62,Daniel Seong,,MIT Winter Invite
Massachusetts Institute of Technology,14,100 Breast,4,55.67,Nathan Wu,,NEWMAC Championships
Massachusetts Institute of Technology,14,100 Breast,5,56.33,Grant Hu,,NEWMAC Championships
Massachusetts Institute of Technology,14,100 Breast,6,56.98,Michael Turmilov,,MIT Winter Invite
Massachusetts Institute of Technology,14,100 Breast,7,57.55,David Abarbanel,,NEWMAC Championships
Massachusetts Institute of Technology,14,100 Breast,8,58.63,Jack Bolte,,BU Winter Open
Massachusetts Institute of Technology,14,100 Breast,9,59.24,Nathan Zhu,,MIT Winter Invite
Massachusetts Institute of Technology,14,100 Breast,10,59.56,Anthony Koh,,MIT Winter Invite
Massachusetts Institute of Technology,14,100 Fly,1,48.22,Bryce Roberts,,NEWMAC Championships
Massachusetts Institute of Technology,14,100 Fly,2,48.39,Eric Huang,,NEWMAC Championships
Massachusetts Institute of Technology,14,100 Fly,3,48.51,Aaron Martin,,NEWMAC Championships
Massachusetts Institute of Technology,14,100 Fly,4,48.96,Ben Wu,,MIT Winter Invite
Massachusetts Institute of Technology,14,100 Fly,5,49.01,Caden Wong,,BU Winter Open
Massachusetts Institute of Technology,14,100 Fly,6,49.02,Nathan Zhu,,NEWMAC Championships
Massachusetts Institute of Technology,14,100 Fly,7,49.25,Zack West,,NEWMAC Championships
Massachusetts Institute of Technology,14,100 Fly,8,49.72,Ian Sun,,NEWMAC Championships
Massachusetts Institute of Technology,14,100 Fly,9,50.02,Louis Avondet,,BU Winter Open
Massachusetts Institute of Technology,14,100 Fly,10,50.31,Nathan Kim,,MIT vs. Bowdoin
Massachusetts Institute of Technology,14,100 Free,1,44.63,Nathan Kim,,MIT Winter Invite
Massachusetts Institute of Technology,14,100 Free,2,45.07,Aaron Martin,,NEWMAC Championships
Massachusetts Institute of Technology,14,100 Free,3,45.26,Thomas Wu,,NEWMAC Championships
Massachusetts Institute of Technology,14,100 Free,4,45.27,Bryce Roberts,,NEWMAC Championships
Massachusetts Institute of Technology,14,100 Free,5,45.33,Evan Wong,,MIT Winter Invite
Massachusetts Institute of Technology,14,100 Free,6,46.03,Grant Hu,,MIT vs. Tufts
Massachusetts Institute of Technology,14,100 Free,7,46.09,Keon McClure,,NEWMAC Championships
Massachusetts Institute of Technology,14,100 Free,8,46.20,Ethan Fang,,NEWMAC Championships
Massachusetts Institute of Technology,14,100 Free,9,46.29,John Tietjen,,MIT Winter Invite
Massachusetts Institute of Technology,14,100 Free,10,46.31,Kelson T Cantrell,,MIT Winter Invite
Massachusetts Institute of Technology,14,1000 Free,1,9:18.09,Grant Hu,,MIT vs. Tufts
Massachusetts Institute of Technology,14,1000 Free,2,9:27.06,Mark O'Mara,,MIT Winter Invite
Massachusetts Institute of Technology,14,1000 Free,3,9:41.16,John Tietjen,,MIT Winter Invite
Massachusetts Institute of Technology,14,1000 Free,4,9:57.23,Kelson T Cantrell,,MIT vs. Amherst
Massachusetts Institute of Technology,14,1000 Free,5,10:01.27,Evan Wong,,MIT vs. Amherst
Massachusetts Institute of Technology,14,1650 Free,1,15:36.22,Mark O'Mara,,MIT Winter Invite
Massachusetts Institute of Technology,14,1650 Free,2,16:08.42,John Tietjen,,MIT Winter Invite
Massachusetts Institute of Technology,14,200 Back,1,1:47.18,Zack West,,MIT Winter Invite
Massachusetts Institute of Technology,14,200 Back,2,1:48.35,Grant Hu,,Boston University vs. MIT
Massachusetts Institute of Technology,14,200 Back,3,1:50.11,Ian Sun,,MIT Winter Invite
Massachusetts Institute of Technology,14,200 Back,4,1:50.70,Nathan Kim,,MIT vs. Tufts
Massachusetts Institute of Technology,14,200 Back,5,1:51.95,Jake Geoghegan,,BU Winter Open
Massachusetts Institute of Technology,14,200 Back,6,1:53.41,Aitor Arrese-Igor,,MIT Winter Invite
Massachusetts Institute of Technology,14,200 Back,7,1:57.81,Kelson T Cantrell,,MIT vs. Tufts
Massachusetts Institute of Technology,14,200 Breast,1,2:01.01,Daniel Seong,,MIT Winter Invite
Massachusetts Institute of Technology,14,200 Breast,2,2:03.81,Nathan Wu,,NEWMAC Championships
Massachusetts Institute of Technology,14,200 Breast,3,2:04.15,Grant Hu,,NEWMAC Championships
Massachusetts Institute of Technology,14,200 Breast,4,2:04.42,Michael Turmilov,,MIT Winter Invite
Massachusetts Institute of Technology,14,200 Breast,5,2:04.82,Thomas Wu,,MIT Winter Invite
Massachusetts Institute of Technology,14,200 Breast,6,2:05.56,David Abarbanel,,BU Winter Open
Massachusetts Institute of Technology,14,200 Breast,7,2:05.95,Jason Wang,,Boston University vs. MIT
Massachusetts Institute of Technology,14,200 Breast,8,2:07.14,Jack Bolte,,BU Winter Open
Massachusetts Institute of Technology,14,200 Breast,9,2:08.23,Alvin Tsai,,MIT Winter Invite
Massachusetts Institute of Technology,14,200 Breast,10,2:08.74,Dominic Bollettieri,,MIT Winter Invite
Massachusetts Institute of Technology,14,200 Fly,1,1:48.87,Ian Sun,,NEWMAC Championships
Massachusetts Institute of Technology,14,200 Fly,2,1:49.26,Jason Wang,,MIT Winter Invite
Massachusetts Institute of Technology,14,200 Fly,3,1:49.68,Nathan Zhu,,MIT Winter Invite
Massachusetts Institute of Technology,14,200 Fly,4,1:51.15,Eric Huang,,MIT Winter Invite
Massachusetts Institute of Technology,14,200 Fly,5,1:52.15,Grant Hu,,MIT vs. Amherst
Massachusetts Institute of Technology,14,200 Fly,6,1:52.61,Louis Avondet,,MIT Winter Invite
Massachusetts Institute of Technology,14,200 Fly,7,1:53.05,Kelson T Cantrell,,NEWMAC Championships
Massachusetts Institute of Technology,14,200 Fly,8,1:53.72,Ben Wu,,MIT Winter Invite
Massachusetts Institute of Technology,14,200 Fly,9,1:53.83,Caden Wong,,MIT Winter Invite
Massachusetts Institute of Technology,14,200 Fly,10,1:53.92,Mark O'Mara,,Boston University vs. MIT
Massachusetts Institute of Technology,14,200 Free,1,1:36.94,Grant Hu,,MIT Winter Invite
Massachusetts Institute of Technology,14,200 Free,2,1:37.87,Evan Wong,,MIT Winter Invite
Massachusetts Institute of Technology,14,200 Free,3,1:38.76,Nathan Kim,,MIT Winter Invite
Massachusetts Institute of Technology,14,200 Free,4,1:39.40,Aaron Martin,,NEWMAC Championships
Massachusetts Institute of Technology,14,200 Free,5,1:40.06,Kelson T Cantrell,,MIT Winter Invite
Massachusetts Institute of Technology,14,200 Free,6,1:40.26,Gidean Karp,,MIT Winter Invite
Massachusetts Institute of Technology,14,200 Free,7,1:40.32,Ethan Fang,,MIT Winter Invite
Massachusetts Institute of Technology,14,200 Free,8,1:40.90,John Tietjen,,NEWMAC Championships
Massachusetts Institute of Technology,14,200 Free,9,1:41.14,Ian Sun,,MIT Winter Invite
Massachusetts Institute of Technology,14,200 Free,10,1:41.29,Jason Wang,,MIT Winter Invite
Massachusetts Institute of Technology,14,200 Im,1,1:48.44,Grant Hu,,Boston University vs. MIT
Massachusetts Institute of Technology,14,200 Im,2,1:48.61,Kelson T Cantrell,,NEWMAC Championships
Massachusetts Institute of Technology,14,200 Im,3,1:48.72,Jason Wang,,NEWMAC Championships
Massachusetts Institute of Technology,14,200 Im,4,1:50.30,Ethan Fang,,NEWMAC Championships
Massachusetts Institute of Technology,14,200 Im,5,1:50.41,Zack West,,MIT Winter Invite
Massachusetts Institute of Technology,14,200 Im,6,1:51.00,Nathan Wu,,NEWMAC Championships
Massachusetts Institute of Technology,14,200 Im,7,1:52.92,Michael Turmilov,,NEWMAC Championships
Massachusetts Institute of Technology,14,200 Im,8,1:53.49,David Abarbanel,,BU Winter Open
Massachusetts Institute of Technology,14,200 Im,9,1:54.76,Daniel Seong,,NEWMAC Championships
Massachusetts Institute of Technology,14,200 Im,10,1:56.56,Ben Wu,,MIT Winter Invite
Massachusetts Institute of Technology,14,400 Im,1,3:51.57,Grant Hu,,MIT Winter Invite
Massachusetts Institute of Technology,14,400 Im,2,3:55.55,Jason Wang,,NEWMAC Championships
Massachusetts Institute of Technology,14,400 Im,3,3:57.53,Kelson T Cantrell,,NEWMAC Championships
Massachusetts Institute of Technology,14,400 Im,4,3:59.76,Ethan Fang,,NEWMAC Championships
Massachusetts Institute of Technology,14,400 Im,5,4:00.77,Mark O'Mara,,MIT Winter Invite
Massachusetts Institute of Technology,14,400 Im,6,4:06.34,Nathan Wu,,MIT Winter Invite
Massachusetts Institute of Technology,14,400 Im,7,4:09.71,David Abarbanel,,MIT Winter Invite
Massachusetts Institute of Technology,14,400 Im,8,4:10.96,Alvin Tsai,,MIT Winter Invite
Massachusetts Institute of Technology,14,50 Free,1,20.29,Bryce Roberts,,NEWMAC Championships
Massachusetts Institute of Technology,14,50 Free,2,20.70,Nathan Kim,,MIT Winter Invite
Massachusetts Institute of Technology,14,50 Free,3,20.83,Keon McClure,,NEWMAC Championships
Massachusetts Institute of Technology,14,50 Free,4,20.88,Eric Huang,,NEWMAC Championships
Massachusetts Institute of Technology,14,50 Free,5,20.96,Thomas Wu,,NEWMAC Championships
Massachusetts Institute of Technology,14,50 Free,6,20.99,Aaron Martin,,NEWMAC Championships
Massachusetts Institute of Technology,14,50 Free,7,21.08,Anthony Koh,,BU Winter Open
Massachusetts Institute of Technology,14,50 Free,8,21.47,Evan Wong,,MIT Winter Invite
Massachusetts Institute of Technology,14,50 Free,9,21.51,John Tietjen,,MIT Winter Invite
Massachusetts Institute of Technology,14,50 Free,10,21.51,Aitor Arrese-Igor,,MIT vs. Tufts
Massachusetts Institute of Technology,14,500 Free,1,4:26.77,Grant Hu,,MIT Winter Invite
Massachusetts Institute of Technology,14,500 Free,2,4:29.55,Evan Wong,,NEWMAC Championships
Massachusetts Institute of Technology,14,500 Free,3,4:32.38,Mark O'Mara,,NEWMAC Championships
Massachusetts Institute of Technology,14,500 Free,4,4:34.96,John Tietjen,,MIT Winter Invite
Massachusetts Institute of Technology,14,500 Free,5,4:36.28,Gidean Karp,,MIT Winter Invite
Massachusetts Institute of Technology,14,500 Free,6,4:45.00,Kelson T Cantrell,,MIT vs. Amherst
Massachusetts Institute of Technology,14,500 Free,7,5:16.99,Jack Bolte,,MIT vs. Harvard and Northeastern
Middlebury College,101,100 Back,1,50.17,Luke McNamara,,NESCAC Mens Championships
Middlebury College,101,100 Back,2,51.71,Rodin McKenna,,NESCAC Mens Championships
Middlebury College,101,100 Back,3,52.28,Keith Hartman,,NESCAC Mens Championships
Middlebury College,101,100 Back,4,52.78,Hugh Hutchinson,,NESCAC Mens Championships
Middlebury College,101,100 Back,5,54.10,Ivars Emerson,,MIT Winter Invite
Middlebury College,101,100 Back,6,54.60,Matthew Sonne,,Middlebury vs. Colby
Middlebury College,101,100 Breast,1,55.17,Paul Shen,,NESCAC Mens Championships
Middlebury College,101,100 Breast,2,56.49,John Masiello,,MIT Winter Invite
Middlebury College,101,100 Breast,3,57.81,Parker Smith,,NESCAC Mens Championships
Middlebury College,101,100 Breast,4,57.97,Cal Hale,,NESCAC Mens Championships
Middlebury College,101,100 Breast,5,58.04,Oliver Lehmann,,NESCAC Mens Championships
Middlebury College,101,100 Breast,6,58.18,Nathan Stellmach,,NESCAC Mens Championships
Middlebury College,101,100 Breast,7,59.17,Finnian Helman,,MIT Winter Invite
Middlebury College,101,100 Breast,8,59.89,Stefanos Salas,,MIT Winter Invite
Middlebury College,101,100 Breast,9,1:00.37,James Thomas,,NESCAC Mens Championships
Middlebury College,101,100 Breast,10,1:02.19,Nick Anderson,,NESCAC Mens Championships
Middlebury College,101,100 Fly,1,50.19,Andrew Dou,,NESCAC Mens Championships
Middlebury College,101,100 Fly,2,50.93,Luke McNamara,,Middlebury Invitational
Middlebury College,101,100 Fly,3,51.48,Finnian Helman,,NESCAC Mens Championships
Middlebury College,101,100 Fly,4,52.20,Ryan Mauney,,Middlebury Invitational
Middlebury College,101,100 Fly,5,52.73,Parker Smith,,Middlebury Invitational
Middlebury College,101,100 Fly,6,53.43,Tom Morgan,,Middlebury Invitational
Middlebury College,101,100 Fly,7,53.86,Ethan Hann-Deschaine,,Middlebury Invitational
Middlebury College,101,100 Fly,8,53.91,Stefanos Salas,,NESCAC Mens Championships
Middlebury College,101,100 Fly,9,54.14,Jason Chiappinelli,,Middlebury vs. Bates
Middlebury College,101,100 Fly,10,54.91,Ben Korzenik,,Middlebury vs. Colby
Middlebury College,101,100 Free,1,46.03,John Masiello,,NESCAC Mens Championships
Middlebury College,101,100 Free,2,46.53,Ryan Mauney,,NESCAC Mens Championships
Middlebury College,101,100 Free,3,46.70,Jason Chiappinelli,,NESCAC Mens Championships
Middlebury College,101,100 Free,4,47.00,Mark Pearcy,,NESCAC Mens Championships
Middlebury College,101,100 Free,5,47.23,Prin Chantarangkul,,NESCAC Mens Championships
Middlebury College,101,100 Free,6,47.39,Andrew Dou,,NESCAC Mens Championships
Middlebury College,101,100 Free,7,47.47,Cal Hale,,MIT Winter Invite
Middlebury College,101,100 Free,8,47.60,Nathan Stellmach,,NESCAC Mens Championships
Middlebury College,101,100 Free,9,48.00,Matthew Sonne,,MIT Winter Invite
Middlebury College,101,100 Free,10,48.24,Rodin McKenna,,Springfield College v Middlebury
Middlebury College,101,1000 Free,1,9:42.98,Keith Hartman,,NESCAC Mens Championships
Middlebury College,101,1000 Free,2,10:07.87,Owen Currie,,MIT Winter Invite
Middlebury College,101,1000 Free,3,10:16.99,Luke McNamara,,Springfield College v Middlebury
Middlebury College,101,1650 Free,1,16:17.49,Keith Hartman,,NESCAC Mens Championships
Middlebury College,101,1650 Free,2,16:43.95,Owen Currie,,MIT Winter Invite
Middlebury College,101,200 Back,1,1:51.35,Matthew Sonne,,NESCAC Mens Championships
Middlebury College,101,200 Back,2,1:52.78,Rodin McKenna,,NESCAC Mens Championships
Middlebury College,101,200 Back,3,1:53.84,Hugh Hutchinson,,NESCAC Mens Championships
Middlebury College,101,200 Back,4,1:54.84,Luke McNamara,,Middlebury Invitational
Middlebury College,101,200 Back,5,1:59.50,Ivars Emerson,,MIT Winter Invite
Middlebury College,101,200 Breast,1,2:01.17,Paul Shen,,Middlebury Invitational
Middlebury College,101,200 Breast,2,2:05.22,Oliver Lehmann,,NESCAC Mens Championships
Middlebury College,101,200 Breast,3,2:06.88,Parker Smith,,NESCAC Mens Championships
Middlebury College,101,200 Breast,4,2:07.70,John Masiello,,MIT Winter Invite
Middlebury College,101,200 Breast,5,2:11.57,Luke McNamara,,Middlebury Invitational
Middlebury College,101,200 Breast,6,2:13.14,Stefanos Salas,,Middlebury Invitational
Middlebury College,101,200 Breast,7,2:13.54,Owen Currie,,Middlebury Invitational
Middlebury College,101,200 Breast,8,2:14.59,James Thomas,,NESCAC Mens Championships
Middlebury College,101,200 Breast,9,2:16.53,Cal Hale,,Middlebury Invitational
Middlebury College,101,200 Breast,10,2:16.94,Nathan Stellmach,,MIT Winter Invite
Middlebury College,101,200 Fly,1,1:50.45,Luke McNamara,,NESCAC Mens Championships
Middlebury College,101,200 Fly,2,1:54.31,Stefanos Salas,,NESCAC Mens Championships
Middlebury College,101,200 Fly,3,1:54.53,Finnian Helman,,NESCAC Mens Championships
Middlebury College,101,200 Fly,4,1:57.87,Ethan Hann-Deschaine,,Middlebury Invitational
Middlebury College,101,200 Fly,5,2:03.62,Ben Korzenik,,Middlebury vs. Bates
Middlebury College,101,200 Free,1,1:40.77,John Masiello,,NESCAC Mens Championships
Middlebury College,101,200 Free,2,1:42.35,Matthew Sonne,,NESCAC Mens Championships
Middlebury College,101,200 Free,3,1:42.52,Ryan Mauney,,NESCAC Mens Championships
Middlebury College,101,200 Free,4,1:44.17,Rodin McKenna,,MIT Winter Invite
Middlebury College,101,200 Free,5,1:44.24,Jason Chiappinelli,,NESCAC Mens Championships
Middlebury College,101,200 Free,6,1:44.78,Keith Hartman,,MIT Winter Invite
Middlebury College,101,200 Free,7,1:46.24,Owen Currie,,Middlebury Invitational
Middlebury College,101,200 Free,8,1:47.70,Stefanos Salas,,Middlebury vs. Colby
Middlebury College,101,200 Free,9,1:48.67,Hugh Hutchinson,,Middlebury Invitational
Middlebury College,101,200 Free,10,1:48.98,Mark Pearcy,,MIT Winter Invite
Middlebury College,101,200 Im,1,1:50.41,Luke McNamara,,NESCAC Mens Championships
Middlebury College,101,200 Im,2,1:51.37,Stefanos Salas,,NESCAC Mens Championships
Middlebury College,101,200 Im,3,1:54.96,Finnian Helman,,MIT Winter Invite
Middlebury College,101,200 Im,4,1:56.16,Owen Currie,,NESCAC Mens Championships
Middlebury College,101,200 Im,5,1:58.14,Keith Hartman,,Middlebury Invitational
Middlebury College,101,200 Im,6,1:59.34,Ryan Mauney,,Middlebury Invitational
Middlebury College,101,200 Im,7,2:02.37,Parker Smith,,MIT Winter Invite
Middlebury College,101,200 Im,8,2:04.99,Hugh Hutchinson,,Middlebury Invitational
Middlebury College,101,400 Im,1,4:00.34,Luke McNamara,,NESCAC Mens Championships
Middlebury College,101,400 Im,2,4:02.03,Stefanos Salas,,NESCAC Mens Championships
Middlebury College,101,400 Im,3,4:06.46,Owen Currie,,NESCAC Mens Championships
Middlebury College,101,50 Free,1,20.93,Cal Hale,,NESCAC Mens Championships
Middlebury College,101,50 Free,2,20.99,Andrew Dou,,NESCAC Mens Championships
Middlebury College,101,50 Free,3,21.01,Jason Chiappinelli,,NESCAC Mens Championships
Middlebury College,101,50 Free,4,21.05,John Masiello,,NESCAC Mens Championships
Middlebury College,101,50 Free,5,21.17,Mark Pearcy,,NESCAC Mens Championships
Middlebury College,101,50 Free,6,21.35,Prin Chantarangkul,,NESCAC Mens Championships
Middlebury College,101,50 Free,7,21.68,Nathan Stellmach,,NESCAC Mens Championships
Middlebury College,101,50 Free,8,21.73,Luke McNamara,,Middlebury Invitational
Middlebury College,101,50 Free,9,21.91,Finnian Helman,,MIT Winter Invite
Middlebury College,101,50 Free,10,22.30,Ryan Mauney,,NESCAC Mens Championships
Middlebury College,101,500 Free,1,4:38.82,Keith Hartman,,NESCAC Mens Championships
Middlebury College,101,500 Free,2,4:48.34,Matthew Sonne,,NESCAC Mens Championships
Middlebury College,101,500 Free,3,4:49.91,Owen Currie,,MIT Winter Invite
Middlebury College,101,500 Free,4,4:56.94,Ethan Hann-Deschaine,,Middlebury Invitational
Middlebury College,101,500 Free,5,5:00.97,Stefanos Salas,,Williams v Middlebury v Hamilton
Middlebury College,101,500 Free,6,5:12.31,Hugh Hutchinson,,Middlebury vs. Colby
New York University,59,100 Back,1,46.67,Teddy McQuaid,,University Athletic Association Championships
New York University,59,100 Back,2,46.94,Teddy Cross,,University Athletic Association Championships
New York University,59,100 Back,3,49.10,Leo Han,,University Athletic Association Championships
New York University,59,100 Back,4,49.89,Hodge Dauler,,16th Annual Phoenix Fall Classic
New York University,59,100 Back,5,49.95,Jacob Lin,,16th Annual Phoenix Fall Classic
New York University,59,100 Back,6,50.28,Oliver Engel,,University Athletic Association Championships
New York University,59,100 Back,7,51.00,Conner Dean,,16th Annual Phoenix Fall Classic
New York University,59,100 Back,8,52.42,Stone Miller,,16th Annual Phoenix Fall Classic
New York University,59,100 Back,9,52.49,Jacob Lee,,16th Annual Phoenix Fall Classic
New York University,59,100 Back,10,52.97,Adam Mekrami,,NYU Winter Invitational
New York University,59,100 Breast,1,54.44,Sean Li,,University Athletic Association Championships
New York University,59,100 Breast,2,54.98,Victor Derani,,NYU Winter Invitational
New York University,59,100 Breast,3,56.06,Kyle Bitz,,University Athletic Association Championships
New York University,59,100 Breast,4,56.09,Conner Dean,,NYU Winter Invitational
New York University,59,100 Breast,5,56.10,Youngsoo Ahn-Song,,16th Annual Phoenix Fall Classic
New York University,59,100 Breast,6,56.40,Matthew Chang,,16th Annual Phoenix Fall Classic
New York University,59,100 Breast,7,56.40,Trenton vonHartitzsch,,16th Annual Phoenix Fall Classic
New York University,59,100 Breast,8,56.55,Cormac Ryan,,Army Invite
New York University,59,100 Breast,9,56.66,Jason Yi,,University Athletic Association Championships
New York University,59,100 Breast,10,57.83,Max Nechydyuk,,MIT vs. Williams & NYU
New York University,59,100 Fly,1,47.30,Teddy McQuaid,,University Athletic Association Championships
New York University,59,100 Fly,2,47.72,Leo Han,,NYU Winter Invitational
New York University,59,100 Fly,3,48.73,Derek Young,,University Athletic Association Championships
New York University,59,100 Fly,4,49.14,Hector Mu,,Army Invite
New York University,59,100 Fly,5,49.41,Jacob Lin,,16th Annual Phoenix Fall Classic
New York University,59,100 Fly,6,49.83,Jacob Lee,,Army Invite
New York University,59,100 Fly,7,50.19,Oliver Santana,,16th Annual Phoenix Fall Classic
New York University,59,100 Fly,8,51.98,Conner Dean,,University Athletic Association Championships
New York University,59,100 Fly,9,52.38,Max Nechydyuk,,16th Annual Phoenix Fall Classic
New York University,59,100 Fly,10,52.56,Sebastien Wenger,,16th Annual Phoenix Fall Classic
New York University,59,100 Free,1,43.71,Pierce Downs,,University Athletic Association Championships
New York University,59,100 Free,2,44.78,Greg Wehbe,,16th Annual Phoenix Fall Classic
New York University,59,100 Free,3,45.21,Stone Miller,,16th Annual Phoenix Fall Classic
New York University,59,100 Free,4,45.24,Sean Li,,16th Annual Phoenix Fall Classic
New York University,59,100 Free,5,45.38,Derek Young,,University Athletic Association Championships
New York University,59,100 Free,6,45.52,Daniel Gustin,,Army Invite
New York University,59,100 Free,7,46.11,Bryan Manheimer,,16th Annual Phoenix Fall Classic
New York University,59,100 Free,8,46.22,Conner Dean,,University Athletic Association Championships
New York University,59,100 Free,9,46.56,Hector Mu,,16th Annual Phoenix Fall Classic
New York University,59,100 Free,10,46.72,Blake Wang,,16th Annual Phoenix Fall Classic
New York University,59,1000 Free,1,9:26.02,Evan Jue,,NYU Winter Invitational
New York University,59,1000 Free,2,9:26.27,Adam Mekrami,,University Athletic Association Championships
New York University,59,1000 Free,3,9:35.13,Joao da Cruz Guedes,,University Athletic Association Championships
New York University,59,1000 Free,4,9:42.34,Misha Kabunov,,University Athletic Association Championships
New York University,59,1000 Free,5,9:46.55,Blake Wang,,NYU vs. TCNJ vs Fordham
New York University,59,1000 Free,6,9:47.56,Kenny Meyer,,Army Invite
New York University,59,1000 Free,7,10:00.60,Troy Valdovinos,,16th Annual Phoenix Fall Classic
New York University,59,1000 Free,8,10:55.20,Matthew Chang,,NYU vs. TCNJ vs Fordham
New York University,59,1650 Free,1,15:36.38,Adam Mekrami,,University Athletic Association Championships
New York University,59,1650 Free,2,15:40.29,Evan Jue,,16th Annual Phoenix Fall Classic
New York University,59,1650 Free,3,15:54.82,Joao da Cruz Guedes,,University Athletic Association Championships
New York University,59,1650 Free,4,16:10.26,Misha Kabunov,,University Athletic Association Championships
New York University,59,1650 Free,5,16:13.98,Kenny Meyer,,Army Invite
New York University,59,1650 Free,6,16:26.94,Blake Wang,,MIT vs. Williams & NYU
New York University,59,1650 Free,7,16:34.18,Troy Valdovinos,,16th Annual Phoenix Fall Classic
New York University,59,200 Back,1,1:42.74,Teddy Cross,,University Athletic Association Championships
New York University,59,200 Back,2,1:44.47,Teddy McQuaid,,16th Annual Phoenix Fall Classic
New York University,59,200 Back,3,1:47.36,Hodge Dauler,,16th Annual Phoenix Fall Classic
New York University,59,200 Back,4,1:49.65,Oliver Engel,,University Athletic Association Championships
New York University,59,200 Back,5,1:52.50,Max Nechydyuk,,NYU vs. West Chester
New York University,59,200 Back,6,1:53.00,Jacob Lin,,16th Annual Phoenix Fall Classic
New York University,59,200 Back,7,1:56.70,Leo Han,,NYU vs. John Hopkins
New York University,59,200 Back,8,1:58.03,Victor Derani,,NYU Invitational
New York University,59,200 Back,9,1:59.15,Jacob Lee,,MIT vs. Williams & NYU
New York University,59,200 Breast,1,1:57.96,Victor Derani,,University Athletic Association Championships
New York University,59,200 Breast,2,1:58.12,Max Nechydyuk,,16th Annual Phoenix Fall Classic
New York University,59,200 Breast,3,1:58.14,Conner Dean,,University Athletic Association Championships
New York University,59,200 Breast,4,2:01.77,Kyle Bitz,,University Athletic Association Championships
New York University,59,200 Breast,5,2:03.14,Matthew Chang,,University Athletic Association Championships
New York University,59,200 Breast,6,2:03.53,Cormac Ryan,,Army Invite
New York University,59,200 Breast,7,2:04.48,Jason Yi,,University Athletic Association Championships
New York University,59,200 Breast,8,2:04.49,Matthew King,,16th Annual Phoenix Fall Classic
New York University,59,200 Breast,9,2:04.88,Trenton vonHartitzsch,,16th Annual Phoenix Fall Classic
New York University,59,200 Breast,10,2:06.06,Youngsoo Ahn-Song,,16th Annual Phoenix Fall Classic
New York University,59,200 Fly,1,1:48.33,Leo Han,,University Athletic Association Championships
New York University,59,200 Fly,2,1:51.52,Sebastien Wenger,,16th Annual Phoenix Fall Classic
New York University,59,200 Fly,3,1:51.62,Jacob Lee,,Army Invite
New York University,59,200 Fly,4,1:52.53,Richard Reich,,16th Annual Phoenix Fall Classic
New York University,59,200 Fly,5,1:52.54,Joao da Cruz Guedes,,University Athletic Association Championships
New York University,59,200 Fly,6,1:53.56,Max Nechydyuk,,NYU vs. TCNJ vs Fordham
New York University,59,200 Fly,7,1:56.43,Hector Mu,,Gettysburg vs. NYU
New York University,59,200 Fly,8,2:02.52,Oliver Santana,,NYU vs. West Chester
New York University,59,200 Free,1,1:37.01,Pierce Downs,,University Athletic Association Championships
New York University,59,200 Free,2,1:37.44,Conner Dean,,University Athletic Association Championships
New York University,59,200 Free,3,1:38.63,Max Nechydyuk,,16th Annual Phoenix Fall Classic
New York University,59,200 Free,4,1:39.39,Misha Kabunov,,University Athletic Association Championships
New York University,59,200 Free,5,1:39.48,Bryan Manheimer,,University Athletic Association Championships
New York University,59,200 Free,6,1:40.27,Blake Wang,,16th Annual Phoenix Fall Classic
New York University,59,200 Free,7,1:40.91,Victor Derani,,16th Annual Phoenix Fall Classic
New York University,59,200 Free,8,1:40.96,Sean Li,,NYU Winter Invitational
New York University,59,200 Free,9,1:41.25,Greg Wehbe,,16th Annual Phoenix Fall Classic
New York University,59,200 Free,10,1:42.35,Adam Mekrami,,16th Annual Phoenix Fall Classic
New York University,59,200 Im,1,1:47.08,Conner Dean,,University Athletic Association Championships
New York University,59,200 Im,2,1:47.19,Max Nechydyuk,,16th Annual Phoenix Fall Classic
New York University,59,200 Im,3,1:48.50,Victor Derani,,University Athletic Association Championships
New York University,59,200 Im,4,1:50.41,Sebastien Wenger,,16th Annual Phoenix Fall Classic
New York University,59,200 Im,5,1:52.08,Matthew Chang,,16th Annual Phoenix Fall Classic
New York University,59,200 Im,6,1:52.19,Leo Han,,NYU Winter Invitational
New York University,59,200 Im,7,1:52.43,Cormac Ryan,,16th Annual Phoenix Fall Classic
New York University,59,200 Im,8,1:53.52,Kyle Bitz,,University Athletic Association Championships
New York University,59,200 Im,9,1:53.90,Teddy Cross,,NYU vs. John Hopkins
New York University,59,200 Im,10,1:54.06,Jacob Lin,,16th Annual Phoenix Fall Classic
New York University,59,400 Im,1,3:49.12,Max Nechydyuk,,16th Annual Phoenix Fall Classic
New York University,59,400 Im,2,3:49.97,Conner Dean,,University Athletic Association Championships
New York University,59,400 Im,3,3:53.26,Victor Derani,,University Athletic Association Championships
New York University,59,400 Im,4,3:54.16,Sebastien Wenger,,16th Annual Phoenix Fall Classic
New York University,59,400 Im,5,3:56.99,Evan Jue,,16th Annual Phoenix Fall Classic
New York University,59,400 Im,6,4:07.94,Matthew King,,16th Annual Phoenix Fall Classic
New York University,59,400 Im,7,4:13.18,Kenny Meyer,,NYU Winter Invitational
New York University,59,400 Im,8,4:20.74,Cormac Ryan,,MIT vs. Williams & NYU
New York University,59,50 Free,1,19.75,Teddy Cross,,University Athletic Association Championships
New York University,59,50 Free,2,20.17,Greg Wehbe,,16th Annual Phoenix Fall Classic
New York University,59,50 Free,3,20.19,Pierce Downs,,University Athletic Association Championships
New York University,59,50 Free,4,20.64,Stone Miller,,University Athletic Association Championships
New York University,59,50 Free,5,20.68,Daniel Gustin,,Army Invite
New York University,59,50 Free,6,20.70,Sean Li,,University Athletic Association Championships
New York University,59,50 Free,7,20.83,Hector Mu,,16th Annual Phoenix Fall Classic
New York University,59,50 Free,8,20.96,Leo Han,,NYU Winter Invitational
New York University,59,50 Free,9,21.00,Derek Young,,16th Annual Phoenix Fall Classic
New York University,59,50 Free,10,21.15,Teddy McQuaid,,16th Annual Phoenix Fall Classic
New York University,59,500 Free,1,4:29.59,Adam Mekrami,,University Athletic Association Championships
New York University,59,500 Free,2,4:30.18,Misha Kabunov,,16th Annual Phoenix Fall Classic
New York University,59,500 Free,3,4:30.61,Blake Wang,,16th Annual Phoenix Fall Classic
New York University,59,500 Free,4,4:31.44,Evan Jue,,University Athletic Association Championships
New York University,59,500 Free,5,4:32.15,Joao da Cruz Guedes,,16th Annual Phoenix Fall Classic
New York University,59,500 Free,6,4:34.91,Hodge Dauler,,16th Annual Phoenix Fall Classic
New York University,59,500 Free,7,4:36.25,Oliver Engel,,16th Annual Phoenix Fall Classic
New York University,59,500 Free,8,4:40.47,Kenny Meyer,,Army Invite
New York University,59,500 Free,9,4:40.84,Bryan Manheimer,,16th Annual Phoenix Fall Classic
New York University,59,500 Free,10,4:41.19,Troy Valdovinos,,16th Annual Phoenix Fall Classic
Pomona-Pitzer Colleges,10,100 Back,1,49.17,Nathan Xu,,SCIAC Championships
Pomona-Pitzer Colleges,10,100 Back,2,49.29,Diego Hodge,,SCIAC Championships
Pomona-Pitzer Colleges,10,100 Back,3,50.11,Parker Ewers,,SCIAC Championships
Pomona-Pitzer Colleges,10,100 Back,4,50.70,Max Yeoh,,CMS vs Pomona-Pitzer
Pomona-Pitzer Colleges,10,100 Back,5,51.94,William Walz,,SCIAC Championships
Pomona-Pitzer Colleges,10,100 Back,6,52.18,Jonathan Cong,,D3 Shootout
Pomona-Pitzer Colleges,10,100 Back,7,52.77,Ian Palmer,,SCIAC Championships
Pomona-Pitzer Colleges,10,100 Back,8,53.39,Kai Parker,,SCIAC Championships
Pomona-Pitzer Colleges,10,100 Back,9,53.87,Ian Conner,,SCIAC Championships
Pomona-Pitzer Colleges,10,100 Back,10,54.06,Jack Christy,,"Pomona vs. Cal Baptist, San Diego"
Pomona-Pitzer Colleges,10,100 Breast,1,54.97,Nate Levy,,SCIAC Championships
Pomona-Pitzer Colleges,10,100 Breast,2,55.94,Jonathan Cong,,SCIAC Championships
Pomona-Pitzer Colleges,10,100 Breast,3,56.74,Preston Kwon,,SCIAC Championships
Pomona-Pitzer Colleges,10,100 Breast,4,58.63,Parker Ewers,,Biola vs Concordia vs Pomona-Pitzer
Pomona-Pitzer Colleges,10,100 Breast,5,58.97,Liam Weinreich,,SCIAC Championships
Pomona-Pitzer Colleges,10,100 Breast,6,59.30,Jack Christy,,"Pomona vs. CLU, Westmont"
Pomona-Pitzer Colleges,10,100 Breast,7,1:01.81,Lan Zhu,,Redlands vs. Pomona-Pitzer
Pomona-Pitzer Colleges,10,100 Fly,1,48.07,Nathan Xu,,SCIAC Championships
Pomona-Pitzer Colleges,10,100 Fly,2,48.19,Diego Hodge,,SCIAC Championships
Pomona-Pitzer Colleges,10,100 Fly,3,49.07,Kyle Huang,,CMS vs Pomona-Pitzer
Pomona-Pitzer Colleges,10,100 Fly,4,49.42,Kason Kirkpatrick,,SCIAC Championships
Pomona-Pitzer Colleges,10,100 Fly,5,49.78,Adrian Clement,,Pomona-Pitzer Invite
Pomona-Pitzer Colleges,10,100 Fly,6,50.42,Casey Jacobs,,SCIAC Championships
Pomona-Pitzer Colleges,10,100 Fly,7,50.66,Parker Ewers,,La Verne Invitational
Pomona-Pitzer Colleges,10,100 Fly,8,51.28,Kushawn Harandi,,CMS vs Pomona-Pitzer
Pomona-Pitzer Colleges,10,100 Fly,9,52.14,Max Yeoh,,Caltech vs. Pomona-Pitzer vs. Chapman
Pomona-Pitzer Colleges,10,100 Fly,10,52.47,Preston Kwon,,SCIAC Championships
Pomona-Pitzer Colleges,10,100 Free,1,44.95,Adrian Clement,,CMS vs Pomona-Pitzer
Pomona-Pitzer Colleges,10,100 Free,2,45.07,Nathan Xu,,SCIAC Championships
Pomona-Pitzer Colleges,10,100 Free,3,45.16,Henry Cannon,,SCIAC Championships
Pomona-Pitzer Colleges,10,100 Free,4,45.40,Casey Jacobs,,SCIAC Championships
Pomona-Pitzer Colleges,10,100 Free,5,45.47,Diego Hodge,,CMS vs Pomona-Pitzer
Pomona-Pitzer Colleges,10,100 Free,6,46.22,Quinn Delaney,,SCIAC Championships
Pomona-Pitzer Colleges,10,100 Free,7,46.60,Ian Palmer,,SCIAC Championships
Pomona-Pitzer Colleges,10,100 Free,8,46.74,Jonathan Cong,,Redlands vs. Pomona-Pitzer
Pomona-Pitzer Colleges,10,100 Free,9,47.50,Frank Pang,,Pomona-Pitzer Invite
Pomona-Pitzer Colleges,10,100 Free,10,47.65,Parker Ewers,,"Pomona vs. CLU, Westmont"
Pomona-Pitzer Colleges,10,1000 Free,1,9:47.08,Joe Dienstag,,Redlands vs. Pomona-Pitzer
Pomona-Pitzer Colleges,10,1000 Free,2,9:59.63,Quinn Delaney,,"Occidental vs. Caltech, LaVerne, Pomona"
Pomona-Pitzer Colleges,10,1000 Free,3,10:01.25,Theo Holtzman,,SCIAC Championships
Pomona-Pitzer Colleges,10,1000 Free,4,10:10.26,Frank Pang,,Redlands vs. Pomona-Pitzer
Pomona-Pitzer Colleges,10,1000 Free,5,10:29.88,William Walz,,"Pomona vs. Cal Baptist, San Diego"
Pomona-Pitzer Colleges,10,1000 Free,6,10:31.18,Ben Schiffman,,Biola vs Concordia vs Pomona-Pitzer
Pomona-Pitzer Colleges,10,1650 Free,1,16:13.53,Joe Dienstag,,CMS vs Pomona-Pitzer
Pomona-Pitzer Colleges,10,1650 Free,2,16:30.41,Theo Holtzman,,SCIAC Championships
Pomona-Pitzer Colleges,10,1650 Free,3,17:00.80,Frank Pang,,Redlands vs. Pomona-Pitzer
Pomona-Pitzer Colleges,10,200 Back,1,1:47.52,Diego Hodge,,CMS vs Pomona-Pitzer
Pomona-Pitzer Colleges,10,200 Back,2,1:49.26,Jack Christy,,SCIAC Championships
Pomona-Pitzer Colleges,10,200 Back,3,1:49.54,Max Yeoh,,D3 Shootout
Pomona-Pitzer Colleges,10,200 Back,4,1:51.99,Parker Ewers,,CMS vs Pomona-Pitzer
Pomona-Pitzer Colleges,10,200 Back,5,1:52.52,William Walz,,SCIAC Championships
Pomona-Pitzer Colleges,10,200 Back,6,1:52.67,Joe Dienstag,,SCIAC Championships
Pomona-Pitzer Colleges,10,200 Back,7,1:53.47,Ben Schiffman,,CMS vs Pomona-Pitzer
Pomona-Pitzer Colleges,10,200 Back,8,1:55.28,Kai Parker,,SCIAC Championships
Pomona-Pitzer Colleges,10,200 Back,9,1:56.50,Kyle Huang,,Whitworth v Pomona-Pitzer
Pomona-Pitzer Colleges,10,200 Back,10,1:59.27,Nate Levy,,"Occidental vs. Caltech, LaVerne, Pomona"
Pomona-Pitzer Colleges,10,200 Breast,1,2:01.15,Nate Levy,,SCIAC Championships
Pomona-Pitzer Colleges,10,200 Breast,2,2:03.43,Jonathan Cong,,SCIAC Championships
Pomona-Pitzer Colleges,10,200 Breast,3,2:08.33,Frank Pang,,CMS vs Pomona-Pitzer
Pomona-Pitzer Colleges,10,200 Breast,4,2:09.75,Preston Kwon,,Redlands vs. Pomona-Pitzer
Pomona-Pitzer Colleges,10,200 Breast,5,2:12.76,Jack Christy,,Biola vs Concordia vs Pomona-Pitzer
Pomona-Pitzer Colleges,10,200 Breast,6,2:13.23,Liam Weinreich,,CMS vs Pomona-Pitzer
Pomona-Pitzer Colleges,10,200 Breast,7,2:14.31,Kyle Huang,,"Occidental vs. Caltech, LaVerne, Pomona"
Pomona-Pitzer Colleges,10,200 Breast,8,2:14.66,Parker Ewers,,"Occidental vs. Caltech, LaVerne, Pomona"
Pomona-Pitzer Colleges,10,200 Breast,9,2:17.58,Max Yeoh,,"Occidental vs. Caltech, LaVerne, Pomona"
Pomona-Pitzer Colleges,10,200 Fly,1,1:47.81,Kyle Huang,,SCIAC Championships
Pomona-Pitzer Colleges,10,200 Fly,2,1:49.22,Diego Hodge,,Redlands vs. Pomona-Pitzer
Pomona-Pitzer Colleges,10,200 Fly,3,1:51.63,Quinn Delaney,,SCIAC Championships
Pomona-Pitzer Colleges,10,200 Fly,4,1:54.57,Kason Kirkpatrick,,CMS vs Pomona-Pitzer
Pomona-Pitzer Colleges,10,200 Fly,5,1:55.00,Kushawn Harandi,,CMS vs Pomona-Pitzer
Pomona-Pitzer Colleges,10,200 Fly,6,1:56.26,Jack Christy,,Whitworth v Pomona-Pitzer
Pomona-Pitzer Colleges,10,200 Fly,7,1:57.79,Joe Dienstag,,Biola vs Concordia vs Pomona-Pitzer
Pomona-Pitzer Colleges,10,200 Fly,8,1:58.59,Theo Holtzman,,Pomona-Pitzer Invite
Pomona-Pitzer Colleges,10,200 Fly,9,1:58.68,Frank Pang,,Whitworth v Pomona-Pitzer
Pomona-Pitzer Colleges,10,200 Fly,10,2:00.64,Nathan Xu,,"Occidental vs. Caltech, LaVerne, Pomona"
Pomona-Pitzer Colleges,10,200 Free,1,1:38.61,Nathan Xu,,SCIAC Championships
Pomona-Pitzer Colleges,10,200 Free,2,1:39.20,Henry Cannon,,SCIAC Championships
Pomona-Pitzer Colleges,10,200 Free,3,1:39.28,Quinn Delaney,,SCIAC Championships
Pomona-Pitzer Colleges,10,200 Free,4,1:40.01,Adrian Clement,,SCIAC Championships
Pomona-Pitzer Colleges,10,200 Free,5,1:40.21,Diego Hodge,,Caltech vs. Pomona-Pitzer vs. Chapman
Pomona-Pitzer Colleges,10,200 Free,6,1:41.90,Frank Pang,,SCIAC Championships
Pomona-Pitzer Colleges,10,200 Free,7,1:42.08,Joe Dienstag,,SCIAC Championships
Pomona-Pitzer Colleges,10,200 Free,8,1:44.63,Kyle Huang,,Whitworth v Pomona-Pitzer
Pomona-Pitzer Colleges,10,200 Free,9,1:44.69,Theo Holtzman,,CMS vs Pomona-Pitzer
Pomona-Pitzer Colleges,10,200 Free,10,1:45.00,Kason Kirkpatrick,,Pomona-Pitzer Invite
Pomona-Pitzer Colleges,10,200 Im,1,1:49.51,Kyle Huang,,CMS vs Pomona-Pitzer
Pomona-Pitzer Colleges,10,200 Im,2,1:52.12,Parker Ewers,,SCIAC Championships
Pomona-Pitzer Colleges,10,200 Im,3,1:52.13,Jack Christy,,CMS vs Pomona-Pitzer
Pomona-Pitzer Colleges,10,200 Im,4,1:52.48,Max Yeoh,,CMS vs Pomona-Pitzer
Pomona-Pitzer Colleges,10,200 Im,5,1:52.66,Nate Levy,,SCIAC Championships
Pomona-Pitzer Colleges,10,200 Im,6,1:56.68,William Walz,,"Pomona vs. CLU, Westmont"
Pomona-Pitzer Colleges,10,200 Im,7,1:58.35,Ben Schiffman,,CMS vs Pomona-Pitzer
Pomona-Pitzer Colleges,10,200 Im,8,1:59.15,Kai Parker,,SCIAC Championships
Pomona-Pitzer Colleges,10,200 Im,9,1:59.23,Preston Kwon,,SCIAC Championships
Pomona-Pitzer Colleges,10,200 Im,10,2:00.83,Kason Kirkpatrick,,Whitworth v Pomona-Pitzer
Pomona-Pitzer Colleges,10,400 Im,1,3:57.74,Kyle Huang,,CMS vs Pomona-Pitzer
Pomona-Pitzer Colleges,10,400 Im,2,4:01.49,Max Yeoh,,Pomona-Pitzer Invite
Pomona-Pitzer Colleges,10,400 Im,3,4:01.49,Jack Christy,,SCIAC Championships
Pomona-Pitzer Colleges,10,400 Im,4,4:03.20,William Walz,,SCIAC Championships
Pomona-Pitzer Colleges,10,400 Im,5,4:11.97,Ben Schiffman,,SCIAC Championships
Pomona-Pitzer Colleges,10,400 Im,6,4:20.67,Kai Parker,,Pomona-Pitzer Invite
Pomona-Pitzer Colleges,10,400 Im,7,4:40.71,Theo Holtzman,,"Occidental vs. Caltech, LaVerne, Pomona"
Pomona-Pitzer Colleges,10,50 Free,1,20.32,Adrian Clement,,SCIAC Championships
Pomona-Pitzer Colleges,10,50 Free,2,20.36,Casey Jacobs,,SCIAC Championships
Pomona-Pitzer Colleges,10,50 Free,3,20.53,Jonathan Cong,,SCIAC Championships
Pomona-Pitzer Colleges,10,50 Free,4,20.85,Nathan Xu,,SCIAC Championships
Pomona-Pitzer Colleges,10,50 Free,5,20.93,Diego Hodge,,SCIAC Championships
Pomona-Pitzer Colleges,10,50 Free,6,20.93,Henry Cannon,,SCIAC Championships
Pomona-Pitzer Colleges,10,50 Free,7,21.38,Ian Palmer,,SCIAC Championships
Pomona-Pitzer Colleges,10,50 Free,8,21.39,Parker Ewers,,La Verne Invitational
Pomona-Pitzer Colleges,10,50 Free,9,21.74,Kason Kirkpatrick,,Pomona-Pitzer Invite
Pomona-Pitzer Colleges,10,50 Free,10,21.79,Liam Weinreich,,SCIAC Championships
Pomona-Pitzer Colleges,10,500 Free,1,4:29.24,Quinn Delaney,,SCIAC Championships
Pomona-Pitzer Colleges,10,500 Free,2,4:34.91,Joe Dienstag,,SCIAC Championships
Pomona-Pitzer Colleges,10,500 Free,3,4:38.68,Frank Pang,,SCIAC Championships
Pomona-Pitzer Colleges,10,500 Free,4,4:41.72,Max Yeoh,,D3 Shootout
Pomona-Pitzer Colleges,10,500 Free,5,4:45.61,Kushawn Harandi,,CMS vs Pomona-Pitzer
Pomona-Pitzer Colleges,10,500 Free,6,4:45.73,Theo Holtzman,,CMS vs Pomona-Pitzer
Pomona-Pitzer Colleges,10,500 Free,7,4:48.42,Ben Schiffman,,SCIAC Championships
Pomona-Pitzer Colleges,10,500 Free,8,4:51.42,William Walz,,Caltech vs. Pomona-Pitzer vs. Chapman
Pomona-Pitzer Colleges,10,500 Free,9,4:57.88,Kason Kirkpatrick,,Biola vs Concordia vs Pomona-Pitzer
Pomona-Pitzer Colleges,10,500 Free,10,5:02.97,Henry Cannon,,Whitworth v Pomona-Pitzer
Rhodes College,540,100 Back,1,49.79,Josh Denckhoff,,SAA Conference Championship
Rhodes College,540,100 Back,2,51.15,Philip Mu,,Delta State Thanksgiving Invitational
Rhodes College,540,100 Back,3,51.65,Aron Maloney,,SAA Conference Championship
Rhodes College,540,100 Breast,1,54.66,Jack Whitten,,SAA Conference Championship
Rhodes College,540,100 Breast,2,55.68,Francesco Assalone,,Delta State Thanksgiving Invitational
Rhodes College,540,100 Breast,3,57.74,Holden Smythe,,SAA Conference Championship
Rhodes College,540,100 Fly,1,49.07,Jonas Hostetler,,SAA Conference Championship
Rhodes College,540,100 Fly,2,49.26,Liam Ashton,,SAA Conference Championship
Rhodes College,540,100 Fly,3,50.48,Holden Smythe,,SAA Conference Championship
Rhodes College,540,100 Fly,4,50.70,Nick Kunst,,SAA Conference Championship
Rhodes College,540,100 Fly,5,50.97,Jeb Brownell,,SAA Conference Championship
Rhodes College,540,100 Fly,6,51.13,Jose Garcia,,SAA Conference Championship
Rhodes College,540,100 Fly,7,55.49,Philip Mu,,Delta State Thanksgiving Invitational
Rhodes College,540,100 Fly,8,56.43,Will Wertenberger,,Millsaps v Rhodes v MCC
Rhodes College,540,100 Fly,9,57.17,Zach Gilmore,,SAA Conference Championship
Rhodes College,540,100 Free,1,45.41,Will Wertenberger,,SAA Conference Championship
Rhodes College,540,100 Free,2,46.00,Jonas Hostetler,,SAA Conference Championship
Rhodes College,540,100 Free,3,46.35,Nick Kunst,,SAA Conference Championship
Rhodes College,540,100 Free,4,46.49,Jeb Brownell,,SAA Conference Championship
Rhodes College,540,100 Free,5,47.36,Philip Mu,,Delta State Thanksgiving Invitational
Rhodes College,540,100 Free,6,47.91,Aron Maloney,,Delta State Thanksgiving Invitational
Rhodes College,540,100 Free,7,48.43,Eddie Smith,,SAA Conference Championship
Rhodes College,540,100 Free,8,49.53,Holden Smythe,,Delta State Thanksgiving Invitational
Rhodes College,540,1000 Free,1,10:01.76,Will Wertenberger,,Delta State Thanksgiving Invitational
Rhodes College,540,1000 Free,2,10:03.54,Zach Gilmore,,SAA Conference Championship
Rhodes College,540,1000 Free,3,10:35.10,Carson Brinks,,SAA Conference Championship
Rhodes College,540,1000 Free,4,11:06.20,Jose Garcia,,Millsaps v Rhodes v MCC
Rhodes College,540,1650 Free,1,16:44.68,Will Wertenberger,,Delta State Thanksgiving Invitational
Rhodes College,540,1650 Free,2,16:44.88,Zach Gilmore,,SAA Conference Championship
Rhodes College,540,1650 Free,3,17:27.75,Carson Brinks,,SAA Conference Championship
Rhodes College,540,200 Back,1,1:49.08,Josh Denckhoff,,SAA Conference Championship
Rhodes College,540,200 Back,2,1:54.68,Philip Mu,,SAA Conference Championship
Rhodes College,540,200 Back,3,1:55.22,Aron Maloney,,SAA Conference Championship
Rhodes College,540,200 Breast,1,2:00.83,Jack Whitten,,SAA Conference Championship
Rhodes College,540,200 Breast,2,2:05.81,Francesco Assalone,,Delta State Thanksgiving Invitational
Rhodes College,540,200 Fly,1,1:51.08,Liam Ashton,,SAA Conference Championship
Rhodes College,540,200 Fly,2,1:54.37,Jose Garcia,,SAA Conference Championship
Rhodes College,540,200 Free,1,1:42.16,Will Wertenberger,,Delta State Thanksgiving Invitational
Rhodes College,540,200 Free,2,1:43.69,Philip Mu,,SAA Conference Championship
Rhodes College,540,200 Free,3,1:46.61,Liam Ashton,,Hendrix vs Rhodes
Rhodes College,540,200 Free,4,1:47.94,Zach Gilmore,,SAA Conference Championship
Rhodes College,540,200 Free,5,1:48.69,Carson Brinks,,SAA Conference Championship
Rhodes College,540,200 Free,6,1:49.03,Eddie Smith,,SAA Conference Championship
Rhodes College,540,200 Free,7,1:51.49,Francesco Assalone,,Millsaps v Rhodes v MCC
Rhodes College,540,200 Free,8,1:51.60,Jack Whitten,,Millsaps v Rhodes v MCC
Rhodes College,540,200 Im,1,1:51.12,Jack Whitten,,SAA Conference Championship
Rhodes College,540,200 Im,2,1:52.02,Josh Denckhoff,,SAA Conference Championship
Rhodes College,540,200 Im,3,1:55.45,Francesco Assalone,,Delta State Thanksgiving Invitational
Rhodes College,540,200 Im,4,1:55.67,Philip Mu,,Delta State Thanksgiving Invitational
Rhodes College,540,200 Im,5,1:58.15,Aron Maloney,,Delta State Thanksgiving Invitational
Rhodes College,540,200 Im,6,2:01.04,Holden Smythe,,SAA Conference Championship
Rhodes College,540,400 Im,1,4:09.46,Philip Mu,,SAA Conference Championship
Rhodes College,540,400 Im,2,4:13.78,Zach Gilmore,,SAA Conference Championship
Rhodes College,540,400 Im,3,4:19.00,Josh Denckhoff,,Rhodes vs Delta State
Rhodes College,540,400 Im,4,4:52.66,Jose Garcia,,Rhodes vs Delta State
Rhodes College,540,50 Free,1,20.93,Jonas Hostetler,,SAA Conference Championship
Rhodes College,540,50 Free,2,21.44,Philip Mu,,Delta State Thanksgiving Invitational
Rhodes College,540,50 Free,3,21.53,Jeb Brownell,,SAA Conference Championship
Rhodes College,540,50 Free,4,21.69,Nick Kunst,,SAA Conference Championship
Rhodes College,540,50 Free,5,21.70,Aron Maloney,,Delta State Thanksgiving Invitational
Rhodes College,540,50 Free,6,21.92,Will Wertenberger,,SAA Conference Championship
Rhodes College,540,50 Free,7,22.26,Eddie Smith,,SAA Conference Championship
Rhodes College,540,50 Free,8,23.06,Jack Whitten,,Millsaps v Rhodes v MCC
Rhodes College,540,50 Free,9,23.40,Holden Smythe,,Millsaps v Rhodes v MCC
Rhodes College,540,500 Free,1,4:38.42,Liam Ashton,,SAA Conference Championship
Rhodes College,540,500 Free,2,4:41.44,Will Wertenberger,,Delta State Thanksgiving Invitational
Rhodes College,540,500 Free,3,4:48.13,Zach Gilmore,,SAA Conference Championship
Rhodes College,540,500 Free,4,4:54.96,Josh Denckhoff,,Millsaps v Rhodes v MCC
Rhodes College,540,500 Free,5,4:56.15,Philip Mu,,Millsaps v Rhodes v MCC
Rhodes College,540,500 Free,6,4:58.41,Carson Brinks,,SAA Conference Championship
Rhodes College,540,500 Free,7,5:03.39,Jose Garcia,,SAA Conference Championship
Rochester Institute of Technology,30,100 Back,1,48.98,Griffin Messenlehner,,Liberty League Championships
Rochester Institute of Technology,30,100 Back,2,52.47,Eric Noga,,Liberty League Championships
Rochester Institute of Technology,30,100 Back,3,52.64,Finn Hilliard,,2026 RIT vs Geneseo
Rochester Institute of Technology,30,100 Back,4,53.86,Bernardo Valente,,Liberty League Championships
Rochester Institute of Technology,30,100 Back,5,54.32,Griffin Tomsheck,,D3 Shootout
Rochester Institute of Technology,30,100 Back,6,54.64,Ryan Clancy,,2026 RIT vs Geneseo
Rochester Institute of Technology,30,100 Back,7,56.99,Miles Lim,,2026 RIT vs Geneseo
Rochester Institute of Technology,30,100 Back,8,58.19,Kamden Keyes,,IRSC vs RIT vs RW 2026
Rochester Institute of Technology,30,100 Back,9,59.22,Aiden Agostini,,IRSC vs RIT vs RW 2026
Rochester Institute of Technology,30,100 Back,10,59.49,Thomas Eppich,,IRSC vs RIT vs RW 2026
Rochester Institute of Technology,30,100 Breast,1,55.33,Griffin Tomsheck,,Liberty League Championships
Rochester Institute of Technology,30,100 Breast,2,55.93,Jackson Frazier,,Liberty League Championships
Rochester Institute of Technology,30,100 Breast,3,56.23,Aiden Agostini,,Liberty League Championships
Rochester Institute of Technology,30,100 Breast,4,1:00.15,Colin Zhao,,RIT vs. Ithaca
Rochester Institute of Technology,30,100 Breast,5,1:00.66,Brayden Pyott,,Liberty League Championships
Rochester Institute of Technology,30,100 Breast,6,1:02.33,Leo Pozhenko,,HWS vs RIT
Rochester Institute of Technology,30,100 Breast,7,1:03.65,Finn Hilliard,,HWS vs RIT
Rochester Institute of Technology,30,100 Breast,8,1:04.37,Stephen Graver,,IRSC vs RIT vs RW 2026
Rochester Institute of Technology,30,100 Breast,9,1:04.44,Eric Noga,,HWS vs RIT
Rochester Institute of Technology,30,100 Breast,10,1:04.47,Jacob Winfield,,IRSC vs RIT vs RW 2026
Rochester Institute of Technology,30,100 Fly,1,49.55,Finn Hilliard,,Liberty League Championships
Rochester Institute of Technology,30,100 Fly,2,49.89,Kamden Keyes,,RIT vs. Ithaca
Rochester Institute of Technology,30,100 Fly,3,50.35,Ryan Clancy,,Liberty League Championships
Rochester Institute of Technology,30,100 Fly,4,50.65,Griffin Messenlehner,,Don Richards Invitational
Rochester Institute of Technology,30,100 Fly,5,51.12,Jack Dollyhigh,,Liberty League Championships
Rochester Institute of Technology,30,100 Fly,6,51.76,Jacob Winfield,,2026 RIT vs Geneseo
Rochester Institute of Technology,30,100 Fly,7,53.59,Eric Noga,,HWS vs RIT
Rochester Institute of Technology,30,100 Fly,8,53.95,Miles Lim,,RPI vs  RIT
Rochester Institute of Technology,30,100 Fly,9,54.22,Sam Sokalzuk,,"Geneseo vs. RIT, Trinity"
Rochester Institute of Technology,30,100 Fly,10,55.02,Lucas Peterson,,Don Richards Invitational
Rochester Institute of Technology,30,100 Free,1,45.79,Finn Hilliard,,Liberty League Championships
Rochester Institute of Technology,30,100 Free,2,46.47,Eric Noga,,Liberty League Championships
Rochester Institute of Technology,30,100 Free,3,46.49,Griffin Messenlehner,,Don Richards Invitational
Rochester Institute of Technology,30,100 Free,4,46.77,Miles Lim,,Liberty League Championships
Rochester Institute of Technology,30,100 Free,5,46.84,Leo Pozhenko,,Don Richards Invitational
Rochester Institute of Technology,30,100 Free,6,46.86,Kamden Keyes,,Liberty League Championships
Rochester Institute of Technology,30,100 Free,7,47.14,Jack Dollyhigh,,Liberty League Championships
Rochester Institute of Technology,30,100 Free,8,47.16,Stephen Graver,,Don Richards Invitational
Rochester Institute of Technology,30,100 Free,9,47.48,Thomas Eppich,,Don Richards Invitational
Rochester Institute of Technology,30,100 Free,10,48.61,Bernardo Valente,,Liberty League Championships
Rochester Institute of Technology,30,1000 Free,1,9:38.75,Josh Berty,,Liberty League Championships
Rochester Institute of Technology,30,1000 Free,2,9:39.67,Thomas Eppich,,Liberty League Championships
Rochester Institute of Technology,30,1000 Free,3,9:44.52,Lucas Peterson,,Liberty League Championships
Rochester Institute of Technology,30,1000 Free,4,10:00.57,Flynn Lundeen,,Liberty League Championships
Rochester Institute of Technology,30,1000 Free,5,10:26.74,Stephen Graver,,HWS vs RIT
Rochester Institute of Technology,30,1000 Free,6,10:35.47,Nathan True,,RPI vs  RIT
Rochester Institute of Technology,30,1000 Free,7,10:37.40,Miles Lim,,HWS vs RIT
Rochester Institute of Technology,30,1000 Free,8,11:12.33,Sam Sokalzuk,,Alfred University vs RIT
Rochester Institute of Technology,30,1000 Free,9,11:16.98,Bernardo Valente,,HWS vs RIT
Rochester Institute of Technology,30,1650 Free,1,15:50.52,Josh Berty,,Liberty League Championships
Rochester Institute of Technology,30,1650 Free,2,15:57.60,Thomas Eppich,,Liberty League Championships
Rochester Institute of Technology,30,1650 Free,3,16:05.17,Lucas Peterson,,Liberty League Championships
Rochester Institute of Technology,30,1650 Free,4,16:42.88,Flynn Lundeen,,Liberty League Championships
Rochester Institute of Technology,30,200 Back,1,1:51.95,Griffin Messenlehner,,Liberty League Championships
Rochester Institute of Technology,30,200 Back,2,1:53.70,Ryan Clancy,,Liberty League Championships
Rochester Institute of Technology,30,200 Back,3,1:58.95,Finn Hilliard,,RIT vs. Ithaca
Rochester Institute of Technology,30,200 Back,4,2:03.66,Bernardo Valente,,2026 RIT vs Geneseo
Rochester Institute of Technology,30,200 Back,5,2:04.80,Josh Berty,,D3 Shootout
Rochester Institute of Technology,30,200 Back,6,2:05.36,Griffin Tomsheck,,HWS vs RIT
Rochester Institute of Technology,30,200 Back,7,2:09.58,Lucas Peterson,,HWS vs RIT
Rochester Institute of Technology,30,200 Back,8,2:09.89,Miles Lim,,HWS vs RIT
Rochester Institute of Technology,30,200 Back,9,2:12.28,Nathan True,,RIT v Hamilton
Rochester Institute of Technology,30,200 Breast,1,2:01.57,Griffin Tomsheck,,Liberty League Championships
Rochester Institute of Technology,30,200 Breast,2,2:02.43,Jackson Frazier,,Liberty League Championships
Rochester Institute of Technology,30,200 Breast,3,2:05.56,Aiden Agostini,,Liberty League Championships
Rochester Institute of Technology,30,200 Breast,4,2:12.41,Colin Zhao,,Liberty League Championships
Rochester Institute of Technology,30,200 Breast,5,2:14.93,Brayden Pyott,,Liberty League Championships
Rochester Institute of Technology,30,200 Breast,6,2:22.94,Stephen Graver,,Alfred University vs RIT
Rochester Institute of Technology,30,200 Breast,7,2:28.07,Thomas Eppich,,HWS vs RIT
Rochester Institute of Technology,30,200 Breast,8,2:30.91,Griffin Messenlehner,,HWS vs RIT
Rochester Institute of Technology,30,200 Fly,1,1:51.32,Kamden Keyes,,Liberty League Championships
Rochester Institute of Technology,30,200 Fly,2,1:52.45,Miles Lim,,RIT vs. Ithaca
Rochester Institute of Technology,30,200 Fly,3,1:54.75,Jacob Winfield,,Don Richards Invitational
Rochester Institute of Technology,30,200 Fly,4,1:57.09,Ryan Clancy,,Liberty League Championships
Rochester Institute of Technology,30,200 Fly,5,1:59.16,Sam Sokalzuk,,Liberty League Championships
Rochester Institute of Technology,30,200 Fly,6,2:06.99,Nathan True,,Alfred University vs RIT
Rochester Institute of Technology,30,200 Fly,7,2:07.11,Jackson Frazier,,HWS vs RIT
Rochester Institute of Technology,30,200 Fly,8,2:15.83,Colin Zhao,,HWS vs RIT
Rochester Institute of Technology,30,200 Free,1,1:41.78,Eric Noga,,Liberty League Championships
Rochester Institute of Technology,30,200 Free,2,1:42.03,Stephen Graver,,Liberty League Championships
Rochester Institute of Technology,30,200 Free,3,1:42.41,Thomas Eppich,,Liberty League Championships
Rochester Institute of Technology,30,200 Free,4,1:42.62,Josh Berty,,Liberty League Championships
Rochester Institute of Technology,30,200 Free,5,1:42.77,Miles Lim,,Liberty League Championships
Rochester Institute of Technology,30,200 Free,6,1:44.85,Kamden Keyes,,D3 Shootout
Rochester Institute of Technology,30,200 Free,7,1:45.06,Leo Pozhenko,,Don Richards Invitational
Rochester Institute of Technology,30,200 Free,8,1:46.47,Bernardo Valente,,Liberty League Championships
Rochester Institute of Technology,30,200 Free,9,1:47.48,Flynn Lundeen,,Liberty League Championships
Rochester Institute of Technology,30,200 Free,10,1:50.73,Lucas Peterson,,HWS vs RIT
Rochester Institute of Technology,30,200 Im,1,1:54.03,Stephen Graver,,Liberty League Championships
Rochester Institute of Technology,30,200 Im,2,1:54.38,Griffin Tomsheck,,Liberty League Championships
Rochester Institute of Technology,30,200 Im,3,1:55.41,Jackson Frazier,,Liberty League Championships
Rochester Institute of Technology,30,200 Im,4,1:56.69,Jacob Winfield,,Liberty League Championships
Rochester Institute of Technology,30,200 Im,5,1:57.39,Kamden Keyes,,Don Richards Invitational
Rochester Institute of Technology,30,200 Im,6,1:57.40,Miles Lim,,Don Richards Invitational
Rochester Institute of Technology,30,200 Im,7,1:59.42,Aiden Agostini,,Liberty League Championships
Rochester Institute of Technology,30,200 Im,8,2:00.70,Colin Zhao,,Liberty League Championships
Rochester Institute of Technology,30,200 Im,9,2:02.93,Brayden Pyott,,Don Richards Invitational
Rochester Institute of Technology,30,200 Im,10,2:03.05,Bernardo Valente,,Don Richards Invitational
Rochester Institute of Technology,30,400 Im,1,4:06.76,Jacob Winfield,,Liberty League Championships
Rochester Institute of Technology,30,400 Im,2,4:09.66,Lucas Peterson,,Don Richards Invitational
Rochester Institute of Technology,30,400 Im,3,4:13.29,Sam Sokalzuk,,Liberty League Championships
Rochester Institute of Technology,30,400 Im,4,4:14.94,Griffin Tomsheck,,D3 Shootout
Rochester Institute of Technology,30,400 Im,5,4:19.46,Jackson Frazier,,2026 RIT vs Geneseo
Rochester Institute of Technology,30,400 Im,6,4:22.25,Brayden Pyott,,Liberty League Championships
Rochester Institute of Technology,30,400 Im,7,4:33.01,Colin Zhao,,Don Richards Invitational
Rochester Institute of Technology,30,50 Free,1,20.79,Griffin Messenlehner,,Liberty League Championships
Rochester Institute of Technology,30,50 Free,2,21.00,Finn Hilliard,,Don Richards Invitational
Rochester Institute of Technology,30,50 Free,3,21.27,Eric Noga,,Liberty League Championships
Rochester Institute of Technology,30,50 Free,4,21.37,Jack Dollyhigh,,Liberty League Championships
Rochester Institute of Technology,30,50 Free,5,21.47,Leo Pozhenko,,Don Richards Invitational
Rochester Institute of Technology,30,50 Free,6,21.70,Ryan Clancy,,Don Richards Invitational
Rochester Institute of Technology,30,50 Free,7,21.95,Griffin Tomsheck,,Don Richards Invitational
Rochester Institute of Technology,30,50 Free,8,22.13,Josh Berty,,RIT vs. Ithaca
Rochester Institute of Technology,30,50 Free,9,22.17,Thomas Eppich,,2026 RIT vs Geneseo
Rochester Institute of Technology,30,50 Free,10,22.18,Kamden Keyes,,HWS vs RIT
Rochester Institute of Technology,30,500 Free,1,4:33.17,Josh Berty,,Liberty League Championships
Rochester Institute of Technology,30,500 Free,2,4:34.69,Thomas Eppich,,Liberty League Championships
Rochester Institute of Technology,30,500 Free,3,4:39.57,Lucas Peterson,,Don Richards Invitational
Rochester Institute of Technology,30,500 Free,4,4:46.11,Miles Lim,,Liberty League Championships
Rochester Institute of Technology,30,500 Free,5,4:49.89,Flynn Lundeen,,Liberty League Championships
Rochester Institute of Technology,30,500 Free,6,4:54.16,Sam Sokalzuk,,Liberty League Championships
Rochester Institute of Technology,30,500 Free,7,5:03.22,Finn Hilliard,,HWS vs RIT
Rochester Institute of Technology,30,500 Free,8,5:03.29,Nathan True,,Alfred University vs RIT
Rochester Institute of Technology,30,500 Free,9,5:05.23,Ryan Clancy,,HWS vs RIT
Rochester Institute of Technology,30,500 Free,10,5:17.74,Brayden Pyott,,HWS vs RIT
Rowan University,488,100 Back,1,49.41,Braden Sheehan,,New Jersey Athletic Conference Championship
Rowan University,488,100 Back,2,51.71,Mason Parkzes,,New Jersey Athletic Conference Championship
Rowan University,488,100 Back,3,51.74,Owen Masters,,F&M Invitational
Rowan University,488,100 Back,4,53.25,Kristian Werner,,New Jersey Athletic Conference Championship
Rowan University,488,100 Back,5,54.32,Danny Callahan,,New Jersey Athletic Conference Championship
Rowan University,488,100 Back,6,54.52,Nolan McCloskey,,The College of New Jersey vs. Rowan
Rowan University,488,100 Back,7,57.39,Julian Huynh,,Villanova Sprintfest
Rowan University,488,100 Back,8,58.33,Travis Schreiber,,The College of New Jersey vs. Rowan
Rowan University,488,100 Back,9,59.41,Michael O'Leary,,West Chester vs. Rowan
Rowan University,488,100 Back,10,1:00.29,Benjamin Haddad,,Rowan vs. Swathmore
Rowan University,488,100 Breast,1,55.96,Jim Mahoney,,New Jersey Athletic Conference Championship
Rowan University,488,100 Breast,2,56.50,TJ Moderski,,New Jersey Athletic Conference Championship
Rowan University,488,100 Breast,3,56.89,Patrick Clemente,,New Jersey Athletic Conference Championship
Rowan University,488,100 Breast,4,57.70,James Bygott,,New Jersey Athletic Conference Championship
Rowan University,488,100 Breast,5,58.56,Michael O'Leary,,F&M Invitational
Rowan University,488,100 Breast,6,59.63,Drew Westhoven,,F&M Invitational
Rowan University,488,100 Breast,7,59.99,Andrew Clemente,,F&M Invitational
Rowan University,488,100 Breast,8,1:00.14,Darek Staniszewski,,F&M Invitational
Rowan University,488,100 Breast,9,1:05.79,Mason Parkzes,,Rowan vs. Stevens
Rowan University,488,100 Breast,10,1:10.04,Zaabu Kyabayinze,,New Jersey Athletic Conference Championship
Rowan University,488,100 Fly,1,50.11,Josh Oliveira,,New Jersey Athletic Conference Championship
Rowan University,488,100 Fly,2,50.21,TJ Moderski,,New Jersey Athletic Conference Championship
Rowan University,488,100 Fly,3,51.35,Benjamin Haddad,,New Jersey Athletic Conference Championship
Rowan University,488,100 Fly,4,51.83,JT Lakso,,New Jersey Athletic Conference Championship
Rowan University,488,100 Fly,5,51.86,Braden Sheehan,,West Chester vs. Rowan
Rowan University,488,100 Fly,6,52.36,Darek Staniszewski,,The College of New Jersey vs. Rowan
Rowan University,488,100 Fly,7,52.92,James Bygott,,New Jersey Athletic Conference Championship
Rowan University,488,100 Fly,8,54.83,Michael O'Leary,,New Jersey Athletic Conference Championship
Rowan University,488,100 Fly,9,54.89,Mason Parkzes,,F&M Invitational
Rowan University,488,100 Fly,10,55.02,Andrew Clemente,,F&M Invitational
Rowan University,488,100 Free,1,45.76,Braden Sheehan,,New Jersey Athletic Conference Championship
Rowan University,488,100 Free,2,46.33,Drew Westhoven,,New Jersey Athletic Conference Championship
Rowan University,488,100 Free,3,46.49,Josh Oliveira,,New Jersey Athletic Conference Championship
Rowan University,488,100 Free,4,46.89,Mason Parkzes,,New Jersey Athletic Conference Championship
Rowan University,488,100 Free,5,47.07,Kristian Werner,,New Jersey Athletic Conference Championship
Rowan University,488,100 Free,6,47.49,JT Lakso,,New Jersey Athletic Conference Championship
Rowan University,488,100 Free,7,48.85,Darek Staniszewski,,Rowan vs. Swathmore
Rowan University,488,100 Free,8,49.90,Benjamin Haddad,,New Jersey Athletic Conference Championship
Rowan University,488,100 Free,9,50.11,Owen Masters,,F&M Invitational
Rowan University,488,100 Free,10,50.71,Danny Callahan,,The College of New Jersey vs. Rowan
Rowan University,488,1000 Free,1,9:34.59,Gavin Danze,,New Jersey Athletic Conference Championship
Rowan University,488,1000 Free,2,9:43.85,Julian Huynh,,New Jersey Athletic Conference Championship
Rowan University,488,1000 Free,3,10:21.13,Andrew Clemente,,F&M Invitational
Rowan University,488,1000 Free,4,10:46.51,Michael O'Leary,,Montclair State vs Rowan
Rowan University,488,1650 Free,1,15:46.01,Gavin Danze,,New Jersey Athletic Conference Championship
Rowan University,488,1650 Free,2,16:09.94,Julian Huynh,,New Jersey Athletic Conference Championship
Rowan University,488,1650 Free,3,17:08.35,Andrew Clemente,,F&M Invitational
Rowan University,488,200 Back,1,1:47.56,Braden Sheehan,,New Jersey Athletic Conference Championship
Rowan University,488,200 Back,2,1:53.42,Nolan McCloskey,,New Jersey Athletic Conference Championship
Rowan University,488,200 Back,3,1:56.94,Owen Masters,,F&M Invitational
Rowan University,488,200 Back,4,1:59.14,Danny Callahan,,New Jersey Athletic Conference Championship
Rowan University,488,200 Back,5,2:06.31,Julian Huynh,,The College of New Jersey vs. Rowan
Rowan University,488,200 Breast,1,2:04.08,Patrick Clemente,,New Jersey Athletic Conference Championship
Rowan University,488,200 Breast,2,2:04.14,Michael O'Leary,,New Jersey Athletic Conference Championship
Rowan University,488,200 Breast,3,2:06.16,Jim Mahoney,,New Jersey Athletic Conference Championship
Rowan University,488,200 Breast,4,2:09.90,James Bygott,,New Jersey Athletic Conference Championship
Rowan University,488,200 Breast,5,2:17.55,Drew Westhoven,,Rowan vs. Stevens
Rowan University,488,200 Breast,6,2:19.15,TJ Moderski,,Montclair State vs Rowan
Rowan University,488,200 Breast,7,2:20.99,Darek Staniszewski,,Rowan vs. Stevens
Rowan University,488,200 Fly,1,1:53.04,Darek Staniszewski,,New Jersey Athletic Conference Championship
Rowan University,488,200 Fly,2,1:53.80,TJ Moderski,,New Jersey Athletic Conference Championship
Rowan University,488,200 Fly,3,1:54.16,Benjamin Haddad,,New Jersey Athletic Conference Championship
Rowan University,488,200 Fly,4,1:58.15,JT Lakso,,F&M Invitational
Rowan University,488,200 Fly,5,2:05.26,Travis Schreiber,,New Jersey Athletic Conference Championship
Rowan University,488,200 Free,1,1:38.63,Braden Sheehan,,New Jersey Athletic Conference Championship
Rowan University,488,200 Free,2,1:42.18,Drew Westhoven,,New Jersey Athletic Conference Championship
Rowan University,488,200 Free,3,1:45.23,Julian Huynh,,F&M Invitational
Rowan University,488,200 Free,4,1:46.34,Kristian Werner,,F&M Invitational
Rowan University,488,200 Free,5,1:48.76,Josh Oliveira,,Gettysburg v Rowan
Rowan University,488,200 Free,6,1:48.91,Michael O'Leary,,Gettysburg v Rowan
Rowan University,488,200 Free,7,1:49.25,Gavin Danze,,F&M Invitational
Rowan University,488,200 Free,8,1:50.01,Mason Parkzes,,West Chester vs. Rowan
Rowan University,488,200 Free,9,1:50.14,Nolan McCloskey,,Gettysburg v Rowan
Rowan University,488,200 Free,10,1:50.63,Darek Staniszewski,,Villanova Sprintfest
Rowan University,488,200 Im,1,1:49.43,Braden Sheehan,,New Jersey Athletic Conference Championship
Rowan University,488,200 Im,2,1:53.65,Michael O'Leary,,New Jersey Athletic Conference Championship
Rowan University,488,200 Im,3,1:55.00,Darek Staniszewski,,New Jersey Athletic Conference Championship
Rowan University,488,200 Im,4,1:57.86,Patrick Clemente,,New Jersey Athletic Conference Championship
Rowan University,488,200 Im,5,1:58.13,TJ Moderski,,F&M Invitational
Rowan University,488,200 Im,6,1:58.47,Nolan McCloskey,,F&M Invitational
Rowan University,488,200 Im,7,2:01.44,Ty Walker,,Montclair State vs Rowan
Rowan University,488,200 Im,8,2:01.62,James Bygott,,F&M Invitational
Rowan University,488,200 Im,9,2:03.08,Benjamin Haddad,,F&M Invitational
Rowan University,488,200 Im,10,2:03.98,Travis Schreiber,,New Jersey Athletic Conference Championship
Rowan University,488,400 Im,1,4:02.77,Michael O'Leary,,New Jersey Athletic Conference Championship
Rowan University,488,400 Im,2,4:04.48,Gavin Danze,,New Jersey Athletic Conference Championship
Rowan University,488,400 Im,3,4:07.42,Nolan McCloskey,,New Jersey Athletic Conference Championship
Rowan University,488,400 Im,4,4:09.76,Darek Staniszewski,,F&M Invitational
Rowan University,488,400 Im,5,4:11.88,Julian Huynh,,New Jersey Athletic Conference Championship
Rowan University,488,400 Im,6,4:27.94,Travis Schreiber,,F&M Invitational
Rowan University,488,400 Im,7,4:37.25,TJ Moderski,,West Chester vs. Rowan
Rowan University,488,50 Free,1,21.26,Josh Oliveira,,New Jersey Athletic Conference Championship
Rowan University,488,50 Free,2,21.41,JT Lakso,,New Jersey Athletic Conference Championship
Rowan University,488,50 Free,3,21.42,Mason Parkzes,,F&M Invitational
Rowan University,488,50 Free,4,21.48,Kristian Werner,,New Jersey Athletic Conference Championship
Rowan University,488,50 Free,5,21.94,Drew Westhoven,,New Jersey Athletic Conference Championship
Rowan University,488,50 Free,6,22.06,Braden Sheehan,,New Jersey Athletic Conference Championship
Rowan University,488,50 Free,7,22.27,Jim Mahoney,,F&M Invitational
Rowan University,488,50 Free,8,22.31,Owen Masters,,F&M Invitational
Rowan University,488,50 Free,9,22.67,Danny Callahan,,New Jersey Athletic Conference Championship
Rowan University,488,50 Free,10,22.89,James Bygott,,Villanova Sprintfest
Rowan University,488,500 Free,1,4:38.29,Gavin Danze,,New Jersey Athletic Conference Championship
Rowan University,488,500 Free,2,4:40.55,Julian Huynh,,New Jersey Athletic Conference Championship
Rowan University,488,500 Free,3,4:42.25,Nolan McCloskey,,New Jersey Athletic Conference Championship
Rowan University,488,500 Free,4,4:45.15,Drew Westhoven,,F&M Invitational
Rowan University,488,500 Free,5,4:50.84,Michael O'Leary,,The College of New Jersey vs. Rowan
Rowan University,488,500 Free,6,4:53.18,Andrew Clemente,,F&M Invitational
Rowan University,488,500 Free,7,5:31.29,Travis Schreiber,,West Chester vs. Rowan
Salisbury University,495,100 Back,1,48.60,Mason Potts,,Arena Yellow Jacket Invitational
Salisbury University,495,100 Back,2,50.45,Everett Rachael,,New Jersey Athletic Conference Championship
Salisbury University,495,100 Back,3,50.91,Luke Mitchell,,New Jersey Athletic Conference Championship
Salisbury University,495,100 Back,4,51.52,Griffin Harris,,New Jersey Athletic Conference Championship
Salisbury University,495,100 Back,5,51.64,Cameron Byrd,,Arena Yellow Jacket Invitational
Salisbury University,495,100 Back,6,51.85,Mike DeSimone,,New Jersey Athletic Conference Championship
Salisbury University,495,100 Back,7,51.93,Daniel Grigoryev,,New Jersey Athletic Conference Championship
Salisbury University,495,100 Back,8,52.03,Nicholas Corcoran,,New Jersey Athletic Conference Championship
Salisbury University,495,100 Back,9,52.94,Gabriel Erb,,New Jersey Athletic Conference Championship
Salisbury University,495,100 Back,10,53.19,Mark Dattilio,,New Jersey Athletic Conference Championship
Salisbury University,495,100 Breast,1,54.56,Dominic Kazzi,,New Jersey Athletic Conference Championship
Salisbury University,495,100 Breast,2,55.06,Aidan Loehr,,New Jersey Athletic Conference Championship
Salisbury University,495,100 Breast,3,56.12,Brady Wolf,,New Jersey Athletic Conference Championship
Salisbury University,495,100 Breast,4,56.15,Bordy Hanlon,,Arena Yellow Jacket Invitational
Salisbury University,495,100 Breast,5,57.19,Michael Paulos,,New Jersey Athletic Conference Championship
Salisbury University,495,100 Breast,6,1:02.18,Kyle Skelly,,Washington vs. Salisbury
Salisbury University,495,100 Breast,7,1:02.70,Griffin Harris,,MGG
Salisbury University,495,100 Fly,1,47.53,Cameron Byrd,,New Jersey Athletic Conference Championship
Salisbury University,495,100 Fly,2,48.50,Mason Potts,,Arena Yellow Jacket Invitational
Salisbury University,495,100 Fly,3,48.89,Owen Brewer,,New Jersey Athletic Conference Championship
Salisbury University,495,100 Fly,4,49.85,Logan Edge,,Arena Yellow Jacket Invitational
Salisbury University,495,100 Fly,5,49.85,Griffin Harris,,New Jersey Athletic Conference Championship
Salisbury University,495,100 Fly,6,50.49,Themo Rigakos,,New Jersey Athletic Conference Championship
Salisbury University,495,100 Fly,7,50.84,Michael Paulos,,Arena Yellow Jacket Invitational
Salisbury University,495,100 Fly,8,52.52,Luke Mitchell,,Catholic vs. Salisbury
Salisbury University,495,100 Fly,9,52.97,Ethan Lloyd,,New Jersey Athletic Conference Championship
Salisbury University,495,100 Fly,10,53.17,Aidan Loehr,,Salisbury vs. Rowan 2025
Salisbury University,495,100 Free,1,45.08,Owen Brewer,,New Jersey Athletic Conference Championship
Salisbury University,495,100 Free,2,45.28,Cameron Byrd,,New Jersey Athletic Conference Championship
Salisbury University,495,100 Free,3,45.52,Mason Potts,,Arena Yellow Jacket Invitational
Salisbury University,495,100 Free,4,45.81,Mike DeSimone,,New Jersey Athletic Conference Championship
Salisbury University,495,100 Free,5,45.99,Everett Rachael,,Arena Yellow Jacket Invitational
Salisbury University,495,100 Free,6,46.05,Themo Rigakos,,New Jersey Athletic Conference Championship
Salisbury University,495,100 Free,7,46.95,Shad Frantz,,New Jersey Athletic Conference Championship
Salisbury University,495,100 Free,8,47.59,Owen Mahoney,,Washington vs. Salisbury
Salisbury University,495,100 Free,9,47.68,Sam Halligan,,New Jersey Athletic Conference Championship
Salisbury University,495,100 Free,10,48.28,Shane Hall,,Washington vs. Salisbury
Salisbury University,495,1000 Free,1,9:34.62,Owen Mahoney,,New Jersey Athletic Conference Championship
Salisbury University,495,1000 Free,2,9:43.47,Matt Merke,,New Jersey Athletic Conference Championship
Salisbury University,495,1000 Free,3,9:53.71,Ethan Lloyd,,Arena Yellow Jacket Invitational
Salisbury University,495,1000 Free,4,9:55.23,Ethan Litteken,,New Jersey Athletic Conference Championship
Salisbury University,495,1000 Free,5,9:55.36,Kyle Skelly,,New Jersey Athletic Conference Championship
Salisbury University,495,1000 Free,6,10:00.78,David Gardner,,New Jersey Athletic Conference Championship
Salisbury University,495,1000 Free,7,10:09.82,Troy Rowe,,New Jersey Athletic Conference Championship
Salisbury University,495,1000 Free,8,10:12.60,Shad Frantz,,Arena Yellow Jacket Invitational
Salisbury University,495,1000 Free,9,10:13.19,Sam Halligan,,New Jersey Athletic Conference Championship
Salisbury University,495,1000 Free,10,10:27.86,Nigel Cacho,,New Jersey Athletic Conference Championship
Salisbury University,495,1650 Free,1,15:55.34,Owen Mahoney,,New Jersey Athletic Conference Championship
Salisbury University,495,1650 Free,2,16:01.58,Matt Merke,,Arena Yellow Jacket Invitational
Salisbury University,495,1650 Free,3,16:18.16,Ethan Lloyd,,Arena Yellow Jacket Invitational
Salisbury University,495,1650 Free,4,16:24.66,Kyle Skelly,,New Jersey Athletic Conference Championship
Salisbury University,495,1650 Free,5,16:27.98,Ethan Litteken,,New Jersey Athletic Conference Championship
Salisbury University,495,1650 Free,6,16:35.37,David Gardner,,New Jersey Athletic Conference Championship
Salisbury University,495,1650 Free,7,16:48.46,Troy Rowe,,New Jersey Athletic Conference Championship
Salisbury University,495,1650 Free,8,16:51.93,Shad Frantz,,Arena Yellow Jacket Invitational
Salisbury University,495,1650 Free,9,16:57.49,Sam Halligan,,New Jersey Athletic Conference Championship
Salisbury University,495,1650 Free,10,17:18.63,Nigel Cacho,,New Jersey Athletic Conference Championship
Salisbury University,495,200 Back,1,1:49.70,Everett Rachael,,Arena Yellow Jacket Invitational
Salisbury University,495,200 Back,2,1:51.44,Luke Mitchell,,Arena Yellow Jacket Invitational
Salisbury University,495,200 Back,3,1:53.12,Gabriel Erb,,New Jersey Athletic Conference Championship
Salisbury University,495,200 Back,4,1:54.02,Mark Dattilio,,Arena Yellow Jacket Invitational
Salisbury University,495,200 Back,5,1:54.96,Daniel Grigoryev,,New Jersey Athletic Conference Championship
Salisbury University,495,200 Back,6,1:57.36,Robert Krouse,,Salisbury vs. Franklin & Marshall 2026
Salisbury University,495,200 Back,7,1:57.45,Nicholas Corcoran,,New Jersey Athletic Conference Championship
Salisbury University,495,200 Back,8,2:02.68,David Gardner,,Arena Yellow Jacket Invitational
Salisbury University,495,200 Back,9,2:03.08,Cameron Byrd,,Swarthmore vs. Salisbury
Salisbury University,495,200 Breast,1,2:02.15,Dominic Kazzi,,New Jersey Athletic Conference Championship
Salisbury University,495,200 Breast,2,2:03.58,Brady Wolf,,New Jersey Athletic Conference Championship
Salisbury University,495,200 Breast,3,2:04.27,Aidan Loehr,,New Jersey Athletic Conference Championship
Salisbury University,495,200 Breast,4,2:07.98,Griffin Harris,,Arena Yellow Jacket Invitational
Salisbury University,495,200 Breast,5,2:08.25,Michael Paulos,,Arena Yellow Jacket Invitational
Salisbury University,495,200 Breast,6,2:09.41,Bordy Hanlon,,TCNJ vs. Salisbury
Salisbury University,495,200 Breast,7,2:15.96,Ethan Lloyd,,Swarthmore vs. Salisbury
Salisbury University,495,200 Breast,8,2:16.00,Ethan Litteken,,Catholic vs. Salisbury
Salisbury University,495,200 Breast,9,2:26.02,Troy Rowe,,Swarthmore vs. Salisbury
Salisbury University,495,200 Fly,1,1:48.87,Cameron Byrd,,New Jersey Athletic Conference Championship
Salisbury University,495,200 Fly,2,1:50.11,Logan Edge,,Arena Yellow Jacket Invitational
Salisbury University,495,200 Fly,3,1:52.59,Brady Wolf,,New Jersey Athletic Conference Championship
Salisbury University,495,200 Fly,4,1:53.30,Ethan Lloyd,,Arena Yellow Jacket Invitational
Salisbury University,495,200 Fly,5,1:53.55,Owen Mahoney,,Arena Yellow Jacket Invitational
Salisbury University,495,200 Fly,6,1:53.57,Luke Mitchell,,New Jersey Athletic Conference Championship
Salisbury University,495,200 Fly,7,1:54.16,Shane Hall,,Arena Yellow Jacket Invitational
Salisbury University,495,200 Fly,8,2:00.39,Shad Frantz,,Arena Yellow Jacket Invitational
Salisbury University,495,200 Fly,9,2:02.92,Sam Halligan,,Arena Yellow Jacket Invitational
Salisbury University,495,200 Free,1,1:39.30,Cameron Byrd,,New Jersey Athletic Conference Championship
Salisbury University,495,200 Free,2,1:39.93,Shane Hall,,New Jersey Athletic Conference Championship
Salisbury University,495,200 Free,3,1:40.44,Owen Mahoney,,New Jersey Athletic Conference Championship
Salisbury University,495,200 Free,4,1:40.60,Everett Rachael,,New Jersey Athletic Conference Championship
Salisbury University,495,200 Free,5,1:41.47,Owen Brewer,,Arena Yellow Jacket Invitational
Salisbury University,495,200 Free,6,1:42.26,Kyle Skelly,,Arena Yellow Jacket Invitational
Salisbury University,495,200 Free,7,1:42.80,Mason Potts,,Arena Yellow Jacket Invitational
Salisbury University,495,200 Free,8,1:43.50,Shad Frantz,,New Jersey Athletic Conference Championship
Salisbury University,495,200 Free,9,1:43.74,David Gardner,,New Jersey Athletic Conference Championship
Salisbury University,495,200 Free,10,1:43.79,Sam Halligan,,New Jersey Athletic Conference Championship
Salisbury University,495,200 Im,1,1:51.29,Cameron Byrd,,New Jersey Athletic Conference Championship
Salisbury University,495,200 Im,2,1:51.91,Dominic Kazzi,,New Jersey Athletic Conference Championship
Salisbury University,495,200 Im,3,1:53.72,Michael Paulos,,New Jersey Athletic Conference Championship
Salisbury University,495,200 Im,4,1:53.83,Shad Frantz,,New Jersey Athletic Conference Championship
Salisbury University,495,200 Im,5,1:54.02,Bordy Hanlon,,Arena Yellow Jacket Invitational
Salisbury University,495,200 Im,6,1:56.10,Daniel Grigoryev,,New Jersey Athletic Conference Championship
Salisbury University,495,200 Im,7,1:56.18,Mark Dattilio,,Arena Yellow Jacket Invitational
Salisbury University,495,200 Im,8,1:56.88,Matt Merke,,Arena Yellow Jacket Invitational
Salisbury University,495,200 Im,9,1:57.22,Griffin Harris,,Arena Yellow Jacket Invitational
Salisbury University,495,200 Im,10,1:57.86,Brady Wolf,,Arena Yellow Jacket Invitational
Salisbury University,495,400 Im,1,3:58.95,Ethan Lloyd,,New Jersey Athletic Conference Championship
Salisbury University,495,400 Im,2,4:02.73,Matt Merke,,Arena Yellow Jacket Invitational
Salisbury University,495,400 Im,3,4:02.90,Brady Wolf,,New Jersey Athletic Conference Championship
Salisbury University,495,400 Im,4,4:05.19,Shad Frantz,,New Jersey Athletic Conference Championship
Salisbury University,495,400 Im,5,4:06.52,Owen Mahoney,,Catholic vs. Salisbury
Salisbury University,495,400 Im,6,4:10.18,Ethan Litteken,,New Jersey Athletic Conference Championship
Salisbury University,495,400 Im,7,4:16.64,Mark Dattilio,,Arena Yellow Jacket Invitational
Salisbury University,495,50 Free,1,20.17,Mason Potts,,Arena Yellow Jacket Invitational
Salisbury University,495,50 Free,2,20.48,Mike DeSimone,,Arena Yellow Jacket Invitational
Salisbury University,495,50 Free,3,20.62,Owen Brewer,,Arena Yellow Jacket Invitational
Salisbury University,495,50 Free,4,20.68,Cameron Byrd,,New Jersey Athletic Conference Championship
Salisbury University,495,50 Free,5,20.91,Aidan Loehr,,Arena Yellow Jacket Invitational
Salisbury University,495,50 Free,6,21.05,Everett Rachael,,Arena Yellow Jacket Invitational
Salisbury University,495,50 Free,7,21.10,Themo Rigakos,,Arena Yellow Jacket Invitational
Salisbury University,495,50 Free,8,21.71,Shane Hall,,Salisbury vs. Franklin & Marshall 2026
Salisbury University,495,50 Free,9,21.86,Owen Mahoney,,Salisbury vs. Franklin & Marshall 2026
Salisbury University,495,50 Free,10,21.91,Nicholas Corcoran,,Arena Yellow Jacket Invitational
Salisbury University,495,500 Free,1,4:30.79,Owen Mahoney,,New Jersey Athletic Conference Championship
Salisbury University,495,500 Free,2,4:33.72,Ethan Lloyd,,New Jersey Athletic Conference Championship
Salisbury University,495,500 Free,3,4:38.48,Matt Merke,,Arena Yellow Jacket Invitational
Salisbury University,495,500 Free,4,4:39.16,Kyle Skelly,,New Jersey Athletic Conference Championship
Salisbury University,495,500 Free,5,4:43.16,David Gardner,,New Jersey Athletic Conference Championship
Salisbury University,495,500 Free,6,4:43.84,Shad Frantz,,Arena Yellow Jacket Invitational
Salisbury University,495,500 Free,7,4:43.87,Shane Hall,,New Jersey Athletic Conference Championship
Salisbury University,495,500 Free,8,4:44.18,Gabriel Erb,,New Jersey Athletic Conference Championship
Salisbury University,495,500 Free,9,4:46.18,Troy Rowe,,New Jersey Athletic Conference Championship
Salisbury University,495,500 Free,10,4:46.23,Ethan Litteken,,New Jersey Athletic Conference Championship
State University of New York at Geneseo,346,100 Back,1,51.21,Dylan Gallub,,Empire 8 Conference Championships
State University of New York at Geneseo,346,100 Back,2,51.25,Alex Trzaskowski,,Empire 8 Conference Championships
State University of New York at Geneseo,346,100 Back,3,51.51,Arman Tresnjo,,Empire 8 Conference Championships
State University of New York at Geneseo,346,100 Back,4,51.61,Edmund Wilson,,Empire 8 Conference Championships
State University of New York at Geneseo,346,100 Back,5,51.73,Chris Varrichio,,Empire 8 Conference Championships
State University of New York at Geneseo,346,100 Back,6,51.75,Gannon Moore,,Empire 8 Conference Championships
State University of New York at Geneseo,346,100 Back,7,52.38,Alex Palmer,,Alfred vs Geneseo
State University of New York at Geneseo,346,100 Back,8,52.89,Connor Baird,,D3 Shootout
State University of New York at Geneseo,346,100 Back,9,54.14,Casey Connors,,Total Performance Invitational
State University of New York at Geneseo,346,100 Back,10,55.56,Peter Peyser,,D3 Shootout
State University of New York at Geneseo,346,100 Breast,1,54.15,Jake Nielsen,,Total Performance Invitational
State University of New York at Geneseo,346,100 Breast,2,54.30,Alex Palmer,,Total Performance Invitational
State University of New York at Geneseo,346,100 Breast,3,55.13,Peter Peyser,,Total Performance Invitational
State University of New York at Geneseo,346,100 Breast,4,57.55,Ciaran Keane,,Total Performance Invitational
State University of New York at Geneseo,346,100 Breast,5,57.90,Alex Stoker,,Total Performance Invitational
State University of New York at Geneseo,346,100 Breast,6,57.98,Connor Baird,,Brockport vs. Geneseo
State University of New York at Geneseo,346,100 Breast,7,1:01.61,Lucas Keahon,,Total Performance Invitational
State University of New York at Geneseo,346,100 Breast,8,1:01.98,Ryan Clark,,Total Performance Invitational
State University of New York at Geneseo,346,100 Breast,9,1:02.89,Oliver Lutz,,Brockport vs. Geneseo
State University of New York at Geneseo,346,100 Breast,10,1:03.72,Chris Varrichio,,Brockport vs. Geneseo
State University of New York at Geneseo,346,100 Fly,1,49.38,Jack Keene,,Empire 8 Conference Championships
State University of New York at Geneseo,346,100 Fly,2,49.41,Brian Pabisch,,Total Performance Invitational
State University of New York at Geneseo,346,100 Fly,3,49.54,Connor Baird,,Empire 8 Conference Championships
State University of New York at Geneseo,346,100 Fly,4,50.72,Dylan Gallub,,Ithaca vs. SUNY-Geneseo
State University of New York at Geneseo,346,100 Fly,5,50.91,Aidan Saladino,,Empire 8 Conference Championships
State University of New York at Geneseo,346,100 Fly,6,51.66,Kyle Terri,,Empire 8 Conference Championships
State University of New York at Geneseo,346,100 Fly,7,52.58,Peter LaJeunesse IV,,Empire 8 Conference Championships
State University of New York at Geneseo,346,100 Fly,8,52.83,Peter Peyser,,Empire 8 Conference Championships
State University of New York at Geneseo,346,100 Fly,9,53.20,Lucas Keahon,,Empire 8 Conference Championships
State University of New York at Geneseo,346,100 Fly,10,53.44,Jake Nielsen,,Brockport vs. Geneseo
State University of New York at Geneseo,346,100 Free,1,44.96,Jake Nielsen,,Total Performance Invitational
State University of New York at Geneseo,346,100 Free,2,44.98,Brian Pabisch,,Total Performance Invitational
State University of New York at Geneseo,346,100 Free,3,45.75,Peter Peyser,,Total Performance Invitational
State University of New York at Geneseo,346,100 Free,4,46.19,Dylan Gallub,,Empire 8 Conference Championships
State University of New York at Geneseo,346,100 Free,5,46.33,Matthew Pinzon Pacheco,,Empire 8 Conference Championships
State University of New York at Geneseo,346,100 Free,6,46.52,Nick Lemmo,,Empire 8 Conference Championships
State University of New York at Geneseo,346,100 Free,7,46.54,Chris Varrichio,,Empire 8 Conference Championships
State University of New York at Geneseo,346,100 Free,8,46.81,Jack Keene,,Empire 8 Conference Championships
State University of New York at Geneseo,346,100 Free,9,46.82,Casey Connors,,Total Performance Invitational
State University of New York at Geneseo,346,100 Free,10,46.82,Kyle Terri,,Empire 8 Conference Championships
State University of New York at Geneseo,346,1000 Free,1,9:55.76,Colin Babbitt,,Ithaca vs. SUNY-Geneseo
State University of New York at Geneseo,346,1000 Free,2,10:02.89,Oliver Lutz,,Ithaca vs. SUNY-Geneseo
State University of New York at Geneseo,346,1000 Free,3,10:13.08,Max Leroy,,Empire 8 Conference Championships
State University of New York at Geneseo,346,1000 Free,4,10:20.49,Lucas Keahon,,Alfred vs Geneseo
State University of New York at Geneseo,346,1000 Free,5,10:21.29,Will Fagan,,Ithaca vs. SUNY-Geneseo
State University of New York at Geneseo,346,1650 Free,1,16:28.64,Colin Babbitt,,Empire 8 Conference Championships
State University of New York at Geneseo,346,1650 Free,2,16:39.18,Oliver Lutz,,Empire 8 Conference Championships
State University of New York at Geneseo,346,1650 Free,3,16:49.47,Max Leroy,,Empire 8 Conference Championships
State University of New York at Geneseo,346,1650 Free,4,17:31.44,Will Fagan,,Empire 8 Conference Championships
State University of New York at Geneseo,346,200 Back,1,1:52.38,Edmund Wilson,,Empire 8 Conference Championships
State University of New York at Geneseo,346,200 Back,2,1:53.62,Alex Trzaskowski,,Total Performance Invitational
State University of New York at Geneseo,346,200 Back,3,1:53.78,Chris Varrichio,,Total Performance Invitational
State University of New York at Geneseo,346,200 Back,4,1:55.13,Alex Palmer,,Alfred vs Geneseo
State University of New York at Geneseo,346,200 Back,5,1:56.48,Gannon Moore,,Empire 8 Conference Championships
State University of New York at Geneseo,346,200 Back,6,1:56.56,Colin Babbitt,,D3 Shootout
State University of New York at Geneseo,346,200 Back,7,2:13.87,Delwin Santana,,"Geneseo vs. RIT, Trinity"
State University of New York at Geneseo,346,200 Breast,1,1:58.37,Alex Palmer,,Total Performance Invitational
State University of New York at Geneseo,346,200 Breast,2,2:04.77,Ciaran Keane,,Empire 8 Conference Championships
State University of New York at Geneseo,346,200 Breast,3,2:06.05,Alex Stoker,,Empire 8 Conference Championships
State University of New York at Geneseo,346,200 Breast,4,2:07.76,Connor Baird,,D3 Shootout
State University of New York at Geneseo,346,200 Breast,5,2:13.05,Oliver Lutz,,Total Performance Invitational
State University of New York at Geneseo,346,200 Breast,6,2:18.49,Lucas Keahon,,2026 RIT vs Geneseo
State University of New York at Geneseo,346,200 Fly,1,1:51.04,Connor Baird,,Empire 8 Conference Championships
State University of New York at Geneseo,346,200 Fly,2,1:53.11,Jack Keene,,Empire 8 Conference Championships
State University of New York at Geneseo,346,200 Fly,3,1:56.59,Aidan Saladino,,Empire 8 Conference Championships
State University of New York at Geneseo,346,200 Fly,4,2:01.95,Colin Babbitt,,D3 Shootout
State University of New York at Geneseo,346,200 Fly,5,2:02.71,Kyle Terri,,Ithaca vs. SUNY-Geneseo
State University of New York at Geneseo,346,200 Fly,6,2:03.50,Max Leroy,,Brockport vs. Geneseo
State University of New York at Geneseo,346,200 Fly,7,2:03.56,Jonathan Larice,,Empire 8 Conference Championships
State University of New York at Geneseo,346,200 Fly,8,2:05.35,Delwin Santana,,Total Performance Invitational
State University of New York at Geneseo,346,200 Fly,9,2:07.14,Will Fagan,,Alfred vs Geneseo
State University of New York at Geneseo,346,200 Fly,10,2:07.44,Peter LaJeunesse IV,,Empire 8 Conference Championships
State University of New York at Geneseo,346,200 Free,1,1:41.76,Dylan Gallub,,Empire 8 Conference Championships
State University of New York at Geneseo,346,200 Free,2,1:42.20,Matthew Pinzon Pacheco,,Total Performance Invitational
State University of New York at Geneseo,346,200 Free,3,1:43.44,Casey Connors,,Empire 8 Conference Championships
State University of New York at Geneseo,346,200 Free,4,1:43.60,Nick Lemmo,,Empire 8 Conference Championships
State University of New York at Geneseo,346,200 Free,5,1:43.65,Gannon Moore,,Empire 8 Conference Championships
State University of New York at Geneseo,346,200 Free,6,1:43.94,Lucas Keahon,,Empire 8 Conference Championships
State University of New York at Geneseo,346,200 Free,7,1:44.34,Arman Tresnjo,,Empire 8 Conference Championships
State University of New York at Geneseo,346,200 Free,8,1:44.55,Kyle Terri,,Empire 8 Conference Championships
State University of New York at Geneseo,346,200 Free,9,1:44.72,Chris Varrichio,,Empire 8 Conference Championships
State University of New York at Geneseo,346,200 Free,10,1:45.17,Peter Peyser,,D3 Shootout
State University of New York at Geneseo,346,200 Im,1,1:49.57,Alex Palmer,,Empire 8 Conference Championships
State University of New York at Geneseo,346,200 Im,2,1:50.84,Connor Baird,,Empire 8 Conference Championships
State University of New York at Geneseo,346,200 Im,3,1:56.03,Lucas Keahon,,Empire 8 Conference Championships
State University of New York at Geneseo,346,200 Im,4,1:57.17,Alex Stoker,,Empire 8 Conference Championships
State University of New York at Geneseo,346,200 Im,5,1:57.36,Edmund Wilson,,Empire 8 Conference Championships
State University of New York at Geneseo,346,200 Im,6,1:57.42,Ciaran Keane,,Empire 8 Conference Championships
State University of New York at Geneseo,346,200 Im,7,1:57.48,Aidan Saladino,,Empire 8 Conference Championships
State University of New York at Geneseo,346,200 Im,8,2:00.32,Jack Keene,,Total Performance Invitational
State University of New York at Geneseo,346,200 Im,9,2:02.41,Oliver Lutz,,"Geneseo vs. RIT, Trinity"
State University of New York at Geneseo,346,200 Im,10,2:05.99,Colin Babbitt,,"Geneseo vs. Behrend, Brockport, Grove City"
State University of New York at Geneseo,346,400 Im,1,4:01.59,Connor Baird,,Total Performance Invitational
State University of New York at Geneseo,346,400 Im,2,4:13.50,Oliver Lutz,,Empire 8 Conference Championships
State University of New York at Geneseo,346,400 Im,3,4:14.82,Colin Babbitt,,Empire 8 Conference Championships
State University of New York at Geneseo,346,400 Im,4,4:20.42,Will Fagan,,Empire 8 Conference Championships
State University of New York at Geneseo,346,400 Im,5,4:29.13,Max Leroy,,2026 RIT vs Geneseo
State University of New York at Geneseo,346,50 Free,1,20.03,Brian Pabisch,,Total Performance Invitational
State University of New York at Geneseo,346,50 Free,2,20.20,Jake Nielsen,,Total Performance Invitational
State University of New York at Geneseo,346,50 Free,3,20.70,Dylan Gallub,,Empire 8 Conference Championships
State University of New York at Geneseo,346,50 Free,4,20.86,Nick Lemmo,,Empire 8 Conference Championships
State University of New York at Geneseo,346,50 Free,5,20.92,Peter Peyser,,Total Performance Invitational
State University of New York at Geneseo,346,50 Free,6,20.93,Matthew Pinzon Pacheco,,Total Performance Invitational
State University of New York at Geneseo,346,50 Free,7,20.98,Arman Tresnjo,,Empire 8 Conference Championships
State University of New York at Geneseo,346,50 Free,8,21.12,Kyle Terri,,Empire 8 Conference Championships
State University of New York at Geneseo,346,50 Free,9,21.16,Alex Trzaskowski,,Empire 8 Conference Championships
State University of New York at Geneseo,346,50 Free,10,21.28,Gannon Moore,,Empire 8 Conference Championships
State University of New York at Geneseo,346,500 Free,1,4:42.22,Colin Babbitt,,Empire 8 Conference Championships
State University of New York at Geneseo,346,500 Free,2,4:45.95,Max Leroy,,Empire 8 Conference Championships
State University of New York at Geneseo,346,500 Free,3,4:48.61,Oliver Lutz,,Empire 8 Conference Championships
State University of New York at Geneseo,346,500 Free,4,4:56.60,Will Fagan,,Empire 8 Conference Championships
State University of New York at Geneseo,346,500 Free,5,5:01.52,Lucas Keahon,,Total Performance Invitational
State University of New York at Geneseo,346,500 Free,6,5:04.06,Chris Boucree,,Total Performance Invitational
State University of New York at Geneseo,346,500 Free,7,5:07.76,Dylan Gallub,,Brockport vs. Geneseo
State University of New York at Geneseo,346,500 Free,8,5:13.52,Brian Pabisch,,Brockport vs. Geneseo
Swarthmore College,315,100 Back,1,48.74,Cami Wilson,,Centennial Conference Championships
Swarthmore College,315,100 Back,2,50.53,Dylan Herink,,Centennial Conference Championships
Swarthmore College,315,100 Back,3,51.61,Matvey Ivanov,,Centennial Conference Championships
Swarthmore College,315,100 Back,4,52.20,Danny Castle,,F&M Invitational
Swarthmore College,315,100 Back,5,52.24,Nolan Weygandt,,Centennial Conference Championships
Swarthmore College,315,100 Back,6,52.45,Lester Wessels,,F&M Invitational
Swarthmore College,315,100 Back,7,52.58,Matthew Kim,,D3 Shootout
Swarthmore College,315,100 Back,8,53.89,Theodore Kim,,Swarthmore vs. Gettysburg
Swarthmore College,315,100 Back,9,54.10,Sean Neirynck,,D3 Shootout
Swarthmore College,315,100 Back,10,54.63,Luke Magnuson,,F&M Invitational
Swarthmore College,315,100 Breast,1,56.01,Dylan Herink,,Centennial Conference Championships
Swarthmore College,315,100 Breast,2,57.86,Dylan Ling,,Centennial Conference Championships
Swarthmore College,315,100 Breast,3,58.21,Tim Fan,,Centennial Conference Championships
Swarthmore College,315,100 Breast,4,58.33,Jayden Wang,,Centennial Conference Championships
Swarthmore College,315,100 Breast,5,59.00,Will Trone,,Swarthmore vs. Gettysburg
Swarthmore College,315,100 Breast,6,59.51,Damian Rene,,Swarthmore vs. Gettysburg
Swarthmore College,315,100 Breast,7,1:01.09,Matthew Kim,,F&M Invitational
Swarthmore College,315,100 Fly,1,46.91,Cami Wilson,,Centennial Conference Championships
Swarthmore College,315,100 Fly,2,49.01,Luke Magnuson,,Centennial Conference Championships
Swarthmore College,315,100 Fly,3,49.28,Levi Tipton,,Centennial Conference Championships
Swarthmore College,315,100 Fly,4,50.13,Dylan Ling,,Centennial Conference Championships
Swarthmore College,315,100 Fly,5,51.05,Tim Fan,,F&M Invitational
Swarthmore College,315,100 Fly,6,51.12,Sam Peterson,,F&M Invitational
Swarthmore College,315,100 Fly,7,51.45,Zayden Ramos,,Swarthmore vs. Gettysburg
Swarthmore College,315,100 Fly,8,51.72,Matthew Kim,,F&M Invitational
Swarthmore College,315,100 Fly,9,51.77,Matvey Ivanov,,Centennial Conference Championships
Swarthmore College,315,100 Fly,10,52.31,Jake Zarak,,Swarthmore vs. Gettysburg
Swarthmore College,315,100 Free,1,45.19,Levi Tipton,,Centennial Conference Championships
Swarthmore College,315,100 Free,2,45.80,Danny Castle,,Centennial Conference Championships
Swarthmore College,315,100 Free,3,46.02,Benton Greenberg,,Centennial Conference Championships
Swarthmore College,315,100 Free,4,46.08,Sean Neirynck,,Centennial Conference Championships
Swarthmore College,315,100 Free,5,46.22,Luke Magnuson,,Centennial Conference Championships
Swarthmore College,315,100 Free,6,46.52,Cami Wilson,,D3 Shootout
Swarthmore College,315,100 Free,7,46.97,Damian Rene,,Swarthmore vs. Gettysburg
Swarthmore College,315,100 Free,8,47.40,Zayden Ramos,,Swarthmore vs. Gettysburg
Swarthmore College,315,100 Free,9,47.69,Jack Boerner,,Centennial Conference Championships
Swarthmore College,315,100 Free,10,47.74,Andrew Hendrickson,,Swarthmore vs. Gettysburg
Swarthmore College,315,1000 Free,1,9:51.07,Jaime Taylor,,Johns Hopkins v Swarthmore
Swarthmore College,315,1000 Free,2,10:01.39,Theodore Kim,,TCNJ vs Swarthmore vs Kean
Swarthmore College,315,1000 Free,3,10:30.72,Andrew Hendrickson,,Johns Hopkins v Swarthmore
Swarthmore College,315,1650 Free,1,16:29.34,Jaime Taylor,,Swarthmore vs. Gettysburg
Swarthmore College,315,1650 Free,2,16:48.41,Theodore Kim,,Swarthmore vs. Gettysburg
Swarthmore College,315,200 Back,1,1:49.80,Dylan Herink,,Centennial Conference Championships
Swarthmore College,315,200 Back,2,1:52.12,Nolan Weygandt,,Centennial Conference Championships
Swarthmore College,315,200 Back,3,1:54.19,Matthew Kim,,Centennial Conference Championships
Swarthmore College,315,200 Back,4,1:56.50,Matvey Ivanov,,Johns Hopkins v Swarthmore
Swarthmore College,315,200 Back,5,1:56.61,Theodore Kim,,F&M Invitational
Swarthmore College,315,200 Back,6,1:57.63,Lester Wessels,,F&M Invitational
Swarthmore College,315,200 Breast,1,2:05.77,Tim Fan,,Centennial Conference Championships
Swarthmore College,315,200 Breast,2,2:10.16,Jayden Wang,,Swarthmore vs. Gettysburg
Swarthmore College,315,200 Breast,3,2:12.03,Will Trone,,Swarthmore vs. Gettysburg
Swarthmore College,315,200 Breast,4,2:13.88,Dylan Herink,,D3 Shootout
Swarthmore College,315,200 Breast,5,2:15.47,Dylan Ling,,Swarthmore vs. Gettysburg
Swarthmore College,315,200 Breast,6,2:23.77,Damian Rene,,Swarthmore vs. Salisbury
Swarthmore College,315,200 Fly,1,1:50.48,Mateo Smith,,Centennial Conference Championships
Swarthmore College,315,200 Fly,2,1:52.83,Sam Peterson,,F&M Invitational
Swarthmore College,315,200 Fly,3,1:53.11,Dylan Ling,,Centennial Conference Championships
Swarthmore College,315,200 Fly,4,1:59.19,Tim Fan,,Johns Hopkins v Swarthmore
Swarthmore College,315,200 Fly,5,2:05.09,Zayden Ramos,,F&M Invitational
Swarthmore College,315,200 Fly,6,2:10.35,Luke Magnuson,,Centennial East Quad Meet
Swarthmore College,315,200 Free,1,1:38.55,Danny Castle,,Centennial Conference Championships
Swarthmore College,315,200 Free,2,1:40.76,Sean Neirynck,,Centennial Conference Championships
Swarthmore College,315,200 Free,3,1:41.27,Jack Boerner,,Centennial Conference Championships
Swarthmore College,315,200 Free,4,1:42.14,Sam Peterson,,Centennial Conference Championships
Swarthmore College,315,200 Free,5,1:42.79,Benton Greenberg,,Centennial Conference Championships
Swarthmore College,315,200 Free,6,1:42.95,Mateo Smith,,Centennial Conference Championships
Swarthmore College,315,200 Free,7,1:45.48,Andrew Hendrickson,,Swarthmore vs. Gettysburg
Swarthmore College,315,200 Free,8,1:46.25,Jaime Taylor,,F&M Invitational
Swarthmore College,315,200 Free,9,1:48.21,Theodore Kim,,F&M Invitational
Swarthmore College,315,200 Free,10,1:49.23,Nolan Weygandt,,Swarthmore vs. Salisbury
Swarthmore College,315,200 Im,1,1:51.16,Dylan Herink,,Centennial Conference Championships
Swarthmore College,315,200 Im,2,1:52.52,Nolan Weygandt,,Centennial Conference Championships
Swarthmore College,315,200 Im,3,1:54.24,Sean Neirynck,,Centennial Conference Championships
Swarthmore College,315,200 Im,4,1:54.47,Cami Wilson,,Swarthmore vs. Gettysburg
Swarthmore College,315,200 Im,5,1:56.75,Matthew Kim,,TCNJ vs Swarthmore vs Kean
Swarthmore College,315,200 Im,6,1:59.58,Will Trone,,Swarthmore vs. Gettysburg
Swarthmore College,315,200 Im,7,2:00.02,Jayden Wang,,Centennial Conference Championships
Swarthmore College,315,200 Im,8,2:00.60,Danny Castle,,Swarthmore vs. Salisbury
Swarthmore College,315,200 Im,9,2:02.40,Mateo Smith,,Washington vs. Swarthmore
Swarthmore College,315,200 Im,10,2:03.03,Lester Wessels,,Swarthmore vs. Gettysburg
Swarthmore College,315,400 Im,1,4:04.95,Mateo Smith,,Centennial Conference Championships
Swarthmore College,315,400 Im,2,4:06.73,Matthew Kim,,Centennial Conference Championships
Swarthmore College,315,400 Im,3,4:07.45,Sean Neirynck,,F&M Invitational
Swarthmore College,315,400 Im,4,4:12.84,Dylan Herink,,D3 Shootout
Swarthmore College,315,400 Im,5,4:16.59,Jaime Taylor,,F&M Invitational
Swarthmore College,315,50 Free,1,20.03,Cami Wilson,,Centennial Conference Championships
Swarthmore College,315,50 Free,2,20.70,Luke Magnuson,,Centennial Conference Championships
Swarthmore College,315,50 Free,3,20.79,Levi Tipton,,Centennial Conference Championships
Swarthmore College,315,50 Free,4,21.09,Danny Castle,,Centennial Conference Championships
Swarthmore College,315,50 Free,5,21.26,Benton Greenberg,,Centennial Conference Championships
Swarthmore College,315,50 Free,6,21.47,Zayden Ramos,,Swarthmore vs. Gettysburg
Swarthmore College,315,50 Free,7,21.70,Damian Rene,,F&M Invitational
Swarthmore College,315,50 Free,8,21.75,Jack Boerner,,Centennial Conference Championships
Swarthmore College,315,50 Free,9,21.92,Jake Zarak,,Swarthmore vs. Gettysburg
Swarthmore College,315,50 Free,10,22.05,Dylan Ling,,Rowan vs. Swathmore
Swarthmore College,315,500 Free,1,4:39.84,Matthew Kim,,Centennial Conference Championships
Swarthmore College,315,500 Free,2,4:40.31,Danny Castle,,D3 Shootout
Swarthmore College,315,500 Free,3,4:40.48,Mateo Smith,,Centennial Conference Championships
Swarthmore College,315,500 Free,4,4:41.73,Andrew Hendrickson,,Swarthmore vs. Gettysburg
Swarthmore College,315,500 Free,5,4:44.45,Jaime Taylor,,Swarthmore vs. Gettysburg
Swarthmore College,315,500 Free,6,4:47.14,Sean Neirynck,,D3 Shootout
Swarthmore College,315,500 Free,7,4:47.58,Sam Peterson,,Centennial Conference Championships
Swarthmore College,315,500 Free,8,4:48.61,Theodore Kim,,F&M Invitational
Swarthmore College,315,500 Free,9,5:00.23,Dylan Herink,,Rowan vs. Swathmore
Trinity University (Texas),322,100 Back,1,48.11,Jack Hester,,Trinity University Tiger Invitational -
Trinity University (Texas),322,100 Back,2,51.83,Apollo Aceves,,Trinity University Tiger Invitational -
Trinity University (Texas),322,100 Back,3,52.65,John Key,,D3 Shootout
Trinity University (Texas),322,100 Back,4,52.88,Owen Flynn,,SAA Conference Championship
Trinity University (Texas),322,100 Back,5,54.43,Enzo Fiorese,,Trinity University (Texas) Intrasquad
Trinity University (Texas),322,100 Back,6,54.49,Grant Bibza,,Trinity University Tiger Invitational -
Trinity University (Texas),322,100 Back,7,54.70,Max Buchwald,,SAA Conference Championship
Trinity University (Texas),322,100 Back,8,1:02.40,Wiley Sikes,,Trinity University (Texas) Intrasquad
Trinity University (Texas),322,100 Breast,1,54.51,Daniel Apostol,,SAA Conference Championship
Trinity University (Texas),322,100 Breast,2,56.17,Caleb del Rosario,,SAA Conference Championship
Trinity University (Texas),322,100 Breast,3,56.51,John Key,,SAA Conference Championship
Trinity University (Texas),322,100 Breast,4,56.95,Nathan Lumsdaine,,SAA Conference Championship
Trinity University (Texas),322,100 Breast,5,59.91,Apollo Aceves,,Colonel Classic
Trinity University (Texas),322,100 Breast,6,1:00.59,Ian Truong,,SAA Conference Championship
Trinity University (Texas),322,100 Breast,7,1:00.70,Grant Bibza,,TCU vs. Trinity
Trinity University (Texas),322,100 Breast,8,1:00.94,Ryan O'Leary,,TCU vs. Trinity
Trinity University (Texas),322,100 Fly,1,49.58,Nate Perez,,SAA Conference Championship
Trinity University (Texas),322,100 Fly,2,50.12,Will Walker,,SAA Conference Championship
Trinity University (Texas),322,100 Fly,3,50.54,Nickolas Rotolo,,SAA Conference Championship
Trinity University (Texas),322,100 Fly,4,50.76,Trace Briones,,SAA Conference Championship
Trinity University (Texas),322,100 Fly,5,51.53,Apollo Aceves,,Trinity University Tiger Invitational -
Trinity University (Texas),322,100 Fly,6,51.53,Daniel Apostol,,Trinity v UIW
Trinity University (Texas),322,100 Fly,7,52.04,Chase Hays,,Colonel Classic
Trinity University (Texas),322,100 Fly,8,52.78,Ian Truong,,SAA Conference Championship
Trinity University (Texas),322,100 Fly,9,53.09,Sean Easley,,Trinity University Tiger Invitational -
Trinity University (Texas),322,100 Fly,10,53.95,Ryan O'Leary,,SAA Conference Championship
Trinity University (Texas),322,100 Free,1,45.47,Jack Hester,,Trinity University Tiger Invitational -
Trinity University (Texas),322,100 Free,2,45.88,Chase Hays,,Trinity University Tiger Invitational -
Trinity University (Texas),322,100 Free,3,45.92,Nate Perez,,Trinity University Tiger Invitational -
Trinity University (Texas),322,100 Free,4,46.08,Trace Briones,,SAA Conference Championship
Trinity University (Texas),322,100 Free,5,46.61,Will Walker,,Trinity University Tiger Invitational -
Trinity University (Texas),322,100 Free,6,46.83,Sean Easley,,SAA Conference Championship
Trinity University (Texas),322,100 Free,7,46.97,Luke Fender,,D3 Shootout
Trinity University (Texas),322,100 Free,8,47.29,Caleb del Rosario,,Trinity University Tiger Invitational -
Trinity University (Texas),322,100 Free,9,47.43,Daniel Apostol,,Trinity University Tiger Invitational -
Trinity University (Texas),322,100 Free,10,47.67,Jason Allen,,SAA Conference Championship
Trinity University (Texas),322,1000 Free,1,9:29.38,Luke Fender,,SAA Conference Championship
Trinity University (Texas),322,1000 Free,2,9:45.99,Theodore Ho,,SAA Conference Championship
Trinity University (Texas),322,1000 Free,3,10:03.83,Sean Easley,,"Geneseo vs. RIT, Trinity"
Trinity University (Texas),322,1650 Free,1,15:40.67,Luke Fender,,SAA Conference Championship
Trinity University (Texas),322,1650 Free,2,16:13.87,Theodore Ho,,Trinity University Tiger Invitational -
Trinity University (Texas),322,200 Back,1,1:45.71,Jack Hester,,SAA Conference Championship
Trinity University (Texas),322,200 Back,2,1:53.80,Apollo Aceves,,Trinity University Tiger Invitational -
Trinity University (Texas),322,200 Back,3,1:58.31,Grant Bibza,,D3 Shootout
Trinity University (Texas),322,200 Back,4,1:59.91,John Key,,Colonel Classic
Trinity University (Texas),322,200 Back,5,2:06.49,Max Buchwald,,Trinity University Tiger Invitational -
Trinity University (Texas),322,200 Back,6,2:08.72,Owen Flynn,,TCU vs. Trinity
Trinity University (Texas),322,200 Breast,1,2:03.34,John Key,,Trinity University Tiger Invitational -
Trinity University (Texas),322,200 Breast,2,2:03.72,Nathan Lumsdaine,,SAA Conference Championship
Trinity University (Texas),322,200 Breast,3,2:04.10,Ryan O'Leary,,SAA Conference Championship
Trinity University (Texas),322,200 Breast,4,2:04.77,Caleb del Rosario,,Trinity University Tiger Invitational -
Trinity University (Texas),322,200 Breast,5,2:05.43,Grant Bibza,,Trinity University Tiger Invitational -
Trinity University (Texas),322,200 Breast,6,2:06.14,Daniel Apostol,,SAA Conference Championship
Trinity University (Texas),322,200 Breast,7,2:08.17,Owen Flynn,,SAA Conference Championship
Trinity University (Texas),322,200 Breast,8,2:09.06,Theodore Ho,,Trinity (TX) vs. UT Permian Basin
Trinity University (Texas),322,200 Fly,1,1:51.68,Nickolas Rotolo,,Trinity University Tiger Invitational -
Trinity University (Texas),322,200 Fly,2,1:53.73,Will Walker,,SAA Conference Championship
Trinity University (Texas),322,200 Fly,3,1:58.04,Ryan O'Leary,,Trinity v UIW
Trinity University (Texas),322,200 Fly,4,1:58.93,Apollo Aceves,,"Geneseo vs. RIT, Trinity"
Trinity University (Texas),322,200 Fly,5,1:59.15,Nate Perez,,D3 Shootout
Trinity University (Texas),322,200 Free,1,1:38.98,Luke Fender,,Trinity University Tiger Invitational -
Trinity University (Texas),322,200 Free,2,1:40.96,Sean Easley,,SAA Conference Championship
Trinity University (Texas),322,200 Free,3,1:42.44,Theodore Ho,,D3 Shootout
Trinity University (Texas),322,200 Free,4,1:43.04,Jason Allen,,SAA Conference Championship
Trinity University (Texas),322,200 Free,5,1:43.23,Nate Perez,,Trinity University Tiger Invitational -
Trinity University (Texas),322,200 Free,6,1:43.56,Will Walker,,Trinity University Tiger Invitational -
Trinity University (Texas),322,200 Free,7,1:43.62,John Key,,SAA Conference Championship
Trinity University (Texas),322,200 Free,8,1:43.77,Jack Hester,,Trinity v UIW
Trinity University (Texas),322,200 Free,9,1:44.61,Chase Hays,,SAA Conference Championship
Trinity University (Texas),322,200 Free,10,1:46.00,Ryan O'Leary,,"Geneseo vs. RIT, Trinity"
Trinity University (Texas),322,200 Im,1,1:52.25,John Key,,Trinity University Tiger Invitational -
Trinity University (Texas),322,200 Im,2,1:52.50,Grant Bibza,,Trinity University Tiger Invitational -
Trinity University (Texas),322,200 Im,3,1:52.93,Caleb del Rosario,,Trinity University Tiger Invitational -
Trinity University (Texas),322,200 Im,4,1:52.98,Ryan O'Leary,,SAA Conference Championship
Trinity University (Texas),322,200 Im,5,1:53.21,Apollo Aceves,,SAA Conference Championship
Trinity University (Texas),322,200 Im,6,1:55.86,Nathan Lumsdaine,,SAA Conference Championship
Trinity University (Texas),322,200 Im,7,1:57.64,Owen Flynn,,SAA Conference Championship
Trinity University (Texas),322,200 Im,8,1:59.30,Theodore Ho,,Trinity (TX) vs. UT Permian Basin
Trinity University (Texas),322,200 Im,9,2:00.15,Jack Hester,,Trinity University (Texas) Intrasquad
Trinity University (Texas),322,200 Im,10,2:00.39,Sean Easley,,Trinity University Tiger Invitational -
Trinity University (Texas),322,400 Im,1,4:01.45,Theodore Ho,,SAA Conference Championship
Trinity University (Texas),322,400 Im,2,4:01.63,Ryan O'Leary,,SAA Conference Championship
Trinity University (Texas),322,400 Im,3,4:03.04,Grant Bibza,,Trinity University Tiger Invitational -
Trinity University (Texas),322,400 Im,4,4:05.60,Luke Fender,,Trinity University Tiger Invitational -
Trinity University (Texas),322,400 Im,5,4:06.24,Apollo Aceves,,SAA Conference Championship
Trinity University (Texas),322,400 Im,6,4:07.03,John Key,,D3 Shootout
Trinity University (Texas),322,50 Free,1,20.70,Jack Hester,,SAA Conference Championship
Trinity University (Texas),322,50 Free,2,20.86,Nate Perez,,SAA Conference Championship
Trinity University (Texas),322,50 Free,3,20.89,Trace Briones,,SAA Conference Championship
Trinity University (Texas),322,50 Free,4,21.03,Daniel Apostol,,SAA Conference Championship
Trinity University (Texas),322,50 Free,5,21.18,Chase Hays,,SAA Conference Championship
Trinity University (Texas),322,50 Free,6,21.49,Will Walker,,Trinity University Tiger Invitational -
Trinity University (Texas),322,50 Free,7,21.74,Ian Truong,,SAA Conference Championship
Trinity University (Texas),322,50 Free,8,21.76,Luke Fender,,SAA Conference Championship
Trinity University (Texas),322,50 Free,9,22.12,Jason Allen,,Colonel Classic
Trinity University (Texas),322,50 Free,10,22.43,Sean Easley,,"Geneseo vs. RIT, Trinity"
Trinity University (Texas),322,500 Free,1,4:27.18,Luke Fender,,Trinity University Tiger Invitational -
Trinity University (Texas),322,500 Free,2,4:32.72,Theodore Ho,,SAA Conference Championship
Trinity University (Texas),322,500 Free,3,4:36.93,Sean Easley,,SAA Conference Championship
Trinity University (Texas),322,500 Free,4,4:37.22,Nickolas Rotolo,,SAA Conference Championship
Trinity University (Texas),322,500 Free,5,4:48.16,Jason Allen,,SAA Conference Championship
Trinity University (Texas),322,500 Free,6,4:56.59,Will Walker,,Colonel Classic
Tufts University,49,100 Back,1,49.16,Spencer Thompson,,NESCAC Mens Championships
Tufts University,49,100 Back,2,49.46,Nicolas Ogawa,,NESCAC Mens Championships
Tufts University,49,100 Back,3,50.23,Rafae Shafi,,MIT Winter Invite
Tufts University,49,100 Back,4,51.85,Luke Davis,,BU Winter Open
Tufts University,49,100 Back,5,52.29,Aidan Cole,,MIT Winter Invite
Tufts University,49,100 Back,6,52.46,JJ Arbuckle,,MIT vs. Tufts
Tufts University,49,100 Back,7,52.75,Sam Harris,,MIT Winter Invite
Tufts University,49,100 Back,8,53.35,Nate Pfeffer,,Tufts vs. Bates
Tufts University,49,100 Back,9,54.26,Seth Graber,,MIT vs. Tufts
Tufts University,49,100 Back,10,57.05,Alp Hosgor,,"Williams vs. Trinity, Tufts, WPI"
Tufts University,49,100 Breast,1,55.59,Jack Nussbaum,,NESCAC Mens Championships
Tufts University,49,100 Breast,2,55.72,Seth Graber,,NESCAC Mens Championships
Tufts University,49,100 Breast,3,56.03,Will Kaminski,,NESCAC Mens Championships
Tufts University,49,100 Breast,4,56.64,Evan Wang,,NESCAC Mens Championships
Tufts University,49,100 Breast,5,57.62,Spencer Thompson,,MIT vs. Tufts
Tufts University,49,100 Breast,6,58.71,Frank Nguyen,,BU Winter Open
Tufts University,49,100 Breast,7,58.83,Arbert Xu,,MIT Winter Invite
Tufts University,49,100 Breast,8,58.92,Connor Townson,,MIT vs. Tufts
Tufts University,49,100 Breast,9,59.30,Timmy Brady,,MIT Winter Invite
Tufts University,49,100 Breast,10,1:01.12,Jack Moore,,MIT Winter Invite
Tufts University,49,100 Fly,1,48.23,Armaan Sikka,,NESCAC Mens Championships
Tufts University,49,100 Fly,2,48.38,Max Gerke,,NESCAC Mens Championships
Tufts University,49,100 Fly,3,48.73,Adam Li,,NESCAC Mens Championships
Tufts University,49,100 Fly,4,49.49,Alp Hosgor,,BU Winter Open
Tufts University,49,100 Fly,5,50.15,Isaac Shang,,MIT Winter Invite
Tufts University,49,100 Fly,6,50.45,Ron Lyubman,,BU Winter Open
Tufts University,49,100 Fly,7,50.88,Harry Belbot,,MIT vs. Tufts
Tufts University,49,100 Fly,8,51.19,Luke Davis,,BU Winter Open
Tufts University,49,100 Fly,9,51.73,Nicolas Tudoras,,MIT Winter Invite
Tufts University,49,100 Fly,10,53.03,Jack Moore,,BU Winter Open
Tufts University,49,100 Free,1,44.19,Armaan Sikka,,NESCAC Mens Championships
Tufts University,49,100 Free,2,45.04,Will Kaminski,,MIT Winter Invite
Tufts University,49,100 Free,3,45.14,Max Gerke,,NESCAC Mens Championships
Tufts University,49,100 Free,4,45.31,Isaac Shang,,NESCAC Mens Championships
Tufts University,49,100 Free,5,45.42,Jan Springer,,NESCAC Mens Championships
Tufts University,49,100 Free,6,45.46,Campbell McFall,,NESCAC Mens Championships
Tufts University,49,100 Free,7,46.01,Spencer Thompson,,MIT Winter Invite
Tufts University,49,100 Free,8,46.40,Aidan Cole,,MIT Winter Invite
Tufts University,49,100 Free,9,46.48,Adam Li,,MIT Winter Invite
Tufts University,49,100 Free,10,46.74,Connor Townson,,MIT Winter Invite
Tufts University,49,1000 Free,1,9:24.08,Rafae Shafi,,MIT Winter Invite
Tufts University,49,1000 Free,2,9:29.40,Ron Lyubman,,NESCAC Mens Championships
Tufts University,49,1000 Free,3,9:30.20,Dan Godino,,NESCAC Mens Championships
Tufts University,49,1000 Free,4,9:59.32,Louie Demetriades,,BU Winter Open
Tufts University,49,1000 Free,5,9:59.64,Nate Pfeffer,,MIT Winter Invite
Tufts University,49,1650 Free,1,15:39.56,Rafae Shafi,,MIT Winter Invite
Tufts University,49,1650 Free,2,15:57.95,Dan Godino,,NESCAC Mens Championships
Tufts University,49,1650 Free,3,16:40.48,Nate Pfeffer,,MIT Winter Invite
Tufts University,49,1650 Free,4,16:41.49,Louie Demetriades,,BU Winter Open
Tufts University,49,200 Back,1,1:50.56,Aidan Cole,,NESCAC Mens Championships
Tufts University,49,200 Back,2,1:51.55,Sam Harris,,NESCAC Mens Championships
Tufts University,49,200 Back,3,1:52.08,Spencer Thompson,,NESCAC Mens Championships
Tufts University,49,200 Back,4,1:53.32,Nicolas Ogawa,,MIT Winter Invite
Tufts University,49,200 Back,5,1:54.31,Luke Davis,,BU Winter Open
Tufts University,49,200 Back,6,1:56.37,Nate Pfeffer,,MIT Winter Invite
Tufts University,49,200 Back,7,1:57.03,Connor Townson,,MIT vs. Tufts
Tufts University,49,200 Back,8,2:02.99,Louie Demetriades,,BU Winter Open
Tufts University,49,200 Breast,1,1:58.97,Jack Nussbaum,,NESCAC Mens Championships
Tufts University,49,200 Breast,2,2:00.98,JJ Arbuckle,,NESCAC Mens Championships
Tufts University,49,200 Breast,3,2:01.41,Seth Graber,,NESCAC Mens Championships
Tufts University,49,200 Breast,4,2:03.21,Connor Townson,,MIT Winter Invite
Tufts University,49,200 Breast,5,2:04.94,Timmy Brady,,BU Winter Open
Tufts University,49,200 Breast,6,2:05.09,Evan Wang,,NESCAC Mens Championships
Tufts University,49,200 Breast,7,2:07.31,Arbert Xu,,BU Winter Open
Tufts University,49,200 Breast,8,2:09.77,Frank Nguyen,,BU Winter Open
Tufts University,49,200 Fly,1,1:49.09,Rafae Shafi,,MIT Winter Invite
Tufts University,49,200 Fly,2,1:51.33,Adam Li,,NESCAC Mens Championships
Tufts University,49,200 Fly,3,1:52.10,Nate Pfeffer,,NESCAC Mens Championships
Tufts University,49,200 Fly,4,1:52.50,Harry Belbot,,NESCAC Mens Championships
Tufts University,49,200 Fly,5,1:52.73,Max Gerke,,MIT Winter Invite
Tufts University,49,200 Fly,6,1:53.19,Timmy Brady,,NESCAC Mens Championships
Tufts University,49,200 Fly,7,1:55.10,Ron Lyubman,,MIT vs. Tufts
Tufts University,49,200 Fly,8,1:55.87,Cole Aguirre,,BU Winter Open
Tufts University,49,200 Fly,9,1:56.56,Nicolas Tudoras,,MIT Winter Invite
Tufts University,49,200 Fly,10,1:58.83,Alp Hosgor,,MIT Winter Invite
Tufts University,49,200 Free,1,1:37.62,Ron Lyubman,,NESCAC Mens Championships
Tufts University,49,200 Free,2,1:38.40,Rafae Shafi,,NESCAC Mens Championships
Tufts University,49,200 Free,3,1:40.26,Sam Harris,,NESCAC Mens Championships
Tufts University,49,200 Free,4,1:40.50,Adam Li,,NESCAC Mens Championships
Tufts University,49,200 Free,5,1:41.13,Harry Belbot,,NESCAC Mens Championships
Tufts University,49,200 Free,6,1:41.19,Aidan Cole,,NESCAC Mens Championships
Tufts University,49,200 Free,7,1:42.39,Ryan Manson,,BU Winter Open
Tufts University,49,200 Free,8,1:42.63,Jan Springer,,MIT Winter Invite
Tufts University,49,200 Free,9,1:42.98,Armaan Sikka,,MIT vs. Tufts
Tufts University,49,200 Free,10,1:43.03,Dan Godino,,MIT Winter Invite
Tufts University,49,200 Im,1,1:49.83,Connor Townson,,NESCAC Mens Championships
Tufts University,49,200 Im,2,1:50.64,JJ Arbuckle,,NESCAC Mens Championships
Tufts University,49,200 Im,3,1:51.50,Timmy Brady,,NESCAC Mens Championships
Tufts University,49,200 Im,4,1:52.33,Seth Graber,,NESCAC Mens Championships
Tufts University,49,200 Im,5,1:54.57,Nicolas Ogawa,,MIT vs. Tufts
Tufts University,49,200 Im,6,1:55.27,Evan Wang,,MIT Winter Invite
Tufts University,49,200 Im,7,1:56.04,Jack Nussbaum,,MIT vs. Tufts
Tufts University,49,200 Im,8,1:57.39,Nate Pfeffer,,MIT Winter Invite
Tufts University,49,200 Im,9,1:57.87,Rafae Shafi,,MIT vs. Tufts
Tufts University,49,200 Im,10,1:58.08,Nicolas Tudoras,,MIT Winter Invite
Tufts University,49,400 Im,1,3:57.48,JJ Arbuckle,,NESCAC Mens Championships
Tufts University,49,400 Im,2,3:58.07,Timmy Brady,,NESCAC Mens Championships
Tufts University,49,400 Im,3,3:59.60,Seth Graber,,NESCAC Mens Championships
Tufts University,49,400 Im,4,4:00.78,Connor Townson,,NESCAC Mens Championships
Tufts University,49,400 Im,5,4:01.00,Nate Pfeffer,,NESCAC Mens Championships
Tufts University,49,400 Im,6,4:08.12,Jack Nussbaum,,MIT Winter Invite
Tufts University,49,50 Free,1,20.27,Will Kaminski,,NESCAC Mens Championships
Tufts University,49,50 Free,2,20.42,Armaan Sikka,,NESCAC Mens Championships
Tufts University,49,50 Free,3,20.46,Isaac Shang,,NESCAC Mens Championships
Tufts University,49,50 Free,4,20.49,Max Gerke,,NESCAC Mens Championships
Tufts University,49,50 Free,5,20.77,Jan Springer,,NESCAC Mens Championships
Tufts University,49,50 Free,6,20.77,Campbell McFall,,NESCAC Mens Championships
Tufts University,49,50 Free,7,20.82,Spencer Thompson,,NESCAC Mens Championships
Tufts University,49,50 Free,8,21.14,Aidan Cole,,NESCAC Mens Championships
Tufts University,49,50 Free,9,21.59,Joshua Harrison,,MIT Winter Invite
Tufts University,49,50 Free,10,21.68,Sam Harris,,NESCAC Mens Championships
Tufts University,49,500 Free,1,4:28.26,Ron Lyubman,,NESCAC Mens Championships
Tufts University,49,500 Free,2,4:30.79,Rafae Shafi,,NESCAC Mens Championships
Tufts University,49,500 Free,3,4:36.55,Nate Pfeffer,,NESCAC Mens Championships
Tufts University,49,500 Free,4,4:37.59,Dan Godino,,NESCAC Mens Championships
Tufts University,49,500 Free,5,4:39.90,Harry Belbot,,NESCAC Mens Championships
Tufts University,49,500 Free,6,4:40.46,Ryan Manson,,BU Winter Open
Tufts University,49,500 Free,7,4:50.66,Louie Demetriades,,MIT Winter Invite
U.S. Coast Guard Academy,324,100 Back,1,49.75,Zac McGowen,,NEWMAC Championships
U.S. Coast Guard Academy,324,100 Back,2,49.82,Skippy Carlson,,NEWMAC Championships
U.S. Coast Guard Academy,324,100 Back,3,51.04,Baylor Weiler,,NEWMAC Championships
U.S. Coast Guard Academy,324,100 Back,4,51.69,Gabe McCallen,,NEWMAC Championships
U.S. Coast Guard Academy,324,100 Back,5,53.02,Logan Kwon,,NEWMAC Championships
U.S. Coast Guard Academy,324,100 Back,6,53.18,Victor Parks,,NEWMAC Championships
U.S. Coast Guard Academy,324,100 Back,7,54.70,Jason Manzo,,Conn Amherst CGA
U.S. Coast Guard Academy,324,100 Back,8,54.85,A. J. Buzzelli,,Trinity VS Coast Guard
U.S. Coast Guard Academy,324,100 Breast,1,55.79,John Kaleta,,NEWMAC Championships
U.S. Coast Guard Academy,324,100 Breast,2,56.68,Blaise Minckler,,NEWMAC Championships
U.S. Coast Guard Academy,324,100 Breast,3,56.69,Matt Carper,,NEWMAC Championships
U.S. Coast Guard Academy,324,100 Breast,4,57.82,Eli Rumph,,BU Winter Open
U.S. Coast Guard Academy,324,100 Breast,5,58.29,Leon Zhang,,NEWMAC Championships
U.S. Coast Guard Academy,324,100 Breast,6,58.88,Jason Manzo,,NEWMAC Championships
U.S. Coast Guard Academy,324,100 Breast,7,59.34,Conner Dobie,,NEWMAC Championships
U.S. Coast Guard Academy,324,100 Breast,8,59.71,Nick Foreman,,BU Winter Open
U.S. Coast Guard Academy,324,100 Breast,9,1:00.52,A. J. Buzzelli,,Conn Amherst CGA
U.S. Coast Guard Academy,324,100 Breast,10,1:00.75,Anthony DELEON GUERRERO,,BU Winter Open
U.S. Coast Guard Academy,324,100 Fly,1,46.94,Noah Reice,,NEWMAC Championships
U.S. Coast Guard Academy,324,100 Fly,2,51.26,Charles Gaines,,NEWMAC Championships
U.S. Coast Guard Academy,324,100 Fly,3,51.98,Kacper Buniowski,,NEWMAC Championships
U.S. Coast Guard Academy,324,100 Fly,4,51.98,Victor Parks,,NEWMAC Championships
U.S. Coast Guard Academy,324,100 Fly,5,52.05,Conner Dobie,,NEWMAC Championships
U.S. Coast Guard Academy,324,100 Fly,6,52.28,Spencer Simon,,BU Winter Open
U.S. Coast Guard Academy,324,100 Fly,7,52.64,Gabe McCallen,,NEWMAC Championships
U.S. Coast Guard Academy,324,100 Fly,8,53.33,Patrick Young,,Conn Amherst CGA
U.S. Coast Guard Academy,324,100 Fly,9,53.40,Jinnosuke Suzuki,,Conn Amherst CGA
U.S. Coast Guard Academy,324,100 Fly,10,53.55,Jason Manzo,,USCGA vs. MIT
U.S. Coast Guard Academy,324,100 Free,1,44.09,Noah Reice,,NEWMAC Championships
U.S. Coast Guard Academy,324,100 Free,2,46.22,Grant Hudson,,NEWMAC Championships
U.S. Coast Guard Academy,324,100 Free,3,46.45,Skippy Carlson,,Trinity VS Coast Guard
U.S. Coast Guard Academy,324,100 Free,4,46.65,Kacper Buniowski,,NEWMAC Championships
U.S. Coast Guard Academy,324,100 Free,5,47.44,Nathaniel Chabowski,,NEWMAC Championships
U.S. Coast Guard Academy,324,100 Free,6,47.71,Logan Kwon,,NEWMAC Championships
U.S. Coast Guard Academy,324,100 Free,7,48.05,Zac McGowen,,"WPI vs. Coast Guard, Babson, Brandies, Smith"
U.S. Coast Guard Academy,324,100 Free,8,48.23,Troy Lee,,"WPI vs. Coast Guard, Babson, Brandies, Smith"
U.S. Coast Guard Academy,324,100 Free,9,48.38,Charles Gaines,,NEWMAC Championships
U.S. Coast Guard Academy,324,100 Free,10,48.66,Victor Parks,,Conn Amherst CGA
U.S. Coast Guard Academy,324,1000 Free,1,9:47.18,Jay Pawloski,,NEWMAC Championships
U.S. Coast Guard Academy,324,1000 Free,2,9:50.31,Eliot Maravich,,NEWMAC Championships
U.S. Coast Guard Academy,324,1000 Free,3,10:02.89,Blaise Minckler,,Trinity VS Coast Guard
U.S. Coast Guard Academy,324,1000 Free,4,10:13.98,Jordan Jansen,,USMMA vs Coast Guard
U.S. Coast Guard Academy,324,1000 Free,5,10:26.22,Grant Hudson,,Conn Amherst CGA
U.S. Coast Guard Academy,324,1000 Free,6,10:55.84,Michael Orsulak,,Trinity VS Coast Guard
U.S. Coast Guard Academy,324,1000 Free,7,11:08.08,Peter Krause,,Conn Amherst CGA
U.S. Coast Guard Academy,324,1650 Free,1,16:16.09,Jay Pawloski,,NEWMAC Championships
U.S. Coast Guard Academy,324,1650 Free,2,16:32.29,Eliot Maravich,,NEWMAC Championships
U.S. Coast Guard Academy,324,1650 Free,3,17:33.39,Grant Hudson,,Conn Amherst CGA
U.S. Coast Guard Academy,324,1650 Free,4,18:36.51,Peter Krause,,Conn Amherst CGA
U.S. Coast Guard Academy,324,200 Back,1,1:51.32,Zac McGowen,,NEWMAC Championships
U.S. Coast Guard Academy,324,200 Back,2,1:53.85,Gabe McCallen,,NEWMAC Championships
U.S. Coast Guard Academy,324,200 Back,3,1:54.40,Baylor Weiler,,Trinity VS Coast Guard
U.S. Coast Guard Academy,324,200 Back,4,1:54.83,Logan Kwon,,NEWMAC Championships
U.S. Coast Guard Academy,324,200 Back,5,1:56.18,Jordan Jansen,,NEWMAC Championships
U.S. Coast Guard Academy,324,200 Back,6,1:58.65,Skippy Carlson,,Conn Amherst CGA
U.S. Coast Guard Academy,324,200 Back,7,2:01.38,Jason Manzo,,Conn Amherst CGA
U.S. Coast Guard Academy,324,200 Back,8,2:04.48,Luke Giguere,,Trinity VS Coast Guard
U.S. Coast Guard Academy,324,200 Back,9,2:04.64,A. J. Buzzelli,,USMMA vs Coast Guard
U.S. Coast Guard Academy,324,200 Breast,1,2:02.29,Blaise Minckler,,NEWMAC Championships
U.S. Coast Guard Academy,324,200 Breast,2,2:02.85,John Kaleta,,NEWMAC Championships
U.S. Coast Guard Academy,324,200 Breast,3,2:04.06,Matt Carper,,NEWMAC Championships
U.S. Coast Guard Academy,324,200 Breast,4,2:06.50,Patrick Young,,NEWMAC Championships
U.S. Coast Guard Academy,324,200 Breast,5,2:06.86,A. J. Buzzelli,,NEWMAC Championships
U.S. Coast Guard Academy,324,200 Breast,6,2:07.28,Eli Rumph,,BU Winter Open
U.S. Coast Guard Academy,324,200 Breast,7,2:12.86,Leon Zhang,,USMMA vs Coast Guard
U.S. Coast Guard Academy,324,200 Breast,8,2:16.20,Anthony DELEON GUERRERO,,BU Winter Open
U.S. Coast Guard Academy,324,200 Breast,9,2:17.52,Ryan Von Weihe,,Conn Amherst CGA
U.S. Coast Guard Academy,324,200 Breast,10,2:21.37,Conner Dobie,,USCGA vs. MIT
U.S. Coast Guard Academy,324,200 Fly,1,1:47.68,Noah Reice,,NEWMAC Championships
U.S. Coast Guard Academy,324,200 Fly,2,1:54.13,Jason Manzo,,NEWMAC Championships
U.S. Coast Guard Academy,324,200 Fly,3,1:55.15,Leon Zhang,,NEWMAC Championships
U.S. Coast Guard Academy,324,200 Fly,4,1:57.02,Conner Dobie,,NEWMAC Championships
U.S. Coast Guard Academy,324,200 Fly,5,1:58.48,Spencer Simon,,BU Winter Open
U.S. Coast Guard Academy,324,200 Fly,6,2:00.85,Jinnosuke Suzuki,,"WPI vs. Coast Guard, Babson, Brandies, Smith"
U.S. Coast Guard Academy,324,200 Fly,7,2:01.34,Peter Krause,,BU Winter Open
U.S. Coast Guard Academy,324,200 Fly,8,2:04.13,Blaise Minkler,,USCGA vs. MIT
U.S. Coast Guard Academy,324,200 Fly,9,2:05.32,Eliot Maravich,,"Springfield vs. Wheaton, USCGA"
U.S. Coast Guard Academy,324,200 Fly,10,2:16.79,Gabe McCallen,,Trinity VS Coast Guard
U.S. Coast Guard Academy,324,200 Free,1,1:40.41,Grant Hudson,,NEWMAC Championships
U.S. Coast Guard Academy,324,200 Free,2,1:42.03,Patrick Young,,NEWMAC Championships
U.S. Coast Guard Academy,324,200 Free,3,1:43.51,Jay Pawloski,,NEWMAC Championships
U.S. Coast Guard Academy,324,200 Free,4,1:43.89,Eliot Maravich,,NEWMAC Championships
U.S. Coast Guard Academy,324,200 Free,5,1:44.59,Troy Lee,,Conn Amherst CGA
U.S. Coast Guard Academy,324,200 Free,6,1:44.81,Nathaniel Chabowski,,NEWMAC Championships
U.S. Coast Guard Academy,324,200 Free,7,1:46.34,Blaise Minckler,,NEWMAC Championships
U.S. Coast Guard Academy,324,200 Free,8,1:47.75,Luke Giguere,,"Springfield vs. Wheaton, USCGA"
U.S. Coast Guard Academy,324,200 Free,9,1:48.65,Jason Manzo,,Trinity VS Coast Guard
U.S. Coast Guard Academy,324,200 Free,10,1:48.91,Jordan Jansen,,Conn Amherst CGA
U.S. Coast Guard Academy,324,200 Im,1,1:52.23,Jason Manzo,,NEWMAC Championships
U.S. Coast Guard Academy,324,200 Im,2,1:53.78,Matt Carper,,NEWMAC Championships
U.S. Coast Guard Academy,324,200 Im,3,1:55.44,Patrick Young,,NEWMAC Championships
U.S. Coast Guard Academy,324,200 Im,4,1:55.85,John Kaleta,,NEWMAC Championships
U.S. Coast Guard Academy,324,200 Im,5,1:55.94,Leon Zhang,,NEWMAC Championships
U.S. Coast Guard Academy,324,200 Im,6,1:56.80,A. J. Buzzelli,,NEWMAC Championships
U.S. Coast Guard Academy,324,200 Im,7,1:58.87,Jordan Jansen,,Conn Amherst CGA
U.S. Coast Guard Academy,324,200 Im,8,1:59.48,Spencer Simon,,BU Winter Open
U.S. Coast Guard Academy,324,200 Im,9,1:59.56,Blaise Minckler,,"WPI vs. Coast Guard, Babson, Brandies, Smith"
U.S. Coast Guard Academy,324,200 Im,10,2:01.11,Noah Reice,,"Springfield vs. Wheaton, USCGA"
U.S. Coast Guard Academy,324,400 Im,1,4:09.11,A. J. Buzzelli,,NEWMAC Championships
U.S. Coast Guard Academy,324,400 Im,2,4:10.34,Logan Kwon,,NEWMAC Championships
U.S. Coast Guard Academy,324,400 Im,3,4:11.15,Jordan Jansen,,NEWMAC Championships
U.S. Coast Guard Academy,324,400 Im,4,4:31.98,Ryan Von Weihe,,Conn Amherst CGA
U.S. Coast Guard Academy,324,400 Im,5,4:33.64,Jason Manzo,,Brandeis vs Coast Guard
U.S. Coast Guard Academy,324,50 Free,1,19.97,Noah Reice,,NEWMAC Championships
U.S. Coast Guard Academy,324,50 Free,2,20.67,Skippy Carlson,,NEWMAC Championships
U.S. Coast Guard Academy,324,50 Free,3,20.79,Zac McGowen,,NEWMAC Championships
U.S. Coast Guard Academy,324,50 Free,4,21.30,Baylor Weiler,,NEWMAC Championships
U.S. Coast Guard Academy,324,50 Free,5,21.40,Kacper Buniowski,,NEWMAC Championships
U.S. Coast Guard Academy,324,50 Free,6,21.54,Patrick Young,,NEWMAC Championships
U.S. Coast Guard Academy,324,50 Free,7,22.00,Nathaniel Chabowski,,NEWMAC Championships
U.S. Coast Guard Academy,324,50 Free,8,22.01,Adrian Romej,,USMMA vs Coast Guard
U.S. Coast Guard Academy,324,50 Free,9,22.06,Charles Gaines,,NEWMAC Championships
U.S. Coast Guard Academy,324,50 Free,10,22.06,Victor Parks,,USMMA vs Coast Guard
U.S. Coast Guard Academy,324,500 Free,1,4:39.86,Jay Pawloski,,NEWMAC Championships
U.S. Coast Guard Academy,324,500 Free,2,4:40.52,Grant Hudson,,NEWMAC Championships
U.S. Coast Guard Academy,324,500 Free,3,4:40.58,Eliot Maravich,,NEWMAC Championships
U.S. Coast Guard Academy,324,500 Free,4,4:46.46,Jordan Jansen,,NEWMAC Championships
U.S. Coast Guard Academy,324,500 Free,5,4:47.47,Blaise Minckler,,NEWMAC Championships
U.S. Coast Guard Academy,324,500 Free,6,4:54.86,Patrick Young,,Trinity VS Coast Guard
U.S. Coast Guard Academy,324,500 Free,7,4:58.64,Luke Giguere,,"Springfield vs. Wheaton, USCGA"
U.S. Coast Guard Academy,324,500 Free,8,5:00.76,Jinnosuke Suzuki,,"WPI vs. Coast Guard, Babson, Brandies, Smith"
U.S. Coast Guard Academy,324,500 Free,9,5:04.96,Peter Krause,,BU Winter Open
U.S. Coast Guard Academy,324,500 Free,10,5:27.95,Michael Orsulak,,"WPI vs. Coast Guard, Babson, Brandies, Smith"
U.S. Merchant Marine Academy,311,100 Back,1,49.39,Teague Mayer,,New Jersey Athletic Conference Championship
U.S. Merchant Marine Academy,311,100 Back,2,49.45,Max Fedorenko,,New Jersey Athletic Conference Championship
U.S. Merchant Marine Academy,311,100 Back,3,50.97,Ryan McOsker,,New Jersey Athletic Conference Championship
U.S. Merchant Marine Academy,311,100 Back,4,52.41,Wyatt Rice,,New Jersey Athletic Conference Championship
U.S. Merchant Marine Academy,311,100 Back,5,52.58,Trevor Dash,,NYU Winter Invitational
U.S. Merchant Marine Academy,311,100 Back,6,52.61,Abraham Shim,,New Jersey Athletic Conference Championship
U.S. Merchant Marine Academy,311,100 Back,7,53.98,Ryan Chmielenski,,New Jersey Athletic Conference Championship
U.S. Merchant Marine Academy,311,100 Back,8,56.19,Matthew Wachendorfer,,Stevens vs USMMA 25
U.S. Merchant Marine Academy,311,100 Back,9,56.39,Jacob Socarras,,New Jersey Athletic Conference Championship
U.S. Merchant Marine Academy,311,100 Back,10,57.30,Ryan Lester,,USMMA Memorial Invite
U.S. Merchant Marine Academy,311,100 Breast,1,55.15,John Frank,,New Jersey Athletic Conference Championship
U.S. Merchant Marine Academy,311,100 Breast,2,56.19,Luke Dankert,,New Jersey Athletic Conference Championship
U.S. Merchant Marine Academy,311,100 Breast,3,57.29,Preston Buckingham,,New Jersey Athletic Conference Championship
U.S. Merchant Marine Academy,311,100 Breast,4,58.92,Trevor Dash,,New Jersey Athletic Conference Championship
U.S. Merchant Marine Academy,311,100 Breast,5,59.28,Peyton Harbin,,New Jersey Athletic Conference Championship
U.S. Merchant Marine Academy,311,100 Breast,6,1:00.35,Nick Hardt,,USMMA vs Adelphi
U.S. Merchant Marine Academy,311,100 Breast,7,1:04.04,Ryan McOsker,,USMMA Memorial Invite
U.S. Merchant Marine Academy,311,100 Breast,8,1:04.71,Matthew Wachendorfer,,USMMA Memorial Invite
U.S. Merchant Marine Academy,311,100 Breast,9,1:04.99,Brendan Baser,,USMMA Memorial Invite
U.S. Merchant Marine Academy,311,100 Breast,10,1:07.07,Jason Equiano,,USMMA Memorial Invite
U.S. Merchant Marine Academy,311,100 Fly,1,49.76,Ryan McOsker,,New Jersey Athletic Conference Championship
U.S. Merchant Marine Academy,311,100 Fly,2,50.48,Keanne Hernandez,,New Jersey Athletic Conference Championship
U.S. Merchant Marine Academy,311,100 Fly,3,50.83,Nick Hardt,,NYU Winter Invitational
U.S. Merchant Marine Academy,311,100 Fly,4,50.86,Luke Dankert,,New Jersey Athletic Conference Championship
U.S. Merchant Marine Academy,311,100 Fly,5,50.89,Max Fedorenko,,NYU Winter Invitational
U.S. Merchant Marine Academy,311,100 Fly,6,51.19,Trevor Dash,,New Jersey Athletic Conference Championship
U.S. Merchant Marine Academy,311,100 Fly,7,51.76,Peyton Harbin,,New Jersey Athletic Conference Championship
U.S. Merchant Marine Academy,311,100 Fly,8,52.97,Teague Mayer,,TCNJ Invitational
U.S. Merchant Marine Academy,311,100 Fly,9,53.12,Jason Equiano,,NYU Winter Invitational
U.S. Merchant Marine Academy,311,100 Fly,10,53.14,Jacob Socarras,,New Jersey Athletic Conference Championship
U.S. Merchant Marine Academy,311,100 Free,1,44.54,Max Fedorenko,,New Jersey Athletic Conference Championship
U.S. Merchant Marine Academy,311,100 Free,2,45.90,John Frank,,New Jersey Athletic Conference Championship
U.S. Merchant Marine Academy,311,100 Free,3,46.86,Matthew Wachendorfer,,New Jersey Athletic Conference Championship
U.S. Merchant Marine Academy,311,100 Free,4,47.34,Caden Latchaw,,NYU Winter Invitational
U.S. Merchant Marine Academy,311,100 Free,5,47.38,Ryan McOsker,,TCNJ Invitational
U.S. Merchant Marine Academy,311,100 Free,6,48.28,Jason Equiano,,NYU Winter Invitational
U.S. Merchant Marine Academy,311,100 Free,7,48.37,Keanne Hernandez,,TCNJ Invitational
U.S. Merchant Marine Academy,311,100 Free,8,49.13,Wyatt Rice,,USMMA Memorial Invite
U.S. Merchant Marine Academy,311,100 Free,9,49.13,Abraham Shim,,USMMA Memorial Invite
U.S. Merchant Marine Academy,311,100 Free,10,49.19,Trevor Dash,,NYU Winter Invitational
U.S. Merchant Marine Academy,311,1000 Free,1,9:56.34,Ryan Lester,,New Jersey Athletic Conference Championship
U.S. Merchant Marine Academy,311,1000 Free,2,9:59.69,Brendan Baser,,New Jersey Athletic Conference Championship
U.S. Merchant Marine Academy,311,1000 Free,3,10:08.77,Nick Hardt,,NYU Winter Invitational
U.S. Merchant Marine Academy,311,1000 Free,4,10:16.23,Abraham Shim,,Skyline Conference Championship
U.S. Merchant Marine Academy,311,1000 Free,5,10:24.46,Luke Frank,,New Jersey Athletic Conference Championship
U.S. Merchant Marine Academy,311,1000 Free,6,10:50.72,Jason Equiano,,Skyline Conference Championship
U.S. Merchant Marine Academy,311,1650 Free,1,16:21.17,Ryan Lester,,New Jersey Athletic Conference Championship
U.S. Merchant Marine Academy,311,1650 Free,2,16:35.12,Brendan Baser,,New Jersey Athletic Conference Championship
U.S. Merchant Marine Academy,311,1650 Free,3,16:50.03,Nick Hardt,,NYU Winter Invitational
U.S. Merchant Marine Academy,311,1650 Free,4,17:24.36,Luke Frank,,New Jersey Athletic Conference Championship
U.S. Merchant Marine Academy,311,1650 Free,5,17:34.60,Abraham Shim,,TCNJ Invitational
U.S. Merchant Marine Academy,311,200 Back,1,1:47.25,Teague Mayer,,New Jersey Athletic Conference Championship
U.S. Merchant Marine Academy,311,200 Back,2,1:54.11,Ryan McOsker,,New Jersey Athletic Conference Championship
U.S. Merchant Marine Academy,311,200 Back,3,1:55.80,Abraham Shim,,New Jersey Athletic Conference Championship
U.S. Merchant Marine Academy,311,200 Back,4,1:56.15,Wyatt Rice,,New Jersey Athletic Conference Championship
U.S. Merchant Marine Academy,311,200 Back,5,2:00.28,Ryan Chmielenski,,New Jersey Athletic Conference Championship
U.S. Merchant Marine Academy,311,200 Back,6,2:15.22,Jacob Socarras,,USMMA-NYMC-SJC-LI-MSMC
U.S. Merchant Marine Academy,311,200 Breast,1,2:03.29,Luke Dankert,,New Jersey Athletic Conference Championship
U.S. Merchant Marine Academy,311,200 Breast,2,2:06.63,Preston Buckingham,,New Jersey Athletic Conference Championship
U.S. Merchant Marine Academy,311,200 Breast,3,2:08.81,Trevor Dash,,New Jersey Athletic Conference Championship
U.S. Merchant Marine Academy,311,200 Breast,4,2:10.58,Nick Hardt,,TCNJ Invitational
U.S. Merchant Marine Academy,311,200 Breast,5,2:15.74,John Frank,,Skyline Conference Championship
U.S. Merchant Marine Academy,311,200 Breast,6,2:20.67,Wyatt Rice,,Stevens vs USMMA 25
U.S. Merchant Marine Academy,311,200 Breast,7,2:24.28,Peyton Harbin,,USMMA Memorial Invite
U.S. Merchant Marine Academy,311,200 Fly,1,1:49.69,Nick Hardt,,New Jersey Athletic Conference Championship
U.S. Merchant Marine Academy,311,200 Fly,2,1:52.93,Teague Mayer,,NYU Winter Invitational
U.S. Merchant Marine Academy,311,200 Fly,3,1:54.87,Keanne Hernandez,,New Jersey Athletic Conference Championship
U.S. Merchant Marine Academy,311,200 Fly,4,1:55.91,Peyton Harbin,,New Jersey Athletic Conference Championship
U.S. Merchant Marine Academy,311,200 Fly,5,1:56.67,Ryan Lester,,NYU Winter Invitational
U.S. Merchant Marine Academy,311,200 Fly,6,2:00.33,Jacob Socarras,,New Jersey Athletic Conference Championship
U.S. Merchant Marine Academy,311,200 Fly,7,2:00.57,Brendan Baser,,New Jersey Athletic Conference Championship
U.S. Merchant Marine Academy,311,200 Free,1,1:41.78,Ryan Lester,,New Jersey Athletic Conference Championship
U.S. Merchant Marine Academy,311,200 Free,2,1:41.99,Matthew Wachendorfer,,New Jersey Athletic Conference Championship
U.S. Merchant Marine Academy,311,200 Free,3,1:43.35,Wyatt Rice,,New Jersey Athletic Conference Championship
U.S. Merchant Marine Academy,311,200 Free,4,1:45.66,Jason Equiano,,New Jersey Athletic Conference Championship
U.S. Merchant Marine Academy,311,200 Free,5,1:46.52,Caden Latchaw,,New Jersey Athletic Conference Championship
U.S. Merchant Marine Academy,311,200 Free,6,1:47.24,Teague Mayer,,USMMA Memorial Invite
U.S. Merchant Marine Academy,311,200 Free,7,1:48.09,John Frank,,USMMA vs Adelphi
U.S. Merchant Marine Academy,311,200 Free,8,1:48.49,Nick Hardt,,Stevens vs USMMA 25
U.S. Merchant Marine Academy,311,200 Free,9,1:48.71,Abraham Shim,,Skyline Conference Championship
U.S. Merchant Marine Academy,311,200 Free,10,1:49.84,Brendan Baser,,TCNJ Invitational
U.S. Merchant Marine Academy,311,200 Im,1,1:50.29,Teague Mayer,,New Jersey Athletic Conference Championship
U.S. Merchant Marine Academy,311,200 Im,2,1:51.92,John Frank,,New Jersey Athletic Conference Championship
U.S. Merchant Marine Academy,311,200 Im,3,1:52.41,Nick Hardt,,New Jersey Athletic Conference Championship
U.S. Merchant Marine Academy,311,200 Im,4,1:58.44,Preston Buckingham,,New Jersey Athletic Conference Championship
U.S. Merchant Marine Academy,311,200 Im,5,2:02.71,Brendan Baser,,New Jersey Athletic Conference Championship
U.S. Merchant Marine Academy,311,200 Im,6,2:03.01,Ryan McOsker,,TCNJ Invitational
U.S. Merchant Marine Academy,311,200 Im,7,2:03.44,Wyatt Rice,,USMMA-NYMC-SJC-LI-MSMC
U.S. Merchant Marine Academy,311,200 Im,8,2:05.33,Ryan Chmielenski,,Skyline Conference Championship
U.S. Merchant Marine Academy,311,200 Im,9,2:05.72,Trevor Dash,,USMMA Memorial Invite
U.S. Merchant Marine Academy,311,200 Im,10,2:07.85,Abraham Shim,,2025 Gryphons Quad Meet
U.S. Merchant Marine Academy,311,400 Im,1,4:02.90,Nick Hardt,,New Jersey Athletic Conference Championship
U.S. Merchant Marine Academy,311,400 Im,2,4:18.04,Ryan Chmielenski,,New Jersey Athletic Conference Championship
U.S. Merchant Marine Academy,311,400 Im,3,4:19.98,Teague Mayer,,Skyline Conference Championship
U.S. Merchant Marine Academy,311,400 Im,4,4:25.66,Preston Buckingham,,TCNJ Invitational
U.S. Merchant Marine Academy,311,50 Free,1,20.54,Max Fedorenko,,New Jersey Athletic Conference Championship
U.S. Merchant Marine Academy,311,50 Free,2,21.39,Keanne Hernandez,,New Jersey Athletic Conference Championship
U.S. Merchant Marine Academy,311,50 Free,3,21.55,Trevor Dash,,New Jersey Athletic Conference Championship
U.S. Merchant Marine Academy,311,50 Free,4,21.93,Caden Latchaw,,New Jersey Athletic Conference Championship
U.S. Merchant Marine Academy,311,50 Free,5,21.99,John Frank,,New Jersey Athletic Conference Championship
U.S. Merchant Marine Academy,311,50 Free,6,22.18,Ryan McOsker,,Skyline Conference Championship
U.S. Merchant Marine Academy,311,50 Free,7,22.21,Wyatt Rice,,USMMA vs Adelphi
U.S. Merchant Marine Academy,311,50 Free,8,22.21,Matthew Wachendorfer,,New Jersey Athletic Conference Championship
U.S. Merchant Marine Academy,311,50 Free,9,22.43,Ryan Lester,,USMMA Memorial Invite
U.S. Merchant Marine Academy,311,50 Free,10,22.84,Peyton Harbin,,Southern Connecticut vs. USMMA
U.S. Merchant Marine Academy,311,500 Free,1,4:37.59,Ryan Lester,,New Jersey Athletic Conference Championship
U.S. Merchant Marine Academy,311,500 Free,2,4:44.09,Matthew Wachendorfer,,New Jersey Athletic Conference Championship
U.S. Merchant Marine Academy,311,500 Free,3,4:45.90,Abraham Shim,,New Jersey Athletic Conference Championship
U.S. Merchant Marine Academy,311,500 Free,4,4:49.84,Brendan Baser,,New Jersey Athletic Conference Championship
U.S. Merchant Marine Academy,311,500 Free,5,4:58.61,Jason Equiano,,New Jersey Athletic Conference Championship
U.S. Merchant Marine Academy,311,500 Free,6,4:58.82,Luke Frank,,New Jersey Athletic Conference Championship
U.S. Merchant Marine Academy,311,500 Free,7,5:00.16,John Frank,,USMMA Memorial Invite
U.S. Merchant Marine Academy,311,500 Free,8,5:18.97,Caden Latchaw,,USMMA Memorial Invite
University of California-Santa Cruz,182,100 Back,1,48.38,Greyson Davies,,Pacific Collegiate Swim Conference Championships
University of California-Santa Cruz,182,100 Back,2,50.22,Asher Kates,,Pacific Collegiate Swim Conference Championships
University of California-Santa Cruz,182,100 Back,3,51.65,Kyle Reitan,,University of California Santa Cruz vs. Simpson
University of California-Santa Cruz,182,100 Back,4,52.04,Sebastian Santiago,,University of California Santa Cruz vs. Simpson
University of California-Santa Cruz,182,100 Back,5,52.15,Kent Nishida,,Whittier vs. UC Santa Cruz
University of California-Santa Cruz,182,100 Back,6,52.72,JJ Stoen,,Pacific Collegiate Swim Conference Championships
University of California-Santa Cruz,182,100 Back,7,53.01,Charlie Hussain,,Pacific Collegiate Swim Conference Championships
University of California-Santa Cruz,182,100 Back,8,53.95,Tennyson Smith,,Pacific Collegiate Swim Conference Championships
University of California-Santa Cruz,182,100 Back,9,53.99,Morgan Madril,,Pacific vs. UC Santa Cruz vs. San Jose State
University of California-Santa Cruz,182,100 Back,10,54.30,Kaleb Wolfinger,,La Verne Invitational
University of California-Santa Cruz,182,100 Breast,1,55.37,PJ Fortune,,Pacific Collegiate Swim Conference Championships
University of California-Santa Cruz,182,100 Breast,2,55.84,Sebastian Santiago,,UC Santa Cruz vs. Cal State University Bakersfield
University of California-Santa Cruz,182,100 Breast,3,56.94,Jack West,,Pacific Collegiate Swim Conference Championships
University of California-Santa Cruz,182,100 Breast,4,57.29,Karsten Hsiao,,La Verne Invitational
University of California-Santa Cruz,182,100 Breast,5,57.92,Calvin Tam,,Pacific Collegiate Swim Conference Championships
University of California-Santa Cruz,182,100 Breast,6,1:00.12,Elbridge Shi,,Pacific Collegiate Swim Conference Championships
University of California-Santa Cruz,182,100 Breast,7,1:01.04,Kaleb Wolfinger,,Pacific vs. UC Santa Cruz vs. San Jose State
University of California-Santa Cruz,182,100 Breast,8,1:01.47,Henry Kiesby,,Pacific Collegiate Swim Conference Championships
University of California-Santa Cruz,182,100 Breast,9,1:03.16,Sam Caplan,,FPU vs UCSC
University of California-Santa Cruz,182,100 Breast,10,1:03.44,Adam Sinclair,,Pacific Collegiate Swim Conference Championships
University of California-Santa Cruz,182,100 Fly,1,48.07,Andrew Koika,,Pacific Collegiate Swim Conference Championships
University of California-Santa Cruz,182,100 Fly,2,48.66,Morgan Madril,,La Verne Invitational
University of California-Santa Cruz,182,100 Fly,3,49.04,Kyle Reitan,,Pacific Collegiate Swim Conference Championships
University of California-Santa Cruz,182,100 Fly,4,49.43,Jude Robinson,,Pacific Collegiate Swim Conference Championships
University of California-Santa Cruz,182,100 Fly,5,49.63,JJ Stoen,,Pacific Collegiate Swim Conference Championships
University of California-Santa Cruz,182,100 Fly,6,50.24,Kent Nishida,,Chapman vs. UC Santa Cruz
University of California-Santa Cruz,182,100 Fly,7,50.26,Charlie Hussain,,Pacific Collegiate Swim Conference Championships
University of California-Santa Cruz,182,100 Fly,8,50.34,Bryson Schmid,,Pacific Collegiate Swim Conference Championships
University of California-Santa Cruz,182,100 Fly,9,50.78,Greyson Davies,,UC Santa Cruz vs. Cal State University Bakersfield
University of California-Santa Cruz,182,100 Fly,10,53.07,Owen Blanford,,Pacific vs. UC Santa Cruz vs. San Jose State
University of California-Santa Cruz,182,100 Free,1,43.61,Kyle Reitan,,Pacific Collegiate Swim Conference Championships
University of California-Santa Cruz,182,100 Free,2,45.01,Massimo Reyna,,Pacific Collegiate Swim Conference Championships
University of California-Santa Cruz,182,100 Free,3,45.25,Andrew Koika,,Pacific Collegiate Swim Conference Championships
University of California-Santa Cruz,182,100 Free,4,45.57,JJ Stoen,,La Verne Invitational
University of California-Santa Cruz,182,100 Free,5,45.68,Bryson Schmid,,Pacific Collegiate Swim Conference Championships
University of California-Santa Cruz,182,100 Free,6,46.42,Morgan Madril,,La Verne Invitational
University of California-Santa Cruz,182,100 Free,7,46.46,Lucas Blietz,,Pacific Collegiate Swim Conference Championships
University of California-Santa Cruz,182,100 Free,8,46.49,Charlie Hussain,,Pacific Collegiate Swim Conference Championships
University of California-Santa Cruz,182,100 Free,9,47.72,Adam Sinclair,,La Verne Invitational
University of California-Santa Cruz,182,100 Free,10,47.74,Dylan Blietz,,La Verne Invitational
University of California-Santa Cruz,182,1000 Free,1,9:45.79,Michael Fusinati,,Pacific Collegiate Swim Conference Championships
University of California-Santa Cruz,182,1000 Free,2,9:48.69,Dylan Blietz,,Pacific Collegiate Swim Conference Championships
University of California-Santa Cruz,182,1000 Free,3,10:01.58,Lucas Blietz,,Pacific Collegiate Swim Conference Championships
University of California-Santa Cruz,182,1000 Free,4,10:09.02,Sam Caplan,,Pacific Collegiate Swim Conference Championships
University of California-Santa Cruz,182,1000 Free,5,10:12.47,Ido Haiby,,Pacific Collegiate Swim Conference Championships
University of California-Santa Cruz,182,1000 Free,6,10:13.12,Karsten Hsiao,,Pacific Collegiate Swim Conference Championships
University of California-Santa Cruz,182,1000 Free,7,10:23.14,Israel Gonzalez,,University of California Santa Cruz vs. Simpson
University of California-Santa Cruz,182,1000 Free,8,10:40.15,Henry Kiesby,,Pacific Collegiate Swim Conference Championships
University of California-Santa Cruz,182,1000 Free,9,10:41.08,Jack West,,Pacific Collegiate Swim Conference Championships
University of California-Santa Cruz,182,1000 Free,10,10:59.16,Massimo Reyna,,University of California Santa Cruz vs. Simpson
University of California-Santa Cruz,182,1650 Free,1,16:23.67,Dylan Blietz,,Pacific Collegiate Swim Conference Championships
University of California-Santa Cruz,182,1650 Free,2,16:37.03,Michael Fusinati,,Pacific Collegiate Swim Conference Championships
University of California-Santa Cruz,182,1650 Free,3,17:01.00,Ido Haiby,,Pacific Collegiate Swim Conference Championships
University of California-Santa Cruz,182,1650 Free,4,17:58.94,Henry Kiesby,,La Verne Invitational
University of California-Santa Cruz,182,200 Back,1,1:47.88,Greyson Davies,,Pacific Collegiate Swim Conference Championships
University of California-Santa Cruz,182,200 Back,2,1:48.59,Asher Kates,,Pacific Collegiate Swim Conference Championships
University of California-Santa Cruz,182,200 Back,3,1:52.47,Kent Nishida,,Pacific Collegiate Swim Conference Championships
University of California-Santa Cruz,182,200 Back,4,1:53.21,Kaleb Wolfinger,,Pacific Collegiate Swim Conference Championships
University of California-Santa Cruz,182,200 Back,5,2:01.81,Tennyson Smith,,Pacific Collegiate Swim Conference Championships
University of California-Santa Cruz,182,200 Back,6,2:03.57,Sam Caplan,,University of California Santa Cruz vs. Simpson
University of California-Santa Cruz,182,200 Back,7,2:29.56,Henry Kiesby,,University of California Santa Cruz vs. Simpson
University of California-Santa Cruz,182,200 Breast,1,2:01.84,Sebastian Santiago,,Pacific Collegiate Swim Conference Championships
University of California-Santa Cruz,182,200 Breast,2,2:03.93,Jack West,,Pacific Collegiate Swim Conference Championships
University of California-Santa Cruz,182,200 Breast,3,2:04.05,PJ Fortune,,Pacific Collegiate Swim Conference Championships
University of California-Santa Cruz,182,200 Breast,4,2:06.91,Jude Robinson,,Pacific Collegiate Swim Conference Championships
University of California-Santa Cruz,182,200 Breast,5,2:07.27,Karsten Hsiao,,La Verne Invitational
University of California-Santa Cruz,182,200 Breast,6,2:10.02,Calvin Tam,,Pacific Collegiate Swim Conference Championships
University of California-Santa Cruz,182,200 Breast,7,2:11.87,Sam Caplan,,La Verne Invitational
University of California-Santa Cruz,182,200 Breast,8,2:12.08,Henry Kiesby,,Pacific Collegiate Swim Conference Championships
University of California-Santa Cruz,182,200 Breast,9,2:13.15,Elbridge Shi,,Pacific Collegiate Swim Conference Championships
University of California-Santa Cruz,182,200 Breast,10,2:15.39,Kaleb Wolfinger,,Pacific vs. UC Santa Cruz vs. San Jose State
University of California-Santa Cruz,182,200 Fly,1,1:47.27,Greyson Davies,,Pacific Collegiate Swim Conference Championships
University of California-Santa Cruz,182,200 Fly,2,1:49.84,Kent Nishida,,UC Santa Cruz vs. Cal State University Bakersfield
University of California-Santa Cruz,182,200 Fly,3,1:51.03,Jude Robinson,,Pacific Collegiate Swim Conference Championships
University of California-Santa Cruz,182,200 Fly,4,1:53.13,Kaleb Wolfinger,,Pacific Collegiate Swim Conference Championships
University of California-Santa Cruz,182,200 Fly,5,1:55.58,Israel Gonzalez,,UC Santa Cruz vs. Cal State University Bakersfield
University of California-Santa Cruz,182,200 Fly,6,1:57.49,Sam Caplan,,Pacific Collegiate Swim Conference Championships
University of California-Santa Cruz,182,200 Fly,7,2:06.06,Ido Haiby,,University of California Santa Cruz vs. Simpson
University of California-Santa Cruz,182,200 Fly,8,2:15.31,Calvin Tam,,University of California Santa Cruz vs. Simpson
University of California-Santa Cruz,182,200 Free,1,1:38.71,Massimo Reyna,,Pacific Collegiate Swim Conference Championships
University of California-Santa Cruz,182,200 Free,2,1:41.35,Kent Nishida,,Pacific Collegiate Swim Conference Championships
University of California-Santa Cruz,182,200 Free,3,1:41.60,Asher Kates,,University of California Santa Cruz vs. Simpson
University of California-Santa Cruz,182,200 Free,4,1:41.81,Owen Blanford,,La Verne Invitational
University of California-Santa Cruz,182,200 Free,5,1:42.25,Lucas Blietz,,UC Santa Cruz vs. Cal State University Bakersfield
University of California-Santa Cruz,182,200 Free,6,1:42.32,Bryson Schmid,,Pacific Collegiate Swim Conference Championships
University of California-Santa Cruz,182,200 Free,7,1:42.35,Michael Fusinati,,Pacific Collegiate Swim Conference Championships
University of California-Santa Cruz,182,200 Free,8,1:42.72,Jude Robinson,,University of California Santa Cruz vs. Simpson
University of California-Santa Cruz,182,200 Free,9,1:43.71,Morgan Madril,,La Verne Invitational
University of California-Santa Cruz,182,200 Free,10,1:43.89,Dylan Blietz,,Pacific Collegiate Swim Conference Championships
University of California-Santa Cruz,182,200 Im,1,1:49.04,Greyson Davies,,Pacific Collegiate Swim Conference Championships
University of California-Santa Cruz,182,200 Im,2,1:51.75,Asher Kates,,Pacific Collegiate Swim Conference Championships
University of California-Santa Cruz,182,200 Im,3,1:52.46,Kent Nishida,,Pacific Collegiate Swim Conference Championships
University of California-Santa Cruz,182,200 Im,4,1:52.47,Jude Robinson,,Pacific Collegiate Swim Conference Championships
University of California-Santa Cruz,182,200 Im,5,1:52.85,Sebastian Santiago,,Pacific Collegiate Swim Conference Championships
University of California-Santa Cruz,182,200 Im,6,1:53.67,Kaleb Wolfinger,,Pacific Collegiate Swim Conference Championships
University of California-Santa Cruz,182,200 Im,7,1:58.30,Massimo Reyna,,University of California Santa Cruz vs. Simpson
University of California-Santa Cruz,182,200 Im,8,1:59.14,Kyle Reitan,,University of California Santa Cruz vs. Simpson
University of California-Santa Cruz,182,200 Im,9,1:59.77,PJ Fortune,,Pacific Collegiate Swim Conference Championships
University of California-Santa Cruz,182,200 Im,10,2:00.19,Jack West,,La Verne Invitational
University of California-Santa Cruz,182,400 Im,1,3:58.36,Asher Kates,,Pacific Collegiate Swim Conference Championships
University of California-Santa Cruz,182,400 Im,2,4:01.43,Sebastian Santiago,,Pacific Collegiate Swim Conference Championships
University of California-Santa Cruz,182,400 Im,3,4:03.47,Greyson Davies,,Pacific Collegiate Swim Conference Championships
University of California-Santa Cruz,182,400 Im,4,4:12.12,Kaleb Wolfinger,,Pacific Collegiate Swim Conference Championships
University of California-Santa Cruz,182,400 Im,5,4:13.90,Sam Caplan,,Pacific Collegiate Swim Conference Championships
University of California-Santa Cruz,182,400 Im,6,4:15.31,Kent Nishida,,Whittier vs. UC Santa Cruz
University of California-Santa Cruz,182,400 Im,7,4:21.39,Jack West,,Pacific Collegiate Swim Conference Championships
University of California-Santa Cruz,182,400 Im,8,4:22.82,Karsten Hsiao,,La Verne Invitational
University of California-Santa Cruz,182,400 Im,9,4:27.67,Ido Haiby,,La Verne Invitational
University of California-Santa Cruz,182,400 Im,10,4:30.05,Calvin Tam,,Pacific Collegiate Swim Conference Championships
University of California-Santa Cruz,182,50 Free,1,20.08,Kyle Reitan,,UC Santa Cruz vs. Cal State University Bakersfield
University of California-Santa Cruz,182,50 Free,2,20.14,Andrew Koika,,Pacific Collegiate Swim Conference Championships
University of California-Santa Cruz,182,50 Free,3,20.55,JJ Stoen,,Pacific Collegiate Swim Conference Championships
University of California-Santa Cruz,182,50 Free,4,20.80,Bryson Schmid,,Pacific Collegiate Swim Conference Championships
University of California-Santa Cruz,182,50 Free,5,20.85,Charlie Hussain,,Pacific Collegiate Swim Conference Championships
University of California-Santa Cruz,182,50 Free,6,21.09,Massimo Reyna,,Pacific Collegiate Swim Conference Championships
University of California-Santa Cruz,182,50 Free,7,21.20,Morgan Madril,,La Verne Invitational
University of California-Santa Cruz,182,50 Free,8,21.37,Lucas Blietz,,Pacific Collegiate Swim Conference Championships
University of California-Santa Cruz,182,50 Free,9,21.42,Greyson Davies,,University of California Santa Cruz vs. Simpson
University of California-Santa Cruz,182,50 Free,10,21.48,Jude Robinson,,University of California Santa Cruz vs. Simpson
University of California-Santa Cruz,182,500 Free,1,4:40.01,Dylan Blietz,,Pacific Collegiate Swim Conference Championships
University of California-Santa Cruz,182,500 Free,2,4:40.45,Massimo Reyna,,Pacific Collegiate Swim Conference Championships
University of California-Santa Cruz,182,500 Free,3,4:40.50,Michael Fusinati,,Pacific Collegiate Swim Conference Championships
University of California-Santa Cruz,182,500 Free,4,4:44.25,Owen Blanford,,La Verne Invitational
University of California-Santa Cruz,182,500 Free,5,4:45.18,Lucas Blietz,,La Verne Invitational
University of California-Santa Cruz,182,500 Free,6,4:53.95,Asher Kates,,University of California Santa Cruz vs. Simpson
University of California-Santa Cruz,182,500 Free,7,4:58.49,Israel Gonzalez,,UC Santa Cruz vs. Cal State University Bakersfield
University of California-Santa Cruz,182,500 Free,8,4:58.54,Ido Haiby,,La Verne Invitational
University of California-Santa Cruz,182,500 Free,9,5:00.60,Sam Caplan,,La Verne Invitational
University of California-Santa Cruz,182,500 Free,10,5:05.84,Adam Sinclair,,University of California Santa Cruz vs. Simpson
University of Chicago,259,100 Back,1,47.92,Cooper Costello,,2026 Midwest Invitational
University of Chicago,259,100 Back,2,48.86,Misha Kojanov,,University Athletic Association Championships
University of Chicago,259,100 Back,3,49.46,David Gutin,,University Athletic Association Championships
University of Chicago,259,100 Back,4,50.22,John Butler,,Hope vs. Chicago
University of Chicago,259,100 Back,5,50.48,Ryan-Alexander Lobo,,University Athletic Association Championships
University of Chicago,259,100 Back,6,50.87,Pierre Chan,,University Athletic Association Championships
University of Chicago,259,100 Back,7,51.69,Alex Schwartz,,D3 Shootout
University of Chicago,259,100 Back,8,52.05,Lucas Li,,16th Annual Phoenix Fall Classic
University of Chicago,259,100 Back,9,54.92,Winston Wang,,"Chicago vs IIT, Wheaton"
University of Chicago,259,100 Back,10,54.99,Jeffrey Wang,,"Chicago vs IIT, Wheaton"
University of Chicago,259,100 Breast,1,53.71,Ethan Taylor,,University Athletic Association Championships
University of Chicago,259,100 Breast,2,54.44,Cooper Costello,,2026 Midwest Invitational
University of Chicago,259,100 Breast,3,55.60,Chris Xia,,16th Annual Phoenix Fall Classic
University of Chicago,259,100 Breast,4,56.69,Vito Cappiello,,University Athletic Association Championships
University of Chicago,259,100 Breast,5,56.84,Joe Zhang,,University of Chicago vs Northwestern
University of Chicago,259,100 Breast,6,57.58,Lorenzo Martinelli,,Hope vs. Chicago
University of Chicago,259,100 Breast,7,57.91,David Gutin,,2026 Midwest Invitational
University of Chicago,259,100 Breast,8,58.35,Taiki Ishikawa,,University of Chicago vs. Calvin
University of Chicago,259,100 Breast,9,58.77,Winston Wang,,University Athletic Association Championships
University of Chicago,259,100 Breast,10,1:01.82,Misha Kojanov,,2026 Midwest Invitational
University of Chicago,259,100 Fly,1,46.39,Cooper Costello,,University Athletic Association Championships
University of Chicago,259,100 Fly,2,49.17,John Butler,,2026 Midwest Invitational
University of Chicago,259,100 Fly,3,49.37,Pierre Chan,,University Athletic Association Championships
University of Chicago,259,100 Fly,4,49.55,Lucas Li,,University Athletic Association Championships
University of Chicago,259,100 Fly,5,49.58,Taiki Ishikawa,,2026 Midwest Invitational
University of Chicago,259,100 Fly,6,49.82,Daniel Fu,,16th Annual Phoenix Fall Classic
University of Chicago,259,100 Fly,7,50.32,David Gutin,,D3 Shootout
University of Chicago,259,100 Fly,8,50.43,Chris Xia,,University Athletic Association Championships
University of Chicago,259,100 Fly,9,50.54,Alexander White,,16th Annual Phoenix Fall Classic
University of Chicago,259,100 Fly,10,50.71,Igor Benderskii,,16th Annual Phoenix Fall Classic
University of Chicago,259,100 Free,1,43.16,John Butler,,University Athletic Association Championships
University of Chicago,259,100 Free,2,43.90,Cooper Costello,,University Athletic Association Championships
University of Chicago,259,100 Free,3,44.64,Igor Benderskii,,University Athletic Association Championships
University of Chicago,259,100 Free,4,44.88,Alex Schwartz,,University Athletic Association Championships
University of Chicago,259,100 Free,5,45.15,Rylan Kruep,,16th Annual Phoenix Fall Classic
University of Chicago,259,100 Free,6,45.37,Misha Kojanov,,University Athletic Association Championships
University of Chicago,259,100 Free,7,45.38,Taiki Ishikawa,,Hope vs. Chicago
University of Chicago,259,100 Free,8,45.38,Ryan-Alexander Lobo,,University Athletic Association Championships
University of Chicago,259,100 Free,9,46.40,David Gutin,,16th Annual Phoenix Fall Classic
University of Chicago,259,100 Free,10,46.44,Winston Wang,,16th Annual Phoenix Fall Classic
University of Chicago,259,1000 Free,1,9:32.31,Chris Mo,,16th Annual Phoenix Fall Classic
University of Chicago,259,1000 Free,2,9:34.67,Marcell Milo-Sidlo,,University of Chicago vs. University of Illinois at Chicago
University of Chicago,259,1000 Free,3,9:39.34,Gray Spencer,,University of Chicago vs. Calvin
University of Chicago,259,1000 Free,4,9:50.52,Alex Schwartz,,University of Chicago vs. Calvin
University of Chicago,259,1000 Free,5,9:57.04,Jeffrey Wang,,University of Chicago vs Northwestern
University of Chicago,259,1650 Free,1,15:45.97,Chris Mo,,16th Annual Phoenix Fall Classic
University of Chicago,259,1650 Free,2,15:57.76,Marcell Milo-Sidlo,,University Athletic Association Championships
University of Chicago,259,1650 Free,3,15:59.31,Gray Spencer,,University Athletic Association Championships
University of Chicago,259,1650 Free,4,16:41.34,Jeffrey Wang,,2026 Midwest Invitational
University of Chicago,259,200 Back,1,1:46.95,David Gutin,,16th Annual Phoenix Fall Classic
University of Chicago,259,200 Back,2,1:47.16,Misha Kojanov,,16th Annual Phoenix Fall Classic
University of Chicago,259,200 Back,3,1:50.76,John Butler,,WashU vs Chicago
University of Chicago,259,200 Back,4,1:54.75,Pierre Chan,,16th Annual Phoenix Fall Classic
University of Chicago,259,200 Back,5,1:55.09,Marcell Milo-Sidlo,,Hope vs. Chicago
University of Chicago,259,200 Breast,1,1:57.25,Ethan Taylor,,University Athletic Association Championships
University of Chicago,259,200 Breast,2,2:02.71,Joe Zhang,,University Athletic Association Championships
University of Chicago,259,200 Breast,3,2:03.52,Chris Xia,,16th Annual Phoenix Fall Classic
University of Chicago,259,200 Breast,4,2:04.31,Vito Cappiello,,16th Annual Phoenix Fall Classic
University of Chicago,259,200 Breast,5,2:07.42,Alex Schwartz,,University of Chicago vs Northwestern
University of Chicago,259,200 Breast,6,2:07.74,Chris Mo,,University of Chicago vs Northwestern
University of Chicago,259,200 Breast,7,2:09.14,Lorenzo Martinelli,,University of Chicago vs. University of Illinois at Chicago
University of Chicago,259,200 Fly,1,1:42.91,Cooper Costello,,University Athletic Association Championships
University of Chicago,259,200 Fly,2,1:49.95,Gray Spencer,,University Athletic Association Championships
University of Chicago,259,200 Fly,3,1:50.77,Daniel Fu,,16th Annual Phoenix Fall Classic
University of Chicago,259,200 Fly,4,1:52.18,Lorenzo Martinelli,,University Athletic Association Championships
University of Chicago,259,200 Fly,5,1:53.27,Lucas Li,,16th Annual Phoenix Fall Classic
University of Chicago,259,200 Fly,6,1:53.93,Alexander White,,Hope vs. Chicago
University of Chicago,259,200 Fly,7,1:53.98,Marcell Milo-Sidlo,,University of Chicago vs. Calvin
University of Chicago,259,200 Fly,8,1:59.84,Chris Mo,,D3 Shootout
University of Chicago,259,200 Free,1,1:35.21,John Butler,,16th Annual Phoenix Fall Classic
University of Chicago,259,200 Free,2,1:37.61,Misha Kojanov,,University Athletic Association Championships
University of Chicago,259,200 Free,3,1:38.06,Alex Schwartz,,University Athletic Association Championships
University of Chicago,259,200 Free,4,1:40.50,Chris Mo,,16th Annual Phoenix Fall Classic
University of Chicago,259,200 Free,5,1:40.89,Cooper Costello,,University of Chicago vs. University of Illinois at Chicago
University of Chicago,259,200 Free,6,1:41.42,David Gutin,,University Athletic Association Championships
University of Chicago,259,200 Free,7,1:41.72,Marcell Milo-Sidlo,,2026 Midwest Invitational
University of Chicago,259,200 Free,8,1:43.93,Gray Spencer,,2026 Midwest Invitational
University of Chicago,259,200 Free,9,1:44.65,Igor Benderskii,,Hope vs. Chicago
University of Chicago,259,200 Free,10,1:45.05,Jeffrey Wang,,16th Annual Phoenix Fall Classic
University of Chicago,259,200 Im,1,1:46.69,Cooper Costello,,University Athletic Association Championships
University of Chicago,259,200 Im,2,1:49.65,David Gutin,,University Athletic Association Championships
University of Chicago,259,200 Im,3,1:50.65,Ethan Taylor,,University Athletic Association Championships
University of Chicago,259,200 Im,4,1:51.95,Chris Mo,,D3 Shootout
University of Chicago,259,200 Im,5,1:53.51,Lorenzo Martinelli,,Hope vs. Chicago
University of Chicago,259,200 Im,6,1:53.57,Alex Schwartz,,University of Chicago vs. University of Illinois at Chicago
University of Chicago,259,200 Im,7,1:54.29,Lucas Li,,Hope vs. Chicago
University of Chicago,259,200 Im,8,1:55.57,Joe Zhang,,16th Annual Phoenix Fall Classic
University of Chicago,259,200 Im,9,1:56.59,Chris Xia,,16th Annual Phoenix Fall Classic
University of Chicago,259,200 Im,10,1:58.45,Vito Cappiello,,University Athletic Association Championships
University of Chicago,259,400 Im,1,3:53.60,Alex Schwartz,,16th Annual Phoenix Fall Classic
University of Chicago,259,400 Im,2,3:58.96,Chris Mo,,University Athletic Association Championships
University of Chicago,259,400 Im,3,4:00.95,Marcell Milo-Sidlo,,University Athletic Association Championships
University of Chicago,259,400 Im,4,4:01.64,Lorenzo Martinelli,,University Athletic Association Championships
University of Chicago,259,50 Free,1,19.72,John Butler,,University Athletic Association Championships
University of Chicago,259,50 Free,2,20.26,Igor Benderskii,,University Athletic Association Championships
University of Chicago,259,50 Free,3,20.28,Cooper Costello,,University Athletic Association Championships
University of Chicago,259,50 Free,4,20.38,Rylan Kruep,,University Athletic Association Championships
University of Chicago,259,50 Free,5,20.61,Taiki Ishikawa,,2026 Midwest Invitational
University of Chicago,259,50 Free,6,20.72,Ryan-Alexander Lobo,,University Athletic Association Championships
University of Chicago,259,50 Free,7,21.24,Alex Schwartz,,D3 Shootout
University of Chicago,259,50 Free,8,21.26,Winston Wang,,16th Annual Phoenix Fall Classic
University of Chicago,259,50 Free,9,21.30,Pierre Chan,,16th Annual Phoenix Fall Classic
University of Chicago,259,50 Free,10,21.43,Misha Kojanov,,2026 Midwest Invitational
University of Chicago,259,500 Free,1,4:25.41,Alex Schwartz,,University Athletic Association Championships
University of Chicago,259,500 Free,2,4:27.72,Gray Spencer,,University Athletic Association Championships
University of Chicago,259,500 Free,3,4:32.22,Marcell Milo-Sidlo,,University Athletic Association Championships
University of Chicago,259,500 Free,4,4:33.43,Chris Mo,,16th Annual Phoenix Fall Classic
University of Chicago,259,500 Free,5,4:41.77,Misha Kojanov,,University Athletic Association Championships
University of Chicago,259,500 Free,6,4:42.69,John Butler,,Hope vs. Chicago
University of Chicago,259,500 Free,7,4:46.46,Cooper Costello,,Hope vs. Chicago
University of Chicago,259,500 Free,8,4:52.11,Jeffrey Wang,,University of Chicago vs. University of Illinois at Chicago
University of Mary Washington,144,100 Back,1,50.18,Tucker Burkey,,New Jersey Athletic Conference Championship
University of Mary Washington,144,100 Back,2,50.38,Will Burkey,,New Jersey Athletic Conference Championship
University of Mary Washington,144,100 Back,3,51.23,Rece Storer,,New Jersey Athletic Conference Championship
University of Mary Washington,144,100 Back,4,52.69,Thomas Sites,,F&M Invitational
University of Mary Washington,144,100 Back,5,52.88,Patrick Stern,,New Jersey Athletic Conference Championship
University of Mary Washington,144,100 Back,6,53.91,Sam Mahoney,,UMW Last Chance
University of Mary Washington,144,100 Back,7,54.02,Demetrius Walker,,New Jersey Athletic Conference Championship
University of Mary Washington,144,100 Back,8,54.62,Nathan Walker,,New Jersey Athletic Conference Championship
University of Mary Washington,144,100 Back,9,54.98,Kyle Johnson,,F&M Invitational
University of Mary Washington,144,100 Back,10,56.80,Tyler Sykes,,F&M Invitational
University of Mary Washington,144,100 Breast,1,55.32,Johnathan Zimmer,,New Jersey Athletic Conference Championship
University of Mary Washington,144,100 Breast,2,55.52,Sam Roundtree,,New Jersey Athletic Conference Championship
University of Mary Washington,144,100 Breast,3,57.39,Will Burkey,,New Jersey Athletic Conference Championship
University of Mary Washington,144,100 Breast,4,57.73,Ihor Birioutchenskii,,F&M Invitational
University of Mary Washington,144,100 Breast,5,59.12,Tucker Burkey,,New Jersey Athletic Conference Championship
University of Mary Washington,144,100 Breast,6,59.97,Dan Rojas,,F&M Invitational
University of Mary Washington,144,100 Breast,7,1:01.79,Larry Almariento,,UMW Last Chance
University of Mary Washington,144,100 Breast,8,1:02.58,Ethan Kim,,New Jersey Athletic Conference Championship
University of Mary Washington,144,100 Breast,9,1:04.25,Guenter Kryszon,,Mary Washington Vs. SMCM
University of Mary Washington,144,100 Breast,10,1:06.06,Patrick Stern,,Mary Washington Vs. SMCM
University of Mary Washington,144,100 Fly,1,50.08,Tucker Burkey,,New Jersey Athletic Conference Championship
University of Mary Washington,144,100 Fly,2,50.09,Thomas Sites,,New Jersey Athletic Conference Championship
University of Mary Washington,144,100 Fly,3,50.90,Will Burkey,,New Jersey Athletic Conference Championship
University of Mary Washington,144,100 Fly,4,51.31,Larry Almariento,,UMW Last Chance
University of Mary Washington,144,100 Fly,5,51.65,Brandon Harvey,,F&M Invitational
University of Mary Washington,144,100 Fly,6,51.78,Patrick Stern,,F&M Invitational
University of Mary Washington,144,100 Fly,7,52.89,Rece Storer,,F&M Invitational
University of Mary Washington,144,100 Fly,8,52.96,Sam Mahoney,,UMW Last Chance
University of Mary Washington,144,100 Fly,9,52.98,AJ Green,,New Jersey Athletic Conference Championship
University of Mary Washington,144,100 Fly,10,53.39,Evan Shelton,,F&M Invitational
University of Mary Washington,144,100 Free,1,45.39,Sam Roundtree,,New Jersey Athletic Conference Championship
University of Mary Washington,144,100 Free,2,45.79,Rece Storer,,New Jersey Athletic Conference Championship
University of Mary Washington,144,100 Free,3,46.44,Sam Mahoney,,New Jersey Athletic Conference Championship
University of Mary Washington,144,100 Free,4,46.53,Brandon Harvey,,New Jersey Athletic Conference Championship
University of Mary Washington,144,100 Free,5,47.19,Eli Polovchik,,New Jersey Athletic Conference Championship
University of Mary Washington,144,100 Free,6,47.41,Will Burkey,,F&M Invitational
University of Mary Washington,144,100 Free,7,47.43,Thomas Sites,,New Jersey Athletic Conference Championship
University of Mary Washington,144,100 Free,8,47.78,Larry Almariento,,New Jersey Athletic Conference Championship
University of Mary Washington,144,100 Free,9,48.58,Guenter Kryszon,,F&M Invitational
University of Mary Washington,144,100 Free,10,48.96,Ihor Birioutchenskii,,F&M Invitational
University of Mary Washington,144,1000 Free,1,10:22.67,Larry Almariento,,F&M Invitational
University of Mary Washington,144,1000 Free,2,10:22.82,Evan Shelton,,New Jersey Athletic Conference Championship
University of Mary Washington,144,1000 Free,3,10:24.02,AJ Green,,F&M Invitational
University of Mary Washington,144,1000 Free,4,10:43.72,Thomas Sites,,Mary Washington Vs. Randolph Macon
University of Mary Washington,144,1000 Free,5,10:58.58,Nathan Walker,,Mary Washington Vs. Randolph Macon
University of Mary Washington,144,1000 Free,6,11:12.38,Kyle Johnson,,Mary Washington Vs. Randolph Macon
University of Mary Washington,144,1000 Free,7,11:23.40,Brandon Harvey,,University of Lynchburg vs Univ of Mary Washington
University of Mary Washington,144,1000 Free,8,12:13.49,Alex Kuhn,,Mary Washington vs. Catholic
University of Mary Washington,144,1650 Free,1,17:03.89,Evan Shelton,,New Jersey Athletic Conference Championship
University of Mary Washington,144,1650 Free,2,17:17.30,AJ Green,,F&M Invitational
University of Mary Washington,144,1650 Free,3,17:19.21,Larry Almariento,,F&M Invitational
University of Mary Washington,144,200 Back,1,1:52.61,Tucker Burkey,,New Jersey Athletic Conference Championship
University of Mary Washington,144,200 Back,2,1:54.75,Thomas Sites,,New Jersey Athletic Conference Championship
University of Mary Washington,144,200 Back,3,1:57.15,Guenter Kryszon,,New Jersey Athletic Conference Championship
University of Mary Washington,144,200 Back,4,1:57.30,Demetrius Walker,,New Jersey Athletic Conference Championship
University of Mary Washington,144,200 Back,5,2:00.01,Kyle Johnson,,F&M Invitational
University of Mary Washington,144,200 Back,6,2:00.95,Nathan Walker,,F&M Invitational
University of Mary Washington,144,200 Back,7,2:06.16,Dan Rojas,,2026 Marymount vs Mary Washington
University of Mary Washington,144,200 Back,8,2:07.29,AJ Green,,University of Lynchburg vs Univ of Mary Washington
University of Mary Washington,144,200 Breast,1,2:01.47,Johnathan Zimmer,,New Jersey Athletic Conference Championship
University of Mary Washington,144,200 Breast,2,2:03.67,Ihor Birioutchenskii,,F&M Invitational
University of Mary Washington,144,200 Breast,3,2:06.20,Will Burkey,,New Jersey Athletic Conference Championship
University of Mary Washington,144,200 Breast,4,2:14.27,Dan Rojas,,New Jersey Athletic Conference Championship
University of Mary Washington,144,200 Breast,5,2:16.96,Guenter Kryszon,,F&M Invitational
University of Mary Washington,144,200 Breast,6,2:28.29,Evan Shelton,,Mary Washington & Frostburg
University of Mary Washington,144,200 Breast,7,2:33.53,Ethan Kim,,Franklin and Marshall vs Mary Washington
University of Mary Washington,144,200 Breast,8,2:38.73,Tyler Sykes,,Mary Washington & Frostburg
University of Mary Washington,144,200 Fly,1,1:53.62,Tucker Burkey,,F&M Invitational
University of Mary Washington,144,200 Fly,2,1:54.07,Johnathan Zimmer,,F&M Invitational
University of Mary Washington,144,200 Fly,3,1:55.55,Patrick Stern,,New Jersey Athletic Conference Championship
University of Mary Washington,144,200 Fly,4,1:56.53,Larry Almariento,,New Jersey Athletic Conference Championship
University of Mary Washington,144,200 Fly,5,1:58.08,Evan Shelton,,F&M Invitational
University of Mary Washington,144,200 Fly,6,1:59.21,AJ Green,,New Jersey Athletic Conference Championship
University of Mary Washington,144,200 Fly,7,2:00.72,Nathan Walker,,F&M Invitational
University of Mary Washington,144,200 Fly,8,2:08.26,Alex Kuhn,,New Jersey Athletic Conference Championship
University of Mary Washington,144,200 Free,1,1:41.90,Sam Mahoney,,New Jersey Athletic Conference Championship
University of Mary Washington,144,200 Free,2,1:42.63,Johnathan Zimmer,,New Jersey Athletic Conference Championship
University of Mary Washington,144,200 Free,3,1:43.15,Larry Almariento,,New Jersey Athletic Conference Championship
University of Mary Washington,144,200 Free,4,1:45.98,Guenter Kryszon,,New Jersey Athletic Conference Championship
University of Mary Washington,144,200 Free,5,1:47.04,Thomas Sites,,F&M Invitational
University of Mary Washington,144,200 Free,6,1:48.52,Brandon Harvey,,Mary Washington & Frostburg
University of Mary Washington,144,200 Free,7,1:49.17,AJ Green,,New Jersey Athletic Conference Championship
University of Mary Washington,144,200 Free,8,1:55.86,Demetrius Walker,,University of Lynchburg vs Univ of Mary Washington
University of Mary Washington,144,200 Im,1,1:52.14,Johnathan Zimmer,,New Jersey Athletic Conference Championship
University of Mary Washington,144,200 Im,2,1:57.19,Patrick Stern,,F&M Invitational
University of Mary Washington,144,200 Im,3,1:58.52,Tucker Burkey,,F&M Invitational
University of Mary Washington,144,200 Im,4,2:02.37,Will Burkey,,Mary Washington Vs. SMCM
University of Mary Washington,144,200 Im,5,2:02.40,Dan Rojas,,F&M Invitational
University of Mary Washington,144,200 Im,6,2:03.42,Ethan Kim,,F&M Invitational
University of Mary Washington,144,200 Im,7,2:05.67,Larry Almariento,,Mary Washington Vs. Randolph Macon
University of Mary Washington,144,200 Im,8,2:10.21,Evan Shelton,,Mary Washington Vs. Randolph Macon
University of Mary Washington,144,200 Im,9,2:11.81,Alex Kuhn,,New Jersey Athletic Conference Championship
University of Mary Washington,144,200 Im,10,2:20.14,Tyler Sykes,,Washington & Lee vs. Mary Washington
University of Mary Washington,144,400 Im,1,4:14.09,Patrick Stern,,F&M Invitational
University of Mary Washington,144,400 Im,2,4:16.65,Johnathan Zimmer,,Mary Washington Vs. SMCM
University of Mary Washington,144,400 Im,3,4:22.08,AJ Green,,F&M Invitational
University of Mary Washington,144,400 Im,4,4:24.13,Evan Shelton,,New Jersey Athletic Conference Championship
University of Mary Washington,144,400 Im,5,4:30.43,Tucker Burkey,,Mary Washington Vs. SMCM
University of Mary Washington,144,400 Im,6,4:36.36,Larry Almariento,,Mary Washington & Frostburg
University of Mary Washington,144,400 Im,7,4:47.02,Dan Rojas,,Mary Washington Vs. SMCM
University of Mary Washington,144,50 Free,1,20.57,Sam Roundtree,,New Jersey Athletic Conference Championship
University of Mary Washington,144,50 Free,2,20.72,Rece Storer,,New Jersey Athletic Conference Championship
University of Mary Washington,144,50 Free,3,21.08,Eli Polovchik,,New Jersey Athletic Conference Championship
University of Mary Washington,144,50 Free,4,21.56,Brandon Harvey,,F&M Invitational
University of Mary Washington,144,50 Free,5,21.61,Will Burkey,,UMW Last Chance
University of Mary Washington,144,50 Free,6,21.77,Sam Mahoney,,New Jersey Athletic Conference Championship
University of Mary Washington,144,50 Free,7,21.84,Guenter Kryszon,,F&M Invitational
University of Mary Washington,144,50 Free,8,21.87,Thomas Sites,,F&M Invitational
University of Mary Washington,144,50 Free,9,21.95,Ihor Birioutchenskii,,F&M Invitational
University of Mary Washington,144,50 Free,10,22.04,Johnathan Zimmer,,F&M Invitational
University of Mary Washington,144,500 Free,1,4:44.67,Thomas Sites,,F&M Invitational
University of Mary Washington,144,500 Free,2,4:45.18,Larry Almariento,,New Jersey Athletic Conference Championship
University of Mary Washington,144,500 Free,3,4:46.60,Sam Mahoney,,F&M Invitational
University of Mary Washington,144,500 Free,4,4:53.14,AJ Green,,F&M Invitational
University of Mary Washington,144,500 Free,5,4:59.42,Evan Shelton,,F&M Invitational
University of Mary Washington,144,500 Free,6,5:02.64,Nathan Walker,,F&M Invitational
University of Mary Washington,144,500 Free,7,5:08.53,Tucker Burkey,,Mary Washington Vs. Randolph Macon
University of Mary Washington,144,500 Free,8,5:40.96,Demetrius Walker,,Washington & Lee vs. Mary Washington
University of Wisconsin-Eau Claire,367,100 Back,1,51.12,Drew Testin,,Rochester Invitational
University of Wisconsin-Eau Claire,367,100 Back,2,51.66,Henry Botten,,D3 Shootout
University of Wisconsin-Eau Claire,367,100 Back,3,52.74,Henry Williams,,Rochester Invitational
University of Wisconsin-Eau Claire,367,100 Back,4,52.96,Luke Hanisch,,Wisconsin Intercollegiate Athletic Conference Championship
University of Wisconsin-Eau Claire,367,100 Back,5,52.96,Winston Walkup,,Wisconsin Intercollegiate Athletic Conference Championship
University of Wisconsin-Eau Claire,367,100 Back,6,54.39,Ryan Lahey,,Rochester Invitational
University of Wisconsin-Eau Claire,367,100 Back,7,55.54,Grant Haselow,,Minnesota First Chance Meet
University of Wisconsin-Eau Claire,367,100 Back,8,56.92,Eric Schroeder,,Minnesota First Chance Meet
University of Wisconsin-Eau Claire,367,100 Back,9,58.89,Zhander Rowley,,UWEC vs. UWW
University of Wisconsin-Eau Claire,367,100 Breast,1,54.96,Jack Gunderson,,Wisconsin Intercollegiate Athletic Conference Championship
University of Wisconsin-Eau Claire,367,100 Breast,2,55.00,Zhander Rowley,,Wisconsin Intercollegiate Athletic Conference Championship
University of Wisconsin-Eau Claire,367,100 Breast,3,57.92,Zach Svendsen,,Minnesota First Chance Meet
University of Wisconsin-Eau Claire,367,100 Breast,4,58.29,Emmett Botten,,Rochester Invitational
University of Wisconsin-Eau Claire,367,100 Breast,5,59.78,Gannon Willmert,,Minnesota First Chance Meet
University of Wisconsin-Eau Claire,367,100 Breast,6,1:01.49,Jacob Bisek,,Rochester Invitational
University of Wisconsin-Eau Claire,367,100 Breast,7,1:01.64,Paolo Pagnucci,,Minnesota First Chance Meet
University of Wisconsin-Eau Claire,367,100 Breast,8,1:02.20,Henry Botten,,UWEC vs. UWW
University of Wisconsin-Eau Claire,367,100 Breast,9,1:05.10,Blake Beatty,,UWEC vs. UWW
University of Wisconsin-Eau Claire,367,100 Breast,10,1:08.69,Vinny Clementi,,UWEC vs. UWW
University of Wisconsin-Eau Claire,367,100 Fly,1,48.23,Emmett Botten,,Wisconsin Intercollegiate Athletic Conference Championship
University of Wisconsin-Eau Claire,367,100 Fly,2,50.85,Evan Bushko,,Wisconsin Intercollegiate Athletic Conference Championship
University of Wisconsin-Eau Claire,367,100 Fly,3,51.77,Blake Beatty,,Wisconsin Intercollegiate Athletic Conference Championship
University of Wisconsin-Eau Claire,367,100 Fly,4,52.49,Kyler Simonet,,Rochester Invitational
University of Wisconsin-Eau Claire,367,100 Fly,5,52.85,Liam Schons,,Rochester Invitational
University of Wisconsin-Eau Claire,367,100 Fly,6,53.51,Jack MacLeod,,Rochester Invitational
University of Wisconsin-Eau Claire,367,100 Fly,7,53.74,Henry Williams,,Wisconsin Intercollegiate Athletic Conference Championship
University of Wisconsin-Eau Claire,367,100 Fly,8,53.75,Winston Walkup,,Rochester Invitational
University of Wisconsin-Eau Claire,367,100 Fly,9,53.79,Kenny Cabeen,,Rochester Invitational
University of Wisconsin-Eau Claire,367,100 Fly,10,54.29,Matthew Herron,,Minnesota First Chance Meet
University of Wisconsin-Eau Claire,367,100 Free,1,45.77,Drew Testin,,Rochester Invitational
University of Wisconsin-Eau Claire,367,100 Free,2,46.93,Evan Bushko,,Wisconsin Intercollegiate Athletic Conference Championship
University of Wisconsin-Eau Claire,367,100 Free,3,47.07,Derek Stadheim,,D3 Shootout
University of Wisconsin-Eau Claire,367,100 Free,4,47.11,Emmett Botten,,Rochester Invitational
University of Wisconsin-Eau Claire,367,100 Free,5,47.56,Todd O'Connor,,Wisconsin Intercollegiate Athletic Conference Championship
University of Wisconsin-Eau Claire,367,100 Free,6,47.77,Jack MacLeod,,Rochester Invitational
University of Wisconsin-Eau Claire,367,100 Free,7,47.93,Blake Beatty,,Rochester Invitational
University of Wisconsin-Eau Claire,367,100 Free,8,47.99,Henry Botten,,D3 Shootout
University of Wisconsin-Eau Claire,367,100 Free,9,48.33,Kenny Cabeen,,Rochester Invitational
University of Wisconsin-Eau Claire,367,100 Free,10,48.39,Jack Gunderson,,Saint Cloud vs. UW-Eau Claire
University of Wisconsin-Eau Claire,367,1000 Free,1,9:55.46,Derek Stadheim,,Rochester Invitational
University of Wisconsin-Eau Claire,367,1000 Free,2,9:57.96,Kaden Zink,,Rochester Invitational
University of Wisconsin-Eau Claire,367,1000 Free,3,10:09.97,Jacob Bisek,,Wisconsin Intercollegiate Athletic Conference Championship
University of Wisconsin-Eau Claire,367,1000 Free,4,10:46.31,Max Maciosek,,Saint Norbert vs. UW-Eau Claire
University of Wisconsin-Eau Claire,367,1000 Free,5,10:46.51,Graham Moore,,UW-Lacrosse vs. UW-Eau Claire
University of Wisconsin-Eau Claire,367,1650 Free,1,16:00.17,Derek Stadheim,,Wisconsin Intercollegiate Athletic Conference Championship
University of Wisconsin-Eau Claire,367,1650 Free,2,16:13.21,Kaden Zink,,Wisconsin Intercollegiate Athletic Conference Championship
University of Wisconsin-Eau Claire,367,1650 Free,3,16:55.89,Jacob Bisek,,Wisconsin Intercollegiate Athletic Conference Championship
University of Wisconsin-Eau Claire,367,1650 Free,4,17:25.16,Graham Moore,,Rochester Invitational
University of Wisconsin-Eau Claire,367,200 Back,1,1:55.47,Ryan Lahey,,Wisconsin Intercollegiate Athletic Conference Championship
University of Wisconsin-Eau Claire,367,200 Back,2,1:55.52,Winston Walkup,,Wisconsin Intercollegiate Athletic Conference Championship
University of Wisconsin-Eau Claire,367,200 Back,3,1:56.31,Henry Botten,,Wisconsin Intercollegiate Athletic Conference Championship
University of Wisconsin-Eau Claire,367,200 Back,4,1:59.09,Henry Williams,,Wisconsin Intercollegiate Athletic Conference Championship
University of Wisconsin-Eau Claire,367,200 Back,5,2:00.57,Grant Haselow,,Minnesota First Chance Meet
University of Wisconsin-Eau Claire,367,200 Back,6,2:00.62,Luke Hanisch,,Wisconsin Intercollegiate Athletic Conference Championship
University of Wisconsin-Eau Claire,367,200 Back,7,2:06.13,Eric Schroeder,,Minnesota First Chance Meet
University of Wisconsin-Eau Claire,367,200 Breast,1,2:03.18,Jack Gunderson,,Wisconsin Intercollegiate Athletic Conference Championship
University of Wisconsin-Eau Claire,367,200 Breast,2,2:04.61,Zhander Rowley,,D3 Shootout
University of Wisconsin-Eau Claire,367,200 Breast,3,2:14.85,Paolo Pagnucci,,Minnesota First Chance Meet
University of Wisconsin-Eau Claire,367,200 Breast,4,2:15.61,Zach Svendsen,,Minnesota First Chance Meet
University of Wisconsin-Eau Claire,367,200 Breast,5,2:16.61,Gannon Willmert,,Minnesota First Chance Meet
University of Wisconsin-Eau Claire,367,200 Breast,6,2:17.27,Jacob Bisek,,Rochester Invitational
University of Wisconsin-Eau Claire,367,200 Breast,7,2:19.51,Henry Botten,,Saint Cloud vs. UW-Eau Claire
University of Wisconsin-Eau Claire,367,200 Fly,1,1:52.07,Emmett Botten,,Wisconsin Intercollegiate Athletic Conference Championship
University of Wisconsin-Eau Claire,367,200 Fly,2,1:59.05,Liam Schons,,Rochester Invitational
University of Wisconsin-Eau Claire,367,200 Fly,3,2:00.12,Max Maciosek,,Rochester Invitational
University of Wisconsin-Eau Claire,367,200 Fly,4,2:00.64,Derek Stadheim,,D3 Shootout
University of Wisconsin-Eau Claire,367,200 Fly,5,2:06.48,Kyler Simonet,,Rochester Invitational
University of Wisconsin-Eau Claire,367,200 Fly,6,2:11.75,Jack MacLeod,,Rochester Invitational
University of Wisconsin-Eau Claire,367,200 Free,1,1:39.83,Derek Stadheim,,Wisconsin Intercollegiate Athletic Conference Championship
University of Wisconsin-Eau Claire,367,200 Free,2,1:41.23,Drew Testin,,Wisconsin Intercollegiate Athletic Conference Championship
University of Wisconsin-Eau Claire,367,200 Free,3,1:42.53,Jacob Bisek,,Wisconsin Intercollegiate Athletic Conference Championship
University of Wisconsin-Eau Claire,367,200 Free,4,1:45.78,Evan Bushko,,Rochester Invitational
University of Wisconsin-Eau Claire,367,200 Free,5,1:45.79,Todd O'Connor,,Wisconsin Intercollegiate Athletic Conference Championship
University of Wisconsin-Eau Claire,367,200 Free,6,1:45.88,Kenny Cabeen,,Wisconsin Intercollegiate Athletic Conference Championship
University of Wisconsin-Eau Claire,367,200 Free,7,1:46.58,Henry Botten,,Rochester Invitational
University of Wisconsin-Eau Claire,367,200 Free,8,1:47.74,Vinny Clementi,,Minnesota First Chance Meet
University of Wisconsin-Eau Claire,367,200 Free,9,1:50.56,Graham Moore,,Rochester Invitational
University of Wisconsin-Eau Claire,367,200 Free,10,1:50.58,Eric Oberg,,Rochester Invitational
University of Wisconsin-Eau Claire,367,200 Im,1,1:53.59,Emmett Botten,,Wisconsin Intercollegiate Athletic Conference Championship
University of Wisconsin-Eau Claire,367,200 Im,2,1:55.40,Henry Botten,,Wisconsin Intercollegiate Athletic Conference Championship
University of Wisconsin-Eau Claire,367,200 Im,3,1:56.95,Zhander Rowley,,Wisconsin Intercollegiate Athletic Conference Championship
University of Wisconsin-Eau Claire,367,200 Im,4,1:58.09,Winston Walkup,,Wisconsin Intercollegiate Athletic Conference Championship
University of Wisconsin-Eau Claire,367,200 Im,5,1:59.19,Jack MacLeod,,Wisconsin Intercollegiate Athletic Conference Championship
University of Wisconsin-Eau Claire,367,200 Im,6,2:00.51,Ryan Lahey,,Rochester Invitational
University of Wisconsin-Eau Claire,367,200 Im,7,2:03.45,Grant Haselow,,Minnesota First Chance Meet
University of Wisconsin-Eau Claire,367,200 Im,8,2:03.46,Jack Gunderson,,Saint Cloud vs. UW-Eau Claire
University of Wisconsin-Eau Claire,367,200 Im,9,2:03.51,Eric Oberg,,Rochester Invitational
University of Wisconsin-Eau Claire,367,200 Im,10,2:04.65,Henry Williams,,Rochester Invitational
University of Wisconsin-Eau Claire,367,400 Im,1,4:06.64,Henry Botten,,Wisconsin Intercollegiate Athletic Conference Championship
University of Wisconsin-Eau Claire,367,400 Im,2,4:13.90,Kaden Zink,,Wisconsin Intercollegiate Athletic Conference Championship
University of Wisconsin-Eau Claire,367,400 Im,3,4:18.92,Max Maciosek,,Wisconsin Intercollegiate Athletic Conference Championship
University of Wisconsin-Eau Claire,367,400 Im,4,4:23.80,Ryan Lahey,,Wisconsin Intercollegiate Athletic Conference Championship
University of Wisconsin-Eau Claire,367,400 Im,5,4:27.23,Emmett Botten,,D3 Shootout
University of Wisconsin-Eau Claire,367,50 Free,1,20.98,Drew Testin,,Wisconsin Intercollegiate Athletic Conference Championship
University of Wisconsin-Eau Claire,367,50 Free,2,21.30,Evan Bushko,,Wisconsin Intercollegiate Athletic Conference Championship
University of Wisconsin-Eau Claire,367,50 Free,3,21.31,Jack Gunderson,,Rochester Invitational
University of Wisconsin-Eau Claire,367,50 Free,4,21.63,Todd O'Connor,,Rochester Invitational
University of Wisconsin-Eau Claire,367,50 Free,5,21.73,Blake Beatty,,Wisconsin Intercollegiate Athletic Conference Championship
University of Wisconsin-Eau Claire,367,50 Free,6,21.79,Matthew Herron,,Minnesota First Chance Meet
University of Wisconsin-Eau Claire,367,50 Free,7,21.89,Kenny Cabeen,,Rochester Invitational
University of Wisconsin-Eau Claire,367,50 Free,8,21.89,Luke Hanisch,,Rochester Invitational
University of Wisconsin-Eau Claire,367,50 Free,9,22.17,Zach Svendsen,,Rochester Invitational
University of Wisconsin-Eau Claire,367,50 Free,10,22.39,Emmett Botten,,Rochester Invitational
University of Wisconsin-Eau Claire,367,500 Free,1,4:32.45,Derek Stadheim,,Wisconsin Intercollegiate Athletic Conference Championship
University of Wisconsin-Eau Claire,367,500 Free,2,4:39.59,Kaden Zink,,Wisconsin Intercollegiate Athletic Conference Championship
University of Wisconsin-Eau Claire,367,500 Free,3,4:47.66,Jacob Bisek,,Wisconsin Intercollegiate Athletic Conference Championship
University of Wisconsin-Eau Claire,367,500 Free,4,4:50.73,Max Maciosek,,Rochester Invitational
University of Wisconsin-Eau Claire,367,500 Free,5,4:55.51,Vinny Clementi,,Minnesota First Chance Meet
University of Wisconsin-Eau Claire,367,500 Free,6,4:56.61,Graham Moore,,Rochester Invitational
University of Wisconsin-Eau Claire,367,500 Free,7,5:03.46,Drew Testin,,D3 Shootout
University of Wisconsin-LaCrosse,113,100 Back,1,50.33,Jacob Ketterling,,Wisconsin Intercollegiate Athletic Conference Championship
University of Wisconsin-LaCrosse,113,100 Back,2,50.38,Preston Nygaard,,Minnesota First Chance Meet
University of Wisconsin-LaCrosse,113,100 Back,3,51.85,Coby Zander,,Wisconsin Intercollegiate Athletic Conference Championship
University of Wisconsin-LaCrosse,113,100 Back,4,52.47,Jesse Hammes,,Wisconsin Intercollegiate Athletic Conference Championship
University of Wisconsin-LaCrosse,113,100 Back,5,52.68,Jonah Elfers,,Wisconsin Intercollegiate Athletic Conference Championship
University of Wisconsin-LaCrosse,113,100 Back,6,52.80,Sean Gillett,,Wisconsin Intercollegiate Athletic Conference Championship
University of Wisconsin-LaCrosse,113,100 Back,7,53.54,Owen Acker,,Rochester Invitational
University of Wisconsin-LaCrosse,113,100 Back,8,54.58,Nathan Gehm,,Wisconsin Intercollegiate Athletic Conference Championship
University of Wisconsin-LaCrosse,113,100 Back,9,56.14,Caleb Smith,,UW Stevens Point vs. UW Lacrosse
University of Wisconsin-LaCrosse,113,100 Back,10,56.27,Rylan Close,,Rochester Invitational
University of Wisconsin-LaCrosse,113,100 Breast,1,54.57,Preston Nygaard,,Wisconsin Intercollegiate Athletic Conference Championship
University of Wisconsin-LaCrosse,113,100 Breast,2,56.19,Tyler Hartmann,,Wisconsin Intercollegiate Athletic Conference Championship
University of Wisconsin-LaCrosse,113,100 Breast,3,57.22,Ben Collins,,Wisconsin Intercollegiate Athletic Conference Championship
University of Wisconsin-LaCrosse,113,100 Breast,4,57.82,Gabriel DeWald,,Wisconsin Intercollegiate Athletic Conference Championship
University of Wisconsin-LaCrosse,113,100 Breast,5,59.30,Jackson Preusse,,Wisconsin Intercollegiate Athletic Conference Championship
University of Wisconsin-LaCrosse,113,100 Breast,6,59.60,Luca Nociti,,Wisconsin Intercollegiate Athletic Conference Championship
University of Wisconsin-LaCrosse,113,100 Breast,7,59.72,Davin Evans,,Minnesota First Chance Meet
University of Wisconsin-LaCrosse,113,100 Breast,8,1:01.32,Rylan Close,,Wisconsin Intercollegiate Athletic Conference Championship
University of Wisconsin-LaCrosse,113,100 Breast,9,1:01.71,Jesse Hammes,,Rochester Invitational
University of Wisconsin-LaCrosse,113,100 Breast,10,1:03.65,Owen Acker,,Minnesota First Chance Meet
University of Wisconsin-LaCrosse,113,100 Fly,1,50.33,Jonah Elfers,,Wisconsin Intercollegiate Athletic Conference Championship
University of Wisconsin-LaCrosse,113,100 Fly,2,50.42,Tyler Hartmann,,Rochester Invitational
University of Wisconsin-LaCrosse,113,100 Fly,3,50.50,Jacob Ketterling,,Rochester Invitational
University of Wisconsin-LaCrosse,113,100 Fly,4,50.75,Isaac Mozena,,Wisconsin Intercollegiate Athletic Conference Championship
University of Wisconsin-LaCrosse,113,100 Fly,5,51.53,Sean Gillett,,Wisconsin Intercollegiate Athletic Conference Championship
University of Wisconsin-LaCrosse,113,100 Fly,6,51.98,Rylan Close,,Wisconsin Intercollegiate Athletic Conference Championship
University of Wisconsin-LaCrosse,113,100 Fly,7,52.47,Caleb Jondle,,Rochester Invitational
University of Wisconsin-LaCrosse,113,100 Fly,8,53.38,Gavin LaBeau,,Rochester Invitational
University of Wisconsin-LaCrosse,113,100 Fly,9,53.94,Nathan Gehm,,Rochester Invitational
University of Wisconsin-LaCrosse,113,100 Fly,10,54.26,Coby Zander,,Rochester Invitational
University of Wisconsin-LaCrosse,113,100 Free,1,46.29,Jesse Hammes,,Wisconsin Intercollegiate Athletic Conference Championship
University of Wisconsin-LaCrosse,113,100 Free,2,46.34,Tyler Hartmann,,Wisconsin Intercollegiate Athletic Conference Championship
University of Wisconsin-LaCrosse,113,100 Free,3,47.05,Luca Nociti,,Wisconsin Intercollegiate Athletic Conference Championship
University of Wisconsin-LaCrosse,113,100 Free,4,47.16,Preston Nygaard,,Rochester Invitational
University of Wisconsin-LaCrosse,113,100 Free,5,47.43,Ben Collins,,Rochester Invitational
University of Wisconsin-LaCrosse,113,100 Free,6,48.01,Jacob Ketterling,,Minnesota First Chance Meet
University of Wisconsin-LaCrosse,113,100 Free,7,48.22,Gavin LaBeau,,Rochester Invitational
University of Wisconsin-LaCrosse,113,100 Free,8,48.51,Nathan Gehm,,Wisconsin Intercollegiate Athletic Conference Championship
University of Wisconsin-LaCrosse,113,100 Free,9,48.59,Alex McQuestion,,Wisconsin Intercollegiate Athletic Conference Championship
University of Wisconsin-LaCrosse,113,100 Free,10,49.20,Coby Zander,,Minnesota First Chance Meet
University of Wisconsin-LaCrosse,113,1000 Free,1,10:04.90,Davin Evans,,Wisconsin Intercollegiate Athletic Conference Championship
University of Wisconsin-LaCrosse,113,1000 Free,2,10:09.16,Owen Acker,,Rochester Invitational
University of Wisconsin-LaCrosse,113,1000 Free,3,10:29.97,Nick Ellerd,,Wisconsin Intercollegiate Athletic Conference Championship
University of Wisconsin-LaCrosse,113,1000 Free,4,10:38.09,Nolan Sannito,,UW-Lacrosse vs. UW-Eau Claire
University of Wisconsin-LaCrosse,113,1000 Free,5,11:27.14,Isaac Mozena,,UWSP Point Invite
University of Wisconsin-LaCrosse,113,1650 Free,1,16:33.16,Owen Acker,,Wisconsin Intercollegiate Athletic Conference Championship
University of Wisconsin-LaCrosse,113,1650 Free,2,16:46.10,Davin Evans,,Wisconsin Intercollegiate Athletic Conference Championship
University of Wisconsin-LaCrosse,113,1650 Free,3,17:12.10,Nolan Sannito,,Rochester Invitational
University of Wisconsin-LaCrosse,113,1650 Free,4,17:20.41,Nick Ellerd,,Wisconsin Intercollegiate Athletic Conference Championship
University of Wisconsin-LaCrosse,113,1650 Free,5,18:45.89,Isaac Mozena,,UWSP Point Invite
University of Wisconsin-LaCrosse,113,200 Back,1,1:51.06,Jacob Ketterling,,Wisconsin Intercollegiate Athletic Conference Championship
University of Wisconsin-LaCrosse,113,200 Back,2,1:52.84,Coby Zander,,Wisconsin Intercollegiate Athletic Conference Championship
University of Wisconsin-LaCrosse,113,200 Back,3,1:55.62,Owen Acker,,Wisconsin Intercollegiate Athletic Conference Championship
University of Wisconsin-LaCrosse,113,200 Back,4,1:56.96,Sean Gillett,,Wisconsin Intercollegiate Athletic Conference Championship
University of Wisconsin-LaCrosse,113,200 Back,5,2:00.25,Caleb Jondle,,Minnesota First Chance Meet
University of Wisconsin-LaCrosse,113,200 Back,6,2:04.13,Caleb Smith,,UWSP Point Invite
University of Wisconsin-LaCrosse,113,200 Back,7,2:04.86,Nathan Gehm,,Rochester Invitational
University of Wisconsin-LaCrosse,113,200 Back,8,2:05.48,Jonah Elfers,,Rochester Invitational
University of Wisconsin-LaCrosse,113,200 Back,9,2:15.63,Davin Evans,,UW-L vs. CSB.SJU
University of Wisconsin-LaCrosse,113,200 Breast,1,1:58.65,Preston Nygaard,,Wisconsin Intercollegiate Athletic Conference Championship
University of Wisconsin-LaCrosse,113,200 Breast,2,2:03.26,Ben Collins,,Wisconsin Intercollegiate Athletic Conference Championship
University of Wisconsin-LaCrosse,113,200 Breast,3,2:06.65,Gabriel DeWald,,Wisconsin Intercollegiate Athletic Conference Championship
University of Wisconsin-LaCrosse,113,200 Breast,4,2:10.60,Davin Evans,,Rochester Invitational
University of Wisconsin-LaCrosse,113,200 Breast,5,2:17.67,Jackson Preusse,,Wisconsin Intercollegiate Athletic Conference Championship
University of Wisconsin-LaCrosse,113,200 Breast,6,2:21.26,Caleb Jondle,,UW Oshkosh vs UW LaCrosse
University of Wisconsin-LaCrosse,113,200 Breast,7,2:29.07,Nolan Sannito,,UWSP Point Invite
University of Wisconsin-LaCrosse,113,200 Fly,1,1:55.74,Caleb Jondle,,Wisconsin Intercollegiate Athletic Conference Championship
University of Wisconsin-LaCrosse,113,200 Fly,2,1:56.04,Isaac Mozena,,Wisconsin Intercollegiate Athletic Conference Championship
University of Wisconsin-LaCrosse,113,200 Fly,3,1:58.81,Jonah Elfers,,Wisconsin Intercollegiate Athletic Conference Championship
University of Wisconsin-LaCrosse,113,200 Fly,4,1:59.40,Nick Ellerd,,Wisconsin Intercollegiate Athletic Conference Championship
University of Wisconsin-LaCrosse,113,200 Fly,5,2:02.55,Nolan Sannito,,Rochester Invitational
University of Wisconsin-LaCrosse,113,200 Fly,6,2:05.81,Rylan Close,,Wisconsin Intercollegiate Athletic Conference Championship
University of Wisconsin-LaCrosse,113,200 Fly,7,2:06.43,Davin Evans,,UWSP Point Invite
University of Wisconsin-LaCrosse,113,200 Free,1,1:44.45,Ben Collins,,Wisconsin Intercollegiate Athletic Conference Championship
University of Wisconsin-LaCrosse,113,200 Free,2,1:44.85,Gavin LaBeau,,Rochester Invitational
University of Wisconsin-LaCrosse,113,200 Free,3,1:45.26,Coby Zander,,Wisconsin Intercollegiate Athletic Conference Championship
University of Wisconsin-LaCrosse,113,200 Free,4,1:45.71,Preston Nygaard,,Rochester Invitational
University of Wisconsin-LaCrosse,113,200 Free,5,1:46.03,Davin Evans,,Minnesota First Chance Meet
University of Wisconsin-LaCrosse,113,200 Free,6,1:46.82,Caleb Jondle,,Rochester Invitational
University of Wisconsin-LaCrosse,113,200 Free,7,1:47.85,Alex McQuestion,,Rochester Invitational
University of Wisconsin-LaCrosse,113,200 Free,8,1:48.80,Nick Ellerd,,Rochester Invitational
University of Wisconsin-LaCrosse,113,200 Free,9,1:49.53,Gabriel DeWald,,Minnesota First Chance Meet
University of Wisconsin-LaCrosse,113,200 Free,10,1:49.67,Nolan Sannito,,Rochester Invitational
University of Wisconsin-LaCrosse,113,200 Im,1,1:49.06,Jacob Ketterling,,Wisconsin Intercollegiate Athletic Conference Championship
University of Wisconsin-LaCrosse,113,200 Im,2,1:49.76,Preston Nygaard,,Wisconsin Intercollegiate Athletic Conference Championship
University of Wisconsin-LaCrosse,113,200 Im,3,1:55.41,Caleb Jondle,,Wisconsin Intercollegiate Athletic Conference Championship
University of Wisconsin-LaCrosse,113,200 Im,4,2:00.53,Sean Gillett,,Rochester Invitational
University of Wisconsin-LaCrosse,113,200 Im,5,2:00.68,Tyler Hartmann,,UW Oshkosh vs UW LaCrosse
University of Wisconsin-LaCrosse,113,200 Im,6,2:02.61,Gabriel DeWald,,Rochester Invitational
University of Wisconsin-LaCrosse,113,200 Im,7,2:03.60,Gabi Bocsi,,Wisconsin Intercollegiate Athletic Conference Championship
University of Wisconsin-LaCrosse,113,200 Im,8,2:04.22,Owen Acker,,UW Stevens Point vs. UW Lacrosse
University of Wisconsin-LaCrosse,113,200 Im,9,2:05.50,Davin Evans,,UW-Lacrosse vs. UW-Eau Claire
University of Wisconsin-LaCrosse,113,200 Im,10,2:08.75,Nolan Sannito,,UWSP Point Invite
University of Wisconsin-LaCrosse,113,400 Im,1,4:08.67,Caleb Jondle,,Wisconsin Intercollegiate Athletic Conference Championship
University of Wisconsin-LaCrosse,113,400 Im,2,4:09.81,Davin Evans,,Wisconsin Intercollegiate Athletic Conference Championship
University of Wisconsin-LaCrosse,113,400 Im,3,4:10.06,Gabriel DeWald,,Wisconsin Intercollegiate Athletic Conference Championship
University of Wisconsin-LaCrosse,113,400 Im,4,4:10.38,Preston Nygaard,,Rochester Invitational
University of Wisconsin-LaCrosse,113,400 Im,5,4:16.43,Owen Acker,,Rochester Invitational
University of Wisconsin-LaCrosse,113,400 Im,6,4:24.81,Nolan Sannito,,Rochester Invitational
University of Wisconsin-LaCrosse,113,50 Free,1,20.70,Tyler Hartmann,,Wisconsin Intercollegiate Athletic Conference Championship
University of Wisconsin-LaCrosse,113,50 Free,2,20.77,Jesse Hammes,,Rochester Invitational
University of Wisconsin-LaCrosse,113,50 Free,3,21.31,Luca Nociti,,Wisconsin Intercollegiate Athletic Conference Championship
University of Wisconsin-LaCrosse,113,50 Free,4,21.33,Sean Gillett,,Wisconsin Intercollegiate Athletic Conference Championship
University of Wisconsin-LaCrosse,113,50 Free,5,21.47,Jacob Ketterling,,Rochester Invitational
University of Wisconsin-LaCrosse,113,50 Free,6,21.67,Rylan Close,,Wisconsin Intercollegiate Athletic Conference Championship
University of Wisconsin-LaCrosse,113,50 Free,7,21.99,Nathan Gehm,,Wisconsin Intercollegiate Athletic Conference Championship
University of Wisconsin-LaCrosse,113,50 Free,8,22.03,Gavin LaBeau,,Rochester Invitational
University of Wisconsin-LaCrosse,113,50 Free,9,22.14,Jonah Elfers,,Rochester Invitational
University of Wisconsin-LaCrosse,113,50 Free,10,22.16,Preston Nygaard,,UW Oshkosh vs UW LaCrosse
University of Wisconsin-LaCrosse,113,500 Free,1,4:40.50,Owen Acker,,Wisconsin Intercollegiate Athletic Conference Championship
University of Wisconsin-LaCrosse,113,500 Free,2,4:48.02,Davin Evans,,Wisconsin Intercollegiate Athletic Conference Championship
University of Wisconsin-LaCrosse,113,500 Free,3,4:48.57,Gavin LaBeau,,Wisconsin Intercollegiate Athletic Conference Championship
University of Wisconsin-LaCrosse,113,500 Free,4,4:53.28,Nolan Sannito,,Wisconsin Intercollegiate Athletic Conference Championship
University of Wisconsin-LaCrosse,113,500 Free,5,4:53.37,Nick Ellerd,,Wisconsin Intercollegiate Athletic Conference Championship
University of Wisconsin-LaCrosse,113,500 Free,6,4:58.83,Preston Nygaard,,UW Oshkosh vs UW LaCrosse
University of Wisconsin-LaCrosse,113,500 Free,7,5:01.29,Alex McQuestion,,Wisconsin Intercollegiate Athletic Conference Championship
University of Wisconsin-LaCrosse,113,500 Free,8,5:08.87,Caleb Jondle,,UW-Lacrosse vs. UW-Eau Claire
University of Wisconsin-LaCrosse,113,500 Free,9,5:25.60,Gabi Bocsi,,UW Oshkosh vs UW LaCrosse
Washington University (Missouri),94,100 Back,1,48.88,Parker Chan,,University Athletic Association Championships
Washington University (Missouri),94,100 Back,2,49.90,Aara Parseghian,,16th Annual Phoenix Fall Classic
Washington University (Missouri),94,100 Back,3,50.30,Nicholas Frank,,University Athletic Association Championships
Washington University (Missouri),94,100 Back,4,50.61,andy Zhu,,University Athletic Association Championships
Washington University (Missouri),94,100 Back,5,50.63,Jack Sieckhaus,,16th Annual Phoenix Fall Classic
Washington University (Missouri),94,100 Back,6,51.42,Ethan Feng,,D3 Shootout
Washington University (Missouri),94,100 Back,7,51.98,Lucas Caswell,,16th Annual Phoenix Fall Classic
Washington University (Missouri),94,100 Back,8,52.33,Tommy Moul,,16th Annual Phoenix Fall Classic
Washington University (Missouri),94,100 Back,9,52.44,Gavin Coggan,,D3 Shootout
Washington University (Missouri),94,100 Back,10,53.30,Tom Bergin,,McKendree Last Chance Meet
Washington University (Missouri),94,100 Breast,1,54.82,Brody Schrepfer,,McKendree Last Chance Meet
Washington University (Missouri),94,100 Breast,2,55.80,Kevin Raghunathan,,University Athletic Association Championships
Washington University (Missouri),94,100 Breast,3,56.12,Gabe Herzlinger,,University Athletic Association Championships
Washington University (Missouri),94,100 Breast,4,56.35,Ben Scott,,16th Annual Phoenix Fall Classic
Washington University (Missouri),94,100 Breast,5,57.17,Mikey Thurk,,16th Annual Phoenix Fall Classic
Washington University (Missouri),94,100 Breast,6,59.48,Jack Sieckhaus,,McKendree Last Chance Meet
Washington University (Missouri),94,100 Breast,7,1:00.01,Kai Taft,,16th Annual Phoenix Fall Classic
Washington University (Missouri),94,100 Breast,8,1:00.05,Will Little,,McKendree Last Chance Meet
Washington University (Missouri),94,100 Fly,1,49.30,Matthew Walker,,16th Annual Phoenix Fall Classic
Washington University (Missouri),94,100 Fly,2,49.38,Marco Minai,,D3 Shootout
Washington University (Missouri),94,100 Fly,3,49.59,Ethan Nus,,University Athletic Association Championships
Washington University (Missouri),94,100 Fly,4,50.68,Tommy Moul,,16th Annual Phoenix Fall Classic
Washington University (Missouri),94,100 Fly,5,50.84,Lucas Caswell,,McKendree Last Chance Meet
Washington University (Missouri),94,100 Fly,6,50.84,andy Zhu,,16th Annual Phoenix Fall Classic
Washington University (Missouri),94,100 Fly,7,51.58,Jack Sieckhaus,,16th Annual Phoenix Fall Classic
Washington University (Missouri),94,100 Fly,8,51.98,Gavin Coggan,,WashU vs Chicago
Washington University (Missouri),94,100 Fly,9,52.09,Parker Chan,,Washington (Mo) vs. UMSL
Washington University (Missouri),94,100 Fly,10,52.37,Tom Bergin,,McKendree Last Chance Meet
Washington University (Missouri),94,100 Free,1,44.97,Jackson Heether,,University Athletic Association Championships
Washington University (Missouri),94,100 Free,2,45.43,Ethan Feng,,University Athletic Association Championships
Washington University (Missouri),94,100 Free,3,45.63,Matthew Walker,,16th Annual Phoenix Fall Classic
Washington University (Missouri),94,100 Free,4,45.72,Mikey Thurk,,16th Annual Phoenix Fall Classic
Washington University (Missouri),94,100 Free,5,45.73,Kai Taft,,16th Annual Phoenix Fall Classic
Washington University (Missouri),94,100 Free,6,45.87,Nicholas Frank,,16th Annual Phoenix Fall Classic
Washington University (Missouri),94,100 Free,7,46.03,Orluke Borjigin,,16th Annual Phoenix Fall Classic
Washington University (Missouri),94,100 Free,8,46.25,Robin Koehler,,16th Annual Phoenix Fall Classic
Washington University (Missouri),94,100 Free,9,46.58,Henry Tavens,,University Athletic Association Championships
Washington University (Missouri),94,100 Free,10,46.58,Jacob Tulchinsky,,16th Annual Phoenix Fall Classic
Washington University (Missouri),94,1000 Free,1,9:15.71,Parker Chan,,University Athletic Association Championships
Washington University (Missouri),94,1000 Free,2,9:39.34,Alex Nguyen,,16th Annual Phoenix Fall Classic
Washington University (Missouri),94,1000 Free,3,9:40.88,Orluke Borjigin,,IUI - NKU - WU
Washington University (Missouri),94,1000 Free,4,9:44.75,Matt Giardinelli,,University Athletic Association Championships
Washington University (Missouri),94,1000 Free,5,9:46.18,Caleb Collins,,WashU vs Quincy 2026
Washington University (Missouri),94,1000 Free,6,9:49.37,Hunter Hua,,16th Annual Phoenix Fall Classic
Washington University (Missouri),94,1000 Free,7,9:50.15,Gavin Coggan,,Washington (Mo) vs. UMSL
Washington University (Missouri),94,1000 Free,8,9:53.10,Eli Wichman,,WashU vs Quincy 2026
Washington University (Missouri),94,1650 Free,1,15:18.54,Parker Chan,,16th Annual Phoenix Fall Classic
Washington University (Missouri),94,1650 Free,2,15:59.13,Alex Nguyen,,16th Annual Phoenix Fall Classic
Washington University (Missouri),94,1650 Free,3,16:01.38,Orluke Borjigin,,16th Annual Phoenix Fall Classic
Washington University (Missouri),94,1650 Free,4,16:13.16,Matt Giardinelli,,University Athletic Association Championships
Washington University (Missouri),94,1650 Free,5,16:18.25,Hunter Hua,,16th Annual Phoenix Fall Classic
Washington University (Missouri),94,1650 Free,6,16:25.84,Caleb Collins,,16th Annual Phoenix Fall Classic
Washington University (Missouri),94,1650 Free,7,16:26.89,Eli Wichman,,16th Annual Phoenix Fall Classic
Washington University (Missouri),94,200 Back,1,1:49.74,andy Zhu,,University Athletic Association Championships
Washington University (Missouri),94,200 Back,2,1:50.87,Parker Chan,,D3 Shootout
Washington University (Missouri),94,200 Back,3,1:51.06,Nicholas Frank,,16th Annual Phoenix Fall Classic
Washington University (Missouri),94,200 Back,4,1:51.27,Jack Sieckhaus,,16th Annual Phoenix Fall Classic
Washington University (Missouri),94,200 Back,5,1:52.31,Aara Parseghian,,McKendree Last Chance Meet
Washington University (Missouri),94,200 Back,6,1:52.59,Tommy Moul,,16th Annual Phoenix Fall Classic
Washington University (Missouri),94,200 Back,7,1:52.74,Lucas Caswell,,McKendree Last Chance Meet
Washington University (Missouri),94,200 Back,8,1:54.20,Marco Minai,,WashU vs Chicago
Washington University (Missouri),94,200 Back,9,1:55.12,Hunter Hua,,SLU vs. WASH U
Washington University (Missouri),94,200 Back,10,1:55.14,Kevin Raghunathan,,D3 Shootout
Washington University (Missouri),94,200 Breast,1,1:59.72,Gabe Herzlinger,,McKendree Last Chance Meet
Washington University (Missouri),94,200 Breast,2,2:01.22,Ben Scott,,McKendree Last Chance Meet
Washington University (Missouri),94,200 Breast,3,2:01.50,Brody Schrepfer,,University Athletic Association Championships
Washington University (Missouri),94,200 Breast,4,2:02.16,Kevin Raghunathan,,University Athletic Association Championships
Washington University (Missouri),94,200 Breast,5,2:07.42,Marco Minai,,DePauw vs. Wash U
Washington University (Missouri),94,200 Breast,6,2:11.27,Ethan Nus,,IUI - NKU - WU
Washington University (Missouri),94,200 Breast,7,2:13.65,Will Little,,McKendree Last Chance Meet
Washington University (Missouri),94,200 Breast,8,2:17.70,Allan Chu,,SLU vs. WASH U
Washington University (Missouri),94,200 Breast,9,2:17.71,Hunter Hua,,McKendree vs. WashU
Washington University (Missouri),94,200 Fly,1,1:46.97,Marco Minai,,University Athletic Association Championships
Washington University (Missouri),94,200 Fly,2,1:47.74,Parker Chan,,16th Annual Phoenix Fall Classic
Washington University (Missouri),94,200 Fly,3,1:49.48,Matthew Walker,,16th Annual Phoenix Fall Classic
Washington University (Missouri),94,200 Fly,4,1:49.80,Gavin Coggan,,McKendree Last Chance Meet
Washington University (Missouri),94,200 Fly,5,1:51.33,Ethan Nus,,16th Annual Phoenix Fall Classic
Washington University (Missouri),94,200 Fly,6,1:53.77,Tommy Moul,,16th Annual Phoenix Fall Classic
Washington University (Missouri),94,200 Fly,7,1:54.82,andy Zhu,,16th Annual Phoenix Fall Classic
Washington University (Missouri),94,200 Fly,8,2:01.08,Lucas Caswell,,DePauw vs. Wash U
Washington University (Missouri),94,200 Fly,9,2:02.69,Eli Wichman,,IUI - NKU - WU
Washington University (Missouri),94,200 Fly,10,2:06.26,Allan Chu,,SLU vs. WASH U
Washington University (Missouri),94,200 Free,1,1:38.70,Marco Minai,,University Athletic Association Championships
Washington University (Missouri),94,200 Free,2,1:39.05,Parker Chan,,D3 Shootout
Washington University (Missouri),94,200 Free,3,1:39.14,Ethan Feng,,University Athletic Association Championships
Washington University (Missouri),94,200 Free,4,1:39.51,Gavin Coggan,,16th Annual Phoenix Fall Classic
Washington University (Missouri),94,200 Free,5,1:39.62,Kai Taft,,University Athletic Association Championships
Washington University (Missouri),94,200 Free,6,1:39.88,Henry Tavens,,University Athletic Association Championships
Washington University (Missouri),94,200 Free,7,1:40.22,Orluke Borjigin,,16th Annual Phoenix Fall Classic
Washington University (Missouri),94,200 Free,8,1:40.77,Matt Giardinelli,,University Athletic Association Championships
Washington University (Missouri),94,200 Free,9,1:41.00,Matthew Walker,,University Athletic Association Championships
Washington University (Missouri),94,200 Free,10,1:41.83,Jackson Heether,,16th Annual Phoenix Fall Classic
Washington University (Missouri),94,200 Im,1,1:47.17,Marco Minai,,University Athletic Association Championships
Washington University (Missouri),94,200 Im,2,1:49.50,Ethan Feng,,University Athletic Association Championships
Washington University (Missouri),94,200 Im,3,1:50.36,Ben Scott,,University Athletic Association Championships
Washington University (Missouri),94,200 Im,4,1:50.71,Kai Taft,,University Athletic Association Championships
Washington University (Missouri),94,200 Im,5,1:51.79,Ethan Nus,,University Athletic Association Championships
Washington University (Missouri),94,200 Im,6,1:53.28,Gabe Herzlinger,,16th Annual Phoenix Fall Classic
Washington University (Missouri),94,200 Im,7,1:53.73,Brody Schrepfer,,University Athletic Association Championships
Washington University (Missouri),94,200 Im,8,1:53.74,Lucas Caswell,,McKendree Last Chance Meet
Washington University (Missouri),94,200 Im,9,1:53.86,Kevin Raghunathan,,16th Annual Phoenix Fall Classic
Washington University (Missouri),94,200 Im,10,1:54.83,Jack Sieckhaus,,16th Annual Phoenix Fall Classic
Washington University (Missouri),94,400 Im,1,3:53.15,Marco Minai,,University Athletic Association Championships
Washington University (Missouri),94,400 Im,2,3:58.45,Ben Scott,,University Athletic Association Championships
Washington University (Missouri),94,400 Im,3,4:04.57,Hunter Hua,,16th Annual Phoenix Fall Classic
Washington University (Missouri),94,400 Im,4,4:06.54,Alex Nguyen,,16th Annual Phoenix Fall Classic
Washington University (Missouri),94,400 Im,5,4:13.44,Ethan Nus,,WashU vs Quincy 2026
Washington University (Missouri),94,50 Free,1,20.27,Jackson Heether,,McKendree Last Chance Meet
Washington University (Missouri),94,50 Free,2,20.65,Robin Koehler,,University Athletic Association Championships
Washington University (Missouri),94,50 Free,3,20.72,Tom Bergin,,McKendree Last Chance Meet
Washington University (Missouri),94,50 Free,4,20.87,Mikey Thurk,,University Athletic Association Championships
Washington University (Missouri),94,50 Free,5,20.94,Jacob Tulchinsky,,16th Annual Phoenix Fall Classic
Washington University (Missouri),94,50 Free,6,20.99,Nicholas Frank,,University Athletic Association Championships
Washington University (Missouri),94,50 Free,7,21.04,Matthew Walker,,16th Annual Phoenix Fall Classic
Washington University (Missouri),94,50 Free,8,21.31,Henry Tavens,,16th Annual Phoenix Fall Classic
Washington University (Missouri),94,50 Free,9,21.37,Kai Taft,,McKendree Last Chance Meet
Washington University (Missouri),94,50 Free,10,21.68,Kevin Raghunathan,,D3 Shootout
Washington University (Missouri),94,500 Free,1,4:23.98,Parker Chan,,University Athletic Association Championships
Washington University (Missouri),94,500 Free,2,4:29.23,Matt Giardinelli,,University Athletic Association Championships
Washington University (Missouri),94,500 Free,3,4:29.71,Gavin Coggan,,16th Annual Phoenix Fall Classic
Washington University (Missouri),94,500 Free,4,4:31.89,Alex Nguyen,,16th Annual Phoenix Fall Classic
Washington University (Missouri),94,500 Free,5,4:33.88,Orluke Borjigin,,University Athletic Association Championships
Washington University (Missouri),94,500 Free,6,4:37.94,Caleb Collins,,McKendree Last Chance Meet
Washington University (Missouri),94,500 Free,7,4:38.07,Eli Wichman,,16th Annual Phoenix Fall Classic
Washington University (Missouri),94,500 Free,8,4:46.21,Hunter Hua,,IUI - NKU - WU
Washington University (Missouri),94,500 Free,9,4:49.63,Ben Scott,,Washington (Mo) vs. UMSL
Washington and Lee University,286,100 Back,1,49.86,Charles Byars,,Old Dominion Athletic Conference Championship
Washington and Lee University,286,100 Back,2,51.71,Cooper Tinsley,,Old Dominion Athletic Conference Championship
Washington and Lee University,286,100 Back,3,51.73,Carter Whetstine,,Old Dominion Athletic Conference Championship
Washington and Lee University,286,100 Back,4,53.07,William Gordon,,UMW Last Chance
Washington and Lee University,286,100 Back,5,54.06,Harrison Cerone,,D3 Shootout
Washington and Lee University,286,100 Back,6,54.14,Jackson Hall,,"Johns Hopkins vs. TCNJ, Washington & Lee"
Washington and Lee University,286,100 Back,7,54.31,Jake Shaud,,Old Dominion Athletic Conference Championship
Washington and Lee University,286,100 Back,8,54.40,Dylan Reher,,Arena Yellow Jacket Invitational
Washington and Lee University,286,100 Back,9,54.85,Caleb Yau,,Old Dominion Athletic Conference Championship
Washington and Lee University,286,100 Back,10,58.73,George Glassner,,Washington & Lee vs. Mary Washington
Washington and Lee University,286,100 Breast,1,54.91,Harrison Cerone,,Old Dominion Athletic Conference Championship
Washington and Lee University,286,100 Breast,2,58.15,Hayden Stallings,,Old Dominion Athletic Conference Championship
Washington and Lee University,286,100 Breast,3,58.27,Dalton Jobe,,D3 Shootout
Washington and Lee University,286,100 Breast,4,58.82,Rhodes Pharr,,Old Dominion Athletic Conference Championship
Washington and Lee University,286,100 Breast,5,58.90,Mitchell Niemiec,,Old Dominion Athletic Conference Championship
Washington and Lee University,286,100 Breast,6,1:00.12,John Ramos,,Arena Yellow Jacket Invitational
Washington and Lee University,286,100 Breast,7,1:01.13,Patrick Carr,,Old Dominion Athletic Conference Championship
Washington and Lee University,286,100 Breast,8,1:01.95,Reid Vandervoort,,Washington & Lee vs. Carnegie Mellon
Washington and Lee University,286,100 Breast,9,1:04.11,Patrick Murphy,,W&L Senior Meet - RMC.Chowan
Washington and Lee University,286,100 Fly,1,49.34,Zane Ross,,Old Dominion Athletic Conference Championship
Washington and Lee University,286,100 Fly,2,49.90,Thomas Denton,,Old Dominion Athletic Conference Championship
Washington and Lee University,286,100 Fly,3,50.44,Dylan Reher,,Old Dominion Athletic Conference Championship
Washington and Lee University,286,100 Fly,4,52.25,Carter Whetstine,,D3 Shootout
Washington and Lee University,286,100 Fly,5,52.38,George Libecco,,Old Dominion Athletic Conference Championship
Washington and Lee University,286,100 Fly,6,53.12,Patrick Carr,,Old Dominion Athletic Conference Championship
Washington and Lee University,286,100 Fly,7,53.28,Noah Ramos,,Arena Yellow Jacket Invitational
Washington and Lee University,286,100 Fly,8,55.03,Jackson Hall,,W&L Senior Meet - RMC.Chowan
Washington and Lee University,286,100 Fly,9,55.18,Lucas Chacon,,Old Dominion Athletic Conference Championship
Washington and Lee University,286,100 Fly,10,55.38,Reid Vandervoort,,Old Dominion Athletic Conference Championship
Washington and Lee University,286,100 Free,1,44.08,Leighton Chapman,,Old Dominion Athletic Conference Championship
Washington and Lee University,286,100 Free,2,45.00,Dalton Jobe,,Old Dominion Athletic Conference Championship
Washington and Lee University,286,100 Free,3,45.11,Charles Byars,,Old Dominion Athletic Conference Championship
Washington and Lee University,286,100 Free,4,46.32,William Gordon,,Old Dominion Athletic Conference Championship
Washington and Lee University,286,100 Free,5,46.82,Thomas Denton,,Old Dominion Athletic Conference Championship
Washington and Lee University,286,100 Free,6,47.10,Aiden Gray,,Old Dominion Athletic Conference Championship
Washington and Lee University,286,100 Free,7,47.64,George Libecco,,Old Dominion Athletic Conference Championship
Washington and Lee University,286,100 Free,8,47.81,Aidan Dold,,Old Dominion Athletic Conference Championship
Washington and Lee University,286,100 Free,9,48.65,Jake Shaud,,Old Dominion Athletic Conference Championship
Washington and Lee University,286,100 Free,10,48.91,Owen Reese,,Old Dominion Athletic Conference Championship
Washington and Lee University,286,1000 Free,1,9:56.95,Lucas Chacon,,Old Dominion Athletic Conference Championship
Washington and Lee University,286,1000 Free,2,10:09.04,Aidan Dold,,Old Dominion Athletic Conference Championship
Washington and Lee University,286,1000 Free,3,10:20.72,Jackson Brooks,,Arena Yellow Jacket Invitational
Washington and Lee University,286,1000 Free,4,10:35.05,George Libecco,,W&L Senior Meet - RMC.Chowan
Washington and Lee University,286,1000 Free,5,10:37.11,Patrick Murphy,,Washington & Lee vs. Mary Washington
Washington and Lee University,286,1650 Free,1,16:25.26,Lucas Chacon,,Old Dominion Athletic Conference Championship
Washington and Lee University,286,1650 Free,2,16:45.48,Aidan Dold,,Old Dominion Athletic Conference Championship
Washington and Lee University,286,1650 Free,3,17:09.83,Jackson Brooks,,Arena Yellow Jacket Invitational
Washington and Lee University,286,200 Back,1,1:51.50,Carter Whetstine,,Old Dominion Athletic Conference Championship
Washington and Lee University,286,200 Back,2,1:54.38,Charles Byars,,D3 Shootout
Washington and Lee University,286,200 Back,3,1:54.67,Jackson Hall,,Old Dominion Athletic Conference Championship
Washington and Lee University,286,200 Back,4,1:56.62,Dylan Reher,,Old Dominion Athletic Conference Championship
Washington and Lee University,286,200 Back,5,1:58.99,Thomas Denton,,W&L Senior Meet - RMC.Chowan
Washington and Lee University,286,200 Back,6,2:00.72,Jackson Brooks,,"Johns Hopkins vs. TCNJ, Washington & Lee"
Washington and Lee University,286,200 Back,7,2:01.85,Cooper Tinsley,,W&L Senior Meet - RMC.Chowan
Washington and Lee University,286,200 Back,8,2:05.74,Caleb Yau,,W&L vs. SVU
Washington and Lee University,286,200 Back,9,2:11.81,George Glassner,,W&L vs. SVU
Washington and Lee University,286,200 Breast,1,2:03.55,Harrison Cerone,,Old Dominion Athletic Conference Championship
Washington and Lee University,286,200 Breast,2,2:08.12,Mitchell Niemiec,,Old Dominion Athletic Conference Championship
Washington and Lee University,286,200 Breast,3,2:08.63,Patrick Murphy,,Old Dominion Athletic Conference Championship
Washington and Lee University,286,200 Breast,4,2:09.74,Hayden Stallings,,Old Dominion Athletic Conference Championship
Washington and Lee University,286,200 Breast,5,2:10.07,Rhodes Pharr,,Old Dominion Athletic Conference Championship
Washington and Lee University,286,200 Breast,6,2:10.17,Reid Vandervoort,,Old Dominion Athletic Conference Championship
Washington and Lee University,286,200 Breast,7,2:12.47,Thomas Denton,,D3 Shootout
Washington and Lee University,286,200 Breast,8,2:13.85,John Ramos,,Arena Yellow Jacket Invitational
Washington and Lee University,286,200 Breast,9,2:17.00,Caleb Yau,,Arena Yellow Jacket Invitational
Washington and Lee University,286,200 Breast,10,2:19.75,Jackson Hall,,W&L vs VMI
Washington and Lee University,286,200 Fly,1,1:50.89,Zane Ross,,Old Dominion Athletic Conference Championship
Washington and Lee University,286,200 Fly,2,1:52.04,Cooper Tinsley,,Old Dominion Athletic Conference Championship
Washington and Lee University,286,200 Fly,3,1:58.97,Noah Ramos,,Arena Yellow Jacket Invitational
Washington and Lee University,286,200 Fly,4,1:59.81,Thomas Denton,,W&L Senior Meet - RMC.Chowan
Washington and Lee University,286,200 Fly,5,2:00.13,Patrick Murphy,,"Johns Hopkins vs. TCNJ, Washington & Lee"
Washington and Lee University,286,200 Fly,6,2:03.61,Lucas Chacon,,D3 Shootout
Washington and Lee University,286,200 Fly,7,2:15.53,Patrick Carr,,Washington & Lee vs. Mary Washington
Washington and Lee University,286,200 Fly,8,2:16.63,George Glassner,,Washington & Lee vs. Lynchburg
Washington and Lee University,286,200 Free,1,1:37.27,Dalton Jobe,,Old Dominion Athletic Conference Championship
Washington and Lee University,286,200 Free,2,1:40.00,Leighton Chapman,,Old Dominion Athletic Conference Championship
Washington and Lee University,286,200 Free,3,1:42.29,William Gordon,,Old Dominion Athletic Conference Championship
Washington and Lee University,286,200 Free,4,1:43.57,Jackson Brooks,,Old Dominion Athletic Conference Championship
Washington and Lee University,286,200 Free,5,1:43.65,Thomas Denton,,D3 Shootout
Washington and Lee University,286,200 Free,6,1:43.80,Aidan Dold,,Old Dominion Athletic Conference Championship
Washington and Lee University,286,200 Free,7,1:44.02,Aiden Gray,,Old Dominion Athletic Conference Championship
Washington and Lee University,286,200 Free,8,1:44.27,Charles Byars,,Washington & Lee vs. Lynchburg
Washington and Lee University,286,200 Free,9,1:46.20,Lucas Chacon,,Arena Yellow Jacket Invitational
Washington and Lee University,286,200 Free,10,1:47.41,Owen Reese,,Old Dominion Athletic Conference Championship
Washington and Lee University,286,200 Im,1,1:47.78,Dalton Jobe,,Old Dominion Athletic Conference Championship
Washington and Lee University,286,200 Im,2,1:53.53,Thomas Denton,,Old Dominion Athletic Conference Championship
Washington and Lee University,286,200 Im,3,1:53.71,Zane Ross,,Old Dominion Athletic Conference Championship
Washington and Lee University,286,200 Im,4,1:54.74,Carter Whetstine,,Old Dominion Athletic Conference Championship
Washington and Lee University,286,200 Im,5,1:55.12,Harrison Cerone,,Old Dominion Athletic Conference Championship
Washington and Lee University,286,200 Im,6,1:55.21,Reid Vandervoort,,Old Dominion Athletic Conference Championship
Washington and Lee University,286,200 Im,7,1:57.37,John Ramos,,Arena Yellow Jacket Invitational
Washington and Lee University,286,200 Im,8,1:57.67,Hayden Stallings,,Old Dominion Athletic Conference Championship
Washington and Lee University,286,200 Im,9,1:58.62,Mitchell Niemiec,,Old Dominion Athletic Conference Championship
Washington and Lee University,286,200 Im,10,2:00.68,Rhodes Pharr,,Old Dominion Athletic Conference Championship
Washington and Lee University,286,400 Im,1,4:04.53,Jackson Hall,,Old Dominion Athletic Conference Championship
Washington and Lee University,286,400 Im,2,4:08.50,Reid Vandervoort,,Old Dominion Athletic Conference Championship
Washington and Lee University,286,400 Im,3,4:09.17,Patrick Murphy,,Arena Yellow Jacket Invitational
Washington and Lee University,286,400 Im,4,4:09.85,Lucas Chacon,,Old Dominion Athletic Conference Championship
Washington and Lee University,286,400 Im,5,4:16.17,Carter Whetstine,,D3 Shootout
Washington and Lee University,286,50 Free,1,20.25,Leighton Chapman,,Old Dominion Athletic Conference Championship
Washington and Lee University,286,50 Free,2,21.04,William Gordon,,Old Dominion Athletic Conference Championship
Washington and Lee University,286,50 Free,3,21.09,Dylan Reher,,Old Dominion Athletic Conference Championship
Washington and Lee University,286,50 Free,4,21.16,Charles Byars,,Arena Yellow Jacket Invitational
Washington and Lee University,286,50 Free,5,21.56,Aiden Gray,,Old Dominion Athletic Conference Championship
Washington and Lee University,286,50 Free,6,21.61,Dalton Jobe,,Old Dominion Athletic Conference Championship
Washington and Lee University,286,50 Free,7,21.65,Thomas Denton,,Washington & Lee vs. Mary Washington
Washington and Lee University,286,50 Free,8,21.91,George Libecco,,Old Dominion Athletic Conference Championship
Washington and Lee University,286,50 Free,9,22.04,Owen Reese,,Old Dominion Athletic Conference Championship
Washington and Lee University,286,50 Free,10,22.05,Zane Ross,,D3 Shootout
Washington and Lee University,286,500 Free,1,4:34.08,Dalton Jobe,,D3 Shootout
Washington and Lee University,286,500 Free,2,4:36.48,Jackson Hall,,Old Dominion Athletic Conference Championship
Washington and Lee University,286,500 Free,3,4:39.57,Cooper Tinsley,,Old Dominion Athletic Conference Championship
Washington and Lee University,286,500 Free,4,4:42.28,Lucas Chacon,,Old Dominion Athletic Conference Championship
Washington and Lee University,286,500 Free,5,4:43.32,Aidan Dold,,Old Dominion Athletic Conference Championship
Washington and Lee University,286,500 Free,6,4:45.15,Jackson Brooks,,Old Dominion Athletic Conference Championship
Washington and Lee University,286,500 Free,7,4:48.62,Patrick Murphy,,Arena Yellow Jacket Invitational
Whitworth University,40,100 Back,1,50.51,Austin Elwyn,,Northwest Conference Championships
Whitworth University,40,100 Back,2,51.03,Kai Hayashida,,Logger Invitational
Whitworth University,40,100 Back,3,51.89,Blake Swenson,,Logger Invitational
Whitworth University,40,100 Back,4,52.61,Vladyslav Danylyuk,,Northwest Conference Championships
Whitworth University,40,100 Back,5,52.90,Samuel Draeger,,Logger Invitational
Whitworth University,40,100 Back,6,53.47,Parker Dangleis,,Pacific vs. Whitworth
Whitworth University,40,100 Back,7,53.84,Kian Vae'ena,,Northwest Conference Championships
Whitworth University,40,100 Back,8,55.89,Carl Vincent McNabb,,Whitworth vs. George Fox
Whitworth University,40,100 Back,9,55.96,Ben Jackson,,Northwest Conference Championships
Whitworth University,40,100 Back,10,57.28,Alex Popov,,L&C vs. Whitworth
Whitworth University,40,100 Breast,1,55.56,Alex Popov,,Northwest Conference Championships
Whitworth University,40,100 Breast,2,56.24,Nathanael Van Liew,,Northwest Conference Championships
Whitworth University,40,100 Breast,3,1:00.67,Preston Wolf,,Whitworth vs. George Fox
Whitworth University,40,100 Breast,4,1:02.18,Jack Bonzani,,Northwest Conference Championships
Whitworth University,40,100 Breast,5,1:03.53,Trenten Schmidt,,Logger Invitational
Whitworth University,40,100 Breast,6,1:03.85,Mason Groth,,Puget Sound at Whitworth
Whitworth University,40,100 Breast,7,1:04.19,Kai Hayashida,,L&C vs. Whitworth
Whitworth University,40,100 Breast,8,1:10.26,Kian Vae'ena,,Whitworth vs. George Fox
Whitworth University,40,100 Fly,1,49.30,Henry Brewster,,Northwest Conference Championships
Whitworth University,40,100 Fly,2,49.70,Mason Groth,,Northwest Conference Championships
Whitworth University,40,100 Fly,3,51.59,Austin Elwyn,,Logger Invitational
Whitworth University,40,100 Fly,4,51.74,Vladyslav Danylyuk,,Northwest Conference Championships
Whitworth University,40,100 Fly,5,53.27,Jake Sachtjen,,Northwest Conference Championships
Whitworth University,40,100 Fly,6,54.26,Kai Hayashida,,L&C vs. Whitworth
Whitworth University,40,100 Fly,7,55.45,Samuel Draeger,,Northwest Conference Championships
Whitworth University,40,100 Fly,8,55.80,Jack Bonzani,,Northwest Conference Championships
Whitworth University,40,100 Fly,9,56.65,Trenten Schmidt,,Northwest Conference Championships
Whitworth University,40,100 Fly,10,56.76,Braiden Alexander,,Logger Invitational
Whitworth University,40,100 Free,1,45.01,Parker Dangleis,,Northwest Conference Championships
Whitworth University,40,100 Free,2,45.31,Nathanael Van Liew,,Northwest Conference Championships
Whitworth University,40,100 Free,3,47.20,Mason Groth,,Northwest Conference Championships
Whitworth University,40,100 Free,4,47.87,Blake Swenson,,Northwest Conference Championships
Whitworth University,40,100 Free,5,48.13,Vladyslav Danylyuk,,Northwest Conference Championships
Whitworth University,40,100 Free,6,48.25,Kai Hayashida,,Whitman at Whitworth
Whitworth University,40,100 Free,7,48.44,Emmett Scott,,Northwest Conference Championships
Whitworth University,40,100 Free,8,49.37,Ben Jackson,,Northwest Conference Championships
Whitworth University,40,100 Free,9,50.67,Ben Butler,,Logger Invitational
Whitworth University,40,100 Free,10,52.20,Alex Popov,,Pacific vs. Whitworth
Whitworth University,40,1000 Free,1,9:38.10,Jake Sachtjen,,Northwest Conference Championships
Whitworth University,40,1000 Free,2,9:39.30,Ben Butler,,Logger Invitational
Whitworth University,40,1000 Free,3,9:47.88,Braiden Alexander,,Logger Invitational
Whitworth University,40,1000 Free,4,10:00.95,Trenten Schmidt,,Northwest Conference Championships
Whitworth University,40,1650 Free,1,16:01.08,Jake Sachtjen,,Northwest Conference Championships
Whitworth University,40,1650 Free,2,16:07.60,Ben Butler,,Northwest Conference Championships
Whitworth University,40,1650 Free,3,16:12.58,Braiden Alexander,,Northwest Conference Championships
Whitworth University,40,1650 Free,4,16:38.20,Trenten Schmidt,,Northwest Conference Championships
Whitworth University,40,200 Back,1,1:50.81,Austin Elwyn,,Northwest Conference Championships
Whitworth University,40,200 Back,2,1:53.54,Samuel Draeger,,Northwest Conference Championships
Whitworth University,40,200 Back,3,1:53.70,Carl Vincent McNabb,,Northwest Conference Championships
Whitworth University,40,200 Back,4,1:55.88,Vladyslav Danylyuk,,Northwest Conference Championships
Whitworth University,40,200 Back,5,1:57.65,Kian Vae'ena,,Northwest Conference Championships
Whitworth University,40,200 Back,6,1:59.66,Ben Jackson,,Logger Invitational
Whitworth University,40,200 Breast,1,2:02.52,Alex Popov,,Northwest Conference Championships
Whitworth University,40,200 Breast,2,2:05.27,Preston Wolf,,Northwest Conference Championships
Whitworth University,40,200 Breast,3,2:19.95,Jack Bonzani,,Northwest Conference Championships
Whitworth University,40,200 Breast,4,2:22.11,Samuel Draeger,,Pacific vs. Whitworth
Whitworth University,40,200 Breast,5,2:26.45,Mason Groth,,Pacific vs. Whitworth
Whitworth University,40,200 Breast,6,2:30.41,Trenten Schmidt,,Pacific vs. Whitworth
Whitworth University,40,200 Fly,1,1:49.33,Henry Brewster,,Logger Last Chance Meet
Whitworth University,40,200 Fly,2,1:54.43,Kai Hayashida,,Logger Invitational
Whitworth University,40,200 Fly,3,1:57.47,Jake Sachtjen,,Whitworth v Pomona-Pitzer
Whitworth University,40,200 Fly,4,1:58.61,Braiden Alexander,,Logger Invitational
Whitworth University,40,200 Fly,5,2:01.69,Ben Butler,,Logger Invitational
Whitworth University,40,200 Fly,6,2:02.73,Preston Wolf,,Pacific vs. Whitworth
Whitworth University,40,200 Free,1,1:39.61,Parker Dangleis,,Logger Invitational
Whitworth University,40,200 Free,2,1:45.14,Ben Butler,,Logger Invitational
Whitworth University,40,200 Free,3,1:46.04,Carl Vincent McNabb,,Northwest Conference Championships
Whitworth University,40,200 Free,4,1:46.30,Jake Sachtjen,,Logger Invitational
Whitworth University,40,200 Free,5,1:46.71,Kai Hayashida,,Whitworth vs. George Fox
Whitworth University,40,200 Free,6,1:47.18,Ben Jackson,,Northwest Conference Championships
Whitworth University,40,200 Free,7,1:47.78,Preston Wolf,,Whitworth at Linfield
Whitworth University,40,200 Free,8,1:49.15,Emmett Scott,,Northwest Conference Championships
Whitworth University,40,200 Free,9,1:49.47,Braiden Alexander,,Pacific Lutheran at Whitworth
Whitworth University,40,200 Free,10,1:50.30,Henry Brewster,,Pacific vs. Whitworth
Whitworth University,40,200 Im,1,1:52.10,Austin Elwyn,,Northwest Conference Championships
Whitworth University,40,200 Im,2,1:52.72,Alex Popov,,Northwest Conference Championships
Whitworth University,40,200 Im,3,1:54.92,Samuel Draeger,,Northwest Conference Championships
Whitworth University,40,200 Im,4,1:55.46,Kai Hayashida,,Logger Invitational
Whitworth University,40,200 Im,5,2:04.93,Preston Wolf,,Whitworth University vs Willamette University
Whitworth University,40,200 Im,6,2:05.80,Kian Vae'ena,,Logger Invitational
Whitworth University,40,200 Im,7,2:16.74,Jack Bonzani,,Whitworth v Pomona-Pitzer
Whitworth University,40,400 Im,1,4:07.50,Jake Sachtjen,,Northwest Conference Championships
Whitworth University,40,400 Im,2,4:07.76,Samuel Draeger,,Northwest Conference Championships
Whitworth University,40,400 Im,3,4:11.22,Preston Wolf,,Northwest Conference Championships
Whitworth University,40,400 Im,4,4:12.90,Braiden Alexander,,Logger Invitational
Whitworth University,40,400 Im,5,4:20.05,Trenten Schmidt,,Northwest Conference Championships
Whitworth University,40,400 Im,6,4:32.95,Alex Popov,,Whitworth vs. George Fox
Whitworth University,40,50 Free,1,20.02,Nathanael Van Liew,,Northwest Conference Championships
Whitworth University,40,50 Free,2,20.47,Parker Dangleis,,Northwest Conference Championships
Whitworth University,40,50 Free,3,21.14,Blake Swenson,,Northwest Conference Championships
Whitworth University,40,50 Free,4,21.28,Henry Brewster,,Northwest Conference Championships
Whitworth University,40,50 Free,5,21.56,Mason Groth,,Northwest Conference Championships
Whitworth University,40,50 Free,6,21.72,Emmett Scott,,Northwest Conference Championships
Whitworth University,40,50 Free,7,21.78,Kai Hayashida,,Logger Invitational
Whitworth University,40,50 Free,8,22.05,Austin Elwyn,,Logger Invitational
Whitworth University,40,50 Free,9,22.66,Alex Popov,,Whitworth at Linfield
Whitworth University,40,50 Free,10,22.71,Vladyslav Danylyuk,,Logger Invitational
Whitworth University,40,500 Free,1,4:37.40,Ben Butler,,Northwest Conference Championships
Whitworth University,40,500 Free,2,4:40.68,Jake Sachtjen,,Logger Last Chance Meet
Whitworth University,40,500 Free,3,4:42.15,Braiden Alexander,,Northwest Conference Championships
Whitworth University,40,500 Free,4,4:42.91,Preston Wolf,,Logger Invitational
Whitworth University,40,500 Free,5,4:47.42,Trenten Schmidt,,Northwest Conference Championships
Whitworth University,40,500 Free,6,4:50.62,Henry Brewster,,Logger Invitational
Whitworth University,40,500 Free,7,4:56.80,Carl Vincent McNabb,,Northwest Conference Championships
Whitworth University,40,500 Free,8,5:02.22,Ben Jackson,,Logger Invitational
Williams College,119,100 Back,1,49.08,Whit Horton,,NESCAC Mens Championships
Williams College,119,100 Back,2,49.47,Gabe Lee,,Jayden Szkirka Memorial Championships
Williams College,119,100 Back,3,51.23,Ryan Nunez,,Jayden Szkirka Memorial Championships
Williams College,119,100 Back,4,52.39,Theo Randall,,Jayden Szkirka Memorial Championships
Williams College,119,100 Back,5,52.59,Colin Kavanagh,,Williams vs. Amherst
Williams College,119,100 Back,6,52.67,Aidan Lee,,Jayden Szkirka Memorial Championships
Williams College,119,100 Back,7,54.32,Kevin Whitworth,,Middlebury Invitational
Williams College,119,100 Back,8,54.91,Vincent Kim,,Jayden Szkirka Memorial Championships
Williams College,119,100 Back,9,55.20,Aneirin Hanan,,Middlebury Invitational
Williams College,119,100 Back,10,55.91,Coleman Kimmel,,"Williams vs. Trinity, Tufts, WPI"
Williams College,119,100 Breast,1,53.33,Michael Grover,,NESCAC Mens Championships
Williams College,119,100 Breast,2,55.75,Ian Fournier,,NESCAC Mens Championships
Williams College,119,100 Breast,3,56.44,Kevin Jiang,,NESCAC Mens Championships
Williams College,119,100 Breast,4,56.62,Hugh Henry,,NESCAC Mens Championships
Williams College,119,100 Breast,5,58.21,Seth Riley,,NESCAC Mens Championships
Williams College,119,100 Breast,6,58.51,Coleman Kimmel,,Middlebury Invitational
Williams College,119,100 Breast,7,58.83,Kai Batchelor,,Jayden Szkirka Memorial Championships
Williams College,119,100 Breast,8,1:00.94,Benham Cobb,,Middlebury Invitational
Williams College,119,100 Breast,9,1:02.16,Harrison Williams,,Middlebury Invitational
Williams College,119,100 Breast,10,1:02.70,Whit Horton,,Middlebury Invitational
Williams College,119,100 Fly,1,48.78,Mason Green,,NESCAC Mens Championships
Williams College,119,100 Fly,2,49.15,Alex Gertner,,NESCAC Mens Championships
Williams College,119,100 Fly,3,49.39,Colin Kavanagh,,NESCAC Mens Championships
Williams College,119,100 Fly,4,49.56,Ryan Nunez,,Jayden Szkirka Memorial Championships
Williams College,119,100 Fly,5,49.92,Kai Batchelor,,NESCAC Mens Championships
Williams College,119,100 Fly,6,50.64,Bob Frazer,,Jayden Szkirka Memorial Championships
Williams College,119,100 Fly,7,51.36,Harrison Williams,,Jayden Szkirka Memorial Championships
Williams College,119,100 Fly,8,52.07,Whit Horton,,Jayden Szkirka Memorial Championships
Williams College,119,100 Fly,9,53.03,Aidan Lee,,NESCAC Mens Championships
Williams College,119,100 Fly,10,53.48,Hugh Henry,,Middlebury Invitational
Williams College,119,100 Free,1,44.33,Samuel Brozek,,NESCAC Mens Championships
Williams College,119,100 Free,2,44.78,Mason Green,,NESCAC Mens Championships
Williams College,119,100 Free,3,45.11,Theo Randall,,NESCAC Mens Championships
Williams College,119,100 Free,4,45.14,Kevin Whitworth,,NESCAC Mens Championships
Williams College,119,100 Free,5,45.45,Harrison Williams,,NESCAC Mens Championships
Williams College,119,100 Free,6,45.87,Gabe Lee,,Jayden Szkirka Memorial Championships
Williams College,119,100 Free,7,46.30,Kai Batchelor,,NESCAC Mens Championships
Williams College,119,100 Free,8,46.46,Ryan Nunez,,Williams vs. Amherst
Williams College,119,100 Free,9,47.52,Alex Gertner,,Williams vs. Springfield vs. Wesleyan
Williams College,119,100 Free,10,47.90,Bob Frazer,,Jayden Szkirka Memorial Championships
Williams College,119,1000 Free,1,9:13.14,Ryan Nunez,,NESCAC Mens Championships
Williams College,119,1000 Free,2,9:18.88,Aneirin Hanan,,NESCAC Mens Championships
Williams College,119,1000 Free,3,9:48.41,Henry Campbell,,NESCAC Mens Championships
Williams College,119,1000 Free,4,9:50.83,Vincent Kim,,NESCAC Mens Championships
Williams College,119,1000 Free,5,9:51.26,Michael Ma,,MIT vs. Williams & NYU
Williams College,119,1000 Free,6,10:26.02,William Hook,,Williams vs. Springfield vs. Wesleyan
Williams College,119,1650 Free,1,15:49.56,Aneirin Hanan,,NESCAC Mens Championships
Williams College,119,1650 Free,2,16:24.52,Vincent Kim,,Jayden Szkirka Memorial Championships
Williams College,119,1650 Free,3,16:26.47,Henry Campbell,,NESCAC Mens Championships
Williams College,119,1650 Free,4,16:28.31,Michael Ma,,MIT vs. Williams & NYU
Williams College,119,200 Back,1,1:46.90,Whit Horton,,NESCAC Mens Championships
Williams College,119,200 Back,2,1:47.75,Gabe Lee,,NESCAC Mens Championships
Williams College,119,200 Back,3,1:48.76,Aidan Lee,,NESCAC Mens Championships
Williams College,119,200 Back,4,1:51.01,Colin Kavanagh,,NESCAC Mens Championships
Williams College,119,200 Back,5,1:57.79,Aneirin Hanan,,Middlebury Invitational
Williams College,119,200 Back,6,1:57.85,Vincent Kim,,Middlebury Invitational
Williams College,119,200 Back,7,1:58.48,Harrison Williams,,Connecticut vs. Williams
Williams College,119,200 Back,8,2:03.21,Hugh Henry,,Middlebury Invitational
Williams College,119,200 Back,9,2:06.91,Henry Campbell,,Connecticut vs. Williams
Williams College,119,200 Breast,1,1:58.95,Michael Grover,,NESCAC Mens Championships
Williams College,119,200 Breast,2,2:02.13,Hugh Henry,,NESCAC Mens Championships
Williams College,119,200 Breast,3,2:04.33,Kevin Jiang,,NESCAC Mens Championships
Williams College,119,200 Breast,4,2:05.20,Ian Fournier,,NESCAC Mens Championships
Williams College,119,200 Breast,5,2:06.58,Seth Riley,,NESCAC Mens Championships
Williams College,119,200 Breast,6,2:06.65,Coleman Kimmel,,Middlebury Invitational
Williams College,119,200 Breast,7,2:13.55,Aidan Lee,,Middlebury Invitational
Williams College,119,200 Fly,1,1:46.19,Ryan Nunez,,NESCAC Mens Championships
Williams College,119,200 Fly,2,1:48.58,Alex Gertner,,NESCAC Mens Championships
Williams College,119,200 Fly,3,1:52.10,Bob Frazer,,NESCAC Mens Championships
Williams College,119,200 Fly,4,1:58.07,Harrison Williams,,Connecticut vs. Williams
Williams College,119,200 Fly,5,2:00.11,Aidan Lee,,Williams vs. Amherst
Williams College,119,200 Fly,6,2:01.32,Benham Cobb,,Middlebury Invitational
Williams College,119,200 Free,1,1:37.89,Samuel Brozek,,NESCAC Mens Championships
Williams College,119,200 Free,2,1:38.15,Ryan Nunez,,NESCAC Mens Championships
Williams College,119,200 Free,3,1:39.65,Colin Kavanagh,,NESCAC Mens Championships
Williams College,119,200 Free,4,1:39.89,Harrison Williams,,NESCAC Mens Championships
Williams College,119,200 Free,5,1:40.27,Theo Randall,,NESCAC Mens Championships
Williams College,119,200 Free,6,1:40.56,Kevin Whitworth,,NESCAC Mens Championships
Williams College,119,200 Free,7,1:40.70,Bob Frazer,,NESCAC Mens Championships
Williams College,119,200 Free,8,1:41.04,Gabe Lee,,Jayden Szkirka Memorial Championships
Williams College,119,200 Free,9,1:43.37,Alex Gertner,,Jayden Szkirka Memorial Championships
Williams College,119,200 Free,10,1:43.39,Aneirin Hanan,,Jayden Szkirka Memorial Championships
Williams College,119,200 Im,1,1:48.89,Aidan Lee,,NESCAC Mens Championships
Williams College,119,200 Im,2,1:50.61,Colin Kavanagh,,NESCAC Mens Championships
Williams College,119,200 Im,3,1:51.27,Harrison Williams,,NESCAC Mens Championships
Williams College,119,200 Im,4,1:53.23,Henry Campbell,,NESCAC Mens Championships
Williams College,119,200 Im,5,1:53.68,Alex Gertner,,Jayden Szkirka Memorial Championships
Williams College,119,200 Im,6,1:54.83,Seth Riley,,NESCAC Mens Championships
Williams College,119,200 Im,7,1:55.25,Kai Batchelor,,Jayden Szkirka Memorial Championships
Williams College,119,200 Im,8,1:55.63,Coleman Kimmel,,Middlebury Invitational
Williams College,119,200 Im,9,1:55.83,Whit Horton,,Jayden Szkirka Memorial Championships
Williams College,119,200 Im,10,1:56.42,Michael Grover,,Jayden Szkirka Memorial Championships
Williams College,119,400 Im,1,3:56.03,Aidan Lee,,NESCAC Mens Championships
Williams College,119,400 Im,2,4:00.27,Vincent Kim,,NESCAC Mens Championships
Williams College,119,400 Im,3,4:00.95,Henry Campbell,,NESCAC Mens Championships
Williams College,119,400 Im,4,4:05.69,Coleman Kimmel,,Middlebury Invitational
Williams College,119,400 Im,5,4:13.12,Seth Riley,,Jayden Szkirka Memorial Championships
Williams College,119,400 Im,6,4:20.04,Colin Kavanagh,,Jayden Szkirka Memorial Championships
Williams College,119,400 Im,7,4:25.19,Benham Cobb,,Middlebury Invitational
Williams College,119,50 Free,1,20.01,Samuel Brozek,,NESCAC Mens Championships
Williams College,119,50 Free,2,20.31,Mason Green,,NESCAC Mens Championships
Williams College,119,50 Free,3,20.49,Theo Randall,,NESCAC Mens Championships
Williams College,119,50 Free,4,21.02,Gabe Lee,,Jayden Szkirka Memorial Championships
Williams College,119,50 Free,5,21.09,Ian Fournier,,NESCAC Mens Championships
Williams College,119,50 Free,6,21.15,Kevin Whitworth,,NESCAC Mens Championships
Williams College,119,50 Free,7,21.27,Kai Batchelor,,NESCAC Mens Championships
Williams College,119,50 Free,8,21.73,Harrison Williams,,NESCAC Mens Championships
Williams College,119,50 Free,9,22.07,Alex Gertner,,"Williams vs. Trinity, Tufts, WPI"
Williams College,119,50 Free,10,22.27,Ryan Nunez,,Williams vs. Amherst
Williams College,119,500 Free,1,4:24.25,Ryan Nunez,,NESCAC Mens Championships
Williams College,119,500 Free,2,4:26.78,Aneirin Hanan,,NESCAC Mens Championships
Williams College,119,500 Free,3,4:34.55,Bob Frazer,,NESCAC Mens Championships
Williams College,119,500 Free,4,4:35.81,Vincent Kim,,NESCAC Mens Championships
Williams College,119,500 Free,5,4:42.07,Michael Ma,,Jayden Szkirka Memorial Championships
Williams College,119,500 Free,6,4:47.74,Samuel Brozek,,Middlebury Invitational
Williams College,119,500 Free,7,4:47.88,Henry Campbell,,Jayden Szkirka Memorial Championships
Williams College,119,500 Free,8,5:07.44,Mason Green,,Middlebury Invitational
