school_name,team_id,event,rank,time,swimmer,year,meet
Aquinas College,10026352,100 Back,1,50.14,Titus Smith,,NAIA National Championships
Aquinas College,10026352,100 Back,2,51.55,Ian Clapp,,NAIA National Championships
Aquinas College,10026352,100 Back,3,54.76,Chungus Berns,,Kansas Collegiate Athletic Conference Championships
Aquinas College,10026352,100 Back,4,56.79,Collin Neely,,Kansas Collegiate Athletic Conference Championships
Aquinas College,10026352,100 Back,5,1:01.23,Anthony Dupuis,,Kansas Collegiate Athletic Conference Championships
Aquinas College,10026352,100 Back,6,1:01.95,Nate Fisher,,Don Kimble Invitational
Aquinas College,10026352,100 Back,7,1:03.54,Matt Dumbsky,,"Aquinas vs. SVSU,  Albion"
Aquinas College,10026352,100 Breast,1,56.43,Luke Martin,,Don Kimble Invitational
Aquinas College,10026352,100 Breast,2,1:00.88,Bryce Hopson,,Bethel Last Chance Invite
Aquinas College,10026352,100 Breast,3,1:01.67,Tony Parlato,,Don Kimble Invitational
Aquinas College,10026352,100 Breast,4,1:05.38,Matt Dumbsky,,Davenport October Invite
Aquinas College,10026352,100 Fly,1,50.84,Talon Koppmann,,Kansas Collegiate Athletic Conference Championships
Aquinas College,10026352,100 Fly,2,50.86,Titus Smith,,Don Kimble Invitational
Aquinas College,10026352,100 Fly,3,51.32,Stan Tibben,,Aquinas vs Davenport
Aquinas College,10026352,100 Fly,4,51.86,Ian Clapp,,NAIA National Championships
Aquinas College,10026352,100 Fly,5,53.52,Collin Neely,,Don Kimble Invitational
Aquinas College,10026352,100 Fly,6,53.89,Lucas Eussen,,Kansas Collegiate Athletic Conference Championships
Aquinas College,10026352,100 Fly,7,54.56,Chungus Berns,,"Bethel vs Alma, Aquinas, Olivet"
Aquinas College,10026352,100 Fly,8,54.95,Bryce Hopson,,Bethel Last Chance Invite
Aquinas College,10026352,100 Fly,9,55.12,Carl Goeckel,,Kansas Collegiate Athletic Conference Championships
Aquinas College,10026352,100 Fly,10,56.11,TJ Baumer,,Don Kimble Invitational
Aquinas College,10026352,100 Free,1,46.65,Titus Smith,,Don Kimble Invitational
Aquinas College,10026352,100 Free,2,46.84,Matt Dumbsky,,Kansas Collegiate Athletic Conference Championships
Aquinas College,10026352,100 Free,3,47.23,Talon Koppmann,,Kansas Collegiate Athletic Conference Championships
Aquinas College,10026352,100 Free,4,49.22,Luke Martin,,"Hillsdale vs. Aquinas, IWU"
Aquinas College,10026352,100 Free,5,49.33,William Sneller,,Aquinas vs Davenport
Aquinas College,10026352,100 Free,6,49.40,Lucas Eussen,,"Aquinas vs. SVSU,  Albion"
Aquinas College,10026352,100 Free,7,49.51,Chungus Berns,,Don Kimble Invitational
Aquinas College,10026352,100 Free,8,49.56,TJ Baumer,,Kansas Collegiate Athletic Conference Championships
Aquinas College,10026352,100 Free,9,50.80,Collin Alward,,Don Kimble Invitational
Aquinas College,10026352,100 Free,10,51.53,Bryce Hopson,,Bethel Last Chance Invite
Aquinas College,10026352,1000 Free,1,10:13.17,William Sneller,,Davenport October Invite
Aquinas College,10026352,1000 Free,2,10:26.13,Lucas Eussen,,"Aquinas vs. SVSU,  Albion"
Aquinas College,10026352,1000 Free,3,10:56.02,Conrad Eichbauer,,Don Kimble Invitational
Aquinas College,10026352,1000 Free,4,11:02.96,Nate Fisher,,"Hillsdale vs. Aquinas, IWU"
Aquinas College,10026352,1000 Free,5,11:27.15,Sam Grant,,Aquinas vs Davenport
Aquinas College,10026352,1650 Free,1,16:37.88,Lucas Eussen,,Kansas Collegiate Athletic Conference Championships
Aquinas College,10026352,1650 Free,2,16:55.94,William Sneller,,Aquinas vs Davenport
Aquinas College,10026352,1650 Free,3,17:40.62,Nate Fisher,,Kansas Collegiate Athletic Conference Championships
Aquinas College,10026352,1650 Free,4,17:49.69,Conrad Eichbauer,,Kansas Collegiate Athletic Conference Championships
Aquinas College,10026352,1650 Free,5,18:07.85,Sam Grant,,Kansas Collegiate Athletic Conference Championships
Aquinas College,10026352,200 Back,1,1:51.42,Titus Smith,,NAIA National Championships
Aquinas College,10026352,200 Back,2,1:53.13,Ian Clapp,,Bethel Last Chance Invite
Aquinas College,10026352,200 Back,3,2:01.79,Chungus Berns,,Kansas Collegiate Athletic Conference Championships
Aquinas College,10026352,200 Back,4,2:13.89,Anthony Dupuis,,Kansas Collegiate Athletic Conference Championships
Aquinas College,10026352,200 Back,5,2:15.43,Collin Neely,,Davenport October Invite
Aquinas College,10026352,200 Breast,1,2:04.95,Luke Martin,,Don Kimble Invitational
Aquinas College,10026352,200 Breast,2,2:14.63,Bryce Hopson,,Don Kimble Invitational
Aquinas College,10026352,200 Breast,3,2:18.18,Tony Parlato,,Don Kimble Invitational
Aquinas College,10026352,200 Breast,4,2:30.09,Conrad Eichbauer,,Davenport October Invite
Aquinas College,10026352,200 Fly,1,1:55.70,Lucas Eussen,,Kansas Collegiate Athletic Conference Championships
Aquinas College,10026352,200 Fly,2,1:56.78,Stan Tibben,,Don Kimble Invitational
Aquinas College,10026352,200 Fly,3,2:03.19,Carl Goeckel,,Kansas Collegiate Athletic Conference Championships
Aquinas College,10026352,200 Fly,4,2:06.18,Bryce Hopson,,"Hillsdale vs. Aquinas, IWU"
Aquinas College,10026352,200 Fly,5,2:09.99,Collin Neely,,Don Kimble Invitational
Aquinas College,10026352,200 Fly,6,2:13.73,Nate Fisher,,Don Kimble Invitational
Aquinas College,10026352,200 Fly,7,2:29.83,Sam Grant,,Don Kimble Invitational
Aquinas College,10026352,200 Free,1,1:43.97,Titus Smith,,Don Kimble Invitational
Aquinas College,10026352,200 Free,2,1:45.29,Stan Tibben,,"Aquinas vs. SVSU,  Albion"
Aquinas College,10026352,200 Free,3,1:45.31,William Sneller,,Don Kimble Invitational
Aquinas College,10026352,200 Free,4,1:48.23,Conrad Eichbauer,,Kansas Collegiate Athletic Conference Championships
Aquinas College,10026352,200 Free,5,1:48.31,Nate Fisher,,Kansas Collegiate Athletic Conference Championships
Aquinas College,10026352,200 Free,6,1:49.66,Matt Dumbsky,,Kansas Collegiate Athletic Conference Championships
Aquinas College,10026352,200 Free,7,1:51.20,Chungus Berns,,Don Kimble Invitational
Aquinas College,10026352,200 Free,8,1:51.79,Ethan Elms,,"Aquinas vs. SVSU,  Albion"
Aquinas College,10026352,200 Free,9,1:52.52,Ian Clapp,,"Aquinas vs. SVSU,  Albion"
Aquinas College,10026352,200 Free,10,1:52.57,Lucas Eussen,,"Hillsdale vs. Aquinas, IWU"
Aquinas College,10026352,200 Im,1,1:58.55,Luke Martin,,Don Kimble Invitational
Aquinas College,10026352,200 Im,2,1:58.90,Stan Tibben,,Kansas Collegiate Athletic Conference Championships
Aquinas College,10026352,200 Im,3,2:00.60,Lucas Eussen,,Don Kimble Invitational
Aquinas College,10026352,200 Im,4,2:00.94,Titus Smith,,"Hillsdale vs. Aquinas, IWU"
Aquinas College,10026352,200 Im,5,2:01.05,Bryce Hopson,,Kansas Collegiate Athletic Conference Championships
Aquinas College,10026352,200 Im,6,2:01.55,Ian Clapp,,Don Kimble Invitational
Aquinas College,10026352,200 Im,7,2:02.78,Carl Goeckel,,Don Kimble Invitational
Aquinas College,10026352,200 Im,8,2:06.79,Tony Parlato,,Don Kimble Invitational
Aquinas College,10026352,200 Im,9,2:10.42,Chungus Berns,,"Hillsdale vs. Aquinas, IWU"
Aquinas College,10026352,200 Im,10,2:11.95,Sam Grant,,"Bethel vs Alma, Aquinas, Olivet"
Aquinas College,10026352,400 Im,1,4:09.57,Lucas Eussen,,Kansas Collegiate Athletic Conference Championships
Aquinas College,10026352,400 Im,2,4:16.40,Stan Tibben,,Kansas Collegiate Athletic Conference Championships
Aquinas College,10026352,400 Im,3,4:29.24,Carl Goeckel,,Don Kimble Invitational
Aquinas College,10026352,400 Im,4,4:32.27,Bryce Hopson,,"Aquinas vs. SVSU,  Albion"
Aquinas College,10026352,400 Im,5,4:37.64,Sam Grant,,Don Kimble Invitational
Aquinas College,10026352,50 Free,1,21.09,Matt Dumbsky,,Kansas Collegiate Athletic Conference Championships
Aquinas College,10026352,50 Free,2,21.17,Talon Koppmann,,Kansas Collegiate Athletic Conference Championships
Aquinas College,10026352,50 Free,3,21.68,Chungus Berns,,Kansas Collegiate Athletic Conference Championships
Aquinas College,10026352,50 Free,4,21.72,TJ Baumer,,Kansas Collegiate Athletic Conference Championships
Aquinas College,10026352,50 Free,5,21.93,Titus Smith,,Aquinas vs Davenport
Aquinas College,10026352,50 Free,6,22.27,William Sneller,,Aquinas vs Davenport
Aquinas College,10026352,50 Free,7,22.44,Carl Goeckel,,Don Kimble Invitational
Aquinas College,10026352,50 Free,8,23.05,Collin Alward,,Aquinas vs Davenport
Aquinas College,10026352,50 Free,9,23.63,Collin Neely,,"Aquinas vs. SVSU,  Albion"
Aquinas College,10026352,50 Free,10,23.65,Luke Martin,,"Hillsdale vs. Aquinas, IWU"
Aquinas College,10026352,500 Free,1,4:47.25,William Sneller,,Don Kimble Invitational
Aquinas College,10026352,500 Free,2,4:57.43,Nate Fisher,,Kansas Collegiate Athletic Conference Championships
Aquinas College,10026352,500 Free,3,5:02.26,Sam Grant,,Don Kimble Invitational
Aquinas College,10026352,500 Free,4,5:03.15,Conrad Eichbauer,,Kansas Collegiate Athletic Conference Championships
Aquinas College,10026352,500 Free,5,5:04.56,Titus Smith,,"Aquinas vs. SVSU,  Albion"
Aquinas College,10026352,500 Free,6,5:05.09,Lucas Eussen,,Davenport October Invite
Aquinas College,10026352,500 Free,7,5:18.92,Carl Goeckel,,"Bethel vs Alma, Aquinas, Olivet"
Arizona Christian University,10010278,100 Back,1,52.89,Balazs Bansagi,,Pacific Collegiate Swim Conference Championships
Arizona Christian University,10010278,100 Back,2,56.69,Carson Valentine,,"Grand Canyon v. ACU, OUAZ"
Arizona Christian University,10010278,100 Back,3,57.77,Jordan Weve,,"Grand Canyon v. ACU, OUAZ"
Arizona Christian University,10010278,100 Back,4,1:01.07,Michael Mccumbee,,"Grand Canyon v. Simon Fraser, ACU, OUAZ, NMSU"
Arizona Christian University,10010278,100 Back,5,1:01.68,Dameon Baker,,Great Southwest Athletic Conference Championship
Arizona Christian University,10010278,100 Back,6,1:07.41,Anderson Watkins,,"Grand Canyon v. Simon Fraser, ACU, OUAZ, NMSU"
Arizona Christian University,10010278,100 Breast,1,55.87,Isaiah Porritt,,NAIA National Championships
Arizona Christian University,10010278,100 Fly,1,50.27,Balazs Bansagi,,"Grand Canyon v. ACU, OUAZ"
Arizona Christian University,10010278,100 Fly,2,51.65,Jordan Weve,,Pacific Collegiate Swim Conference Championships
Arizona Christian University,10010278,100 Fly,3,53.44,Jackson Lee,,Grand Canyon vs Cal Baptist
Arizona Christian University,10010278,100 Fly,4,58.23,CJ Trettel,,Pacific Collegiate Swim Conference Championships
Arizona Christian University,10010278,100 Fly,5,59.81,Carson Valentine,,Great Southwest Athletic Conference Championship
Arizona Christian University,10010278,100 Fly,6,1:02.59,Michael Mccumbee,,"Grand Canyon v. Simon Fraser, ACU, OUAZ, NMSU"
Arizona Christian University,10010278,100 Fly,7,1:03.83,Anderson Watkins,,"Grand Canyon v. Simon Fraser, ACU, OUAZ, NMSU"
Arizona Christian University,10010278,100 Fly,8,1:05.25,John Curtis,,Great Southwest Athletic Conference Championship
Arizona Christian University,10010278,100 Free,1,45.76,Isaiah Porritt,,Pacific Collegiate Swim Conference Championships
Arizona Christian University,10010278,100 Free,2,46.35,Balazs Bansagi,,Pacific Collegiate Swim Conference Championships
Arizona Christian University,10010278,100 Free,3,48.38,Jackson Lee,,Pacific Collegiate Swim Conference Championships
Arizona Christian University,10010278,100 Free,4,49.59,Zek Rentfrow,,"Grand Canyon v. ACU, OUAZ"
Arizona Christian University,10010278,100 Free,5,49.83,Jordan Weve,,Pacific Collegiate Swim Conference Championships
Arizona Christian University,10010278,100 Free,6,50.53,Michael Mccumbee,,"ACU vs. OUAZ, ASU Club, GCU Club"
Arizona Christian University,10010278,100 Free,7,52.10,Dameon Baker,,"Grand Canyon v. Simon Fraser, ACU, OUAZ, NMSU"
Arizona Christian University,10010278,100 Free,8,52.76,Bobby Locke,,"Grand Canyon v. Simon Fraser, ACU, OUAZ, NMSU"
Arizona Christian University,10010278,100 Free,9,54.27,Declan Kelly,,Great Southwest Athletic Conference Championship
Arizona Christian University,10010278,100 Free,10,54.55,Anderson Watkins,,"Grand Canyon v. Simon Fraser, ACU, OUAZ, NMSU"
Arizona Christian University,10010278,1000 Free,1,10:04.83,CJ Trettel,,Pacific Collegiate Swim Conference Championships
Arizona Christian University,10010278,1650 Free,1,16:47.80,CJ Trettel,,Pacific Collegiate Swim Conference Championships
Arizona Christian University,10010278,200 Back,1,2:03.10,Balazs Bansagi,,"Grand Canyon v. Simon Fraser, ACU, OUAZ, NMSU"
Arizona Christian University,10010278,200 Back,2,2:04.93,Carson Valentine,,"Grand Canyon v. ACU, OUAZ"
Arizona Christian University,10010278,200 Breast,1,2:58.14,Bobby Locke,,"ACU vs. OUAZ, ASU Club, GCU Club"
Arizona Christian University,10010278,200 Fly,1,1:52.45,Jackson Lee,,Last Chance Meet
Arizona Christian University,10010278,200 Fly,2,1:55.76,Balazs Bansagi,,Great Southwest Athletic Conference Championship
Arizona Christian University,10010278,200 Fly,3,2:01.68,Jordan Weve,,Great Southwest Athletic Conference Championship
Arizona Christian University,10010278,200 Free,1,1:41.82,Balazs Bansagi,,Pacific Collegiate Swim Conference Championships
Arizona Christian University,10010278,200 Free,2,1:43.84,Jackson Lee,,Pacific Collegiate Swim Conference Championships
Arizona Christian University,10010278,200 Free,3,1:48.16,Zek Rentfrow,,"Grand Canyon v. ACU, OUAZ"
Arizona Christian University,10010278,200 Free,4,1:50.43,CJ Trettel,,"Grand Canyon v. Simon Fraser, ACU, OUAZ, NMSU"
Arizona Christian University,10010278,200 Free,5,1:56.08,Michael Mccumbee,,Pacific Collegiate Swim Conference Championships
Arizona Christian University,10010278,200 Free,6,1:56.20,Jordan Weve,,"Grand Canyon v. Simon Fraser, ACU, OUAZ, NMSU"
Arizona Christian University,10010278,200 Free,7,1:57.66,Dameon Baker,,"Grand Canyon v. Simon Fraser, ACU, OUAZ, NMSU"
Arizona Christian University,10010278,200 Im,1,2:09.17,CJ Trettel,,"ACU vs. OUAZ, ASU Club, GCU Club"
Arizona Christian University,10010278,400 Im,1,4:21.76,CJ Trettel,,Pacific Collegiate Swim Conference Championships
Arizona Christian University,10010278,50 Free,1,20.69,Isaiah Porritt,,NAIA National Championships
Arizona Christian University,10010278,50 Free,2,22.06,Balazs Bansagi,,Pacific Collegiate Swim Conference Championships
Arizona Christian University,10010278,50 Free,3,22.68,Jordan Weve,,Pacific Collegiate Swim Conference Championships
Arizona Christian University,10010278,50 Free,4,22.82,Jackson Lee,,Pacific Collegiate Swim Conference Championships
Arizona Christian University,10010278,50 Free,5,22.97,Zek Rentfrow,,Pacific Collegiate Swim Conference Championships
Arizona Christian University,10010278,50 Free,6,23.08,Michael Mccumbee,,"ACU vs. OUAZ, ASU Club, GCU Club"
Arizona Christian University,10010278,50 Free,7,24.06,Boaz Hering,,"ACU vs. OUAZ, ASU Club, GCU Club"
Arizona Christian University,10010278,50 Free,8,24.15,Declan Kelly,,Grand Canyon vs Cal Baptist
Arizona Christian University,10010278,50 Free,9,24.22,Anderson Watkins,,Great Southwest Athletic Conference Championship
Arizona Christian University,10010278,50 Free,10,24.50,Carson Valentine,,"Grand Canyon v. Simon Fraser, ACU, OUAZ, NMSU"
Arizona Christian University,10010278,500 Free,1,4:49.65,Jackson Lee,,"Grand Canyon v. ACU, OUAZ"
Arizona Christian University,10010278,500 Free,2,4:52.19,CJ Trettel,,Pacific Collegiate Swim Conference Championships
Arizona Christian University,10010278,500 Free,3,5:00.12,Zek Rentfrow,,Pacific Collegiate Swim Conference Championships
Arizona Christian University,10010278,500 Free,4,5:33.56,Dameon Baker,,Great Southwest Athletic Conference Championship
Arizona Christian University,10010278,500 Free,5,5:44.18,Bobby Locke,,"Grand Canyon v. Simon Fraser, ACU, OUAZ, NMSU"
Ave Maria University,10026299,100 Back,1,51.07,Eli Soderberg,,NAIA National Championships
Ave Maria University,10026299,100 Back,2,51.33,Eduardo Martiniano,,Small College Championship Cup
Ave Maria University,10026299,100 Back,3,52.12,Matt Ondracek,,NAIA National Championships
Ave Maria University,10026299,100 Back,4,52.72,Elijah Brown,,NSU Shark Invite
Ave Maria University,10026299,100 Back,5,54.18,Jack Keyser,,2025 Gyrene Showdown
Ave Maria University,10026299,100 Back,6,57.00,Pete Anderson,,2025 Gyrene Showdown
Ave Maria University,10026299,100 Back,7,57.22,Michael Blawas,,2025 Ultimate Gyrene Showdown
Ave Maria University,10026299,100 Back,8,57.28,Scott Anderson,,2025 Gyrene Showdown
Ave Maria University,10026299,100 Back,9,58.32,Sam Pilkington,,St. Thomas vs. Ave Maria/New College of Florida
Ave Maria University,10026299,100 Back,10,58.53,Justin Blaine,,2025 Gyrene Showdown
Ave Maria University,10026299,100 Breast,1,54.03,Sam Pilkington,,NAIA National Championships
Ave Maria University,10026299,100 Breast,2,57.96,Jack Keyser,,Ave Maria Last Chance Invite
Ave Maria University,10026299,100 Breast,3,59.77,Eli Soderberg,,Ave Maria University vs. Indian River
Ave Maria University,10026299,100 Breast,4,1:00.05,Eduardo Martiniano,,2025 Gyrene Showdown
Ave Maria University,10026299,100 Breast,5,1:00.09,Ryan Pritchard,,The Sun Conference Championships
Ave Maria University,10026299,100 Breast,6,1:01.10,Elijah Brown,,Ave Maria Last Chance Invite
Ave Maria University,10026299,100 Breast,7,1:01.57,Eli Pelzer,,2025 Gyrene Showdown
Ave Maria University,10026299,100 Breast,8,1:03.55,Matt Ondracek,,2025 Gyrene Showdown
Ave Maria University,10026299,100 Breast,9,1:04.12,Thomas Austin,,2025 Ultimate Gyrene Showdown
Ave Maria University,10026299,100 Breast,10,1:04.28,Pete Anderson,,2025 Gyrene Showdown
Ave Maria University,10026299,100 Fly,1,49.90,Lucas Thomaz,,NAIA National Championships
Ave Maria University,10026299,100 Fly,2,49.95,Michael Blawas,,NAIA National Championships
Ave Maria University,10026299,100 Fly,3,50.52,Sam Pilkington,,Ave Maria Last Chance Invite
Ave Maria University,10026299,100 Fly,4,51.50,Scott Anderson,,Small College Championship Cup
Ave Maria University,10026299,100 Fly,5,52.39,Jack Keyser,,2025 Gyrene Showdown
Ave Maria University,10026299,100 Fly,6,52.39,Eduardo Martiniano,,2025 Gyrene Showdown
Ave Maria University,10026299,100 Fly,7,52.61,Eli Soderberg,,2025 Gyrene Showdown
Ave Maria University,10026299,100 Fly,8,53.02,Eli Pelzer,,2025 Ultimate Gyrene Showdown
Ave Maria University,10026299,100 Fly,9,53.44,Justin Blaine,,The Sun Conference Championships
Ave Maria University,10026299,100 Fly,10,53.50,Justin Bond,,2025 Ultimate Gyrene Showdown
Ave Maria University,10026299,100 Free,1,46.24,Sam Pilkington,,Small College Championship Cup
Ave Maria University,10026299,100 Free,2,46.30,Pete Anderson,,Small College Championship Cup
Ave Maria University,10026299,100 Free,3,46.31,Eduardo Martiniano,,Small College Championship Cup
Ave Maria University,10026299,100 Free,4,46.37,Lucas Thomaz,,NAIA National Championships
Ave Maria University,10026299,100 Free,5,46.41,Scott Anderson,,Small College Championship Cup
Ave Maria University,10026299,100 Free,6,47.05,Eli Pelzer,,Small College Championship Cup
Ave Maria University,10026299,100 Free,7,47.34,Jack Keyser,,The Sun Conference Championships
Ave Maria University,10026299,100 Free,8,47.64,Eli Soderberg,,Small College Championship Cup
Ave Maria University,10026299,100 Free,9,48.08,Justin Bond,,Ave Maria University vs. Indian River
Ave Maria University,10026299,100 Free,10,48.13,Matt Ondracek,,Small College Championship Cup
Ave Maria University,10026299,1000 Free,1,9:56.69,Eli Soderberg,,Small College Championship Cup
Ave Maria University,10026299,1000 Free,2,10:38.10,Thomas Austin,,The Sun Conference Championships
Ave Maria University,10026299,1000 Free,3,10:41.10,Ryan Pritchard,,IRSC vs Keiser vs Ave Maria
Ave Maria University,10026299,1000 Free,4,10:45.66,Alec Whistler,,The Sun Conference Championships
Ave Maria University,10026299,1000 Free,5,10:47.28,Justin Bond,,St. Thomas vs. Ave Maria/New College of Florida
Ave Maria University,10026299,1650 Free,1,16:28.98,Eli Soderberg,,Small College Championship Cup
Ave Maria University,10026299,1650 Free,2,17:34.85,Alec Whistler,,The Sun Conference Championships
Ave Maria University,10026299,1650 Free,3,17:41.37,Thomas Austin,,Small College Championship Cup
Ave Maria University,10026299,1650 Free,4,17:51.02,Ryan Pritchard,,Small College Championship Cup
Ave Maria University,10026299,1650 Free,5,18:46.14,Justin Blaine,,Thomas Fall Meet
Ave Maria University,10026299,200 Back,1,1:52.28,Matt Ondracek,,NAIA National Championships
Ave Maria University,10026299,200 Back,2,1:52.36,Elijah Brown,,The Sun Conference Championships
Ave Maria University,10026299,200 Back,3,1:54.02,Eli Soderberg,,Ave Maria Last Chance Invite
Ave Maria University,10026299,200 Back,4,1:57.57,Eduardo Martiniano,,2025 Ultimate Gyrene Showdown
Ave Maria University,10026299,200 Back,5,2:03.61,Pete Anderson,,St. Thomas vs. Ave Maria/New College of Florida
Ave Maria University,10026299,200 Back,6,2:08.57,Justin Blaine,,IRSC vs Keiser vs Ave Maria
Ave Maria University,10026299,200 Breast,1,2:06.14,Jack Keyser,,The Sun Conference Championships
Ave Maria University,10026299,200 Breast,2,2:06.18,Sam Pilkington,,Small College Championship Cup
Ave Maria University,10026299,200 Breast,3,2:10.14,Elijah Brown,,NSU Shark Invite
Ave Maria University,10026299,200 Breast,4,2:14.76,Eli Soderberg,,St. Thomas vs. Ave Maria/New College of Florida
Ave Maria University,10026299,200 Breast,5,2:16.62,Thomas Austin,,Small College Championship Cup
Ave Maria University,10026299,200 Breast,6,2:17.89,Eli Pelzer,,IRSC vs Keiser vs Ave Maria
Ave Maria University,10026299,200 Breast,7,2:18.39,Ryan Pritchard,,AMU vs. Barry vs. Life vs. New College
Ave Maria University,10026299,200 Breast,8,2:21.90,Justin Blaine,,Ave Maria University vs. Indian River
Ave Maria University,10026299,200 Fly,1,1:50.05,Michael Blawas,,NAIA National Championships
Ave Maria University,10026299,200 Fly,2,1:53.02,Eli Soderberg,,Ave Maria Last Chance Invite
Ave Maria University,10026299,200 Fly,3,1:59.68,Justin Bond,,Small College Championship Cup
Ave Maria University,10026299,200 Fly,4,2:03.43,Justin Blaine,,The Sun Conference Championships
Ave Maria University,10026299,200 Fly,5,2:04.33,Lucas Thomaz,,2025 Ultimate Gyrene Showdown
Ave Maria University,10026299,200 Fly,6,2:11.66,Ryan Pritchard,,2025 Ultimate Gyrene Showdown
Ave Maria University,10026299,200 Fly,7,2:28.97,Alec Whistler,,2025 Ultimate Gyrene Showdown
Ave Maria University,10026299,200 Free,1,1:41.64,Pete Anderson,,Small College Championship Cup
Ave Maria University,10026299,200 Free,2,1:42.82,Eli Pelzer,,Small College Championship Cup
Ave Maria University,10026299,200 Free,3,1:43.34,Eli Soderberg,,NAIA National Championships
Ave Maria University,10026299,200 Free,4,1:44.65,Michael Blawas,,NAIA National Championships
Ave Maria University,10026299,200 Free,5,1:44.86,Eduardo Martiniano,,Small College Championship Cup
Ave Maria University,10026299,200 Free,6,1:45.80,Elijah Brown,,The Sun Conference Championships
Ave Maria University,10026299,200 Free,7,1:46.81,Matt Ondracek,,2025 Ultimate Gyrene Showdown
Ave Maria University,10026299,200 Free,8,1:48.19,Justin Bond,,Ave Maria University vs. Indian River
Ave Maria University,10026299,200 Free,9,1:48.28,Lucas Thomaz,,NSU Shark Invite
Ave Maria University,10026299,200 Free,10,1:50.75,Ryan Pritchard,,2025 Ultimate Gyrene Showdown
Ave Maria University,10026299,200 Im,1,1:52.24,Jack Keyser,,The Sun Conference Championships
Ave Maria University,10026299,200 Im,2,1:53.16,Elijah Brown,,Small College Championship Cup
Ave Maria University,10026299,200 Im,3,1:54.56,Matt Ondracek,,The Sun Conference Championships
Ave Maria University,10026299,200 Im,4,1:57.94,Eli Soderberg,,NSU Shark Invite
Ave Maria University,10026299,200 Im,5,2:02.72,Eli Pelzer,,St. Thomas vs. Ave Maria/New College of Florida
Ave Maria University,10026299,200 Im,6,2:03.68,Thomas Austin,,The Sun Conference Championships
Ave Maria University,10026299,200 Im,7,2:03.73,Justin Blaine,,The Sun Conference Championships
Ave Maria University,10026299,200 Im,8,2:08.67,Ryan Pritchard,,AMU vs. Barry vs. Life vs. New College
Ave Maria University,10026299,200 Im,9,2:19.81,Nathaniel Ramirez,,Small College Championship Cup
Ave Maria University,10026299,400 Im,1,4:02.54,Eli Soderberg,,NAIA National Championships
Ave Maria University,10026299,400 Im,2,4:04.62,Elijah Brown,,The Sun Conference Championships
Ave Maria University,10026299,400 Im,3,4:09.14,Jack Keyser,,The Sun Conference Championships
Ave Maria University,10026299,400 Im,4,4:18.77,Matt Ondracek,,2025 Ultimate Gyrene Showdown
Ave Maria University,10026299,400 Im,5,4:18.77,Eli Pelzer,,2025 Ultimate Gyrene Showdown
Ave Maria University,10026299,400 Im,6,4:22.80,Sam Pilkington,,2025 Ultimate Gyrene Showdown
Ave Maria University,10026299,400 Im,7,4:25.66,Justin Blaine,,The Sun Conference Championships
Ave Maria University,10026299,400 Im,8,4:26.05,Thomas Austin,,Small College Championship Cup
Ave Maria University,10026299,400 Im,9,4:43.04,Ryan Pritchard,,Ave Maria University vs. Indian River
Ave Maria University,10026299,400 Im,10,4:46.12,Eduardo Martiniano,,2025 Ultimate Gyrene Showdown
Ave Maria University,10026299,50 Free,1,20.89,Eduardo Martiniano,,Small College Championship Cup
Ave Maria University,10026299,50 Free,2,21.05,Scott Anderson,,Small College Championship Cup
Ave Maria University,10026299,50 Free,3,21.08,Sam Pilkington,,Small College Championship Cup
Ave Maria University,10026299,50 Free,4,21.31,Eli Pelzer,,Small College Championship Cup
Ave Maria University,10026299,50 Free,5,21.37,Pete Anderson,,Small College Championship Cup
Ave Maria University,10026299,50 Free,6,21.73,Jack Keyser,,Ave Maria Last Chance Invite
Ave Maria University,10026299,50 Free,7,21.89,Lucas Thomaz,,Ave Maria Last Chance Invite
Ave Maria University,10026299,50 Free,8,22.19,Matt Ondracek,,IRSC vs Keiser vs Ave Maria
Ave Maria University,10026299,50 Free,9,22.31,Justin Bond,,The Sun Conference Championships
Ave Maria University,10026299,50 Free,10,22.32,Eli Soderberg,,IRSC vs Keiser vs Ave Maria
Ave Maria University,10026299,500 Free,1,4:43.94,Eli Soderberg,,Small College Championship Cup
Ave Maria University,10026299,500 Free,2,4:48.67,Michael Blawas,,Small College Championship Cup
Ave Maria University,10026299,500 Free,3,4:53.36,Eli Pelzer,,Small College Championship Cup
Ave Maria University,10026299,500 Free,4,4:54.75,Matt Ondracek,,NSU Shark Invite
Ave Maria University,10026299,500 Free,5,4:56.25,Justin Bond,,Small College Championship Cup
Ave Maria University,10026299,500 Free,6,4:59.13,Elijah Brown,,NSU Shark Invite
Ave Maria University,10026299,500 Free,7,5:00.34,Ryan Pritchard,,The Sun Conference Championships
Ave Maria University,10026299,500 Free,8,5:06.65,Alec Whistler,,The Sun Conference Championships
Ave Maria University,10026299,500 Free,9,5:08.75,Pete Anderson,,St. Thomas vs. Ave Maria/New College of Florida
Ave Maria University,10026299,500 Free,10,5:12.37,Thomas Austin,,Thomas Fall Meet
Bethel University (Indiana),8024,100 Back,1,50.71,Jorge Souto Vilas,,Bethel Last Chance Invite
Bethel University (Indiana),8024,100 Back,2,55.51,Omar Khatter,,Kansas Collegiate Athletic Conference Championships
Bethel University (Indiana),8024,100 Back,3,58.66,Andrew Williams,,Bethel vs. Olivet Nazarene
Bethel University (Indiana),8024,100 Back,4,59.50,Preston DeWitt,,Malone Invitational
Bethel University (Indiana),8024,100 Breast,1,58.33,Jorge Souto Vilas,,"Bethel vs. Anderson, Indiana Wesleyan"
Bethel University (Indiana),8024,100 Breast,2,1:02.22,Pablo Mira Márquez,,Malone Invitational
Bethel University (Indiana),8024,100 Breast,3,1:09.27,Huipe Diego Tinoco,,Malone Invitational
Bethel University (Indiana),8024,100 Fly,1,53.17,Nico Stuber,,"Bethel vs Alma, Aquinas, Olivet"
Bethel University (Indiana),8024,100 Fly,2,53.71,Jorge Souto Vilas,,"BU vs. LWU, HC, NCC"
Bethel University (Indiana),8024,100 Fly,3,56.40,Henrique Baltazar,,Malone Invitational
Bethel University (Indiana),8024,100 Fly,4,56.50,Zachary Anguish,,Kansas Collegiate Athletic Conference Championships
Bethel University (Indiana),8024,100 Fly,5,56.86,Andrew Williams,,"Bethel vs Alma, Aquinas, Olivet"
Bethel University (Indiana),8024,100 Fly,6,58.92,Omar Khatter,,Valpo vs Bethel
Bethel University (Indiana),8024,100 Fly,7,1:00.54,Matt Lloyd,,Kansas Collegiate Athletic Conference Championships
Bethel University (Indiana),8024,100 Fly,8,1:01.65,Preston DeWitt,,"BU vs. LWU, HC, NCC"
Bethel University (Indiana),8024,100 Free,1,45.99,Jorge Souto Vilas,,Kansas Collegiate Athletic Conference Championships
Bethel University (Indiana),8024,100 Free,2,46.39,Andrew Williams,,Kansas Collegiate Athletic Conference Championships
Bethel University (Indiana),8024,100 Free,3,49.97,Omar Khatter,,Malone Invitational
Bethel University (Indiana),8024,100 Free,4,50.14,Nico Stuber,,"BU vs. LWU, HC, NCC"
Bethel University (Indiana),8024,100 Free,5,51.44,Preston DeWitt,,"Bethel vs Alma, Aquinas, Olivet"
Bethel University (Indiana),8024,1000 Free,1,9:43.15,Zachary Anguish,,NAIA National Championships
Bethel University (Indiana),8024,1000 Free,2,10:23.22,Henrique Baltazar,,"Bethel vs Alma, Aquinas, Olivet"
Bethel University (Indiana),8024,1000 Free,3,10:41.21,Matt Lloyd,,Malone Invitational
Bethel University (Indiana),8024,1650 Free,1,16:09.45,Zachary Anguish,,NAIA National Championships
Bethel University (Indiana),8024,1650 Free,2,17:25.13,Henrique Baltazar,,"Bethel vs Alma, Aquinas, Olivet"
Bethel University (Indiana),8024,1650 Free,3,17:38.05,Matt Lloyd,,Kansas Collegiate Athletic Conference Championships
Bethel University (Indiana),8024,200 Back,1,1:59.28,Jorge Souto Vilas,,"Bethel vs Alma, Aquinas, Olivet"
Bethel University (Indiana),8024,200 Back,2,2:00.52,Omar Khatter,,Kansas Collegiate Athletic Conference Championships
Bethel University (Indiana),8024,200 Back,3,2:00.60,Zachary Anguish,,"BU vs. LWU, HC, NCC"
Bethel University (Indiana),8024,200 Back,4,2:13.72,Preston DeWitt,,Malone Invitational
Bethel University (Indiana),8024,200 Back,5,2:16.24,Matt Lloyd,,Bethel vs. Olivet Nazarene
Bethel University (Indiana),8024,200 Breast,1,2:14.84,Pablo Mira Márquez,,"Bethel vs Alma, Aquinas, Olivet"
Bethel University (Indiana),8024,200 Breast,2,2:34.25,Huipe Diego Tinoco,,Malone Invitational
Bethel University (Indiana),8024,200 Fly,1,1:58.32,Zachary Anguish,,Bethel Last Chance Invite
Bethel University (Indiana),8024,200 Fly,2,2:01.14,Henrique Baltazar,,Malone Invitational
Bethel University (Indiana),8024,200 Fly,3,2:03.82,Nico Stuber,,Malone Invitational
Bethel University (Indiana),8024,200 Free,1,1:41.19,Jorge Souto Vilas,,NAIA National Championships
Bethel University (Indiana),8024,200 Free,2,1:44.55,Andrew Williams,,Kansas Collegiate Athletic Conference Championships
Bethel University (Indiana),8024,200 Free,3,1:47.74,Nico Stuber,,"Bethel vs. Anderson, Indiana Wesleyan"
Bethel University (Indiana),8024,200 Free,4,1:50.42,Zachary Anguish,,Bethel vs. Olivet Nazarene
Bethel University (Indiana),8024,200 Free,5,1:52.44,Pablo Mira Márquez,,"Bethel vs. Anderson, Indiana Wesleyan"
Bethel University (Indiana),8024,200 Free,6,1:53.34,Omar Khatter,,"Bethel vs Alma, Aquinas, Olivet"
Bethel University (Indiana),8024,200 Free,7,1:54.51,Henrique Baltazar,,Valpo vs Bethel
Bethel University (Indiana),8024,200 Free,8,1:56.79,Preston DeWitt,,Heidelberg vs. Ohio Northern vs. Bethel (IN)
Bethel University (Indiana),8024,200 Free,9,2:06.82,Huipe Diego Tinoco,,"Bethel vs. Anderson, Indiana Wesleyan"
Bethel University (Indiana),8024,200 Im,1,1:52.70,Jorge Souto Vilas,,NAIA National Championships
Bethel University (Indiana),8024,200 Im,2,2:07.68,Zachary Anguish,,Valpo vs Bethel
Bethel University (Indiana),8024,200 Im,3,2:07.76,Pablo Mira Márquez,,"Bethel vs Alma, Aquinas, Olivet"
Bethel University (Indiana),8024,200 Im,4,2:09.96,Henrique Baltazar,,"Bethel vs Alma, Aquinas, Olivet"
Bethel University (Indiana),8024,200 Im,5,2:23.67,Huipe Diego Tinoco,,Heidelberg vs. Ohio Northern vs. Bethel (IN)
Bethel University (Indiana),8024,200 Im,6,2:26.53,Matt Lloyd,,Valpo vs Bethel
Bethel University (Indiana),8024,400 Im,1,4:12.56,Zachary Anguish,,NAIA National Championships
Bethel University (Indiana),8024,400 Im,2,4:28.19,Henrique Baltazar,,Malone Invitational
Bethel University (Indiana),8024,400 Im,3,4:32.30,Matt Lloyd,,Kansas Collegiate Athletic Conference Championships
Bethel University (Indiana),8024,50 Free,1,21.05,Andrew Williams,,Bethel Last Chance Invite
Bethel University (Indiana),8024,50 Free,2,21.38,Jorge Souto Vilas,,"Bethel vs Alma, Aquinas, Olivet"
Bethel University (Indiana),8024,50 Free,3,22.39,Omar Khatter,,"Bethel vs Alma, Aquinas, Olivet"
Bethel University (Indiana),8024,50 Free,4,23.31,Preston DeWitt,,"Bethel vs Alma, Aquinas, Olivet"
Bethel University (Indiana),8024,50 Free,5,23.79,Nico Stuber,,"BU vs. LWU, HC, NCC"
Bethel University (Indiana),8024,50 Free,6,24.60,Henrique Baltazar,,Heidelberg vs. Ohio Northern vs. Bethel (IN)
Bethel University (Indiana),8024,50 Free,7,24.89,Zachary Anguish,,"Bethel vs. Anderson, Indiana Wesleyan"
Bethel University (Indiana),8024,50 Free,8,26.91,Huipe Diego Tinoco,,Valpo vs Bethel
Bethel University (Indiana),8024,500 Free,1,4:43.95,Zachary Anguish,,NAIA National Championships
Bethel University (Indiana),8024,500 Free,2,4:52.67,Nico Stuber,,Malone Invitational
Bethel University (Indiana),8024,500 Free,3,4:59.24,Henrique Baltazar,,Malone Invitational
Bethel University (Indiana),8024,500 Free,4,4:59.91,Pablo Mira Márquez,,Malone Invitational
Bethel University (Indiana),8024,500 Free,5,5:00.11,Matt Lloyd,,Kansas Collegiate Athletic Conference Championships
Bethel University (Indiana),8024,500 Free,6,5:14.64,Preston DeWitt,,Malone Invitational
Bethel University (Indiana),8024,500 Free,7,5:33.57,Huipe Diego Tinoco,,Kansas Collegiate Athletic Conference Championships
Campbellsville University,541,100 Back,1,53.66,Jacob Isacson,,Centre Invitational
Campbellsville University,541,100 Back,2,54.12,Domantas Petraitis,,Centre Invitational
Campbellsville University,541,100 Back,3,54.25,Kyle Kleinhans,,Centre Invitational
Campbellsville University,541,100 Back,4,55.69,Kirkland May,,Centre Invitational
Campbellsville University,541,100 Back,5,57.50,Adrien Cantemerle,,13th Annual Fall Frenzy
Campbellsville University,541,100 Back,6,1:02.55,Ryan Wolfe,,Mid-South Conference Championships
Campbellsville University,541,100 Back,7,1:04.43,Adam Peeden,,Centre vs. Midway vs. Campbellsville
Campbellsville University,541,100 Breast,1,59.19,Bikash Kumal,,Mid-South Conference Championships
Campbellsville University,541,100 Breast,2,1:07.72,Adam Peeden,,Centre Invitational
Campbellsville University,541,100 Breast,3,1:08.27,Garrett Schmidt,,Centre Invitational
Campbellsville University,541,100 Breast,4,1:09.65,Kase Moore,,Mid-South Conference Championships
Campbellsville University,541,100 Breast,5,1:13.43,DaVaughn Wilson,,13th Annual Fall Frenzy
Campbellsville University,541,100 Fly,1,53.87,Kyle Kleinhans,,Mid-South Conference Championships
Campbellsville University,541,100 Fly,2,54.18,Bikash Kumal,,Centre Invitational
Campbellsville University,541,100 Fly,3,55.09,Luis Castro,,Centre vs. Midway vs. Campbellsville
Campbellsville University,541,100 Fly,4,56.60,Andreu Jaen Serra,,Mid-South Conference Championships
Campbellsville University,541,100 Fly,5,1:00.41,Kirkland May,,Highway 55 Last Chance Invitational
Campbellsville University,541,100 Fly,6,1:05.19,Jacob Isacson,,Asbury vs. Campbellsville
Campbellsville University,541,100 Free,1,47.70,Adrien Cantemerle,,Centre Invitational
Campbellsville University,541,100 Free,2,49.21,Kirkland May,,Mid-South Conference Championships
Campbellsville University,541,100 Free,3,49.36,Luis Castro,,Centre Invitational
Campbellsville University,541,100 Free,4,49.86,Martin Venegas,,Centre vs. Midway vs. Campbellsville
Campbellsville University,541,100 Free,5,49.99,Andreu Jaen Serra,,Asbury vs. Campbellsville
Campbellsville University,541,100 Free,6,49.99,Kyle Kleinhans,,Mid-South Conference Championships
Campbellsville University,541,100 Free,7,51.31,Jacob Isacson,,Centre Invitational
Campbellsville University,541,100 Free,8,52.52,Lucca Motta,,Centre Invitational
Campbellsville University,541,100 Free,9,52.91,Bikash Kumal,,13th Annual Fall Frenzy
Campbellsville University,541,100 Free,10,54.80,DaVaughn Wilson,,Asbury vs. Campbellsville
Campbellsville University,541,1000 Free,1,9:52.80,Andreu Jaen Serra,,Lindsey Wilson vs. Campbellsville
Campbellsville University,541,1000 Free,2,10:07.80,Luis Castro,,Centre Invitational
Campbellsville University,541,1650 Free,1,16:27.52,Andreu Jaen Serra,,Lindsey Wilson vs. Campbellsville
Campbellsville University,541,1650 Free,2,16:48.71,Luis Castro,,Mid-South Conference Championships
Campbellsville University,541,200 Back,1,1:57.06,Jacob Isacson,,Mid-South Conference Championships
Campbellsville University,541,200 Back,2,1:59.57,Domantas Petraitis,,Centre Invitational
Campbellsville University,541,200 Back,3,2:02.46,Luis Castro,,Mid-South Conference Championships
Campbellsville University,541,200 Back,4,2:03.48,Kyle Kleinhans,,Centre Invitational
Campbellsville University,541,200 Back,5,2:05.13,Kirkland May,,Centre Invitational
Campbellsville University,541,200 Back,6,2:15.69,Ryan Wolfe,,Centre Invitational
Campbellsville University,541,200 Back,7,2:16.05,Adam Peeden,,Centre Invitational
Campbellsville University,541,200 Breast,1,2:12.37,Bikash Kumal,,Mid-South Conference Championships
Campbellsville University,541,200 Breast,2,2:36.39,Garrett Schmidt,,Mid-South Conference Championships
Campbellsville University,541,200 Breast,3,2:36.76,Kase Moore,,Mid-South Conference Championships
Campbellsville University,541,200 Free,1,1:42.77,Adrien Cantemerle,,Centre Invitational
Campbellsville University,541,200 Free,2,1:46.24,Luis Castro,,Centre Invitational
Campbellsville University,541,200 Free,3,1:46.86,Andreu Jaen Serra,,Centre Invitational
Campbellsville University,541,200 Free,4,1:49.15,Jacob Isacson,,Centre Invitational
Campbellsville University,541,200 Free,5,1:50.67,Kyle Kleinhans,,Highway 55 Last Chance Invitational
Campbellsville University,541,200 Free,6,1:51.67,Kirkland May,,Mid-South Conference Championships
Campbellsville University,541,200 Free,7,1:55.03,Lucca Motta,,Centre Invitational
Campbellsville University,541,200 Free,8,2:04.29,Martin Venegas,,13th Annual Fall Frenzy
Campbellsville University,541,200 Free,9,2:06.40,Ryan Wolfe,,Lindsey Wilson vs. Campbellsville
Campbellsville University,541,200 Im,1,2:01.17,Jacob Isacson,,Centre Invitational
Campbellsville University,541,200 Im,2,2:07.73,Luis Castro,,Centre vs. Midway vs. Campbellsville
Campbellsville University,541,200 Im,3,2:10.80,Andreu Jaen Serra,,Campbellsville vs. IWU
Campbellsville University,541,200 Im,4,2:11.51,Kyle Kleinhans,,Colonel Classic
Campbellsville University,541,200 Im,5,2:24.43,Adam Peeden,,Campbellsville vs. UTS 2025
Campbellsville University,541,400 Im,1,4:23.76,Andreu Jaen Serra,,Mid-South Conference Championships
Campbellsville University,541,50 Free,1,22.34,Bikash Kumal,,Mid-South Conference Championships
Campbellsville University,541,50 Free,2,22.48,Adrien Cantemerle,,Centre Invitational
Campbellsville University,541,50 Free,3,22.62,Kirkland May,,Mid-South Conference Championships
Campbellsville University,541,50 Free,4,22.74,Martin Venegas,,Asbury vs. Campbellsville
Campbellsville University,541,50 Free,5,22.87,Kyle Kleinhans,,Centre Invitational
Campbellsville University,541,50 Free,6,22.98,Domantas Petraitis,,Centre Invitational
Campbellsville University,541,50 Free,7,23.11,Luis Castro,,Centre Invitational
Campbellsville University,541,50 Free,8,23.17,Lucca Motta,,Centre Invitational
Campbellsville University,541,50 Free,9,23.72,Jacob Isacson,,Colonel Classic
Campbellsville University,541,50 Free,10,24.11,Adam Peeden,,Centre Invitational
Campbellsville University,541,500 Free,1,4:43.02,Andreu Jaen Serra,,Mid-South Conference Championships
Campbellsville University,541,500 Free,2,4:43.82,Adrien Cantemerle,,Mid-South Conference Championships
Campbellsville University,541,500 Free,3,4:47.95,Luis Castro,,Mid-South Conference Championships
Campbellsville University,541,500 Free,4,5:28.44,Ryan Wolfe,,Centre Invitational
Campbellsville University,541,500 Free,5,5:28.56,Kirkland May,,Asbury vs. Campbellsville
Campbellsville University,541,500 Free,6,5:44.10,Lucca Motta,,Campbellsville vs. UTS 2025
Campbellsville University,541,500 Free,7,6:17.88,Kase Moore,,Asbury vs. Campbellsville
College of Idaho,365,100 Back,1,57.04,Matti Eikenes,,Pacific Collegiate Swim Conference Championships
College of Idaho,365,100 Back,2,59.41,Karl Yount,,UCSC Slug Shootout
College of Idaho,365,100 Back,3,1:15.00,Nolan Geffros,,College of Idaho vs. University of Idaho
College of Idaho,365,100 Breast,1,55.53,Cahill Robinson,,NAIA National Championships
College of Idaho,365,100 Breast,2,56.48,Alec Rodriguez Stiff,,Pacific Collegiate Swim Conference Championships
College of Idaho,365,100 Breast,3,1:00.81,Sam Cortes,,Logger Invitational
College of Idaho,365,100 Breast,4,1:03.76,Jace Zemlicka,,College of Idaho vs. University of Idaho
College of Idaho,365,100 Fly,1,52.99,Jace Zemlicka,,Logger Invitational
College of Idaho,365,100 Fly,2,53.23,Karl Yount,,Pacific Collegiate Swim Conference Championships
College of Idaho,365,100 Fly,3,58.17,Caden LaRue,,Logger Invitational
College of Idaho,365,100 Fly,4,1:02.58,Brenden Wilson,,UCSC Slug Shootout
College of Idaho,365,100 Fly,5,1:05.00,Nolan Geffros,,College of Idaho vs. University of Idaho
College of Idaho,365,100 Free,1,47.47,Karl Yount,,Pacific Collegiate Swim Conference Championships
College of Idaho,365,100 Free,2,47.57,Matti Eikenes,,Logger Invitational
College of Idaho,365,100 Free,3,48.43,Sam Cortes,,Pacific Collegiate Swim Conference Championships
College of Idaho,365,100 Free,4,51.01,Cahill Robinson,,UCSC Slug Shootout
College of Idaho,365,100 Free,5,51.02,Caden LaRue,,George Fox vs. College of Idaho
College of Idaho,365,100 Free,6,51.25,Alec Rodriguez Stiff,,NW Collegiate Invitational
College of Idaho,365,1000 Free,1,10:07.27,Jace Zemlicka,,Logger Invitational
College of Idaho,365,1650 Free,1,16:42.59,Jace Zemlicka,,Logger Invitational
College of Idaho,365,200 Back,1,2:14.20,Matti Eikenes,,UCSC Slug Shootout
College of Idaho,365,200 Breast,1,2:05.12,Cahill Robinson,,NAIA National Championships
College of Idaho,365,200 Breast,2,2:08.76,Alec Rodriguez Stiff,,Pacific Collegiate Swim Conference Championships
College of Idaho,365,200 Breast,3,2:19.13,Sam Cortes,,George Fox vs. College of Idaho
College of Idaho,365,200 Fly,1,2:04.12,Cahill Robinson,,George Fox vs. College of Idaho
College of Idaho,365,200 Fly,2,2:09.26,Jace Zemlicka,,UCSC Slug Shootout
College of Idaho,365,200 Fly,3,2:31.82,Nolan Geffros,,UCSC Slug Shootout
College of Idaho,365,200 Free,1,1:46.90,Karl Yount,,Pacific Collegiate Swim Conference Championships
College of Idaho,365,200 Free,2,1:46.97,Jace Zemlicka,,Pacific Collegiate Swim Conference Championships
College of Idaho,365,200 Free,3,1:47.78,Sam Cortes,,Pacific Collegiate Swim Conference Championships
College of Idaho,365,200 Free,4,1:59.24,Matti Eikenes,,College of Idaho vs. University of Idaho
College of Idaho,365,200 Free,5,2:04.91,Alec Rodriguez Stiff,,College of Idaho vs. University of Idaho
College of Idaho,365,200 Im,1,1:55.85,Cahill Robinson,,NAIA National Championships
College of Idaho,365,200 Im,2,2:07.07,Alec Rodriguez Stiff,,Great Southwest Athletic Conference Championship
College of Idaho,365,200 Im,3,2:16.98,Matti Eikenes,,George Fox vs. College of Idaho
College of Idaho,365,200 Im,4,2:28.32,Nolan Geffros,,UCSC Slug Shootout
College of Idaho,365,50 Free,1,21.30,Matti Eikenes,,Pacific Collegiate Swim Conference Championships
College of Idaho,365,50 Free,2,21.86,Karl Yount,,Pacific Collegiate Swim Conference Championships
College of Idaho,365,50 Free,3,22.34,Sam Cortes,,Pacific Collegiate Swim Conference Championships
College of Idaho,365,50 Free,4,22.54,Alec Rodriguez Stiff,,Logger Invitational
College of Idaho,365,50 Free,5,22.56,Jace Zemlicka,,Pacific Collegiate Swim Conference Championships
College of Idaho,365,50 Free,6,22.90,Cahill Robinson,,George Fox vs. College of Idaho
College of Idaho,365,50 Free,7,23.09,Caden LaRue,,Logger Invitational
College of Idaho,365,50 Free,8,26.57,Nolan Geffros,,UCSC Slug Shootout
College of Idaho,365,500 Free,1,4:47.71,Jace Zemlicka,,Pacific Collegiate Swim Conference Championships
College of Idaho,365,500 Free,2,4:54.27,Sam Cortes,,Logger Invitational
Columbia College (SC),10004938,100 Back,1,52.77,Connor Lommerse,,Appalachian Athletic Conference Championships
Columbia College (SC),10004938,100 Back,2,1:11.17,Wyatt Krashner,,2025 Piedmont v. Brenau v. CC
Columbia College (SC),10004938,100 Back,3,1:11.48,Stefan Merkel,,Keydet Invitational
Columbia College (SC),10004938,100 Breast,1,1:14.97,Thomas Remely,,Keydet Invitational
Columbia College (SC),10004938,100 Breast,2,1:21.76,Stefan Merkel,,2025 Piedmont v. Brenau v. CC
Columbia College (SC),10004938,100 Breast,3,1:23.44,Greyson Bryan,,Keydet Invitational
Columbia College (SC),10004938,100 Fly,1,55.32,Connor Lommerse,,Appalachian Athletic Conference Championships
Columbia College (SC),10004938,100 Fly,2,1:00.39,Deon Ellisor,,Keydet Invitational
Columbia College (SC),10004938,100 Fly,3,1:01.36,ZaShawn Barr,,Appalachian Athletic Conference Championships
Columbia College (SC),10004938,100 Fly,4,1:02.53,Wyatt Krashner,,Keydet Invitational
Columbia College (SC),10004938,100 Fly,5,1:02.90,Noah Jackson,,Appalachian Athletic Conference Championships
Columbia College (SC),10004938,100 Free,1,50.15,Connor Lommerse,,Appalachian Athletic Conference Championships
Columbia College (SC),10004938,100 Free,2,52.93,Deon Ellisor,,Keydet Invitational
Columbia College (SC),10004938,100 Free,3,56.37,Stefan Merkel,,Keydet Invitational
Columbia College (SC),10004938,100 Free,4,57.65,Greyson Bryan,,Appalachian Athletic Conference Championships
Columbia College (SC),10004938,100 Free,5,59.30,Noah Jackson,,Keydet Invitational
Columbia College (SC),10004938,100 Free,6,1:00.79,Jamal Johnson,,Appalachian Athletic Conference Championships
Columbia College (SC),10004938,1000 Free,1,12:31.32,Wyatt Krashner,,"Greensboro vs CC, RC"
Columbia College (SC),10004938,1650 Free,1,18:50.19,Wyatt Krashner,,Appalachian Athletic Conference Championships
Columbia College (SC),10004938,200 Back,1,2:12.90,ZaShawn Barr,,Appalachian Athletic Conference Championships
Columbia College (SC),10004938,200 Breast,1,2:48.78,Thomas Remely,,Keydet Invitational
Columbia College (SC),10004938,200 Fly,1,2:33.13,Noah Jackson,,Keydet Invitational
Columbia College (SC),10004938,200 Free,1,1:56.21,ZaShawn Barr,,Appalachian Athletic Conference Championships
Columbia College (SC),10004938,200 Free,2,2:06.33,Wyatt Krashner,,Appalachian Athletic Conference Championships
Columbia College (SC),10004938,200 Free,3,2:08.38,Stefan Merkel,,Appalachian Athletic Conference Championships
Columbia College (SC),10004938,200 Free,4,2:11.05,Greyson Bryan,,Appalachian Athletic Conference Championships
Columbia College (SC),10004938,200 Free,5,2:15.65,Jamal Johnson,,Appalachian Athletic Conference Championships
Columbia College (SC),10004938,200 Im,1,2:12.74,ZaShawn Barr,,Appalachian Athletic Conference Championships
Columbia College (SC),10004938,50 Free,1,22.74,Connor Lommerse,,Appalachian Athletic Conference Championships
Columbia College (SC),10004938,50 Free,2,24.00,Deon Ellisor,,Keydet Invitational
Columbia College (SC),10004938,50 Free,3,25.49,Stefan Merkel,,Appalachian Athletic Conference Championships
Columbia College (SC),10004938,50 Free,4,26.19,Greyson Bryan,,Appalachian Athletic Conference Championships
Columbia College (SC),10004938,50 Free,5,26.34,Noah Jackson,,Appalachian Athletic Conference Championships
Columbia College (SC),10004938,50 Free,6,27.20,Wyatt Krashner,,Keydet Invitational
Columbia College (SC),10004938,50 Free,7,27.27,Thomas Remely,,Appalachian Athletic Conference Championships
Columbia College (SC),10004938,50 Free,8,28.88,Jamal Johnson,,Appalachian Athletic Conference Championships
Columbia College (SC),10004938,500 Free,1,5:39.75,Wyatt Krashner,,Keydet Invitational
Columbia College (SC),10004938,500 Free,2,6:13.69,Jamal Johnson,,Appalachian Athletic Conference Championships
Dordt University,10037824,100 Back,1,54.09,Marcus Seifert,,Augie Winter Invitational
Dordt University,10037824,100 Back,2,58.25,Micah Vande Vegte,,2026 Grinnell Invite
Dordt University,10037824,100 Back,3,58.98,Landon Thigpen,,Augie Winter Invitational
Dordt University,10037824,100 Breast,1,56.46,Pedro Henrique Brandao,,NAIA National Championships
Dordt University,10037824,100 Breast,2,1:05.80,Landon Thigpen,,Kansas Collegiate Athletic Conference Championships
Dordt University,10037824,100 Breast,3,1:08.47,Joao Rodrigues Goncalves,,Augie Winter Invitational
Dordt University,10037824,100 Breast,4,1:10.16,Carter Taylor,,Kansas Collegiate Athletic Conference Championships
Dordt University,10037824,100 Breast,5,1:15.33,Paul Roscoe,,Kansas Collegiate Athletic Conference Championships
Dordt University,10037824,100 Fly,1,51.84,Marcus Seifert,,Augie Winter Invitational
Dordt University,10037824,100 Fly,2,56.80,Sam McIntyre,,Augie Winter Invitational
Dordt University,10037824,100 Fly,3,57.54,Micah Vande Vegte,,Augie Winter Invitational
Dordt University,10037824,100 Fly,4,59.40,Alec Oosterhuis,,Augie Winter Invitational
Dordt University,10037824,100 Fly,5,1:00.98,Landon Thigpen,,2026 Grinnell Invite
Dordt University,10037824,100 Free,1,46.31,Marcus Seifert,,Kansas Collegiate Athletic Conference Championships
Dordt University,10037824,100 Free,2,47.33,Micah Vande Vegte,,Kansas Collegiate Athletic Conference Championships
Dordt University,10037824,100 Free,3,49.65,Pedro Henrique Brandao,,Augie Winter Invitational
Dordt University,10037824,100 Free,4,51.08,Micah Moore,,Augie Winter Invitational
Dordt University,10037824,100 Free,5,51.78,Carter Taylor,,Kansas Collegiate Athletic Conference Championships
Dordt University,10037824,100 Free,6,52.08,Joao Rodrigues Goncalves,,Augie Winter Invitational
Dordt University,10037824,100 Free,7,54.12,Alec Oosterhuis,,GPAC Invitational
Dordt University,10037824,100 Free,8,54.41,Paul Roscoe,,Kansas Collegiate Athletic Conference Championships
Dordt University,10037824,100 Free,9,54.78,Sam McIntyre,,Augie Winter Invitational
Dordt University,10037824,1000 Free,1,10:54.22,Micah Moore,,Morningside vs Dordt
Dordt University,10037824,1650 Free,1,18:33.59,Micah Moore,,Augie Winter Invitational
Dordt University,10037824,200 Breast,1,2:04.38,Pedro Henrique Brandao,,Kansas Collegiate Athletic Conference Championships
Dordt University,10037824,200 Breast,2,2:25.65,Landon Thigpen,,Augie Winter Invitational
Dordt University,10037824,200 Fly,1,2:13.93,Sam McIntyre,,Kansas Collegiate Athletic Conference Championships
Dordt University,10037824,200 Fly,2,2:26.11,Alec Oosterhuis,,Augie Winter Invitational
Dordt University,10037824,200 Free,1,1:45.03,Micah Vande Vegte,,Kansas Collegiate Athletic Conference Championships
Dordt University,10037824,200 Free,2,1:53.56,Micah Moore,,GPAC Invitational
Dordt University,10037824,200 Free,3,1:59.75,Alec Oosterhuis,,Augie Winter Invitational
Dordt University,10037824,200 Free,4,2:00.23,Sam McIntyre,,Augie Winter Invitational
Dordt University,10037824,200 Free,5,2:10.43,Carter Taylor,,Morningside vs Dordt
Dordt University,10037824,200 Free,6,2:13.35,Joao Rodrigues Goncalves,,Morningside vs Dordt
Dordt University,10037824,200 Im,1,2:00.94,Pedro Henrique Brandao,,Kansas Collegiate Athletic Conference Championships
Dordt University,10037824,200 Im,2,2:07.31,Landon Thigpen,,Kansas Collegiate Athletic Conference Championships
Dordt University,10037824,200 Im,3,2:16.10,Micah Moore,,Morningside vs Dordt
Dordt University,10037824,50 Free,1,20.87,Marcus Seifert,,Kansas Collegiate Athletic Conference Championships
Dordt University,10037824,50 Free,2,21.68,Micah Vande Vegte,,Kansas Collegiate Athletic Conference Championships
Dordt University,10037824,50 Free,3,22.72,Carter Taylor,,Kansas Collegiate Athletic Conference Championships
Dordt University,10037824,50 Free,4,22.95,Pedro Henrique Brandao,,Augie Winter Invitational
Dordt University,10037824,50 Free,5,23.21,Alec Oosterhuis,,Augie Winter Invitational
Dordt University,10037824,50 Free,6,23.22,Joao Rodrigues Goncalves,,Augie Winter Invitational
Dordt University,10037824,50 Free,7,24.05,Paul Roscoe,,Kansas Collegiate Athletic Conference Championships
Dordt University,10037824,50 Free,8,24.12,Sam McIntyre,,Augie Winter Invitational
Dordt University,10037824,50 Free,9,24.40,Micah Moore,,Augie Winter Invitational
Dordt University,10037824,50 Free,10,25.13,Landon Thigpen,,2026 Grinnell Invite
Dordt University,10037824,500 Free,1,5:10.01,Micah Moore,,Augie Winter Invitational
Dordt University,10037824,500 Free,2,5:18.95,Marcus Seifert,,2026 Grinnell Invite
Indiana Wesleyan University,10009088,100 Back,1,54.08,Dawson Lynch,,Mid-South Conference Championships
Indiana Wesleyan University,10009088,100 Back,2,57.00,Cole Hively,,Mid-South Conference Championships
Indiana Wesleyan University,10009088,100 Back,3,57.80,Gavin Barnes,,Indiana Wesleyan vs. Midway
Indiana Wesleyan University,10009088,100 Back,4,57.89,FABRIZZIO SANDOVAL,,Calvin Winter Invitational
Indiana Wesleyan University,10009088,100 Back,5,58.43,David Marc Beatty,,13th Annual Fall Frenzy
Indiana Wesleyan University,10009088,100 Back,6,1:01.88,Nate Kryder,,13th Annual Fall Frenzy
Indiana Wesleyan University,10009088,100 Back,7,1:05.30,Ben Rosser,,Colonel Classic
Indiana Wesleyan University,10009088,100 Back,8,1:06.58,Austin Moore,,Mid-South Conference Championships
Indiana Wesleyan University,10009088,100 Back,9,1:08.51,William Lashure,,Colonel Classic
Indiana Wesleyan University,10009088,100 Breast,1,58.72,Xander Ankney,,Mid-South Conference Championships
Indiana Wesleyan University,10009088,100 Breast,2,58.75,Hudson Vonk,,Mid-South Conference Championships
Indiana Wesleyan University,10009088,100 Breast,3,59.90,Elijah Brown,,Mid-South Conference Championships
Indiana Wesleyan University,10009088,100 Breast,4,1:03.31,Grayson Wells,,"Bethel vs. Anderson, Indiana Wesleyan"
Indiana Wesleyan University,10009088,100 Breast,5,1:04.70,Gavin Barnes,,Dan Ross Invitational
Indiana Wesleyan University,10009088,100 Breast,6,1:04.92,William Lashure,,Mid-South Conference Championships
Indiana Wesleyan University,10009088,100 Breast,7,1:14.68,Kamron Freese,,Shawnee St @ IWU
Indiana Wesleyan University,10009088,100 Fly,1,54.35,Gavin Barnes,,Mid-South Conference Championships
Indiana Wesleyan University,10009088,100 Fly,2,54.94,Dawson Lynch,,Calvin Winter Invitational
Indiana Wesleyan University,10009088,100 Fly,3,55.43,Nate Kryder,,Mid-South Conference Championships
Indiana Wesleyan University,10009088,100 Fly,4,56.17,Drew Hatfield,,Mid-South Conference Championships
Indiana Wesleyan University,10009088,100 Fly,5,56.90,Hudson Vonk,,"Bethel vs. Anderson, Indiana Wesleyan"
Indiana Wesleyan University,10009088,100 Fly,6,57.36,Grayson Wells,,Mid-South Conference Championships
Indiana Wesleyan University,10009088,100 Fly,7,57.38,Xander Ankney,,Colonel Classic
Indiana Wesleyan University,10009088,100 Fly,8,1:02.38,FABRIZZIO SANDOVAL,,Colonel Classic
Indiana Wesleyan University,10009088,100 Fly,9,1:06.95,Wilson Robling,,Dan Ross Invitational
Indiana Wesleyan University,10009088,100 Fly,10,1:09.54,Kamron Freese,,Indiana Wesleyan vs. Midway
Indiana Wesleyan University,10009088,100 Free,1,45.34,David Marc Beatty,,Mid-South Conference Championships
Indiana Wesleyan University,10009088,100 Free,2,48.80,Hudson Vonk,,Mid-South Conference Championships
Indiana Wesleyan University,10009088,100 Free,3,50.11,Elijah Zaugg,,Mid-South Conference Championships
Indiana Wesleyan University,10009088,100 Free,4,51.15,Gavin Barnes,,Calvin Winter Invitational
Indiana Wesleyan University,10009088,100 Free,5,51.87,Alex Carnevale,,Mid-South Conference Championships
Indiana Wesleyan University,10009088,100 Free,6,52.82,Dawson Lynch,,Colonel Classic
Indiana Wesleyan University,10009088,100 Free,7,53.55,Elijah Brown,,Dan Ross Invitational
Indiana Wesleyan University,10009088,100 Free,8,53.90,Cole Hively,,Indiana Wesleyan vs. Midway
Indiana Wesleyan University,10009088,100 Free,9,54.17,Nate Kryder,,Dan Ross Invitational
Indiana Wesleyan University,10009088,100 Free,10,54.28,Grayson Wells,,Indiana Wesleyan vs. Midway
Indiana Wesleyan University,10009088,1000 Free,1,10:26.94,Grayson Wells,,Mid-South Conference Championships
Indiana Wesleyan University,10009088,1000 Free,2,10:38.39,Elijah Brown,,Mid-South Conference Championships
Indiana Wesleyan University,10009088,1000 Free,3,11:14.18,David Marc Beatty,,Midway vs. Shawnee State vs. Indiana Wesleyan
Indiana Wesleyan University,10009088,1000 Free,4,11:33.46,Xander Ankney,,Colonel Classic
Indiana Wesleyan University,10009088,1000 Free,5,11:47.57,Gavin Barnes,,13th Annual Fall Frenzy
Indiana Wesleyan University,10009088,1000 Free,6,11:48.25,Wilson Robling,,Indiana Wesleyan vs. Midway
Indiana Wesleyan University,10009088,1000 Free,7,12:38.49,Kamron Freese,,"Hillsdale vs. Aquinas, IWU"
Indiana Wesleyan University,10009088,1000 Free,8,12:49.33,William Lashure,,Shawnee St @ IWU
Indiana Wesleyan University,10009088,1650 Free,1,17:19.11,Grayson Wells,,Mid-South Conference Championships
Indiana Wesleyan University,10009088,1650 Free,2,17:46.89,Elijah Brown,,Mid-South Conference Championships
Indiana Wesleyan University,10009088,1650 Free,3,18:35.42,David Marc Beatty,,Midway vs. Shawnee State vs. Indiana Wesleyan
Indiana Wesleyan University,10009088,1650 Free,4,19:03.74,Xander Ankney,,Colonel Classic
Indiana Wesleyan University,10009088,1650 Free,5,19:43.09,Wilson Robling,,Calvin Winter Invitational
Indiana Wesleyan University,10009088,1650 Free,6,19:43.61,Gavin Barnes,,13th Annual Fall Frenzy
Indiana Wesleyan University,10009088,200 Back,1,1:57.10,Dawson Lynch,,Mid-South Conference Championships
Indiana Wesleyan University,10009088,200 Back,2,2:05.23,Cole Hively,,Mid-South Conference Championships
Indiana Wesleyan University,10009088,200 Back,3,2:06.72,Hudson Vonk,,Colonel Classic
Indiana Wesleyan University,10009088,200 Back,4,2:06.80,FABRIZZIO SANDOVAL,,Calvin Winter Invitational
Indiana Wesleyan University,10009088,200 Breast,1,2:07.82,Hudson Vonk,,Mid-South Conference Championships
Indiana Wesleyan University,10009088,200 Breast,2,2:12.37,Xander Ankney,,Mid-South Conference Championships
Indiana Wesleyan University,10009088,200 Breast,3,2:14.40,Grayson Wells,,Calvin Winter Invitational
Indiana Wesleyan University,10009088,200 Breast,4,2:24.33,Elijah Brown,,Colonel Classic
Indiana Wesleyan University,10009088,200 Breast,5,2:25.96,William Lashure,,Mid-South Conference Championships
Indiana Wesleyan University,10009088,200 Fly,1,2:02.16,Gavin Barnes,,Mid-South Conference Championships
Indiana Wesleyan University,10009088,200 Fly,2,2:02.33,Nate Kryder,,Calvin Winter Invitational
Indiana Wesleyan University,10009088,200 Fly,3,2:04.23,Drew Hatfield,,Mid-South Conference Championships
Indiana Wesleyan University,10009088,200 Fly,4,2:19.60,Grayson Wells,,"Hillsdale vs. Aquinas, IWU"
Indiana Wesleyan University,10009088,200 Fly,5,2:35.26,Kamron Freese,,Calvin Winter Invitational
Indiana Wesleyan University,10009088,200 Free,1,1:40.28,David Marc Beatty,,Mid-South Conference Championships
Indiana Wesleyan University,10009088,200 Free,2,1:51.71,FABRIZZIO SANDOVAL,,Mid-South Conference Championships
Indiana Wesleyan University,10009088,200 Free,3,1:52.15,Xander Ankney,,Mid-South Conference Championships
Indiana Wesleyan University,10009088,200 Free,4,1:54.38,Hudson Vonk,,Colonel Classic
Indiana Wesleyan University,10009088,200 Free,5,1:54.51,Elijah Zaugg,,Mid-South Conference Championships
Indiana Wesleyan University,10009088,200 Free,6,1:54.56,Grayson Wells,,Calvin Winter Invitational
Indiana Wesleyan University,10009088,200 Free,7,1:58.22,Nate Kryder,,Indiana Wesleyan vs. Midway
Indiana Wesleyan University,10009088,200 Free,8,1:58.92,Alex Carnevale,,Mid-South Conference Championships
Indiana Wesleyan University,10009088,200 Free,9,2:00.03,Elijah Brown,,Campbellsville vs. IWU
Indiana Wesleyan University,10009088,200 Free,10,2:01.73,Ben Rosser,,Mid-South Conference Championships
Indiana Wesleyan University,10009088,200 Im,1,1:58.26,Hudson Vonk,,Mid-South Conference Championships
Indiana Wesleyan University,10009088,200 Im,2,1:59.89,Gavin Barnes,,Mid-South Conference Championships
Indiana Wesleyan University,10009088,200 Im,3,2:00.38,Grayson Wells,,Mid-South Conference Championships
Indiana Wesleyan University,10009088,200 Im,4,2:07.81,FABRIZZIO SANDOVAL,,Calvin Winter Invitational
Indiana Wesleyan University,10009088,200 Im,5,2:08.38,Xander Ankney,,Colonel Classic
Indiana Wesleyan University,10009088,200 Im,6,2:10.41,Elijah Brown,,Colonel Classic
Indiana Wesleyan University,10009088,200 Im,7,2:12.38,Dawson Lynch,,13th Annual Fall Frenzy
Indiana Wesleyan University,10009088,200 Im,8,2:13.01,Drew Hatfield,,Mid-South Conference Championships
Indiana Wesleyan University,10009088,200 Im,9,2:29.30,William Lashure,,13th Annual Fall Frenzy
Indiana Wesleyan University,10009088,400 Im,1,4:17.52,Grayson Wells,,Mid-South Conference Championships
Indiana Wesleyan University,10009088,400 Im,2,4:46.05,FABRIZZIO SANDOVAL,,13th Annual Fall Frenzy
Indiana Wesleyan University,10009088,400 Im,3,5:34.22,Kamron Freese,,Shawnee St @ IWU
Indiana Wesleyan University,10009088,50 Free,1,21.26,David Marc Beatty,,NAIA National Championships
Indiana Wesleyan University,10009088,50 Free,2,22.48,Hudson Vonk,,Mid-South Conference Championships
Indiana Wesleyan University,10009088,50 Free,3,22.55,Xander Ankney,,Mid-South Conference Championships
Indiana Wesleyan University,10009088,50 Free,4,22.76,Alex Carnevale,,Calvin Winter Invitational
Indiana Wesleyan University,10009088,50 Free,5,22.80,Elijah Zaugg,,Calvin Winter Invitational
Indiana Wesleyan University,10009088,50 Free,6,23.38,Dawson Lynch,,"Bethel vs. Anderson, Indiana Wesleyan"
Indiana Wesleyan University,10009088,50 Free,7,23.45,Elijah Brown,,Calvin Winter Invitational
Indiana Wesleyan University,10009088,50 Free,8,23.58,FABRIZZIO SANDOVAL,,Calvin Winter Invitational
Indiana Wesleyan University,10009088,50 Free,9,23.59,Cole Hively,,Mid-South Conference Championships
Indiana Wesleyan University,10009088,50 Free,10,23.93,Nate Kryder,,Calvin Winter Invitational
Indiana Wesleyan University,10009088,500 Free,1,5:00.42,Elijah Brown,,Calvin Winter Invitational
Indiana Wesleyan University,10009088,500 Free,2,5:26.39,Ben Rosser,,Mid-South Conference Championships
Indiana Wesleyan University,10009088,500 Free,3,5:32.42,Elijah Zaugg,,Shawnee St @ IWU
Indiana Wesleyan University,10009088,500 Free,4,5:32.90,Kamron Freese,,Calvin Winter Invitational
Indiana Wesleyan University,10009088,500 Free,5,5:37.72,Wilson Robling,,Calvin Winter Invitational
Indiana Wesleyan University,10009088,500 Free,6,5:49.50,William Lashure,,Mid-South Conference Championships
Keiser University,339,100 Back,1,45.65,Isaiah Aleksenko,,Zippy Invitational
Keiser University,339,100 Back,2,47.66,Jet Fuhrmann,,Zippy Invitational
Keiser University,339,100 Back,3,48.52,Marcel Setlak,,NAIA National Championships
Keiser University,339,100 Back,4,48.59,Nicklas Pedersen,,Zippy Invitational
Keiser University,339,100 Back,5,52.12,Alex Menzel,,Zippy Invitational
Keiser University,339,100 Back,6,52.19,Yaron Mantin,,Zippy Invitational
Keiser University,339,100 Back,7,54.16,Jordan Pishko,,Ave Maria Last Chance Invite
Keiser University,339,100 Breast,1,52.18,Noel de Geus,,NAIA National Championships
Keiser University,339,100 Breast,2,56.14,Jet Fuhrmann,,Zippy Invitational
Keiser University,339,100 Breast,3,57.32,Austin Ackerman,,Zippy Invitational
Keiser University,339,100 Breast,4,57.92,Artur Berezkin,,The Sun Conference Championships
Keiser University,339,100 Breast,5,59.07,Jordan Pishko,,The Sun Conference Championships
Keiser University,339,100 Fly,1,45.21,Isaiah Aleksenko,,NAIA National Championships
Keiser University,339,100 Fly,2,47.86,Dawid Malik,,NAIA National Championships
Keiser University,339,100 Fly,3,47.99,Noel de Geus,,Zippy Invitational
Keiser University,339,100 Fly,4,48.33,Jet Fuhrmann,,Zippy Invitational
Keiser University,339,100 Fly,5,48.77,Marcel Setlak,,NAIA National Championships
Keiser University,339,100 Fly,6,48.84,Hanno Boeckmann,,The Sun Conference Championships
Keiser University,339,100 Fly,7,49.66,Nicklas Pedersen,,Zippy Invitational
Keiser University,339,100 Fly,8,52.21,Jayce Masters,,Keiser V Nova
Keiser University,339,100 Fly,9,53.42,Alex Menzel,,NAIA National Championships
Keiser University,339,100 Fly,10,53.78,Artur Berezkin,,Keiser V Barry 12426
Keiser University,339,100 Free,1,42.98,Jet Fuhrmann,,Zippy Invitational
Keiser University,339,100 Free,2,43.59,Isaiah Aleksenko,,The Sun Conference Championships
Keiser University,339,100 Free,3,44.22,Dawid Malik,,NAIA National Championships
Keiser University,339,100 Free,4,44.34,Hanno Boeckmann,,NAIA National Championships
Keiser University,339,100 Free,5,44.90,Carlos Trinidad Sancho,,NAIA National Championships
Keiser University,339,100 Free,6,46.14,Noel de Geus,,The Sun Conference Championships
Keiser University,339,100 Free,7,46.17,Alex Menzel,,Zippy Invitational
Keiser University,339,100 Free,8,46.71,Marcel Setlak,,Keiser V Barry 12426
Keiser University,339,100 Free,9,46.97,Yaron Mantin,,Zippy Invitational
Keiser University,339,100 Free,10,47.45,Mustafa Sevenay,,Zippy Invitational
Keiser University,339,1000 Free,1,9:24.84,Jamarr Bruno,,NAIA National Championships
Keiser University,339,1000 Free,2,9:27.16,Alex Menzel,,NAIA National Championships
Keiser University,339,1000 Free,3,9:40.40,Gerard Labernia Oms,,NAIA National Championships
Keiser University,339,1000 Free,4,9:41.13,Jarod Bruno,,Florida Atlantic vs. Keiser
Keiser University,339,1000 Free,5,10:10.33,Jayce Masters,,Zippy Invitational
Keiser University,339,1000 Free,6,10:36.94,Yaron Mantin,,IRSC vs Keiser vs Ave Maria
Keiser University,339,1650 Free,1,15:40.28,Jamarr Bruno,,NAIA National Championships
Keiser University,339,1650 Free,2,15:43.84,Alex Menzel,,The Sun Conference Championships
Keiser University,339,1650 Free,3,16:01.89,Gerard Labernia Oms,,NAIA National Championships
Keiser University,339,1650 Free,4,16:09.36,Jarod Bruno,,NAIA National Championships
Keiser University,339,1650 Free,5,16:55.58,Yaron Mantin,,Keiser V Barry 12426
Keiser University,339,1650 Free,6,17:03.13,Jayce Masters,,Zippy Invitational
Keiser University,339,200 Back,1,1:45.17,Isaiah Aleksenko,,Zippy Invitational
Keiser University,339,200 Back,2,1:46.36,Marcel Setlak,,NAIA National Championships
Keiser University,339,200 Back,3,1:46.88,Nicklas Pedersen,,NAIA National Championships
Keiser University,339,200 Back,4,1:51.71,Yaron Mantin,,NAIA National Championships
Keiser University,339,200 Back,5,1:57.23,Alex Menzel,,Keiser V Nova
Keiser University,339,200 Back,6,1:58.58,Jordan Pishko,,IRSC vs Keiser vs Ave Maria
Keiser University,339,200 Breast,1,1:56.47,Noel de Geus,,NAIA National Championships
Keiser University,339,200 Breast,2,2:03.76,Artur Berezkin,,NAIA National Championships
Keiser University,339,200 Breast,3,2:09.92,Austin Ackerman,,Zippy Invitational
Keiser University,339,200 Breast,4,2:10.17,Jordan Pishko,,The Sun Conference Championships
Keiser University,339,200 Fly,1,1:43.37,Isaiah Aleksenko,,NAIA National Championships
Keiser University,339,200 Fly,2,1:50.66,Jayce Masters,,NAIA National Championships
Keiser University,339,200 Fly,3,1:57.00,Mustafa Sevenay,,The Sun Conference Championships
Keiser University,339,200 Fly,4,1:57.05,Nicklas Pedersen,,Tampa vs. Keiser
Keiser University,339,200 Fly,5,1:57.09,Jet Fuhrmann,,The Sun Conference Championships
Keiser University,339,200 Fly,6,1:57.46,Alex Menzel,,Keiser V Nova
Keiser University,339,200 Fly,7,1:57.56,Jarod Bruno,,Zippy Invitational
Keiser University,339,200 Fly,8,2:00.96,Dawid Malik,,Tampa vs. Keiser
Keiser University,339,200 Free,1,1:37.41,Isaiah Aleksenko,,Zippy Invitational
Keiser University,339,200 Free,2,1:37.98,Carlos Trinidad Sancho,,NAIA National Championships
Keiser University,339,200 Free,3,1:38.30,Hanno Boeckmann,,NAIA National Championships
Keiser University,339,200 Free,4,1:39.24,Yaron Mantin,,NAIA National Championships
Keiser University,339,200 Free,5,1:40.51,Gerard Labernia Oms,,NAIA National Championships
Keiser University,339,200 Free,6,1:40.69,Jet Fuhrmann,,The Sun Conference Championships
Keiser University,339,200 Free,7,1:40.74,Dawid Malik,,Zippy Invitational
Keiser University,339,200 Free,8,1:41.35,Alex Menzel,,IRSC vs Keiser vs Ave Maria
Keiser University,339,200 Free,9,1:42.34,Marcel Setlak,,Keiser V Barry 12426
Keiser University,339,200 Free,10,1:43.54,Mustafa Sevenay,,Ave Maria Last Chance Invite
Keiser University,339,200 Im,1,1:44.48,Isaiah Aleksenko,,NAIA National Championships
Keiser University,339,200 Im,2,1:51.98,Alex Menzel,,The Sun Conference Championships
Keiser University,339,200 Im,3,1:52.63,Jet Fuhrmann,,The Sun Conference Championships
Keiser University,339,200 Im,4,1:53.69,Nicklas Pedersen,,Zippy Invitational
Keiser University,339,200 Im,5,1:54.24,Artur Berezkin,,Zippy Invitational
Keiser University,339,200 Im,6,1:54.91,Noel de Geus,,IRSC vs Keiser vs Ave Maria
Keiser University,339,200 Im,7,1:55.40,Mustafa Sevenay,,Zippy Invitational
Keiser University,339,200 Im,8,1:59.58,Gerard Labernia Oms,,Keiser V Barry 12426
Keiser University,339,200 Im,9,2:01.29,Jordan Pishko,,Keiser V Nova
Keiser University,339,200 Im,10,2:02.62,Jayce Masters,,Keiser V Barry 12426
Keiser University,339,400 Im,1,3:55.77,Alex Menzel,,NAIA National Championships
Keiser University,339,400 Im,2,4:04.07,Jayce Masters,,The Sun Conference Championships
Keiser University,339,400 Im,3,4:09.44,Mustafa Sevenay,,Zippy Invitational
Keiser University,339,400 Im,4,4:09.89,Jarod Bruno,,Zippy Invitational
Keiser University,339,400 Im,5,4:11.29,Gerard Labernia Oms,,Zippy Invitational
Keiser University,339,400 Im,6,4:11.66,Artur Berezkin,,NAIA National Championships
Keiser University,339,400 Im,7,4:17.68,Jordan Pishko,,The Sun Conference Championships
Keiser University,339,400 Im,8,4:20.41,Jamarr Bruno,,The Sun Conference Championships
Keiser University,339,50 Free,1,19.69,Jet Fuhrmann,,Zippy Invitational
Keiser University,339,50 Free,2,19.73,Noel de Geus,,NAIA National Championships
Keiser University,339,50 Free,3,19.96,Hanno Boeckmann,,NAIA National Championships
Keiser University,339,50 Free,4,20.37,Dawid Malik,,NAIA National Championships
Keiser University,339,50 Free,5,20.85,Isaiah Aleksenko,,The Sun Conference Championships
Keiser University,339,50 Free,6,21.19,Carlos Trinidad Sancho,,Keiser V Barry 12426
Keiser University,339,50 Free,7,21.46,Alex Menzel,,Zippy Invitational
Keiser University,339,50 Free,8,21.78,Austin Ackerman,,Zippy Invitational
Keiser University,339,50 Free,9,21.79,Yaron Mantin,,Zippy Invitational
Keiser University,339,50 Free,10,22.07,Marcel Setlak,,Tampa vs. Keiser
Keiser University,339,500 Free,1,4:28.80,Alex Menzel,,NAIA National Championships
Keiser University,339,500 Free,2,4:31.05,Jamarr Bruno,,NAIA National Championships
Keiser University,339,500 Free,3,4:33.36,Gerard Labernia Oms,,NAIA National Championships
Keiser University,339,500 Free,4,4:36.22,Carlos Trinidad Sancho,,NAIA National Championships
Keiser University,339,500 Free,5,4:36.76,Yaron Mantin,,Zippy Invitational
Keiser University,339,500 Free,6,4:37.89,Jarod Bruno,,NAIA National Championships
Keiser University,339,500 Free,7,4:38.09,Marcel Setlak,,Zippy Invitational
Keiser University,339,500 Free,8,4:44.37,Jayce Masters,,NAIA National Championships
Keiser University,339,500 Free,9,4:47.32,Mustafa Sevenay,,The Sun Conference Championships
Keiser University,339,500 Free,10,4:52.54,Austin Ackerman,,The Sun Conference Championships
Life University,10004766,100 Back,1,50.02,Bence Meresz,,Small College Championship Cup
Life University,10004766,100 Back,2,50.99,Carl Bönnemark,,SCAD Last chance
Life University,10004766,100 Back,3,51.90,Leo Guleryuz,,Small College Championship Cup
Life University,10004766,100 Back,4,53.09,Raffaele Urtiola Rojas,,The Sun Conference Championships
Life University,10004766,100 Back,5,54.72,Xavier Trovesi,,Thomas vs. Life
Life University,10004766,100 Back,6,56.84,Pablo Serra Ventura,,Life vs. Thomas  Senior Day
Life University,10004766,100 Back,7,59.33,Matthew Mahony,,Loyola (LA) vs. Life
Life University,10004766,100 Back,8,1:06.12,Meindert Dekkinga,,Thomas vs. Life
Life University,10004766,100 Breast,1,53.76,Bence Meresz,,NAIA National Championships
Life University,10004766,100 Breast,2,55.30,Xavier Trovesi,,Small College Championship Cup
Life University,10004766,100 Breast,3,57.03,Max Oppermann,,The Sun Conference Championships
Life University,10004766,100 Breast,4,1:00.30,Matthew Duchon,,Small College Championship Cup
Life University,10004766,100 Breast,5,1:00.60,Matthew Mahony,,Small College Championship Cup
Life University,10004766,100 Breast,6,1:01.47,Darrell Bethune,,Small College Championship Cup
Life University,10004766,100 Breast,7,1:02.26,Jacob Copeland,,Small College Championship Cup
Life University,10004766,100 Breast,8,1:04.63,Leo Guleryuz,,Thomas vs. Life
Life University,10004766,100 Breast,9,1:13.19,Amir Mendes,,Small College Championship Cup
Life University,10004766,100 Fly,1,50.77,Carl Bönnemark,,Small College Championship Cup
Life University,10004766,100 Fly,2,50.82,Rasmus Petersen,,SCAD Last chance
Life University,10004766,100 Fly,3,52.19,Von Veasey,,Small College Championship Cup
Life University,10004766,100 Fly,4,52.26,Tyler Braly,,Small College Championship Cup
Life University,10004766,100 Fly,5,52.60,Xavier Trovesi,,NAIA National Championships
Life University,10004766,100 Fly,6,54.53,Leo Guleryuz,,Thomas vs. Life
Life University,10004766,100 Fly,7,54.69,Darrell Bethune,,The Sun Conference Championships
Life University,10004766,100 Fly,8,55.51,Holden Neace,,The Sun Conference Championships
Life University,10004766,100 Fly,9,56.08,Mate Dort,,Small College Championship Cup
Life University,10004766,100 Fly,10,56.41,Arthur Colombiano Silva,,AMU vs. Barry vs. Life vs. New College
Life University,10004766,100 Free,1,45.80,Leo Guleryuz,,Small College Championship Cup
Life University,10004766,100 Free,2,46.17,Arthur Colombiano Silva,,The Sun Conference Championships
Life University,10004766,100 Free,3,46.31,Bence Meresz,,Small College Championship Cup
Life University,10004766,100 Free,4,46.84,Xavier Trovesi,,The Sun Conference Championships
Life University,10004766,100 Free,5,46.86,Raffaele Urtiola Rojas,,NAIA National Championships
Life University,10004766,100 Free,6,47.05,Rasmus Petersen,,Small College Championship Cup
Life University,10004766,100 Free,7,48.15,Carl Bönnemark,,The Sun Conference Championships
Life University,10004766,100 Free,8,48.49,Von Veasey,,The Sun Conference Championships
Life University,10004766,100 Free,9,48.73,Matthew Mahony,,The Sun Conference Championships
Life University,10004766,100 Free,10,48.89,Jacob Copeland,,Small College Championship Cup
Life University,10004766,1000 Free,1,9:42.53,Raffaele Urtiola Rojas,,SCAD Last chance
Life University,10004766,1000 Free,2,9:48.73,Mate Dort,,Life vs. William Carey vs. Brenau
Life University,10004766,1000 Free,3,9:59.93,Roger Ranea Vila,,Small College Championship Cup
Life University,10004766,1000 Free,4,11:17.35,Meindert Dekkinga,,Life vs. William Carey vs. Brenau
Life University,10004766,1650 Free,1,16:11.77,Raffaele Urtiola Rojas,,SCAD Last chance
Life University,10004766,1650 Free,2,16:18.91,Mate Dort,,Small College Championship Cup
Life University,10004766,1650 Free,3,16:42.09,Roger Ranea Vila,,Small College Championship Cup
Life University,10004766,200 Back,1,1:59.04,Carl Bönnemark,,Loyola (LA) vs. Life
Life University,10004766,200 Back,2,2:01.15,Pablo Serra Ventura,,Life vs. William Carey vs. Brenau
Life University,10004766,200 Back,3,2:01.75,Raffaele Urtiola Rojas,,Life vs. Thomas  Senior Day
Life University,10004766,200 Back,4,2:06.61,Meindert Dekkinga,,Small College Championship Cup
Life University,10004766,200 Back,5,2:15.30,Matthew Mahony,,Life vs. Thomas  Senior Day
Life University,10004766,200 Breast,1,1:58.97,Xavier Trovesi,,NAIA National Championships
Life University,10004766,200 Breast,2,2:03.45,Max Oppermann,,SCAD Last chance
Life University,10004766,200 Breast,3,2:15.96,Matthew Duchon,,Small College Championship Cup
Life University,10004766,200 Fly,1,1:54.89,Tyler Braly,,The Sun Conference Championships
Life University,10004766,200 Fly,2,1:57.20,Mate Dort,,Life vs. Thomas  Senior Day
Life University,10004766,200 Fly,3,2:06.66,Carl Bönnemark,,Life vs. William Carey vs. Brenau
Life University,10004766,200 Fly,4,2:06.83,Holden Neace,,The Sun Conference Championships
Life University,10004766,200 Free,1,1:39.55,Raffaele Urtiola Rojas,,Small College Championship Cup
Life University,10004766,200 Free,2,1:41.90,Arthur Colombiano Silva,,The Sun Conference Championships
Life University,10004766,200 Free,3,1:46.67,Max Oppermann,,The Sun Conference Championships
Life University,10004766,200 Free,4,1:49.00,Mate Dort,,Life vs. Thomas  Senior Day
Life University,10004766,200 Free,5,1:49.59,Roger Ranea Vila,,Small College Championship Cup
Life University,10004766,200 Free,6,1:50.40,Rasmus Petersen,,Life vs. William Carey vs. Brenau
Life University,10004766,200 Free,7,1:54.49,Carl Bönnemark,,Thomas vs. Life
Life University,10004766,200 Free,8,1:55.59,Matthew Mahony,,SCAD vs. Life vs. Brenau
Life University,10004766,200 Free,9,1:56.23,Darrell Bethune,,Loyola (LA) vs. Life
Life University,10004766,200 Free,10,1:58.73,Tyler Braly,,Thomas vs. Life
Life University,10004766,200 Im,1,1:49.13,Xavier Trovesi,,NAIA National Championships
Life University,10004766,200 Im,2,1:56.61,Max Oppermann,,Small College Championship Cup
Life University,10004766,200 Im,3,1:57.75,Carl Bönnemark,,Small College Championship Cup
Life University,10004766,200 Im,4,2:02.76,Mate Dort,,The Sun Conference Championships
Life University,10004766,200 Im,5,2:02.84,Matthew Mahony,,The Sun Conference Championships
Life University,10004766,200 Im,6,2:04.96,Darrell Bethune,,The Sun Conference Championships
Life University,10004766,200 Im,7,2:05.64,Matthew Duchon,,The Sun Conference Championships
Life University,10004766,200 Im,8,2:12.37,Von Veasey,,Thomas vs. Life
Life University,10004766,200 Im,9,2:12.63,Holden Neace,,Small College Championship Cup
Life University,10004766,200 Im,10,2:33.14,Amir Mendes,,Small College Championship Cup
Life University,10004766,400 Im,1,3:52.17,Xavier Trovesi,,NAIA National Championships
Life University,10004766,400 Im,2,4:10.94,Mate Dort,,Small College Championship Cup
Life University,10004766,400 Im,3,4:44.02,Meindert Dekkinga,,Small College Championship Cup
Life University,10004766,50 Free,1,20.49,Leo Guleryuz,,NAIA National Championships
Life University,10004766,50 Free,2,20.89,Bence Meresz,,Small College Championship Cup
Life University,10004766,50 Free,3,21.86,Rasmus Petersen,,Small College Championship Cup
Life University,10004766,50 Free,4,21.86,Arthur Colombiano Silva,,The Sun Conference Championships
Life University,10004766,50 Free,5,21.96,Von Veasey,,Small College Championship Cup
Life University,10004766,50 Free,6,22.48,Jacob Copeland,,Small College Championship Cup
Life University,10004766,50 Free,7,22.53,Xavier Trovesi,,The Sun Conference Championships
Life University,10004766,50 Free,8,22.66,Carl Bönnemark,,The Sun Conference Championships
Life University,10004766,50 Free,9,22.93,Matthew Mahony,,The Sun Conference Championships
Life University,10004766,50 Free,10,23.28,Meindert Dekkinga,,Small College Championship Cup
Life University,10004766,500 Free,1,4:35.00,Raffaele Urtiola Rojas,,NAIA National Championships
Life University,10004766,500 Free,2,4:43.01,Mate Dort,,NAIA National Championships
Life University,10004766,500 Free,3,4:51.66,Roger Ranea Vila,,Thomas vs. Life
Life University,10004766,500 Free,4,4:56.61,Tyler Braly,,Small College Championship Cup
Life University,10004766,500 Free,5,5:09.40,Pablo Serra Ventura,,Life vs. Thomas  Senior Day
Life University,10004766,500 Free,6,5:13.77,Meindert Dekkinga,,Small College Championship Cup
Lindsey Wilson University,641,100 Back,1,51.46,Dario Soria,,Total Performance Invitational
Lindsey Wilson University,641,100 Back,2,52.74,Will Jackson,,Mid-South Conference Championships
Lindsey Wilson University,641,100 Back,3,53.00,Lorenz Hof,,Mid-South Conference Championships
Lindsey Wilson University,641,100 Back,4,54.12,Sirhaan Mia,,Mid-South Conference Championships
Lindsey Wilson University,641,100 Back,5,54.34,Cameron Johnson,,Total Performance Invitational
Lindsey Wilson University,641,100 Back,6,54.66,Jose Angel Rivas,,Lindsey Wilson vs. UT Southern
Lindsey Wilson University,641,100 Back,7,57.41,Oliver Greaves,,Highway 55 Last Chance Invitational
Lindsey Wilson University,641,100 Back,8,1:00.37,Adam Lamhiti,,Highway 55 Last Chance Invitational
Lindsey Wilson University,641,100 Back,9,1:00.38,Verik Wolfe,,Total Performance Invitational
Lindsey Wilson University,641,100 Back,10,1:13.39,Carson Caldwell,,"BU vs. LWU, HC, NCC"
Lindsey Wilson University,641,100 Breast,1,55.26,Clinton Eales,,NAIA National Championships
Lindsey Wilson University,641,100 Breast,2,55.86,Dan Spinola,,Total Performance Invitational
Lindsey Wilson University,641,100 Breast,3,56.40,Adam Lamhiti,,NAIA National Championships
Lindsey Wilson University,641,100 Breast,4,1:00.04,Santiago Maciel,,Mid-South Conference Championships
Lindsey Wilson University,641,100 Breast,5,1:02.43,Jose Angel Rivas,,"BU vs. LWU, HC, NCC"
Lindsey Wilson University,641,100 Breast,6,1:03.61,Ethan Butler,,Lindsey Wilson vs. Cumberlands
Lindsey Wilson University,641,100 Breast,7,1:03.97,Sergio Ybarra,,Lindsey Wilson vs. Cumberlands
Lindsey Wilson University,641,100 Breast,8,1:05.47,max van Schagen,,13th Annual Fall Frenzy
Lindsey Wilson University,641,100 Breast,9,1:08.62,Azahn Hicks,,Highway 55 Last Chance Invitational
Lindsey Wilson University,641,100 Fly,1,50.89,Sirhaan Mia,,Total Performance Invitational
Lindsey Wilson University,641,100 Fly,2,52.28,Jose Angel Rivas,,"BU vs. LWU, HC, NCC"
Lindsey Wilson University,641,100 Fly,3,53.25,Will Jackson,,Total Performance Invitational
Lindsey Wilson University,641,100 Fly,4,53.56,Sergio Ybarra,,Mid-South Conference Championships
Lindsey Wilson University,641,100 Fly,5,54.60,Dario Soria,,Lindsey Wilson vs. UT Southern
Lindsey Wilson University,641,100 Fly,6,54.62,Clinton Eales,,"BU vs. LWU, HC, NCC"
Lindsey Wilson University,641,100 Fly,7,54.75,Oliver Greaves,,Mid-South Conference Championships
Lindsey Wilson University,641,100 Fly,8,54.75,Ethan Butler,,Mid-South Conference Championships
Lindsey Wilson University,641,100 Fly,9,56.73,Verik Wolfe,,Mid-South Conference Championships
Lindsey Wilson University,641,100 Fly,10,57.33,Daniel Wytwer,,13th Annual Fall Frenzy
Lindsey Wilson University,641,100 Free,1,45.32,max van Schagen,,Total Performance Invitational
Lindsey Wilson University,641,100 Free,2,45.58,Lorenz Hof,,Mid-South Conference Championships
Lindsey Wilson University,641,100 Free,3,46.95,Will Jackson,,Mid-South Conference Championships
Lindsey Wilson University,641,100 Free,4,47.32,Clinton Eales,,Total Performance Invitational
Lindsey Wilson University,641,100 Free,5,47.47,Azahn Hicks,,Mid-South Conference Championships
Lindsey Wilson University,641,100 Free,6,48.22,Jose Angel Rivas,,Mid-South Conference Championships
Lindsey Wilson University,641,100 Free,7,49.24,Akram Nejjar,,13th Annual Fall Frenzy
Lindsey Wilson University,641,100 Free,8,50.30,Dario Soria,,Highway 55 Last Chance Invitational
Lindsey Wilson University,641,100 Free,9,50.85,Santiago Maciel,,Lindsey Wilson vs. Campbellsville
Lindsey Wilson University,641,100 Free,10,51.23,Oliver Greaves,,"BU vs. LWU, HC, NCC"
Lindsey Wilson University,641,1000 Free,1,9:24.33,Sergio Ybarra,,Mid-South Conference Championships
Lindsey Wilson University,641,1000 Free,2,9:31.08,Ethan Butler,,NAIA National Championships
Lindsey Wilson University,641,1000 Free,3,9:39.03,Oliver Greaves,,NAIA National Championships
Lindsey Wilson University,641,1000 Free,4,10:08.69,Akram Nejjar,,Total Performance Invitational
Lindsey Wilson University,641,1650 Free,1,15:31.77,Sergio Ybarra,,NAIA National Championships
Lindsey Wilson University,641,1650 Free,2,15:52.63,Ethan Butler,,NAIA National Championships
Lindsey Wilson University,641,1650 Free,3,16:02.94,Oliver Greaves,,NAIA National Championships
Lindsey Wilson University,641,1650 Free,4,16:50.64,Akram Nejjar,,Total Performance Invitational
Lindsey Wilson University,641,200 Back,1,1:53.16,Dario Soria,,Total Performance Invitational
Lindsey Wilson University,641,200 Back,2,2:00.82,Cameron Johnson,,Mid-South Conference Championships
Lindsey Wilson University,641,200 Back,3,2:01.80,Jose Angel Rivas,,Lindsey Wilson vs. UT Southern
Lindsey Wilson University,641,200 Back,4,2:09.97,Adam Lamhiti,,Lindsey Wilson vs. Campbellsville
Lindsey Wilson University,641,200 Breast,1,2:01.19,Clinton Eales,,NAIA National Championships
Lindsey Wilson University,641,200 Breast,2,2:02.13,Dan Spinola,,Total Performance Invitational
Lindsey Wilson University,641,200 Breast,3,2:03.41,Adam Lamhiti,,Total Performance Invitational
Lindsey Wilson University,641,200 Breast,4,2:11.35,Ethan Butler,,Total Performance Invitational
Lindsey Wilson University,641,200 Breast,5,2:13.69,Santiago Maciel,,Mid-South Conference Championships
Lindsey Wilson University,641,200 Breast,6,2:14.29,Jose Angel Rivas,,Lindsey Wilson vs. Cumberlands
Lindsey Wilson University,641,200 Fly,1,1:52.63,Dario Soria,,Total Performance Invitational
Lindsey Wilson University,641,200 Fly,2,1:53.56,Sergio Ybarra,,Total Performance Invitational
Lindsey Wilson University,641,200 Fly,3,1:53.67,Jose Angel Rivas,,Mid-South Conference Championships
Lindsey Wilson University,641,200 Fly,4,1:55.48,Sirhaan Mia,,Mid-South Conference Championships
Lindsey Wilson University,641,200 Fly,5,2:04.35,Verik Wolfe,,Mid-South Conference Championships
Lindsey Wilson University,641,200 Fly,6,2:10.65,Daniel Wytwer,,13th Annual Fall Frenzy
Lindsey Wilson University,641,200 Free,1,1:39.81,Lorenz Hof,,Mid-South Conference Championships
Lindsey Wilson University,641,200 Free,2,1:41.50,Sergio Ybarra,,NAIA National Championships
Lindsey Wilson University,641,200 Free,3,1:43.47,Akram Nejjar,,Mid-South Conference Championships
Lindsey Wilson University,641,200 Free,4,1:45.76,max van Schagen,,Mid-South Conference Championships
Lindsey Wilson University,641,200 Free,5,1:45.96,Ethan Butler,,Total Performance Invitational
Lindsey Wilson University,641,200 Free,6,1:46.28,Oliver Greaves,,Total Performance Invitational
Lindsey Wilson University,641,200 Free,7,1:46.88,Jose Angel Rivas,,Lindsey Wilson vs. Campbellsville
Lindsey Wilson University,641,200 Free,8,1:48.70,Clinton Eales,,"BU vs. LWU, HC, NCC"
Lindsey Wilson University,641,200 Free,9,1:50.68,Azahn Hicks,,Total Performance Invitational
Lindsey Wilson University,641,200 Free,10,1:51.73,Santiago Maciel,,Lindsey Wilson vs. Cumberlands
Lindsey Wilson University,641,200 Im,1,1:52.68,Jose Angel Rivas,,Mid-South Conference Championships
Lindsey Wilson University,641,200 Im,2,1:54.35,Dario Soria,,Total Performance Invitational
Lindsey Wilson University,641,200 Im,3,1:55.07,Adam Lamhiti,,NAIA National Championships
Lindsey Wilson University,641,200 Im,4,1:59.90,Santiago Maciel,,Mid-South Conference Championships
Lindsey Wilson University,641,200 Im,5,2:01.72,Dan Spinola,,Total Performance Invitational
Lindsey Wilson University,641,200 Im,6,2:04.66,Oliver Greaves,,Lindsey Wilson vs. Cumberlands
Lindsey Wilson University,641,200 Im,7,2:06.23,Ethan Butler,,Asbury vs. Lindsey Wilson
Lindsey Wilson University,641,200 Im,8,2:12.63,Sirhaan Mia,,Highway 55 Last Chance Invitational
Lindsey Wilson University,641,200 Im,9,2:29.35,Verik Wolfe,,Lindsey Wilson vs. Campbellsville
Lindsey Wilson University,641,400 Im,1,3:58.95,Sergio Ybarra,,Mid-South Conference Championships
Lindsey Wilson University,641,400 Im,2,4:04.95,Ethan Butler,,Total Performance Invitational
Lindsey Wilson University,641,400 Im,3,4:05.87,Oliver Greaves,,Mid-South Conference Championships
Lindsey Wilson University,641,400 Im,4,4:12.99,Jose Angel Rivas,,Mid-South Conference Championships
Lindsey Wilson University,641,400 Im,5,4:14.12,Adam Lamhiti,,Total Performance Invitational
Lindsey Wilson University,641,400 Im,6,4:22.45,Santiago Maciel,,Mid-South Conference Championships
Lindsey Wilson University,641,50 Free,1,20.68,max van Schagen,,Mid-South Conference Championships
Lindsey Wilson University,641,50 Free,2,20.98,Clinton Eales,,Mid-South Conference Championships
Lindsey Wilson University,641,50 Free,3,21.11,Azahn Hicks,,Mid-South Conference Championships
Lindsey Wilson University,641,50 Free,4,21.37,Lorenz Hof,,Mid-South Conference Championships
Lindsey Wilson University,641,50 Free,5,21.66,Will Jackson,,Total Performance Invitational
Lindsey Wilson University,641,50 Free,6,21.91,Sirhaan Mia,,Total Performance Invitational
Lindsey Wilson University,641,50 Free,7,22.37,Jose Angel Rivas,,"BU vs. LWU, HC, NCC"
Lindsey Wilson University,641,50 Free,8,22.77,Cameron Johnson,,Total Performance Invitational
Lindsey Wilson University,641,50 Free,9,22.84,Dan Spinola,,Total Performance Invitational
Lindsey Wilson University,641,50 Free,10,23.28,Dario Soria,,13th Annual Fall Frenzy
Lindsey Wilson University,641,500 Free,1,4:29.59,Sergio Ybarra,,NAIA National Championships
Lindsey Wilson University,641,500 Free,2,4:33.07,Ethan Butler,,NAIA National Championships
Lindsey Wilson University,641,500 Free,3,4:37.48,Oliver Greaves,,NAIA National Championships
Lindsey Wilson University,641,500 Free,4,4:47.33,Akram Nejjar,,Mid-South Conference Championships
Lindsey Wilson University,641,500 Free,5,5:04.85,Lorenz Hof,,Lindsey Wilson vs. UT Southern
Lindsey Wilson University,641,500 Free,6,5:21.22,Daniel Wytwer,,13th Annual Fall Frenzy
Lindsey Wilson University,641,500 Free,7,5:26.27,Carson Caldwell,,Mid-South Conference Championships
Loyola University New Orleans,10007688,100 Back,1,52.27,Shay Brunmeier,,Trinity University Tiger Invitational -
Loyola University New Orleans,10007688,100 Back,2,53.92,Hayden Sutton,,Trinity University Tiger Invitational -
Loyola University New Orleans,10007688,100 Back,3,54.64,Alex Perfettini,,NAIA National Championships
Loyola University New Orleans,10007688,100 Back,4,55.13,Adonis Turner,,Trinity University Tiger Invitational -
Loyola University New Orleans,10007688,100 Back,5,55.25,Nick Jones,,The Sun Conference Championships
Loyola University New Orleans,10007688,100 Back,6,56.74,Carter Ory,,William Carey vs. Loyola (LA)
Loyola University New Orleans,10007688,100 Back,7,57.35,Logan Gary,,Rice Fall Splash
Loyola University New Orleans,10007688,100 Back,8,57.41,Ben Chehebar,,Rice Fall Splash
Loyola University New Orleans,10007688,100 Back,9,57.95,Landon Crescioni,,Rice Fall Splash
Loyola University New Orleans,10007688,100 Back,10,58.38,Sergio Martìnez Sanz,,Rice Fall Splash
Loyola University New Orleans,10007688,100 Breast,1,55.88,Monty Moore - Yetter,,NAIA National Championships
Loyola University New Orleans,10007688,100 Breast,2,57.51,Harvey Quiddington,,The Sun Conference Championships
Loyola University New Orleans,10007688,100 Breast,3,1:00.22,Alex Perfettini,,Trinity University Tiger Invitational -
Loyola University New Orleans,10007688,100 Breast,4,1:01.39,Carter Ory,,Loyola (LA) vs. Life
Loyola University New Orleans,10007688,100 Breast,5,1:02.04,Jack McNamara,,William Carey vs. Loyola (LA)
Loyola University New Orleans,10007688,100 Breast,6,1:02.80,Landon Crescioni,,Trinity University Tiger Invitational -
Loyola University New Orleans,10007688,100 Fly,1,49.61,Dylan Chehebar,,Trinity University Tiger Invitational -
Loyola University New Orleans,10007688,100 Fly,2,50.23,Charles Henderson,,Trinity University Tiger Invitational -
Loyola University New Orleans,10007688,100 Fly,3,52.32,Carter Ory,,The Sun Conference Championships
Loyola University New Orleans,10007688,100 Fly,4,52.51,Adonis Turner,,The Sun Conference Championships
Loyola University New Orleans,10007688,100 Fly,5,54.02,Shay Brunmeier,,Trinity University Tiger Invitational -
Loyola University New Orleans,10007688,100 Fly,6,55.29,Aaron Ervin,,Trinity University Tiger Invitational -
Loyola University New Orleans,10007688,100 Fly,7,55.87,Monty Moore - Yetter,,William Carey vs. Loyola (LA)
Loyola University New Orleans,10007688,100 Fly,8,55.91,Landon Crescioni,,Trinity University Tiger Invitational -
Loyola University New Orleans,10007688,100 Fly,9,56.43,Logan Gary,,Fall Cross Divisional
Loyola University New Orleans,10007688,100 Fly,10,56.62,Alex Perfettini,,Trinity University Tiger Invitational -
Loyola University New Orleans,10007688,100 Free,1,46.52,Dylan Chehebar,,NAIA National Championships
Loyola University New Orleans,10007688,100 Free,2,47.20,Jack McNamara,,Trinity University Tiger Invitational -
Loyola University New Orleans,10007688,100 Free,3,47.47,Ben Chehebar,,The Sun Conference Championships
Loyola University New Orleans,10007688,100 Free,4,47.77,Carter Ory,,Trinity University Tiger Invitational -
Loyola University New Orleans,10007688,100 Free,5,48.17,Logan Gary,,The Sun Conference Championships
Loyola University New Orleans,10007688,100 Free,6,48.38,Sergio Martìnez Sanz,,Trinity University Tiger Invitational -
Loyola University New Orleans,10007688,100 Free,7,48.82,Nick Jones,,The Sun Conference Championships
Loyola University New Orleans,10007688,100 Free,8,49.03,Aaron Ervin,,Trinity University Tiger Invitational -
Loyola University New Orleans,10007688,100 Free,9,50.10,Hayden Sutton,,Trinity University Tiger Invitational -
Loyola University New Orleans,10007688,100 Free,10,50.64,Landon Crescioni,,Fall Cross Divisional
Loyola University New Orleans,10007688,1000 Free,1,9:57.17,Sergio Martìnez Sanz,,NAIA National Championships
Loyola University New Orleans,10007688,1000 Free,2,10:01.45,Landon Crescioni,,Loyola (LA) vs. Life
Loyola University New Orleans,10007688,1000 Free,3,10:12.50,Logan Gary,,The Sun Conference Championships
Loyola University New Orleans,10007688,1650 Free,1,16:29.20,Sergio Martìnez Sanz,,NAIA National Championships
Loyola University New Orleans,10007688,1650 Free,2,16:53.72,Logan Gary,,Trinity University Tiger Invitational -
Loyola University New Orleans,10007688,200 Back,1,1:54.70,Shay Brunmeier,,Trinity University Tiger Invitational -
Loyola University New Orleans,10007688,200 Back,2,1:58.17,Hayden Sutton,,The Sun Conference Championships
Loyola University New Orleans,10007688,200 Back,3,2:07.85,Logan Gary,,William Carey vs. Loyola (LA)
Loyola University New Orleans,10007688,200 Back,4,2:10.03,Nick Jones,,Rice Fall Splash
Loyola University New Orleans,10007688,200 Breast,1,2:03.27,Monty Moore - Yetter,,NAIA National Championships
Loyola University New Orleans,10007688,200 Breast,2,2:04.91,Harvey Quiddington,,The Sun Conference Championships
Loyola University New Orleans,10007688,200 Breast,3,2:14.68,Alex Perfettini,,Loyola (LA) vs. Life
Loyola University New Orleans,10007688,200 Breast,4,2:21.58,Landon Crescioni,,Rice Fall Splash
Loyola University New Orleans,10007688,200 Fly,1,1:52.79,Dylan Chehebar,,NAIA National Championships
Loyola University New Orleans,10007688,200 Fly,2,1:54.80,Charles Henderson,,The Sun Conference Championships
Loyola University New Orleans,10007688,200 Fly,3,1:55.05,Landon Crescioni,,Trinity University Tiger Invitational -
Loyola University New Orleans,10007688,200 Fly,4,1:58.57,Alex Perfettini,,Loyola (LA) vs. Life
Loyola University New Orleans,10007688,200 Fly,5,2:00.26,Adonis Turner,,The Sun Conference Championships
Loyola University New Orleans,10007688,200 Fly,6,2:04.25,Logan Gary,,Rice Fall Splash
Loyola University New Orleans,10007688,200 Free,1,1:41.62,Sergio Martìnez Sanz,,NAIA National Championships
Loyola University New Orleans,10007688,200 Free,2,1:43.70,Ben Chehebar,,The Sun Conference Championships
Loyola University New Orleans,10007688,200 Free,3,1:45.13,Jack McNamara,,Trinity University Tiger Invitational -
Loyola University New Orleans,10007688,200 Free,4,1:45.87,Logan Gary,,The Sun Conference Championships
Loyola University New Orleans,10007688,200 Free,5,1:50.78,Hayden Sutton,,The Sun Conference Championships
Loyola University New Orleans,10007688,200 Free,6,1:51.10,Landon Crescioni,,Fall Cross Divisional
Loyola University New Orleans,10007688,200 Free,7,1:53.93,Harvey Quiddington,,Rice Fall Splash
Loyola University New Orleans,10007688,200 Free,8,1:54.88,Shay Brunmeier,,William Carey vs. Loyola (LA)
Loyola University New Orleans,10007688,200 Free,9,2:02.08,Nick Jones,,Rice Fall Splash
Loyola University New Orleans,10007688,200 Im,1,1:52.70,Monty Moore - Yetter,,NAIA National Championships
Loyola University New Orleans,10007688,200 Im,2,1:55.51,Alex Perfettini,,NAIA National Championships
Loyola University New Orleans,10007688,200 Im,3,1:59.64,Shay Brunmeier,,The Sun Conference Championships
Loyola University New Orleans,10007688,200 Im,4,2:06.69,Landon Crescioni,,Rice Fall Splash
Loyola University New Orleans,10007688,400 Im,1,4:08.01,Alex Perfettini,,The Sun Conference Championships
Loyola University New Orleans,10007688,400 Im,2,4:08.28,Landon Crescioni,,The Sun Conference Championships
Loyola University New Orleans,10007688,400 Im,3,4:23.15,Sergio Martìnez Sanz,,Rice Fall Splash
Loyola University New Orleans,10007688,50 Free,1,21.37,Jack McNamara,,The Sun Conference Championships
Loyola University New Orleans,10007688,50 Free,2,21.50,Dylan Chehebar,,NAIA National Championships
Loyola University New Orleans,10007688,50 Free,3,21.97,Carter Ory,,Trinity University Tiger Invitational -
Loyola University New Orleans,10007688,50 Free,4,22.00,Nick Jones,,Trinity University Tiger Invitational -
Loyola University New Orleans,10007688,50 Free,5,22.06,Hayden Sutton,,The Sun Conference Championships
Loyola University New Orleans,10007688,50 Free,6,22.24,Aaron Ervin,,Trinity University Tiger Invitational -
Loyola University New Orleans,10007688,50 Free,7,22.26,Charles Henderson,,Trinity University Tiger Invitational -
Loyola University New Orleans,10007688,50 Free,8,22.70,Ben Chehebar,,The Sun Conference Championships
Loyola University New Orleans,10007688,50 Free,9,22.87,Sergio Martìnez Sanz,,Fall Cross Divisional
Loyola University New Orleans,10007688,50 Free,10,22.92,Logan Gary,,The Sun Conference Championships
Loyola University New Orleans,10007688,500 Free,1,4:38.15,Sergio Martìnez Sanz,,NAIA National Championships
Loyola University New Orleans,10007688,500 Free,2,4:42.57,Ben Chehebar,,The Sun Conference Championships
Loyola University New Orleans,10007688,500 Free,3,4:46.01,Landon Crescioni,,Trinity University Tiger Invitational -
Loyola University New Orleans,10007688,500 Free,4,4:49.85,Logan Gary,,Trinity University Tiger Invitational -
Loyola University New Orleans,10007688,500 Free,5,4:52.41,Harvey Quiddington,,The Sun Conference Championships
Midland University,10009577,100 Back,1,49.15,Martin Sener,,NAIA National Championships
Midland University,10009577,100 Back,2,51.82,Reece Gray,,Kansas Collegiate Athletic Conference Championships
Midland University,10009577,100 Back,3,54.73,Jasper Mpofu,,Kansas Collegiate Athletic Conference Championships
Midland University,10009577,100 Back,4,55.43,Noah Doane,,Midland vs. Iowa Western
Midland University,10009577,100 Back,5,56.06,Jonathan Tammam,,Warriors (Blue vs. Orange) Intrasquad
Midland University,10009577,100 Back,6,1:03.67,Gael Conde,,UNK Invite Distance Meet
Midland University,10009577,100 Back,7,1:07.89,Kalel Irizarry,,Warriors (Blue vs. Orange) Intrasquad
Midland University,10009577,100 Breast,1,57.42,Radek Ruzicka,,Kansas Collegiate Athletic Conference Championships
Midland University,10009577,100 Breast,2,59.48,Oliver Kock,,Kansas Collegiate Athletic Conference Championships
Midland University,10009577,100 Breast,3,1:00.30,Noah Doane,,Warrior Invitational
Midland University,10009577,100 Breast,4,1:06.81,Ethyn Harris,,Midland vs. Minnesota-Morris
Midland University,10009577,100 Breast,5,1:19.03,Konrad Kozlowski,,Warriors (Blue vs. Orange) Intrasquad
Midland University,10009577,100 Fly,1,51.19,Tich Makaya,,Warrior Invitational
Midland University,10009577,100 Fly,2,51.28,Jonathan Tammam,,Warrior Invitational
Midland University,10009577,100 Fly,3,53.04,Gonzo Rojas,,Warrior Invitational
Midland University,10009577,100 Fly,4,54.24,Manuel Tomm,,Kansas Collegiate Athletic Conference Championships
Midland University,10009577,100 Fly,5,54.51,Jasper Mpofu,,Kansas Collegiate Athletic Conference Championships
Midland University,10009577,100 Fly,6,54.88,Oliver Kock,,Warrior Invitational
Midland University,10009577,100 Fly,7,55.10,Gael Conde,,Warrior Invitational
Midland University,10009577,100 Fly,8,58.85,Artur Arent,,Warrior Invitational
Midland University,10009577,100 Fly,9,58.87,Reece Gray,,Warriors (Blue vs. Orange) Intrasquad
Midland University,10009577,100 Fly,10,59.02,Ethyn Harris,,Warrior Invitational
Midland University,10009577,100 Free,1,45.81,Nacho Molina,,NAIA National Championships
Midland University,10009577,100 Free,2,46.94,Wyatt Aumiller,,Kansas Collegiate Athletic Conference Championships
Midland University,10009577,100 Free,3,47.77,Manuel Tomm,,Kansas Collegiate Athletic Conference Championships
Midland University,10009577,100 Free,4,48.01,Tich Makaya,,Warrior Invitational
Midland University,10009577,100 Free,5,48.15,Martin Sener,,Midland vs. Morningside
Midland University,10009577,100 Free,6,50.16,Jonathan Tammam,,Spire Relays
Midland University,10009577,100 Free,7,51.47,Reece Gray,,UNK Invite Distance Meet
Midland University,10009577,100 Free,8,51.70,Radek Ruzicka,,UNK Invite Distance Meet
Midland University,10009577,100 Free,9,51.96,Gonzo Rojas,,Midland vs. Minnesota-Morris
Midland University,10009577,100 Free,10,52.03,Caleb Rubitschung,,Warrior Invitational
Midland University,10009577,1000 Free,1,10:02.04,Artur Arent,,Midland vs. Morningside
Midland University,10009577,1000 Free,2,10:18.46,Konrad Kozlowski,,Warrior Invitational
Midland University,10009577,1650 Free,1,16:39.44,Artur Arent,,Kansas Collegiate Athletic Conference Championships
Midland University,10009577,1650 Free,2,17:04.22,Konrad Kozlowski,,Kansas Collegiate Athletic Conference Championships
Midland University,10009577,200 Back,1,1:48.46,Martin Sener,,NAIA National Championships
Midland University,10009577,200 Back,2,1:52.83,Reece Gray,,Last Chance Meet
Midland University,10009577,200 Back,3,1:56.16,Jonathan Tammam,,Warrior Invitational
Midland University,10009577,200 Back,4,2:00.17,Jasper Mpofu,,Kansas Collegiate Athletic Conference Championships
Midland University,10009577,200 Breast,1,2:03.03,Manuel Tomm,,NAIA National Championships
Midland University,10009577,200 Breast,2,2:08.67,Radek Ruzicka,,Kansas Collegiate Athletic Conference Championships
Midland University,10009577,200 Breast,3,2:12.28,Noah Doane,,Warrior Invitational
Midland University,10009577,200 Breast,4,2:14.55,Oliver Kock,,Kansas Collegiate Athletic Conference Championships
Midland University,10009577,200 Breast,5,2:21.52,Ethyn Harris,,Warrior Invitational
Midland University,10009577,200 Fly,1,1:57.09,Gonzo Rojas,,Warrior Invitational
Midland University,10009577,200 Fly,2,2:00.05,Tich Makaya,,Midland vs. Iowa Western
Midland University,10009577,200 Fly,3,2:02.96,Konrad Kozlowski,,Midland vs. Morningside
Midland University,10009577,200 Fly,4,2:03.77,Gael Conde,,Warrior Invitational
Midland University,10009577,200 Fly,5,2:13.36,Ethyn Harris,,Midland vs. Morningside
Midland University,10009577,200 Fly,6,2:17.96,Artur Arent,,Midland vs. Minnesota-Morris
Midland University,10009577,200 Free,1,1:41.44,Martin Sener,,NAIA National Championships
Midland University,10009577,200 Free,2,1:43.39,Nacho Molina,,Kansas Collegiate Athletic Conference Championships
Midland University,10009577,200 Free,3,1:43.97,Jonathan Tammam,,Kansas Collegiate Athletic Conference Championships
Midland University,10009577,200 Free,4,1:45.48,Wyatt Aumiller,,Kansas Collegiate Athletic Conference Championships
Midland University,10009577,200 Free,5,1:46.97,Tich Makaya,,Kansas Collegiate Athletic Conference Championships
Midland University,10009577,200 Free,6,1:49.80,Konrad Kozlowski,,UNK Invite Sprint Meet 2
Midland University,10009577,200 Free,7,1:52.81,Artur Arent,,Warriors (Blue vs. Orange) Intrasquad
Midland University,10009577,200 Free,8,1:54.71,Caleb Rubitschung,,Kansas Collegiate Athletic Conference Championships
Midland University,10009577,200 Free,9,2:04.47,Gonzo Rojas,,Warriors (Blue vs. Orange) Intrasquad
Midland University,10009577,200 Free,10,2:06.41,Kalel Irizarry,,Midland vs. Minnesota-Morris
Midland University,10009577,200 Im,1,1:52.80,Manuel Tomm,,Kansas Collegiate Athletic Conference Championships
Midland University,10009577,200 Im,2,1:58.72,Noah Doane,,Kansas Collegiate Athletic Conference Championships
Midland University,10009577,200 Im,3,1:59.30,Reece Gray,,Kansas Collegiate Athletic Conference Championships
Midland University,10009577,200 Im,4,1:59.96,Radek Ruzicka,,Kansas Collegiate Athletic Conference Championships
Midland University,10009577,200 Im,5,2:03.22,Jonathan Tammam,,Midland vs. Minnesota-Morris
Midland University,10009577,200 Im,6,2:04.40,Artur Arent,,UNK Invite Sprint Meet 2
Midland University,10009577,200 Im,7,2:06.07,Gael Conde,,Warrior Invitational
Midland University,10009577,200 Im,8,2:06.80,Ethyn Harris,,Kansas Collegiate Athletic Conference Championships
Midland University,10009577,200 Im,9,2:07.41,Gonzo Rojas,,Warrior Invitational
Midland University,10009577,400 Im,1,4:05.42,Manuel Tomm,,Kansas Collegiate Athletic Conference Championships
Midland University,10009577,400 Im,2,4:15.04,Artur Arent,,Kansas Collegiate Athletic Conference Championships
Midland University,10009577,400 Im,3,4:34.46,Noah Doane,,Midland vs. Iowa Western
Midland University,10009577,400 Im,4,4:37.02,Ethyn Harris,,Warrior Invitational
Midland University,10009577,50 Free,1,20.85,Nacho Molina,,Kansas Collegiate Athletic Conference Championships
Midland University,10009577,50 Free,2,21.43,Wyatt Aumiller,,Kansas Collegiate Athletic Conference Championships
Midland University,10009577,50 Free,3,21.75,Martin Sener,,Kansas Collegiate Athletic Conference Championships
Midland University,10009577,50 Free,4,22.09,Jasper Mpofu,,Warrior Invitational
Midland University,10009577,50 Free,5,22.62,Tich Makaya,,Warrior Invitational
Midland University,10009577,50 Free,6,22.84,Manuel Tomm,,Kansas Collegiate Athletic Conference Championships
Midland University,10009577,50 Free,7,22.95,Radek Ruzicka,,Spire Relays
Midland University,10009577,50 Free,8,23.35,Jonathan Tammam,,UNK Invite Sprint Meet 2
Midland University,10009577,50 Free,9,23.68,Reece Gray,,UNK Invite Sprint Meet 2
Midland University,10009577,50 Free,10,23.92,Caleb Rubitschung,,Warrior Invitational
Midland University,10009577,500 Free,1,4:44.64,Martin Sener,,NAIA National Championships
Midland University,10009577,500 Free,2,4:48.81,Jonathan Tammam,,Kansas Collegiate Athletic Conference Championships
Midland University,10009577,500 Free,3,4:51.52,Artur Arent,,Kansas Collegiate Athletic Conference Championships
Midland University,10009577,500 Free,4,4:52.61,Konrad Kozlowski,,Kansas Collegiate Athletic Conference Championships
Midland University,10009577,500 Free,5,6:00.70,Caleb Rubitschung,,Warriors (Blue vs. Orange) Intrasquad
Midway University,10025443,100 Back,1,54.58,Daniel Maia,,Mid-South Conference Championships
Midway University,10025443,100 Back,2,57.03,David Roach,,Centre Invitational
Midway University,10025443,100 Back,3,59.62,Colby Moody,,Centre Invitational
Midway University,10025443,100 Back,4,1:01.00,Jalen Wright,,Sewanee vs. Midway vs. Brenau
Midway University,10025443,100 Back,5,1:02.72,Rider Burton,,Centre Invitational
Midway University,10025443,100 Back,6,1:05.70,Braydon Johnson,,Midway vs. Pikeville vs. West Virginia  Tech
Midway University,10025443,100 Back,7,1:19.59,Jeremiah Hervey,,Midway vs. Shawnee State vs. Indiana Wesleyan
Midway University,10025443,100 Breast,1,1:00.04,Daniel Maia,,Mid-South Conference Championships
Midway University,10025443,100 Breast,2,1:00.93,Caique Maia,,Indiana Wesleyan vs. Midway
Midway University,10025443,100 Breast,3,1:06.79,David Roach,,Midway vs. Asbury vs. West Virginia  Tech
Midway University,10025443,100 Breast,4,1:14.99,Jeremiah Hervey,,Mid-South Conference Championships
Midway University,10025443,100 Breast,5,1:21.32,Caua Kreia,,Midway vs. Pikeville vs. West Virginia  Tech
Midway University,10025443,100 Breast,6,1:39.59,Ben Spencer,,Centre Invitational
Midway University,10025443,100 Fly,1,54.70,David Roach,,Mid-South Conference Championships
Midway University,10025443,100 Fly,2,55.17,Rider Burton,,Mid-South Conference Championships
Midway University,10025443,100 Fly,3,1:00.43,Caique Maia,,Midway vs. Pikeville vs. West Virginia  Tech
Midway University,10025443,100 Fly,4,1:01.46,Jalen Wright,,Indiana Wesleyan vs. Midway
Midway University,10025443,100 Fly,5,1:02.86,Daniel Maia,,Midway vs. Asbury vs. West Virginia  Tech
Midway University,10025443,100 Fly,6,1:08.27,Colby Moody,,Indiana Wesleyan vs. Midway
Midway University,10025443,100 Fly,7,1:14.03,Braydon Johnson,,Midway vs. Asbury vs. West Virginia  Tech
Midway University,10025443,100 Fly,8,1:19.05,Jeremiah Hervey,,Sewanee vs. Midway vs. Brenau
Midway University,10025443,100 Free,1,46.32,Caique Maia,,Mid-South Conference Championships
Midway University,10025443,100 Free,2,48.85,Jalen Wright,,Mid-South Conference Championships
Midway University,10025443,100 Free,3,50.41,Rider Burton,,Mid-South Conference Championships
Midway University,10025443,100 Free,4,50.97,Caua Kreia,,Centre Invitational
Midway University,10025443,100 Free,5,51.15,Daniel Maia,,Centre Invitational
Midway University,10025443,100 Free,6,52.51,David Roach,,Centre vs. Midway vs. Campbellsville
Midway University,10025443,100 Free,7,57.21,Colby Moody,,Centre Invitational
Midway University,10025443,100 Free,8,1:00.22,Jeremiah Hervey,,Centre Invitational
Midway University,10025443,100 Free,9,1:00.76,Braydon Johnson,,Midway vs. Asbury vs. West Virginia  Tech
Midway University,10025443,100 Free,10,1:22.08,Ben Spencer,,Mid-South Conference Championships
Midway University,10025443,1000 Free,1,11:06.13,Caique Maia,,Midway vs. Shawnee State vs. Indiana Wesleyan
Midway University,10025443,1000 Free,2,11:26.23,Braydon Johnson,,Centre Invitational
Midway University,10025443,1000 Free,3,11:30.12,Caua Kreia,,Sewanee vs. Midway vs. Brenau
Midway University,10025443,1000 Free,4,11:49.14,David Roach,,Midway vs. Shawnee State vs. Indiana Wesleyan
Midway University,10025443,1650 Free,1,18:19.49,Caique Maia,,Midway vs. Shawnee State vs. Indiana Wesleyan
Midway University,10025443,1650 Free,2,18:36.87,Braydon Johnson,,Centre Invitational
Midway University,10025443,1650 Free,3,19:29.25,David Roach,,Midway vs. Shawnee State vs. Indiana Wesleyan
Midway University,10025443,1650 Free,4,19:42.77,Caua Kreia,,Midway vs. Shawnee State vs. Indiana Wesleyan
Midway University,10025443,200 Back,1,2:07.66,Colby Moody,,Mid-South Conference Championships
Midway University,10025443,200 Back,2,2:13.53,David Roach,,Midway vs. Shawnee State vs. Indiana Wesleyan
Midway University,10025443,200 Back,3,2:14.78,Braydon Johnson,,Centre Invitational
Midway University,10025443,200 Back,4,2:15.26,Daniel Maia,,Sewanee vs. Midway vs. Brenau
Midway University,10025443,200 Back,5,2:16.92,Caique Maia,,Sewanee vs. Midway vs. Brenau
Midway University,10025443,200 Back,6,2:19.08,Jalen Wright,,Midway vs. Asbury vs. West Virginia  Tech
Midway University,10025443,200 Breast,1,2:17.03,Caique Maia,,Centre Invitational
Midway University,10025443,200 Breast,2,2:23.05,Daniel Maia,,Mid-South Conference Championships
Midway University,10025443,200 Breast,3,2:31.40,David Roach,,Sewanee vs. Midway vs. Brenau
Midway University,10025443,200 Breast,4,2:52.04,Colby Moody,,Sewanee vs. Midway vs. Brenau
Midway University,10025443,200 Breast,5,2:52.20,Jeremiah Hervey,,Centre Invitational
Midway University,10025443,200 Fly,1,2:03.17,David Roach,,Mid-South Conference Championships
Midway University,10025443,200 Fly,2,2:23.93,Caique Maia,,Sewanee vs. Midway vs. Brenau
Midway University,10025443,200 Fly,3,2:28.20,Jalen Wright,,Midway vs. Shawnee State vs. Indiana Wesleyan
Midway University,10025443,200 Free,1,1:41.97,Caique Maia,,Mid-South Conference Championships
Midway University,10025443,200 Free,2,1:50.56,Caua Kreia,,Mid-South Conference Championships
Midway University,10025443,200 Free,3,1:51.88,David Roach,,Centre Invitational
Midway University,10025443,200 Free,4,1:53.93,Jalen Wright,,Mid-South Conference Championships
Midway University,10025443,200 Free,5,1:59.69,Braydon Johnson,,Centre Invitational
Midway University,10025443,200 Free,6,2:00.89,Rider Burton,,Sewanee vs. Midway vs. Brenau
Midway University,10025443,200 Free,7,2:01.09,Daniel Maia,,Midway vs. Pikeville vs. West Virginia  Tech
Midway University,10025443,200 Free,8,2:09.29,Colby Moody,,Transylvania vs. Midway vs. Sewanee
Midway University,10025443,200 Free,9,2:26.06,Jeremiah Hervey,,Sewanee vs. Midway vs. Brenau
Midway University,10025443,200 Im,1,2:01.86,David Roach,,Mid-South Conference Championships
Midway University,10025443,200 Im,2,2:01.98,Daniel Maia,,Mid-South Conference Championships
Midway University,10025443,200 Im,3,2:07.24,Caique Maia,,Indiana Wesleyan vs. Midway
Midway University,10025443,200 Im,4,2:16.22,Colby Moody,,Mid-South Conference Championships
Midway University,10025443,200 Im,5,2:23.78,Caua Kreia,,Indiana Wesleyan vs. Midway
Midway University,10025443,200 Im,6,2:49.49,Jeremiah Hervey,,Midway vs. Shawnee State vs. Indiana Wesleyan
Midway University,10025443,400 Im,1,4:37.87,Caique Maia,,Midway vs. Asbury vs. West Virginia  Tech
Midway University,10025443,400 Im,2,4:45.15,David Roach,,Midway vs. Asbury vs. West Virginia  Tech
Midway University,10025443,400 Im,3,5:02.17,Daniel Maia,,Sewanee vs. Midway vs. Brenau
Midway University,10025443,400 Im,4,5:27.26,Colby Moody,,Sewanee vs. Midway vs. Brenau
Midway University,10025443,50 Free,1,20.89,Caique Maia,,Centre Invitational
Midway University,10025443,50 Free,2,21.83,Jalen Wright,,Mid-South Conference Championships
Midway University,10025443,50 Free,3,22.33,Rider Burton,,Mid-South Conference Championships
Midway University,10025443,50 Free,4,22.99,Daniel Maia,,Centre Invitational
Midway University,10025443,50 Free,5,23.29,David Roach,,Centre Invitational
Midway University,10025443,50 Free,6,23.72,Caua Kreia,,Centre Invitational
Midway University,10025443,50 Free,7,25.90,Colby Moody,,Midway vs. Asbury vs. West Virginia  Tech
Midway University,10025443,50 Free,8,27.27,Jeremiah Hervey,,Mid-South Conference Championships
Midway University,10025443,50 Free,9,27.83,Braydon Johnson,,Midway vs. Asbury vs. West Virginia  Tech
Midway University,10025443,50 Free,10,33.09,Ben Spencer,,Mid-South Conference Championships
Midway University,10025443,500 Free,1,5:02.17,Caique Maia,,Transylvania vs. Midway vs. Sewanee
Midway University,10025443,500 Free,2,5:11.75,Caua Kreia,,Mid-South Conference Championships
Midway University,10025443,500 Free,3,5:19.56,Braydon Johnson,,Centre Invitational
Midway University,10025443,500 Free,4,5:34.16,Daniel Maia,,Indiana Wesleyan vs. Midway
Midway University,10025443,500 Free,5,5:53.86,Jalen Wright,,Midway vs. Shawnee State vs. Indiana Wesleyan
Midway University,10025443,500 Free,6,5:59.89,Rider Burton,,Sewanee vs. Midway vs. Brenau
Midway University,10025443,500 Free,7,6:12.23,Colby Moody,,Midway vs. Pikeville vs. West Virginia  Tech
Milligan University,539,100 Back,1,49.09,Paxton Smith,,NAIA National Championships
Milligan University,539,100 Back,2,51.38,RJ Brumit,,NAIA National Championships
Milligan University,539,100 Back,3,53.05,Colin Burnette,,Appalachian Athletic Conference Championships
Milligan University,539,100 Back,4,54.41,Adam Bengtson,,Keydet Invitational
Milligan University,539,100 Back,5,56.53,Spencer Hall,,Carson-Newman vs Lenoir-Rhyne and Milligan
Milligan University,539,100 Back,6,56.59,Nate Halloran,,Carson-Newman vs Lenoir-Rhyne and Milligan
Milligan University,539,100 Back,7,56.75,Jayden Bearden,,SCAD vs. Milligan vs. Keiser
Milligan University,539,100 Back,8,57.30,Morgan Roszel,,Milligan vs. Catawba vs. Roanoke
Milligan University,539,100 Breast,1,53.43,Caleb Fry,,NAIA National Championships
Milligan University,539,100 Breast,2,55.10,Elijah Holliman,,NAIA National Championships
Milligan University,539,100 Breast,3,55.38,Robert Adam,,NAIA National Championships
Milligan University,539,100 Breast,4,56.43,Andrew Dawson,,Keydet Invitational
Milligan University,539,100 Breast,5,59.14,Jack Allen,,Milligan vs. Catawba vs. Roanoke
Milligan University,539,100 Breast,6,1:00.45,John Cox,,Keydet Invitational
Milligan University,539,100 Breast,7,1:03.08,Michael Cellucci,,Appalachian Athletic Conference Championships
Milligan University,539,100 Breast,8,1:05.76,Peter Gilbert,,Milligan vs. Catawba vs. Roanoke
Milligan University,539,100 Breast,9,1:05.90,Reef Parman,,Milligan vs. King
Milligan University,539,100 Fly,1,47.49,Christoph Haenel,,NAIA National Championships
Milligan University,539,100 Fly,2,48.59,Sergio Tudor,,NAIA National Championships
Milligan University,539,100 Fly,3,49.08,RJ Brumit,,NAIA National Championships
Milligan University,539,100 Fly,4,50.04,Paxton Smith,,Colonel Classic
Milligan University,539,100 Fly,5,50.53,Reef Parman,,Appalachian Athletic Conference Championships
Milligan University,539,100 Fly,6,50.63,Wyatt Pierce,,Appalachian Athletic Conference Championships
Milligan University,539,100 Fly,7,51.89,Spencer Hall,,Colonel Classic
Milligan University,539,100 Fly,8,52.21,Andrew Dawson,,Keydet Invitational
Milligan University,539,100 Fly,9,52.69,Michael Rinaldi,,Colonel Classic
Milligan University,539,100 Fly,10,53.14,River Rockholt,,Appalachian Athletic Conference Championships
Milligan University,539,100 Free,1,44.11,Caleb Fry,,Keydet Invitational
Milligan University,539,100 Free,2,44.45,Michael Rinaldi,,NAIA National Championships
Milligan University,539,100 Free,3,45.31,Paxton Smith,,Keydet Invitational
Milligan University,539,100 Free,4,45.85,Christoph Haenel,,Colonel Classic
Milligan University,539,100 Free,5,46.47,Gellert Szedlak,,Keydet Invitational
Milligan University,539,100 Free,6,46.93,RJ Brumit,,Appalachian Athletic Conference Championships
Milligan University,539,100 Free,7,46.97,Andrew Dawson,,Keydet Invitational
Milligan University,539,100 Free,8,47.34,Wyatt Pierce,,Keydet Invitational
Milligan University,539,100 Free,9,47.60,Colin Burnette,,Appalachian Athletic Conference Championships
Milligan University,539,100 Free,10,47.97,Spencer Hall,,Keydet Invitational
Milligan University,539,1000 Free,1,9:38.43,Atakan Ercan,,Keydet Invitational
Milligan University,539,1000 Free,2,9:55.82,Peter Gilbert,,Appalachian Athletic Conference Championships
Milligan University,539,1000 Free,3,9:55.94,Morgan Roszel,,SCAD vs. Milligan vs. Keiser
Milligan University,539,1000 Free,4,10:09.46,Jacob Miller,,Keydet Invitational
Milligan University,539,1000 Free,5,10:10.66,Michael Cellucci,,Appalachian Athletic Conference Championships
Milligan University,539,1000 Free,6,10:42.63,Jayden Bearden,,Appalachian Athletic Conference Championships
Milligan University,539,1000 Free,7,10:51.10,Caleb Fry,,Colonel Classic
Milligan University,539,1650 Free,1,15:56.55,Atakan Ercan,,Keydet Invitational
Milligan University,539,1650 Free,2,16:32.01,Peter Gilbert,,Keydet Invitational
Milligan University,539,1650 Free,3,16:48.35,Jacob Miller,,Keydet Invitational
Milligan University,539,1650 Free,4,16:56.62,Michael Cellucci,,Keydet Invitational
Milligan University,539,1650 Free,5,17:19.28,Morgan Roszel,,Keydet Invitational
Milligan University,539,1650 Free,6,17:41.01,Jayden Bearden,,Appalachian Athletic Conference Championships
Milligan University,539,1650 Free,7,17:44.45,Caleb Fry,,Colonel Classic
Milligan University,539,200 Back,1,1:49.41,Paxton Smith,,NAIA National Championships
Milligan University,539,200 Back,2,1:56.33,Colin Burnette,,Appalachian Athletic Conference Championships
Milligan University,539,200 Back,3,1:56.41,Jayden Bearden,,Keydet Invitational
Milligan University,539,200 Back,4,1:56.85,Adam Bengtson,,Keydet Invitational
Milligan University,539,200 Back,5,1:58.13,RJ Brumit,,Colonel Classic
Milligan University,539,200 Back,6,2:02.03,Peter Gilbert,,Milligan vs. King
Milligan University,539,200 Back,7,2:02.90,Morgan Roszel,,SCAD vs. Milligan vs. Keiser
Milligan University,539,200 Breast,1,1:57.37,Caleb Fry,,NAIA National Championships
Milligan University,539,200 Breast,2,1:58.32,Elijah Holliman,,NAIA National Championships
Milligan University,539,200 Breast,3,2:00.29,Robert Adam,,NAIA National Championships
Milligan University,539,200 Breast,4,2:05.84,Jack Allen,,Appalachian Athletic Conference Championships
Milligan University,539,200 Breast,5,2:18.41,John Cox,,Keydet Invitational
Milligan University,539,200 Breast,6,2:19.07,Andrew Dawson,,SCAD vs. Milligan vs. Keiser
Milligan University,539,200 Breast,7,2:21.36,Peter Gilbert,,Colonel Classic
Milligan University,539,200 Breast,8,2:30.72,Jacob Miller,,Carson-Newman vs Lenoir-Rhyne and Milligan
Milligan University,539,200 Fly,1,1:48.75,Christoph Haenel,,NAIA National Championships
Milligan University,539,200 Fly,2,1:51.41,Gellert Szedlak,,NAIA National Championships
Milligan University,539,200 Fly,3,1:52.17,Nate Halloran,,NAIA National Championships
Milligan University,539,200 Fly,4,1:53.15,Sergio Tudor,,Keydet Invitational
Milligan University,539,200 Fly,5,1:54.17,Wyatt Pierce,,Keydet Invitational
Milligan University,539,200 Fly,6,1:54.53,Robert Adam,,Colonel Classic
Milligan University,539,200 Fly,7,1:55.42,Reef Parman,,Appalachian Athletic Conference Championships
Milligan University,539,200 Fly,8,1:58.11,Nolan Hill,,Appalachian Athletic Conference Championships
Milligan University,539,200 Fly,9,2:04.57,Jack Allen,,Carson-Newman vs Lenoir-Rhyne and Milligan
Milligan University,539,200 Free,1,1:39.80,Michael Rinaldi,,NAIA National Championships
Milligan University,539,200 Free,2,1:40.73,Christoph Haenel,,Colonel Classic
Milligan University,539,200 Free,3,1:40.97,Gellert Szedlak,,NAIA National Championships
Milligan University,539,200 Free,4,1:42.23,Robert Adam,,Keydet Invitational
Milligan University,539,200 Free,5,1:44.08,Sergio Tudor,,Keydet Invitational
Milligan University,539,200 Free,6,1:44.36,Wyatt Pierce,,Keydet Invitational
Milligan University,539,200 Free,7,1:45.26,Jayden Bearden,,Keydet Invitational
Milligan University,539,200 Free,8,1:45.41,Jacob Miller,,Appalachian Athletic Conference Championships
Milligan University,539,200 Free,9,1:45.98,Colin Burnette,,Keydet Invitational
Milligan University,539,200 Free,10,1:46.57,River Rockholt,,Appalachian Athletic Conference Championships
Milligan University,539,200 Im,1,1:49.16,Robert Adam,,NAIA National Championships
Milligan University,539,200 Im,2,1:49.83,Elijah Holliman,,NAIA National Championships
Milligan University,539,200 Im,3,1:52.90,Christoph Haenel,,Colonel Classic
Milligan University,539,200 Im,4,1:54.67,Nate Halloran,,NAIA National Championships
Milligan University,539,200 Im,5,1:55.42,Reef Parman,,Appalachian Athletic Conference Championships
Milligan University,539,200 Im,6,1:56.21,Jack Allen,,Keydet Invitational
Milligan University,539,200 Im,7,1:56.32,Caleb Fry,,Colonel Classic
Milligan University,539,200 Im,8,1:56.37,RJ Brumit,,Keydet Invitational
Milligan University,539,200 Im,9,1:58.37,River Rockholt,,Appalachian Athletic Conference Championships
Milligan University,539,200 Im,10,2:00.38,Nolan Hill,,Colonel Classic
Milligan University,539,400 Im,1,4:03.77,Nate Halloran,,NAIA National Championships
Milligan University,539,400 Im,2,4:09.71,Jack Allen,,Appalachian Athletic Conference Championships
Milligan University,539,400 Im,3,4:10.75,Peter Gilbert,,Keydet Invitational
Milligan University,539,400 Im,4,4:11.43,Robert Adam,,SCAD vs. Milligan vs. Keiser
Milligan University,539,400 Im,5,4:28.19,Michael Cellucci,,Keydet Invitational
Milligan University,539,400 Im,6,4:37.53,Jacob Miller,,Colonel Classic
Milligan University,539,50 Free,1,19.82,Caleb Fry,,NAIA National Championships
Milligan University,539,50 Free,2,20.31,Paxton Smith,,NAIA National Championships
Milligan University,539,50 Free,3,20.77,Michael Rinaldi,,NAIA National Championships
Milligan University,539,50 Free,4,21.00,Gellert Szedlak,,NAIA National Championships
Milligan University,539,50 Free,5,21.29,Andrew Dawson,,Appalachian Athletic Conference Championships
Milligan University,539,50 Free,6,21.30,Christoph Haenel,,Keydet Invitational
Milligan University,539,50 Free,7,21.36,RJ Brumit,,Appalachian Athletic Conference Championships
Milligan University,539,50 Free,8,21.74,Elijah Holliman,,Keydet Invitational
Milligan University,539,50 Free,9,21.89,Wyatt Pierce,,Keydet Invitational
Milligan University,539,50 Free,10,22.04,Spencer Hall,,Appalachian Athletic Conference Championships
Milligan University,539,500 Free,1,4:39.14,Atakan Ercan,,Keydet Invitational
Milligan University,539,500 Free,2,4:41.54,Christoph Haenel,,Appalachian Athletic Conference Championships
Milligan University,539,500 Free,3,4:42.78,Peter Gilbert,,Appalachian Athletic Conference Championships
Milligan University,539,500 Free,4,4:49.31,Robert Adam,,Milligan vs. King
Milligan University,539,500 Free,5,4:50.77,Jacob Miller,,Appalachian Athletic Conference Championships
Milligan University,539,500 Free,6,4:54.07,Michael Cellucci,,Keydet Invitational
Milligan University,539,500 Free,7,4:55.38,Michael Rinaldi,,Colonel Classic
Milligan University,539,500 Free,8,4:55.50,Paxton Smith,,Colonel Classic
Milligan University,539,500 Free,9,5:05.15,Morgan Roszel,,Milligan vs. King
Milligan University,539,500 Free,10,5:05.38,Nolan Hill,,Keydet Invitational
Morningside University,546,100 Back,1,50.60,Santiago Vilches,,NAIA National Championships
Morningside University,546,100 Back,2,52.73,Melle van Veen,,Roger Ahlman Invite
Morningside University,546,100 Back,3,55.63,Alessandro Zoccolan,,"IWCC vs. Sterling, Morningside"
Morningside University,546,100 Back,4,56.70,Jake Bolda,,Midland vs. Morningside
Morningside University,546,100 Back,5,57.53,John Spicer,,Morningside vs ILCC & SMSU
Morningside University,546,100 Back,6,58.99,Caiden Clark,,Kansas Collegiate Athletic Conference Championships
Morningside University,546,100 Back,7,1:00.64,MK Mkhize,,Morningside vs. Minnesota-Morris
Morningside University,546,100 Back,8,1:00.95,Ayden Gilmore,,Kansas Collegiate Athletic Conference Championships
Morningside University,546,100 Back,9,1:03.68,Jacob Haase,,Last Chance Meet
Morningside University,546,100 Breast,1,58.29,Justin Bay,,Morningside vs Nebraska Wesleyan
Morningside University,546,100 Breast,2,1:00.72,Alessandro Zoccolan,,GPAC Invitational
Morningside University,546,100 Breast,3,1:00.98,Jacob Haase,,Kansas Collegiate Athletic Conference Championships
Morningside University,546,100 Breast,4,1:03.41,Owen Miska,,Kansas Collegiate Athletic Conference Championships
Morningside University,546,100 Breast,5,1:07.90,MK Mkhize,,GPAC Invitational
Morningside University,546,100 Breast,6,1:08.06,Alec McEntaffer,,Kansas Collegiate Athletic Conference Championships
Morningside University,546,100 Fly,1,50.17,PEDRO FERNANDES,,Kansas Collegiate Athletic Conference Championships
Morningside University,546,100 Fly,2,50.65,Justin Bay,,Roger Ahlman Invite
Morningside University,546,100 Fly,3,51.31,Jack LaRue,,Kansas Collegiate Athletic Conference Championships
Morningside University,546,100 Fly,4,52.92,Alessandro Zoccolan,,Morningside vs ILCC & SMSU
Morningside University,546,100 Fly,5,53.85,John Spicer,,Morningside vs. Minnesota-Morris
Morningside University,546,100 Fly,6,54.44,Keaten Rieken,,Roger Ahlman Invite
Morningside University,546,100 Fly,7,55.52,Hunter Henrich,,Roger Ahlman Invite
Morningside University,546,100 Fly,8,56.28,MK Mkhize,,Kansas Collegiate Athletic Conference Championships
Morningside University,546,100 Fly,9,56.52,Melle van Veen,,St. Ambrose vs. Morningside
Morningside University,546,100 Fly,10,57.17,Jake Bolda,,Kansas Collegiate Athletic Conference Championships
Morningside University,546,100 Free,1,45.14,John Spicer,,NAIA National Championships
Morningside University,546,100 Free,2,46.86,Jack LaRue,,Kansas Collegiate Athletic Conference Championships
Morningside University,546,100 Free,3,47.37,Santiago Vilches,,Morningside vs ILCC & SMSU
Morningside University,546,100 Free,4,47.42,Justin Bay,,Kansas Collegiate Athletic Conference Championships
Morningside University,546,100 Free,5,47.68,Melle van Veen,,Roger Ahlman Invite
Morningside University,546,100 Free,6,48.20,Alejandro Plaza,,Kansas Collegiate Athletic Conference Championships
Morningside University,546,100 Free,7,48.61,PEDRO FERNANDES,,Morningside vs Dordt
Morningside University,546,100 Free,8,48.72,Keaten Rieken,,Kansas Collegiate Athletic Conference Championships
Morningside University,546,100 Free,9,49.05,Mateus Kozlowski,,Kansas Collegiate Athletic Conference Championships
Morningside University,546,100 Free,10,50.15,Hunter Henrich,,Kansas Collegiate Athletic Conference Championships
Morningside University,546,1000 Free,1,10:11.74,Alessandro Zoccolan,,GPAC Invitational
Morningside University,546,1000 Free,2,10:14.62,Santiago Vilches,,Morningside vs ILCC & SMSU
Morningside University,546,1000 Free,3,10:23.36,Jake Bolda,,Roger Ahlman Invite
Morningside University,546,1000 Free,4,10:38.81,Melle van Veen,,Morningside vs ILCC & SMSU
Morningside University,546,1000 Free,5,10:54.45,Alejandro Plaza,,Morningside vs Dordt
Morningside University,546,1000 Free,6,11:56.95,Ethan Van Tassel,,"IWCC vs. Sterling, Morningside"
Morningside University,546,1000 Free,7,12:10.28,Ayden Gilmore,,Morningside vs Dordt
Morningside University,546,1650 Free,1,16:54.12,Jake Bolda,,Kansas Collegiate Athletic Conference Championships
Morningside University,546,1650 Free,2,20:47.45,Ethan Van Tassel,,Kansas Collegiate Athletic Conference Championships
Morningside University,546,200 Back,1,1:51.00,Santiago Vilches,,Kansas Collegiate Athletic Conference Championships
Morningside University,546,200 Back,2,1:56.42,Justin Bay,,Roger Ahlman Invite
Morningside University,546,200 Back,3,1:57.17,Melle van Veen,,Last Chance Meet
Morningside University,546,200 Back,4,2:01.00,Jake Bolda,,Roger Ahlman Invite
Morningside University,546,200 Back,5,2:09.16,Ayden Gilmore,,Roger Ahlman Invite
Morningside University,546,200 Back,6,2:16.02,Caiden Clark,,Kansas Collegiate Athletic Conference Championships
Morningside University,546,200 Breast,1,2:09.83,Alessandro Zoccolan,,Kansas Collegiate Athletic Conference Championships
Morningside University,546,200 Breast,2,2:13.84,Justin Bay,,Morningside vs Nebraska Wesleyan
Morningside University,546,200 Breast,3,2:15.51,Jacob Haase,,Kansas Collegiate Athletic Conference Championships
Morningside University,546,200 Breast,4,2:24.57,Owen Miska,,Kansas Collegiate Athletic Conference Championships
Morningside University,546,200 Breast,5,2:34.91,Alec McEntaffer,,Kansas Collegiate Athletic Conference Championships
Morningside University,546,200 Fly,1,1:57.58,Alessandro Zoccolan,,St. Ambrose vs. Morningside
Morningside University,546,200 Fly,2,2:02.47,PEDRO FERNANDES,,Last Chance Meet
Morningside University,546,200 Fly,3,2:34.38,Ethan Van Tassel,,Kansas Collegiate Athletic Conference Championships
Morningside University,546,200 Free,1,1:40.15,John Spicer,,NAIA National Championships
Morningside University,546,200 Free,2,1:43.13,Santiago Vilches,,KCAC Repaired Upload
Morningside University,546,200 Free,3,1:44.93,Melle van Veen,,Kansas Collegiate Athletic Conference Championships
Morningside University,546,200 Free,4,1:45.63,Alejandro Plaza,,Kansas Collegiate Athletic Conference Championships
Morningside University,546,200 Free,5,1:48.61,Alessandro Zoccolan,,Morningside vs Dordt
Morningside University,546,200 Free,6,1:49.29,Justin Bay,,Morningside vs Dordt
Morningside University,546,200 Free,7,1:49.58,PEDRO FERNANDES,,"IWCC vs. Sterling, Morningside"
Morningside University,546,200 Free,8,1:49.76,Mateus Kozlowski,,Kansas Collegiate Athletic Conference Championships
Morningside University,546,200 Free,9,1:51.15,Keaten Rieken,,Kansas Collegiate Athletic Conference Championships
Morningside University,546,200 Free,10,1:53.85,Jack LaRue,,Morningside vs Morris
Morningside University,546,200 Im,1,1:55.48,Santiago Vilches,,NAIA National Championships
Morningside University,546,200 Im,2,1:57.48,Melle van Veen,,Kansas Collegiate Athletic Conference Championships
Morningside University,546,200 Im,3,1:58.21,Alessandro Zoccolan,,Roger Ahlman Invite
Morningside University,546,200 Im,4,2:03.91,Jake Bolda,,Morningside vs ILCC & SMSU
Morningside University,546,200 Im,5,2:05.16,John Spicer,,"IWCC vs. Sterling, Morningside"
Morningside University,546,200 Im,6,2:05.82,MK Mkhize,,Kansas Collegiate Athletic Conference Championships
Morningside University,546,200 Im,7,2:05.90,Jacob Haase,,Kansas Collegiate Athletic Conference Championships
Morningside University,546,200 Im,8,2:08.02,Alejandro Plaza,,Last Chance Meet
Morningside University,546,200 Im,9,2:12.64,Owen Miska,,Kansas Collegiate Athletic Conference Championships
Morningside University,546,200 Im,10,2:13.99,Alec McEntaffer,,Roger Ahlman Invite
Morningside University,546,400 Im,1,4:11.79,Alessandro Zoccolan,,Kansas Collegiate Athletic Conference Championships
Morningside University,546,400 Im,2,4:18.01,Jake Bolda,,Kansas Collegiate Athletic Conference Championships
Morningside University,546,400 Im,3,4:40.46,Alec McEntaffer,,Kansas Collegiate Athletic Conference Championships
Morningside University,546,50 Free,1,20.83,John Spicer,,NAIA National Championships
Morningside University,546,50 Free,2,21.39,Justin Bay,,Roger Ahlman Invite
Morningside University,546,50 Free,3,21.47,Jack LaRue,,Kansas Collegiate Athletic Conference Championships
Morningside University,546,50 Free,4,21.53,PEDRO FERNANDES,,NAIA National Championships
Morningside University,546,50 Free,5,22.23,Mateus Kozlowski,,Kansas Collegiate Athletic Conference Championships
Morningside University,546,50 Free,6,22.32,Hunter Henrich,,Kansas Collegiate Athletic Conference Championships
Morningside University,546,50 Free,7,22.55,Keaten Rieken,,Kansas Collegiate Athletic Conference Championships
Morningside University,546,50 Free,8,22.67,Alejandro Plaza,,Roger Ahlman Invite
Morningside University,546,50 Free,9,22.76,Melle van Veen,,Kansas Collegiate Athletic Conference Championships
Morningside University,546,50 Free,10,22.81,Santiago Vilches,,Morningside vs ILCC & SMSU
Morningside University,546,500 Free,1,4:49.13,Melle van Veen,,Roger Ahlman Invite
Morningside University,546,500 Free,2,4:49.74,Alessandro Zoccolan,,Kansas Collegiate Athletic Conference Championships
Morningside University,546,500 Free,3,4:51.97,Jake Bolda,,Kansas Collegiate Athletic Conference Championships
Morningside University,546,500 Free,4,4:56.88,Alejandro Plaza,,Kansas Collegiate Athletic Conference Championships
Morningside University,546,500 Free,5,5:23.47,MK Mkhize,,Morningside vs Nebraska Wesleyan
Morningside University,546,500 Free,6,5:50.85,Ethan Van Tassel,,Morningside vs. Minnesota-Morris
New College of Florida,10018994,100 Back,1,50.83,Zsombi Sipaki,,Ave Maria Last Chance Invite
New College of Florida,10018994,100 Fly,1,53.02,Zsombi Sipaki,,The Sun Conference Championships
New College of Florida,10018994,100 Free,1,49.26,Zsombi Sipaki,,2025 Ultimate Gyrene Showdown
New College of Florida,10018994,100 Free,2,1:04.22,Nick Kays,,2025 Gyrene Showdown
New College of Florida,10018994,50 Free,1,22.14,Zsombi Sipaki,,The Sun Conference Championships
New College of Florida,10018994,50 Free,2,28.92,Nick Kays,,2025 Gyrene Showdown
Olivet Nazarene University,10001793,100 Back,1,49.66,Jack Fries,,Kansas Collegiate Athletic Conference Championships
Olivet Nazarene University,10001793,100 Back,2,51.37,Jake Fincher,,Don Kimble Invitational
Olivet Nazarene University,10001793,100 Back,3,52.58,Ollie Shead,,Kansas Collegiate Athletic Conference Championships
Olivet Nazarene University,10001793,100 Back,4,52.83,Luke Johnson,,Don Kimble Invitational
Olivet Nazarene University,10001793,100 Back,5,55.04,Ethan Holwerda,,Wheaton Invitational
Olivet Nazarene University,10001793,100 Back,6,55.90,Ryan Harrison,,Kansas Collegiate Athletic Conference Championships
Olivet Nazarene University,10001793,100 Back,7,56.51,Caleb Norling,,Wheaton Invitational
Olivet Nazarene University,10001793,100 Back,8,57.47,Michael Meinert,,Olivet vs Milliken
Olivet Nazarene University,10001793,100 Back,9,1:18.42,Adrian Zamudio,,Wheaton Invitational
Olivet Nazarene University,10001793,100 Breast,1,58.02,Alejandro Arteaga,,Kansas Collegiate Athletic Conference Championships
Olivet Nazarene University,10001793,100 Breast,2,58.41,Carson Quigley,,Kansas Collegiate Athletic Conference Championships
Olivet Nazarene University,10001793,100 Breast,3,1:00.24,Ethan Holwerda,,Don Kimble Invitational
Olivet Nazarene University,10001793,100 Breast,4,1:00.52,Luke Johnson,,Wheaton Invitational
Olivet Nazarene University,10001793,100 Breast,5,1:00.70,Arturo Cedeno,,Don Kimble Invitational
Olivet Nazarene University,10001793,100 Breast,6,1:02.62,Mario Molina Vazquez,,Kansas Collegiate Athletic Conference Championships
Olivet Nazarene University,10001793,100 Breast,7,1:06.93,Porter Hoffman,,Wheaton Invitational
Olivet Nazarene University,10001793,100 Fly,1,49.02,Jake Fincher,,Don Kimble Invitational
Olivet Nazarene University,10001793,100 Fly,2,50.68,Ollie Shead,,Don Kimble Invitational
Olivet Nazarene University,10001793,100 Fly,3,51.41,Luke Johnson,,Wheaton Invitational
Olivet Nazarene University,10001793,100 Fly,4,52.74,Porter Hoffman,,Olivet vs Milliken
Olivet Nazarene University,10001793,100 Fly,5,53.52,Caleb Norling,,Wheaton Invitational
Olivet Nazarene University,10001793,100 Fly,6,53.56,Ethan Holwerda,,Olivet Nazarene vs. North Central
Olivet Nazarene University,10001793,100 Fly,7,56.26,Ryan Harrison,,Kansas Collegiate Athletic Conference Championships
Olivet Nazarene University,10001793,100 Fly,8,56.46,Michael Meinert,,Kansas Collegiate Athletic Conference Championships
Olivet Nazarene University,10001793,100 Fly,9,56.91,Gabe Karel,,Olivet Nazarene vs. North Central
Olivet Nazarene University,10001793,100 Fly,10,57.15,Jack Fries,,Wheaton Invitational
Olivet Nazarene University,10001793,100 Free,1,45.04,Jack Fries,,Kansas Collegiate Athletic Conference Championships
Olivet Nazarene University,10001793,100 Free,2,46.38,Porter Hoffman,,Kansas Collegiate Athletic Conference Championships
Olivet Nazarene University,10001793,100 Free,3,46.39,Jake Fincher,,Don Kimble Invitational
Olivet Nazarene University,10001793,100 Free,4,47.62,Alejandro Arteaga,,Wheaton Invitational
Olivet Nazarene University,10001793,100 Free,5,48.02,Caleb Norling,,Don Kimble Invitational
Olivet Nazarene University,10001793,100 Free,6,48.45,Carson Quigley,,Don Kimble Invitational
Olivet Nazarene University,10001793,100 Free,7,48.65,Gabe Karel,,Don Kimble Invitational
Olivet Nazarene University,10001793,100 Free,8,48.67,Andrew Bellemare,,Kansas Collegiate Athletic Conference Championships
Olivet Nazarene University,10001793,100 Free,9,48.84,Luke Johnson,,Don Kimble Invitational
Olivet Nazarene University,10001793,100 Free,10,48.87,Hudson Weaver,,Don Kimble Invitational
Olivet Nazarene University,10001793,1000 Free,1,10:11.51,Aleks Parsetich,,Olivet Nazarene vs. North Central
Olivet Nazarene University,10001793,1000 Free,2,10:17.05,David Gann,,Don Kimble Invitational
Olivet Nazarene University,10001793,1000 Free,3,10:47.97,Caleb Norling,,Olivet vs Eastern Illinois
Olivet Nazarene University,10001793,1000 Free,4,11:32.06,Gabe Karel,,Wheaton Invitational
Olivet Nazarene University,10001793,1000 Free,5,11:53.26,Adrian Zamudio,,Olivet Nazarene vs. North Central
Olivet Nazarene University,10001793,1650 Free,1,16:43.75,Aleks Parsetich,,Kansas Collegiate Athletic Conference Championships
Olivet Nazarene University,10001793,1650 Free,2,17:12.42,David Gann,,Don Kimble Invitational
Olivet Nazarene University,10001793,1650 Free,3,18:26.72,Adrian Zamudio,,Kansas Collegiate Athletic Conference Championships
Olivet Nazarene University,10001793,1650 Free,4,19:11.67,Gabe Karel,,Wheaton Invitational
Olivet Nazarene University,10001793,200 Back,1,1:51.69,Jack Fries,,Wheaton Invitational
Olivet Nazarene University,10001793,200 Back,2,1:53.53,Luke Johnson,,Kansas Collegiate Athletic Conference Championships
Olivet Nazarene University,10001793,200 Back,3,1:56.68,Ollie Shead,,Wheaton Invitational
Olivet Nazarene University,10001793,200 Back,4,2:01.82,Ethan Holwerda,,Wheaton Invitational
Olivet Nazarene University,10001793,200 Back,5,2:02.91,Ryan Harrison,,Don Kimble Invitational
Olivet Nazarene University,10001793,200 Back,6,2:03.62,Porter Hoffman,,Bethel Last Chance Invite
Olivet Nazarene University,10001793,200 Back,7,2:07.03,David Gann,,Wheaton Invitational
Olivet Nazarene University,10001793,200 Back,8,2:11.12,Michael Meinert,,Bethel vs. Olivet Nazarene
Olivet Nazarene University,10001793,200 Back,9,2:17.08,Gabe Karel,,Wheaton Invitational
Olivet Nazarene University,10001793,200 Back,10,2:17.33,Aleks Parsetich,,Bethel vs. Olivet Nazarene
Olivet Nazarene University,10001793,200 Breast,1,2:08.61,Ethan Holwerda,,Kansas Collegiate Athletic Conference Championships
Olivet Nazarene University,10001793,200 Breast,2,2:09.06,Alejandro Arteaga,,Kansas Collegiate Athletic Conference Championships
Olivet Nazarene University,10001793,200 Breast,3,2:12.14,Arturo Cedeno,,Don Kimble Invitational
Olivet Nazarene University,10001793,200 Breast,4,2:13.80,Michael Meinert,,Wheaton Invitational
Olivet Nazarene University,10001793,200 Breast,5,2:14.23,Carson Quigley,,Kansas Collegiate Athletic Conference Championships
Olivet Nazarene University,10001793,200 Breast,6,2:14.79,Mario Molina Vazquez,,Kansas Collegiate Athletic Conference Championships
Olivet Nazarene University,10001793,200 Breast,7,2:27.09,David Gann,,Wheaton Invitational
Olivet Nazarene University,10001793,200 Breast,8,2:30.75,Porter Hoffman,,Wheaton Invitational
Olivet Nazarene University,10001793,200 Fly,1,1:51.49,Jake Fincher,,Don Kimble Invitational
Olivet Nazarene University,10001793,200 Fly,2,1:55.69,Ollie Shead,,Don Kimble Invitational
Olivet Nazarene University,10001793,200 Fly,3,1:58.89,Michael Meinert,,Kansas Collegiate Athletic Conference Championships
Olivet Nazarene University,10001793,200 Fly,4,1:59.77,Caleb Norling,,Wheaton Invitational
Olivet Nazarene University,10001793,200 Fly,5,2:07.70,David Gann,,Wheaton Invitational
Olivet Nazarene University,10001793,200 Fly,6,2:10.58,Aleks Parsetich,,Wheaton Invitational
Olivet Nazarene University,10001793,200 Fly,7,2:16.73,Mario Molina Vazquez,,Wheaton Invitational
Olivet Nazarene University,10001793,200 Fly,8,2:19.12,Carson Quigley,,Wheaton Invitational
Olivet Nazarene University,10001793,200 Free,1,1:42.12,Jake Fincher,,Wheaton Invitational
Olivet Nazarene University,10001793,200 Free,2,1:44.62,Caleb Norling,,Kansas Collegiate Athletic Conference Championships
Olivet Nazarene University,10001793,200 Free,3,1:44.81,Porter Hoffman,,Kansas Collegiate Athletic Conference Championships
Olivet Nazarene University,10001793,200 Free,4,1:45.46,Ollie Shead,,Wheaton Invitational
Olivet Nazarene University,10001793,200 Free,5,1:45.64,Andrew Bellemare,,Kansas Collegiate Athletic Conference Championships
Olivet Nazarene University,10001793,200 Free,6,1:45.86,Alejandro Arteaga,,Don Kimble Invitational
Olivet Nazarene University,10001793,200 Free,7,1:48.33,Gabe Karel,,Kansas Collegiate Athletic Conference Championships
Olivet Nazarene University,10001793,200 Free,8,1:50.18,Aleks Parsetich,,Olivet vs Milliken
Olivet Nazarene University,10001793,200 Free,9,1:50.42,Hudson Weaver,,Kansas Collegiate Athletic Conference Championships
Olivet Nazarene University,10001793,200 Free,10,1:53.72,David Gann,,Bethel vs. Olivet Nazarene
Olivet Nazarene University,10001793,200 Im,1,1:50.84,Jack Fries,,Kansas Collegiate Athletic Conference Championships
Olivet Nazarene University,10001793,200 Im,2,1:55.71,Luke Johnson,,Kansas Collegiate Athletic Conference Championships
Olivet Nazarene University,10001793,200 Im,3,1:55.75,Ethan Holwerda,,Kansas Collegiate Athletic Conference Championships
Olivet Nazarene University,10001793,200 Im,4,1:57.43,Michael Meinert,,Kansas Collegiate Athletic Conference Championships
Olivet Nazarene University,10001793,200 Im,5,2:03.09,Arturo Cedeno,,Kansas Collegiate Athletic Conference Championships
Olivet Nazarene University,10001793,200 Im,6,2:06.26,Mario Molina Vazquez,,Don Kimble Invitational
Olivet Nazarene University,10001793,200 Im,7,2:09.39,Caleb Norling,,Olivet Nazarene vs. North Central
Olivet Nazarene University,10001793,200 Im,8,2:26.33,Adrian Zamudio,,Wheaton Invitational
Olivet Nazarene University,10001793,400 Im,1,4:06.94,Jack Fries,,Wheaton Invitational
Olivet Nazarene University,10001793,400 Im,2,4:12.80,Luke Johnson,,Kansas Collegiate Athletic Conference Championships
Olivet Nazarene University,10001793,400 Im,3,4:14.30,Michael Meinert,,Kansas Collegiate Athletic Conference Championships
Olivet Nazarene University,10001793,400 Im,4,4:15.85,Ethan Holwerda,,Kansas Collegiate Athletic Conference Championships
Olivet Nazarene University,10001793,400 Im,5,4:25.62,David Gann,,Don Kimble Invitational
Olivet Nazarene University,10001793,400 Im,6,4:32.56,Porter Hoffman,,Wheaton Invitational
Olivet Nazarene University,10001793,400 Im,7,4:33.35,Mario Molina Vazquez,,Wheaton Invitational
Olivet Nazarene University,10001793,400 Im,8,4:39.69,Aleks Parsetich,,Wheaton Invitational
Olivet Nazarene University,10001793,400 Im,9,4:47.96,Gabe Karel,,Wheaton Invitational
Olivet Nazarene University,10001793,400 Im,10,4:53.06,Carson Quigley,,Wheaton Invitational
Olivet Nazarene University,10001793,50 Free,1,20.97,Jack Fries,,Wheaton Invitational
Olivet Nazarene University,10001793,50 Free,2,21.05,Porter Hoffman,,Kansas Collegiate Athletic Conference Championships
Olivet Nazarene University,10001793,50 Free,3,21.40,Jake Fincher,,Don Kimble Invitational
Olivet Nazarene University,10001793,50 Free,4,21.70,Alejandro Arteaga,,Olivet vs Milliken
Olivet Nazarene University,10001793,50 Free,5,22.27,Hudson Weaver,,Kansas Collegiate Athletic Conference Championships
Olivet Nazarene University,10001793,50 Free,6,22.36,Carson Quigley,,Don Kimble Invitational
Olivet Nazarene University,10001793,50 Free,7,22.39,Gabe Karel,,Don Kimble Invitational
Olivet Nazarene University,10001793,50 Free,8,22.45,Ollie Shead,,Don Kimble Invitational
Olivet Nazarene University,10001793,50 Free,9,22.69,Michael Meinert,,Wheaton Invitational
Olivet Nazarene University,10001793,50 Free,10,22.91,Ethan Holwerda,,Olivet Nazarene vs. North Central
Olivet Nazarene University,10001793,500 Free,1,4:41.31,Jake Fincher,,Kansas Collegiate Athletic Conference Championships
Olivet Nazarene University,10001793,500 Free,2,4:48.51,Andrew Bellemare,,Kansas Collegiate Athletic Conference Championships
Olivet Nazarene University,10001793,500 Free,3,4:50.86,Aleks Parsetich,,Kansas Collegiate Athletic Conference Championships
Olivet Nazarene University,10001793,500 Free,4,4:51.69,Caleb Norling,,Kansas Collegiate Athletic Conference Championships
Olivet Nazarene University,10001793,500 Free,5,4:52.31,David Gann,,Don Kimble Invitational
Olivet Nazarene University,10001793,500 Free,6,5:04.36,Ollie Shead,,Bethel vs. Olivet Nazarene
Olivet Nazarene University,10001793,500 Free,7,5:21.93,Adrian Zamudio,,Kansas Collegiate Athletic Conference Championships
Ottawa University of Arizona,10020248,100 Back,1,57.76,Chris Michael,,Great Southwest Athletic Conference Championship
Ottawa University of Arizona,10020248,100 Back,2,58.74,Kyan Klinger,,Pacific Collegiate Swim Conference Championships
Ottawa University of Arizona,10020248,100 Back,3,59.97,Gavin Gledhill,,Pacific Collegiate Swim Conference Championships
Ottawa University of Arizona,10020248,100 Back,4,1:04.13,Keaheanu Igarta,,"Grand Canyon v. Simon Fraser, ACU, OUAZ, NMSU"
Ottawa University of Arizona,10020248,100 Back,5,1:09.09,Caleb Thomas,,Pacific Collegiate Swim Conference Championships
Ottawa University of Arizona,10020248,100 Breast,1,1:05.24,Evan Brown,,Pacific Collegiate Swim Conference Championships
Ottawa University of Arizona,10020248,100 Breast,2,1:06.14,Brendan Massis,,Holiday Swim Festival
Ottawa University of Arizona,10020248,100 Breast,3,1:07.56,AJ Velez,,Pacific Collegiate Swim Conference Championships
Ottawa University of Arizona,10020248,100 Breast,4,1:13.53,Colton Daniels,,"ACU vs. OUAZ, ASU Club, GCU Club"
Ottawa University of Arizona,10020248,100 Breast,5,1:21.09,Korey Lewis,,"ACU vs. OUAZ, ASU Club, GCU Club"
Ottawa University of Arizona,10020248,100 Fly,1,48.42,Reuben Dobson,,NAIA National Championships
Ottawa University of Arizona,10020248,100 Fly,2,54.11,Chris Michael,,Pacific Collegiate Swim Conference Championships
Ottawa University of Arizona,10020248,100 Fly,3,56.70,Gavin Gledhill,,Pacific Collegiate Swim Conference Championships
Ottawa University of Arizona,10020248,100 Fly,4,56.84,Kyan Klinger,,Pacific Collegiate Swim Conference Championships
Ottawa University of Arizona,10020248,100 Fly,5,58.60,Donnie Perucho,,Holiday Swim Festival
Ottawa University of Arizona,10020248,100 Fly,6,1:00.82,AJ Velez,,Pacific Collegiate Swim Conference Championships
Ottawa University of Arizona,10020248,100 Fly,7,1:01.54,Caleb Thomas,,Pacific Collegiate Swim Conference Championships
Ottawa University of Arizona,10020248,100 Fly,8,1:06.42,Sullivan Fry,,Great Southwest Athletic Conference Championship
Ottawa University of Arizona,10020248,100 Fly,9,1:07.61,Keaheanu Igarta,,"ACU vs. OUAZ, ASU Club, GCU Club"
Ottawa University of Arizona,10020248,100 Free,1,46.04,Reuben Dobson,,Pacific Collegiate Swim Conference Championships
Ottawa University of Arizona,10020248,100 Free,2,49.97,Kyan Klinger,,Pacific Collegiate Swim Conference Championships
Ottawa University of Arizona,10020248,100 Free,3,50.32,Donnie Perucho,,Pacific Collegiate Swim Conference Championships
Ottawa University of Arizona,10020248,100 Free,4,50.97,Brendan Massis,,Holiday Swim Festival
Ottawa University of Arizona,10020248,100 Free,5,51.02,Chris Michael,,Pacific Collegiate Swim Conference Championships
Ottawa University of Arizona,10020248,100 Free,6,52.75,Gavin Gledhill,,Holiday Swim Festival
Ottawa University of Arizona,10020248,100 Free,7,54.08,Evan Brown,,"Grand Canyon v. ACU, OUAZ"
Ottawa University of Arizona,10020248,100 Free,8,54.76,AJ Velez,,Pacific Collegiate Swim Conference Championships
Ottawa University of Arizona,10020248,100 Free,9,56.48,Caleb Thomas,,Pacific Collegiate Swim Conference Championships
Ottawa University of Arizona,10020248,100 Free,10,56.86,Keaheanu Igarta,,"Grand Canyon v. Simon Fraser, ACU, OUAZ, NMSU"
Ottawa University of Arizona,10020248,1000 Free,1,10:33.25,Matthew Tan,,Pacific Collegiate Swim Conference Championships
Ottawa University of Arizona,10020248,1000 Free,2,11:04.28,Chris Michael,,"Grand Canyon v. Simon Fraser, ACU, OUAZ, NMSU"
Ottawa University of Arizona,10020248,200 Back,1,2:03.25,Matthew Tan,,"Grand Canyon v. Simon Fraser, ACU, OUAZ, NMSU"
Ottawa University of Arizona,10020248,200 Back,2,2:17.48,Keaheanu Igarta,,"ACU vs. OUAZ, ASU Club, GCU Club"
Ottawa University of Arizona,10020248,200 Back,3,2:36.84,Caleb Thomas,,Great Southwest Athletic Conference Championship
Ottawa University of Arizona,10020248,200 Breast,1,2:28.51,Evan Brown,,Pacific Collegiate Swim Conference Championships
Ottawa University of Arizona,10020248,200 Breast,2,2:45.99,Keaheanu Igarta,,"Grand Canyon v. Simon Fraser, ACU, OUAZ, NMSU"
Ottawa University of Arizona,10020248,200 Fly,1,1:46.92,Reuben Dobson,,NAIA National Championships
Ottawa University of Arizona,10020248,200 Free,1,1:43.14,Reuben Dobson,,Pacific Collegiate Swim Conference Championships
Ottawa University of Arizona,10020248,200 Free,2,1:48.96,Matthew Tan,,Pacific Collegiate Swim Conference Championships
Ottawa University of Arizona,10020248,200 Free,3,1:51.28,Chris Michael,,Pacific Collegiate Swim Conference Championships
Ottawa University of Arizona,10020248,200 Free,4,1:52.82,Donnie Perucho,,Pacific Collegiate Swim Conference Championships
Ottawa University of Arizona,10020248,200 Free,5,1:52.89,Kyan Klinger,,Pacific Collegiate Swim Conference Championships
Ottawa University of Arizona,10020248,200 Free,6,1:56.14,Brendan Massis,,Holiday Swim Festival
Ottawa University of Arizona,10020248,200 Free,7,1:56.70,Gavin Gledhill,,"Grand Canyon v. ACU, OUAZ"
Ottawa University of Arizona,10020248,200 Free,8,1:58.90,Evan Brown,,Pacific Collegiate Swim Conference Championships
Ottawa University of Arizona,10020248,200 Free,9,2:06.22,AJ Velez,,Great Southwest Athletic Conference Championship
Ottawa University of Arizona,10020248,200 Free,10,2:15.97,Sullivan Fry,,"Grand Canyon v. Simon Fraser, ACU, OUAZ, NMSU"
Ottawa University of Arizona,10020248,200 Im,1,2:12.00,Evan Brown,,Pacific Collegiate Swim Conference Championships
Ottawa University of Arizona,10020248,200 Im,2,2:21.87,Keaheanu Igarta,,"Grand Canyon v. Simon Fraser, ACU, OUAZ, NMSU"
Ottawa University of Arizona,10020248,200 Im,3,2:22.26,AJ Velez,,Great Southwest Athletic Conference Championship
Ottawa University of Arizona,10020248,200 Im,4,2:39.29,Colton Daniels,,"ACU vs. OUAZ, ASU Club, GCU Club"
Ottawa University of Arizona,10020248,50 Free,1,21.02,Reuben Dobson,,NAIA National Championships
Ottawa University of Arizona,10020248,50 Free,2,22.87,Kyan Klinger,,Pacific Collegiate Swim Conference Championships
Ottawa University of Arizona,10020248,50 Free,3,22.95,Brendan Massis,,Holiday Swim Festival
Ottawa University of Arizona,10020248,50 Free,4,23.23,Donnie Perucho,,Pacific Collegiate Swim Conference Championships
Ottawa University of Arizona,10020248,50 Free,5,23.33,Chris Michael,,Pacific Collegiate Swim Conference Championships
Ottawa University of Arizona,10020248,50 Free,6,23.65,Gavin Gledhill,,Holiday Swim Festival
Ottawa University of Arizona,10020248,50 Free,7,24.93,AJ Velez,,Pacific Collegiate Swim Conference Championships
Ottawa University of Arizona,10020248,50 Free,8,24.95,Evan Brown,,"Grand Canyon v. Simon Fraser, ACU, OUAZ, NMSU"
Ottawa University of Arizona,10020248,50 Free,9,25.70,Sullivan Fry,,Pacific Collegiate Swim Conference Championships
Ottawa University of Arizona,10020248,50 Free,10,25.82,Caleb Thomas,,Pacific Collegiate Swim Conference Championships
Ottawa University of Arizona,10020248,500 Free,1,4:49.84,Reuben Dobson,,"Grand Canyon v. Simon Fraser, ACU, OUAZ, NMSU"
Ottawa University of Arizona,10020248,500 Free,2,5:02.24,Matthew Tan,,Pacific Collegiate Swim Conference Championships
Ottawa University of Arizona,10020248,500 Free,3,5:04.14,Chris Michael,,Pacific Collegiate Swim Conference Championships
Ottawa University of Arizona,10020248,500 Free,4,5:39.24,Evan Brown,,"Grand Canyon v. Simon Fraser, ACU, OUAZ, NMSU"
Ottawa University of Arizona,10020248,500 Free,5,5:57.71,Sullivan Fry,,Pacific Collegiate Swim Conference Championships
Saint Ambrose University,10009914,100 Back,1,48.99,Maxi Jacquet,,NAIA National Championships
Saint Ambrose University,10009914,100 Back,2,49.37,Jayden Coetzer,,Rochester Invitational
Saint Ambrose University,10009914,100 Back,3,49.51,Riley Stevenson,,NAIA National Championships
Saint Ambrose University,10009914,100 Back,4,51.10,Carter Gaber,,Liberal Arts Championships
Saint Ambrose University,10009914,100 Back,5,51.33,Gavin Hopewell,,Liberal Arts Championships
Saint Ambrose University,10009914,100 Back,6,52.65,Gonzalo Saenz Liberal,,Rochester Invitational
Saint Ambrose University,10009914,100 Back,7,53.77,Landon Boerke,,Liberal Arts Championships
Saint Ambrose University,10009914,100 Back,8,53.99,Nathan Anderson,,Liberal Arts Championships
Saint Ambrose University,10009914,100 Back,9,55.66,Michael Taylor,,Liberal Arts Championships
Saint Ambrose University,10009914,100 Back,10,55.82,David Schneider,,Liberal Arts Championships
Saint Ambrose University,10009914,100 Breast,1,53.76,Cory Werrett,,NAIA National Championships
Saint Ambrose University,10009914,100 Breast,2,56.13,Luke Thomas,,Liberal Arts Championships
Saint Ambrose University,10009914,100 Breast,3,1:00.37,Joe Wileman,,Liberal Arts Championships
Saint Ambrose University,10009914,100 Breast,4,1:00.85,Thomas Noller,,Liberal Arts Championships
Saint Ambrose University,10009914,100 Breast,5,1:01.48,Landon Boerke,,Liberal Arts Championships
Saint Ambrose University,10009914,100 Breast,6,1:01.83,Joseph Blasen,,Liberal Arts Championships
Saint Ambrose University,10009914,100 Breast,7,1:02.14,Riley Stevenson,,Norse Sprint Invitational
Saint Ambrose University,10009914,100 Breast,8,1:02.28,Marat Usov,,St. Ambrose vs. Morningside
Saint Ambrose University,10009914,100 Breast,9,1:02.67,Nathan Calhoun,,Liberal Arts Championships
Saint Ambrose University,10009914,100 Breast,10,1:02.78,Adrian Ferre Aguero,,Davenport October Invite
Saint Ambrose University,10009914,100 Fly,1,48.21,Jayden Coetzer,,Rochester Invitational
Saint Ambrose University,10009914,100 Fly,2,50.52,Luke Thomas,,Rochester Invitational
Saint Ambrose University,10009914,100 Fly,3,50.79,Riley Stevenson,,NAIA National Championships
Saint Ambrose University,10009914,100 Fly,4,51.05,Maxi Jacquet,,Liberal Arts Championships
Saint Ambrose University,10009914,100 Fly,5,51.67,Gonzalo Saenz Liberal,,Rochester Invitational
Saint Ambrose University,10009914,100 Fly,6,52.24,Carter Gaber,,Rochester Invitational
Saint Ambrose University,10009914,100 Fly,7,52.42,Landon Boerke,,Liberal Arts Championships
Saint Ambrose University,10009914,100 Fly,8,53.38,Juan De Armas,,Davenport October Invite
Saint Ambrose University,10009914,100 Fly,9,53.52,Marat Usov,,NAIA National Championships
Saint Ambrose University,10009914,100 Fly,10,53.83,Sebastian Pereira,,Augustana College (IL) vs. St. Ambrose University
Saint Ambrose University,10009914,100 Free,1,43.59,Cory Werrett,,Rochester Invitational
Saint Ambrose University,10009914,100 Free,2,45.65,Maxi Jacquet,,NAIA National Championships
Saint Ambrose University,10009914,100 Free,3,46.26,Riley Stevenson,,Rochester Invitational
Saint Ambrose University,10009914,100 Free,4,46.47,Gavin Hopewell,,Liberal Arts Championships
Saint Ambrose University,10009914,100 Free,5,46.54,Carter Gaber,,Liberal Arts Championships
Saint Ambrose University,10009914,100 Free,6,46.65,Panagiotis Pappous,,Liberal Arts Championships
Saint Ambrose University,10009914,100 Free,7,46.84,Marat Usov,,Liberal Arts Championships
Saint Ambrose University,10009914,100 Free,8,47.14,Carter Prull,,Liberal Arts Championships
Saint Ambrose University,10009914,100 Free,9,48.10,Gonzalo Saenz Liberal,,Rochester Invitational
Saint Ambrose University,10009914,100 Free,10,48.25,Juan De Armas,,Davenport October Invite
Saint Ambrose University,10009914,1000 Free,1,9:51.71,Juan De Armas,,Liberal Arts Championships
Saint Ambrose University,10009914,1000 Free,2,10:19.81,Finn Miller,,Liberal Arts Championships
Saint Ambrose University,10009914,1000 Free,3,10:36.79,Luke Sproule,,Augustana College (IL) vs. St. Ambrose University
Saint Ambrose University,10009914,1000 Free,4,10:38.27,Vincent Meo,,Liberal Arts Championships
Saint Ambrose University,10009914,1000 Free,5,10:49.97,Gyorgy Domonokos,,Davenport October Invite
Saint Ambrose University,10009914,1000 Free,6,10:54.30,Sam Gillham,,Liberal Arts Championships
Saint Ambrose University,10009914,1650 Free,1,16:19.27,Juan De Armas,,Liberal Arts Championships
Saint Ambrose University,10009914,1650 Free,2,17:15.58,Finn Miller,,Liberal Arts Championships
Saint Ambrose University,10009914,1650 Free,3,17:34.16,Luke Sproule,,Augustana College (IL) vs. St. Ambrose University
Saint Ambrose University,10009914,1650 Free,4,17:38.56,Vincent Meo,,Liberal Arts Championships
Saint Ambrose University,10009914,1650 Free,5,18:10.54,Sam Gillham,,Liberal Arts Championships
Saint Ambrose University,10009914,200 Back,1,1:47.99,Maxi Jacquet,,Liberal Arts Championships
Saint Ambrose University,10009914,200 Back,2,1:49.26,Jayden Coetzer,,NAIA National Championships
Saint Ambrose University,10009914,200 Back,3,1:51.44,Gavin Hopewell,,NAIA National Championships
Saint Ambrose University,10009914,200 Back,4,1:58.43,David Schneider,,Liberal Arts Championships
Saint Ambrose University,10009914,200 Back,5,1:58.81,Nathan Anderson,,Liberal Arts Championships
Saint Ambrose University,10009914,200 Back,6,2:00.63,Luke Sproule,,Rochester Invitational
Saint Ambrose University,10009914,200 Back,7,2:01.44,Michael Taylor,,Liberal Arts Championships
Saint Ambrose University,10009914,200 Back,8,2:02.50,Marat Usov,,St. Ambrose vs. Morningside
Saint Ambrose University,10009914,200 Back,9,2:04.64,Ryan Safta,,Davenport October Invite
Saint Ambrose University,10009914,200 Breast,1,2:01.79,Luke Thomas,,Liberal Arts Championships
Saint Ambrose University,10009914,200 Breast,2,2:04.48,Marat Usov,,NAIA National Championships
Saint Ambrose University,10009914,200 Breast,3,2:11.58,Joseph Blasen,,Liberal Arts Championships
Saint Ambrose University,10009914,200 Breast,4,2:13.29,Joe Wileman,,Liberal Arts Championships
Saint Ambrose University,10009914,200 Breast,5,2:13.43,Thomas Noller,,Liberal Arts Championships
Saint Ambrose University,10009914,200 Breast,6,2:16.27,Landon Boerke,,Liberal Arts Championships
Saint Ambrose University,10009914,200 Breast,7,2:17.36,Cory Werrett,,St. Ambrose vs. Morningside
Saint Ambrose University,10009914,200 Breast,8,2:18.02,Gyorgy Domonokos,,Liberal Arts Championships
Saint Ambrose University,10009914,200 Breast,9,2:20.49,Nathan Calhoun,,Liberal Arts Championships
Saint Ambrose University,10009914,200 Breast,10,2:22.84,Walter De Jongh,,Rochester Invitational
Saint Ambrose University,10009914,200 Fly,1,1:53.91,Marat Usov,,Rochester Invitational
Saint Ambrose University,10009914,200 Fly,2,1:55.75,Luke Sproule,,Liberal Arts Championships
Saint Ambrose University,10009914,200 Fly,3,1:57.06,Jayden Coetzer,,2026 Grinnell Invite
Saint Ambrose University,10009914,200 Fly,4,1:57.70,Juan De Armas,,St. Ambrose vs. Grinnell
Saint Ambrose University,10009914,200 Fly,5,2:04.25,Nathan Calhoun,,Liberal Arts Championships
Saint Ambrose University,10009914,200 Fly,6,2:05.77,Gyorgy Domonokos,,Liberal Arts Championships
Saint Ambrose University,10009914,200 Fly,7,2:07.68,Tate Kuennen,,Davenport October Invite
Saint Ambrose University,10009914,200 Free,1,1:40.31,Cory Werrett,,NAIA National Championships
Saint Ambrose University,10009914,200 Free,2,1:41.99,Juan De Armas,,Liberal Arts Championships
Saint Ambrose University,10009914,200 Free,3,1:43.93,Gavin Hopewell,,Liberal Arts Championships
Saint Ambrose University,10009914,200 Free,4,1:44.21,Luke Sproule,,Liberal Arts Championships
Saint Ambrose University,10009914,200 Free,5,1:44.34,Finn Miller,,Liberal Arts Championships
Saint Ambrose University,10009914,200 Free,6,1:45.42,Marat Usov,,St. Ambrose vs. Morningside
Saint Ambrose University,10009914,200 Free,7,1:46.58,Adrian Ferre Aguero,,Liberal Arts Championships
Saint Ambrose University,10009914,200 Free,8,1:47.58,Maxi Jacquet,,2026 Grinnell Invite
Saint Ambrose University,10009914,200 Free,9,1:48.30,Vincent Meo,,Liberal Arts Championships
Saint Ambrose University,10009914,200 Free,10,1:48.53,Joe Wileman,,Liberal Arts Championships
Saint Ambrose University,10009914,200 Im,1,1:51.21,Maxi Jacquet,,NAIA National Championships
Saint Ambrose University,10009914,200 Im,2,1:55.03,Marat Usov,,2026 Grinnell Invite
Saint Ambrose University,10009914,200 Im,3,1:55.79,Jayden Coetzer,,Davenport October Invite
Saint Ambrose University,10009914,200 Im,4,1:55.99,Luke Thomas,,Liberal Arts Championships
Saint Ambrose University,10009914,200 Im,5,1:58.75,Landon Boerke,,Liberal Arts Championships
Saint Ambrose University,10009914,200 Im,6,1:59.50,Thomas Noller,,Liberal Arts Championships
Saint Ambrose University,10009914,200 Im,7,2:00.16,Luke Sproule,,Rochester Invitational
Saint Ambrose University,10009914,200 Im,8,2:00.43,Joe Wileman,,Liberal Arts Championships
Saint Ambrose University,10009914,200 Im,9,2:02.27,David Schneider,,Liberal Arts Championships
Saint Ambrose University,10009914,200 Im,10,2:02.53,Gyorgy Domonokos,,Liberal Arts Championships
Saint Ambrose University,10009914,400 Im,1,3:57.00,Marat Usov,,NAIA National Championships
Saint Ambrose University,10009914,400 Im,2,4:09.08,Luke Sproule,,Liberal Arts Championships
Saint Ambrose University,10009914,400 Im,3,4:18.18,Joe Wileman,,Liberal Arts Championships
Saint Ambrose University,10009914,400 Im,4,4:23.89,Gyorgy Domonokos,,Liberal Arts Championships
Saint Ambrose University,10009914,400 Im,5,4:25.30,Jayden Coetzer,,St. Ambrose vs. Morningside
Saint Ambrose University,10009914,400 Im,6,4:29.05,Landon Boerke,,Davenport October Invite
Saint Ambrose University,10009914,400 Im,7,4:39.28,Michael Taylor,,2026 Grinnell Invite
Saint Ambrose University,10009914,400 Im,8,4:48.02,Sebastian Pereira,,Davenport October Invite
Saint Ambrose University,10009914,400 Im,9,4:57.47,Joseph Blasen,,2026 Grinnell Invite
Saint Ambrose University,10009914,400 Im,10,5:00.70,Nathan Calhoun,,St. Ambrose vs. Morningside
Saint Ambrose University,10009914,50 Free,1,19.97,Cory Werrett,,Rochester Invitational
Saint Ambrose University,10009914,50 Free,2,20.84,Riley Stevenson,,Rochester Invitational
Saint Ambrose University,10009914,50 Free,3,20.86,Carter Gaber,,Liberal Arts Championships
Saint Ambrose University,10009914,50 Free,4,20.88,Maxi Jacquet,,Liberal Arts Championships
Saint Ambrose University,10009914,50 Free,5,21.23,Gavin Hopewell,,Liberal Arts Championships
Saint Ambrose University,10009914,50 Free,6,21.25,Carter Prull,,St. Ambrose vs. Grinnell
Saint Ambrose University,10009914,50 Free,7,21.56,Panagiotis Pappous,,Liberal Arts Championships
Saint Ambrose University,10009914,50 Free,8,21.77,Gonzalo Saenz Liberal,,Liberal Arts Championships
Saint Ambrose University,10009914,50 Free,9,21.90,Marat Usov,,2026 Grinnell Invite
Saint Ambrose University,10009914,50 Free,10,21.94,Luke Thomas,,2026 Grinnell Invite
Saint Ambrose University,10009914,500 Free,1,4:31.31,Marat Usov,,NAIA National Championships
Saint Ambrose University,10009914,500 Free,2,4:35.56,Juan De Armas,,NAIA National Championships
Saint Ambrose University,10009914,500 Free,3,4:45.82,Luke Sproule,,Liberal Arts Championships
Saint Ambrose University,10009914,500 Free,4,4:50.86,Finn Miller,,Liberal Arts Championships
Saint Ambrose University,10009914,500 Free,5,4:57.08,Vincent Meo,,Liberal Arts Championships
Saint Ambrose University,10009914,500 Free,6,4:58.93,Adrian Ferre Aguero,,Liberal Arts Championships
Saint Ambrose University,10009914,500 Free,7,5:15.04,Sam Gillham,,Liberal Arts Championships
Saint Ambrose University,10009914,500 Free,8,5:17.65,Gyorgy Domonokos,,St. Ambrose vs. Grinnell
Saint Ambrose University,10009914,500 Free,9,5:36.63,Carter Prull,,St. Ambrose vs. Morningside
Saint Ambrose University,10009914,500 Free,10,5:49.59,Joseph Blasen,,Davenport October Invite
Savannah College of Art and Design,526,100 Back,1,49.35,Dario Rukavina,,NAIA National Championships
Savannah College of Art and Design,526,100 Back,2,49.60,Finlay Saunders,,NAIA National Championships
Savannah College of Art and Design,526,100 Back,3,50.66,Zoltan Tompos,,SCAD Last chance
Savannah College of Art and Design,526,100 Back,4,55.12,Ryan Lipnick,,Gamecock Invitational
Savannah College of Art and Design,526,100 Breast,1,55.62,Zsombor Paksi,,The Sun Conference Championships
Savannah College of Art and Design,526,100 Breast,2,56.68,Levente MOZSÁRIK,,SCAD Last chance
Savannah College of Art and Design,526,100 Breast,3,56.84,Naz Sementsov,,The Sun Conference Championships
Savannah College of Art and Design,526,100 Fly,1,47.82,Levente MOZSÁRIK,,SCAD vs. Life vs. Brenau
Savannah College of Art and Design,526,100 Fly,2,47.99,Bo Kasten,,NAIA National Championships
Savannah College of Art and Design,526,100 Fly,3,48.78,Zsombor Paksi,,Gamecock Invitational
Savannah College of Art and Design,526,100 Fly,4,49.08,Jan Gastal,,Gamecock Invitational
Savannah College of Art and Design,526,100 Fly,5,50.21,Jackson Voelkel,,NAIA National Championships
Savannah College of Art and Design,526,100 Fly,6,50.57,Jake Litchfield,,SCAD Last chance
Savannah College of Art and Design,526,100 Fly,7,54.34,Sam Carlson,,Gamecock Invitational
Savannah College of Art and Design,526,100 Fly,8,54.40,Ábel Eszenyi,,NAIA National Championships
Savannah College of Art and Design,526,100 Fly,9,55.78,Ryan Lipnick,,Gamecock Invitational
Savannah College of Art and Design,526,100 Fly,10,55.90,Dario Rukavina,,Gamecock Invitational
Savannah College of Art and Design,526,100 Free,1,42.64,Levente MOZSÁRIK,,The Sun Conference Championships
Savannah College of Art and Design,526,100 Free,2,43.60,Zoltan Tompos,,NAIA National Championships
Savannah College of Art and Design,526,100 Free,3,44.67,Jan Gastal,,NAIA National Championships
Savannah College of Art and Design,526,100 Free,4,45.12,Caed Peterson,,NAIA National Championships
Savannah College of Art and Design,526,100 Free,5,46.04,Jake Litchfield,,The Sun Conference Championships
Savannah College of Art and Design,526,100 Free,6,46.52,Jackson Voelkel,,SCAD Last chance
Savannah College of Art and Design,526,100 Free,7,46.54,Cohen Mackay,,Gamecock Invitational
Savannah College of Art and Design,526,100 Free,8,48.15,Ábel Eszenyi,,Gamecock Invitational
Savannah College of Art and Design,526,100 Free,9,48.82,Charlie Ragland,,SCAD vs. Life vs. Brenau
Savannah College of Art and Design,526,100 Free,10,48.86,Sam Carlson,,The Sun Conference Championships
Savannah College of Art and Design,526,1000 Free,1,9:31.22,Ábel Eszenyi,,Gamecock Invitational
Savannah College of Art and Design,526,1000 Free,2,9:51.14,Ryan Lipnick,,Gamecock Invitational
Savannah College of Art and Design,526,1000 Free,3,9:59.24,Garrison Allen,,The Sun Conference Championships
Savannah College of Art and Design,526,1000 Free,4,10:00.38,Charlie Ragland,,The Sun Conference Championships
Savannah College of Art and Design,526,1000 Free,5,10:41.47,Nathan Somers,,SCAD vs. Milligan vs. Keiser
Savannah College of Art and Design,526,1650 Free,1,15:51.37,Ábel Eszenyi,,The Sun Conference Championships
Savannah College of Art and Design,526,1650 Free,2,16:18.04,Ryan Lipnick,,The Sun Conference Championships
Savannah College of Art and Design,526,1650 Free,3,16:35.39,Charlie Ragland,,The Sun Conference Championships
Savannah College of Art and Design,526,1650 Free,4,16:38.86,Garrison Allen,,The Sun Conference Championships
Savannah College of Art and Design,526,200 Back,1,1:46.63,Finlay Saunders,,NAIA National Championships
Savannah College of Art and Design,526,200 Back,2,1:49.28,Dario Rukavina,,NAIA National Championships
Savannah College of Art and Design,526,200 Breast,1,2:00.80,Ábel Eszenyi,,Gamecock Invitational
Savannah College of Art and Design,526,200 Breast,2,2:06.35,Bo Kasten,,Gamecock Invitational
Savannah College of Art and Design,526,200 Breast,3,2:09.28,Naz Sementsov,,Gamecock Invitational
Savannah College of Art and Design,526,200 Fly,1,1:47.82,Zsombor Paksi,,Gamecock Invitational
Savannah College of Art and Design,526,200 Fly,2,1:48.66,Bo Kasten,,NAIA National Championships
Savannah College of Art and Design,526,200 Fly,3,2:03.84,Jackson Voelkel,,SCAD vs. Milligan vs. Keiser
Savannah College of Art and Design,526,200 Free,1,1:35.38,Zoltan Tompos,,NAIA National Championships
Savannah College of Art and Design,526,200 Free,2,1:37.34,Levente MOZSÁRIK,,NAIA National Championships
Savannah College of Art and Design,526,200 Free,3,1:38.74,Zsombor Paksi,,Gamecock Invitational
Savannah College of Art and Design,526,200 Free,4,1:38.94,Jan Gastal,,NAIA National Championships
Savannah College of Art and Design,526,200 Free,5,1:41.16,Caed Peterson,,NAIA National Championships
Savannah College of Art and Design,526,200 Free,6,1:43.36,Cohen Mackay,,Gamecock Invitational
Savannah College of Art and Design,526,200 Free,7,1:43.60,Charlie Ragland,,The Sun Conference Championships
Savannah College of Art and Design,526,200 Free,8,1:44.21,Ábel Eszenyi,,Gamecock Invitational
Savannah College of Art and Design,526,200 Free,9,1:44.66,Garrison Allen,,The Sun Conference Championships
Savannah College of Art and Design,526,200 Im,1,1:51.02,Dario Rukavina,,NAIA National Championships
Savannah College of Art and Design,526,200 Im,2,1:58.68,Charlie Ragland,,Gamecock Invitational
Savannah College of Art and Design,526,200 Im,3,1:59.49,Naz Sementsov,,Gamecock Invitational
Savannah College of Art and Design,526,200 Im,4,1:59.74,Bo Kasten,,SCAD vs. Milligan vs. Keiser
Savannah College of Art and Design,526,400 Im,1,3:55.16,Ábel Eszenyi,,NAIA National Championships
Savannah College of Art and Design,526,400 Im,2,4:08.72,Dario Rukavina,,Gamecock Invitational
Savannah College of Art and Design,526,400 Im,3,4:08.85,Ryan Lipnick,,Gamecock Invitational
Savannah College of Art and Design,526,400 Im,4,4:24.87,Charlie Ragland,,SCAD vs. Milligan vs. Keiser
Savannah College of Art and Design,526,50 Free,1,19.30,Levente MOZSÁRIK,,NAIA National Championships
Savannah College of Art and Design,526,50 Free,2,20.08,Zoltan Tompos,,NAIA National Championships
Savannah College of Art and Design,526,50 Free,3,20.42,Caed Peterson,,The Sun Conference Championships
Savannah College of Art and Design,526,50 Free,4,20.64,Jan Gastal,,NAIA National Championships
Savannah College of Art and Design,526,50 Free,5,20.82,Jackson Voelkel,,SCAD Last chance
Savannah College of Art and Design,526,50 Free,6,20.83,Jake Litchfield,,The Sun Conference Championships
Savannah College of Art and Design,526,50 Free,7,21.20,Sam Carlson,,SCAD Last chance
Savannah College of Art and Design,526,50 Free,8,21.20,Bo Kasten,,NAIA National Championships
Savannah College of Art and Design,526,50 Free,9,21.30,Cohen Mackay,,Gamecock Invitational
Savannah College of Art and Design,526,50 Free,10,21.37,Naz Sementsov,,The Sun Conference Championships
Savannah College of Art and Design,526,500 Free,1,4:38.97,Zsombor Paksi,,SCAD Last chance
Savannah College of Art and Design,526,500 Free,2,4:42.16,Ryan Lipnick,,NAIA National Championships
Savannah College of Art and Design,526,500 Free,3,4:42.19,Garrison Allen,,The Sun Conference Championships
Savannah College of Art and Design,526,500 Free,4,4:43.98,Charlie Ragland,,SCAD Last chance
Savannah College of Art and Design,526,500 Free,5,5:08.37,Nathan Somers,,SCAD vs. Milligan vs. Keiser
Shawnee State University,10023753,100 Back,1,53.25,Josiah Changar,,College of Wooster Invite
Shawnee State University,10023753,100 Back,2,54.44,Alex Ray,,Mid-South Conference Championships
Shawnee State University,10023753,100 Back,3,54.92,Evan Ater,,Mid-South Conference Championships
Shawnee State University,10023753,100 Back,4,55.19,Josiah Ramdeen,,Mid-South Conference Championships
Shawnee State University,10023753,100 Back,5,56.24,Robert Gibson,,13th Annual Fall Frenzy
Shawnee State University,10023753,100 Back,6,58.59,Sean Thom,,Mid-South Conference Championships
Shawnee State University,10023753,100 Back,7,1:02.82,Luke Lunsford,,Shawnee State vs. Pikeville
Shawnee State University,10023753,100 Back,8,1:03.49,Allan Gonzalez,,Shawnee St @ IWU
Shawnee State University,10023753,100 Back,9,1:04.23,Aidan Montgomery,,13th Annual Fall Frenzy
Shawnee State University,10023753,100 Back,10,1:05.26,Tucker Hall,,13th Annual Fall Frenzy
Shawnee State University,10023753,100 Breast,1,1:00.39,Luke Lunsford,,College of Wooster Invite
Shawnee State University,10023753,100 Breast,2,1:05.39,Josiah Ramdeen,,Shawnee St @ IWU
Shawnee State University,10023753,100 Breast,3,1:08.05,Alex Ray,,Shawnee State vs. Pikeville
Shawnee State University,10023753,100 Breast,4,1:09.79,Allan Gonzalez,,13th Annual Fall Frenzy
Shawnee State University,10023753,100 Breast,5,1:13.16,Kami Walusimbi,,Midway vs. Shawnee State vs. Indiana Wesleyan
Shawnee State University,10023753,100 Breast,6,1:13.23,Evan Ater,,13th Annual Fall Frenzy
Shawnee State University,10023753,100 Breast,7,1:15.14,Aidan Montgomery,,College of Wooster Invite
Shawnee State University,10023753,100 Breast,8,1:17.67,Tucker Hall,,Shawnee State vs. Midway vs. West Virginia  Tech vs. Pikeville
Shawnee State University,10023753,100 Fly,1,51.45,Malik Nelson,,College of Wooster Invite
Shawnee State University,10023753,100 Fly,2,52.03,Tony Goodwin,,College of Wooster Invite
Shawnee State University,10023753,100 Fly,3,55.57,Allan Gonzalez,,College of Wooster Invite
Shawnee State University,10023753,100 Fly,4,56.29,Robert Gibson,,Mid-South Conference Championships
Shawnee State University,10023753,100 Fly,5,57.28,Tucker Hall,,College of Wooster Invite
Shawnee State University,10023753,100 Fly,6,57.43,Josiah Changar,,Shawnee St @ IWU
Shawnee State University,10023753,100 Fly,7,1:02.67,Luke Lunsford,,13th Annual Fall Frenzy
Shawnee State University,10023753,100 Fly,8,1:03.66,Aidan Montgomery,,13th Annual Fall Frenzy
Shawnee State University,10023753,100 Fly,9,1:04.06,Thomas Kessler,,Shawnee State vs. Midway vs. West Virginia  Tech vs. Pikeville
Shawnee State University,10023753,100 Fly,10,1:04.52,Josiah Ramdeen,,13th Annual Fall Frenzy
Shawnee State University,10023753,100 Free,1,46.58,Malik Nelson,,College of Wooster Invite
Shawnee State University,10023753,100 Free,2,47.16,Josiah Changar,,College of Wooster Invite
Shawnee State University,10023753,100 Free,3,47.86,Kutay Ababay,,College of Wooster Invite
Shawnee State University,10023753,100 Free,4,48.05,Tony Goodwin,,College of Wooster Invite
Shawnee State University,10023753,100 Free,5,49.01,Josiah Ramdeen,,College of Wooster Invite
Shawnee State University,10023753,100 Free,6,49.52,Evan Ater,,College of Wooster Invite
Shawnee State University,10023753,100 Free,7,49.56,Alex Ray,,College of Wooster Invite
Shawnee State University,10023753,100 Free,8,52.01,Allan Gonzalez,,Mid-South Conference Championships
Shawnee State University,10023753,100 Free,9,52.26,Thomas Kessler,,UPike vs Shawnee State
Shawnee State University,10023753,100 Free,10,52.35,Sean Thom,,Mid-South Conference Championships
Shawnee State University,10023753,1000 Free,1,10:34.24,Robert Gibson,,Shawnee St @ IWU
Shawnee State University,10023753,1000 Free,2,10:50.08,Thomas Kessler,,Mid-South Conference Championships
Shawnee State University,10023753,1000 Free,3,10:51.75,Tony Goodwin,,Mid-South Conference Championships
Shawnee State University,10023753,1000 Free,4,13:32.02,Aidan Montgomery,,Cumberlands vs. Shawnee State
Shawnee State University,10023753,1650 Free,1,17:44.07,Robert Gibson,,Mid-South Conference Championships
Shawnee State University,10023753,1650 Free,2,17:57.63,Thomas Kessler,,Mid-South Conference Championships
Shawnee State University,10023753,1650 Free,3,18:39.13,Tony Goodwin,,Mid-South Conference Championships
Shawnee State University,10023753,200 Back,1,2:00.55,Alex Ray,,Mid-South Conference Championships
Shawnee State University,10023753,200 Back,2,2:01.71,Evan Ater,,Mid-South Conference Championships
Shawnee State University,10023753,200 Back,3,2:06.71,Josiah Ramdeen,,College of Wooster Invite
Shawnee State University,10023753,200 Back,4,2:12.66,Robert Gibson,,13th Annual Fall Frenzy
Shawnee State University,10023753,200 Back,5,2:17.30,Luke Lunsford,,Shawnee St @ IWU
Shawnee State University,10023753,200 Breast,1,2:17.55,Luke Lunsford,,Mid-South Conference Championships
Shawnee State University,10023753,200 Breast,2,2:50.25,Aidan Montgomery,,Shawnee St @ IWU
Shawnee State University,10023753,200 Fly,1,2:04.96,Allan Gonzalez,,College of Wooster Invite
Shawnee State University,10023753,200 Fly,2,2:16.20,Robert Gibson,,Shawnee State vs. Pikeville
Shawnee State University,10023753,200 Free,1,1:47.10,Kutay Ababay,,College of Wooster Invite
Shawnee State University,10023753,200 Free,2,1:48.48,Robert Gibson,,College of Wooster Invite
Shawnee State University,10023753,200 Free,3,1:51.16,Alex Ray,,College of Wooster Invite
Shawnee State University,10023753,200 Free,4,1:52.42,Thomas Kessler,,Mid-South Conference Championships
Shawnee State University,10023753,200 Free,5,1:53.47,Tony Goodwin,,13th Annual Fall Frenzy
Shawnee State University,10023753,200 Free,6,1:53.62,Josiah Ramdeen,,College of Wooster Invite
Shawnee State University,10023753,200 Free,7,1:54.58,Luke Lunsford,,Shawnee St @ IWU
Shawnee State University,10023753,200 Free,8,1:57.61,Allan Gonzalez,,College of Wooster Invite
Shawnee State University,10023753,200 Free,9,1:57.66,Evan Ater,,UPike vs Shawnee State
Shawnee State University,10023753,200 Free,10,1:59.39,Kami Walusimbi,,College of Wooster Invite
Shawnee State University,10023753,200 Im,1,2:03.98,Josiah Ramdeen,,Mid-South Conference Championships
Shawnee State University,10023753,200 Im,2,2:07.07,Robert Gibson,,Shawnee State vs. Pikeville
Shawnee State University,10023753,200 Im,3,2:07.30,Allan Gonzalez,,College of Wooster Invite
Shawnee State University,10023753,200 Im,4,2:07.63,Luke Lunsford,,Mid-South Conference Championships
Shawnee State University,10023753,200 Im,5,2:10.54,Tony Goodwin,,13th Annual Fall Frenzy
Shawnee State University,10023753,200 Im,6,2:13.52,Malik Nelson,,Midway vs. Shawnee State vs. Indiana Wesleyan
Shawnee State University,10023753,200 Im,7,2:19.57,Aidan Montgomery,,College of Wooster Invite
Shawnee State University,10023753,400 Im,1,4:29.75,Robert Gibson,,College of Wooster Invite
Shawnee State University,10023753,400 Im,2,4:42.98,Allan Gonzalez,,College of Wooster Invite
Shawnee State University,10023753,400 Im,3,5:05.70,Josiah Ramdeen,,13th Annual Fall Frenzy
Shawnee State University,10023753,50 Free,1,21.20,Malik Nelson,,College of Wooster Invite
Shawnee State University,10023753,50 Free,2,21.30,Josiah Changar,,College of Wooster Invite
Shawnee State University,10023753,50 Free,3,21.54,Evan Ater,,College of Wooster Invite
Shawnee State University,10023753,50 Free,4,21.56,Kutay Ababay,,College of Wooster Invite
Shawnee State University,10023753,50 Free,5,21.69,Tony Goodwin,,College of Wooster Invite
Shawnee State University,10023753,50 Free,6,22.24,Alex Ray,,College of Wooster Invite
Shawnee State University,10023753,50 Free,7,22.44,Luke Lunsford,,College of Wooster Invite
Shawnee State University,10023753,50 Free,8,22.57,Sean Thom,,Mid-South Conference Championships
Shawnee State University,10023753,50 Free,9,22.84,Robert Gibson,,Cumberlands vs. Shawnee State
Shawnee State University,10023753,50 Free,10,23.07,Josiah Ramdeen,,College of Wooster Invite
Shawnee State University,10023753,500 Free,1,4:57.40,Robert Gibson,,College of Wooster Invite
Shawnee State University,10023753,500 Free,2,5:04.39,Thomas Kessler,,Mid-South Conference Championships
Shawnee State University,10023753,500 Free,3,5:09.60,Tony Goodwin,,Mid-South Conference Championships
Shawnee State University,10023753,500 Free,4,5:15.92,Luke Lunsford,,College of Wooster Invite
Shawnee State University,10023753,500 Free,5,5:19.62,Alex Ray,,College of Wooster Invite
Simpson University (CA),10023246,100 Back,1,1:03.40,Teo Barthelemy,,Logger Invitational
Simpson University (CA),10023246,100 Back,2,1:06.01,Reef Lowell,,Great Southwest Athletic Conference Championship
Simpson University (CA),10023246,100 Breast,1,1:00.02,Reef Lowell,,Pacific Collegiate Swim Conference Championships
Simpson University (CA),10023246,100 Breast,2,1:00.37,Teo Barthelemy,,Pacific Collegiate Swim Conference Championships
Simpson University (CA),10023246,100 Breast,3,1:03.75,Joshua Mitchell,,Great Southwest Athletic Conference Championship
Simpson University (CA),10023246,100 Breast,4,1:12.80,Elliot Cook,,Logger Invitational
Simpson University (CA),10023246,100 Fly,1,1:03.10,Julian Finger,,UCSC Slug Shootout
Simpson University (CA),10023246,100 Free,1,49.31,Reef Lowell,,Pacific Collegiate Swim Conference Championships
Simpson University (CA),10023246,100 Free,2,49.92,Teo Barthelemy,,Logger Invitational
Simpson University (CA),10023246,100 Free,3,53.27,Elliot Cook,,Logger Invitational
Simpson University (CA),10023246,100 Free,4,53.81,Julian Finger,,University of California Santa Cruz vs. Simpson
Simpson University (CA),10023246,1000 Free,1,11:18.69,Julian Finger,,UCSC Slug Shootout
Simpson University (CA),10023246,1000 Free,2,11:28.00,Elliot Cook,,Pacific Collegiate Swim Conference Championships
Simpson University (CA),10023246,1650 Free,1,19:07.02,Julian Finger,,UCSC Slug Shootout
Simpson University (CA),10023246,1650 Free,2,20:00.52,Elliot Cook,,UCSC Slug Shootout
Simpson University (CA),10023246,200 Breast,1,2:28.32,Teo Barthelemy,,UCSC Slug Shootout
Simpson University (CA),10023246,200 Breast,2,2:33.43,Joshua Mitchell,,UCSC Slug Shootout
Simpson University (CA),10023246,200 Free,1,1:55.96,Elliot Cook,,Pacific Collegiate Swim Conference Championships
Simpson University (CA),10023246,200 Free,2,1:56.88,Julian Finger,,University of California Santa Cruz vs. Simpson
Simpson University (CA),10023246,50 Free,1,22.16,Reef Lowell,,Logger Invitational
Simpson University (CA),10023246,50 Free,2,22.25,Teo Barthelemy,,Logger Invitational
Simpson University (CA),10023246,50 Free,3,24.15,Joshua Mitchell,,Logger Invitational
Simpson University (CA),10023246,50 Free,4,25.28,Elliot Cook,,UCSC Slug Shootout
Simpson University (CA),10023246,50 Free,5,25.54,Julian Finger,,Pacific Collegiate Swim Conference Championships
Simpson University (CA),10023246,500 Free,1,5:16.52,Julian Finger,,Pacific Collegiate Swim Conference Championships
Simpson University (CA),10023246,500 Free,2,5:24.31,Elliot Cook,,Pacific Collegiate Swim Conference Championships
Soka University,362,100 Back,1,53.13,Alex Skrzypek,,Great Southwest Athletic Conference Championship
Soka University,362,100 Back,2,57.54,Feliks Czarnecki,,Bulldog Pentathlon 2025
Soka University,362,100 Back,3,57.77,Jaeger Frazier,,Bulldog Pentathlon 2025
Soka University,362,100 Back,4,58.24,Keegan Nichols,,La Verne Invitational
Soka University,362,100 Back,5,1:03.69,Rion Kunimoto,,La Verne Invitational
Soka University,362,100 Back,6,1:14.46,Ren Rydberg,,Pacific Collegiate Swim Conference Championships
Soka University,362,100 Back,7,2:54.65,Gabo Orozco,,La Verne Invitational
Soka University,362,100 Back,8,3:57.73,Aakash Baral,,La Verne Invitational
Soka University,362,100 Breast,1,1:00.02,Jaeger Frazier,,Pacific Collegiate Swim Conference Championships
Soka University,362,100 Breast,2,1:10.42,Rion Kunimoto,,Bulldog Pentathlon 2025
Soka University,362,100 Breast,3,1:30.51,Ren Rydberg,,Bulldog Pentathlon 2025
Soka University,362,100 Fly,1,52.08,Feliks Czarnecki,,Pacific Collegiate Swim Conference Championships
Soka University,362,100 Fly,2,53.04,Keegan Nichols,,Pacific Collegiate Swim Conference Championships
Soka University,362,100 Fly,3,53.09,Alex Skrzypek,,Pacific Collegiate Swim Conference Championships
Soka University,362,100 Fly,4,55.86,Jaeger Frazier,,Bulldog Pentathlon 2025
Soka University,362,100 Fly,5,56.00,Rion Kunimoto,,Great Southwest Athletic Conference Championship
Soka University,362,100 Free,1,46.82,Feliks Czarnecki,,Pacific Collegiate Swim Conference Championships
Soka University,362,100 Free,2,47.65,Alex Skrzypek,,Great Southwest Athletic Conference Championship
Soka University,362,100 Free,3,48.24,Jaeger Frazier,,Pacific Collegiate Swim Conference Championships
Soka University,362,100 Free,4,49.82,Rion Kunimoto,,Pacific Collegiate Swim Conference Championships
Soka University,362,100 Free,5,49.95,Keegan Nichols,,Pacific Collegiate Swim Conference Championships
Soka University,362,100 Free,6,1:03.22,Ren Rydberg,,Pacific Collegiate Swim Conference Championships
Soka University,362,100 Free,7,1:35.38,Gabo Orozco,,La Verne Invitational
Soka University,362,100 Free,8,2:01.69,Aakash Baral,,Great Southwest Athletic Conference Championship
Soka University,362,200 Back,1,1:58.68,Alex Skrzypek,,Great Southwest Athletic Conference Championship
Soka University,362,200 Breast,1,2:22.35,Jaeger Frazier,,UCSC Slug Shootout
Soka University,362,200 Fly,1,2:03.41,Keegan Nichols,,Pacific Collegiate Swim Conference Championships
Soka University,362,200 Free,1,1:45.82,Jaeger Frazier,,Pacific Collegiate Swim Conference Championships
Soka University,362,200 Free,2,1:53.57,Feliks Czarnecki,,Triple Distance Invitational
Soka University,362,200 Free,3,1:56.93,Rion Kunimoto,,Caltech vs. Masters vs. Soka
Soka University,362,50 Free,1,21.39,Feliks Czarnecki,,Pacific Collegiate Swim Conference Championships
Soka University,362,50 Free,2,21.92,Alex Skrzypek,,Great Southwest Athletic Conference Championship
Soka University,362,50 Free,3,22.27,Jaeger Frazier,,Pacific Collegiate Swim Conference Championships
Soka University,362,50 Free,4,22.60,Keegan Nichols,,Pacific Collegiate Swim Conference Championships
Soka University,362,50 Free,5,22.74,Rion Kunimoto,,Pacific Collegiate Swim Conference Championships
Soka University,362,50 Free,6,28.21,Ren Rydberg,,Pacific Collegiate Swim Conference Championships
Soka University,362,50 Free,7,41.02,Gabo Orozco,,La Verne Invitational
Soka University,362,50 Free,8,52.10,Aakash Baral,,Great Southwest Athletic Conference Championship
St. Thomas University (FL),10023296,100 Back,1,48.34,Kervens Warnon,,The Sun Conference Championships
St. Thomas University (FL),10023296,100 Back,2,49.48,Flynn Smith,,NAIA National Championships
St. Thomas University (FL),10023296,100 Back,3,49.61,Aldo Zepeda,,The Sun Conference Championships
St. Thomas University (FL),10023296,100 Back,4,49.81,Rafa Gonzalez Gamez,,Small College Championship Cup
St. Thomas University (FL),10023296,100 Back,5,51.39,Love Mellegard Fasten,,Ave Maria Last Chance Invite
St. Thomas University (FL),10023296,100 Back,6,52.01,Alex Tovar,,Small College Championship Cup
St. Thomas University (FL),10023296,100 Back,7,52.32,Adam Conrad,,Indian River vs. St. Thomas (FL)
St. Thomas University (FL),10023296,100 Back,8,52.53,Kalou Aimable,,Florida Tech Classic
St. Thomas University (FL),10023296,100 Back,9,52.90,Chase Salling,,The Sun Conference Championships
St. Thomas University (FL),10023296,100 Back,10,53.79,Aldo Pedroza Vargas,,Florida Atlantic vs. St. Thomas (FL)
St. Thomas University (FL),10023296,100 Breast,1,55.14,Eric Risland,,NAIA National Championships
St. Thomas University (FL),10023296,100 Breast,2,55.37,Albert Whitlock,,Small College Championship Cup
St. Thomas University (FL),10023296,100 Breast,3,55.91,Iker Ramirez,,Small College Championship Cup
St. Thomas University (FL),10023296,100 Breast,4,56.46,Samuel Yepes Londono,,Florida Tech Classic
St. Thomas University (FL),10023296,100 Breast,5,57.28,Joshko Lipp,,Small College Championship Cup
St. Thomas University (FL),10023296,100 Breast,6,59.31,Ivan Anzarski,,Small College Championship Cup
St. Thomas University (FL),10023296,100 Breast,7,1:00.06,Adam Conrad,,Nova Southeastern vs. St. Thomas (FL) vs. Barry
St. Thomas University (FL),10023296,100 Breast,8,1:00.74,Uriah Campbell,,Small College Championship Cup
St. Thomas University (FL),10023296,100 Breast,9,1:00.98,Luis Perdomo Leyva,,Small College Championship Cup
St. Thomas University (FL),10023296,100 Breast,10,1:01.63,Garfield Zeng,,Nova Southeastern vs. St. Thomas (FL) vs. Barry
St. Thomas University (FL),10023296,100 Fly,1,48.09,Jayen Viscaino,,NAIA National Championships
St. Thomas University (FL),10023296,100 Fly,2,49.18,Elliot Best,,The Sun Conference Championships
St. Thomas University (FL),10023296,100 Fly,3,49.45,Kervens Warnon,,NAIA National Championships
St. Thomas University (FL),10023296,100 Fly,4,49.63,Chase Salling,,Small College Championship Cup
St. Thomas University (FL),10023296,100 Fly,5,50.44,Eric Risland,,Small College Championship Cup
St. Thomas University (FL),10023296,100 Fly,6,50.92,Love Mellegard Fasten,,The Sun Conference Championships
St. Thomas University (FL),10023296,100 Fly,7,51.45,Adam Conrad,,Florida Tech Classic
St. Thomas University (FL),10023296,100 Fly,8,51.81,Gustavo Tunon,,Small College Championship Cup
St. Thomas University (FL),10023296,100 Fly,9,51.87,William Hansen,,Small College Championship Cup
St. Thomas University (FL),10023296,100 Fly,10,51.88,Daniele Vernaleone,,Small College Championship Cup
St. Thomas University (FL),10023296,100 Free,1,45.00,Rafa Gonzalez Gamez,,Small College Championship Cup
St. Thomas University (FL),10023296,100 Free,2,45.54,Love Mellegard Fasten,,The Sun Conference Championships
St. Thomas University (FL),10023296,100 Free,3,46.15,Jayen Viscaino,,The Sun Conference Championships
St. Thomas University (FL),10023296,100 Free,4,46.19,Mert Basaran,,Small College Championship Cup
St. Thomas University (FL),10023296,100 Free,5,46.21,Kalou Aimable,,Small College Championship Cup
St. Thomas University (FL),10023296,100 Free,6,46.37,Luis Perdomo Leyva,,Small College Championship Cup
St. Thomas University (FL),10023296,100 Free,7,46.58,William Hansen,,Ave Maria Last Chance Invite
St. Thomas University (FL),10023296,100 Free,8,46.83,Aldo Pedroza Vargas,,Small College Championship Cup
St. Thomas University (FL),10023296,100 Free,9,46.85,Ali Alawi,,Small College Championship Cup
St. Thomas University (FL),10023296,100 Free,10,46.89,Yandy Placeres,,The Sun Conference Championships
St. Thomas University (FL),10023296,1000 Free,1,9:18.62,Alan Gonzalez Torres,,Small College Championship Cup
St. Thomas University (FL),10023296,1000 Free,2,9:40.02,Flynn Smith,,St. Thomas vs. Ave Maria/New College of Florida
St. Thomas University (FL),10023296,1000 Free,3,9:41.79,Jack Finnie,,NAIA National Championships
St. Thomas University (FL),10023296,1000 Free,4,9:43.55,Yusuf Sekerci,,Small College Championship Cup
St. Thomas University (FL),10023296,1000 Free,5,9:47.30,Benito Choucair Villela Junqueira,,NAIA National Championships
St. Thomas University (FL),10023296,1000 Free,6,9:48.27,Constantino Rau,,The Sun Conference Championships
St. Thomas University (FL),10023296,1000 Free,7,9:51.93,Istvan Akos Besenyi,,Small College Championship Cup
St. Thomas University (FL),10023296,1000 Free,8,10:03.37,Juan Sebastian Mantilla,,Small College Championship Cup
St. Thomas University (FL),10023296,1000 Free,9,10:07.97,Julian Lezcano,,The Sun Conference Championships
St. Thomas University (FL),10023296,1000 Free,10,10:19.20,Ali Alawi,,St. Thomas vs. Ave Maria/New College of Florida
St. Thomas University (FL),10023296,1650 Free,1,15:30.13,Alan Gonzalez Torres,,NAIA National Championships
St. Thomas University (FL),10023296,1650 Free,2,16:10.96,Yusuf Sekerci,,Small College Championship Cup
St. Thomas University (FL),10023296,1650 Free,3,16:12.66,Benito Choucair Villela Junqueira,,The Sun Conference Championships
St. Thomas University (FL),10023296,1650 Free,4,16:13.52,Jack Finnie,,NAIA National Championships
St. Thomas University (FL),10023296,1650 Free,5,16:14.79,Constantino Rau,,The Sun Conference Championships
St. Thomas University (FL),10023296,1650 Free,6,16:36.17,Istvan Akos Besenyi,,Small College Championship Cup
St. Thomas University (FL),10023296,1650 Free,7,16:47.69,Julian Lezcano,,The Sun Conference Championships
St. Thomas University (FL),10023296,1650 Free,8,16:52.28,Juan Sebastian Mantilla,,Small College Championship Cup
St. Thomas University (FL),10023296,1650 Free,9,17:19.91,GIANLUCA CHABLA,,Small College Championship Cup
St. Thomas University (FL),10023296,200 Back,1,1:46.08,Kervens Warnon,,NAIA National Championships
St. Thomas University (FL),10023296,200 Back,2,1:46.92,Flynn Smith,,NAIA National Championships
St. Thomas University (FL),10023296,200 Back,3,1:51.92,Kalou Aimable,,Small College Championship Cup
St. Thomas University (FL),10023296,200 Back,4,1:53.40,Adam Conrad,,Indian River vs. St. Thomas (FL)
St. Thomas University (FL),10023296,200 Back,5,1:53.55,Aldo Zepeda,,Ave Maria Last Chance Invite
St. Thomas University (FL),10023296,200 Back,6,1:53.83,Alan Gonzalez Torres,,Small College Championship Cup
St. Thomas University (FL),10023296,200 Back,7,1:53.99,Alex Tovar,,The Sun Conference Championships
St. Thomas University (FL),10023296,200 Back,8,1:55.07,Aldo Pedroza Vargas,,Small College Championship Cup
St. Thomas University (FL),10023296,200 Back,9,2:01.69,Istvan Akos Besenyi,,Nova Southeastern vs. St. Thomas (FL) vs. Barry
St. Thomas University (FL),10023296,200 Back,10,2:02.16,Joshko Lipp,,Indian River vs. St. Thomas (FL)
St. Thomas University (FL),10023296,200 Breast,1,2:00.10,Adam Conrad,,The Sun Conference Championships
St. Thomas University (FL),10023296,200 Breast,2,2:03.96,Eric Risland,,NAIA National Championships
St. Thomas University (FL),10023296,200 Breast,3,2:04.35,Samuel Yepes Londono,,Florida Tech Classic
St. Thomas University (FL),10023296,200 Breast,4,2:05.30,Iker Ramirez,,Small College Championship Cup
St. Thomas University (FL),10023296,200 Breast,5,2:05.47,Joshko Lipp,,Small College Championship Cup
St. Thomas University (FL),10023296,200 Breast,6,2:08.11,Albert Whitlock,,Small College Championship Cup
St. Thomas University (FL),10023296,200 Breast,7,2:08.54,Ivan Anzarski,,Small College Championship Cup
St. Thomas University (FL),10023296,200 Breast,8,2:12.59,Istvan Akos Besenyi,,St. Thomas (FL) vs. Barry
St. Thomas University (FL),10023296,200 Breast,9,2:18.30,Garfield Zeng,,St. Thomas vs. Ave Maria/New College of Florida
St. Thomas University (FL),10023296,200 Breast,10,2:18.67,Aldo Pedroza Vargas,,St. Thomas (FL) vs. Barry
St. Thomas University (FL),10023296,200 Fly,1,1:48.35,Elliot Best,,NAIA National Championships
St. Thomas University (FL),10023296,200 Fly,2,1:49.42,Selim Hassan,,The Sun Conference Championships
St. Thomas University (FL),10023296,200 Fly,3,1:51.40,Mert Basaran,,Small College Championship Cup
St. Thomas University (FL),10023296,200 Fly,4,1:51.82,Jayen Viscaino,,Small College Championship Cup
St. Thomas University (FL),10023296,200 Fly,5,1:52.71,Adam Conrad,,Florida Atlantic vs. St. Thomas (FL)
St. Thomas University (FL),10023296,200 Fly,6,1:52.87,Chase Salling,,The Sun Conference Championships
St. Thomas University (FL),10023296,200 Fly,7,1:53.22,Daniele Vernaleone,,Small College Championship Cup
St. Thomas University (FL),10023296,200 Fly,8,1:56.10,Constantino Rau,,Small College Championship Cup
St. Thomas University (FL),10023296,200 Fly,9,1:58.21,Gustavo Tunon,,Small College Championship Cup
St. Thomas University (FL),10023296,200 Fly,10,2:00.30,Ali Alawi,,Ave Maria Last Chance Invite
St. Thomas University (FL),10023296,200 Free,1,1:38.58,Mert Basaran,,NAIA National Championships
St. Thomas University (FL),10023296,200 Free,2,1:40.57,Rafa Gonzalez Gamez,,Small College Championship Cup
St. Thomas University (FL),10023296,200 Free,3,1:40.62,Jack Finnie,,NAIA National Championships
St. Thomas University (FL),10023296,200 Free,4,1:41.05,Kalou Aimable,,NAIA National Championships
St. Thomas University (FL),10023296,200 Free,5,1:41.26,Istvan Akos Besenyi,,Small College Championship Cup
St. Thomas University (FL),10023296,200 Free,6,1:41.28,Aldo Pedroza Vargas,,Small College Championship Cup
St. Thomas University (FL),10023296,200 Free,7,1:41.54,Ali Alawi,,Ave Maria Last Chance Invite
St. Thomas University (FL),10023296,200 Free,8,1:41.58,Flynn Smith,,The Sun Conference Championships
St. Thomas University (FL),10023296,200 Free,9,1:41.59,Alan Gonzalez Torres,,NAIA National Championships
St. Thomas University (FL),10023296,200 Free,10,1:42.07,Yandy Placeres,,Small College Championship Cup
St. Thomas University (FL),10023296,200 Im,1,1:47.92,Adam Conrad,,NAIA National Championships
St. Thomas University (FL),10023296,200 Im,2,1:50.34,Eric Risland,,NAIA National Championships
St. Thomas University (FL),10023296,200 Im,3,1:50.49,Mert Basaran,,NAIA National Championships
St. Thomas University (FL),10023296,200 Im,4,1:51.24,Selim Hassan,,The Sun Conference Championships
St. Thomas University (FL),10023296,200 Im,5,1:51.32,Istvan Akos Besenyi,,Small College Championship Cup
St. Thomas University (FL),10023296,200 Im,6,1:54.50,Iker Ramirez,,The Sun Conference Championships
St. Thomas University (FL),10023296,200 Im,7,1:54.69,Ivan Anzarski,,The Sun Conference Championships
St. Thomas University (FL),10023296,200 Im,8,1:55.25,Samuel Yepes Londono,,Florida Tech Classic
St. Thomas University (FL),10023296,200 Im,9,1:55.61,Joshko Lipp,,The Sun Conference Championships
St. Thomas University (FL),10023296,200 Im,10,2:00.05,Aldo Pedroza Vargas,,St. Thomas (FL) vs. Barry
St. Thomas University (FL),10023296,400 Im,1,3:52.16,Adam Conrad,,NAIA National Championships
St. Thomas University (FL),10023296,400 Im,2,3:59.45,Elliot Best,,NAIA National Championships
St. Thomas University (FL),10023296,400 Im,3,3:59.80,Istvan Akos Besenyi,,Small College Championship Cup
St. Thomas University (FL),10023296,400 Im,4,4:03.73,Selim Hassan,,NAIA National Championships
St. Thomas University (FL),10023296,400 Im,5,4:08.90,Benito Choucair Villela Junqueira,,NAIA National Championships
St. Thomas University (FL),10023296,400 Im,6,4:09.55,Constantino Rau,,The Sun Conference Championships
St. Thomas University (FL),10023296,400 Im,7,4:11.43,Julian Lezcano,,Small College Championship Cup
St. Thomas University (FL),10023296,400 Im,8,4:12.79,Mert Basaran,,Florida Tech Classic
St. Thomas University (FL),10023296,50 Free,1,20.68,Rafa Gonzalez Gamez,,Small College Championship Cup
St. Thomas University (FL),10023296,50 Free,2,20.71,Love Mellegard Fasten,,Small College Championship Cup
St. Thomas University (FL),10023296,50 Free,3,20.83,Aldo Zepeda,,NAIA National Championships
St. Thomas University (FL),10023296,50 Free,4,20.91,Jayen Viscaino,,Small College Championship Cup
St. Thomas University (FL),10023296,50 Free,5,21.02,Kalou Aimable,,Small College Championship Cup
St. Thomas University (FL),10023296,50 Free,6,21.32,William Hansen,,Ave Maria Last Chance Invite
St. Thomas University (FL),10023296,50 Free,7,21.32,Luis Castellano,,Small College Championship Cup
St. Thomas University (FL),10023296,50 Free,8,21.39,Mert Basaran,,The Sun Conference Championships
St. Thomas University (FL),10023296,50 Free,9,21.41,Luis Perdomo Leyva,,Ave Maria Last Chance Invite
St. Thomas University (FL),10023296,50 Free,10,21.43,Uriah Campbell,,Small College Championship Cup
St. Thomas University (FL),10023296,500 Free,1,4:28.18,Alan Gonzalez Torres,,NAIA National Championships
St. Thomas University (FL),10023296,500 Free,2,4:32.85,Flynn Smith,,The Sun Conference Championships
St. Thomas University (FL),10023296,500 Free,3,4:33.54,Jack Finnie,,NAIA National Championships
St. Thomas University (FL),10023296,500 Free,4,4:34.79,Elliot Best,,The Sun Conference Championships
St. Thomas University (FL),10023296,500 Free,5,4:39.18,Yandy Placeres,,Small College Championship Cup
St. Thomas University (FL),10023296,500 Free,6,4:40.25,Constantino Rau,,The Sun Conference Championships
St. Thomas University (FL),10023296,500 Free,7,4:41.65,Aldo Pedroza Vargas,,Small College Championship Cup
St. Thomas University (FL),10023296,500 Free,8,4:42.10,Istvan Akos Besenyi,,Florida Tech Classic
St. Thomas University (FL),10023296,500 Free,9,4:42.62,Benito Choucair Villela Junqueira,,The Sun Conference Championships
St. Thomas University (FL),10023296,500 Free,10,4:43.70,Ali Alawi,,The Sun Conference Championships
Sterling College,10020657,100 Back,1,1:07.09,JJ Silmon,,UNK Invite Sprint Meet 2
Sterling College,10020657,100 Back,2,1:07.36,Gavin Turner,,Kansas Collegiate Athletic Conference Championships
Sterling College,10020657,100 Breast,1,1:11.97,Parker Rea,,"Rockhurst, Sterling, vs Saint Mary Double Dual meet"
Sterling College,10020657,100 Breast,2,1:12.25,JJ Silmon,,OCU Eagle Invite
Sterling College,10020657,100 Fly,1,1:00.61,JJ Silmon,,Kansas Collegiate Athletic Conference Championships
Sterling College,10020657,100 Fly,2,1:03.71,Ian Esquivel,,Kansas Collegiate Athletic Conference Championships
Sterling College,10020657,100 Free,1,52.16,Parker Rea,,Kansas Collegiate Athletic Conference Championships
Sterling College,10020657,100 Free,2,57.32,Ian Esquivel,,Kansas Collegiate Athletic Conference Championships
Sterling College,10020657,100 Free,3,57.77,JJ Silmon,,"Rockhurst, Sterling, vs Saint Mary Double Dual meet"
Sterling College,10020657,100 Free,4,1:00.10,Gavin Turner,,Kansas Collegiate Athletic Conference Championships
Sterling College,10020657,200 Back,1,2:28.71,JJ Silmon,,OCU Eagle Invite
Sterling College,10020657,200 Free,1,2:01.23,Parker Rea,,OCU Eagle Invite
Sterling College,10020657,200 Free,2,2:08.18,Ian Esquivel,,OCU Eagle Invite
Sterling College,10020657,200 Im,1,2:22.93,JJ Silmon,,OCU Eagle Invite
Sterling College,10020657,50 Free,1,23.60,Parker Rea,,Kansas Collegiate Athletic Conference Championships
Sterling College,10020657,50 Free,2,25.11,JJ Silmon,,"IWCC vs. Sterling, Morningside"
Sterling College,10020657,50 Free,3,25.41,Ian Esquivel,,Kansas Collegiate Athletic Conference Championships
Sterling College,10020657,50 Free,4,26.35,Gavin Turner,,OCU Eagle Invite
Sterling College,10020657,500 Free,1,6:24.31,Ian Esquivel,,Oklahoma Christian vs. Sterling vs. Saint Mary (KS)
The Master's University,10011277,100 Back,1,49.84,Evan Nail,,The Masters v Pomona-Pitzer
The Master's University,10011277,100 Back,2,50.07,Dylan Crane,,Pacific Collegiate Swim Conference Championships
The Master's University,10011277,100 Back,3,50.29,Ethan Soni,,Pacific Collegiate Swim Conference Championships
The Master's University,10011277,100 Back,4,50.73,Michael Loughboro,,Pacific Collegiate Swim Conference Championships
The Master's University,10011277,100 Back,5,54.21,Kaden Danninger,,Pacific Collegiate Swim Conference Championships
The Master's University,10011277,100 Back,6,54.39,Grant Wong,,Pacific Collegiate Swim Conference Championships
The Master's University,10011277,100 Back,7,59.50,Samuel Chen,,La Verne Invitational
The Master's University,10011277,100 Breast,1,54.66,Evan Nail,,La Verne Invitational
The Master's University,10011277,100 Breast,2,58.96,Desmond Clay Sutanto,,The Masters v Pomona-Pitzer
The Master's University,10011277,100 Breast,3,59.19,Charley Sears,,Pacific Collegiate Swim Conference Championships
The Master's University,10011277,100 Breast,4,1:04.23,Grant Wong,,Great Southwest Athletic Conference Championship
The Master's University,10011277,100 Breast,5,1:06.57,Isaac Erazo,,Triple Distance Invitational
The Master's University,10011277,100 Breast,6,1:09.70,Sean O'Connor,,Pacific Collegiate Swim Conference Championships
The Master's University,10011277,100 Fly,1,48.48,Evan Nail,,The Masters v Pomona-Pitzer
The Master's University,10011277,100 Fly,2,48.49,Izaiah Trevino-lozano,,Pacific Collegiate Swim Conference Championships
The Master's University,10011277,100 Fly,3,51.41,Keiden Sutanto,,La Verne Invitational
The Master's University,10011277,100 Fly,4,53.17,Desmond Clay Sutanto,,Rodionoff Invite
The Master's University,10011277,100 Fly,5,53.48,Grant Wong,,Pacific Collegiate Swim Conference Championships
The Master's University,10011277,100 Fly,6,54.10,Ethan Soni,,Pacific Collegiate Swim Conference Championships
The Master's University,10011277,100 Fly,7,54.18,Kaden Danninger,,Pacific Collegiate Swim Conference Championships
The Master's University,10011277,100 Fly,8,55.14,Charley Sears,,Pacific Collegiate Swim Conference Championships
The Master's University,10011277,100 Fly,9,58.03,Michael Loughboro,,The Masters v Pomona-Pitzer
The Master's University,10011277,100 Fly,10,58.08,William Butts,,La Verne Invitational
The Master's University,10011277,100 Free,1,43.93,Izaiah Trevino-lozano,,NAIA National Championships
The Master's University,10011277,100 Free,2,44.41,Evan Nail,,La Verne Invitational
The Master's University,10011277,100 Free,3,44.53,Dylan Crane,,NAIA National Championships
The Master's University,10011277,100 Free,4,47.05,Charley Sears,,Rodionoff Invite
The Master's University,10011277,100 Free,5,47.43,Keiden Sutanto,,La Verne Invitational
The Master's University,10011277,100 Free,6,47.46,Andrew Crabtree,,Pacific Collegiate Swim Conference Championships
The Master's University,10011277,100 Free,7,47.62,Michael Loughboro,,La Verne Invitational
The Master's University,10011277,100 Free,8,48.00,Desmond Clay Sutanto,,Caltech vs. Masters vs. Soka
The Master's University,10011277,100 Free,9,48.87,Kaden Danninger,,Pacific Collegiate Swim Conference Championships
The Master's University,10011277,100 Free,10,51.46,Grant Wong,,The Masters v Pomona-Pitzer
The Master's University,10011277,1000 Free,1,9:36.72,Izaiah Trevino-lozano,,Triple Distance Invitational
The Master's University,10011277,1000 Free,2,10:07.56,Tyler Prieb,,Pacific Collegiate Swim Conference Championships
The Master's University,10011277,1000 Free,3,10:52.98,Samuel Chen,,Pacific Collegiate Swim Conference Championships
The Master's University,10011277,1000 Free,4,11:04.28,Gerardo Garcia,,Triple Distance Invitational
The Master's University,10011277,1000 Free,5,11:24.82,Andrew Crabtree,,Rodionoff Invite
The Master's University,10011277,1000 Free,6,13:58.97,Sean O'Connor,,Biola vs. Westmont vs. Masters vs. Concordia
The Master's University,10011277,1650 Free,1,17:05.69,Tyler Prieb,,La Verne Invitational
The Master's University,10011277,1650 Free,2,18:48.45,Samuel Chen,,Great Southwest Athletic Conference Championship
The Master's University,10011277,200 Back,1,1:53.68,Ethan Soni,,Pacific Collegiate Swim Conference Championships
The Master's University,10011277,200 Back,2,1:54.45,Michael Loughboro,,La Verne Invitational
The Master's University,10011277,200 Back,3,2:03.39,Grant Wong,,Pacific Collegiate Swim Conference Championships
The Master's University,10011277,200 Back,4,2:08.65,Samuel Chen,,La Verne Invitational
The Master's University,10011277,200 Back,5,2:11.52,William Butts,,Pacific Collegiate Swim Conference Championships
The Master's University,10011277,200 Back,6,2:15.91,Kaden Danninger,,Triple Distance Invitational
The Master's University,10011277,200 Breast,1,1:58.38,Evan Nail,,NAIA National Championships
The Master's University,10011277,200 Breast,2,2:05.37,Charley Sears,,Pacific Collegiate Swim Conference Championships
The Master's University,10011277,200 Breast,3,2:11.50,Desmond Clay Sutanto,,The Masters v Pomona-Pitzer
The Master's University,10011277,200 Breast,4,2:29.24,Isaac Erazo,,La Verne Invitational
The Master's University,10011277,200 Breast,5,2:34.74,Sean O'Connor,,Pacific Collegiate Swim Conference Championships
The Master's University,10011277,200 Fly,1,1:45.71,Izaiah Trevino-lozano,,NAIA National Championships
The Master's University,10011277,200 Fly,2,2:07.38,Tyler Prieb,,Great Southwest Athletic Conference Championship
The Master's University,10011277,200 Fly,3,2:11.99,William Butts,,Pacific Collegiate Swim Conference Championships
The Master's University,10011277,200 Free,1,1:34.91,Izaiah Trevino-lozano,,NAIA National Championships
The Master's University,10011277,200 Free,2,1:37.66,Dylan Crane,,NAIA National Championships
The Master's University,10011277,200 Free,3,1:38.97,Evan Nail,,La Verne Invitational
The Master's University,10011277,200 Free,4,1:40.90,Charley Sears,,La Verne Invitational
The Master's University,10011277,200 Free,5,1:45.59,Michael Loughboro,,Pacific Collegiate Swim Conference Championships
The Master's University,10011277,200 Free,6,1:46.94,Andrew Crabtree,,Pacific Collegiate Swim Conference Championships
The Master's University,10011277,200 Free,7,1:48.34,Tyler Prieb,,Pacific Collegiate Swim Conference Championships
The Master's University,10011277,200 Free,8,1:48.91,Gerardo Garcia,,Triple Distance Invitational
The Master's University,10011277,200 Free,9,2:03.20,Samuel Chen,,Rodionoff Invite
The Master's University,10011277,200 Free,10,2:06.24,Sean O'Connor,,Pacific Collegiate Swim Conference Championships
The Master's University,10011277,200 Im,1,1:46.06,Evan Nail,,NAIA National Championships
The Master's University,10011277,200 Im,2,1:51.06,Charley Sears,,La Verne Invitational
The Master's University,10011277,200 Im,3,1:58.26,Desmond Clay Sutanto,,Rodionoff Invite
The Master's University,10011277,200 Im,4,2:02.32,Michael Loughboro,,Great Southwest Athletic Conference Championship
The Master's University,10011277,200 Im,5,2:02.67,Kaden Danninger,,The Masters v Pomona-Pitzer
The Master's University,10011277,200 Im,6,2:03.95,Ethan Soni,,Pacific Collegiate Swim Conference Championships
The Master's University,10011277,200 Im,7,2:04.82,Grant Wong,,Pacific Collegiate Swim Conference Championships
The Master's University,10011277,200 Im,8,2:08.87,William Butts,,Pacific Collegiate Swim Conference Championships
The Master's University,10011277,200 Im,9,2:09.22,Gerardo Garcia,,Biola vs. Westmont vs. Masters vs. Concordia
The Master's University,10011277,400 Im,1,3:48.16,Evan Nail,,NAIA National Championships
The Master's University,10011277,400 Im,2,4:05.52,Charley Sears,,Pacific Collegiate Swim Conference Championships
The Master's University,10011277,400 Im,3,4:37.02,Grant Wong,,Great Southwest Athletic Conference Championship
The Master's University,10011277,400 Im,4,4:44.98,William Butts,,Pacific Collegiate Swim Conference Championships
The Master's University,10011277,400 Im,5,4:47.42,Samuel Chen,,Great Southwest Athletic Conference Championship
The Master's University,10011277,50 Free,1,20.45,Dylan Crane,,La Verne Invitational
The Master's University,10011277,50 Free,2,20.61,Evan Nail,,La Verne Invitational
The Master's University,10011277,50 Free,3,21.09,Izaiah Trevino-lozano,,Pacific Collegiate Swim Conference Championships
The Master's University,10011277,50 Free,4,21.38,Andrew Crabtree,,Pacific Collegiate Swim Conference Championships
The Master's University,10011277,50 Free,5,21.65,Michael Loughboro,,Pacific Collegiate Swim Conference Championships
The Master's University,10011277,50 Free,6,21.81,Keiden Sutanto,,La Verne Invitational
The Master's University,10011277,50 Free,7,22.22,Kaden Danninger,,Pacific Collegiate Swim Conference Championships
The Master's University,10011277,50 Free,8,22.64,Grant Wong,,Pacific Collegiate Swim Conference Championships
The Master's University,10011277,50 Free,9,22.71,Charley Sears,,Rodionoff Invite
The Master's University,10011277,50 Free,10,22.96,Desmond Clay Sutanto,,Caltech vs. Masters vs. Soka
The Master's University,10011277,500 Free,1,4:23.76,Izaiah Trevino-lozano,,NAIA National Championships
The Master's University,10011277,500 Free,2,4:46.18,Charley Sears,,Caltech vs. Masters vs. Soka
The Master's University,10011277,500 Free,3,4:51.94,Tyler Prieb,,Pacific Collegiate Swim Conference Championships
The Master's University,10011277,500 Free,4,4:59.30,Gerardo Garcia,,Triple Distance Invitational
The Master's University,10011277,500 Free,5,4:59.73,Andrew Crabtree,,Pacific Collegiate Swim Conference Championships
The Master's University,10011277,500 Free,6,5:15.25,Samuel Chen,,Pacific Collegiate Swim Conference Championships
Thomas University,10003289,100 Back,1,50.13,Jofre Mataro,,The Sun Conference Championships
Thomas University,10003289,100 Back,2,53.52,Pelayo Gafo Zapico,,The Sun Conference Championships
Thomas University,10003289,100 Back,3,1:01.87,Jonah Hendricks,,EU Senior Day Meet
Thomas University,10003289,100 Back,4,1:05.22,Aiden Thrasher,,The Sun Conference Championships
Thomas University,10003289,100 Back,5,1:06.04,Jacob Bilancione,,Thomas Fall Meet
Thomas University,10003289,100 Breast,1,55.32,Emil Schildhauer,,NAIA National Championships
Thomas University,10003289,100 Breast,2,1:02.23,Francisco Visiedo Pereira,,The Sun Conference Championships
Thomas University,10003289,100 Fly,1,52.22,Luca Tona,,Small College Championship Cup
Thomas University,10003289,100 Fly,2,54.43,Jonah Hendricks,,Small College Championship Cup
Thomas University,10003289,100 Fly,3,54.82,Emil Schildhauer,,William Carey vs. Thomas
Thomas University,10003289,100 Fly,4,56.40,Chase Walker,,The Sun Conference Championships
Thomas University,10003289,100 Free,1,48.00,Emil Schildhauer,,The Sun Conference Championships
Thomas University,10003289,100 Free,2,48.11,Jofre Mataro,,Thomas Fall Meet
Thomas University,10003289,100 Free,3,49.02,Francisco Visiedo Pereira,,The Sun Conference Championships
Thomas University,10003289,100 Free,4,49.84,Jonah Hendricks,,Small College Championship Cup
Thomas University,10003289,100 Free,5,51.21,Pelayo Gafo Zapico,,Life vs. Thomas  Senior Day
Thomas University,10003289,100 Free,6,51.51,Luca Tona,,William Carey vs. Thomas
Thomas University,10003289,100 Free,7,51.59,Chase Walker,,The Sun Conference Championships
Thomas University,10003289,100 Free,8,52.66,Aiden Thrasher,,Small College Championship Cup
Thomas University,10003289,100 Free,9,54.60,Jacob Bilancione,,The Sun Conference Championships
Thomas University,10003289,200 Back,1,1:51.18,Jofre Mataro,,The Sun Conference Championships
Thomas University,10003289,200 Back,2,1:55.62,Pelayo Gafo Zapico,,Small College Championship Cup
Thomas University,10003289,200 Back,3,2:08.82,Jonah Hendricks,,The Sun Conference Championships
Thomas University,10003289,200 Breast,1,2:01.63,Emil Schildhauer,,NAIA National Championships
Thomas University,10003289,200 Fly,1,1:53.24,Luca Tona,,The Sun Conference Championships
Thomas University,10003289,200 Free,1,1:44.90,Jofre Mataro,,Small College Championship Cup
Thomas University,10003289,200 Free,2,1:53.40,Francisco Visiedo Pereira,,Fall Cross Divisional
Thomas University,10003289,200 Free,3,1:59.75,Aiden Thrasher,,Small College Championship Cup
Thomas University,10003289,200 Free,4,2:05.63,Chase Walker,,Life vs. Thomas  Senior Day
Thomas University,10003289,200 Im,1,1:52.79,Emil Schildhauer,,NAIA National Championships
Thomas University,10003289,200 Im,2,1:59.95,Pelayo Gafo Zapico,,Small College Championship Cup
Thomas University,10003289,200 Im,3,2:01.95,Luca Tona,,The Sun Conference Championships
Thomas University,10003289,200 Im,4,2:18.67,Jonah Hendricks,,Emmanuel vs. Life
Thomas University,10003289,200 Im,5,2:21.05,Chase Walker,,Fall Cross Divisional
Thomas University,10003289,50 Free,1,21.35,Jofre Mataro,,The Sun Conference Championships
Thomas University,10003289,50 Free,2,22.23,Emil Schildhauer,,The Sun Conference Championships
Thomas University,10003289,50 Free,3,22.51,Luca Tona,,Small College Championship Cup
Thomas University,10003289,50 Free,4,22.63,Francisco Visiedo Pereira,,The Sun Conference Championships
Thomas University,10003289,50 Free,5,22.92,Pelayo Gafo Zapico,,Small College Championship Cup
Thomas University,10003289,50 Free,6,23.07,Jonah Hendricks,,The Sun Conference Championships
Thomas University,10003289,50 Free,7,23.37,Aiden Thrasher,,The Sun Conference Championships
Thomas University,10003289,50 Free,8,24.06,Chase Walker,,Small College Championship Cup
Thomas University,10003289,50 Free,9,24.31,Jacob Bilancione,,The Sun Conference Championships
Thomas University,10003289,500 Free,1,5:12.07,Luca Tona,,Fall Cross Divisional
Thomas University,10003289,500 Free,2,5:16.39,Francisco Visiedo Pereira,,Fall Cross Divisional
Thomas University,10003289,500 Free,3,5:45.74,Aiden Thrasher,,Fall Cross Divisional
University of Pikeville,10026650,100 Back,1,58.10,RJ Goins Jr,,Appalachian Athletic Conference Championships
University of Pikeville,10026650,100 Back,2,58.64,Mclauchian Ben,,Appalachian Athletic Conference Championships
University of Pikeville,10026650,100 Back,3,1:03.61,Bryce Barton,,Midway vs. Pikeville vs. West Virginia  Tech
University of Pikeville,10026650,100 Breast,1,1:06.48,Jacob Rubado,,Appalachian Athletic Conference Championships
University of Pikeville,10026650,100 Breast,2,1:07.70,RJ Goins Jr,,Centre Invitational
University of Pikeville,10026650,100 Fly,1,1:05.67,Bryce Barton,,UPike vs Shawnee State
University of Pikeville,10026650,100 Fly,2,1:07.32,RJ Goins Jr,,Midway vs. Pikeville vs. West Virginia  Tech
University of Pikeville,10026650,100 Free,1,50.46,Mclauchian Ben,,Appalachian Athletic Conference Championships
University of Pikeville,10026650,100 Free,2,50.70,Jacob Rubado,,Appalachian Athletic Conference Championships
University of Pikeville,10026650,100 Free,3,51.28,RJ Goins Jr,,Appalachian Athletic Conference Championships
University of Pikeville,10026650,100 Free,4,1:19.64,Dave Exum,,Midway vs. Pikeville vs. West Virginia  Tech
University of Pikeville,10026650,1000 Free,1,11:31.08,RJ Goins Jr,,Midway vs. Pikeville vs. West Virginia  Tech
University of Pikeville,10026650,200 Back,1,2:09.96,RJ Goins Jr,,Centre Invitational
University of Pikeville,10026650,200 Back,2,2:22.45,Bryce Barton,,Appalachian Athletic Conference Championships
University of Pikeville,10026650,200 Breast,1,2:50.84,Jacob Rubado,,Shawnee State vs. Midway vs. West Virginia  Tech vs. Pikeville
University of Pikeville,10026650,200 Free,1,1:54.86,RJ Goins Jr,,Appalachian Athletic Conference Championships
University of Pikeville,10026650,200 Free,2,2:17.09,Bryce Barton,,"UPike vs Franklin, Transylvania"
University of Pikeville,10026650,200 Im,1,2:08.73,RJ Goins Jr,,Appalachian Athletic Conference Championships
University of Pikeville,10026650,400 Im,1,4:49.70,RJ Goins Jr,,Midway vs. Pikeville vs. West Virginia  Tech
University of Pikeville,10026650,50 Free,1,22.64,Jacob Rubado,,Appalachian Athletic Conference Championships
University of Pikeville,10026650,50 Free,2,23.33,Mclauchian Ben,,Appalachian Athletic Conference Championships
University of Pikeville,10026650,50 Free,3,23.82,RJ Goins Jr,,Appalachian Athletic Conference Championships
University of Pikeville,10026650,50 Free,4,31.89,Dave Exum,,Midway vs. Pikeville vs. West Virginia  Tech
University of Pikeville,10026650,500 Free,1,5:31.37,RJ Goins Jr,,Shawnee State vs. Midway vs. West Virginia  Tech vs. Pikeville
University of Saint Mary,10018098,100 Back,1,53.16,Ian Lucas,,KC Crown Classic
University of Saint Mary,10018098,100 Back,2,56.99,Silas Kirchoff,,Kansas Collegiate Athletic Conference Championships
University of Saint Mary,10018098,100 Back,3,57.74,John Barger,,Kansas Collegiate Athletic Conference Championships
University of Saint Mary,10018098,100 Back,4,1:05.10,Brandon Kendall,,Sunflower Showdown
University of Saint Mary,10018098,100 Back,5,1:05.79,Ayden Mcfarren,,Oklahoma Christian vs. Sterling vs. Saint Mary (KS)
University of Saint Mary,10018098,100 Breast,1,58.19,Mayson Thiebaud,,KC Crown Classic
University of Saint Mary,10018098,100 Breast,2,59.85,Ayden Mcfarren,,KC Crown Classic
University of Saint Mary,10018098,100 Breast,3,59.87,Ian Hein,,Kansas Collegiate Athletic Conference Championships
University of Saint Mary,10018098,100 Breast,4,59.88,John Paul Robertson,,KC Crown Classic
University of Saint Mary,10018098,100 Breast,5,1:01.69,Nicky Allison,,Kansas Collegiate Athletic Conference Championships
University of Saint Mary,10018098,100 Breast,6,1:03.87,Joe Holland,,Kansas Collegiate Athletic Conference Championships
University of Saint Mary,10018098,100 Fly,1,49.43,Ian Lucas,,NAIA National Championships
University of Saint Mary,10018098,100 Fly,2,52.81,Brandon Kendall,,KC Crown Classic
University of Saint Mary,10018098,100 Fly,3,57.35,Nicky Allison,,KC Crown Classic
University of Saint Mary,10018098,100 Fly,4,58.56,Joe Holland,,KC Crown Classic
University of Saint Mary,10018098,100 Fly,5,59.08,Silas Kirchoff,,Sunflower Showdown
University of Saint Mary,10018098,100 Fly,6,1:00.91,Ruben Hernandez,,Kansas Collegiate Athletic Conference Championships
University of Saint Mary,10018098,100 Fly,7,1:05.07,John Barger,,Kansas Collegiate Athletic Conference Championships
University of Saint Mary,10018098,100 Free,1,46.16,Ian Lucas,,Kansas Collegiate Athletic Conference Championships
University of Saint Mary,10018098,100 Free,2,48.51,Nathan Troth,,KC Crown Classic
University of Saint Mary,10018098,100 Free,3,48.72,John Paul Robertson,,Kansas Collegiate Athletic Conference Championships
University of Saint Mary,10018098,100 Free,4,51.24,Joe Holland,,KC Crown Classic
University of Saint Mary,10018098,100 Free,5,51.45,Nicky Allison,,KC Crown Classic
University of Saint Mary,10018098,100 Free,6,52.44,Ian Hein,,Oklahoma Christian vs. Sterling vs. Saint Mary (KS)
University of Saint Mary,10018098,100 Free,7,52.63,Ruben Hernandez,,KC Crown Classic
University of Saint Mary,10018098,100 Free,8,53.81,Brayden Sneath,,Kansas Collegiate Athletic Conference Championships
University of Saint Mary,10018098,100 Free,9,54.65,Brandon Kendall,,Sam Freas Invite
University of Saint Mary,10018098,100 Free,10,55.13,John Barger,,Sunflower Showdown
University of Saint Mary,10018098,1000 Free,1,10:51.18,Nicky Allison,,KC Crown Classic
University of Saint Mary,10018098,1000 Free,2,11:23.18,Ian Hein,,William Jewell vs University of Saint Mary
University of Saint Mary,10018098,1650 Free,1,17:43.76,Nicky Allison,,Kansas Collegiate Athletic Conference Championships
University of Saint Mary,10018098,200 Back,1,2:04.61,Silas Kirchoff,,Kansas Collegiate Athletic Conference Championships
University of Saint Mary,10018098,200 Back,2,2:09.01,John Barger,,KC Crown Classic
University of Saint Mary,10018098,200 Back,3,2:14.19,Nicky Allison,,"Rockhurst, Sterling, vs Saint Mary Double Dual meet"
University of Saint Mary,10018098,200 Back,4,2:38.88,Ruben Hernandez,,William Jewell vs University of Saint Mary
University of Saint Mary,10018098,200 Breast,1,2:10.34,Mayson Thiebaud,,KC Crown Classic
University of Saint Mary,10018098,200 Breast,2,2:13.14,Ayden Mcfarren,,KC Crown Classic
University of Saint Mary,10018098,200 Breast,3,2:13.33,Ian Hein,,Kansas Collegiate Athletic Conference Championships
University of Saint Mary,10018098,200 Breast,4,2:19.29,John Paul Robertson,,KC Crown Classic
University of Saint Mary,10018098,200 Breast,5,2:27.92,Nicky Allison,,56th Annual Hendrix Classic
University of Saint Mary,10018098,200 Breast,6,2:39.39,Joe Holland,,William Jewell vs University of Saint Mary
University of Saint Mary,10018098,200 Breast,7,2:46.80,John Barger,,William Jewell vs University of Saint Mary
University of Saint Mary,10018098,200 Fly,1,1:58.82,Brandon Kendall,,Kansas Collegiate Athletic Conference Championships
University of Saint Mary,10018098,200 Fly,2,2:21.45,Ian Hein,,William Jewell vs University of Saint Mary
University of Saint Mary,10018098,200 Fly,3,2:21.95,Nicky Allison,,Sam Freas Invite
University of Saint Mary,10018098,200 Fly,4,2:53.52,Ruben Hernandez,,56th Annual Hendrix Classic
University of Saint Mary,10018098,200 Free,1,1:51.48,Nicky Allison,,KCAC Repaired Upload
University of Saint Mary,10018098,200 Free,2,1:51.68,Nathan Troth,,KC Crown Classic
University of Saint Mary,10018098,200 Free,3,1:54.99,Brandon Kendall,,KC Crown Classic
University of Saint Mary,10018098,200 Free,4,1:57.28,Ian Hein,,56th Annual Hendrix Classic
University of Saint Mary,10018098,200 Free,5,2:01.21,Silas Kirchoff,,62nd Annual Hendrix Relays
University of Saint Mary,10018098,200 Free,6,2:01.70,John Paul Robertson,,Sam Freas Invite
University of Saint Mary,10018098,200 Free,7,2:02.99,Brayden Sneath,,Kansas Collegiate Athletic Conference Championships
University of Saint Mary,10018098,200 Free,8,2:03.06,Joe Holland,,56th Annual Hendrix Classic
University of Saint Mary,10018098,200 Free,9,2:06.89,John Barger,,William Jewell vs University of Saint Mary
University of Saint Mary,10018098,200 Free,10,2:07.78,Ayden Mcfarren,,William Jewell vs University of Saint Mary
University of Saint Mary,10018098,200 Im,1,2:01.18,John Paul Robertson,,Kansas Collegiate Athletic Conference Championships
University of Saint Mary,10018098,200 Im,2,2:01.87,Nicky Allison,,KC Crown Classic
University of Saint Mary,10018098,200 Im,3,2:04.08,Brandon Kendall,,KC Crown Classic
University of Saint Mary,10018098,200 Im,4,2:11.82,Silas Kirchoff,,Kansas Collegiate Athletic Conference Championships
University of Saint Mary,10018098,200 Im,5,2:13.04,Mayson Thiebaud,,Sunflower Showdown
University of Saint Mary,10018098,200 Im,6,2:16.60,Ian Hein,,Sunflower Showdown
University of Saint Mary,10018098,200 Im,7,2:18.18,Ayden Mcfarren,,56th Annual Hendrix Classic
University of Saint Mary,10018098,200 Im,8,2:19.63,John Barger,,56th Annual Hendrix Classic
University of Saint Mary,10018098,400 Im,1,4:24.59,Nicky Allison,,KC Crown Classic
University of Saint Mary,10018098,400 Im,2,4:40.01,Brandon Kendall,,"Rockhurst, Sterling, vs Saint Mary Double Dual meet"
University of Saint Mary,10018098,400 Im,3,4:53.81,Silas Kirchoff,,"Rockhurst, Sterling, vs Saint Mary Double Dual meet"
University of Saint Mary,10018098,400 Im,4,4:55.46,John Barger,,Kansas Collegiate Athletic Conference Championships
University of Saint Mary,10018098,50 Free,1,20.82,Ian Lucas,,KC Crown Classic
University of Saint Mary,10018098,50 Free,2,22.58,Nathan Troth,,KC Crown Classic
University of Saint Mary,10018098,50 Free,3,22.83,Mayson Thiebaud,,KC Crown Classic
University of Saint Mary,10018098,50 Free,4,22.96,Joe Holland,,Kansas Collegiate Athletic Conference Championships
University of Saint Mary,10018098,50 Free,5,22.97,Ayden Mcfarren,,KC Crown Classic
University of Saint Mary,10018098,50 Free,6,22.99,John Paul Robertson,,Kansas Collegiate Athletic Conference Championships
University of Saint Mary,10018098,50 Free,7,23.68,Ian Hein,,"Rockhurst, Sterling, vs Saint Mary Double Dual meet"
University of Saint Mary,10018098,50 Free,8,23.72,Ruben Hernandez,,KC Crown Classic
University of Saint Mary,10018098,50 Free,9,23.73,Brayden Sneath,,KC Crown Classic
University of Saint Mary,10018098,50 Free,10,24.53,Nicky Allison,,KC Crown Classic
University of Saint Mary,10018098,500 Free,1,5:02.02,Ian Hein,,Kansas Collegiate Athletic Conference Championships
University of Saint Mary,10018098,500 Free,2,5:06.64,Nathan Troth,,KC Crown Classic
University of Saint Mary,10018098,500 Free,3,5:26.51,Nicky Allison,,Sunflower Showdown
University of Saint Mary,10018098,500 Free,4,5:28.56,Brandon Kendall,,56th Annual Hendrix Classic
University of Saint Mary,10018098,500 Free,5,5:28.87,Silas Kirchoff,,KC Crown Classic
University of Saint Mary,10018098,500 Free,6,5:57.52,Ayden Mcfarren,,Sunflower Showdown
"University of Tennessee, Southern",10023526,100 Back,1,51.93,Janos Kadar,,Small College Championship Cup
"University of Tennessee, Southern",10023526,100 Back,2,57.87,Logan Jones,,Lindsey Wilson vs. UT Southern
"University of Tennessee, Southern",10023526,100 Back,3,58.90,Nicholas Milani,,13th Annual Fall Frenzy
"University of Tennessee, Southern",10023526,100 Back,4,59.31,Michael McDaniel,,Sewanee vs. UT Southern
"University of Tennessee, Southern",10023526,100 Back,5,1:00.44,Noah Sarbacker,,13th Annual Fall Frenzy
"University of Tennessee, Southern",10023526,100 Back,6,1:00.75,Jamie Allison,,Campbellsville vs. UTS 2025
"University of Tennessee, Southern",10023526,100 Back,7,1:03.42,Cameron Holmes,,Sewanee Relay Meet
"University of Tennessee, Southern",10023526,100 Breast,1,57.92,Hamza Asif,,Appalachian Athletic Conference Championships
"University of Tennessee, Southern",10023526,100 Breast,2,1:00.30,Ty Ries,,Small College Championship Cup
"University of Tennessee, Southern",10023526,100 Breast,3,1:01.84,Cameron Holmes,,Small College Championship Cup
"University of Tennessee, Southern",10023526,100 Fly,1,51.46,Michael McDaniel,,Small College Championship Cup
"University of Tennessee, Southern",10023526,100 Fly,2,51.83,Logan Jones,,Small College Championship Cup
"University of Tennessee, Southern",10023526,100 Fly,3,54.65,Jamie Allison,,Small College Championship Cup
"University of Tennessee, Southern",10023526,100 Fly,4,55.74,Nicholas Milani,,Small College Championship Cup
"University of Tennessee, Southern",10023526,100 Fly,5,56.05,Hamza Asif,,Lindsey Wilson vs. UT Southern
"University of Tennessee, Southern",10023526,100 Fly,6,1:07.47,Cameron Holmes,,Montevallo  vs. UT Southern
"University of Tennessee, Southern",10023526,100 Free,1,46.51,Hamza Asif,,Small College Championship Cup
"University of Tennessee, Southern",10023526,100 Free,2,48.02,Michael McDaniel,,Appalachian Athletic Conference Championships
"University of Tennessee, Southern",10023526,100 Free,3,48.08,Janos Kadar,,13th Annual Fall Frenzy
"University of Tennessee, Southern",10023526,100 Free,4,48.54,Rafael Gallegos,,Appalachian Athletic Conference Championships
"University of Tennessee, Southern",10023526,100 Free,5,49.83,Logan Jones,,Appalachian Athletic Conference Championships
"University of Tennessee, Southern",10023526,100 Free,6,50.15,Nicholas Milani,,Small College Championship Cup
"University of Tennessee, Southern",10023526,100 Free,7,51.23,Jamie Allison,,13th Annual Fall Frenzy
"University of Tennessee, Southern",10023526,1000 Free,1,10:17.69,Noah Sarbacker,,Appalachian Athletic Conference Championships
"University of Tennessee, Southern",10023526,1000 Free,2,10:52.94,Rafael Gallegos,,Sewanee vs. UT Southern
"University of Tennessee, Southern",10023526,1650 Free,1,17:19.65,Noah Sarbacker,,Appalachian Athletic Conference Championships
"University of Tennessee, Southern",10023526,200 Back,1,1:55.63,Janos Kadar,,Appalachian Athletic Conference Championships
"University of Tennessee, Southern",10023526,200 Back,2,2:03.47,Logan Jones,,Small College Championship Cup
"University of Tennessee, Southern",10023526,200 Breast,1,2:13.48,Ty Ries,,Small College Championship Cup
"University of Tennessee, Southern",10023526,200 Breast,2,2:17.31,Cameron Holmes,,Small College Championship Cup
"University of Tennessee, Southern",10023526,200 Fly,1,1:57.53,Michael McDaniel,,Small College Championship Cup
"University of Tennessee, Southern",10023526,200 Fly,2,2:00.63,Jamie Allison,,Appalachian Athletic Conference Championships
"University of Tennessee, Southern",10023526,200 Free,1,1:44.53,Janos Kadar,,Appalachian Athletic Conference Championships
"University of Tennessee, Southern",10023526,200 Free,2,1:46.23,Michael McDaniel,,Appalachian Athletic Conference Championships
"University of Tennessee, Southern",10023526,200 Free,3,1:46.41,Rafael Gallegos,,Small College Championship Cup
"University of Tennessee, Southern",10023526,200 Free,4,1:47.26,Hamza Asif,,Small College Championship Cup
"University of Tennessee, Southern",10023526,200 Free,5,1:50.31,Noah Sarbacker,,Appalachian Athletic Conference Championships
"University of Tennessee, Southern",10023526,200 Free,6,1:56.29,Jamie Allison,,Montevallo  vs. UT Southern
"University of Tennessee, Southern",10023526,200 Im,1,1:58.97,Michael McDaniel,,Appalachian Athletic Conference Championships
"University of Tennessee, Southern",10023526,200 Im,2,2:03.32,Nicholas Milani,,Small College Championship Cup
"University of Tennessee, Southern",10023526,200 Im,3,2:06.91,Ty Ries,,Appalachian Athletic Conference Championships
"University of Tennessee, Southern",10023526,200 Im,4,2:10.03,Cameron Holmes,,Small College Championship Cup
"University of Tennessee, Southern",10023526,400 Im,1,4:29.48,Michael McDaniel,,13th Annual Fall Frenzy
"University of Tennessee, Southern",10023526,400 Im,2,5:11.47,Cameron Holmes,,Montevallo  vs. UT Southern
"University of Tennessee, Southern",10023526,50 Free,1,20.85,Hamza Asif,,Small College Championship Cup
"University of Tennessee, Southern",10023526,50 Free,2,21.77,Logan Jones,,Appalachian Athletic Conference Championships
"University of Tennessee, Southern",10023526,50 Free,3,22.05,Michael McDaniel,,Small College Championship Cup
"University of Tennessee, Southern",10023526,50 Free,4,22.64,Jamie Allison,,Appalachian Athletic Conference Championships
"University of Tennessee, Southern",10023526,50 Free,5,23.24,Rafael Gallegos,,Small College Championship Cup
"University of Tennessee, Southern",10023526,50 Free,6,24.16,Nicholas Milani,,Small College Championship Cup
"University of Tennessee, Southern",10023526,50 Free,7,24.27,Janos Kadar,,Montevallo  vs. UT Southern
"University of Tennessee, Southern",10023526,50 Free,8,24.97,Noah Sarbacker,,Lindsey Wilson vs. UT Southern
"University of Tennessee, Southern",10023526,50 Free,9,30.70,Ty Ries,,Montevallo  vs. UT Southern
"University of Tennessee, Southern",10023526,500 Free,1,4:36.60,Janos Kadar,,Small College Championship Cup
"University of Tennessee, Southern",10023526,500 Free,2,4:50.66,Michael McDaniel,,Small College Championship Cup
"University of Tennessee, Southern",10023526,500 Free,3,4:59.23,Rafael Gallegos,,Appalachian Athletic Conference Championships
"University of Tennessee, Southern",10023526,500 Free,4,5:01.70,Noah Sarbacker,,Appalachian Athletic Conference Championships
University of the Cumberlands,387,100 Back,1,48.09,Ruthiik Satti,,NAIA National Championships
University of the Cumberlands,387,100 Back,2,48.14,Brandon HOLDER,,NAIA National Championships
University of the Cumberlands,387,100 Back,3,50.00,Adam Geddis,,Mid-South Conference Championships
University of the Cumberlands,387,100 Back,4,50.80,Zsombor Bene,,Mid-South Conference Championships
University of the Cumberlands,387,100 Back,5,51.99,Josh Riegler,,Centre Invitational
University of the Cumberlands,387,100 Back,6,52.58,Titouan Bernot,,Cumberland Senior Intrasquad
University of the Cumberlands,387,100 Back,7,54.40,Arda Mutlu,,Cumberland Senior Intrasquad
University of the Cumberlands,387,100 Back,8,57.09,Jeremiah Koenig,,Cumberland Senior Intrasquad
University of the Cumberlands,387,100 Back,9,57.47,Sergio Saldamando Martinez,,Cumberland Senior Intrasquad
University of the Cumberlands,387,100 Breast,1,54.99,Leon Irmer,,Centre Invitational
University of the Cumberlands,387,100 Breast,2,55.98,Jeremiah Koenig,,Centre Invitational
University of the Cumberlands,387,100 Breast,3,57.14,Luke Rich,,Mid-South Conference Championships
University of the Cumberlands,387,100 Breast,4,1:00.36,Marcos del Vado Sanz,,Centre Invitational
University of the Cumberlands,387,100 Breast,5,1:00.50,Fabrizio Pacioni,,Cumberlands vs. Shawnee State
University of the Cumberlands,387,100 Breast,6,1:02.94,Ruthiik Satti,,Cumberland Senior Intrasquad
University of the Cumberlands,387,100 Breast,7,1:03.69,Will Gilbert,,Cumberland Senior Intrasquad
University of the Cumberlands,387,100 Fly,1,47.52,Alexander Poulsen,,NAIA National Championships
University of the Cumberlands,387,100 Fly,2,48.57,Ruthiik Satti,,NAIA National Championships
University of the Cumberlands,387,100 Fly,3,49.72,Josh Riegler,,Mid-South Conference Championships
University of the Cumberlands,387,100 Fly,4,50.06,Juan Ramirez Zapata,,Mid-South Conference Championships
University of the Cumberlands,387,100 Fly,5,50.91,Zsombor Bene,,Centre Invitational
University of the Cumberlands,387,100 Fly,6,51.85,Gabriel Almeida,,Cumberlands Red/Blue Intrasquad 2025
University of the Cumberlands,387,100 Fly,7,53.35,Leon Irmer,,Cumberlands vs. Shawnee State
University of the Cumberlands,387,100 Fly,8,53.43,Fabrizio Pacioni,,Centre Invitational
University of the Cumberlands,387,100 Fly,9,53.85,Brandon HOLDER,,Cumberland Senior Intrasquad
University of the Cumberlands,387,100 Fly,10,54.14,Arvid Farro,,Cumberland Senior Intrasquad
University of the Cumberlands,387,100 Free,1,43.57,Alexander Poulsen,,Centre Invitational
University of the Cumberlands,387,100 Free,2,43.74,Titouan Bernot,,NAIA National Championships
University of the Cumberlands,387,100 Free,3,44.44,Adam Geddis,,Centre Invitational
University of the Cumberlands,387,100 Free,4,44.94,Arvid Farro,,Centre Invitational
University of the Cumberlands,387,100 Free,5,45.68,Brandon HOLDER,,Mid-South Conference Championships
University of the Cumberlands,387,100 Free,6,46.88,Arda Mutlu,,Centre Invitational
University of the Cumberlands,387,100 Free,7,47.05,Juan Ramirez Zapata,,Centre Invitational
University of the Cumberlands,387,100 Free,8,47.98,Fabrizio Pacioni,,Centre Invitational
University of the Cumberlands,387,100 Free,9,48.05,Zsombor Bene,,Cumberland Senior Intrasquad
University of the Cumberlands,387,100 Free,10,49.20,Luke Rich,,Cumberland Senior Intrasquad
University of the Cumberlands,387,1000 Free,1,9:38.82,Sergio Saldamando Martinez,,NAIA National Championships
University of the Cumberlands,387,1000 Free,2,9:48.97,Will Gilbert,,NAIA National Championships
University of the Cumberlands,387,1000 Free,3,10:01.67,Eli Urban,,Mid-South Conference Championships
University of the Cumberlands,387,1000 Free,4,10:37.30,Arda Mutlu,,Cumberlands vs. Shawnee State
University of the Cumberlands,387,1650 Free,1,16:01.83,Sergio Saldamando Martinez,,Centre Invitational
University of the Cumberlands,387,1650 Free,2,16:19.92,Will Gilbert,,NAIA National Championships
University of the Cumberlands,387,1650 Free,3,16:39.08,Eli Urban,,Mid-South Conference Championships
University of the Cumberlands,387,200 Back,1,1:45.61,Brandon HOLDER,,NAIA National Championships
University of the Cumberlands,387,200 Back,2,1:46.46,Ruthiik Satti,,NAIA National Championships
University of the Cumberlands,387,200 Back,3,2:01.55,Zsombor Bene,,Lindsey Wilson vs. Cumberlands
University of the Cumberlands,387,200 Back,4,2:06.24,Josh Riegler,,DePauw vs. Cumberlands
University of the Cumberlands,387,200 Breast,1,2:02.43,Fabrizio Pacioni,,NAIA National Championships
University of the Cumberlands,387,200 Breast,2,2:04.14,Jeremiah Koenig,,NAIA National Championships
University of the Cumberlands,387,200 Breast,3,2:05.84,Luke Rich,,Mid-South Conference Championships
University of the Cumberlands,387,200 Breast,4,2:06.60,Leon Irmer,,NAIA National Championships
University of the Cumberlands,387,200 Breast,5,2:10.85,Marcos del Vado Sanz,,Centre Invitational
University of the Cumberlands,387,200 Fly,1,1:48.66,Juan Ramirez Zapata,,NAIA National Championships
University of the Cumberlands,387,200 Fly,2,1:49.49,Zsombor Bene,,NAIA National Championships
University of the Cumberlands,387,200 Fly,3,1:50.05,Josh Riegler,,Mid-South Conference Championships
University of the Cumberlands,387,200 Fly,4,1:51.85,Fabrizio Pacioni,,Cumberland Senior Intrasquad
University of the Cumberlands,387,200 Fly,5,1:56.45,Adam Geddis,,Cumberland Senior Intrasquad
University of the Cumberlands,387,200 Fly,6,1:58.80,Brandon HOLDER,,Cumberland Senior Intrasquad
University of the Cumberlands,387,200 Free,1,1:35.22,Titouan Bernot,,NAIA National Championships
University of the Cumberlands,387,200 Free,2,1:39.17,Adam Geddis,,NAIA National Championships
University of the Cumberlands,387,200 Free,3,1:40.92,Jeremiah Koenig,,Centre Invitational
University of the Cumberlands,387,200 Free,4,1:41.26,Alexander Poulsen,,Cumberland Senior Intrasquad
University of the Cumberlands,387,200 Free,5,1:41.39,Arvid Farro,,Mid-South Conference Championships
University of the Cumberlands,387,200 Free,6,1:41.84,Arda Mutlu,,Centre Invitational
University of the Cumberlands,387,200 Free,7,1:43.36,Fabrizio Pacioni,,Centre Invitational
University of the Cumberlands,387,200 Free,8,1:45.74,Sergio Saldamando Martinez,,Centre Invitational
University of the Cumberlands,387,200 Free,9,1:47.20,Juan Ramirez Zapata,,"Centre vs.Transylvania, Cumberlands"
University of the Cumberlands,387,200 Free,10,1:47.24,Will Gilbert,,Mid-South Conference Championships
University of the Cumberlands,387,200 Im,1,1:49.09,Fabrizio Pacioni,,Centre Invitational
University of the Cumberlands,387,200 Im,2,1:50.78,Ruthiik Satti,,Centre Invitational
University of the Cumberlands,387,200 Im,3,1:52.12,Juan Ramirez Zapata,,NAIA National Championships
University of the Cumberlands,387,200 Im,4,1:54.19,Zsombor Bene,,Mid-South Conference Championships
University of the Cumberlands,387,200 Im,5,1:56.16,Josh Riegler,,Mid-South Conference Championships
University of the Cumberlands,387,200 Im,6,1:57.77,Marcos del Vado Sanz,,Mid-South Conference Championships
University of the Cumberlands,387,200 Im,7,1:57.78,Gabriel Almeida,,Cumberlands Red/Blue Intrasquad 2025
University of the Cumberlands,387,200 Im,8,2:00.36,Luke Rich,,"Centre vs.Transylvania, Cumberlands"
University of the Cumberlands,387,200 Im,9,2:00.91,Jeremiah Koenig,,Cumberlands vs. Asbury
University of the Cumberlands,387,400 Im,1,3:49.92,Fabrizio Pacioni,,NAIA National Championships
University of the Cumberlands,387,400 Im,2,4:04.17,Juan Ramirez Zapata,,Centre Invitational
University of the Cumberlands,387,400 Im,3,4:18.83,Marcos del Vado Sanz,,Mid-South Conference Championships
University of the Cumberlands,387,400 Im,4,4:19.01,Zsombor Bene,,DePauw vs. Cumberlands
University of the Cumberlands,387,50 Free,1,19.69,Alexander Poulsen,,Centre Invitational
University of the Cumberlands,387,50 Free,2,20.38,Arvid Farro,,Centre Invitational
University of the Cumberlands,387,50 Free,3,20.39,Adam Geddis,,Centre Invitational
University of the Cumberlands,387,50 Free,4,20.69,Brandon HOLDER,,NAIA National Championships
University of the Cumberlands,387,50 Free,5,20.74,Titouan Bernot,,Mid-South Conference Championships
University of the Cumberlands,387,50 Free,6,21.27,Leon Irmer,,NAIA National Championships
University of the Cumberlands,387,50 Free,7,21.93,Zsombor Bene,,Centre Invitational
University of the Cumberlands,387,50 Free,8,22.13,Arda Mutlu,,Cumberlands vs. Asbury
University of the Cumberlands,387,50 Free,9,22.18,Josh Riegler,,Centre Invitational
University of the Cumberlands,387,50 Free,10,22.19,Will Gilbert,,Cumberland Senior Intrasquad
University of the Cumberlands,387,500 Free,1,4:22.64,Titouan Bernot,,NAIA National Championships
University of the Cumberlands,387,500 Free,2,4:39.24,Will Gilbert,,Mid-South Conference Championships
University of the Cumberlands,387,500 Free,3,4:39.28,Jeremiah Koenig,,Centre Invitational
University of the Cumberlands,387,500 Free,4,4:41.07,Sergio Saldamando Martinez,,NAIA National Championships
University of the Cumberlands,387,500 Free,5,4:43.36,Arda Mutlu,,Centre Invitational
University of the Cumberlands,387,500 Free,6,4:44.25,Luke Rich,,Mid-South Conference Championships
University of the Cumberlands,387,500 Free,7,4:49.64,Eli Urban,,Mid-South Conference Championships
University of the Cumberlands,387,500 Free,8,4:51.80,Juan Ramirez Zapata,,Cumberlands vs. Shawnee State
University of the Cumberlands,387,500 Free,9,4:52.67,Fabrizio Pacioni,,Cumberlands vs. Asbury
West Virginia Institute of Technology,10000784,100 Back,1,57.99,Oleguer Siscart Muntané,,Appalachian Athletic Conference Championships
West Virginia Institute of Technology,10000784,100 Back,2,1:04.52,Mason Adams,,Appalachian Athletic Conference Championships
West Virginia Institute of Technology,10000784,100 Back,3,1:14.60,Alvarno Iglesias,,Appalachian Athletic Conference Championships
West Virginia Institute of Technology,10000784,100 Breast,1,58.96,Jose Fernando Perez,,Appalachian Athletic Conference Championships
West Virginia Institute of Technology,10000784,100 Breast,2,1:00.00,Bryson George,,King Invitational
West Virginia Institute of Technology,10000784,100 Breast,3,1:05.77,Mauro Sanchez Lopez,,Midway vs. Asbury vs. West Virginia  Tech
West Virginia Institute of Technology,10000784,100 Breast,4,1:15.65,Noah Maniace,,King Invitational
West Virginia Institute of Technology,10000784,100 Fly,1,50.89,Carmine Bernardo,,King Invitational
West Virginia Institute of Technology,10000784,100 Fly,2,51.45,Mauro Sanchez Lopez,,Appalachian Athletic Conference Championships
West Virginia Institute of Technology,10000784,100 Fly,3,53.12,Oleguer Siscart Muntané,,Appalachian Athletic Conference Championships
West Virginia Institute of Technology,10000784,100 Fly,4,57.87,Sebastian Morales,,Appalachian Athletic Conference Championships
West Virginia Institute of Technology,10000784,100 Fly,5,1:00.65,Sebastian Mathias Morales Tito,,King Invitational
West Virginia Institute of Technology,10000784,100 Fly,6,1:01.45,Lorenzo Silva,,Appalachian Athletic Conference Championships
West Virginia Institute of Technology,10000784,100 Fly,7,1:04.35,Noah Maniace,,King Invitational
West Virginia Institute of Technology,10000784,100 Fly,8,1:16.05,Mason Adams,,Midway vs. Asbury vs. West Virginia  Tech
West Virginia Institute of Technology,10000784,100 Free,1,47.79,Carmine Bernardo,,King Invitational
West Virginia Institute of Technology,10000784,100 Free,2,47.89,Jose Fernando Perez,,Appalachian Athletic Conference Championships
West Virginia Institute of Technology,10000784,100 Free,3,48.06,Mauro Sanchez Lopez,,Appalachian Athletic Conference Championships
West Virginia Institute of Technology,10000784,100 Free,4,51.44,Oleguer Siscart Muntané,,WV State Games
West Virginia Institute of Technology,10000784,100 Free,5,51.82,Bryson George,,WV State Games
West Virginia Institute of Technology,10000784,100 Free,6,53.36,Mason Adams,,Appalachian Athletic Conference Championships
West Virginia Institute of Technology,10000784,100 Free,7,54.85,Sebastian Morales,,Appalachian Athletic Conference Championships
West Virginia Institute of Technology,10000784,100 Free,8,55.39,Sebastian Mathias Morales Tito,,King Invitational
West Virginia Institute of Technology,10000784,100 Free,9,56.43,Noah Maniace,,Appalachian Athletic Conference Championships
West Virginia Institute of Technology,10000784,100 Free,10,58.33,Alvarno Iglesias,,Appalachian Athletic Conference Championships
West Virginia Institute of Technology,10000784,1000 Free,1,10:35.15,Lorenzo Silva,,King Invitational
West Virginia Institute of Technology,10000784,1650 Free,1,17:31.22,Lorenzo Silva,,King Invitational
West Virginia Institute of Technology,10000784,200 Back,1,2:20.40,Lorenzo Silva,,Shawnee State vs. Midway vs. West Virginia  Tech vs. Pikeville
West Virginia Institute of Technology,10000784,200 Back,2,2:41.70,Mason Adams,,Midway vs. Asbury vs. West Virginia  Tech
West Virginia Institute of Technology,10000784,200 Breast,1,2:15.37,Bryson George,,King Invitational
West Virginia Institute of Technology,10000784,200 Breast,2,2:25.86,Jose Fernando Perez,,WV State Games
West Virginia Institute of Technology,10000784,200 Fly,1,1:52.23,Carmine Bernardo,,King Invitational
West Virginia Institute of Technology,10000784,200 Fly,2,2:02.90,Oleguer Siscart Muntané,,King Invitational
West Virginia Institute of Technology,10000784,200 Fly,3,2:09.42,Mauro Sanchez Lopez,,13th Annual Fall Frenzy
West Virginia Institute of Technology,10000784,200 Fly,4,2:24.86,Sebastian Mathias Morales Tito,,Midway vs. Pikeville vs. West Virginia  Tech
West Virginia Institute of Technology,10000784,200 Fly,5,2:55.88,Noah Maniace,,13th Annual Fall Frenzy
West Virginia Institute of Technology,10000784,200 Free,1,1:45.58,Carmine Bernardo,,Appalachian Athletic Conference Championships
West Virginia Institute of Technology,10000784,200 Free,2,1:48.39,Oleguer Siscart Muntané,,King Invitational
West Virginia Institute of Technology,10000784,200 Free,3,1:51.74,Mauro Sanchez Lopez,,Shawnee State vs. Midway vs. West Virginia  Tech vs. Pikeville
West Virginia Institute of Technology,10000784,200 Free,4,1:58.37,Lorenzo Silva,,Appalachian Athletic Conference Championships
West Virginia Institute of Technology,10000784,200 Free,5,2:08.18,Mason Adams,,King Invitational
West Virginia Institute of Technology,10000784,200 Free,6,2:11.72,Noah Maniace,,Appalachian Athletic Conference Championships
West Virginia Institute of Technology,10000784,200 Im,1,2:00.19,Jose Fernando Perez,,Appalachian Athletic Conference Championships
West Virginia Institute of Technology,10000784,200 Im,2,2:04.15,Mauro Sanchez Lopez,,King Invitational
West Virginia Institute of Technology,10000784,200 Im,3,2:17.13,Sebastian Mathias Morales Tito,,King Invitational
West Virginia Institute of Technology,10000784,200 Im,4,2:23.32,Lorenzo Silva,,WV State Games
West Virginia Institute of Technology,10000784,400 Im,1,4:42.06,Lorenzo Silva,,King Invitational
West Virginia Institute of Technology,10000784,400 Im,2,5:27.41,Sebastian Mathias Morales Tito,,Midway vs. Pikeville vs. West Virginia  Tech
West Virginia Institute of Technology,10000784,400 Im,3,5:50.80,Mason Adams,,Midway vs. Asbury vs. West Virginia  Tech
West Virginia Institute of Technology,10000784,50 Free,1,21.68,Mauro Sanchez Lopez,,Appalachian Athletic Conference Championships
West Virginia Institute of Technology,10000784,50 Free,2,21.71,Jose Fernando Perez,,Appalachian Athletic Conference Championships
West Virginia Institute of Technology,10000784,50 Free,3,22.41,Bryson George,,Appalachian Athletic Conference Championships
West Virginia Institute of Technology,10000784,50 Free,4,22.61,Carmine Bernardo,,13th Annual Fall Frenzy
West Virginia Institute of Technology,10000784,50 Free,5,23.16,Oleguer Siscart Muntané,,King Invitational
West Virginia Institute of Technology,10000784,50 Free,6,23.94,Mason Adams,,Appalachian Athletic Conference Championships
West Virginia Institute of Technology,10000784,50 Free,7,24.43,Noah Maniace,,Appalachian Athletic Conference Championships
West Virginia Institute of Technology,10000784,50 Free,8,24.64,Sebastian Morales,,Appalachian Athletic Conference Championships
West Virginia Institute of Technology,10000784,50 Free,9,24.86,Alvarno Iglesias,,Appalachian Athletic Conference Championships
West Virginia Institute of Technology,10000784,50 Free,10,25.19,Sebastian Mathias Morales Tito,,Midway vs. Asbury vs. West Virginia  Tech
West Virginia Institute of Technology,10000784,500 Free,1,4:41.34,Carmine Bernardo,,King Invitational
West Virginia Institute of Technology,10000784,500 Free,2,4:57.43,Lorenzo Silva,,King Invitational
West Virginia Institute of Technology,10000784,500 Free,3,5:15.81,Oleguer Siscart Muntané,,Shawnee State vs. Midway vs. West Virginia  Tech vs. Pikeville
William Carey University,10038099,100 Back,1,50.06,Yusuf Balaban,,DSU Holiday Invite
William Carey University,10038099,100 Back,2,50.48,Adam Salama,,The Sun Conference Championships
William Carey University,10038099,100 Back,3,55.57,Matthew Hughes,,DSU Holiday Invite
William Carey University,10038099,100 Breast,1,53.40,Hunter Boudreau,,The Sun Conference Championships
William Carey University,10038099,100 Breast,2,55.56,Janos Szabo,,DSU Holiday Invite
William Carey University,10038099,100 Breast,3,56.00,Nedas Giedraitis,,DSU Holiday Invite
William Carey University,10038099,100 Breast,4,59.28,Joshua Pratt,,The Sun Conference Championships
William Carey University,10038099,100 Fly,1,47.71,Nedas Giedraitis,,NAIA National Championships
William Carey University,10038099,100 Fly,2,49.20,Yusuf Balaban,,DSU Holiday Invite
William Carey University,10038099,100 Fly,3,51.35,Blaise Boyd,,DSU Holiday Invite
William Carey University,10038099,100 Fly,4,51.64,Braedan Jacobs,,DSU Holiday Invite
William Carey University,10038099,100 Fly,5,54.72,Matthew Hughes,,DSU Holiday Invite
William Carey University,10038099,100 Fly,6,58.21,Carter Diecidue,,DSU Holiday Invite
William Carey University,10038099,100 Free,1,44.64,Adam Salama,,NAIA National Championships
William Carey University,10038099,100 Free,2,45.11,Janos Szabo,,NAIA National Championships
William Carey University,10038099,100 Free,3,46.26,Blaise Boyd,,DSU Holiday Invite
William Carey University,10038099,100 Free,4,46.36,Josiah Blankenship,,The Sun Conference Championships
William Carey University,10038099,100 Free,5,47.63,Yusuf Balaban,,DSU Holiday Invite
William Carey University,10038099,100 Free,6,49.90,Hunter Boudreau,,"Loyola vs. West Florida, William Carey"
William Carey University,10038099,100 Free,7,50.35,Matthew Hughes,,Small College Championship Cup
William Carey University,10038099,1000 Free,1,9:22.94,Miguel Leal Vieira,,Small College Championship Cup
William Carey University,10038099,1000 Free,2,9:33.19,Braedan Jacobs,,NAIA National Championships
William Carey University,10038099,1000 Free,3,10:53.02,Carter Diecidue,,Small College Championship Cup
William Carey University,10038099,1650 Free,1,15:37.33,Miguel Leal Vieira,,Small College Championship Cup
William Carey University,10038099,1650 Free,2,15:52.93,Braedan Jacobs,,NAIA National Championships
William Carey University,10038099,1650 Free,3,18:06.04,Carter Diecidue,,Small College Championship Cup
William Carey University,10038099,200 Back,1,1:57.29,Hunter Boudreau,,William Carey vs. Loyola (LA)
William Carey University,10038099,200 Back,2,1:59.12,Yusuf Balaban,,Life vs. William Carey vs. Brenau
William Carey University,10038099,200 Back,3,2:07.55,Matthew Hughes,,Small College Championship Cup
William Carey University,10038099,200 Back,4,2:12.03,Carter Diecidue,,"Loyola vs. West Florida, William Carey"
William Carey University,10038099,200 Breast,1,1:56.59,Hunter Boudreau,,The Sun Conference Championships
William Carey University,10038099,200 Breast,2,2:07.14,Joshua Pratt,,The Sun Conference Championships
William Carey University,10038099,200 Breast,3,2:08.31,Yusuf Balaban,,William Carey vs. Thomas
William Carey University,10038099,200 Breast,4,2:09.19,Janos Szabo,,"Loyola vs. West Florida, William Carey"
William Carey University,10038099,200 Fly,1,1:46.32,Nedas Giedraitis,,NAIA National Championships
William Carey University,10038099,200 Fly,2,1:49.31,Yusuf Balaban,,The Sun Conference Championships
William Carey University,10038099,200 Fly,3,1:54.09,Miguel Leal Vieira,,William Carey vs. Loyola (LA)
William Carey University,10038099,200 Fly,4,2:08.31,Carter Diecidue,,The Sun Conference Championships
William Carey University,10038099,200 Free,1,1:37.11,Adam Salama,,The Sun Conference Championships
William Carey University,10038099,200 Free,2,1:40.13,Janos Szabo,,NAIA National Championships
William Carey University,10038099,200 Free,3,1:40.47,Braedan Jacobs,,NAIA National Championships
William Carey University,10038099,200 Free,4,1:43.16,Yusuf Balaban,,The Sun Conference Championships
William Carey University,10038099,200 Free,5,1:44.18,Miguel Leal Vieira,,DSU Holiday Invite
William Carey University,10038099,200 Free,6,1:44.92,Josiah Blankenship,,DSU Holiday Invite
William Carey University,10038099,200 Free,7,1:52.26,Carter Diecidue,,The Sun Conference Championships
William Carey University,10038099,200 Im,1,1:49.33,Yusuf Balaban,,The Sun Conference Championships
William Carey University,10038099,200 Im,2,1:52.11,Nedas Giedraitis,,Small College Championship Cup
William Carey University,10038099,200 Im,3,1:55.49,Hunter Boudreau,,The Sun Conference Championships
William Carey University,10038099,200 Im,4,2:02.40,Joshua Pratt,,The Sun Conference Championships
William Carey University,10038099,400 Im,1,3:56.91,Yusuf Balaban,,The Sun Conference Championships
William Carey University,10038099,50 Free,1,20.53,Adam Salama,,The Sun Conference Championships
William Carey University,10038099,50 Free,2,20.85,Blaise Boyd,,William Carey vs. Loyola (LA)
William Carey University,10038099,50 Free,3,21.27,Janos Szabo,,Small College Championship Cup
William Carey University,10038099,50 Free,4,21.48,Josiah Blankenship,,The Sun Conference Championships
William Carey University,10038099,50 Free,5,22.03,Nedas Giedraitis,,William Carey vs. Loyola (LA)
William Carey University,10038099,50 Free,6,22.06,Yusuf Balaban,,DSU Holiday Invite
William Carey University,10038099,50 Free,7,22.81,Matthew Hughes,,Small College Championship Cup
William Carey University,10038099,50 Free,8,23.61,Joshua Pratt,,Small College Championship Cup
William Carey University,10038099,50 Free,9,23.70,Hunter Boudreau,,"Loyola vs. West Florida, William Carey"
William Carey University,10038099,50 Free,10,24.22,Carter Diecidue,,DSU Holiday Invite
William Carey University,10038099,500 Free,1,4:31.06,Braedan Jacobs,,NAIA National Championships
William Carey University,10038099,500 Free,2,4:33.12,Miguel Leal Vieira,,NAIA National Championships
William Carey University,10038099,500 Free,3,4:44.32,Janos Szabo,,Small College Championship Cup
William Carey University,10038099,500 Free,4,4:49.39,Josiah Blankenship,,The Sun Conference Championships
William Carey University,10038099,500 Free,5,5:00.87,Carter Diecidue,,The Sun Conference Championships
